INSERT INTO supporting_projects(supporting_project_id, supported_at, delivery_id, payment_id, project_id, user_id) VALUES (1, (SELECT projects.start_date + INTERVAL 2 DAY FROM projects WHERE projects.id=1), 1, 1, 1, 32);
INSERT INTO orders (order_id, created_at, delivery_id, payment_id, supporting_project_id) VALUES (1, (SELECT projects.start_date + INTERVAL 2 DAY FROM projects WHERE projects.id=1), 1, 1, 1);
INSERT INTO supporting_packages(id, option_list, package_count, order_id, project_package_id, supporting_project_id) VALUES (1, '["기본"]', 4, 1, 1, 1);
INSERT INTO supporting_projects(supporting_project_id, supported_at, delivery_id, payment_id, project_id, user_id) VALUES (2, (SELECT projects.start_date + INTERVAL 9 DAY FROM projects WHERE projects.id=1), 2, 2, 1, 10);
INSERT INTO orders (order_id, created_at, delivery_id, payment_id, supporting_project_id) VALUES (2, (SELECT projects.start_date + INTERVAL 9 DAY FROM projects WHERE projects.id=1), 1, 2, 2);
INSERT INTO supporting_packages(id, option_list, package_count, order_id, project_package_id, supporting_project_id) VALUES (2, '["프리미엄"]', 9, 2, 1, 2);
INSERT INTO supporting_projects(supporting_project_id, supported_at, delivery_id, payment_id, project_id, user_id) VALUES (3, (SELECT projects.start_date + INTERVAL 32 DAY FROM projects WHERE projects.id=1), 3, 3, 1, 5);
INSERT INTO orders (order_id, created_at, delivery_id, payment_id, supporting_project_id) VALUES (3, (SELECT projects.start_date + INTERVAL 32 DAY FROM projects WHERE projects.id=1), 1, 3, 3);
INSERT INTO supporting_packages(id, option_list, package_count, order_id, project_package_id, supporting_project_id) VALUES (3, '["프리미엄"]', 6, 3, 1, 3);
INSERT INTO supporting_projects(supporting_project_id, supported_at, delivery_id, payment_id, project_id, user_id) VALUES (4, (SELECT projects.start_date + INTERVAL 43 DAY FROM projects WHERE projects.id=1), 4, 4, 1, 7);
INSERT INTO orders (order_id, created_at, delivery_id, payment_id, supporting_project_id) VALUES (4, (SELECT projects.start_date + INTERVAL 43 DAY FROM projects WHERE projects.id=1), 1, 4, 4);
INSERT INTO supporting_packages(id, option_list, package_count, order_id, project_package_id, supporting_project_id) VALUES (4, '["기본"]', 2, 4, 1, 4);
INSERT INTO supporting_projects(supporting_project_id, supported_at, delivery_id, payment_id, project_id, user_id) VALUES (5, (SELECT projects.start_date + INTERVAL 45 DAY FROM projects WHERE projects.id=1), 5, 5, 1, 20);
INSERT INTO orders (order_id, created_at, delivery_id, payment_id, supporting_project_id) VALUES (5, (SELECT projects.start_date + INTERVAL 45 DAY FROM projects WHERE projects.id=1), 1, 5, 5);
INSERT INTO supporting_packages(id, option_list, package_count, order_id, project_package_id, supporting_project_id) VALUES (5, '["프리미엄"]', 5, 5, 1, 5);
INSERT INTO supporting_projects(supporting_project_id, supported_at, delivery_id, payment_id, project_id, user_id) VALUES (6, (SELECT projects.start_date + INTERVAL 16 DAY FROM projects WHERE projects.id=1), 6, 6, 1, 2);
INSERT INTO orders (order_id, created_at, delivery_id, payment_id, supporting_project_id) VALUES (6, (SELECT projects.start_date + INTERVAL 16 DAY FROM projects WHERE projects.id=1), 1, 6, 6);
INSERT INTO supporting_packages(id, option_list, package_count, order_id, project_package_id, supporting_project_id) VALUES (6, '["프리미엄"]', 6, 6, 1, 6);
INSERT INTO supporting_projects(supporting_project_id, supported_at, delivery_id, payment_id, project_id, user_id) VALUES (7, (SELECT projects.start_date + INTERVAL 49 DAY FROM projects WHERE projects.id=1), 7, 7, 1, 36);
INSERT INTO orders (order_id, created_at, delivery_id, payment_id, supporting_project_id) VALUES (7, (SELECT projects.start_date + INTERVAL 49 DAY FROM projects WHERE projects.id=1), 1, 7, 7);
INSERT INTO supporting_packages(id, option_list, package_count, order_id, project_package_id, supporting_project_id) VALUES (7, '["프리미엄"]', 6, 7, 1, 7);
INSERT INTO supporting_projects(supporting_project_id, supported_at, delivery_id, payment_id, project_id, user_id) VALUES (8, (SELECT projects.start_date + INTERVAL 37 DAY FROM projects WHERE projects.id=1), 8, 8, 1, 33);
INSERT INTO orders (order_id, created_at, delivery_id, payment_id, supporting_project_id) VALUES (8, (SELECT projects.start_date + INTERVAL 37 DAY FROM projects WHERE projects.id=1), 1, 8, 8);
INSERT INTO supporting_packages(id, option_list, package_count, order_id, project_package_id, supporting_project_id) VALUES (8, '["프리미엄"]', 6, 8, 1, 8);
INSERT INTO supporting_projects(supporting_project_id, supported_at, delivery_id, payment_id, project_id, user_id) VALUES (9, (SELECT projects.start_date + INTERVAL 29 DAY FROM projects WHERE projects.id=1), 9, 9, 1, 21);
INSERT INTO orders (order_id, created_at, delivery_id, payment_id, supporting_project_id) VALUES (9, (SELECT projects.start_date + INTERVAL 29 DAY FROM projects WHERE projects.id=1), 1, 9, 9);
INSERT INTO supporting_packages(id, option_list, package_count, order_id, project_package_id, supporting_project_id) VALUES (9, '["프리미엄"]', 7, 9, 1, 9);
INSERT INTO supporting_projects(supporting_project_id, supported_at, delivery_id, payment_id, project_id, user_id) VALUES (10, (SELECT projects.start_date + INTERVAL 9 DAY FROM projects WHERE projects.id=1), 10, 10, 1, 20);
INSERT INTO orders (order_id, created_at, delivery_id, payment_id, supporting_project_id) VALUES (10, (SELECT projects.start_date + INTERVAL 9 DAY FROM projects WHERE projects.id=1), 1, 10, 10);
INSERT INTO supporting_packages(id, option_list, package_count, order_id, project_package_id, supporting_project_id) VALUES (10, '["기본"]', 4, 10, 1, 10);
INSERT INTO supporting_projects(supporting_project_id, supported_at, delivery_id, payment_id, project_id, user_id) VALUES (11, (SELECT projects.start_date + INTERVAL 49 DAY FROM projects WHERE projects.id=1), 11, 11, 1, 6);
INSERT INTO orders (order_id, created_at, delivery_id, payment_id, supporting_project_id) VALUES (11, (SELECT projects.start_date + INTERVAL 49 DAY FROM projects WHERE projects.id=1), 1, 11, 11);
INSERT INTO supporting_packages(id, option_list, package_count, order_id, project_package_id, supporting_project_id) VALUES (11, '["기본"]', 8, 11, 1, 11);
INSERT INTO supporting_projects(supporting_project_id, supported_at, delivery_id, payment_id, project_id, user_id) VALUES (12, (SELECT projects.start_date + INTERVAL 7 DAY FROM projects WHERE projects.id=1), 12, 12, 1, 39);
INSERT INTO orders (order_id, created_at, delivery_id, payment_id, supporting_project_id) VALUES (12, (SELECT projects.start_date + INTERVAL 7 DAY FROM projects WHERE projects.id=1), 1, 12, 12);
INSERT INTO supporting_packages(id, option_list, package_count, order_id, project_package_id, supporting_project_id) VALUES (12, '["프리미엄"]', 7, 12, 1, 12);
INSERT INTO supporting_projects(supporting_project_id, supported_at, delivery_id, payment_id, project_id, user_id) VALUES (13, (SELECT projects.start_date + INTERVAL 43 DAY FROM projects WHERE projects.id=1), 13, 13, 1, 17);
INSERT INTO orders (order_id, created_at, delivery_id, payment_id, supporting_project_id) VALUES (13, (SELECT projects.start_date + INTERVAL 43 DAY FROM projects WHERE projects.id=1), 1, 13, 13);
INSERT INTO supporting_packages(id, option_list, package_count, order_id, project_package_id, supporting_project_id) VALUES (13, '["기본"]', 6, 13, 1, 13);
INSERT INTO supporting_projects(supporting_project_id, supported_at, delivery_id, payment_id, project_id, user_id) VALUES (14, (SELECT projects.start_date + INTERVAL 27 DAY FROM projects WHERE projects.id=1), 14, 14, 1, 20);
INSERT INTO orders (order_id, created_at, delivery_id, payment_id, supporting_project_id) VALUES (14, (SELECT projects.start_date + INTERVAL 27 DAY FROM projects WHERE projects.id=1), 1, 14, 14);
INSERT INTO supporting_packages(id, option_list, package_count, order_id, project_package_id, supporting_project_id) VALUES (14, '["기본"]', 6, 14, 1, 14);
INSERT INTO supporting_projects(supporting_project_id, supported_at, delivery_id, payment_id, project_id, user_id) VALUES (15, (SELECT projects.start_date + INTERVAL 49 DAY FROM projects WHERE projects.id=1), 15, 15, 1, 3);
INSERT INTO orders (order_id, created_at, delivery_id, payment_id, supporting_project_id) VALUES (15, (SELECT projects.start_date + INTERVAL 49 DAY FROM projects WHERE projects.id=1), 1, 15, 15);
INSERT INTO supporting_packages(id, option_list, package_count, order_id, project_package_id, supporting_project_id) VALUES (15, '["기본"]', 5, 15, 1, 15);
INSERT INTO supporting_projects(supporting_project_id, supported_at, delivery_id, payment_id, project_id, user_id) VALUES (16, (SELECT projects.start_date + INTERVAL 30 DAY FROM projects WHERE projects.id=1), 16, 16, 1, 4);
INSERT INTO orders (order_id, created_at, delivery_id, payment_id, supporting_project_id) VALUES (16, (SELECT projects.start_date + INTERVAL 30 DAY FROM projects WHERE projects.id=1), 1, 16, 16);
INSERT INTO supporting_packages(id, option_list, package_count, order_id, project_package_id, supporting_project_id) VALUES (16, '["기본"]', 5, 16, 1, 16);
INSERT INTO supporting_projects(supporting_project_id, supported_at, delivery_id, payment_id, project_id, user_id) VALUES (17, (SELECT projects.start_date + INTERVAL 41 DAY FROM projects WHERE projects.id=1), 17, 17, 1, 5);
INSERT INTO orders (order_id, created_at, delivery_id, payment_id, supporting_project_id) VALUES (17, (SELECT projects.start_date + INTERVAL 41 DAY FROM projects WHERE projects.id=1), 1, 17, 17);
INSERT INTO supporting_packages(id, option_list, package_count, order_id, project_package_id, supporting_project_id) VALUES (17, '["프리미엄"]', 8, 17, 1, 17);
INSERT INTO supporting_projects(supporting_project_id, supported_at, delivery_id, payment_id, project_id, user_id) VALUES (18, (SELECT projects.start_date + INTERVAL 25 DAY FROM projects WHERE projects.id=1), 18, 18, 1, 12);
INSERT INTO orders (order_id, created_at, delivery_id, payment_id, supporting_project_id) VALUES (18, (SELECT projects.start_date + INTERVAL 25 DAY FROM projects WHERE projects.id=1), 1, 18, 18);
INSERT INTO supporting_packages(id, option_list, package_count, order_id, project_package_id, supporting_project_id) VALUES (18, '["프리미엄"]', 3, 18, 1, 18);
INSERT INTO supporting_projects(supporting_project_id, supported_at, delivery_id, payment_id, project_id, user_id) VALUES (19, (SELECT projects.start_date + INTERVAL 36 DAY FROM projects WHERE projects.id=1), 19, 19, 1, 25);
INSERT INTO orders (order_id, created_at, delivery_id, payment_id, supporting_project_id) VALUES (19, (SELECT projects.start_date + INTERVAL 36 DAY FROM projects WHERE projects.id=1), 1, 19, 19);
INSERT INTO supporting_packages(id, option_list, package_count, order_id, project_package_id, supporting_project_id) VALUES (19, '["기본"]', 7, 19, 1, 19);
INSERT INTO supporting_projects(supporting_project_id, supported_at, delivery_id, payment_id, project_id, user_id) VALUES (20, (SELECT projects.start_date + INTERVAL 13 DAY FROM projects WHERE projects.id=1), 20, 20, 1, 1);
INSERT INTO orders (order_id, created_at, delivery_id, payment_id, supporting_project_id) VALUES (20, (SELECT projects.start_date + INTERVAL 13 DAY FROM projects WHERE projects.id=1), 1, 20, 20);
INSERT INTO supporting_packages(id, option_list, package_count, order_id, project_package_id, supporting_project_id) VALUES (20, '["프리미엄"]', 10, 20, 1, 20);
INSERT INTO supporting_projects(supporting_project_id, supported_at, delivery_id, payment_id, project_id, user_id) VALUES (21, (SELECT projects.start_date + INTERVAL 48 DAY FROM projects WHERE projects.id=1), 21, 21, 1, 37);
INSERT INTO orders (order_id, created_at, delivery_id, payment_id, supporting_project_id) VALUES (21, (SELECT projects.start_date + INTERVAL 48 DAY FROM projects WHERE projects.id=1), 1, 21, 21);
INSERT INTO supporting_packages(id, option_list, package_count, order_id, project_package_id, supporting_project_id) VALUES (21, '["기본"]', 2, 21, 1, 21);
INSERT INTO supporting_projects(supporting_project_id, supported_at, delivery_id, payment_id, project_id, user_id) VALUES (22, (SELECT projects.start_date + INTERVAL 1 DAY FROM projects WHERE projects.id=1), 22, 22, 1, 19);
INSERT INTO orders (order_id, created_at, delivery_id, payment_id, supporting_project_id) VALUES (22, (SELECT projects.start_date + INTERVAL 1 DAY FROM projects WHERE projects.id=1), 1, 22, 22);
INSERT INTO supporting_packages(id, option_list, package_count, order_id, project_package_id, supporting_project_id) VALUES (22, '["프리미엄"]', 4, 22, 1, 22);
INSERT INTO supporting_projects(supporting_project_id, supported_at, delivery_id, payment_id, project_id, user_id) VALUES (23, (SELECT projects.start_date + INTERVAL 25 DAY FROM projects WHERE projects.id=1), 23, 23, 1, 7);
INSERT INTO orders (order_id, created_at, delivery_id, payment_id, supporting_project_id) VALUES (23, (SELECT projects.start_date + INTERVAL 25 DAY FROM projects WHERE projects.id=1), 1, 23, 23);
INSERT INTO supporting_packages(id, option_list, package_count, order_id, project_package_id, supporting_project_id) VALUES (23, '["기본"]', 2, 23, 1, 23);
INSERT INTO supporting_projects(supporting_project_id, supported_at, delivery_id, payment_id, project_id, user_id) VALUES (24, (SELECT projects.start_date + INTERVAL 1 DAY FROM projects WHERE projects.id=1), 24, 24, 1, 5);
INSERT INTO orders (order_id, created_at, delivery_id, payment_id, supporting_project_id) VALUES (24, (SELECT projects.start_date + INTERVAL 1 DAY FROM projects WHERE projects.id=1), 1, 24, 24);
INSERT INTO supporting_packages(id, option_list, package_count, order_id, project_package_id, supporting_project_id) VALUES (24, '["프리미엄"]', 7, 24, 1, 24);
INSERT INTO supporting_projects(supporting_project_id, supported_at, delivery_id, payment_id, project_id, user_id) VALUES (25, (SELECT projects.start_date + INTERVAL 7 DAY FROM projects WHERE projects.id=1), 25, 25, 1, 15);
INSERT INTO orders (order_id, created_at, delivery_id, payment_id, supporting_project_id) VALUES (25, (SELECT projects.start_date + INTERVAL 7 DAY FROM projects WHERE projects.id=1), 1, 25, 25);
INSERT INTO supporting_packages(id, option_list, package_count, order_id, project_package_id, supporting_project_id) VALUES (25, '["프리미엄"]', 7, 25, 1, 25);
INSERT INTO supporting_projects(supporting_project_id, supported_at, delivery_id, payment_id, project_id, user_id) VALUES (26, (SELECT projects.start_date + INTERVAL 45 DAY FROM projects WHERE projects.id=1), 26, 26, 1, 36);
INSERT INTO orders (order_id, created_at, delivery_id, payment_id, supporting_project_id) VALUES (26, (SELECT projects.start_date + INTERVAL 45 DAY FROM projects WHERE projects.id=1), 1, 26, 26);
INSERT INTO supporting_packages(id, option_list, package_count, order_id, project_package_id, supporting_project_id) VALUES (26, '["기본"]', 5, 26, 1, 26);
INSERT INTO supporting_projects(supporting_project_id, supported_at, delivery_id, payment_id, project_id, user_id) VALUES (27, (SELECT projects.start_date + INTERVAL 16 DAY FROM projects WHERE projects.id=1), 27, 27, 1, 21);
INSERT INTO orders (order_id, created_at, delivery_id, payment_id, supporting_project_id) VALUES (27, (SELECT projects.start_date + INTERVAL 16 DAY FROM projects WHERE projects.id=1), 1, 27, 27);
INSERT INTO supporting_packages(id, option_list, package_count, order_id, project_package_id, supporting_project_id) VALUES (27, '["프리미엄"]', 4, 27, 1, 27);
INSERT INTO supporting_projects(supporting_project_id, supported_at, delivery_id, payment_id, project_id, user_id) VALUES (28, (SELECT projects.start_date + INTERVAL 32 DAY FROM projects WHERE projects.id=1), 28, 28, 1, 35);
INSERT INTO orders (order_id, created_at, delivery_id, payment_id, supporting_project_id) VALUES (28, (SELECT projects.start_date + INTERVAL 32 DAY FROM projects WHERE projects.id=1), 1, 28, 28);
INSERT INTO supporting_packages(id, option_list, package_count, order_id, project_package_id, supporting_project_id) VALUES (28, '["기본"]', 8, 28, 1, 28);
INSERT INTO supporting_projects(supporting_project_id, supported_at, delivery_id, payment_id, project_id, user_id) VALUES (29, (SELECT projects.start_date + INTERVAL 25 DAY FROM projects WHERE projects.id=1), 29, 29, 1, 6);
INSERT INTO orders (order_id, created_at, delivery_id, payment_id, supporting_project_id) VALUES (29, (SELECT projects.start_date + INTERVAL 25 DAY FROM projects WHERE projects.id=1), 1, 29, 29);
INSERT INTO supporting_packages(id, option_list, package_count, order_id, project_package_id, supporting_project_id) VALUES (29, '["기본"]', 7, 29, 1, 29);
INSERT INTO supporting_projects(supporting_project_id, supported_at, delivery_id, payment_id, project_id, user_id) VALUES (30, (SELECT projects.start_date + INTERVAL 15 DAY FROM projects WHERE projects.id=1), 30, 30, 1, 7);
INSERT INTO orders (order_id, created_at, delivery_id, payment_id, supporting_project_id) VALUES (30, (SELECT projects.start_date + INTERVAL 15 DAY FROM projects WHERE projects.id=1), 1, 30, 30);
INSERT INTO supporting_packages(id, option_list, package_count, order_id, project_package_id, supporting_project_id) VALUES (30, '["프리미엄"]', 10, 30, 1, 30);
INSERT INTO supporting_projects(supporting_project_id, supported_at, delivery_id, payment_id, project_id, user_id) VALUES (31, (SELECT projects.start_date + INTERVAL 2 DAY FROM projects WHERE projects.id=1), 31, 31, 1, 31);
INSERT INTO orders (order_id, created_at, delivery_id, payment_id, supporting_project_id) VALUES (31, (SELECT projects.start_date + INTERVAL 2 DAY FROM projects WHERE projects.id=1), 1, 31, 31);
INSERT INTO supporting_packages(id, option_list, package_count, order_id, project_package_id, supporting_project_id) VALUES (31, '["기본"]', 6, 31, 1, 31);
INSERT INTO supporting_projects(supporting_project_id, supported_at, delivery_id, payment_id, project_id, user_id) VALUES (32, (SELECT projects.start_date + INTERVAL 38 DAY FROM projects WHERE projects.id=1), 32, 32, 1, 12);
INSERT INTO orders (order_id, created_at, delivery_id, payment_id, supporting_project_id) VALUES (32, (SELECT projects.start_date + INTERVAL 38 DAY FROM projects WHERE projects.id=1), 1, 32, 32);
INSERT INTO supporting_packages(id, option_list, package_count, order_id, project_package_id, supporting_project_id) VALUES (32, '["기본"]', 1, 32, 1, 32);
INSERT INTO supporting_projects(supporting_project_id, supported_at, delivery_id, payment_id, project_id, user_id) VALUES (33, (SELECT projects.start_date + INTERVAL 27 DAY FROM projects WHERE projects.id=1), 33, 33, 1, 8);
INSERT INTO orders (order_id, created_at, delivery_id, payment_id, supporting_project_id) VALUES (33, (SELECT projects.start_date + INTERVAL 27 DAY FROM projects WHERE projects.id=1), 1, 33, 33);
INSERT INTO supporting_packages(id, option_list, package_count, order_id, project_package_id, supporting_project_id) VALUES (33, '["기본"]', 8, 33, 1, 33);
INSERT INTO supporting_projects(supporting_project_id, supported_at, delivery_id, payment_id, project_id, user_id) VALUES (34, (SELECT projects.start_date + INTERVAL 27 DAY FROM projects WHERE projects.id=1), 34, 34, 1, 14);
INSERT INTO orders (order_id, created_at, delivery_id, payment_id, supporting_project_id) VALUES (34, (SELECT projects.start_date + INTERVAL 27 DAY FROM projects WHERE projects.id=1), 1, 34, 34);
INSERT INTO supporting_packages(id, option_list, package_count, order_id, project_package_id, supporting_project_id) VALUES (34, '["기본"]', 7, 34, 1, 34);
INSERT INTO supporting_projects(supporting_project_id, supported_at, delivery_id, payment_id, project_id, user_id) VALUES (35, (SELECT projects.start_date + INTERVAL 24 DAY FROM projects WHERE projects.id=1), 35, 35, 1, 18);
INSERT INTO orders (order_id, created_at, delivery_id, payment_id, supporting_project_id) VALUES (35, (SELECT projects.start_date + INTERVAL 24 DAY FROM projects WHERE projects.id=1), 1, 35, 35);
INSERT INTO supporting_packages(id, option_list, package_count, order_id, project_package_id, supporting_project_id) VALUES (35, '["프리미엄"]', 3, 35, 1, 35);
INSERT INTO supporting_projects(supporting_project_id, supported_at, delivery_id, payment_id, project_id, user_id) VALUES (36, (SELECT projects.start_date + INTERVAL 36 DAY FROM projects WHERE projects.id=1), 36, 36, 1, 3);
INSERT INTO orders (order_id, created_at, delivery_id, payment_id, supporting_project_id) VALUES (36, (SELECT projects.start_date + INTERVAL 36 DAY FROM projects WHERE projects.id=1), 1, 36, 36);
INSERT INTO supporting_packages(id, option_list, package_count, order_id, project_package_id, supporting_project_id) VALUES (36, '["프리미엄"]', 4, 36, 1, 36);
INSERT INTO supporting_projects(supporting_project_id, supported_at, delivery_id, payment_id, project_id, user_id) VALUES (37, (SELECT projects.start_date + INTERVAL 32 DAY FROM projects WHERE projects.id=1), 37, 37, 1, 2);
INSERT INTO orders (order_id, created_at, delivery_id, payment_id, supporting_project_id) VALUES (37, (SELECT projects.start_date + INTERVAL 32 DAY FROM projects WHERE projects.id=1), 1, 37, 37);
INSERT INTO supporting_packages(id, option_list, package_count, order_id, project_package_id, supporting_project_id) VALUES (37, '["기본"]', 7, 37, 1, 37);
INSERT INTO supporting_projects(supporting_project_id, supported_at, delivery_id, payment_id, project_id, user_id) VALUES (38, (SELECT projects.start_date + INTERVAL 36 DAY FROM projects WHERE projects.id=1), 38, 38, 1, 17);
INSERT INTO orders (order_id, created_at, delivery_id, payment_id, supporting_project_id) VALUES (38, (SELECT projects.start_date + INTERVAL 36 DAY FROM projects WHERE projects.id=1), 1, 38, 38);
INSERT INTO supporting_packages(id, option_list, package_count, order_id, project_package_id, supporting_project_id) VALUES (38, '["기본"]', 1, 38, 1, 38);
INSERT INTO supporting_projects(supporting_project_id, supported_at, delivery_id, payment_id, project_id, user_id) VALUES (39, (SELECT projects.start_date + INTERVAL 20 DAY FROM projects WHERE projects.id=1), 39, 39, 1, 24);
INSERT INTO orders (order_id, created_at, delivery_id, payment_id, supporting_project_id) VALUES (39, (SELECT projects.start_date + INTERVAL 20 DAY FROM projects WHERE projects.id=1), 1, 39, 39);
INSERT INTO supporting_packages(id, option_list, package_count, order_id, project_package_id, supporting_project_id) VALUES (39, '["프리미엄"]', 10, 39, 1, 39);
INSERT INTO supporting_projects(supporting_project_id, supported_at, delivery_id, payment_id, project_id, user_id) VALUES (40, (SELECT projects.start_date + INTERVAL 45 DAY FROM projects WHERE projects.id=1), 40, 40, 1, 12);
INSERT INTO orders (order_id, created_at, delivery_id, payment_id, supporting_project_id) VALUES (40, (SELECT projects.start_date + INTERVAL 45 DAY FROM projects WHERE projects.id=1), 1, 40, 40);
INSERT INTO supporting_packages(id, option_list, package_count, order_id, project_package_id, supporting_project_id) VALUES (40, '["기본"]', 7, 40, 1, 40);
INSERT INTO supporting_projects(supporting_project_id, supported_at, delivery_id, payment_id, project_id, user_id) VALUES (41, (SELECT projects.start_date + INTERVAL 50 DAY FROM projects WHERE projects.id=1), 41, 41, 1, 40);
INSERT INTO orders (order_id, created_at, delivery_id, payment_id, supporting_project_id) VALUES (41, (SELECT projects.start_date + INTERVAL 50 DAY FROM projects WHERE projects.id=1), 1, 41, 41);
INSERT INTO supporting_packages(id, option_list, package_count, order_id, project_package_id, supporting_project_id) VALUES (41, '["프리미엄"]', 3, 41, 1, 41);
INSERT INTO supporting_projects(supporting_project_id, supported_at, delivery_id, payment_id, project_id, user_id) VALUES (42, (SELECT projects.start_date + INTERVAL 32 DAY FROM projects WHERE projects.id=1), 42, 42, 1, 14);
INSERT INTO orders (order_id, created_at, delivery_id, payment_id, supporting_project_id) VALUES (42, (SELECT projects.start_date + INTERVAL 32 DAY FROM projects WHERE projects.id=1), 1, 42, 42);
INSERT INTO supporting_packages(id, option_list, package_count, order_id, project_package_id, supporting_project_id) VALUES (42, '["기본"]', 1, 42, 1, 42);
INSERT INTO supporting_projects(supporting_project_id, supported_at, delivery_id, payment_id, project_id, user_id) VALUES (43, (SELECT projects.start_date + INTERVAL 46 DAY FROM projects WHERE projects.id=1), 43, 43, 1, 39);
INSERT INTO orders (order_id, created_at, delivery_id, payment_id, supporting_project_id) VALUES (43, (SELECT projects.start_date + INTERVAL 46 DAY FROM projects WHERE projects.id=1), 1, 43, 43);
INSERT INTO supporting_packages(id, option_list, package_count, order_id, project_package_id, supporting_project_id) VALUES (43, '["기본"]', 1, 43, 1, 43);
INSERT INTO supporting_projects(supporting_project_id, supported_at, delivery_id, payment_id, project_id, user_id) VALUES (44, (SELECT projects.start_date + INTERVAL 24 DAY FROM projects WHERE projects.id=1), 44, 44, 1, 14);
INSERT INTO orders (order_id, created_at, delivery_id, payment_id, supporting_project_id) VALUES (44, (SELECT projects.start_date + INTERVAL 24 DAY FROM projects WHERE projects.id=1), 1, 44, 44);
INSERT INTO supporting_packages(id, option_list, package_count, order_id, project_package_id, supporting_project_id) VALUES (44, '["기본"]', 2, 44, 1, 44);
INSERT INTO supporting_projects(supporting_project_id, supported_at, delivery_id, payment_id, project_id, user_id) VALUES (45, (SELECT projects.start_date + INTERVAL 40 DAY FROM projects WHERE projects.id=1), 45, 45, 1, 32);
INSERT INTO orders (order_id, created_at, delivery_id, payment_id, supporting_project_id) VALUES (45, (SELECT projects.start_date + INTERVAL 40 DAY FROM projects WHERE projects.id=1), 1, 45, 45);
INSERT INTO supporting_packages(id, option_list, package_count, order_id, project_package_id, supporting_project_id) VALUES (45, '["기본"]', 7, 45, 1, 45);
INSERT INTO supporting_projects(supporting_project_id, supported_at, delivery_id, payment_id, project_id, user_id) VALUES (46, (SELECT projects.start_date + INTERVAL 14 DAY FROM projects WHERE projects.id=1), 46, 46, 1, 32);
INSERT INTO orders (order_id, created_at, delivery_id, payment_id, supporting_project_id) VALUES (46, (SELECT projects.start_date + INTERVAL 14 DAY FROM projects WHERE projects.id=1), 1, 46, 46);
INSERT INTO supporting_packages(id, option_list, package_count, order_id, project_package_id, supporting_project_id) VALUES (46, '["기본"]', 9, 46, 1, 46);
INSERT INTO supporting_projects(supporting_project_id, supported_at, delivery_id, payment_id, project_id, user_id) VALUES (47, (SELECT projects.start_date + INTERVAL 18 DAY FROM projects WHERE projects.id=1), 47, 47, 1, 29);
INSERT INTO orders (order_id, created_at, delivery_id, payment_id, supporting_project_id) VALUES (47, (SELECT projects.start_date + INTERVAL 18 DAY FROM projects WHERE projects.id=1), 1, 47, 47);
INSERT INTO supporting_packages(id, option_list, package_count, order_id, project_package_id, supporting_project_id) VALUES (47, '["프리미엄"]', 8, 47, 1, 47);
INSERT INTO supporting_projects(supporting_project_id, supported_at, delivery_id, payment_id, project_id, user_id) VALUES (48, (SELECT projects.start_date + INTERVAL 33 DAY FROM projects WHERE projects.id=1), 48, 48, 1, 5);
INSERT INTO orders (order_id, created_at, delivery_id, payment_id, supporting_project_id) VALUES (48, (SELECT projects.start_date + INTERVAL 33 DAY FROM projects WHERE projects.id=1), 1, 48, 48);
INSERT INTO supporting_packages(id, option_list, package_count, order_id, project_package_id, supporting_project_id) VALUES (48, '["프리미엄"]', 5, 48, 1, 48);
INSERT INTO supporting_projects(supporting_project_id, supported_at, delivery_id, payment_id, project_id, user_id) VALUES (49, (SELECT projects.start_date + INTERVAL 25 DAY FROM projects WHERE projects.id=1), 49, 49, 1, 38);
INSERT INTO orders (order_id, created_at, delivery_id, payment_id, supporting_project_id) VALUES (49, (SELECT projects.start_date + INTERVAL 25 DAY FROM projects WHERE projects.id=1), 1, 49, 49);
INSERT INTO supporting_packages(id, option_list, package_count, order_id, project_package_id, supporting_project_id) VALUES (49, '["프리미엄"]', 4, 49, 1, 49);
INSERT INTO supporting_projects(supporting_project_id, supported_at, delivery_id, payment_id, project_id, user_id) VALUES (50, (SELECT projects.start_date + INTERVAL 9 DAY FROM projects WHERE projects.id=1), 50, 50, 1, 11);
INSERT INTO orders (order_id, created_at, delivery_id, payment_id, supporting_project_id) VALUES (50, (SELECT projects.start_date + INTERVAL 9 DAY FROM projects WHERE projects.id=1), 1, 50, 50);
INSERT INTO supporting_packages(id, option_list, package_count, order_id, project_package_id, supporting_project_id) VALUES (50, '["프리미엄"]', 9, 50, 1, 50);
INSERT INTO supporting_projects(supporting_project_id, supported_at, delivery_id, payment_id, project_id, user_id) VALUES (51, (SELECT projects.start_date + INTERVAL 34 DAY FROM projects WHERE projects.id=1), 51, 51, 1, 18);
INSERT INTO orders (order_id, created_at, delivery_id, payment_id, supporting_project_id) VALUES (51, (SELECT projects.start_date + INTERVAL 34 DAY FROM projects WHERE projects.id=1), 1, 51, 51);
INSERT INTO supporting_packages(id, option_list, package_count, order_id, project_package_id, supporting_project_id) VALUES (51, '["프리미엄"]', 5, 51, 1, 51);
INSERT INTO supporting_projects(supporting_project_id, supported_at, delivery_id, payment_id, project_id, user_id) VALUES (52, (SELECT projects.start_date + INTERVAL 24 DAY FROM projects WHERE projects.id=1), 52, 52, 1, 18);
INSERT INTO orders (order_id, created_at, delivery_id, payment_id, supporting_project_id) VALUES (52, (SELECT projects.start_date + INTERVAL 24 DAY FROM projects WHERE projects.id=1), 1, 52, 52);
INSERT INTO supporting_packages(id, option_list, package_count, order_id, project_package_id, supporting_project_id) VALUES (52, '["프리미엄"]', 5, 52, 1, 52);
INSERT INTO supporting_projects(supporting_project_id, supported_at, delivery_id, payment_id, project_id, user_id) VALUES (53, (SELECT projects.start_date + INTERVAL 19 DAY FROM projects WHERE projects.id=1), 53, 53, 1, 28);
INSERT INTO orders (order_id, created_at, delivery_id, payment_id, supporting_project_id) VALUES (53, (SELECT projects.start_date + INTERVAL 19 DAY FROM projects WHERE projects.id=1), 1, 53, 53);
INSERT INTO supporting_packages(id, option_list, package_count, order_id, project_package_id, supporting_project_id) VALUES (53, '["기본"]', 5, 53, 1, 53);
INSERT INTO supporting_projects(supporting_project_id, supported_at, delivery_id, payment_id, project_id, user_id) VALUES (54, (SELECT projects.start_date + INTERVAL 25 DAY FROM projects WHERE projects.id=1), 54, 54, 1, 36);
INSERT INTO orders (order_id, created_at, delivery_id, payment_id, supporting_project_id) VALUES (54, (SELECT projects.start_date + INTERVAL 25 DAY FROM projects WHERE projects.id=1), 1, 54, 54);
INSERT INTO supporting_packages(id, option_list, package_count, order_id, project_package_id, supporting_project_id) VALUES (54, '["기본"]', 9, 54, 1, 54);
INSERT INTO supporting_projects(supporting_project_id, supported_at, delivery_id, payment_id, project_id, user_id) VALUES (55, (SELECT projects.start_date + INTERVAL 30 DAY FROM projects WHERE projects.id=1), 55, 55, 1, 8);
INSERT INTO orders (order_id, created_at, delivery_id, payment_id, supporting_project_id) VALUES (55, (SELECT projects.start_date + INTERVAL 30 DAY FROM projects WHERE projects.id=1), 1, 55, 55);
INSERT INTO supporting_packages(id, option_list, package_count, order_id, project_package_id, supporting_project_id) VALUES (55, '["기본"]', 8, 55, 1, 55);
INSERT INTO supporting_projects(supporting_project_id, supported_at, delivery_id, payment_id, project_id, user_id) VALUES (56, (SELECT projects.start_date + INTERVAL 26 DAY FROM projects WHERE projects.id=3), 56, 56, 3, 14);
INSERT INTO orders (order_id, created_at, delivery_id, payment_id, supporting_project_id) VALUES (56, (SELECT projects.start_date + INTERVAL 26 DAY FROM projects WHERE projects.id=3), 1, 56, 56);
INSERT INTO supporting_packages(id, option_list, package_count, order_id, project_package_id, supporting_project_id) VALUES (56, '["트렌드 분석 보고서"]', 6, 56, 3, 56);
INSERT INTO supporting_projects(supporting_project_id, supported_at, delivery_id, payment_id, project_id, user_id) VALUES (57, (SELECT projects.start_date + INTERVAL 2 DAY FROM projects WHERE projects.id=3), 57, 57, 3, 6);
INSERT INTO orders (order_id, created_at, delivery_id, payment_id, supporting_project_id) VALUES (57, (SELECT projects.start_date + INTERVAL 2 DAY FROM projects WHERE projects.id=3), 1, 57, 57);
INSERT INTO supporting_packages(id, option_list, package_count, order_id, project_package_id, supporting_project_id) VALUES (57, '["개인 컨설팅"]', 4, 57, 3, 57);
INSERT INTO supporting_projects(supporting_project_id, supported_at, delivery_id, payment_id, project_id, user_id) VALUES (58, (SELECT projects.start_date + INTERVAL 6 DAY FROM projects WHERE projects.id=4), 58, 58, 4, 25);
INSERT INTO orders (order_id, created_at, delivery_id, payment_id, supporting_project_id) VALUES (58, (SELECT projects.start_date + INTERVAL 6 DAY FROM projects WHERE projects.id=4), 1, 58, 58);
INSERT INTO supporting_packages(id, option_list, package_count, order_id, project_package_id, supporting_project_id) VALUES (58, '["스펀지 세트"]', 7, 58, 4, 58);
INSERT INTO supporting_projects(supporting_project_id, supported_at, delivery_id, payment_id, project_id, user_id) VALUES (59, (SELECT projects.start_date + INTERVAL 2 DAY FROM projects WHERE projects.id=4), 59, 59, 4, 21);
INSERT INTO orders (order_id, created_at, delivery_id, payment_id, supporting_project_id) VALUES (59, (SELECT projects.start_date + INTERVAL 2 DAY FROM projects WHERE projects.id=4), 1, 59, 59);
INSERT INTO supporting_packages(id, option_list, package_count, order_id, project_package_id, supporting_project_id) VALUES (59, '["브러시 세트"]', 9, 59, 4, 59);
INSERT INTO supporting_projects(supporting_project_id, supported_at, delivery_id, payment_id, project_id, user_id) VALUES (60, (SELECT projects.start_date + INTERVAL 45 DAY FROM projects WHERE projects.id=4), 60, 60, 4, 26);
INSERT INTO orders (order_id, created_at, delivery_id, payment_id, supporting_project_id) VALUES (60, (SELECT projects.start_date + INTERVAL 45 DAY FROM projects WHERE projects.id=4), 1, 60, 60);
INSERT INTO supporting_packages(id, option_list, package_count, order_id, project_package_id, supporting_project_id) VALUES (60, '["스펀지 세트"]', 1, 60, 4, 60);
INSERT INTO supporting_projects(supporting_project_id, supported_at, delivery_id, payment_id, project_id, user_id) VALUES (61, (SELECT projects.start_date + INTERVAL 5 DAY FROM projects WHERE projects.id=4), 61, 61, 4, 28);
INSERT INTO orders (order_id, created_at, delivery_id, payment_id, supporting_project_id) VALUES (61, (SELECT projects.start_date + INTERVAL 5 DAY FROM projects WHERE projects.id=4), 1, 61, 61);
INSERT INTO supporting_packages(id, option_list, package_count, order_id, project_package_id, supporting_project_id) VALUES (61, '["스펀지 세트"]', 9, 61, 4, 61);
INSERT INTO supporting_projects(supporting_project_id, supported_at, delivery_id, payment_id, project_id, user_id) VALUES (62, (SELECT projects.start_date + INTERVAL 43 DAY FROM projects WHERE projects.id=4), 62, 62, 4, 21);
INSERT INTO orders (order_id, created_at, delivery_id, payment_id, supporting_project_id) VALUES (62, (SELECT projects.start_date + INTERVAL 43 DAY FROM projects WHERE projects.id=4), 1, 62, 62);
INSERT INTO supporting_packages(id, option_list, package_count, order_id, project_package_id, supporting_project_id) VALUES (62, '["브러시 세트"]', 6, 62, 4, 62);
INSERT INTO supporting_projects(supporting_project_id, supported_at, delivery_id, payment_id, project_id, user_id) VALUES (63, (SELECT projects.start_date + INTERVAL 24 DAY FROM projects WHERE projects.id=4), 63, 63, 4, 6);
INSERT INTO orders (order_id, created_at, delivery_id, payment_id, supporting_project_id) VALUES (63, (SELECT projects.start_date + INTERVAL 24 DAY FROM projects WHERE projects.id=4), 1, 63, 63);
INSERT INTO supporting_packages(id, option_list, package_count, order_id, project_package_id, supporting_project_id) VALUES (63, '["브러시 세트"]', 2, 63, 4, 63);
INSERT INTO supporting_projects(supporting_project_id, supported_at, delivery_id, payment_id, project_id, user_id) VALUES (64, (SELECT projects.start_date + INTERVAL 22 DAY FROM projects WHERE projects.id=4), 64, 64, 4, 23);
INSERT INTO orders (order_id, created_at, delivery_id, payment_id, supporting_project_id) VALUES (64, (SELECT projects.start_date + INTERVAL 22 DAY FROM projects WHERE projects.id=4), 1, 64, 64);
INSERT INTO supporting_packages(id, option_list, package_count, order_id, project_package_id, supporting_project_id) VALUES (64, '["스펀지 세트"]', 4, 64, 4, 64);
INSERT INTO supporting_projects(supporting_project_id, supported_at, delivery_id, payment_id, project_id, user_id) VALUES (65, (SELECT projects.start_date + INTERVAL 10 DAY FROM projects WHERE projects.id=4), 65, 65, 4, 33);
INSERT INTO orders (order_id, created_at, delivery_id, payment_id, supporting_project_id) VALUES (65, (SELECT projects.start_date + INTERVAL 10 DAY FROM projects WHERE projects.id=4), 1, 65, 65);
INSERT INTO supporting_packages(id, option_list, package_count, order_id, project_package_id, supporting_project_id) VALUES (65, '["브러시 세트"]', 8, 65, 4, 65);
INSERT INTO supporting_projects(supporting_project_id, supported_at, delivery_id, payment_id, project_id, user_id) VALUES (66, (SELECT projects.start_date + INTERVAL 50 DAY FROM projects WHERE projects.id=4), 66, 66, 4, 30);
INSERT INTO orders (order_id, created_at, delivery_id, payment_id, supporting_project_id) VALUES (66, (SELECT projects.start_date + INTERVAL 50 DAY FROM projects WHERE projects.id=4), 1, 66, 66);
INSERT INTO supporting_packages(id, option_list, package_count, order_id, project_package_id, supporting_project_id) VALUES (66, '["스펀지 세트"]', 9, 66, 4, 66);
INSERT INTO supporting_projects(supporting_project_id, supported_at, delivery_id, payment_id, project_id, user_id) VALUES (67, (SELECT projects.start_date + INTERVAL 38 DAY FROM projects WHERE projects.id=4), 67, 67, 4, 14);
INSERT INTO orders (order_id, created_at, delivery_id, payment_id, supporting_project_id) VALUES (67, (SELECT projects.start_date + INTERVAL 38 DAY FROM projects WHERE projects.id=4), 1, 67, 67);
INSERT INTO supporting_packages(id, option_list, package_count, order_id, project_package_id, supporting_project_id) VALUES (67, '["브러시 세트"]', 8, 67, 4, 67);
INSERT INTO supporting_projects(supporting_project_id, supported_at, delivery_id, payment_id, project_id, user_id) VALUES (68, (SELECT projects.start_date + INTERVAL 16 DAY FROM projects WHERE projects.id=4), 68, 68, 4, 33);
INSERT INTO orders (order_id, created_at, delivery_id, payment_id, supporting_project_id) VALUES (68, (SELECT projects.start_date + INTERVAL 16 DAY FROM projects WHERE projects.id=4), 1, 68, 68);
INSERT INTO supporting_packages(id, option_list, package_count, order_id, project_package_id, supporting_project_id) VALUES (68, '["브러시 세트"]', 3, 68, 4, 68);
INSERT INTO supporting_projects(supporting_project_id, supported_at, delivery_id, payment_id, project_id, user_id) VALUES (69, (SELECT projects.start_date + INTERVAL 3 DAY FROM projects WHERE projects.id=4), 69, 69, 4, 15);
INSERT INTO orders (order_id, created_at, delivery_id, payment_id, supporting_project_id) VALUES (69, (SELECT projects.start_date + INTERVAL 3 DAY FROM projects WHERE projects.id=4), 1, 69, 69);
INSERT INTO supporting_packages(id, option_list, package_count, order_id, project_package_id, supporting_project_id) VALUES (69, '["브러시 세트"]', 10, 69, 4, 69);
INSERT INTO supporting_projects(supporting_project_id, supported_at, delivery_id, payment_id, project_id, user_id) VALUES (70, (SELECT projects.start_date + INTERVAL 8 DAY FROM projects WHERE projects.id=4), 70, 70, 4, 20);
INSERT INTO orders (order_id, created_at, delivery_id, payment_id, supporting_project_id) VALUES (70, (SELECT projects.start_date + INTERVAL 8 DAY FROM projects WHERE projects.id=4), 1, 70, 70);
INSERT INTO supporting_packages(id, option_list, package_count, order_id, project_package_id, supporting_project_id) VALUES (70, '["스펀지 세트"]', 6, 70, 4, 70);
INSERT INTO supporting_projects(supporting_project_id, supported_at, delivery_id, payment_id, project_id, user_id) VALUES (71, (SELECT projects.start_date + INTERVAL 10 DAY FROM projects WHERE projects.id=4), 71, 71, 4, 35);
INSERT INTO orders (order_id, created_at, delivery_id, payment_id, supporting_project_id) VALUES (71, (SELECT projects.start_date + INTERVAL 10 DAY FROM projects WHERE projects.id=4), 1, 71, 71);
INSERT INTO supporting_packages(id, option_list, package_count, order_id, project_package_id, supporting_project_id) VALUES (71, '["스펀지 세트"]', 5, 71, 4, 71);
INSERT INTO supporting_projects(supporting_project_id, supported_at, delivery_id, payment_id, project_id, user_id) VALUES (72, (SELECT projects.start_date + INTERVAL 49 DAY FROM projects WHERE projects.id=4), 72, 72, 4, 28);
INSERT INTO orders (order_id, created_at, delivery_id, payment_id, supporting_project_id) VALUES (72, (SELECT projects.start_date + INTERVAL 49 DAY FROM projects WHERE projects.id=4), 1, 72, 72);
INSERT INTO supporting_packages(id, option_list, package_count, order_id, project_package_id, supporting_project_id) VALUES (72, '["스펀지 세트"]', 5, 72, 4, 72);
INSERT INTO supporting_projects(supporting_project_id, supported_at, delivery_id, payment_id, project_id, user_id) VALUES (73, (SELECT projects.start_date + INTERVAL 43 DAY FROM projects WHERE projects.id=4), 73, 73, 4, 37);
INSERT INTO orders (order_id, created_at, delivery_id, payment_id, supporting_project_id) VALUES (73, (SELECT projects.start_date + INTERVAL 43 DAY FROM projects WHERE projects.id=4), 1, 73, 73);
INSERT INTO supporting_packages(id, option_list, package_count, order_id, project_package_id, supporting_project_id) VALUES (73, '["브러시 세트"]', 8, 73, 4, 73);
INSERT INTO supporting_projects(supporting_project_id, supported_at, delivery_id, payment_id, project_id, user_id) VALUES (74, (SELECT projects.start_date + INTERVAL 40 DAY FROM projects WHERE projects.id=4), 74, 74, 4, 40);
INSERT INTO orders (order_id, created_at, delivery_id, payment_id, supporting_project_id) VALUES (74, (SELECT projects.start_date + INTERVAL 40 DAY FROM projects WHERE projects.id=4), 1, 74, 74);
INSERT INTO supporting_packages(id, option_list, package_count, order_id, project_package_id, supporting_project_id) VALUES (74, '["스펀지 세트"]', 10, 74, 4, 74);
INSERT INTO supporting_projects(supporting_project_id, supported_at, delivery_id, payment_id, project_id, user_id) VALUES (75, (SELECT projects.start_date + INTERVAL 13 DAY FROM projects WHERE projects.id=4), 75, 75, 4, 23);
INSERT INTO orders (order_id, created_at, delivery_id, payment_id, supporting_project_id) VALUES (75, (SELECT projects.start_date + INTERVAL 13 DAY FROM projects WHERE projects.id=4), 1, 75, 75);
INSERT INTO supporting_packages(id, option_list, package_count, order_id, project_package_id, supporting_project_id) VALUES (75, '["브러시 세트"]', 4, 75, 4, 75);
INSERT INTO supporting_projects(supporting_project_id, supported_at, delivery_id, payment_id, project_id, user_id) VALUES (76, (SELECT projects.start_date + INTERVAL 18 DAY FROM projects WHERE projects.id=6), 76, 76, 6, 13);
INSERT INTO orders (order_id, created_at, delivery_id, payment_id, supporting_project_id) VALUES (76, (SELECT projects.start_date + INTERVAL 18 DAY FROM projects WHERE projects.id=6), 1, 76, 76);
INSERT INTO supporting_packages(id, option_list, package_count, order_id, project_package_id, supporting_project_id) VALUES (76, '["미백"]', 10, 76, 6, 76);
INSERT INTO supporting_projects(supporting_project_id, supported_at, delivery_id, payment_id, project_id, user_id) VALUES (77, (SELECT projects.start_date + INTERVAL 39 DAY FROM projects WHERE projects.id=6), 77, 77, 6, 12);
INSERT INTO orders (order_id, created_at, delivery_id, payment_id, supporting_project_id) VALUES (77, (SELECT projects.start_date + INTERVAL 39 DAY FROM projects WHERE projects.id=6), 1, 77, 77);
INSERT INTO supporting_packages(id, option_list, package_count, order_id, project_package_id, supporting_project_id) VALUES (77, '["미백"]', 5, 77, 6, 77);
INSERT INTO supporting_projects(supporting_project_id, supported_at, delivery_id, payment_id, project_id, user_id) VALUES (78, (SELECT projects.start_date + INTERVAL 11 DAY FROM projects WHERE projects.id=6), 78, 78, 6, 10);
INSERT INTO orders (order_id, created_at, delivery_id, payment_id, supporting_project_id) VALUES (78, (SELECT projects.start_date + INTERVAL 11 DAY FROM projects WHERE projects.id=6), 1, 78, 78);
INSERT INTO supporting_packages(id, option_list, package_count, order_id, project_package_id, supporting_project_id) VALUES (78, '["미백"]', 2, 78, 6, 78);
INSERT INTO supporting_projects(supporting_project_id, supported_at, delivery_id, payment_id, project_id, user_id) VALUES (79, (SELECT projects.start_date + INTERVAL 11 DAY FROM projects WHERE projects.id=6), 79, 79, 6, 8);
INSERT INTO orders (order_id, created_at, delivery_id, payment_id, supporting_project_id) VALUES (79, (SELECT projects.start_date + INTERVAL 11 DAY FROM projects WHERE projects.id=6), 1, 79, 79);
INSERT INTO supporting_packages(id, option_list, package_count, order_id, project_package_id, supporting_project_id) VALUES (79, '["미백"]', 2, 79, 6, 79);
INSERT INTO supporting_projects(supporting_project_id, supported_at, delivery_id, payment_id, project_id, user_id) VALUES (80, (SELECT projects.start_date + INTERVAL 24 DAY FROM projects WHERE projects.id=6), 80, 80, 6, 22);
INSERT INTO orders (order_id, created_at, delivery_id, payment_id, supporting_project_id) VALUES (80, (SELECT projects.start_date + INTERVAL 24 DAY FROM projects WHERE projects.id=6), 1, 80, 80);
INSERT INTO supporting_packages(id, option_list, package_count, order_id, project_package_id, supporting_project_id) VALUES (80, '["주름개선"]', 2, 80, 6, 80);
INSERT INTO supporting_projects(supporting_project_id, supported_at, delivery_id, payment_id, project_id, user_id) VALUES (81, (SELECT projects.start_date + INTERVAL 6 DAY FROM projects WHERE projects.id=6), 81, 81, 6, 2);
INSERT INTO orders (order_id, created_at, delivery_id, payment_id, supporting_project_id) VALUES (81, (SELECT projects.start_date + INTERVAL 6 DAY FROM projects WHERE projects.id=6), 1, 81, 81);
INSERT INTO supporting_packages(id, option_list, package_count, order_id, project_package_id, supporting_project_id) VALUES (81, '["미백"]', 9, 81, 6, 81);
INSERT INTO supporting_projects(supporting_project_id, supported_at, delivery_id, payment_id, project_id, user_id) VALUES (82, (SELECT projects.start_date + INTERVAL 26 DAY FROM projects WHERE projects.id=6), 82, 82, 6, 35);
INSERT INTO orders (order_id, created_at, delivery_id, payment_id, supporting_project_id) VALUES (82, (SELECT projects.start_date + INTERVAL 26 DAY FROM projects WHERE projects.id=6), 1, 82, 82);
INSERT INTO supporting_packages(id, option_list, package_count, order_id, project_package_id, supporting_project_id) VALUES (82, '["미백"]', 6, 82, 6, 82);
INSERT INTO supporting_projects(supporting_project_id, supported_at, delivery_id, payment_id, project_id, user_id) VALUES (83, (SELECT projects.start_date + INTERVAL 44 DAY FROM projects WHERE projects.id=6), 83, 83, 6, 20);
INSERT INTO orders (order_id, created_at, delivery_id, payment_id, supporting_project_id) VALUES (83, (SELECT projects.start_date + INTERVAL 44 DAY FROM projects WHERE projects.id=6), 1, 83, 83);
INSERT INTO supporting_packages(id, option_list, package_count, order_id, project_package_id, supporting_project_id) VALUES (83, '["수분"]', 1, 83, 6, 83);
INSERT INTO supporting_projects(supporting_project_id, supported_at, delivery_id, payment_id, project_id, user_id) VALUES (84, (SELECT projects.start_date + INTERVAL 36 DAY FROM projects WHERE projects.id=6), 84, 84, 6, 21);
INSERT INTO orders (order_id, created_at, delivery_id, payment_id, supporting_project_id) VALUES (84, (SELECT projects.start_date + INTERVAL 36 DAY FROM projects WHERE projects.id=6), 1, 84, 84);
INSERT INTO supporting_packages(id, option_list, package_count, order_id, project_package_id, supporting_project_id) VALUES (84, '["수분"]', 4, 84, 6, 84);
INSERT INTO supporting_projects(supporting_project_id, supported_at, delivery_id, payment_id, project_id, user_id) VALUES (85, (SELECT projects.start_date + INTERVAL 10 DAY FROM projects WHERE projects.id=6), 85, 85, 6, 10);
INSERT INTO orders (order_id, created_at, delivery_id, payment_id, supporting_project_id) VALUES (85, (SELECT projects.start_date + INTERVAL 10 DAY FROM projects WHERE projects.id=6), 1, 85, 85);
INSERT INTO supporting_packages(id, option_list, package_count, order_id, project_package_id, supporting_project_id) VALUES (85, '["미백"]', 9, 85, 6, 85);
INSERT INTO supporting_projects(supporting_project_id, supported_at, delivery_id, payment_id, project_id, user_id) VALUES (86, (SELECT projects.start_date + INTERVAL 38 DAY FROM projects WHERE projects.id=6), 86, 86, 6, 38);
INSERT INTO orders (order_id, created_at, delivery_id, payment_id, supporting_project_id) VALUES (86, (SELECT projects.start_date + INTERVAL 38 DAY FROM projects WHERE projects.id=6), 1, 86, 86);
INSERT INTO supporting_packages(id, option_list, package_count, order_id, project_package_id, supporting_project_id) VALUES (86, '["수분"]', 6, 86, 6, 86);
INSERT INTO supporting_projects(supporting_project_id, supported_at, delivery_id, payment_id, project_id, user_id) VALUES (87, (SELECT projects.start_date + INTERVAL 37 DAY FROM projects WHERE projects.id=6), 87, 87, 6, 36);
INSERT INTO orders (order_id, created_at, delivery_id, payment_id, supporting_project_id) VALUES (87, (SELECT projects.start_date + INTERVAL 37 DAY FROM projects WHERE projects.id=6), 1, 87, 87);
INSERT INTO supporting_packages(id, option_list, package_count, order_id, project_package_id, supporting_project_id) VALUES (87, '["수분"]', 5, 87, 6, 87);
INSERT INTO supporting_projects(supporting_project_id, supported_at, delivery_id, payment_id, project_id, user_id) VALUES (88, (SELECT projects.start_date + INTERVAL 41 DAY FROM projects WHERE projects.id=6), 88, 88, 6, 22);
INSERT INTO orders (order_id, created_at, delivery_id, payment_id, supporting_project_id) VALUES (88, (SELECT projects.start_date + INTERVAL 41 DAY FROM projects WHERE projects.id=6), 1, 88, 88);
INSERT INTO supporting_packages(id, option_list, package_count, order_id, project_package_id, supporting_project_id) VALUES (88, '["수분"]', 7, 88, 6, 88);
INSERT INTO supporting_projects(supporting_project_id, supported_at, delivery_id, payment_id, project_id, user_id) VALUES (89, (SELECT projects.start_date + INTERVAL 28 DAY FROM projects WHERE projects.id=6), 89, 89, 6, 35);
INSERT INTO orders (order_id, created_at, delivery_id, payment_id, supporting_project_id) VALUES (89, (SELECT projects.start_date + INTERVAL 28 DAY FROM projects WHERE projects.id=6), 1, 89, 89);
INSERT INTO supporting_packages(id, option_list, package_count, order_id, project_package_id, supporting_project_id) VALUES (89, '["수분"]', 10, 89, 6, 89);
INSERT INTO supporting_projects(supporting_project_id, supported_at, delivery_id, payment_id, project_id, user_id) VALUES (90, (SELECT projects.start_date + INTERVAL 24 DAY FROM projects WHERE projects.id=6), 90, 90, 6, 7);
INSERT INTO orders (order_id, created_at, delivery_id, payment_id, supporting_project_id) VALUES (90, (SELECT projects.start_date + INTERVAL 24 DAY FROM projects WHERE projects.id=6), 1, 90, 90);
INSERT INTO supporting_packages(id, option_list, package_count, order_id, project_package_id, supporting_project_id) VALUES (90, '["주름개선"]', 10, 90, 6, 90);
INSERT INTO supporting_projects(supporting_project_id, supported_at, delivery_id, payment_id, project_id, user_id) VALUES (91, (SELECT projects.start_date + INTERVAL 15 DAY FROM projects WHERE projects.id=6), 91, 91, 6, 14);
INSERT INTO orders (order_id, created_at, delivery_id, payment_id, supporting_project_id) VALUES (91, (SELECT projects.start_date + INTERVAL 15 DAY FROM projects WHERE projects.id=6), 1, 91, 91);
INSERT INTO supporting_packages(id, option_list, package_count, order_id, project_package_id, supporting_project_id) VALUES (91, '["미백"]', 3, 91, 6, 91);
INSERT INTO supporting_projects(supporting_project_id, supported_at, delivery_id, payment_id, project_id, user_id) VALUES (92, (SELECT projects.start_date + INTERVAL 48 DAY FROM projects WHERE projects.id=6), 92, 92, 6, 5);
INSERT INTO orders (order_id, created_at, delivery_id, payment_id, supporting_project_id) VALUES (92, (SELECT projects.start_date + INTERVAL 48 DAY FROM projects WHERE projects.id=6), 1, 92, 92);
INSERT INTO supporting_packages(id, option_list, package_count, order_id, project_package_id, supporting_project_id) VALUES (92, '["수분"]', 1, 92, 6, 92);
INSERT INTO supporting_projects(supporting_project_id, supported_at, delivery_id, payment_id, project_id, user_id) VALUES (93, (SELECT projects.start_date + INTERVAL 6 DAY FROM projects WHERE projects.id=6), 93, 93, 6, 26);
INSERT INTO orders (order_id, created_at, delivery_id, payment_id, supporting_project_id) VALUES (93, (SELECT projects.start_date + INTERVAL 6 DAY FROM projects WHERE projects.id=6), 1, 93, 93);
INSERT INTO supporting_packages(id, option_list, package_count, order_id, project_package_id, supporting_project_id) VALUES (93, '["주름개선"]', 8, 93, 6, 93);
INSERT INTO supporting_projects(supporting_project_id, supported_at, delivery_id, payment_id, project_id, user_id) VALUES (94, (SELECT projects.start_date + INTERVAL 46 DAY FROM projects WHERE projects.id=6), 94, 94, 6, 7);
INSERT INTO orders (order_id, created_at, delivery_id, payment_id, supporting_project_id) VALUES (94, (SELECT projects.start_date + INTERVAL 46 DAY FROM projects WHERE projects.id=6), 1, 94, 94);
INSERT INTO supporting_packages(id, option_list, package_count, order_id, project_package_id, supporting_project_id) VALUES (94, '["수분"]', 9, 94, 6, 94);
INSERT INTO supporting_projects(supporting_project_id, supported_at, delivery_id, payment_id, project_id, user_id) VALUES (95, (SELECT projects.start_date + INTERVAL 31 DAY FROM projects WHERE projects.id=6), 95, 95, 6, 21);
INSERT INTO orders (order_id, created_at, delivery_id, payment_id, supporting_project_id) VALUES (95, (SELECT projects.start_date + INTERVAL 31 DAY FROM projects WHERE projects.id=6), 1, 95, 95);
INSERT INTO supporting_packages(id, option_list, package_count, order_id, project_package_id, supporting_project_id) VALUES (95, '["수분"]', 10, 95, 6, 95);
INSERT INTO supporting_projects(supporting_project_id, supported_at, delivery_id, payment_id, project_id, user_id) VALUES (96, (SELECT projects.start_date + INTERVAL 34 DAY FROM projects WHERE projects.id=6), 96, 96, 6, 29);
INSERT INTO orders (order_id, created_at, delivery_id, payment_id, supporting_project_id) VALUES (96, (SELECT projects.start_date + INTERVAL 34 DAY FROM projects WHERE projects.id=6), 1, 96, 96);
INSERT INTO supporting_packages(id, option_list, package_count, order_id, project_package_id, supporting_project_id) VALUES (96, '["수분"]', 2, 96, 6, 96);
INSERT INTO supporting_projects(supporting_project_id, supported_at, delivery_id, payment_id, project_id, user_id) VALUES (97, (SELECT projects.start_date + INTERVAL 50 DAY FROM projects WHERE projects.id=6), 97, 97, 6, 38);
INSERT INTO orders (order_id, created_at, delivery_id, payment_id, supporting_project_id) VALUES (97, (SELECT projects.start_date + INTERVAL 50 DAY FROM projects WHERE projects.id=6), 1, 97, 97);
INSERT INTO supporting_packages(id, option_list, package_count, order_id, project_package_id, supporting_project_id) VALUES (97, '["주름개선"]', 7, 97, 6, 97);
INSERT INTO supporting_projects(supporting_project_id, supported_at, delivery_id, payment_id, project_id, user_id) VALUES (98, (SELECT projects.start_date + INTERVAL 39 DAY FROM projects WHERE projects.id=6), 98, 98, 6, 16);
INSERT INTO orders (order_id, created_at, delivery_id, payment_id, supporting_project_id) VALUES (98, (SELECT projects.start_date + INTERVAL 39 DAY FROM projects WHERE projects.id=6), 1, 98, 98);
INSERT INTO supporting_packages(id, option_list, package_count, order_id, project_package_id, supporting_project_id) VALUES (98, '["미백"]', 3, 98, 6, 98);
INSERT INTO supporting_projects(supporting_project_id, supported_at, delivery_id, payment_id, project_id, user_id) VALUES (99, (SELECT projects.start_date + INTERVAL 9 DAY FROM projects WHERE projects.id=6), 99, 99, 6, 11);
INSERT INTO orders (order_id, created_at, delivery_id, payment_id, supporting_project_id) VALUES (99, (SELECT projects.start_date + INTERVAL 9 DAY FROM projects WHERE projects.id=6), 1, 99, 99);
INSERT INTO supporting_packages(id, option_list, package_count, order_id, project_package_id, supporting_project_id) VALUES (99, '["수분"]', 9, 99, 6, 99);
INSERT INTO supporting_projects(supporting_project_id, supported_at, delivery_id, payment_id, project_id, user_id) VALUES (100, (SELECT projects.start_date + INTERVAL 15 DAY FROM projects WHERE projects.id=6), 100, 100, 6, 9);
INSERT INTO orders (order_id, created_at, delivery_id, payment_id, supporting_project_id) VALUES (100, (SELECT projects.start_date + INTERVAL 15 DAY FROM projects WHERE projects.id=6), 1, 100, 100);
INSERT INTO supporting_packages(id, option_list, package_count, order_id, project_package_id, supporting_project_id) VALUES (100, '["수분"]', 1, 100, 6, 100);
INSERT INTO supporting_projects(supporting_project_id, supported_at, delivery_id, payment_id, project_id, user_id) VALUES (101, (SELECT projects.start_date + INTERVAL 25 DAY FROM projects WHERE projects.id=6), 101, 101, 6, 25);
INSERT INTO orders (order_id, created_at, delivery_id, payment_id, supporting_project_id) VALUES (101, (SELECT projects.start_date + INTERVAL 25 DAY FROM projects WHERE projects.id=6), 1, 101, 101);
INSERT INTO supporting_packages(id, option_list, package_count, order_id, project_package_id, supporting_project_id) VALUES (101, '["주름개선"]', 1, 101, 6, 101);
INSERT INTO supporting_projects(supporting_project_id, supported_at, delivery_id, payment_id, project_id, user_id) VALUES (102, (SELECT projects.start_date + INTERVAL 30 DAY FROM projects WHERE projects.id=6), 102, 102, 6, 35);
INSERT INTO orders (order_id, created_at, delivery_id, payment_id, supporting_project_id) VALUES (102, (SELECT projects.start_date + INTERVAL 30 DAY FROM projects WHERE projects.id=6), 1, 102, 102);
INSERT INTO supporting_packages(id, option_list, package_count, order_id, project_package_id, supporting_project_id) VALUES (102, '["미백"]', 3, 102, 6, 102);
INSERT INTO supporting_projects(supporting_project_id, supported_at, delivery_id, payment_id, project_id, user_id) VALUES (103, (SELECT projects.start_date + INTERVAL 13 DAY FROM projects WHERE projects.id=6), 103, 103, 6, 34);
INSERT INTO orders (order_id, created_at, delivery_id, payment_id, supporting_project_id) VALUES (103, (SELECT projects.start_date + INTERVAL 13 DAY FROM projects WHERE projects.id=6), 1, 103, 103);
INSERT INTO supporting_packages(id, option_list, package_count, order_id, project_package_id, supporting_project_id) VALUES (103, '["미백"]', 7, 103, 6, 103);
INSERT INTO supporting_projects(supporting_project_id, supported_at, delivery_id, payment_id, project_id, user_id) VALUES (104, (SELECT projects.start_date + INTERVAL 18 DAY FROM projects WHERE projects.id=6), 104, 104, 6, 10);
INSERT INTO orders (order_id, created_at, delivery_id, payment_id, supporting_project_id) VALUES (104, (SELECT projects.start_date + INTERVAL 18 DAY FROM projects WHERE projects.id=6), 1, 104, 104);
INSERT INTO supporting_packages(id, option_list, package_count, order_id, project_package_id, supporting_project_id) VALUES (104, '["주름개선"]', 2, 104, 6, 104);
INSERT INTO supporting_projects(supporting_project_id, supported_at, delivery_id, payment_id, project_id, user_id) VALUES (105, (SELECT projects.start_date + INTERVAL 45 DAY FROM projects WHERE projects.id=6), 105, 105, 6, 7);
INSERT INTO orders (order_id, created_at, delivery_id, payment_id, supporting_project_id) VALUES (105, (SELECT projects.start_date + INTERVAL 45 DAY FROM projects WHERE projects.id=6), 1, 105, 105);
INSERT INTO supporting_packages(id, option_list, package_count, order_id, project_package_id, supporting_project_id) VALUES (105, '["주름개선"]', 2, 105, 6, 105);
INSERT INTO supporting_projects(supporting_project_id, supported_at, delivery_id, payment_id, project_id, user_id) VALUES (106, (SELECT projects.start_date + INTERVAL 25 DAY FROM projects WHERE projects.id=6), 106, 106, 6, 9);
INSERT INTO orders (order_id, created_at, delivery_id, payment_id, supporting_project_id) VALUES (106, (SELECT projects.start_date + INTERVAL 25 DAY FROM projects WHERE projects.id=6), 1, 106, 106);
INSERT INTO supporting_packages(id, option_list, package_count, order_id, project_package_id, supporting_project_id) VALUES (106, '["주름개선"]', 2, 106, 6, 106);
INSERT INTO supporting_projects(supporting_project_id, supported_at, delivery_id, payment_id, project_id, user_id) VALUES (107, (SELECT projects.start_date + INTERVAL 13 DAY FROM projects WHERE projects.id=6), 107, 107, 6, 26);
INSERT INTO orders (order_id, created_at, delivery_id, payment_id, supporting_project_id) VALUES (107, (SELECT projects.start_date + INTERVAL 13 DAY FROM projects WHERE projects.id=6), 1, 107, 107);
INSERT INTO supporting_packages(id, option_list, package_count, order_id, project_package_id, supporting_project_id) VALUES (107, '["미백"]', 6, 107, 6, 107);
INSERT INTO supporting_projects(supporting_project_id, supported_at, delivery_id, payment_id, project_id, user_id) VALUES (108, (SELECT projects.start_date + INTERVAL 32 DAY FROM projects WHERE projects.id=6), 108, 108, 6, 24);
INSERT INTO orders (order_id, created_at, delivery_id, payment_id, supporting_project_id) VALUES (108, (SELECT projects.start_date + INTERVAL 32 DAY FROM projects WHERE projects.id=6), 1, 108, 108);
INSERT INTO supporting_packages(id, option_list, package_count, order_id, project_package_id, supporting_project_id) VALUES (108, '["미백"]', 8, 108, 6, 108);
INSERT INTO supporting_projects(supporting_project_id, supported_at, delivery_id, payment_id, project_id, user_id) VALUES (109, (SELECT projects.start_date + INTERVAL 28 DAY FROM projects WHERE projects.id=6), 109, 109, 6, 12);
INSERT INTO orders (order_id, created_at, delivery_id, payment_id, supporting_project_id) VALUES (109, (SELECT projects.start_date + INTERVAL 28 DAY FROM projects WHERE projects.id=6), 1, 109, 109);
INSERT INTO supporting_packages(id, option_list, package_count, order_id, project_package_id, supporting_project_id) VALUES (109, '["수분"]', 1, 109, 6, 109);
INSERT INTO supporting_projects(supporting_project_id, supported_at, delivery_id, payment_id, project_id, user_id) VALUES (110, (SELECT projects.start_date + INTERVAL 25 DAY FROM projects WHERE projects.id=6), 110, 110, 6, 13);
INSERT INTO orders (order_id, created_at, delivery_id, payment_id, supporting_project_id) VALUES (110, (SELECT projects.start_date + INTERVAL 25 DAY FROM projects WHERE projects.id=6), 1, 110, 110);
INSERT INTO supporting_packages(id, option_list, package_count, order_id, project_package_id, supporting_project_id) VALUES (110, '["수분"]', 6, 110, 6, 110);
INSERT INTO supporting_projects(supporting_project_id, supported_at, delivery_id, payment_id, project_id, user_id) VALUES (111, (SELECT projects.start_date + INTERVAL 27 DAY FROM projects WHERE projects.id=6), 111, 111, 6, 10);
INSERT INTO orders (order_id, created_at, delivery_id, payment_id, supporting_project_id) VALUES (111, (SELECT projects.start_date + INTERVAL 27 DAY FROM projects WHERE projects.id=6), 1, 111, 111);
INSERT INTO supporting_packages(id, option_list, package_count, order_id, project_package_id, supporting_project_id) VALUES (111, '["미백"]', 3, 111, 6, 111);
INSERT INTO supporting_projects(supporting_project_id, supported_at, delivery_id, payment_id, project_id, user_id) VALUES (112, (SELECT projects.start_date + INTERVAL 44 DAY FROM projects WHERE projects.id=6), 112, 112, 6, 4);
INSERT INTO orders (order_id, created_at, delivery_id, payment_id, supporting_project_id) VALUES (112, (SELECT projects.start_date + INTERVAL 44 DAY FROM projects WHERE projects.id=6), 1, 112, 112);
INSERT INTO supporting_packages(id, option_list, package_count, order_id, project_package_id, supporting_project_id) VALUES (112, '["미백"]', 7, 112, 6, 112);
INSERT INTO supporting_projects(supporting_project_id, supported_at, delivery_id, payment_id, project_id, user_id) VALUES (113, (SELECT projects.start_date + INTERVAL 30 DAY FROM projects WHERE projects.id=6), 113, 113, 6, 24);
INSERT INTO orders (order_id, created_at, delivery_id, payment_id, supporting_project_id) VALUES (113, (SELECT projects.start_date + INTERVAL 30 DAY FROM projects WHERE projects.id=6), 1, 113, 113);
INSERT INTO supporting_packages(id, option_list, package_count, order_id, project_package_id, supporting_project_id) VALUES (113, '["수분"]', 4, 113, 6, 113);
INSERT INTO supporting_projects(supporting_project_id, supported_at, delivery_id, payment_id, project_id, user_id) VALUES (114, (SELECT projects.start_date + INTERVAL 28 DAY FROM projects WHERE projects.id=6), 114, 114, 6, 25);
INSERT INTO orders (order_id, created_at, delivery_id, payment_id, supporting_project_id) VALUES (114, (SELECT projects.start_date + INTERVAL 28 DAY FROM projects WHERE projects.id=6), 1, 114, 114);
INSERT INTO supporting_packages(id, option_list, package_count, order_id, project_package_id, supporting_project_id) VALUES (114, '["미백"]', 3, 114, 6, 114);
INSERT INTO supporting_projects(supporting_project_id, supported_at, delivery_id, payment_id, project_id, user_id) VALUES (115, (SELECT projects.start_date + INTERVAL 31 DAY FROM projects WHERE projects.id=6), 115, 115, 6, 10);
INSERT INTO orders (order_id, created_at, delivery_id, payment_id, supporting_project_id) VALUES (115, (SELECT projects.start_date + INTERVAL 31 DAY FROM projects WHERE projects.id=6), 1, 115, 115);
INSERT INTO supporting_packages(id, option_list, package_count, order_id, project_package_id, supporting_project_id) VALUES (115, '["주름개선"]', 7, 115, 6, 115);
INSERT INTO supporting_projects(supporting_project_id, supported_at, delivery_id, payment_id, project_id, user_id) VALUES (116, (SELECT projects.start_date + INTERVAL 30 DAY FROM projects WHERE projects.id=6), 116, 116, 6, 27);
INSERT INTO orders (order_id, created_at, delivery_id, payment_id, supporting_project_id) VALUES (116, (SELECT projects.start_date + INTERVAL 30 DAY FROM projects WHERE projects.id=6), 1, 116, 116);
INSERT INTO supporting_packages(id, option_list, package_count, order_id, project_package_id, supporting_project_id) VALUES (116, '["수분"]', 2, 116, 6, 116);
INSERT INTO supporting_projects(supporting_project_id, supported_at, delivery_id, payment_id, project_id, user_id) VALUES (117, (SELECT projects.start_date + INTERVAL 23 DAY FROM projects WHERE projects.id=6), 117, 117, 6, 13);
INSERT INTO orders (order_id, created_at, delivery_id, payment_id, supporting_project_id) VALUES (117, (SELECT projects.start_date + INTERVAL 23 DAY FROM projects WHERE projects.id=6), 1, 117, 117);
INSERT INTO supporting_packages(id, option_list, package_count, order_id, project_package_id, supporting_project_id) VALUES (117, '["주름개선"]', 10, 117, 6, 117);
INSERT INTO supporting_projects(supporting_project_id, supported_at, delivery_id, payment_id, project_id, user_id) VALUES (118, (SELECT projects.start_date + INTERVAL 17 DAY FROM projects WHERE projects.id=6), 118, 118, 6, 13);
INSERT INTO orders (order_id, created_at, delivery_id, payment_id, supporting_project_id) VALUES (118, (SELECT projects.start_date + INTERVAL 17 DAY FROM projects WHERE projects.id=6), 1, 118, 118);
INSERT INTO supporting_packages(id, option_list, package_count, order_id, project_package_id, supporting_project_id) VALUES (118, '["주름개선"]', 5, 118, 6, 118);
INSERT INTO supporting_projects(supporting_project_id, supported_at, delivery_id, payment_id, project_id, user_id) VALUES (119, (SELECT projects.start_date + INTERVAL 28 DAY FROM projects WHERE projects.id=6), 119, 119, 6, 3);
INSERT INTO orders (order_id, created_at, delivery_id, payment_id, supporting_project_id) VALUES (119, (SELECT projects.start_date + INTERVAL 28 DAY FROM projects WHERE projects.id=6), 1, 119, 119);
INSERT INTO supporting_packages(id, option_list, package_count, order_id, project_package_id, supporting_project_id) VALUES (119, '["미백"]', 5, 119, 6, 119);
INSERT INTO supporting_projects(supporting_project_id, supported_at, delivery_id, payment_id, project_id, user_id) VALUES (120, (SELECT projects.start_date + INTERVAL 9 DAY FROM projects WHERE projects.id=6), 120, 120, 6, 1);
INSERT INTO orders (order_id, created_at, delivery_id, payment_id, supporting_project_id) VALUES (120, (SELECT projects.start_date + INTERVAL 9 DAY FROM projects WHERE projects.id=6), 1, 120, 120);
INSERT INTO supporting_packages(id, option_list, package_count, order_id, project_package_id, supporting_project_id) VALUES (120, '["수분"]', 7, 120, 6, 120);
INSERT INTO supporting_projects(supporting_project_id, supported_at, delivery_id, payment_id, project_id, user_id) VALUES (121, (SELECT projects.start_date + INTERVAL 46 DAY FROM projects WHERE projects.id=6), 121, 121, 6, 33);
INSERT INTO orders (order_id, created_at, delivery_id, payment_id, supporting_project_id) VALUES (121, (SELECT projects.start_date + INTERVAL 46 DAY FROM projects WHERE projects.id=6), 1, 121, 121);
INSERT INTO supporting_packages(id, option_list, package_count, order_id, project_package_id, supporting_project_id) VALUES (121, '["수분"]', 10, 121, 6, 121);
INSERT INTO supporting_projects(supporting_project_id, supported_at, delivery_id, payment_id, project_id, user_id) VALUES (122, (SELECT projects.start_date + INTERVAL 47 DAY FROM projects WHERE projects.id=6), 122, 122, 6, 27);
INSERT INTO orders (order_id, created_at, delivery_id, payment_id, supporting_project_id) VALUES (122, (SELECT projects.start_date + INTERVAL 47 DAY FROM projects WHERE projects.id=6), 1, 122, 122);
INSERT INTO supporting_packages(id, option_list, package_count, order_id, project_package_id, supporting_project_id) VALUES (122, '["주름개선"]', 8, 122, 6, 122);
INSERT INTO supporting_projects(supporting_project_id, supported_at, delivery_id, payment_id, project_id, user_id) VALUES (123, (SELECT projects.start_date + INTERVAL 46 DAY FROM projects WHERE projects.id=6), 123, 123, 6, 28);
INSERT INTO orders (order_id, created_at, delivery_id, payment_id, supporting_project_id) VALUES (123, (SELECT projects.start_date + INTERVAL 46 DAY FROM projects WHERE projects.id=6), 1, 123, 123);
INSERT INTO supporting_packages(id, option_list, package_count, order_id, project_package_id, supporting_project_id) VALUES (123, '["수분"]', 8, 123, 6, 123);
INSERT INTO supporting_projects(supporting_project_id, supported_at, delivery_id, payment_id, project_id, user_id) VALUES (124, (SELECT projects.start_date + INTERVAL 22 DAY FROM projects WHERE projects.id=6), 124, 124, 6, 4);
INSERT INTO orders (order_id, created_at, delivery_id, payment_id, supporting_project_id) VALUES (124, (SELECT projects.start_date + INTERVAL 22 DAY FROM projects WHERE projects.id=6), 1, 124, 124);
INSERT INTO supporting_packages(id, option_list, package_count, order_id, project_package_id, supporting_project_id) VALUES (124, '["주름개선"]', 1, 124, 6, 124);
INSERT INTO supporting_projects(supporting_project_id, supported_at, delivery_id, payment_id, project_id, user_id) VALUES (125, (SELECT projects.start_date + INTERVAL 49 DAY FROM projects WHERE projects.id=6), 125, 125, 6, 25);
INSERT INTO orders (order_id, created_at, delivery_id, payment_id, supporting_project_id) VALUES (125, (SELECT projects.start_date + INTERVAL 49 DAY FROM projects WHERE projects.id=6), 1, 125, 125);
INSERT INTO supporting_packages(id, option_list, package_count, order_id, project_package_id, supporting_project_id) VALUES (125, '["미백"]', 5, 125, 6, 125);
INSERT INTO supporting_projects(supporting_project_id, supported_at, delivery_id, payment_id, project_id, user_id) VALUES (126, (SELECT projects.start_date + INTERVAL 3 DAY FROM projects WHERE projects.id=6), 126, 126, 6, 8);
INSERT INTO orders (order_id, created_at, delivery_id, payment_id, supporting_project_id) VALUES (126, (SELECT projects.start_date + INTERVAL 3 DAY FROM projects WHERE projects.id=6), 1, 126, 126);
INSERT INTO supporting_packages(id, option_list, package_count, order_id, project_package_id, supporting_project_id) VALUES (126, '["수분"]', 4, 126, 6, 126);
INSERT INTO supporting_projects(supporting_project_id, supported_at, delivery_id, payment_id, project_id, user_id) VALUES (127, (SELECT projects.start_date + INTERVAL 45 DAY FROM projects WHERE projects.id=6), 127, 127, 6, 1);
INSERT INTO orders (order_id, created_at, delivery_id, payment_id, supporting_project_id) VALUES (127, (SELECT projects.start_date + INTERVAL 45 DAY FROM projects WHERE projects.id=6), 1, 127, 127);
INSERT INTO supporting_packages(id, option_list, package_count, order_id, project_package_id, supporting_project_id) VALUES (127, '["주름개선"]', 5, 127, 6, 127);
INSERT INTO supporting_projects(supporting_project_id, supported_at, delivery_id, payment_id, project_id, user_id) VALUES (128, (SELECT projects.start_date + INTERVAL 15 DAY FROM projects WHERE projects.id=6), 128, 128, 6, 24);
INSERT INTO orders (order_id, created_at, delivery_id, payment_id, supporting_project_id) VALUES (128, (SELECT projects.start_date + INTERVAL 15 DAY FROM projects WHERE projects.id=6), 1, 128, 128);
INSERT INTO supporting_packages(id, option_list, package_count, order_id, project_package_id, supporting_project_id) VALUES (128, '["주름개선"]', 4, 128, 6, 128);
INSERT INTO supporting_projects(supporting_project_id, supported_at, delivery_id, payment_id, project_id, user_id) VALUES (129, (SELECT projects.start_date + INTERVAL 12 DAY FROM projects WHERE projects.id=6), 129, 129, 6, 5);
INSERT INTO orders (order_id, created_at, delivery_id, payment_id, supporting_project_id) VALUES (129, (SELECT projects.start_date + INTERVAL 12 DAY FROM projects WHERE projects.id=6), 1, 129, 129);
INSERT INTO supporting_packages(id, option_list, package_count, order_id, project_package_id, supporting_project_id) VALUES (129, '["수분"]', 5, 129, 6, 129);
INSERT INTO supporting_projects(supporting_project_id, supported_at, delivery_id, payment_id, project_id, user_id) VALUES (130, (SELECT projects.start_date + INTERVAL 36 DAY FROM projects WHERE projects.id=6), 130, 130, 6, 9);
INSERT INTO orders (order_id, created_at, delivery_id, payment_id, supporting_project_id) VALUES (130, (SELECT projects.start_date + INTERVAL 36 DAY FROM projects WHERE projects.id=6), 1, 130, 130);
INSERT INTO supporting_packages(id, option_list, package_count, order_id, project_package_id, supporting_project_id) VALUES (130, '["주름개선"]', 7, 130, 6, 130);
INSERT INTO supporting_projects(supporting_project_id, supported_at, delivery_id, payment_id, project_id, user_id) VALUES (131, (SELECT projects.start_date + INTERVAL 6 DAY FROM projects WHERE projects.id=6), 131, 131, 6, 8);
INSERT INTO orders (order_id, created_at, delivery_id, payment_id, supporting_project_id) VALUES (131, (SELECT projects.start_date + INTERVAL 6 DAY FROM projects WHERE projects.id=6), 1, 131, 131);
INSERT INTO supporting_packages(id, option_list, package_count, order_id, project_package_id, supporting_project_id) VALUES (131, '["미백"]', 10, 131, 6, 131);
INSERT INTO supporting_projects(supporting_project_id, supported_at, delivery_id, payment_id, project_id, user_id) VALUES (132, (SELECT projects.start_date + INTERVAL 35 DAY FROM projects WHERE projects.id=6), 132, 132, 6, 30);
INSERT INTO orders (order_id, created_at, delivery_id, payment_id, supporting_project_id) VALUES (132, (SELECT projects.start_date + INTERVAL 35 DAY FROM projects WHERE projects.id=6), 1, 132, 132);
INSERT INTO supporting_packages(id, option_list, package_count, order_id, project_package_id, supporting_project_id) VALUES (132, '["수분"]', 1, 132, 6, 132);
INSERT INTO supporting_projects(supporting_project_id, supported_at, delivery_id, payment_id, project_id, user_id) VALUES (133, (SELECT projects.start_date + INTERVAL 17 DAY FROM projects WHERE projects.id=6), 133, 133, 6, 14);
INSERT INTO orders (order_id, created_at, delivery_id, payment_id, supporting_project_id) VALUES (133, (SELECT projects.start_date + INTERVAL 17 DAY FROM projects WHERE projects.id=6), 1, 133, 133);
INSERT INTO supporting_packages(id, option_list, package_count, order_id, project_package_id, supporting_project_id) VALUES (133, '["미백"]', 6, 133, 6, 133);
INSERT INTO supporting_projects(supporting_project_id, supported_at, delivery_id, payment_id, project_id, user_id) VALUES (134, (SELECT projects.start_date + INTERVAL 40 DAY FROM projects WHERE projects.id=6), 134, 134, 6, 22);
INSERT INTO orders (order_id, created_at, delivery_id, payment_id, supporting_project_id) VALUES (134, (SELECT projects.start_date + INTERVAL 40 DAY FROM projects WHERE projects.id=6), 1, 134, 134);
INSERT INTO supporting_packages(id, option_list, package_count, order_id, project_package_id, supporting_project_id) VALUES (134, '["주름개선"]', 8, 134, 6, 134);
INSERT INTO supporting_projects(supporting_project_id, supported_at, delivery_id, payment_id, project_id, user_id) VALUES (135, (SELECT projects.start_date + INTERVAL 50 DAY FROM projects WHERE projects.id=6), 135, 135, 6, 27);
INSERT INTO orders (order_id, created_at, delivery_id, payment_id, supporting_project_id) VALUES (135, (SELECT projects.start_date + INTERVAL 50 DAY FROM projects WHERE projects.id=6), 1, 135, 135);
INSERT INTO supporting_packages(id, option_list, package_count, order_id, project_package_id, supporting_project_id) VALUES (135, '["수분"]', 4, 135, 6, 135);
INSERT INTO supporting_projects(supporting_project_id, supported_at, delivery_id, payment_id, project_id, user_id) VALUES (136, (SELECT projects.start_date + INTERVAL 18 DAY FROM projects WHERE projects.id=6), 136, 136, 6, 35);
INSERT INTO orders (order_id, created_at, delivery_id, payment_id, supporting_project_id) VALUES (136, (SELECT projects.start_date + INTERVAL 18 DAY FROM projects WHERE projects.id=6), 1, 136, 136);
INSERT INTO supporting_packages(id, option_list, package_count, order_id, project_package_id, supporting_project_id) VALUES (136, '["미백"]', 7, 136, 6, 136);
INSERT INTO supporting_projects(supporting_project_id, supported_at, delivery_id, payment_id, project_id, user_id) VALUES (137, (SELECT projects.start_date + INTERVAL 44 DAY FROM projects WHERE projects.id=6), 137, 137, 6, 28);
INSERT INTO orders (order_id, created_at, delivery_id, payment_id, supporting_project_id) VALUES (137, (SELECT projects.start_date + INTERVAL 44 DAY FROM projects WHERE projects.id=6), 1, 137, 137);
INSERT INTO supporting_packages(id, option_list, package_count, order_id, project_package_id, supporting_project_id) VALUES (137, '["미백"]', 3, 137, 6, 137);
INSERT INTO supporting_projects(supporting_project_id, supported_at, delivery_id, payment_id, project_id, user_id) VALUES (138, (SELECT projects.start_date + INTERVAL 16 DAY FROM projects WHERE projects.id=6), 138, 138, 6, 17);
INSERT INTO orders (order_id, created_at, delivery_id, payment_id, supporting_project_id) VALUES (138, (SELECT projects.start_date + INTERVAL 16 DAY FROM projects WHERE projects.id=6), 1, 138, 138);
INSERT INTO supporting_packages(id, option_list, package_count, order_id, project_package_id, supporting_project_id) VALUES (138, '["미백"]', 1, 138, 6, 138);
INSERT INTO supporting_projects(supporting_project_id, supported_at, delivery_id, payment_id, project_id, user_id) VALUES (139, (SELECT projects.start_date + INTERVAL 27 DAY FROM projects WHERE projects.id=6), 139, 139, 6, 17);
INSERT INTO orders (order_id, created_at, delivery_id, payment_id, supporting_project_id) VALUES (139, (SELECT projects.start_date + INTERVAL 27 DAY FROM projects WHERE projects.id=6), 1, 139, 139);
INSERT INTO supporting_packages(id, option_list, package_count, order_id, project_package_id, supporting_project_id) VALUES (139, '["미백"]', 4, 139, 6, 139);
INSERT INTO supporting_projects(supporting_project_id, supported_at, delivery_id, payment_id, project_id, user_id) VALUES (140, (SELECT projects.start_date + INTERVAL 3 DAY FROM projects WHERE projects.id=6), 140, 140, 6, 18);
INSERT INTO orders (order_id, created_at, delivery_id, payment_id, supporting_project_id) VALUES (140, (SELECT projects.start_date + INTERVAL 3 DAY FROM projects WHERE projects.id=6), 1, 140, 140);
INSERT INTO supporting_packages(id, option_list, package_count, order_id, project_package_id, supporting_project_id) VALUES (140, '["수분"]', 6, 140, 6, 140);
INSERT INTO supporting_projects(supporting_project_id, supported_at, delivery_id, payment_id, project_id, user_id) VALUES (141, (SELECT projects.start_date + INTERVAL 46 DAY FROM projects WHERE projects.id=6), 141, 141, 6, 34);
INSERT INTO orders (order_id, created_at, delivery_id, payment_id, supporting_project_id) VALUES (141, (SELECT projects.start_date + INTERVAL 46 DAY FROM projects WHERE projects.id=6), 1, 141, 141);
INSERT INTO supporting_packages(id, option_list, package_count, order_id, project_package_id, supporting_project_id) VALUES (141, '["주름개선"]', 6, 141, 6, 141);
INSERT INTO supporting_projects(supporting_project_id, supported_at, delivery_id, payment_id, project_id, user_id) VALUES (142, (SELECT projects.start_date + INTERVAL 35 DAY FROM projects WHERE projects.id=6), 142, 142, 6, 38);
INSERT INTO orders (order_id, created_at, delivery_id, payment_id, supporting_project_id) VALUES (142, (SELECT projects.start_date + INTERVAL 35 DAY FROM projects WHERE projects.id=6), 1, 142, 142);
INSERT INTO supporting_packages(id, option_list, package_count, order_id, project_package_id, supporting_project_id) VALUES (142, '["주름개선"]', 5, 142, 6, 142);
INSERT INTO supporting_projects(supporting_project_id, supported_at, delivery_id, payment_id, project_id, user_id) VALUES (143, (SELECT projects.start_date + INTERVAL 5 DAY FROM projects WHERE projects.id=6), 143, 143, 6, 18);
INSERT INTO orders (order_id, created_at, delivery_id, payment_id, supporting_project_id) VALUES (143, (SELECT projects.start_date + INTERVAL 5 DAY FROM projects WHERE projects.id=6), 1, 143, 143);
INSERT INTO supporting_packages(id, option_list, package_count, order_id, project_package_id, supporting_project_id) VALUES (143, '["수분"]', 6, 143, 6, 143);
INSERT INTO supporting_projects(supporting_project_id, supported_at, delivery_id, payment_id, project_id, user_id) VALUES (144, (SELECT projects.start_date + INTERVAL 42 DAY FROM projects WHERE projects.id=6), 144, 144, 6, 13);
INSERT INTO orders (order_id, created_at, delivery_id, payment_id, supporting_project_id) VALUES (144, (SELECT projects.start_date + INTERVAL 42 DAY FROM projects WHERE projects.id=6), 1, 144, 144);
INSERT INTO supporting_packages(id, option_list, package_count, order_id, project_package_id, supporting_project_id) VALUES (144, '["주름개선"]', 10, 144, 6, 144);
INSERT INTO supporting_projects(supporting_project_id, supported_at, delivery_id, payment_id, project_id, user_id) VALUES (145, (SELECT projects.start_date + INTERVAL 40 DAY FROM projects WHERE projects.id=6), 145, 145, 6, 34);
INSERT INTO orders (order_id, created_at, delivery_id, payment_id, supporting_project_id) VALUES (145, (SELECT projects.start_date + INTERVAL 40 DAY FROM projects WHERE projects.id=6), 1, 145, 145);
INSERT INTO supporting_packages(id, option_list, package_count, order_id, project_package_id, supporting_project_id) VALUES (145, '["수분"]', 9, 145, 6, 145);
INSERT INTO supporting_projects(supporting_project_id, supported_at, delivery_id, payment_id, project_id, user_id) VALUES (146, (SELECT projects.start_date + INTERVAL 19 DAY FROM projects WHERE projects.id=6), 146, 146, 6, 34);
INSERT INTO orders (order_id, created_at, delivery_id, payment_id, supporting_project_id) VALUES (146, (SELECT projects.start_date + INTERVAL 19 DAY FROM projects WHERE projects.id=6), 1, 146, 146);
INSERT INTO supporting_packages(id, option_list, package_count, order_id, project_package_id, supporting_project_id) VALUES (146, '["주름개선"]', 7, 146, 6, 146);
INSERT INTO supporting_projects(supporting_project_id, supported_at, delivery_id, payment_id, project_id, user_id) VALUES (147, (SELECT projects.start_date + INTERVAL 13 DAY FROM projects WHERE projects.id=6), 147, 147, 6, 24);
INSERT INTO orders (order_id, created_at, delivery_id, payment_id, supporting_project_id) VALUES (147, (SELECT projects.start_date + INTERVAL 13 DAY FROM projects WHERE projects.id=6), 1, 147, 147);
INSERT INTO supporting_packages(id, option_list, package_count, order_id, project_package_id, supporting_project_id) VALUES (147, '["수분"]', 10, 147, 6, 147);
INSERT INTO supporting_projects(supporting_project_id, supported_at, delivery_id, payment_id, project_id, user_id) VALUES (148, (SELECT projects.start_date + INTERVAL 44 DAY FROM projects WHERE projects.id=6), 148, 148, 6, 40);
INSERT INTO orders (order_id, created_at, delivery_id, payment_id, supporting_project_id) VALUES (148, (SELECT projects.start_date + INTERVAL 44 DAY FROM projects WHERE projects.id=6), 1, 148, 148);
INSERT INTO supporting_packages(id, option_list, package_count, order_id, project_package_id, supporting_project_id) VALUES (148, '["수분"]', 9, 148, 6, 148);
INSERT INTO supporting_projects(supporting_project_id, supported_at, delivery_id, payment_id, project_id, user_id) VALUES (149, (SELECT projects.start_date + INTERVAL 1 DAY FROM projects WHERE projects.id=6), 149, 149, 6, 19);
INSERT INTO orders (order_id, created_at, delivery_id, payment_id, supporting_project_id) VALUES (149, (SELECT projects.start_date + INTERVAL 1 DAY FROM projects WHERE projects.id=6), 1, 149, 149);
INSERT INTO supporting_packages(id, option_list, package_count, order_id, project_package_id, supporting_project_id) VALUES (149, '["수분"]', 7, 149, 6, 149);
INSERT INTO supporting_projects(supporting_project_id, supported_at, delivery_id, payment_id, project_id, user_id) VALUES (150, (SELECT projects.start_date + INTERVAL 24 DAY FROM projects WHERE projects.id=6), 150, 150, 6, 7);
INSERT INTO orders (order_id, created_at, delivery_id, payment_id, supporting_project_id) VALUES (150, (SELECT projects.start_date + INTERVAL 24 DAY FROM projects WHERE projects.id=6), 1, 150, 150);
INSERT INTO supporting_packages(id, option_list, package_count, order_id, project_package_id, supporting_project_id) VALUES (150, '["수분"]', 1, 150, 6, 150);
INSERT INTO supporting_projects(supporting_project_id, supported_at, delivery_id, payment_id, project_id, user_id) VALUES (151, (SELECT projects.start_date + INTERVAL 46 DAY FROM projects WHERE projects.id=6), 151, 151, 6, 37);
INSERT INTO orders (order_id, created_at, delivery_id, payment_id, supporting_project_id) VALUES (151, (SELECT projects.start_date + INTERVAL 46 DAY FROM projects WHERE projects.id=6), 1, 151, 151);
INSERT INTO supporting_packages(id, option_list, package_count, order_id, project_package_id, supporting_project_id) VALUES (151, '["미백"]', 8, 151, 6, 151);
INSERT INTO supporting_projects(supporting_project_id, supported_at, delivery_id, payment_id, project_id, user_id) VALUES (152, (SELECT projects.start_date + INTERVAL 17 DAY FROM projects WHERE projects.id=6), 152, 152, 6, 39);
INSERT INTO orders (order_id, created_at, delivery_id, payment_id, supporting_project_id) VALUES (152, (SELECT projects.start_date + INTERVAL 17 DAY FROM projects WHERE projects.id=6), 1, 152, 152);
INSERT INTO supporting_packages(id, option_list, package_count, order_id, project_package_id, supporting_project_id) VALUES (152, '["수분"]', 7, 152, 6, 152);
INSERT INTO supporting_projects(supporting_project_id, supported_at, delivery_id, payment_id, project_id, user_id) VALUES (153, (SELECT projects.start_date + INTERVAL 40 DAY FROM projects WHERE projects.id=6), 153, 153, 6, 18);
INSERT INTO orders (order_id, created_at, delivery_id, payment_id, supporting_project_id) VALUES (153, (SELECT projects.start_date + INTERVAL 40 DAY FROM projects WHERE projects.id=6), 1, 153, 153);
INSERT INTO supporting_packages(id, option_list, package_count, order_id, project_package_id, supporting_project_id) VALUES (153, '["주름개선"]', 2, 153, 6, 153);
INSERT INTO supporting_projects(supporting_project_id, supported_at, delivery_id, payment_id, project_id, user_id) VALUES (154, (SELECT projects.start_date + INTERVAL 29 DAY FROM projects WHERE projects.id=6), 154, 154, 6, 18);
INSERT INTO orders (order_id, created_at, delivery_id, payment_id, supporting_project_id) VALUES (154, (SELECT projects.start_date + INTERVAL 29 DAY FROM projects WHERE projects.id=6), 1, 154, 154);
INSERT INTO supporting_packages(id, option_list, package_count, order_id, project_package_id, supporting_project_id) VALUES (154, '["미백"]', 4, 154, 6, 154);
INSERT INTO supporting_projects(supporting_project_id, supported_at, delivery_id, payment_id, project_id, user_id) VALUES (155, (SELECT projects.start_date + INTERVAL 27 DAY FROM projects WHERE projects.id=6), 155, 155, 6, 16);
INSERT INTO orders (order_id, created_at, delivery_id, payment_id, supporting_project_id) VALUES (155, (SELECT projects.start_date + INTERVAL 27 DAY FROM projects WHERE projects.id=6), 1, 155, 155);
INSERT INTO supporting_packages(id, option_list, package_count, order_id, project_package_id, supporting_project_id) VALUES (155, '["미백"]', 8, 155, 6, 155);
INSERT INTO supporting_projects(supporting_project_id, supported_at, delivery_id, payment_id, project_id, user_id) VALUES (156, (SELECT projects.start_date + INTERVAL 25 DAY FROM projects WHERE projects.id=6), 156, 156, 6, 15);
INSERT INTO orders (order_id, created_at, delivery_id, payment_id, supporting_project_id) VALUES (156, (SELECT projects.start_date + INTERVAL 25 DAY FROM projects WHERE projects.id=6), 1, 156, 156);
INSERT INTO supporting_packages(id, option_list, package_count, order_id, project_package_id, supporting_project_id) VALUES (156, '["수분"]', 7, 156, 6, 156);
INSERT INTO supporting_projects(supporting_project_id, supported_at, delivery_id, payment_id, project_id, user_id) VALUES (157, (SELECT projects.start_date + INTERVAL 42 DAY FROM projects WHERE projects.id=6), 157, 157, 6, 23);
INSERT INTO orders (order_id, created_at, delivery_id, payment_id, supporting_project_id) VALUES (157, (SELECT projects.start_date + INTERVAL 42 DAY FROM projects WHERE projects.id=6), 1, 157, 157);
INSERT INTO supporting_packages(id, option_list, package_count, order_id, project_package_id, supporting_project_id) VALUES (157, '["미백"]', 8, 157, 6, 157);
INSERT INTO supporting_projects(supporting_project_id, supported_at, delivery_id, payment_id, project_id, user_id) VALUES (158, (SELECT projects.start_date + INTERVAL 12 DAY FROM projects WHERE projects.id=6), 158, 158, 6, 7);
INSERT INTO orders (order_id, created_at, delivery_id, payment_id, supporting_project_id) VALUES (158, (SELECT projects.start_date + INTERVAL 12 DAY FROM projects WHERE projects.id=6), 1, 158, 158);
INSERT INTO supporting_packages(id, option_list, package_count, order_id, project_package_id, supporting_project_id) VALUES (158, '["미백"]', 10, 158, 6, 158);
INSERT INTO supporting_projects(supporting_project_id, supported_at, delivery_id, payment_id, project_id, user_id) VALUES (159, (SELECT projects.start_date + INTERVAL 44 DAY FROM projects WHERE projects.id=6), 159, 159, 6, 28);
INSERT INTO orders (order_id, created_at, delivery_id, payment_id, supporting_project_id) VALUES (159, (SELECT projects.start_date + INTERVAL 44 DAY FROM projects WHERE projects.id=6), 1, 159, 159);
INSERT INTO supporting_packages(id, option_list, package_count, order_id, project_package_id, supporting_project_id) VALUES (159, '["수분"]', 8, 159, 6, 159);
INSERT INTO supporting_projects(supporting_project_id, supported_at, delivery_id, payment_id, project_id, user_id) VALUES (160, (SELECT projects.start_date + INTERVAL 1 DAY FROM projects WHERE projects.id=6), 160, 160, 6, 20);
INSERT INTO orders (order_id, created_at, delivery_id, payment_id, supporting_project_id) VALUES (160, (SELECT projects.start_date + INTERVAL 1 DAY FROM projects WHERE projects.id=6), 1, 160, 160);
INSERT INTO supporting_packages(id, option_list, package_count, order_id, project_package_id, supporting_project_id) VALUES (160, '["미백"]', 10, 160, 6, 160);
INSERT INTO supporting_projects(supporting_project_id, supported_at, delivery_id, payment_id, project_id, user_id) VALUES (161, (SELECT projects.start_date + INTERVAL 20 DAY FROM projects WHERE projects.id=6), 161, 161, 6, 22);
INSERT INTO orders (order_id, created_at, delivery_id, payment_id, supporting_project_id) VALUES (161, (SELECT projects.start_date + INTERVAL 20 DAY FROM projects WHERE projects.id=6), 1, 161, 161);
INSERT INTO supporting_packages(id, option_list, package_count, order_id, project_package_id, supporting_project_id) VALUES (161, '["미백"]', 5, 161, 6, 161);
INSERT INTO supporting_projects(supporting_project_id, supported_at, delivery_id, payment_id, project_id, user_id) VALUES (162, (SELECT projects.start_date + INTERVAL 26 DAY FROM projects WHERE projects.id=6), 162, 162, 6, 8);
INSERT INTO orders (order_id, created_at, delivery_id, payment_id, supporting_project_id) VALUES (162, (SELECT projects.start_date + INTERVAL 26 DAY FROM projects WHERE projects.id=6), 1, 162, 162);
INSERT INTO supporting_packages(id, option_list, package_count, order_id, project_package_id, supporting_project_id) VALUES (162, '["미백"]', 10, 162, 6, 162);
INSERT INTO supporting_projects(supporting_project_id, supported_at, delivery_id, payment_id, project_id, user_id) VALUES (163, (SELECT projects.start_date + INTERVAL 24 DAY FROM projects WHERE projects.id=6), 163, 163, 6, 10);
INSERT INTO orders (order_id, created_at, delivery_id, payment_id, supporting_project_id) VALUES (163, (SELECT projects.start_date + INTERVAL 24 DAY FROM projects WHERE projects.id=6), 1, 163, 163);
INSERT INTO supporting_packages(id, option_list, package_count, order_id, project_package_id, supporting_project_id) VALUES (163, '["수분"]', 4, 163, 6, 163);
INSERT INTO supporting_projects(supporting_project_id, supported_at, delivery_id, payment_id, project_id, user_id) VALUES (164, (SELECT projects.start_date + INTERVAL 30 DAY FROM projects WHERE projects.id=6), 164, 164, 6, 18);
INSERT INTO orders (order_id, created_at, delivery_id, payment_id, supporting_project_id) VALUES (164, (SELECT projects.start_date + INTERVAL 30 DAY FROM projects WHERE projects.id=6), 1, 164, 164);
INSERT INTO supporting_packages(id, option_list, package_count, order_id, project_package_id, supporting_project_id) VALUES (164, '["주름개선"]', 2, 164, 6, 164);
INSERT INTO supporting_projects(supporting_project_id, supported_at, delivery_id, payment_id, project_id, user_id) VALUES (165, (SELECT projects.start_date + INTERVAL 7 DAY FROM projects WHERE projects.id=6), 165, 165, 6, 15);
INSERT INTO orders (order_id, created_at, delivery_id, payment_id, supporting_project_id) VALUES (165, (SELECT projects.start_date + INTERVAL 7 DAY FROM projects WHERE projects.id=6), 1, 165, 165);
INSERT INTO supporting_packages(id, option_list, package_count, order_id, project_package_id, supporting_project_id) VALUES (165, '["주름개선"]', 10, 165, 6, 165);
INSERT INTO supporting_projects(supporting_project_id, supported_at, delivery_id, payment_id, project_id, user_id) VALUES (166, (SELECT projects.start_date + INTERVAL 39 DAY FROM projects WHERE projects.id=6), 166, 166, 6, 11);
INSERT INTO orders (order_id, created_at, delivery_id, payment_id, supporting_project_id) VALUES (166, (SELECT projects.start_date + INTERVAL 39 DAY FROM projects WHERE projects.id=6), 1, 166, 166);
INSERT INTO supporting_packages(id, option_list, package_count, order_id, project_package_id, supporting_project_id) VALUES (166, '["수분"]', 4, 166, 6, 166);
INSERT INTO supporting_projects(supporting_project_id, supported_at, delivery_id, payment_id, project_id, user_id) VALUES (167, (SELECT projects.start_date + INTERVAL 16 DAY FROM projects WHERE projects.id=6), 167, 167, 6, 21);
INSERT INTO orders (order_id, created_at, delivery_id, payment_id, supporting_project_id) VALUES (167, (SELECT projects.start_date + INTERVAL 16 DAY FROM projects WHERE projects.id=6), 1, 167, 167);
INSERT INTO supporting_packages(id, option_list, package_count, order_id, project_package_id, supporting_project_id) VALUES (167, '["주름개선"]', 8, 167, 6, 167);
INSERT INTO supporting_projects(supporting_project_id, supported_at, delivery_id, payment_id, project_id, user_id) VALUES (168, (SELECT projects.start_date + INTERVAL 26 DAY FROM projects WHERE projects.id=6), 168, 168, 6, 17);
INSERT INTO orders (order_id, created_at, delivery_id, payment_id, supporting_project_id) VALUES (168, (SELECT projects.start_date + INTERVAL 26 DAY FROM projects WHERE projects.id=6), 1, 168, 168);
INSERT INTO supporting_packages(id, option_list, package_count, order_id, project_package_id, supporting_project_id) VALUES (168, '["주름개선"]', 1, 168, 6, 168);
INSERT INTO supporting_projects(supporting_project_id, supported_at, delivery_id, payment_id, project_id, user_id) VALUES (169, (SELECT projects.start_date + INTERVAL 37 DAY FROM projects WHERE projects.id=6), 169, 169, 6, 38);
INSERT INTO orders (order_id, created_at, delivery_id, payment_id, supporting_project_id) VALUES (169, (SELECT projects.start_date + INTERVAL 37 DAY FROM projects WHERE projects.id=6), 1, 169, 169);
INSERT INTO supporting_packages(id, option_list, package_count, order_id, project_package_id, supporting_project_id) VALUES (169, '["수분"]', 5, 169, 6, 169);
INSERT INTO supporting_projects(supporting_project_id, supported_at, delivery_id, payment_id, project_id, user_id) VALUES (170, (SELECT projects.start_date + INTERVAL 3 DAY FROM projects WHERE projects.id=6), 170, 170, 6, 20);
INSERT INTO orders (order_id, created_at, delivery_id, payment_id, supporting_project_id) VALUES (170, (SELECT projects.start_date + INTERVAL 3 DAY FROM projects WHERE projects.id=6), 1, 170, 170);
INSERT INTO supporting_packages(id, option_list, package_count, order_id, project_package_id, supporting_project_id) VALUES (170, '["미백"]', 2, 170, 6, 170);
INSERT INTO supporting_projects(supporting_project_id, supported_at, delivery_id, payment_id, project_id, user_id) VALUES (171, (SELECT projects.start_date + INTERVAL 32 DAY FROM projects WHERE projects.id=6), 171, 171, 6, 8);
INSERT INTO orders (order_id, created_at, delivery_id, payment_id, supporting_project_id) VALUES (171, (SELECT projects.start_date + INTERVAL 32 DAY FROM projects WHERE projects.id=6), 1, 171, 171);
INSERT INTO supporting_packages(id, option_list, package_count, order_id, project_package_id, supporting_project_id) VALUES (171, '["주름개선"]', 8, 171, 6, 171);
INSERT INTO supporting_projects(supporting_project_id, supported_at, delivery_id, payment_id, project_id, user_id) VALUES (172, (SELECT projects.start_date + INTERVAL 25 DAY FROM projects WHERE projects.id=6), 172, 172, 6, 24);
INSERT INTO orders (order_id, created_at, delivery_id, payment_id, supporting_project_id) VALUES (172, (SELECT projects.start_date + INTERVAL 25 DAY FROM projects WHERE projects.id=6), 1, 172, 172);
INSERT INTO supporting_packages(id, option_list, package_count, order_id, project_package_id, supporting_project_id) VALUES (172, '["미백"]', 8, 172, 6, 172);
INSERT INTO supporting_projects(supporting_project_id, supported_at, delivery_id, payment_id, project_id, user_id) VALUES (173, (SELECT projects.start_date + INTERVAL 14 DAY FROM projects WHERE projects.id=6), 173, 173, 6, 28);
INSERT INTO orders (order_id, created_at, delivery_id, payment_id, supporting_project_id) VALUES (173, (SELECT projects.start_date + INTERVAL 14 DAY FROM projects WHERE projects.id=6), 1, 173, 173);
INSERT INTO supporting_packages(id, option_list, package_count, order_id, project_package_id, supporting_project_id) VALUES (173, '["미백"]', 1, 173, 6, 173);
INSERT INTO supporting_projects(supporting_project_id, supported_at, delivery_id, payment_id, project_id, user_id) VALUES (174, (SELECT projects.start_date + INTERVAL 35 DAY FROM projects WHERE projects.id=6), 174, 174, 6, 39);
INSERT INTO orders (order_id, created_at, delivery_id, payment_id, supporting_project_id) VALUES (174, (SELECT projects.start_date + INTERVAL 35 DAY FROM projects WHERE projects.id=6), 1, 174, 174);
INSERT INTO supporting_packages(id, option_list, package_count, order_id, project_package_id, supporting_project_id) VALUES (174, '["주름개선"]', 7, 174, 6, 174);
INSERT INTO supporting_projects(supporting_project_id, supported_at, delivery_id, payment_id, project_id, user_id) VALUES (175, (SELECT projects.start_date + INTERVAL 23 DAY FROM projects WHERE projects.id=6), 175, 175, 6, 38);
INSERT INTO orders (order_id, created_at, delivery_id, payment_id, supporting_project_id) VALUES (175, (SELECT projects.start_date + INTERVAL 23 DAY FROM projects WHERE projects.id=6), 1, 175, 175);
INSERT INTO supporting_packages(id, option_list, package_count, order_id, project_package_id, supporting_project_id) VALUES (175, '["주름개선"]', 3, 175, 6, 175);
INSERT INTO supporting_projects(supporting_project_id, supported_at, delivery_id, payment_id, project_id, user_id) VALUES (176, (SELECT projects.start_date + INTERVAL 34 DAY FROM projects WHERE projects.id=6), 176, 176, 6, 39);
INSERT INTO orders (order_id, created_at, delivery_id, payment_id, supporting_project_id) VALUES (176, (SELECT projects.start_date + INTERVAL 34 DAY FROM projects WHERE projects.id=6), 1, 176, 176);
INSERT INTO supporting_packages(id, option_list, package_count, order_id, project_package_id, supporting_project_id) VALUES (176, '["주름개선"]', 4, 176, 6, 176);
INSERT INTO supporting_projects(supporting_project_id, supported_at, delivery_id, payment_id, project_id, user_id) VALUES (177, (SELECT projects.start_date + INTERVAL 7 DAY FROM projects WHERE projects.id=6), 177, 177, 6, 12);
INSERT INTO orders (order_id, created_at, delivery_id, payment_id, supporting_project_id) VALUES (177, (SELECT projects.start_date + INTERVAL 7 DAY FROM projects WHERE projects.id=6), 1, 177, 177);
INSERT INTO supporting_packages(id, option_list, package_count, order_id, project_package_id, supporting_project_id) VALUES (177, '["수분"]', 1, 177, 6, 177);
INSERT INTO supporting_projects(supporting_project_id, supported_at, delivery_id, payment_id, project_id, user_id) VALUES (178, (SELECT projects.start_date + INTERVAL 29 DAY FROM projects WHERE projects.id=6), 178, 178, 6, 1);
INSERT INTO orders (order_id, created_at, delivery_id, payment_id, supporting_project_id) VALUES (178, (SELECT projects.start_date + INTERVAL 29 DAY FROM projects WHERE projects.id=6), 1, 178, 178);
INSERT INTO supporting_packages(id, option_list, package_count, order_id, project_package_id, supporting_project_id) VALUES (178, '["주름개선"]', 2, 178, 6, 178);
INSERT INTO supporting_projects(supporting_project_id, supported_at, delivery_id, payment_id, project_id, user_id) VALUES (179, (SELECT projects.start_date + INTERVAL 7 DAY FROM projects WHERE projects.id=6), 179, 179, 6, 31);
INSERT INTO orders (order_id, created_at, delivery_id, payment_id, supporting_project_id) VALUES (179, (SELECT projects.start_date + INTERVAL 7 DAY FROM projects WHERE projects.id=6), 1, 179, 179);
INSERT INTO supporting_packages(id, option_list, package_count, order_id, project_package_id, supporting_project_id) VALUES (179, '["미백"]', 4, 179, 6, 179);
INSERT INTO supporting_projects(supporting_project_id, supported_at, delivery_id, payment_id, project_id, user_id) VALUES (180, (SELECT projects.start_date + INTERVAL 45 DAY FROM projects WHERE projects.id=6), 180, 180, 6, 28);
INSERT INTO orders (order_id, created_at, delivery_id, payment_id, supporting_project_id) VALUES (180, (SELECT projects.start_date + INTERVAL 45 DAY FROM projects WHERE projects.id=6), 1, 180, 180);
INSERT INTO supporting_packages(id, option_list, package_count, order_id, project_package_id, supporting_project_id) VALUES (180, '["미백"]', 1, 180, 6, 180);
INSERT INTO supporting_projects(supporting_project_id, supported_at, delivery_id, payment_id, project_id, user_id) VALUES (181, (SELECT projects.start_date + INTERVAL 5 DAY FROM projects WHERE projects.id=6), 181, 181, 6, 37);
INSERT INTO orders (order_id, created_at, delivery_id, payment_id, supporting_project_id) VALUES (181, (SELECT projects.start_date + INTERVAL 5 DAY FROM projects WHERE projects.id=6), 1, 181, 181);
INSERT INTO supporting_packages(id, option_list, package_count, order_id, project_package_id, supporting_project_id) VALUES (181, '["주름개선"]', 6, 181, 6, 181);
INSERT INTO supporting_projects(supporting_project_id, supported_at, delivery_id, payment_id, project_id, user_id) VALUES (182, (SELECT projects.start_date + INTERVAL 3 DAY FROM projects WHERE projects.id=6), 182, 182, 6, 25);
INSERT INTO orders (order_id, created_at, delivery_id, payment_id, supporting_project_id) VALUES (182, (SELECT projects.start_date + INTERVAL 3 DAY FROM projects WHERE projects.id=6), 1, 182, 182);
INSERT INTO supporting_packages(id, option_list, package_count, order_id, project_package_id, supporting_project_id) VALUES (182, '["수분"]', 8, 182, 6, 182);
INSERT INTO supporting_projects(supporting_project_id, supported_at, delivery_id, payment_id, project_id, user_id) VALUES (183, (SELECT projects.start_date + INTERVAL 43 DAY FROM projects WHERE projects.id=6), 183, 183, 6, 17);
INSERT INTO orders (order_id, created_at, delivery_id, payment_id, supporting_project_id) VALUES (183, (SELECT projects.start_date + INTERVAL 43 DAY FROM projects WHERE projects.id=6), 1, 183, 183);
INSERT INTO supporting_packages(id, option_list, package_count, order_id, project_package_id, supporting_project_id) VALUES (183, '["주름개선"]', 2, 183, 6, 183);
INSERT INTO supporting_projects(supporting_project_id, supported_at, delivery_id, payment_id, project_id, user_id) VALUES (184, (SELECT projects.start_date + INTERVAL 22 DAY FROM projects WHERE projects.id=6), 184, 184, 6, 30);
INSERT INTO orders (order_id, created_at, delivery_id, payment_id, supporting_project_id) VALUES (184, (SELECT projects.start_date + INTERVAL 22 DAY FROM projects WHERE projects.id=6), 1, 184, 184);
INSERT INTO supporting_packages(id, option_list, package_count, order_id, project_package_id, supporting_project_id) VALUES (184, '["주름개선"]', 5, 184, 6, 184);
INSERT INTO supporting_projects(supporting_project_id, supported_at, delivery_id, payment_id, project_id, user_id) VALUES (185, (SELECT projects.start_date + INTERVAL 39 DAY FROM projects WHERE projects.id=6), 185, 185, 6, 33);
INSERT INTO orders (order_id, created_at, delivery_id, payment_id, supporting_project_id) VALUES (185, (SELECT projects.start_date + INTERVAL 39 DAY FROM projects WHERE projects.id=6), 1, 185, 185);
INSERT INTO supporting_packages(id, option_list, package_count, order_id, project_package_id, supporting_project_id) VALUES (185, '["수분"]', 7, 185, 6, 185);
INSERT INTO supporting_projects(supporting_project_id, supported_at, delivery_id, payment_id, project_id, user_id) VALUES (186, (SELECT projects.start_date + INTERVAL 30 DAY FROM projects WHERE projects.id=6), 186, 186, 6, 33);
INSERT INTO orders (order_id, created_at, delivery_id, payment_id, supporting_project_id) VALUES (186, (SELECT projects.start_date + INTERVAL 30 DAY FROM projects WHERE projects.id=6), 1, 186, 186);
INSERT INTO supporting_packages(id, option_list, package_count, order_id, project_package_id, supporting_project_id) VALUES (186, '["미백"]', 4, 186, 6, 186);
INSERT INTO supporting_projects(supporting_project_id, supported_at, delivery_id, payment_id, project_id, user_id) VALUES (187, (SELECT projects.start_date + INTERVAL 48 DAY FROM projects WHERE projects.id=6), 187, 187, 6, 38);
INSERT INTO orders (order_id, created_at, delivery_id, payment_id, supporting_project_id) VALUES (187, (SELECT projects.start_date + INTERVAL 48 DAY FROM projects WHERE projects.id=6), 1, 187, 187);
INSERT INTO supporting_packages(id, option_list, package_count, order_id, project_package_id, supporting_project_id) VALUES (187, '["수분"]', 8, 187, 6, 187);
INSERT INTO supporting_projects(supporting_project_id, supported_at, delivery_id, payment_id, project_id, user_id) VALUES (188, (SELECT projects.start_date + INTERVAL 22 DAY FROM projects WHERE projects.id=6), 188, 188, 6, 30);
INSERT INTO orders (order_id, created_at, delivery_id, payment_id, supporting_project_id) VALUES (188, (SELECT projects.start_date + INTERVAL 22 DAY FROM projects WHERE projects.id=6), 1, 188, 188);
INSERT INTO supporting_packages(id, option_list, package_count, order_id, project_package_id, supporting_project_id) VALUES (188, '["주름개선"]', 5, 188, 6, 188);
INSERT INTO supporting_projects(supporting_project_id, supported_at, delivery_id, payment_id, project_id, user_id) VALUES (189, (SELECT projects.start_date + INTERVAL 1 DAY FROM projects WHERE projects.id=6), 189, 189, 6, 10);
INSERT INTO orders (order_id, created_at, delivery_id, payment_id, supporting_project_id) VALUES (189, (SELECT projects.start_date + INTERVAL 1 DAY FROM projects WHERE projects.id=6), 1, 189, 189);
INSERT INTO supporting_packages(id, option_list, package_count, order_id, project_package_id, supporting_project_id) VALUES (189, '["미백"]', 7, 189, 6, 189);
INSERT INTO supporting_projects(supporting_project_id, supported_at, delivery_id, payment_id, project_id, user_id) VALUES (190, (SELECT projects.start_date + INTERVAL 39 DAY FROM projects WHERE projects.id=6), 190, 190, 6, 4);
INSERT INTO orders (order_id, created_at, delivery_id, payment_id, supporting_project_id) VALUES (190, (SELECT projects.start_date + INTERVAL 39 DAY FROM projects WHERE projects.id=6), 1, 190, 190);
INSERT INTO supporting_packages(id, option_list, package_count, order_id, project_package_id, supporting_project_id) VALUES (190, '["수분"]', 7, 190, 6, 190);
INSERT INTO supporting_projects(supporting_project_id, supported_at, delivery_id, payment_id, project_id, user_id) VALUES (191, (SELECT projects.start_date + INTERVAL 40 DAY FROM projects WHERE projects.id=6), 191, 191, 6, 25);
INSERT INTO orders (order_id, created_at, delivery_id, payment_id, supporting_project_id) VALUES (191, (SELECT projects.start_date + INTERVAL 40 DAY FROM projects WHERE projects.id=6), 1, 191, 191);
INSERT INTO supporting_packages(id, option_list, package_count, order_id, project_package_id, supporting_project_id) VALUES (191, '["수분"]', 6, 191, 6, 191);
INSERT INTO supporting_projects(supporting_project_id, supported_at, delivery_id, payment_id, project_id, user_id) VALUES (192, (SELECT projects.start_date + INTERVAL 18 DAY FROM projects WHERE projects.id=6), 192, 192, 6, 31);
INSERT INTO orders (order_id, created_at, delivery_id, payment_id, supporting_project_id) VALUES (192, (SELECT projects.start_date + INTERVAL 18 DAY FROM projects WHERE projects.id=6), 1, 192, 192);
INSERT INTO supporting_packages(id, option_list, package_count, order_id, project_package_id, supporting_project_id) VALUES (192, '["주름개선"]', 8, 192, 6, 192);
INSERT INTO supporting_projects(supporting_project_id, supported_at, delivery_id, payment_id, project_id, user_id) VALUES (193, (SELECT projects.start_date + INTERVAL 33 DAY FROM projects WHERE projects.id=6), 193, 193, 6, 20);
INSERT INTO orders (order_id, created_at, delivery_id, payment_id, supporting_project_id) VALUES (193, (SELECT projects.start_date + INTERVAL 33 DAY FROM projects WHERE projects.id=6), 1, 193, 193);
INSERT INTO supporting_packages(id, option_list, package_count, order_id, project_package_id, supporting_project_id) VALUES (193, '["수분"]', 2, 193, 6, 193);
INSERT INTO supporting_projects(supporting_project_id, supported_at, delivery_id, payment_id, project_id, user_id) VALUES (194, (SELECT projects.start_date + INTERVAL 16 DAY FROM projects WHERE projects.id=6), 194, 194, 6, 17);
INSERT INTO orders (order_id, created_at, delivery_id, payment_id, supporting_project_id) VALUES (194, (SELECT projects.start_date + INTERVAL 16 DAY FROM projects WHERE projects.id=6), 1, 194, 194);
INSERT INTO supporting_packages(id, option_list, package_count, order_id, project_package_id, supporting_project_id) VALUES (194, '["주름개선"]', 4, 194, 6, 194);
INSERT INTO supporting_projects(supporting_project_id, supported_at, delivery_id, payment_id, project_id, user_id) VALUES (195, (SELECT projects.start_date + INTERVAL 12 DAY FROM projects WHERE projects.id=6), 195, 195, 6, 27);
INSERT INTO orders (order_id, created_at, delivery_id, payment_id, supporting_project_id) VALUES (195, (SELECT projects.start_date + INTERVAL 12 DAY FROM projects WHERE projects.id=6), 1, 195, 195);
INSERT INTO supporting_packages(id, option_list, package_count, order_id, project_package_id, supporting_project_id) VALUES (195, '["수분"]', 8, 195, 6, 195);
INSERT INTO supporting_projects(supporting_project_id, supported_at, delivery_id, payment_id, project_id, user_id) VALUES (196, (SELECT projects.start_date + INTERVAL 12 DAY FROM projects WHERE projects.id=6), 196, 196, 6, 26);
INSERT INTO orders (order_id, created_at, delivery_id, payment_id, supporting_project_id) VALUES (196, (SELECT projects.start_date + INTERVAL 12 DAY FROM projects WHERE projects.id=6), 1, 196, 196);
INSERT INTO supporting_packages(id, option_list, package_count, order_id, project_package_id, supporting_project_id) VALUES (196, '["주름개선"]', 5, 196, 6, 196);
INSERT INTO supporting_projects(supporting_project_id, supported_at, delivery_id, payment_id, project_id, user_id) VALUES (197, (SELECT projects.start_date + INTERVAL 46 DAY FROM projects WHERE projects.id=6), 197, 197, 6, 35);
INSERT INTO orders (order_id, created_at, delivery_id, payment_id, supporting_project_id) VALUES (197, (SELECT projects.start_date + INTERVAL 46 DAY FROM projects WHERE projects.id=6), 1, 197, 197);
INSERT INTO supporting_packages(id, option_list, package_count, order_id, project_package_id, supporting_project_id) VALUES (197, '["수분"]', 3, 197, 6, 197);
INSERT INTO supporting_projects(supporting_project_id, supported_at, delivery_id, payment_id, project_id, user_id) VALUES (198, (SELECT projects.start_date + INTERVAL 24 DAY FROM projects WHERE projects.id=6), 198, 198, 6, 6);
INSERT INTO orders (order_id, created_at, delivery_id, payment_id, supporting_project_id) VALUES (198, (SELECT projects.start_date + INTERVAL 24 DAY FROM projects WHERE projects.id=6), 1, 198, 198);
INSERT INTO supporting_packages(id, option_list, package_count, order_id, project_package_id, supporting_project_id) VALUES (198, '["수분"]', 7, 198, 6, 198);
INSERT INTO supporting_projects(supporting_project_id, supported_at, delivery_id, payment_id, project_id, user_id) VALUES (199, (SELECT projects.start_date + INTERVAL 28 DAY FROM projects WHERE projects.id=6), 199, 199, 6, 25);
INSERT INTO orders (order_id, created_at, delivery_id, payment_id, supporting_project_id) VALUES (199, (SELECT projects.start_date + INTERVAL 28 DAY FROM projects WHERE projects.id=6), 1, 199, 199);
INSERT INTO supporting_packages(id, option_list, package_count, order_id, project_package_id, supporting_project_id) VALUES (199, '["주름개선"]', 10, 199, 6, 199);
INSERT INTO supporting_projects(supporting_project_id, supported_at, delivery_id, payment_id, project_id, user_id) VALUES (200, (SELECT projects.start_date + INTERVAL 24 DAY FROM projects WHERE projects.id=6), 200, 200, 6, 19);
INSERT INTO orders (order_id, created_at, delivery_id, payment_id, supporting_project_id) VALUES (200, (SELECT projects.start_date + INTERVAL 24 DAY FROM projects WHERE projects.id=6), 1, 200, 200);
INSERT INTO supporting_packages(id, option_list, package_count, order_id, project_package_id, supporting_project_id) VALUES (200, '["미백"]', 5, 200, 6, 200);
INSERT INTO supporting_projects(supporting_project_id, supported_at, delivery_id, payment_id, project_id, user_id) VALUES (201, (SELECT projects.start_date + INTERVAL 42 DAY FROM projects WHERE projects.id=6), 201, 201, 6, 39);
INSERT INTO orders (order_id, created_at, delivery_id, payment_id, supporting_project_id) VALUES (201, (SELECT projects.start_date + INTERVAL 42 DAY FROM projects WHERE projects.id=6), 1, 201, 201);
INSERT INTO supporting_packages(id, option_list, package_count, order_id, project_package_id, supporting_project_id) VALUES (201, '["수분"]', 8, 201, 6, 201);
INSERT INTO supporting_projects(supporting_project_id, supported_at, delivery_id, payment_id, project_id, user_id) VALUES (202, (SELECT projects.start_date + INTERVAL 13 DAY FROM projects WHERE projects.id=6), 202, 202, 6, 33);
INSERT INTO orders (order_id, created_at, delivery_id, payment_id, supporting_project_id) VALUES (202, (SELECT projects.start_date + INTERVAL 13 DAY FROM projects WHERE projects.id=6), 1, 202, 202);
INSERT INTO supporting_packages(id, option_list, package_count, order_id, project_package_id, supporting_project_id) VALUES (202, '["주름개선"]', 4, 202, 6, 202);
INSERT INTO supporting_projects(supporting_project_id, supported_at, delivery_id, payment_id, project_id, user_id) VALUES (203, (SELECT projects.start_date + INTERVAL 47 DAY FROM projects WHERE projects.id=6), 203, 203, 6, 12);
INSERT INTO orders (order_id, created_at, delivery_id, payment_id, supporting_project_id) VALUES (203, (SELECT projects.start_date + INTERVAL 47 DAY FROM projects WHERE projects.id=6), 1, 203, 203);
INSERT INTO supporting_packages(id, option_list, package_count, order_id, project_package_id, supporting_project_id) VALUES (203, '["미백"]', 3, 203, 6, 203);
INSERT INTO supporting_projects(supporting_project_id, supported_at, delivery_id, payment_id, project_id, user_id) VALUES (204, (SELECT projects.start_date + INTERVAL 47 DAY FROM projects WHERE projects.id=6), 204, 204, 6, 5);
INSERT INTO orders (order_id, created_at, delivery_id, payment_id, supporting_project_id) VALUES (204, (SELECT projects.start_date + INTERVAL 47 DAY FROM projects WHERE projects.id=6), 1, 204, 204);
INSERT INTO supporting_packages(id, option_list, package_count, order_id, project_package_id, supporting_project_id) VALUES (204, '["수분"]', 7, 204, 6, 204);
INSERT INTO supporting_projects(supporting_project_id, supported_at, delivery_id, payment_id, project_id, user_id) VALUES (205, (SELECT projects.start_date + INTERVAL 2 DAY FROM projects WHERE projects.id=6), 205, 205, 6, 24);
INSERT INTO orders (order_id, created_at, delivery_id, payment_id, supporting_project_id) VALUES (205, (SELECT projects.start_date + INTERVAL 2 DAY FROM projects WHERE projects.id=6), 1, 205, 205);
INSERT INTO supporting_packages(id, option_list, package_count, order_id, project_package_id, supporting_project_id) VALUES (205, '["주름개선"]', 5, 205, 6, 205);
INSERT INTO supporting_projects(supporting_project_id, supported_at, delivery_id, payment_id, project_id, user_id) VALUES (206, (SELECT projects.start_date + INTERVAL 11 DAY FROM projects WHERE projects.id=6), 206, 206, 6, 10);
INSERT INTO orders (order_id, created_at, delivery_id, payment_id, supporting_project_id) VALUES (206, (SELECT projects.start_date + INTERVAL 11 DAY FROM projects WHERE projects.id=6), 1, 206, 206);
INSERT INTO supporting_packages(id, option_list, package_count, order_id, project_package_id, supporting_project_id) VALUES (206, '["미백"]', 7, 206, 6, 206);
INSERT INTO supporting_projects(supporting_project_id, supported_at, delivery_id, payment_id, project_id, user_id) VALUES (207, (SELECT projects.start_date + INTERVAL 7 DAY FROM projects WHERE projects.id=6), 207, 207, 6, 27);
INSERT INTO orders (order_id, created_at, delivery_id, payment_id, supporting_project_id) VALUES (207, (SELECT projects.start_date + INTERVAL 7 DAY FROM projects WHERE projects.id=6), 1, 207, 207);
INSERT INTO supporting_packages(id, option_list, package_count, order_id, project_package_id, supporting_project_id) VALUES (207, '["미백"]', 3, 207, 6, 207);
INSERT INTO supporting_projects(supporting_project_id, supported_at, delivery_id, payment_id, project_id, user_id) VALUES (208, (SELECT projects.start_date + INTERVAL 18 DAY FROM projects WHERE projects.id=6), 208, 208, 6, 21);
INSERT INTO orders (order_id, created_at, delivery_id, payment_id, supporting_project_id) VALUES (208, (SELECT projects.start_date + INTERVAL 18 DAY FROM projects WHERE projects.id=6), 1, 208, 208);
INSERT INTO supporting_packages(id, option_list, package_count, order_id, project_package_id, supporting_project_id) VALUES (208, '["미백"]', 8, 208, 6, 208);
INSERT INTO supporting_projects(supporting_project_id, supported_at, delivery_id, payment_id, project_id, user_id) VALUES (209, (SELECT projects.start_date + INTERVAL 6 DAY FROM projects WHERE projects.id=6), 209, 209, 6, 27);
INSERT INTO orders (order_id, created_at, delivery_id, payment_id, supporting_project_id) VALUES (209, (SELECT projects.start_date + INTERVAL 6 DAY FROM projects WHERE projects.id=6), 1, 209, 209);
INSERT INTO supporting_packages(id, option_list, package_count, order_id, project_package_id, supporting_project_id) VALUES (209, '["수분"]', 10, 209, 6, 209);
INSERT INTO supporting_projects(supporting_project_id, supported_at, delivery_id, payment_id, project_id, user_id) VALUES (210, (SELECT projects.start_date + INTERVAL 1 DAY FROM projects WHERE projects.id=6), 210, 210, 6, 13);
INSERT INTO orders (order_id, created_at, delivery_id, payment_id, supporting_project_id) VALUES (210, (SELECT projects.start_date + INTERVAL 1 DAY FROM projects WHERE projects.id=6), 1, 210, 210);
INSERT INTO supporting_packages(id, option_list, package_count, order_id, project_package_id, supporting_project_id) VALUES (210, '["주름개선"]', 7, 210, 6, 210);
INSERT INTO supporting_projects(supporting_project_id, supported_at, delivery_id, payment_id, project_id, user_id) VALUES (211, (SELECT projects.start_date + INTERVAL 30 DAY FROM projects WHERE projects.id=7), 211, 211, 7, 32);
INSERT INTO orders (order_id, created_at, delivery_id, payment_id, supporting_project_id) VALUES (211, (SELECT projects.start_date + INTERVAL 30 DAY FROM projects WHERE projects.id=7), 1, 211, 211);
INSERT INTO supporting_packages(id, option_list, package_count, order_id, project_package_id, supporting_project_id) VALUES (211, '["리포트"]', 9, 211, 7, 211);
INSERT INTO supporting_projects(supporting_project_id, supported_at, delivery_id, payment_id, project_id, user_id) VALUES (212, (SELECT projects.start_date + INTERVAL 9 DAY FROM projects WHERE projects.id=7), 212, 212, 7, 21);
INSERT INTO orders (order_id, created_at, delivery_id, payment_id, supporting_project_id) VALUES (212, (SELECT projects.start_date + INTERVAL 9 DAY FROM projects WHERE projects.id=7), 1, 212, 212);
INSERT INTO supporting_packages(id, option_list, package_count, order_id, project_package_id, supporting_project_id) VALUES (212, '["리포트"]', 3, 212, 7, 212);
INSERT INTO supporting_projects(supporting_project_id, supported_at, delivery_id, payment_id, project_id, user_id) VALUES (213, (SELECT projects.start_date + INTERVAL 41 DAY FROM projects WHERE projects.id=7), 213, 213, 7, 24);
INSERT INTO orders (order_id, created_at, delivery_id, payment_id, supporting_project_id) VALUES (213, (SELECT projects.start_date + INTERVAL 41 DAY FROM projects WHERE projects.id=7), 1, 213, 213);
INSERT INTO supporting_packages(id, option_list, package_count, order_id, project_package_id, supporting_project_id) VALUES (213, '["리포트"]', 5, 213, 7, 213);
INSERT INTO supporting_projects(supporting_project_id, supported_at, delivery_id, payment_id, project_id, user_id) VALUES (214, (SELECT projects.start_date + INTERVAL 22 DAY FROM projects WHERE projects.id=7), 214, 214, 7, 1);
INSERT INTO orders (order_id, created_at, delivery_id, payment_id, supporting_project_id) VALUES (214, (SELECT projects.start_date + INTERVAL 22 DAY FROM projects WHERE projects.id=7), 1, 214, 214);
INSERT INTO supporting_packages(id, option_list, package_count, order_id, project_package_id, supporting_project_id) VALUES (214, '["세미나 참석권"]', 3, 214, 7, 214);
INSERT INTO supporting_projects(supporting_project_id, supported_at, delivery_id, payment_id, project_id, user_id) VALUES (215, (SELECT projects.start_date + INTERVAL 40 DAY FROM projects WHERE projects.id=7), 215, 215, 7, 27);
INSERT INTO orders (order_id, created_at, delivery_id, payment_id, supporting_project_id) VALUES (215, (SELECT projects.start_date + INTERVAL 40 DAY FROM projects WHERE projects.id=7), 1, 215, 215);
INSERT INTO supporting_packages(id, option_list, package_count, order_id, project_package_id, supporting_project_id) VALUES (215, '["리포트"]', 8, 215, 7, 215);
INSERT INTO supporting_projects(supporting_project_id, supported_at, delivery_id, payment_id, project_id, user_id) VALUES (216, (SELECT projects.start_date + INTERVAL 10 DAY FROM projects WHERE projects.id=7), 216, 216, 7, 3);
INSERT INTO orders (order_id, created_at, delivery_id, payment_id, supporting_project_id) VALUES (216, (SELECT projects.start_date + INTERVAL 10 DAY FROM projects WHERE projects.id=7), 1, 216, 216);
INSERT INTO supporting_packages(id, option_list, package_count, order_id, project_package_id, supporting_project_id) VALUES (216, '["리포트"]', 1, 216, 7, 216);
INSERT INTO supporting_projects(supporting_project_id, supported_at, delivery_id, payment_id, project_id, user_id) VALUES (217, (SELECT projects.start_date + INTERVAL 29 DAY FROM projects WHERE projects.id=7), 217, 217, 7, 9);
INSERT INTO orders (order_id, created_at, delivery_id, payment_id, supporting_project_id) VALUES (217, (SELECT projects.start_date + INTERVAL 29 DAY FROM projects WHERE projects.id=7), 1, 217, 217);
INSERT INTO supporting_packages(id, option_list, package_count, order_id, project_package_id, supporting_project_id) VALUES (217, '["리포트"]', 7, 217, 7, 217);
INSERT INTO supporting_projects(supporting_project_id, supported_at, delivery_id, payment_id, project_id, user_id) VALUES (218, (SELECT projects.start_date + INTERVAL 39 DAY FROM projects WHERE projects.id=7), 218, 218, 7, 16);
INSERT INTO orders (order_id, created_at, delivery_id, payment_id, supporting_project_id) VALUES (218, (SELECT projects.start_date + INTERVAL 39 DAY FROM projects WHERE projects.id=7), 1, 218, 218);
INSERT INTO supporting_packages(id, option_list, package_count, order_id, project_package_id, supporting_project_id) VALUES (218, '["리포트"]', 8, 218, 7, 218);
INSERT INTO supporting_projects(supporting_project_id, supported_at, delivery_id, payment_id, project_id, user_id) VALUES (219, (SELECT projects.start_date + INTERVAL 10 DAY FROM projects WHERE projects.id=7), 219, 219, 7, 32);
INSERT INTO orders (order_id, created_at, delivery_id, payment_id, supporting_project_id) VALUES (219, (SELECT projects.start_date + INTERVAL 10 DAY FROM projects WHERE projects.id=7), 1, 219, 219);
INSERT INTO supporting_packages(id, option_list, package_count, order_id, project_package_id, supporting_project_id) VALUES (219, '["세미나 참석권"]', 9, 219, 7, 219);
INSERT INTO supporting_projects(supporting_project_id, supported_at, delivery_id, payment_id, project_id, user_id) VALUES (220, (SELECT projects.start_date + INTERVAL 18 DAY FROM projects WHERE projects.id=7), 220, 220, 7, 8);
INSERT INTO orders (order_id, created_at, delivery_id, payment_id, supporting_project_id) VALUES (220, (SELECT projects.start_date + INTERVAL 18 DAY FROM projects WHERE projects.id=7), 1, 220, 220);
INSERT INTO supporting_packages(id, option_list, package_count, order_id, project_package_id, supporting_project_id) VALUES (220, '["리포트"]', 7, 220, 7, 220);
INSERT INTO supporting_projects(supporting_project_id, supported_at, delivery_id, payment_id, project_id, user_id) VALUES (221, (SELECT projects.start_date + INTERVAL 43 DAY FROM projects WHERE projects.id=7), 221, 221, 7, 18);
INSERT INTO orders (order_id, created_at, delivery_id, payment_id, supporting_project_id) VALUES (221, (SELECT projects.start_date + INTERVAL 43 DAY FROM projects WHERE projects.id=7), 1, 221, 221);
INSERT INTO supporting_packages(id, option_list, package_count, order_id, project_package_id, supporting_project_id) VALUES (221, '["리포트"]', 6, 221, 7, 221);
INSERT INTO supporting_projects(supporting_project_id, supported_at, delivery_id, payment_id, project_id, user_id) VALUES (222, (SELECT projects.start_date + INTERVAL 39 DAY FROM projects WHERE projects.id=7), 222, 222, 7, 31);
INSERT INTO orders (order_id, created_at, delivery_id, payment_id, supporting_project_id) VALUES (222, (SELECT projects.start_date + INTERVAL 39 DAY FROM projects WHERE projects.id=7), 1, 222, 222);
INSERT INTO supporting_packages(id, option_list, package_count, order_id, project_package_id, supporting_project_id) VALUES (222, '["리포트"]', 5, 222, 7, 222);
INSERT INTO supporting_projects(supporting_project_id, supported_at, delivery_id, payment_id, project_id, user_id) VALUES (223, (SELECT projects.start_date + INTERVAL 45 DAY FROM projects WHERE projects.id=7), 223, 223, 7, 27);
INSERT INTO orders (order_id, created_at, delivery_id, payment_id, supporting_project_id) VALUES (223, (SELECT projects.start_date + INTERVAL 45 DAY FROM projects WHERE projects.id=7), 1, 223, 223);
INSERT INTO supporting_packages(id, option_list, package_count, order_id, project_package_id, supporting_project_id) VALUES (223, '["세미나 참석권"]', 8, 223, 7, 223);
INSERT INTO supporting_projects(supporting_project_id, supported_at, delivery_id, payment_id, project_id, user_id) VALUES (224, (SELECT projects.start_date + INTERVAL 39 DAY FROM projects WHERE projects.id=7), 224, 224, 7, 4);
INSERT INTO orders (order_id, created_at, delivery_id, payment_id, supporting_project_id) VALUES (224, (SELECT projects.start_date + INTERVAL 39 DAY FROM projects WHERE projects.id=7), 1, 224, 224);
INSERT INTO supporting_packages(id, option_list, package_count, order_id, project_package_id, supporting_project_id) VALUES (224, '["리포트"]', 1, 224, 7, 224);
INSERT INTO supporting_projects(supporting_project_id, supported_at, delivery_id, payment_id, project_id, user_id) VALUES (225, (SELECT projects.start_date + INTERVAL 37 DAY FROM projects WHERE projects.id=7), 225, 225, 7, 9);
INSERT INTO orders (order_id, created_at, delivery_id, payment_id, supporting_project_id) VALUES (225, (SELECT projects.start_date + INTERVAL 37 DAY FROM projects WHERE projects.id=7), 1, 225, 225);
INSERT INTO supporting_packages(id, option_list, package_count, order_id, project_package_id, supporting_project_id) VALUES (225, '["리포트"]', 9, 225, 7, 225);
INSERT INTO supporting_projects(supporting_project_id, supported_at, delivery_id, payment_id, project_id, user_id) VALUES (226, (SELECT projects.start_date + INTERVAL 4 DAY FROM projects WHERE projects.id=7), 226, 226, 7, 24);
INSERT INTO orders (order_id, created_at, delivery_id, payment_id, supporting_project_id) VALUES (226, (SELECT projects.start_date + INTERVAL 4 DAY FROM projects WHERE projects.id=7), 1, 226, 226);
INSERT INTO supporting_packages(id, option_list, package_count, order_id, project_package_id, supporting_project_id) VALUES (226, '["리포트"]', 2, 226, 7, 226);
INSERT INTO supporting_projects(supporting_project_id, supported_at, delivery_id, payment_id, project_id, user_id) VALUES (227, (SELECT projects.start_date + INTERVAL 29 DAY FROM projects WHERE projects.id=7), 227, 227, 7, 13);
INSERT INTO orders (order_id, created_at, delivery_id, payment_id, supporting_project_id) VALUES (227, (SELECT projects.start_date + INTERVAL 29 DAY FROM projects WHERE projects.id=7), 1, 227, 227);
INSERT INTO supporting_packages(id, option_list, package_count, order_id, project_package_id, supporting_project_id) VALUES (227, '["세미나 참석권"]', 9, 227, 7, 227);
INSERT INTO supporting_projects(supporting_project_id, supported_at, delivery_id, payment_id, project_id, user_id) VALUES (228, (SELECT projects.start_date + INTERVAL 48 DAY FROM projects WHERE projects.id=7), 228, 228, 7, 7);
INSERT INTO orders (order_id, created_at, delivery_id, payment_id, supporting_project_id) VALUES (228, (SELECT projects.start_date + INTERVAL 48 DAY FROM projects WHERE projects.id=7), 1, 228, 228);
INSERT INTO supporting_packages(id, option_list, package_count, order_id, project_package_id, supporting_project_id) VALUES (228, '["리포트"]', 8, 228, 7, 228);
INSERT INTO supporting_projects(supporting_project_id, supported_at, delivery_id, payment_id, project_id, user_id) VALUES (229, (SELECT projects.start_date + INTERVAL 32 DAY FROM projects WHERE projects.id=7), 229, 229, 7, 32);
INSERT INTO orders (order_id, created_at, delivery_id, payment_id, supporting_project_id) VALUES (229, (SELECT projects.start_date + INTERVAL 32 DAY FROM projects WHERE projects.id=7), 1, 229, 229);
INSERT INTO supporting_packages(id, option_list, package_count, order_id, project_package_id, supporting_project_id) VALUES (229, '["세미나 참석권"]', 4, 229, 7, 229);
INSERT INTO supporting_projects(supporting_project_id, supported_at, delivery_id, payment_id, project_id, user_id) VALUES (230, (SELECT projects.start_date + INTERVAL 10 DAY FROM projects WHERE projects.id=7), 230, 230, 7, 19);
INSERT INTO orders (order_id, created_at, delivery_id, payment_id, supporting_project_id) VALUES (230, (SELECT projects.start_date + INTERVAL 10 DAY FROM projects WHERE projects.id=7), 1, 230, 230);
INSERT INTO supporting_packages(id, option_list, package_count, order_id, project_package_id, supporting_project_id) VALUES (230, '["리포트"]', 4, 230, 7, 230);
INSERT INTO supporting_projects(supporting_project_id, supported_at, delivery_id, payment_id, project_id, user_id) VALUES (231, (SELECT projects.start_date + INTERVAL 37 DAY FROM projects WHERE projects.id=7), 231, 231, 7, 33);
INSERT INTO orders (order_id, created_at, delivery_id, payment_id, supporting_project_id) VALUES (231, (SELECT projects.start_date + INTERVAL 37 DAY FROM projects WHERE projects.id=7), 1, 231, 231);
INSERT INTO supporting_packages(id, option_list, package_count, order_id, project_package_id, supporting_project_id) VALUES (231, '["세미나 참석권"]', 1, 231, 7, 231);
INSERT INTO supporting_projects(supporting_project_id, supported_at, delivery_id, payment_id, project_id, user_id) VALUES (232, (SELECT projects.start_date + INTERVAL 50 DAY FROM projects WHERE projects.id=7), 232, 232, 7, 3);
INSERT INTO orders (order_id, created_at, delivery_id, payment_id, supporting_project_id) VALUES (232, (SELECT projects.start_date + INTERVAL 50 DAY FROM projects WHERE projects.id=7), 1, 232, 232);
INSERT INTO supporting_packages(id, option_list, package_count, order_id, project_package_id, supporting_project_id) VALUES (232, '["세미나 참석권"]', 3, 232, 7, 232);
INSERT INTO supporting_projects(supporting_project_id, supported_at, delivery_id, payment_id, project_id, user_id) VALUES (233, (SELECT projects.start_date + INTERVAL 3 DAY FROM projects WHERE projects.id=7), 233, 233, 7, 7);
INSERT INTO orders (order_id, created_at, delivery_id, payment_id, supporting_project_id) VALUES (233, (SELECT projects.start_date + INTERVAL 3 DAY FROM projects WHERE projects.id=7), 1, 233, 233);
INSERT INTO supporting_packages(id, option_list, package_count, order_id, project_package_id, supporting_project_id) VALUES (233, '["리포트"]', 7, 233, 7, 233);
INSERT INTO supporting_projects(supporting_project_id, supported_at, delivery_id, payment_id, project_id, user_id) VALUES (234, (SELECT projects.start_date + INTERVAL 1 DAY FROM projects WHERE projects.id=7), 234, 234, 7, 38);
INSERT INTO orders (order_id, created_at, delivery_id, payment_id, supporting_project_id) VALUES (234, (SELECT projects.start_date + INTERVAL 1 DAY FROM projects WHERE projects.id=7), 1, 234, 234);
INSERT INTO supporting_packages(id, option_list, package_count, order_id, project_package_id, supporting_project_id) VALUES (234, '["리포트"]', 2, 234, 7, 234);
INSERT INTO supporting_projects(supporting_project_id, supported_at, delivery_id, payment_id, project_id, user_id) VALUES (235, (SELECT projects.start_date + INTERVAL 36 DAY FROM projects WHERE projects.id=7), 235, 235, 7, 13);
INSERT INTO orders (order_id, created_at, delivery_id, payment_id, supporting_project_id) VALUES (235, (SELECT projects.start_date + INTERVAL 36 DAY FROM projects WHERE projects.id=7), 1, 235, 235);
INSERT INTO supporting_packages(id, option_list, package_count, order_id, project_package_id, supporting_project_id) VALUES (235, '["세미나 참석권"]', 8, 235, 7, 235);
INSERT INTO supporting_projects(supporting_project_id, supported_at, delivery_id, payment_id, project_id, user_id) VALUES (236, (SELECT projects.start_date + INTERVAL 42 DAY FROM projects WHERE projects.id=7), 236, 236, 7, 38);
INSERT INTO orders (order_id, created_at, delivery_id, payment_id, supporting_project_id) VALUES (236, (SELECT projects.start_date + INTERVAL 42 DAY FROM projects WHERE projects.id=7), 1, 236, 236);
INSERT INTO supporting_packages(id, option_list, package_count, order_id, project_package_id, supporting_project_id) VALUES (236, '["리포트"]', 6, 236, 7, 236);
INSERT INTO supporting_projects(supporting_project_id, supported_at, delivery_id, payment_id, project_id, user_id) VALUES (237, (SELECT projects.start_date + INTERVAL 8 DAY FROM projects WHERE projects.id=7), 237, 237, 7, 10);
INSERT INTO orders (order_id, created_at, delivery_id, payment_id, supporting_project_id) VALUES (237, (SELECT projects.start_date + INTERVAL 8 DAY FROM projects WHERE projects.id=7), 1, 237, 237);
INSERT INTO supporting_packages(id, option_list, package_count, order_id, project_package_id, supporting_project_id) VALUES (237, '["세미나 참석권"]', 10, 237, 7, 237);
INSERT INTO supporting_projects(supporting_project_id, supported_at, delivery_id, payment_id, project_id, user_id) VALUES (238, (SELECT projects.start_date + INTERVAL 38 DAY FROM projects WHERE projects.id=7), 238, 238, 7, 8);
INSERT INTO orders (order_id, created_at, delivery_id, payment_id, supporting_project_id) VALUES (238, (SELECT projects.start_date + INTERVAL 38 DAY FROM projects WHERE projects.id=7), 1, 238, 238);
INSERT INTO supporting_packages(id, option_list, package_count, order_id, project_package_id, supporting_project_id) VALUES (238, '["세미나 참석권"]', 2, 238, 7, 238);
INSERT INTO supporting_projects(supporting_project_id, supported_at, delivery_id, payment_id, project_id, user_id) VALUES (239, (SELECT projects.start_date + INTERVAL 15 DAY FROM projects WHERE projects.id=7), 239, 239, 7, 1);
INSERT INTO orders (order_id, created_at, delivery_id, payment_id, supporting_project_id) VALUES (239, (SELECT projects.start_date + INTERVAL 15 DAY FROM projects WHERE projects.id=7), 1, 239, 239);
INSERT INTO supporting_packages(id, option_list, package_count, order_id, project_package_id, supporting_project_id) VALUES (239, '["리포트"]', 1, 239, 7, 239);
INSERT INTO supporting_projects(supporting_project_id, supported_at, delivery_id, payment_id, project_id, user_id) VALUES (240, (SELECT projects.start_date + INTERVAL 2 DAY FROM projects WHERE projects.id=7), 240, 240, 7, 13);
INSERT INTO orders (order_id, created_at, delivery_id, payment_id, supporting_project_id) VALUES (240, (SELECT projects.start_date + INTERVAL 2 DAY FROM projects WHERE projects.id=7), 1, 240, 240);
INSERT INTO supporting_packages(id, option_list, package_count, order_id, project_package_id, supporting_project_id) VALUES (240, '["세미나 참석권"]', 4, 240, 7, 240);
INSERT INTO supporting_projects(supporting_project_id, supported_at, delivery_id, payment_id, project_id, user_id) VALUES (241, (SELECT projects.start_date + INTERVAL 22 DAY FROM projects WHERE projects.id=7), 241, 241, 7, 25);
INSERT INTO orders (order_id, created_at, delivery_id, payment_id, supporting_project_id) VALUES (241, (SELECT projects.start_date + INTERVAL 22 DAY FROM projects WHERE projects.id=7), 1, 241, 241);
INSERT INTO supporting_packages(id, option_list, package_count, order_id, project_package_id, supporting_project_id) VALUES (241, '["리포트"]', 7, 241, 7, 241);
INSERT INTO supporting_projects(supporting_project_id, supported_at, delivery_id, payment_id, project_id, user_id) VALUES (242, (SELECT projects.start_date + INTERVAL 40 DAY FROM projects WHERE projects.id=7), 242, 242, 7, 14);
INSERT INTO orders (order_id, created_at, delivery_id, payment_id, supporting_project_id) VALUES (242, (SELECT projects.start_date + INTERVAL 40 DAY FROM projects WHERE projects.id=7), 1, 242, 242);
INSERT INTO supporting_packages(id, option_list, package_count, order_id, project_package_id, supporting_project_id) VALUES (242, '["세미나 참석권"]', 6, 242, 7, 242);
INSERT INTO supporting_projects(supporting_project_id, supported_at, delivery_id, payment_id, project_id, user_id) VALUES (243, (SELECT projects.start_date + INTERVAL 18 DAY FROM projects WHERE projects.id=7), 243, 243, 7, 36);
INSERT INTO orders (order_id, created_at, delivery_id, payment_id, supporting_project_id) VALUES (243, (SELECT projects.start_date + INTERVAL 18 DAY FROM projects WHERE projects.id=7), 1, 243, 243);
INSERT INTO supporting_packages(id, option_list, package_count, order_id, project_package_id, supporting_project_id) VALUES (243, '["세미나 참석권"]', 1, 243, 7, 243);
INSERT INTO supporting_projects(supporting_project_id, supported_at, delivery_id, payment_id, project_id, user_id) VALUES (244, (SELECT projects.start_date + INTERVAL 43 DAY FROM projects WHERE projects.id=7), 244, 244, 7, 6);
INSERT INTO orders (order_id, created_at, delivery_id, payment_id, supporting_project_id) VALUES (244, (SELECT projects.start_date + INTERVAL 43 DAY FROM projects WHERE projects.id=7), 1, 244, 244);
INSERT INTO supporting_packages(id, option_list, package_count, order_id, project_package_id, supporting_project_id) VALUES (244, '["리포트"]', 7, 244, 7, 244);
INSERT INTO supporting_projects(supporting_project_id, supported_at, delivery_id, payment_id, project_id, user_id) VALUES (245, (SELECT projects.start_date + INTERVAL 47 DAY FROM projects WHERE projects.id=7), 245, 245, 7, 35);
INSERT INTO orders (order_id, created_at, delivery_id, payment_id, supporting_project_id) VALUES (245, (SELECT projects.start_date + INTERVAL 47 DAY FROM projects WHERE projects.id=7), 1, 245, 245);
INSERT INTO supporting_packages(id, option_list, package_count, order_id, project_package_id, supporting_project_id) VALUES (245, '["세미나 참석권"]', 2, 245, 7, 245);
INSERT INTO supporting_projects(supporting_project_id, supported_at, delivery_id, payment_id, project_id, user_id) VALUES (246, (SELECT projects.start_date + INTERVAL 18 DAY FROM projects WHERE projects.id=7), 246, 246, 7, 22);
INSERT INTO orders (order_id, created_at, delivery_id, payment_id, supporting_project_id) VALUES (246, (SELECT projects.start_date + INTERVAL 18 DAY FROM projects WHERE projects.id=7), 1, 246, 246);
INSERT INTO supporting_packages(id, option_list, package_count, order_id, project_package_id, supporting_project_id) VALUES (246, '["세미나 참석권"]', 8, 246, 7, 246);
INSERT INTO supporting_projects(supporting_project_id, supported_at, delivery_id, payment_id, project_id, user_id) VALUES (247, (SELECT projects.start_date + INTERVAL 20 DAY FROM projects WHERE projects.id=7), 247, 247, 7, 33);
INSERT INTO orders (order_id, created_at, delivery_id, payment_id, supporting_project_id) VALUES (247, (SELECT projects.start_date + INTERVAL 20 DAY FROM projects WHERE projects.id=7), 1, 247, 247);
INSERT INTO supporting_packages(id, option_list, package_count, order_id, project_package_id, supporting_project_id) VALUES (247, '["리포트"]', 9, 247, 7, 247);
INSERT INTO supporting_projects(supporting_project_id, supported_at, delivery_id, payment_id, project_id, user_id) VALUES (248, (SELECT projects.start_date + INTERVAL 38 DAY FROM projects WHERE projects.id=7), 248, 248, 7, 2);
INSERT INTO orders (order_id, created_at, delivery_id, payment_id, supporting_project_id) VALUES (248, (SELECT projects.start_date + INTERVAL 38 DAY FROM projects WHERE projects.id=7), 1, 248, 248);
INSERT INTO supporting_packages(id, option_list, package_count, order_id, project_package_id, supporting_project_id) VALUES (248, '["세미나 참석권"]', 2, 248, 7, 248);
INSERT INTO supporting_projects(supporting_project_id, supported_at, delivery_id, payment_id, project_id, user_id) VALUES (249, (SELECT projects.start_date + INTERVAL 18 DAY FROM projects WHERE projects.id=7), 249, 249, 7, 17);
INSERT INTO orders (order_id, created_at, delivery_id, payment_id, supporting_project_id) VALUES (249, (SELECT projects.start_date + INTERVAL 18 DAY FROM projects WHERE projects.id=7), 1, 249, 249);
INSERT INTO supporting_packages(id, option_list, package_count, order_id, project_package_id, supporting_project_id) VALUES (249, '["세미나 참석권"]', 6, 249, 7, 249);
INSERT INTO supporting_projects(supporting_project_id, supported_at, delivery_id, payment_id, project_id, user_id) VALUES (250, (SELECT projects.start_date + INTERVAL 43 DAY FROM projects WHERE projects.id=7), 250, 250, 7, 15);
INSERT INTO orders (order_id, created_at, delivery_id, payment_id, supporting_project_id) VALUES (250, (SELECT projects.start_date + INTERVAL 43 DAY FROM projects WHERE projects.id=7), 1, 250, 250);
INSERT INTO supporting_packages(id, option_list, package_count, order_id, project_package_id, supporting_project_id) VALUES (250, '["리포트"]', 6, 250, 7, 250);
INSERT INTO supporting_projects(supporting_project_id, supported_at, delivery_id, payment_id, project_id, user_id) VALUES (251, (SELECT projects.start_date + INTERVAL 14 DAY FROM projects WHERE projects.id=7), 251, 251, 7, 18);
INSERT INTO orders (order_id, created_at, delivery_id, payment_id, supporting_project_id) VALUES (251, (SELECT projects.start_date + INTERVAL 14 DAY FROM projects WHERE projects.id=7), 1, 251, 251);
INSERT INTO supporting_packages(id, option_list, package_count, order_id, project_package_id, supporting_project_id) VALUES (251, '["리포트"]', 6, 251, 7, 251);
INSERT INTO supporting_projects(supporting_project_id, supported_at, delivery_id, payment_id, project_id, user_id) VALUES (252, (SELECT projects.start_date + INTERVAL 35 DAY FROM projects WHERE projects.id=7), 252, 252, 7, 10);
INSERT INTO orders (order_id, created_at, delivery_id, payment_id, supporting_project_id) VALUES (252, (SELECT projects.start_date + INTERVAL 35 DAY FROM projects WHERE projects.id=7), 1, 252, 252);
INSERT INTO supporting_packages(id, option_list, package_count, order_id, project_package_id, supporting_project_id) VALUES (252, '["세미나 참석권"]', 1, 252, 7, 252);
INSERT INTO supporting_projects(supporting_project_id, supported_at, delivery_id, payment_id, project_id, user_id) VALUES (253, (SELECT projects.start_date + INTERVAL 1 DAY FROM projects WHERE projects.id=7), 253, 253, 7, 28);
INSERT INTO orders (order_id, created_at, delivery_id, payment_id, supporting_project_id) VALUES (253, (SELECT projects.start_date + INTERVAL 1 DAY FROM projects WHERE projects.id=7), 1, 253, 253);
INSERT INTO supporting_packages(id, option_list, package_count, order_id, project_package_id, supporting_project_id) VALUES (253, '["세미나 참석권"]', 9, 253, 7, 253);
INSERT INTO supporting_projects(supporting_project_id, supported_at, delivery_id, payment_id, project_id, user_id) VALUES (254, (SELECT projects.start_date + INTERVAL 12 DAY FROM projects WHERE projects.id=7), 254, 254, 7, 26);
INSERT INTO orders (order_id, created_at, delivery_id, payment_id, supporting_project_id) VALUES (254, (SELECT projects.start_date + INTERVAL 12 DAY FROM projects WHERE projects.id=7), 1, 254, 254);
INSERT INTO supporting_packages(id, option_list, package_count, order_id, project_package_id, supporting_project_id) VALUES (254, '["리포트"]', 6, 254, 7, 254);
INSERT INTO supporting_projects(supporting_project_id, supported_at, delivery_id, payment_id, project_id, user_id) VALUES (255, (SELECT projects.start_date + INTERVAL 41 DAY FROM projects WHERE projects.id=7), 255, 255, 7, 34);
INSERT INTO orders (order_id, created_at, delivery_id, payment_id, supporting_project_id) VALUES (255, (SELECT projects.start_date + INTERVAL 41 DAY FROM projects WHERE projects.id=7), 1, 255, 255);
INSERT INTO supporting_packages(id, option_list, package_count, order_id, project_package_id, supporting_project_id) VALUES (255, '["세미나 참석권"]', 5, 255, 7, 255);
INSERT INTO supporting_projects(supporting_project_id, supported_at, delivery_id, payment_id, project_id, user_id) VALUES (256, (SELECT projects.start_date + INTERVAL 13 DAY FROM projects WHERE projects.id=7), 256, 256, 7, 28);
INSERT INTO orders (order_id, created_at, delivery_id, payment_id, supporting_project_id) VALUES (256, (SELECT projects.start_date + INTERVAL 13 DAY FROM projects WHERE projects.id=7), 1, 256, 256);
INSERT INTO supporting_packages(id, option_list, package_count, order_id, project_package_id, supporting_project_id) VALUES (256, '["세미나 참석권"]', 4, 256, 7, 256);
INSERT INTO supporting_projects(supporting_project_id, supported_at, delivery_id, payment_id, project_id, user_id) VALUES (257, (SELECT projects.start_date + INTERVAL 19 DAY FROM projects WHERE projects.id=7), 257, 257, 7, 6);
INSERT INTO orders (order_id, created_at, delivery_id, payment_id, supporting_project_id) VALUES (257, (SELECT projects.start_date + INTERVAL 19 DAY FROM projects WHERE projects.id=7), 1, 257, 257);
INSERT INTO supporting_packages(id, option_list, package_count, order_id, project_package_id, supporting_project_id) VALUES (257, '["세미나 참석권"]', 10, 257, 7, 257);
INSERT INTO supporting_projects(supporting_project_id, supported_at, delivery_id, payment_id, project_id, user_id) VALUES (258, (SELECT projects.start_date + INTERVAL 36 DAY FROM projects WHERE projects.id=7), 258, 258, 7, 17);
INSERT INTO orders (order_id, created_at, delivery_id, payment_id, supporting_project_id) VALUES (258, (SELECT projects.start_date + INTERVAL 36 DAY FROM projects WHERE projects.id=7), 1, 258, 258);
INSERT INTO supporting_packages(id, option_list, package_count, order_id, project_package_id, supporting_project_id) VALUES (258, '["리포트"]', 8, 258, 7, 258);
INSERT INTO supporting_projects(supporting_project_id, supported_at, delivery_id, payment_id, project_id, user_id) VALUES (259, (SELECT projects.start_date + INTERVAL 21 DAY FROM projects WHERE projects.id=7), 259, 259, 7, 25);
INSERT INTO orders (order_id, created_at, delivery_id, payment_id, supporting_project_id) VALUES (259, (SELECT projects.start_date + INTERVAL 21 DAY FROM projects WHERE projects.id=7), 1, 259, 259);
INSERT INTO supporting_packages(id, option_list, package_count, order_id, project_package_id, supporting_project_id) VALUES (259, '["리포트"]', 2, 259, 7, 259);
INSERT INTO supporting_projects(supporting_project_id, supported_at, delivery_id, payment_id, project_id, user_id) VALUES (260, (SELECT projects.start_date + INTERVAL 34 DAY FROM projects WHERE projects.id=7), 260, 260, 7, 24);
INSERT INTO orders (order_id, created_at, delivery_id, payment_id, supporting_project_id) VALUES (260, (SELECT projects.start_date + INTERVAL 34 DAY FROM projects WHERE projects.id=7), 1, 260, 260);
INSERT INTO supporting_packages(id, option_list, package_count, order_id, project_package_id, supporting_project_id) VALUES (260, '["세미나 참석권"]', 2, 260, 7, 260);
INSERT INTO supporting_projects(supporting_project_id, supported_at, delivery_id, payment_id, project_id, user_id) VALUES (261, (SELECT projects.start_date + INTERVAL 1 DAY FROM projects WHERE projects.id=7), 261, 261, 7, 3);
INSERT INTO orders (order_id, created_at, delivery_id, payment_id, supporting_project_id) VALUES (261, (SELECT projects.start_date + INTERVAL 1 DAY FROM projects WHERE projects.id=7), 1, 261, 261);
INSERT INTO supporting_packages(id, option_list, package_count, order_id, project_package_id, supporting_project_id) VALUES (261, '["세미나 참석권"]', 3, 261, 7, 261);
INSERT INTO supporting_projects(supporting_project_id, supported_at, delivery_id, payment_id, project_id, user_id) VALUES (262, (SELECT projects.start_date + INTERVAL 41 DAY FROM projects WHERE projects.id=7), 262, 262, 7, 25);
INSERT INTO orders (order_id, created_at, delivery_id, payment_id, supporting_project_id) VALUES (262, (SELECT projects.start_date + INTERVAL 41 DAY FROM projects WHERE projects.id=7), 1, 262, 262);
INSERT INTO supporting_packages(id, option_list, package_count, order_id, project_package_id, supporting_project_id) VALUES (262, '["리포트"]', 1, 262, 7, 262);
INSERT INTO supporting_projects(supporting_project_id, supported_at, delivery_id, payment_id, project_id, user_id) VALUES (263, (SELECT projects.start_date + INTERVAL 27 DAY FROM projects WHERE projects.id=7), 263, 263, 7, 26);
INSERT INTO orders (order_id, created_at, delivery_id, payment_id, supporting_project_id) VALUES (263, (SELECT projects.start_date + INTERVAL 27 DAY FROM projects WHERE projects.id=7), 1, 263, 263);
INSERT INTO supporting_packages(id, option_list, package_count, order_id, project_package_id, supporting_project_id) VALUES (263, '["세미나 참석권"]', 10, 263, 7, 263);
INSERT INTO supporting_projects(supporting_project_id, supported_at, delivery_id, payment_id, project_id, user_id) VALUES (264, (SELECT projects.start_date + INTERVAL 1 DAY FROM projects WHERE projects.id=7), 264, 264, 7, 8);
INSERT INTO orders (order_id, created_at, delivery_id, payment_id, supporting_project_id) VALUES (264, (SELECT projects.start_date + INTERVAL 1 DAY FROM projects WHERE projects.id=7), 1, 264, 264);
INSERT INTO supporting_packages(id, option_list, package_count, order_id, project_package_id, supporting_project_id) VALUES (264, '["세미나 참석권"]', 5, 264, 7, 264);
INSERT INTO supporting_projects(supporting_project_id, supported_at, delivery_id, payment_id, project_id, user_id) VALUES (265, (SELECT projects.start_date + INTERVAL 9 DAY FROM projects WHERE projects.id=7), 265, 265, 7, 12);
INSERT INTO orders (order_id, created_at, delivery_id, payment_id, supporting_project_id) VALUES (265, (SELECT projects.start_date + INTERVAL 9 DAY FROM projects WHERE projects.id=7), 1, 265, 265);
INSERT INTO supporting_packages(id, option_list, package_count, order_id, project_package_id, supporting_project_id) VALUES (265, '["세미나 참석권"]', 5, 265, 7, 265);
INSERT INTO supporting_projects(supporting_project_id, supported_at, delivery_id, payment_id, project_id, user_id) VALUES (266, (SELECT projects.start_date + INTERVAL 42 DAY FROM projects WHERE projects.id=7), 266, 266, 7, 21);
INSERT INTO orders (order_id, created_at, delivery_id, payment_id, supporting_project_id) VALUES (266, (SELECT projects.start_date + INTERVAL 42 DAY FROM projects WHERE projects.id=7), 1, 266, 266);
INSERT INTO supporting_packages(id, option_list, package_count, order_id, project_package_id, supporting_project_id) VALUES (266, '["리포트"]', 2, 266, 7, 266);
INSERT INTO supporting_projects(supporting_project_id, supported_at, delivery_id, payment_id, project_id, user_id) VALUES (267, (SELECT projects.start_date + INTERVAL 4 DAY FROM projects WHERE projects.id=7), 267, 267, 7, 26);
INSERT INTO orders (order_id, created_at, delivery_id, payment_id, supporting_project_id) VALUES (267, (SELECT projects.start_date + INTERVAL 4 DAY FROM projects WHERE projects.id=7), 1, 267, 267);
INSERT INTO supporting_packages(id, option_list, package_count, order_id, project_package_id, supporting_project_id) VALUES (267, '["리포트"]', 10, 267, 7, 267);
INSERT INTO supporting_projects(supporting_project_id, supported_at, delivery_id, payment_id, project_id, user_id) VALUES (268, (SELECT projects.start_date + INTERVAL 4 DAY FROM projects WHERE projects.id=7), 268, 268, 7, 6);
INSERT INTO orders (order_id, created_at, delivery_id, payment_id, supporting_project_id) VALUES (268, (SELECT projects.start_date + INTERVAL 4 DAY FROM projects WHERE projects.id=7), 1, 268, 268);
INSERT INTO supporting_packages(id, option_list, package_count, order_id, project_package_id, supporting_project_id) VALUES (268, '["리포트"]', 6, 268, 7, 268);
INSERT INTO supporting_projects(supporting_project_id, supported_at, delivery_id, payment_id, project_id, user_id) VALUES (269, (SELECT projects.start_date + INTERVAL 8 DAY FROM projects WHERE projects.id=7), 269, 269, 7, 29);
INSERT INTO orders (order_id, created_at, delivery_id, payment_id, supporting_project_id) VALUES (269, (SELECT projects.start_date + INTERVAL 8 DAY FROM projects WHERE projects.id=7), 1, 269, 269);
INSERT INTO supporting_packages(id, option_list, package_count, order_id, project_package_id, supporting_project_id) VALUES (269, '["세미나 참석권"]', 1, 269, 7, 269);
INSERT INTO supporting_projects(supporting_project_id, supported_at, delivery_id, payment_id, project_id, user_id) VALUES (270, (SELECT projects.start_date + INTERVAL 1 DAY FROM projects WHERE projects.id=7), 270, 270, 7, 13);
INSERT INTO orders (order_id, created_at, delivery_id, payment_id, supporting_project_id) VALUES (270, (SELECT projects.start_date + INTERVAL 1 DAY FROM projects WHERE projects.id=7), 1, 270, 270);
INSERT INTO supporting_packages(id, option_list, package_count, order_id, project_package_id, supporting_project_id) VALUES (270, '["세미나 참석권"]', 2, 270, 7, 270);
INSERT INTO supporting_projects(supporting_project_id, supported_at, delivery_id, payment_id, project_id, user_id) VALUES (271, (SELECT projects.start_date + INTERVAL 50 DAY FROM projects WHERE projects.id=7), 271, 271, 7, 31);
INSERT INTO orders (order_id, created_at, delivery_id, payment_id, supporting_project_id) VALUES (271, (SELECT projects.start_date + INTERVAL 50 DAY FROM projects WHERE projects.id=7), 1, 271, 271);
INSERT INTO supporting_packages(id, option_list, package_count, order_id, project_package_id, supporting_project_id) VALUES (271, '["리포트"]', 7, 271, 7, 271);
INSERT INTO supporting_projects(supporting_project_id, supported_at, delivery_id, payment_id, project_id, user_id) VALUES (272, (SELECT projects.start_date + INTERVAL 43 DAY FROM projects WHERE projects.id=7), 272, 272, 7, 18);
INSERT INTO orders (order_id, created_at, delivery_id, payment_id, supporting_project_id) VALUES (272, (SELECT projects.start_date + INTERVAL 43 DAY FROM projects WHERE projects.id=7), 1, 272, 272);
INSERT INTO supporting_packages(id, option_list, package_count, order_id, project_package_id, supporting_project_id) VALUES (272, '["세미나 참석권"]', 3, 272, 7, 272);
INSERT INTO supporting_projects(supporting_project_id, supported_at, delivery_id, payment_id, project_id, user_id) VALUES (273, (SELECT projects.start_date + INTERVAL 13 DAY FROM projects WHERE projects.id=7), 273, 273, 7, 27);
INSERT INTO orders (order_id, created_at, delivery_id, payment_id, supporting_project_id) VALUES (273, (SELECT projects.start_date + INTERVAL 13 DAY FROM projects WHERE projects.id=7), 1, 273, 273);
INSERT INTO supporting_packages(id, option_list, package_count, order_id, project_package_id, supporting_project_id) VALUES (273, '["세미나 참석권"]', 5, 273, 7, 273);
INSERT INTO supporting_projects(supporting_project_id, supported_at, delivery_id, payment_id, project_id, user_id) VALUES (274, (SELECT projects.start_date + INTERVAL 36 DAY FROM projects WHERE projects.id=7), 274, 274, 7, 19);
INSERT INTO orders (order_id, created_at, delivery_id, payment_id, supporting_project_id) VALUES (274, (SELECT projects.start_date + INTERVAL 36 DAY FROM projects WHERE projects.id=7), 1, 274, 274);
INSERT INTO supporting_packages(id, option_list, package_count, order_id, project_package_id, supporting_project_id) VALUES (274, '["세미나 참석권"]', 2, 274, 7, 274);
INSERT INTO supporting_projects(supporting_project_id, supported_at, delivery_id, payment_id, project_id, user_id) VALUES (275, (SELECT projects.start_date + INTERVAL 37 DAY FROM projects WHERE projects.id=7), 275, 275, 7, 29);
INSERT INTO orders (order_id, created_at, delivery_id, payment_id, supporting_project_id) VALUES (275, (SELECT projects.start_date + INTERVAL 37 DAY FROM projects WHERE projects.id=7), 1, 275, 275);
INSERT INTO supporting_packages(id, option_list, package_count, order_id, project_package_id, supporting_project_id) VALUES (275, '["리포트"]', 7, 275, 7, 275);
INSERT INTO supporting_projects(supporting_project_id, supported_at, delivery_id, payment_id, project_id, user_id) VALUES (276, (SELECT projects.start_date + INTERVAL 2 DAY FROM projects WHERE projects.id=7), 276, 276, 7, 2);
INSERT INTO orders (order_id, created_at, delivery_id, payment_id, supporting_project_id) VALUES (276, (SELECT projects.start_date + INTERVAL 2 DAY FROM projects WHERE projects.id=7), 1, 276, 276);
INSERT INTO supporting_packages(id, option_list, package_count, order_id, project_package_id, supporting_project_id) VALUES (276, '["리포트"]', 9, 276, 7, 276);
INSERT INTO supporting_projects(supporting_project_id, supported_at, delivery_id, payment_id, project_id, user_id) VALUES (277, (SELECT projects.start_date + INTERVAL 20 DAY FROM projects WHERE projects.id=7), 277, 277, 7, 31);
INSERT INTO orders (order_id, created_at, delivery_id, payment_id, supporting_project_id) VALUES (277, (SELECT projects.start_date + INTERVAL 20 DAY FROM projects WHERE projects.id=7), 1, 277, 277);
INSERT INTO supporting_packages(id, option_list, package_count, order_id, project_package_id, supporting_project_id) VALUES (277, '["리포트"]', 9, 277, 7, 277);
INSERT INTO supporting_projects(supporting_project_id, supported_at, delivery_id, payment_id, project_id, user_id) VALUES (278, (SELECT projects.start_date + INTERVAL 33 DAY FROM projects WHERE projects.id=7), 278, 278, 7, 26);
INSERT INTO orders (order_id, created_at, delivery_id, payment_id, supporting_project_id) VALUES (278, (SELECT projects.start_date + INTERVAL 33 DAY FROM projects WHERE projects.id=7), 1, 278, 278);
INSERT INTO supporting_packages(id, option_list, package_count, order_id, project_package_id, supporting_project_id) VALUES (278, '["세미나 참석권"]', 4, 278, 7, 278);
INSERT INTO supporting_projects(supporting_project_id, supported_at, delivery_id, payment_id, project_id, user_id) VALUES (279, (SELECT projects.start_date + INTERVAL 47 DAY FROM projects WHERE projects.id=7), 279, 279, 7, 19);
INSERT INTO orders (order_id, created_at, delivery_id, payment_id, supporting_project_id) VALUES (279, (SELECT projects.start_date + INTERVAL 47 DAY FROM projects WHERE projects.id=7), 1, 279, 279);
INSERT INTO supporting_packages(id, option_list, package_count, order_id, project_package_id, supporting_project_id) VALUES (279, '["리포트"]', 10, 279, 7, 279);
INSERT INTO supporting_projects(supporting_project_id, supported_at, delivery_id, payment_id, project_id, user_id) VALUES (280, (SELECT projects.start_date + INTERVAL 24 DAY FROM projects WHERE projects.id=7), 280, 280, 7, 33);
INSERT INTO orders (order_id, created_at, delivery_id, payment_id, supporting_project_id) VALUES (280, (SELECT projects.start_date + INTERVAL 24 DAY FROM projects WHERE projects.id=7), 1, 280, 280);
INSERT INTO supporting_packages(id, option_list, package_count, order_id, project_package_id, supporting_project_id) VALUES (280, '["리포트"]', 4, 280, 7, 280);
INSERT INTO supporting_projects(supporting_project_id, supported_at, delivery_id, payment_id, project_id, user_id) VALUES (281, (SELECT projects.start_date + INTERVAL 49 DAY FROM projects WHERE projects.id=7), 281, 281, 7, 25);
INSERT INTO orders (order_id, created_at, delivery_id, payment_id, supporting_project_id) VALUES (281, (SELECT projects.start_date + INTERVAL 49 DAY FROM projects WHERE projects.id=7), 1, 281, 281);
INSERT INTO supporting_packages(id, option_list, package_count, order_id, project_package_id, supporting_project_id) VALUES (281, '["세미나 참석권"]', 3, 281, 7, 281);
INSERT INTO supporting_projects(supporting_project_id, supported_at, delivery_id, payment_id, project_id, user_id) VALUES (282, (SELECT projects.start_date + INTERVAL 2 DAY FROM projects WHERE projects.id=7), 282, 282, 7, 11);
INSERT INTO orders (order_id, created_at, delivery_id, payment_id, supporting_project_id) VALUES (282, (SELECT projects.start_date + INTERVAL 2 DAY FROM projects WHERE projects.id=7), 1, 282, 282);
INSERT INTO supporting_packages(id, option_list, package_count, order_id, project_package_id, supporting_project_id) VALUES (282, '["세미나 참석권"]', 10, 282, 7, 282);
INSERT INTO supporting_projects(supporting_project_id, supported_at, delivery_id, payment_id, project_id, user_id) VALUES (283, (SELECT projects.start_date + INTERVAL 16 DAY FROM projects WHERE projects.id=7), 283, 283, 7, 5);
INSERT INTO orders (order_id, created_at, delivery_id, payment_id, supporting_project_id) VALUES (283, (SELECT projects.start_date + INTERVAL 16 DAY FROM projects WHERE projects.id=7), 1, 283, 283);
INSERT INTO supporting_packages(id, option_list, package_count, order_id, project_package_id, supporting_project_id) VALUES (283, '["리포트"]', 6, 283, 7, 283);
INSERT INTO supporting_projects(supporting_project_id, supported_at, delivery_id, payment_id, project_id, user_id) VALUES (284, (SELECT projects.start_date + INTERVAL 32 DAY FROM projects WHERE projects.id=7), 284, 284, 7, 25);
INSERT INTO orders (order_id, created_at, delivery_id, payment_id, supporting_project_id) VALUES (284, (SELECT projects.start_date + INTERVAL 32 DAY FROM projects WHERE projects.id=7), 1, 284, 284);
INSERT INTO supporting_packages(id, option_list, package_count, order_id, project_package_id, supporting_project_id) VALUES (284, '["리포트"]', 9, 284, 7, 284);
INSERT INTO supporting_projects(supporting_project_id, supported_at, delivery_id, payment_id, project_id, user_id) VALUES (285, (SELECT projects.start_date + INTERVAL 25 DAY FROM projects WHERE projects.id=7), 285, 285, 7, 29);
INSERT INTO orders (order_id, created_at, delivery_id, payment_id, supporting_project_id) VALUES (285, (SELECT projects.start_date + INTERVAL 25 DAY FROM projects WHERE projects.id=7), 1, 285, 285);
INSERT INTO supporting_packages(id, option_list, package_count, order_id, project_package_id, supporting_project_id) VALUES (285, '["리포트"]', 6, 285, 7, 285);
INSERT INTO supporting_projects(supporting_project_id, supported_at, delivery_id, payment_id, project_id, user_id) VALUES (286, (SELECT projects.start_date + INTERVAL 16 DAY FROM projects WHERE projects.id=8), 286, 286, 8, 8);
INSERT INTO orders (order_id, created_at, delivery_id, payment_id, supporting_project_id) VALUES (286, (SELECT projects.start_date + INTERVAL 16 DAY FROM projects WHERE projects.id=8), 1, 286, 286);
INSERT INTO supporting_packages(id, option_list, package_count, order_id, project_package_id, supporting_project_id) VALUES (286, '["스킨케어"]', 8, 286, 8, 286);
INSERT INTO supporting_projects(supporting_project_id, supported_at, delivery_id, payment_id, project_id, user_id) VALUES (287, (SELECT projects.start_date + INTERVAL 49 DAY FROM projects WHERE projects.id=8), 287, 287, 8, 15);
INSERT INTO orders (order_id, created_at, delivery_id, payment_id, supporting_project_id) VALUES (287, (SELECT projects.start_date + INTERVAL 49 DAY FROM projects WHERE projects.id=8), 1, 287, 287);
INSERT INTO supporting_packages(id, option_list, package_count, order_id, project_package_id, supporting_project_id) VALUES (287, '["헤어"]', 8, 287, 8, 287);
INSERT INTO supporting_projects(supporting_project_id, supported_at, delivery_id, payment_id, project_id, user_id) VALUES (288, (SELECT projects.start_date + INTERVAL 47 DAY FROM projects WHERE projects.id=8), 288, 288, 8, 10);
INSERT INTO orders (order_id, created_at, delivery_id, payment_id, supporting_project_id) VALUES (288, (SELECT projects.start_date + INTERVAL 47 DAY FROM projects WHERE projects.id=8), 1, 288, 288);
INSERT INTO supporting_packages(id, option_list, package_count, order_id, project_package_id, supporting_project_id) VALUES (288, '["스킨케어"]', 6, 288, 8, 288);
INSERT INTO supporting_projects(supporting_project_id, supported_at, delivery_id, payment_id, project_id, user_id) VALUES (289, (SELECT projects.start_date + INTERVAL 10 DAY FROM projects WHERE projects.id=8), 289, 289, 8, 26);
INSERT INTO orders (order_id, created_at, delivery_id, payment_id, supporting_project_id) VALUES (289, (SELECT projects.start_date + INTERVAL 10 DAY FROM projects WHERE projects.id=8), 1, 289, 289);
INSERT INTO supporting_packages(id, option_list, package_count, order_id, project_package_id, supporting_project_id) VALUES (289, '["헤어"]', 1, 289, 8, 289);
INSERT INTO supporting_projects(supporting_project_id, supported_at, delivery_id, payment_id, project_id, user_id) VALUES (290, (SELECT projects.start_date + INTERVAL 18 DAY FROM projects WHERE projects.id=8), 290, 290, 8, 15);
INSERT INTO orders (order_id, created_at, delivery_id, payment_id, supporting_project_id) VALUES (290, (SELECT projects.start_date + INTERVAL 18 DAY FROM projects WHERE projects.id=8), 1, 290, 290);
INSERT INTO supporting_packages(id, option_list, package_count, order_id, project_package_id, supporting_project_id) VALUES (290, '["메이크업"]', 2, 290, 8, 290);
INSERT INTO supporting_projects(supporting_project_id, supported_at, delivery_id, payment_id, project_id, user_id) VALUES (291, (SELECT projects.start_date + INTERVAL 47 DAY FROM projects WHERE projects.id=8), 291, 291, 8, 28);
INSERT INTO orders (order_id, created_at, delivery_id, payment_id, supporting_project_id) VALUES (291, (SELECT projects.start_date + INTERVAL 47 DAY FROM projects WHERE projects.id=8), 1, 291, 291);
INSERT INTO supporting_packages(id, option_list, package_count, order_id, project_package_id, supporting_project_id) VALUES (291, '["메이크업"]', 5, 291, 8, 291);
INSERT INTO supporting_projects(supporting_project_id, supported_at, delivery_id, payment_id, project_id, user_id) VALUES (292, (SELECT projects.start_date + INTERVAL 39 DAY FROM projects WHERE projects.id=8), 292, 292, 8, 13);
INSERT INTO orders (order_id, created_at, delivery_id, payment_id, supporting_project_id) VALUES (292, (SELECT projects.start_date + INTERVAL 39 DAY FROM projects WHERE projects.id=8), 1, 292, 292);
INSERT INTO supporting_packages(id, option_list, package_count, order_id, project_package_id, supporting_project_id) VALUES (292, '["스킨케어"]', 9, 292, 8, 292);
INSERT INTO supporting_projects(supporting_project_id, supported_at, delivery_id, payment_id, project_id, user_id) VALUES (293, (SELECT projects.start_date + INTERVAL 21 DAY FROM projects WHERE projects.id=8), 293, 293, 8, 1);
INSERT INTO orders (order_id, created_at, delivery_id, payment_id, supporting_project_id) VALUES (293, (SELECT projects.start_date + INTERVAL 21 DAY FROM projects WHERE projects.id=8), 1, 293, 293);
INSERT INTO supporting_packages(id, option_list, package_count, order_id, project_package_id, supporting_project_id) VALUES (293, '["스킨케어"]', 4, 293, 8, 293);
INSERT INTO supporting_projects(supporting_project_id, supported_at, delivery_id, payment_id, project_id, user_id) VALUES (294, (SELECT projects.start_date + INTERVAL 3 DAY FROM projects WHERE projects.id=8), 294, 294, 8, 26);
INSERT INTO orders (order_id, created_at, delivery_id, payment_id, supporting_project_id) VALUES (294, (SELECT projects.start_date + INTERVAL 3 DAY FROM projects WHERE projects.id=8), 1, 294, 294);
INSERT INTO supporting_packages(id, option_list, package_count, order_id, project_package_id, supporting_project_id) VALUES (294, '["헤어"]', 2, 294, 8, 294);
INSERT INTO supporting_projects(supporting_project_id, supported_at, delivery_id, payment_id, project_id, user_id) VALUES (295, (SELECT projects.start_date + INTERVAL 17 DAY FROM projects WHERE projects.id=8), 295, 295, 8, 11);
INSERT INTO orders (order_id, created_at, delivery_id, payment_id, supporting_project_id) VALUES (295, (SELECT projects.start_date + INTERVAL 17 DAY FROM projects WHERE projects.id=8), 1, 295, 295);
INSERT INTO supporting_packages(id, option_list, package_count, order_id, project_package_id, supporting_project_id) VALUES (295, '["헤어"]', 7, 295, 8, 295);
INSERT INTO supporting_projects(supporting_project_id, supported_at, delivery_id, payment_id, project_id, user_id) VALUES (296, (SELECT projects.start_date + INTERVAL 30 DAY FROM projects WHERE projects.id=8), 296, 296, 8, 21);
INSERT INTO orders (order_id, created_at, delivery_id, payment_id, supporting_project_id) VALUES (296, (SELECT projects.start_date + INTERVAL 30 DAY FROM projects WHERE projects.id=8), 1, 296, 296);
INSERT INTO supporting_packages(id, option_list, package_count, order_id, project_package_id, supporting_project_id) VALUES (296, '["스킨케어"]', 1, 296, 8, 296);
INSERT INTO supporting_projects(supporting_project_id, supported_at, delivery_id, payment_id, project_id, user_id) VALUES (297, (SELECT projects.start_date + INTERVAL 2 DAY FROM projects WHERE projects.id=8), 297, 297, 8, 17);
INSERT INTO orders (order_id, created_at, delivery_id, payment_id, supporting_project_id) VALUES (297, (SELECT projects.start_date + INTERVAL 2 DAY FROM projects WHERE projects.id=8), 1, 297, 297);
INSERT INTO supporting_packages(id, option_list, package_count, order_id, project_package_id, supporting_project_id) VALUES (297, '["메이크업"]', 3, 297, 8, 297);
INSERT INTO supporting_projects(supporting_project_id, supported_at, delivery_id, payment_id, project_id, user_id) VALUES (298, (SELECT projects.start_date + INTERVAL 48 DAY FROM projects WHERE projects.id=8), 298, 298, 8, 16);
INSERT INTO orders (order_id, created_at, delivery_id, payment_id, supporting_project_id) VALUES (298, (SELECT projects.start_date + INTERVAL 48 DAY FROM projects WHERE projects.id=8), 1, 298, 298);
INSERT INTO supporting_packages(id, option_list, package_count, order_id, project_package_id, supporting_project_id) VALUES (298, '["스킨케어"]', 10, 298, 8, 298);
INSERT INTO supporting_projects(supporting_project_id, supported_at, delivery_id, payment_id, project_id, user_id) VALUES (299, (SELECT projects.start_date + INTERVAL 13 DAY FROM projects WHERE projects.id=8), 299, 299, 8, 17);
INSERT INTO orders (order_id, created_at, delivery_id, payment_id, supporting_project_id) VALUES (299, (SELECT projects.start_date + INTERVAL 13 DAY FROM projects WHERE projects.id=8), 1, 299, 299);
INSERT INTO supporting_packages(id, option_list, package_count, order_id, project_package_id, supporting_project_id) VALUES (299, '["스킨케어"]', 2, 299, 8, 299);
INSERT INTO supporting_projects(supporting_project_id, supported_at, delivery_id, payment_id, project_id, user_id) VALUES (300, (SELECT projects.start_date + INTERVAL 46 DAY FROM projects WHERE projects.id=8), 300, 300, 8, 38);
INSERT INTO orders (order_id, created_at, delivery_id, payment_id, supporting_project_id) VALUES (300, (SELECT projects.start_date + INTERVAL 46 DAY FROM projects WHERE projects.id=8), 1, 300, 300);
INSERT INTO supporting_packages(id, option_list, package_count, order_id, project_package_id, supporting_project_id) VALUES (300, '["헤어"]', 5, 300, 8, 300);
INSERT INTO supporting_projects(supporting_project_id, supported_at, delivery_id, payment_id, project_id, user_id) VALUES (301, (SELECT projects.start_date + INTERVAL 40 DAY FROM projects WHERE projects.id=8), 301, 301, 8, 40);
INSERT INTO orders (order_id, created_at, delivery_id, payment_id, supporting_project_id) VALUES (301, (SELECT projects.start_date + INTERVAL 40 DAY FROM projects WHERE projects.id=8), 1, 301, 301);
INSERT INTO supporting_packages(id, option_list, package_count, order_id, project_package_id, supporting_project_id) VALUES (301, '["메이크업"]', 5, 301, 8, 301);
INSERT INTO supporting_projects(supporting_project_id, supported_at, delivery_id, payment_id, project_id, user_id) VALUES (302, (SELECT projects.start_date + INTERVAL 9 DAY FROM projects WHERE projects.id=8), 302, 302, 8, 32);
INSERT INTO orders (order_id, created_at, delivery_id, payment_id, supporting_project_id) VALUES (302, (SELECT projects.start_date + INTERVAL 9 DAY FROM projects WHERE projects.id=8), 1, 302, 302);
INSERT INTO supporting_packages(id, option_list, package_count, order_id, project_package_id, supporting_project_id) VALUES (302, '["메이크업"]', 8, 302, 8, 302);
INSERT INTO supporting_projects(supporting_project_id, supported_at, delivery_id, payment_id, project_id, user_id) VALUES (303, (SELECT projects.start_date + INTERVAL 46 DAY FROM projects WHERE projects.id=8), 303, 303, 8, 19);
INSERT INTO orders (order_id, created_at, delivery_id, payment_id, supporting_project_id) VALUES (303, (SELECT projects.start_date + INTERVAL 46 DAY FROM projects WHERE projects.id=8), 1, 303, 303);
INSERT INTO supporting_packages(id, option_list, package_count, order_id, project_package_id, supporting_project_id) VALUES (303, '["메이크업"]', 2, 303, 8, 303);
INSERT INTO supporting_projects(supporting_project_id, supported_at, delivery_id, payment_id, project_id, user_id) VALUES (304, (SELECT projects.start_date + INTERVAL 19 DAY FROM projects WHERE projects.id=8), 304, 304, 8, 2);
INSERT INTO orders (order_id, created_at, delivery_id, payment_id, supporting_project_id) VALUES (304, (SELECT projects.start_date + INTERVAL 19 DAY FROM projects WHERE projects.id=8), 1, 304, 304);
INSERT INTO supporting_packages(id, option_list, package_count, order_id, project_package_id, supporting_project_id) VALUES (304, '["메이크업"]', 7, 304, 8, 304);
INSERT INTO supporting_projects(supporting_project_id, supported_at, delivery_id, payment_id, project_id, user_id) VALUES (305, (SELECT projects.start_date + INTERVAL 47 DAY FROM projects WHERE projects.id=8), 305, 305, 8, 24);
INSERT INTO orders (order_id, created_at, delivery_id, payment_id, supporting_project_id) VALUES (305, (SELECT projects.start_date + INTERVAL 47 DAY FROM projects WHERE projects.id=8), 1, 305, 305);
INSERT INTO supporting_packages(id, option_list, package_count, order_id, project_package_id, supporting_project_id) VALUES (305, '["스킨케어"]', 5, 305, 8, 305);
INSERT INTO supporting_projects(supporting_project_id, supported_at, delivery_id, payment_id, project_id, user_id) VALUES (306, (SELECT projects.start_date + INTERVAL 13 DAY FROM projects WHERE projects.id=8), 306, 306, 8, 2);
INSERT INTO orders (order_id, created_at, delivery_id, payment_id, supporting_project_id) VALUES (306, (SELECT projects.start_date + INTERVAL 13 DAY FROM projects WHERE projects.id=8), 1, 306, 306);
INSERT INTO supporting_packages(id, option_list, package_count, order_id, project_package_id, supporting_project_id) VALUES (306, '["메이크업"]', 10, 306, 8, 306);
INSERT INTO supporting_projects(supporting_project_id, supported_at, delivery_id, payment_id, project_id, user_id) VALUES (307, (SELECT projects.start_date + INTERVAL 45 DAY FROM projects WHERE projects.id=8), 307, 307, 8, 10);
INSERT INTO orders (order_id, created_at, delivery_id, payment_id, supporting_project_id) VALUES (307, (SELECT projects.start_date + INTERVAL 45 DAY FROM projects WHERE projects.id=8), 1, 307, 307);
INSERT INTO supporting_packages(id, option_list, package_count, order_id, project_package_id, supporting_project_id) VALUES (307, '["메이크업"]', 5, 307, 8, 307);
INSERT INTO supporting_projects(supporting_project_id, supported_at, delivery_id, payment_id, project_id, user_id) VALUES (308, (SELECT projects.start_date + INTERVAL 39 DAY FROM projects WHERE projects.id=8), 308, 308, 8, 19);
INSERT INTO orders (order_id, created_at, delivery_id, payment_id, supporting_project_id) VALUES (308, (SELECT projects.start_date + INTERVAL 39 DAY FROM projects WHERE projects.id=8), 1, 308, 308);
INSERT INTO supporting_packages(id, option_list, package_count, order_id, project_package_id, supporting_project_id) VALUES (308, '["헤어"]', 8, 308, 8, 308);
INSERT INTO supporting_projects(supporting_project_id, supported_at, delivery_id, payment_id, project_id, user_id) VALUES (309, (SELECT projects.start_date + INTERVAL 31 DAY FROM projects WHERE projects.id=8), 309, 309, 8, 6);
INSERT INTO orders (order_id, created_at, delivery_id, payment_id, supporting_project_id) VALUES (309, (SELECT projects.start_date + INTERVAL 31 DAY FROM projects WHERE projects.id=8), 1, 309, 309);
INSERT INTO supporting_packages(id, option_list, package_count, order_id, project_package_id, supporting_project_id) VALUES (309, '["메이크업"]', 6, 309, 8, 309);
INSERT INTO supporting_projects(supporting_project_id, supported_at, delivery_id, payment_id, project_id, user_id) VALUES (310, (SELECT projects.start_date + INTERVAL 6 DAY FROM projects WHERE projects.id=8), 310, 310, 8, 34);
INSERT INTO orders (order_id, created_at, delivery_id, payment_id, supporting_project_id) VALUES (310, (SELECT projects.start_date + INTERVAL 6 DAY FROM projects WHERE projects.id=8), 1, 310, 310);
INSERT INTO supporting_packages(id, option_list, package_count, order_id, project_package_id, supporting_project_id) VALUES (310, '["스킨케어"]', 1, 310, 8, 310);
INSERT INTO supporting_projects(supporting_project_id, supported_at, delivery_id, payment_id, project_id, user_id) VALUES (311, (SELECT projects.start_date + INTERVAL 26 DAY FROM projects WHERE projects.id=8), 311, 311, 8, 19);
INSERT INTO orders (order_id, created_at, delivery_id, payment_id, supporting_project_id) VALUES (311, (SELECT projects.start_date + INTERVAL 26 DAY FROM projects WHERE projects.id=8), 1, 311, 311);
INSERT INTO supporting_packages(id, option_list, package_count, order_id, project_package_id, supporting_project_id) VALUES (311, '["메이크업"]', 9, 311, 8, 311);
INSERT INTO supporting_projects(supporting_project_id, supported_at, delivery_id, payment_id, project_id, user_id) VALUES (312, (SELECT projects.start_date + INTERVAL 1 DAY FROM projects WHERE projects.id=8), 312, 312, 8, 4);
INSERT INTO orders (order_id, created_at, delivery_id, payment_id, supporting_project_id) VALUES (312, (SELECT projects.start_date + INTERVAL 1 DAY FROM projects WHERE projects.id=8), 1, 312, 312);
INSERT INTO supporting_packages(id, option_list, package_count, order_id, project_package_id, supporting_project_id) VALUES (312, '["스킨케어"]', 1, 312, 8, 312);
INSERT INTO supporting_projects(supporting_project_id, supported_at, delivery_id, payment_id, project_id, user_id) VALUES (313, (SELECT projects.start_date + INTERVAL 19 DAY FROM projects WHERE projects.id=8), 313, 313, 8, 5);
INSERT INTO orders (order_id, created_at, delivery_id, payment_id, supporting_project_id) VALUES (313, (SELECT projects.start_date + INTERVAL 19 DAY FROM projects WHERE projects.id=8), 1, 313, 313);
INSERT INTO supporting_packages(id, option_list, package_count, order_id, project_package_id, supporting_project_id) VALUES (313, '["헤어"]', 1, 313, 8, 313);
INSERT INTO supporting_projects(supporting_project_id, supported_at, delivery_id, payment_id, project_id, user_id) VALUES (314, (SELECT projects.start_date + INTERVAL 12 DAY FROM projects WHERE projects.id=8), 314, 314, 8, 23);
INSERT INTO orders (order_id, created_at, delivery_id, payment_id, supporting_project_id) VALUES (314, (SELECT projects.start_date + INTERVAL 12 DAY FROM projects WHERE projects.id=8), 1, 314, 314);
INSERT INTO supporting_packages(id, option_list, package_count, order_id, project_package_id, supporting_project_id) VALUES (314, '["스킨케어"]', 2, 314, 8, 314);
INSERT INTO supporting_projects(supporting_project_id, supported_at, delivery_id, payment_id, project_id, user_id) VALUES (315, (SELECT projects.start_date + INTERVAL 1 DAY FROM projects WHERE projects.id=8), 315, 315, 8, 7);
INSERT INTO orders (order_id, created_at, delivery_id, payment_id, supporting_project_id) VALUES (315, (SELECT projects.start_date + INTERVAL 1 DAY FROM projects WHERE projects.id=8), 1, 315, 315);
INSERT INTO supporting_packages(id, option_list, package_count, order_id, project_package_id, supporting_project_id) VALUES (315, '["메이크업"]', 5, 315, 8, 315);
INSERT INTO supporting_projects(supporting_project_id, supported_at, delivery_id, payment_id, project_id, user_id) VALUES (316, (SELECT projects.start_date + INTERVAL 38 DAY FROM projects WHERE projects.id=8), 316, 316, 8, 4);
INSERT INTO orders (order_id, created_at, delivery_id, payment_id, supporting_project_id) VALUES (316, (SELECT projects.start_date + INTERVAL 38 DAY FROM projects WHERE projects.id=8), 1, 316, 316);
INSERT INTO supporting_packages(id, option_list, package_count, order_id, project_package_id, supporting_project_id) VALUES (316, '["스킨케어"]', 3, 316, 8, 316);
INSERT INTO supporting_projects(supporting_project_id, supported_at, delivery_id, payment_id, project_id, user_id) VALUES (317, (SELECT projects.start_date + INTERVAL 7 DAY FROM projects WHERE projects.id=8), 317, 317, 8, 37);
INSERT INTO orders (order_id, created_at, delivery_id, payment_id, supporting_project_id) VALUES (317, (SELECT projects.start_date + INTERVAL 7 DAY FROM projects WHERE projects.id=8), 1, 317, 317);
INSERT INTO supporting_packages(id, option_list, package_count, order_id, project_package_id, supporting_project_id) VALUES (317, '["메이크업"]', 4, 317, 8, 317);
INSERT INTO supporting_projects(supporting_project_id, supported_at, delivery_id, payment_id, project_id, user_id) VALUES (318, (SELECT projects.start_date + INTERVAL 32 DAY FROM projects WHERE projects.id=8), 318, 318, 8, 16);
INSERT INTO orders (order_id, created_at, delivery_id, payment_id, supporting_project_id) VALUES (318, (SELECT projects.start_date + INTERVAL 32 DAY FROM projects WHERE projects.id=8), 1, 318, 318);
INSERT INTO supporting_packages(id, option_list, package_count, order_id, project_package_id, supporting_project_id) VALUES (318, '["메이크업"]', 4, 318, 8, 318);
INSERT INTO supporting_projects(supporting_project_id, supported_at, delivery_id, payment_id, project_id, user_id) VALUES (319, (SELECT projects.start_date + INTERVAL 44 DAY FROM projects WHERE projects.id=8), 319, 319, 8, 33);
INSERT INTO orders (order_id, created_at, delivery_id, payment_id, supporting_project_id) VALUES (319, (SELECT projects.start_date + INTERVAL 44 DAY FROM projects WHERE projects.id=8), 1, 319, 319);
INSERT INTO supporting_packages(id, option_list, package_count, order_id, project_package_id, supporting_project_id) VALUES (319, '["메이크업"]', 6, 319, 8, 319);
INSERT INTO supporting_projects(supporting_project_id, supported_at, delivery_id, payment_id, project_id, user_id) VALUES (320, (SELECT projects.start_date + INTERVAL 45 DAY FROM projects WHERE projects.id=8), 320, 320, 8, 26);
INSERT INTO orders (order_id, created_at, delivery_id, payment_id, supporting_project_id) VALUES (320, (SELECT projects.start_date + INTERVAL 45 DAY FROM projects WHERE projects.id=8), 1, 320, 320);
INSERT INTO supporting_packages(id, option_list, package_count, order_id, project_package_id, supporting_project_id) VALUES (320, '["헤어"]', 7, 320, 8, 320);
INSERT INTO supporting_projects(supporting_project_id, supported_at, delivery_id, payment_id, project_id, user_id) VALUES (321, (SELECT projects.start_date + INTERVAL 14 DAY FROM projects WHERE projects.id=8), 321, 321, 8, 35);
INSERT INTO orders (order_id, created_at, delivery_id, payment_id, supporting_project_id) VALUES (321, (SELECT projects.start_date + INTERVAL 14 DAY FROM projects WHERE projects.id=8), 1, 321, 321);
INSERT INTO supporting_packages(id, option_list, package_count, order_id, project_package_id, supporting_project_id) VALUES (321, '["헤어"]', 5, 321, 8, 321);
INSERT INTO supporting_projects(supporting_project_id, supported_at, delivery_id, payment_id, project_id, user_id) VALUES (322, (SELECT projects.start_date + INTERVAL 2 DAY FROM projects WHERE projects.id=8), 322, 322, 8, 24);
INSERT INTO orders (order_id, created_at, delivery_id, payment_id, supporting_project_id) VALUES (322, (SELECT projects.start_date + INTERVAL 2 DAY FROM projects WHERE projects.id=8), 1, 322, 322);
INSERT INTO supporting_packages(id, option_list, package_count, order_id, project_package_id, supporting_project_id) VALUES (322, '["메이크업"]', 5, 322, 8, 322);
INSERT INTO supporting_projects(supporting_project_id, supported_at, delivery_id, payment_id, project_id, user_id) VALUES (323, (SELECT projects.start_date + INTERVAL 42 DAY FROM projects WHERE projects.id=8), 323, 323, 8, 32);
INSERT INTO orders (order_id, created_at, delivery_id, payment_id, supporting_project_id) VALUES (323, (SELECT projects.start_date + INTERVAL 42 DAY FROM projects WHERE projects.id=8), 1, 323, 323);
INSERT INTO supporting_packages(id, option_list, package_count, order_id, project_package_id, supporting_project_id) VALUES (323, '["메이크업"]', 6, 323, 8, 323);
INSERT INTO supporting_projects(supporting_project_id, supported_at, delivery_id, payment_id, project_id, user_id) VALUES (324, (SELECT projects.start_date + INTERVAL 22 DAY FROM projects WHERE projects.id=8), 324, 324, 8, 5);
INSERT INTO orders (order_id, created_at, delivery_id, payment_id, supporting_project_id) VALUES (324, (SELECT projects.start_date + INTERVAL 22 DAY FROM projects WHERE projects.id=8), 1, 324, 324);
INSERT INTO supporting_packages(id, option_list, package_count, order_id, project_package_id, supporting_project_id) VALUES (324, '["헤어"]', 8, 324, 8, 324);
INSERT INTO supporting_projects(supporting_project_id, supported_at, delivery_id, payment_id, project_id, user_id) VALUES (325, (SELECT projects.start_date + INTERVAL 30 DAY FROM projects WHERE projects.id=8), 325, 325, 8, 7);
INSERT INTO orders (order_id, created_at, delivery_id, payment_id, supporting_project_id) VALUES (325, (SELECT projects.start_date + INTERVAL 30 DAY FROM projects WHERE projects.id=8), 1, 325, 325);
INSERT INTO supporting_packages(id, option_list, package_count, order_id, project_package_id, supporting_project_id) VALUES (325, '["스킨케어"]', 10, 325, 8, 325);
INSERT INTO supporting_projects(supporting_project_id, supported_at, delivery_id, payment_id, project_id, user_id) VALUES (326, (SELECT projects.start_date + INTERVAL 20 DAY FROM projects WHERE projects.id=8), 326, 326, 8, 14);
INSERT INTO orders (order_id, created_at, delivery_id, payment_id, supporting_project_id) VALUES (326, (SELECT projects.start_date + INTERVAL 20 DAY FROM projects WHERE projects.id=8), 1, 326, 326);
INSERT INTO supporting_packages(id, option_list, package_count, order_id, project_package_id, supporting_project_id) VALUES (326, '["스킨케어"]', 8, 326, 8, 326);
INSERT INTO supporting_projects(supporting_project_id, supported_at, delivery_id, payment_id, project_id, user_id) VALUES (327, (SELECT projects.start_date + INTERVAL 47 DAY FROM projects WHERE projects.id=8), 327, 327, 8, 32);
INSERT INTO orders (order_id, created_at, delivery_id, payment_id, supporting_project_id) VALUES (327, (SELECT projects.start_date + INTERVAL 47 DAY FROM projects WHERE projects.id=8), 1, 327, 327);
INSERT INTO supporting_packages(id, option_list, package_count, order_id, project_package_id, supporting_project_id) VALUES (327, '["헤어"]', 7, 327, 8, 327);
INSERT INTO supporting_projects(supporting_project_id, supported_at, delivery_id, payment_id, project_id, user_id) VALUES (328, (SELECT projects.start_date + INTERVAL 3 DAY FROM projects WHERE projects.id=8), 328, 328, 8, 20);
INSERT INTO orders (order_id, created_at, delivery_id, payment_id, supporting_project_id) VALUES (328, (SELECT projects.start_date + INTERVAL 3 DAY FROM projects WHERE projects.id=8), 1, 328, 328);
INSERT INTO supporting_packages(id, option_list, package_count, order_id, project_package_id, supporting_project_id) VALUES (328, '["헤어"]', 2, 328, 8, 328);
INSERT INTO supporting_projects(supporting_project_id, supported_at, delivery_id, payment_id, project_id, user_id) VALUES (329, (SELECT projects.start_date + INTERVAL 11 DAY FROM projects WHERE projects.id=8), 329, 329, 8, 24);
INSERT INTO orders (order_id, created_at, delivery_id, payment_id, supporting_project_id) VALUES (329, (SELECT projects.start_date + INTERVAL 11 DAY FROM projects WHERE projects.id=8), 1, 329, 329);
INSERT INTO supporting_packages(id, option_list, package_count, order_id, project_package_id, supporting_project_id) VALUES (329, '["메이크업"]', 9, 329, 8, 329);
INSERT INTO supporting_projects(supporting_project_id, supported_at, delivery_id, payment_id, project_id, user_id) VALUES (330, (SELECT projects.start_date + INTERVAL 11 DAY FROM projects WHERE projects.id=8), 330, 330, 8, 25);
INSERT INTO orders (order_id, created_at, delivery_id, payment_id, supporting_project_id) VALUES (330, (SELECT projects.start_date + INTERVAL 11 DAY FROM projects WHERE projects.id=8), 1, 330, 330);
INSERT INTO supporting_packages(id, option_list, package_count, order_id, project_package_id, supporting_project_id) VALUES (330, '["스킨케어"]', 2, 330, 8, 330);
INSERT INTO supporting_projects(supporting_project_id, supported_at, delivery_id, payment_id, project_id, user_id) VALUES (331, (SELECT projects.start_date + INTERVAL 34 DAY FROM projects WHERE projects.id=8), 331, 331, 8, 26);
INSERT INTO orders (order_id, created_at, delivery_id, payment_id, supporting_project_id) VALUES (331, (SELECT projects.start_date + INTERVAL 34 DAY FROM projects WHERE projects.id=8), 1, 331, 331);
INSERT INTO supporting_packages(id, option_list, package_count, order_id, project_package_id, supporting_project_id) VALUES (331, '["메이크업"]', 8, 331, 8, 331);
INSERT INTO supporting_projects(supporting_project_id, supported_at, delivery_id, payment_id, project_id, user_id) VALUES (332, (SELECT projects.start_date + INTERVAL 7 DAY FROM projects WHERE projects.id=8), 332, 332, 8, 25);
INSERT INTO orders (order_id, created_at, delivery_id, payment_id, supporting_project_id) VALUES (332, (SELECT projects.start_date + INTERVAL 7 DAY FROM projects WHERE projects.id=8), 1, 332, 332);
INSERT INTO supporting_packages(id, option_list, package_count, order_id, project_package_id, supporting_project_id) VALUES (332, '["메이크업"]', 9, 332, 8, 332);
INSERT INTO supporting_projects(supporting_project_id, supported_at, delivery_id, payment_id, project_id, user_id) VALUES (333, (SELECT projects.start_date + INTERVAL 1 DAY FROM projects WHERE projects.id=8), 333, 333, 8, 33);
INSERT INTO orders (order_id, created_at, delivery_id, payment_id, supporting_project_id) VALUES (333, (SELECT projects.start_date + INTERVAL 1 DAY FROM projects WHERE projects.id=8), 1, 333, 333);
INSERT INTO supporting_packages(id, option_list, package_count, order_id, project_package_id, supporting_project_id) VALUES (333, '["헤어"]', 5, 333, 8, 333);
INSERT INTO supporting_projects(supporting_project_id, supported_at, delivery_id, payment_id, project_id, user_id) VALUES (334, (SELECT projects.start_date + INTERVAL 21 DAY FROM projects WHERE projects.id=8), 334, 334, 8, 10);
INSERT INTO orders (order_id, created_at, delivery_id, payment_id, supporting_project_id) VALUES (334, (SELECT projects.start_date + INTERVAL 21 DAY FROM projects WHERE projects.id=8), 1, 334, 334);
INSERT INTO supporting_packages(id, option_list, package_count, order_id, project_package_id, supporting_project_id) VALUES (334, '["스킨케어"]', 6, 334, 8, 334);
INSERT INTO supporting_projects(supporting_project_id, supported_at, delivery_id, payment_id, project_id, user_id) VALUES (335, (SELECT projects.start_date + INTERVAL 41 DAY FROM projects WHERE projects.id=8), 335, 335, 8, 8);
INSERT INTO orders (order_id, created_at, delivery_id, payment_id, supporting_project_id) VALUES (335, (SELECT projects.start_date + INTERVAL 41 DAY FROM projects WHERE projects.id=8), 1, 335, 335);
INSERT INTO supporting_packages(id, option_list, package_count, order_id, project_package_id, supporting_project_id) VALUES (335, '["메이크업"]', 1, 335, 8, 335);
INSERT INTO supporting_projects(supporting_project_id, supported_at, delivery_id, payment_id, project_id, user_id) VALUES (336, (SELECT projects.start_date + INTERVAL 9 DAY FROM projects WHERE projects.id=8), 336, 336, 8, 37);
INSERT INTO orders (order_id, created_at, delivery_id, payment_id, supporting_project_id) VALUES (336, (SELECT projects.start_date + INTERVAL 9 DAY FROM projects WHERE projects.id=8), 1, 336, 336);
INSERT INTO supporting_packages(id, option_list, package_count, order_id, project_package_id, supporting_project_id) VALUES (336, '["헤어"]', 1, 336, 8, 336);
INSERT INTO supporting_projects(supporting_project_id, supported_at, delivery_id, payment_id, project_id, user_id) VALUES (337, (SELECT projects.start_date + INTERVAL 36 DAY FROM projects WHERE projects.id=8), 337, 337, 8, 30);
INSERT INTO orders (order_id, created_at, delivery_id, payment_id, supporting_project_id) VALUES (337, (SELECT projects.start_date + INTERVAL 36 DAY FROM projects WHERE projects.id=8), 1, 337, 337);
INSERT INTO supporting_packages(id, option_list, package_count, order_id, project_package_id, supporting_project_id) VALUES (337, '["스킨케어"]', 1, 337, 8, 337);
INSERT INTO supporting_projects(supporting_project_id, supported_at, delivery_id, payment_id, project_id, user_id) VALUES (338, (SELECT projects.start_date + INTERVAL 20 DAY FROM projects WHERE projects.id=8), 338, 338, 8, 12);
INSERT INTO orders (order_id, created_at, delivery_id, payment_id, supporting_project_id) VALUES (338, (SELECT projects.start_date + INTERVAL 20 DAY FROM projects WHERE projects.id=8), 1, 338, 338);
INSERT INTO supporting_packages(id, option_list, package_count, order_id, project_package_id, supporting_project_id) VALUES (338, '["메이크업"]', 10, 338, 8, 338);
INSERT INTO supporting_projects(supporting_project_id, supported_at, delivery_id, payment_id, project_id, user_id) VALUES (339, (SELECT projects.start_date + INTERVAL 38 DAY FROM projects WHERE projects.id=8), 339, 339, 8, 29);
INSERT INTO orders (order_id, created_at, delivery_id, payment_id, supporting_project_id) VALUES (339, (SELECT projects.start_date + INTERVAL 38 DAY FROM projects WHERE projects.id=8), 1, 339, 339);
INSERT INTO supporting_packages(id, option_list, package_count, order_id, project_package_id, supporting_project_id) VALUES (339, '["헤어"]', 8, 339, 8, 339);
INSERT INTO supporting_projects(supporting_project_id, supported_at, delivery_id, payment_id, project_id, user_id) VALUES (340, (SELECT projects.start_date + INTERVAL 11 DAY FROM projects WHERE projects.id=8), 340, 340, 8, 17);
INSERT INTO orders (order_id, created_at, delivery_id, payment_id, supporting_project_id) VALUES (340, (SELECT projects.start_date + INTERVAL 11 DAY FROM projects WHERE projects.id=8), 1, 340, 340);
INSERT INTO supporting_packages(id, option_list, package_count, order_id, project_package_id, supporting_project_id) VALUES (340, '["스킨케어"]', 5, 340, 8, 340);
INSERT INTO supporting_projects(supporting_project_id, supported_at, delivery_id, payment_id, project_id, user_id) VALUES (341, (SELECT projects.start_date + INTERVAL 35 DAY FROM projects WHERE projects.id=8), 341, 341, 8, 31);
INSERT INTO orders (order_id, created_at, delivery_id, payment_id, supporting_project_id) VALUES (341, (SELECT projects.start_date + INTERVAL 35 DAY FROM projects WHERE projects.id=8), 1, 341, 341);
INSERT INTO supporting_packages(id, option_list, package_count, order_id, project_package_id, supporting_project_id) VALUES (341, '["헤어"]', 3, 341, 8, 341);
INSERT INTO supporting_projects(supporting_project_id, supported_at, delivery_id, payment_id, project_id, user_id) VALUES (342, (SELECT projects.start_date + INTERVAL 47 DAY FROM projects WHERE projects.id=8), 342, 342, 8, 21);
INSERT INTO orders (order_id, created_at, delivery_id, payment_id, supporting_project_id) VALUES (342, (SELECT projects.start_date + INTERVAL 47 DAY FROM projects WHERE projects.id=8), 1, 342, 342);
INSERT INTO supporting_packages(id, option_list, package_count, order_id, project_package_id, supporting_project_id) VALUES (342, '["메이크업"]', 6, 342, 8, 342);
INSERT INTO supporting_projects(supporting_project_id, supported_at, delivery_id, payment_id, project_id, user_id) VALUES (343, (SELECT projects.start_date + INTERVAL 27 DAY FROM projects WHERE projects.id=8), 343, 343, 8, 21);
INSERT INTO orders (order_id, created_at, delivery_id, payment_id, supporting_project_id) VALUES (343, (SELECT projects.start_date + INTERVAL 27 DAY FROM projects WHERE projects.id=8), 1, 343, 343);
INSERT INTO supporting_packages(id, option_list, package_count, order_id, project_package_id, supporting_project_id) VALUES (343, '["메이크업"]', 8, 343, 8, 343);
INSERT INTO supporting_projects(supporting_project_id, supported_at, delivery_id, payment_id, project_id, user_id) VALUES (344, (SELECT projects.start_date + INTERVAL 49 DAY FROM projects WHERE projects.id=8), 344, 344, 8, 39);
INSERT INTO orders (order_id, created_at, delivery_id, payment_id, supporting_project_id) VALUES (344, (SELECT projects.start_date + INTERVAL 49 DAY FROM projects WHERE projects.id=8), 1, 344, 344);
INSERT INTO supporting_packages(id, option_list, package_count, order_id, project_package_id, supporting_project_id) VALUES (344, '["메이크업"]', 1, 344, 8, 344);
INSERT INTO supporting_projects(supporting_project_id, supported_at, delivery_id, payment_id, project_id, user_id) VALUES (345, (SELECT projects.start_date + INTERVAL 45 DAY FROM projects WHERE projects.id=8), 345, 345, 8, 31);
INSERT INTO orders (order_id, created_at, delivery_id, payment_id, supporting_project_id) VALUES (345, (SELECT projects.start_date + INTERVAL 45 DAY FROM projects WHERE projects.id=8), 1, 345, 345);
INSERT INTO supporting_packages(id, option_list, package_count, order_id, project_package_id, supporting_project_id) VALUES (345, '["헤어"]', 8, 345, 8, 345);
INSERT INTO supporting_projects(supporting_project_id, supported_at, delivery_id, payment_id, project_id, user_id) VALUES (346, (SELECT projects.start_date + INTERVAL 46 DAY FROM projects WHERE projects.id=8), 346, 346, 8, 20);
INSERT INTO orders (order_id, created_at, delivery_id, payment_id, supporting_project_id) VALUES (346, (SELECT projects.start_date + INTERVAL 46 DAY FROM projects WHERE projects.id=8), 1, 346, 346);
INSERT INTO supporting_packages(id, option_list, package_count, order_id, project_package_id, supporting_project_id) VALUES (346, '["헤어"]', 8, 346, 8, 346);
INSERT INTO supporting_projects(supporting_project_id, supported_at, delivery_id, payment_id, project_id, user_id) VALUES (347, (SELECT projects.start_date + INTERVAL 41 DAY FROM projects WHERE projects.id=8), 347, 347, 8, 1);
INSERT INTO orders (order_id, created_at, delivery_id, payment_id, supporting_project_id) VALUES (347, (SELECT projects.start_date + INTERVAL 41 DAY FROM projects WHERE projects.id=8), 1, 347, 347);
INSERT INTO supporting_packages(id, option_list, package_count, order_id, project_package_id, supporting_project_id) VALUES (347, '["메이크업"]', 9, 347, 8, 347);
INSERT INTO supporting_projects(supporting_project_id, supported_at, delivery_id, payment_id, project_id, user_id) VALUES (348, (SELECT projects.start_date + INTERVAL 34 DAY FROM projects WHERE projects.id=8), 348, 348, 8, 30);
INSERT INTO orders (order_id, created_at, delivery_id, payment_id, supporting_project_id) VALUES (348, (SELECT projects.start_date + INTERVAL 34 DAY FROM projects WHERE projects.id=8), 1, 348, 348);
INSERT INTO supporting_packages(id, option_list, package_count, order_id, project_package_id, supporting_project_id) VALUES (348, '["헤어"]', 10, 348, 8, 348);
INSERT INTO supporting_projects(supporting_project_id, supported_at, delivery_id, payment_id, project_id, user_id) VALUES (349, (SELECT projects.start_date + INTERVAL 33 DAY FROM projects WHERE projects.id=8), 349, 349, 8, 25);
INSERT INTO orders (order_id, created_at, delivery_id, payment_id, supporting_project_id) VALUES (349, (SELECT projects.start_date + INTERVAL 33 DAY FROM projects WHERE projects.id=8), 1, 349, 349);
INSERT INTO supporting_packages(id, option_list, package_count, order_id, project_package_id, supporting_project_id) VALUES (349, '["헤어"]', 6, 349, 8, 349);
INSERT INTO supporting_projects(supporting_project_id, supported_at, delivery_id, payment_id, project_id, user_id) VALUES (350, (SELECT projects.start_date + INTERVAL 44 DAY FROM projects WHERE projects.id=8), 350, 350, 8, 8);
INSERT INTO orders (order_id, created_at, delivery_id, payment_id, supporting_project_id) VALUES (350, (SELECT projects.start_date + INTERVAL 44 DAY FROM projects WHERE projects.id=8), 1, 350, 350);
INSERT INTO supporting_packages(id, option_list, package_count, order_id, project_package_id, supporting_project_id) VALUES (350, '["스킨케어"]', 4, 350, 8, 350);
INSERT INTO supporting_projects(supporting_project_id, supported_at, delivery_id, payment_id, project_id, user_id) VALUES (351, (SELECT projects.start_date + INTERVAL 40 DAY FROM projects WHERE projects.id=8), 351, 351, 8, 34);
INSERT INTO orders (order_id, created_at, delivery_id, payment_id, supporting_project_id) VALUES (351, (SELECT projects.start_date + INTERVAL 40 DAY FROM projects WHERE projects.id=8), 1, 351, 351);
INSERT INTO supporting_packages(id, option_list, package_count, order_id, project_package_id, supporting_project_id) VALUES (351, '["헤어"]', 6, 351, 8, 351);
INSERT INTO supporting_projects(supporting_project_id, supported_at, delivery_id, payment_id, project_id, user_id) VALUES (352, (SELECT projects.start_date + INTERVAL 6 DAY FROM projects WHERE projects.id=8), 352, 352, 8, 39);
INSERT INTO orders (order_id, created_at, delivery_id, payment_id, supporting_project_id) VALUES (352, (SELECT projects.start_date + INTERVAL 6 DAY FROM projects WHERE projects.id=8), 1, 352, 352);
INSERT INTO supporting_packages(id, option_list, package_count, order_id, project_package_id, supporting_project_id) VALUES (352, '["스킨케어"]', 1, 352, 8, 352);
INSERT INTO supporting_projects(supporting_project_id, supported_at, delivery_id, payment_id, project_id, user_id) VALUES (353, (SELECT projects.start_date + INTERVAL 2 DAY FROM projects WHERE projects.id=8), 353, 353, 8, 8);
INSERT INTO orders (order_id, created_at, delivery_id, payment_id, supporting_project_id) VALUES (353, (SELECT projects.start_date + INTERVAL 2 DAY FROM projects WHERE projects.id=8), 1, 353, 353);
INSERT INTO supporting_packages(id, option_list, package_count, order_id, project_package_id, supporting_project_id) VALUES (353, '["헤어"]', 2, 353, 8, 353);
INSERT INTO supporting_projects(supporting_project_id, supported_at, delivery_id, payment_id, project_id, user_id) VALUES (354, (SELECT projects.start_date + INTERVAL 20 DAY FROM projects WHERE projects.id=8), 354, 354, 8, 28);
INSERT INTO orders (order_id, created_at, delivery_id, payment_id, supporting_project_id) VALUES (354, (SELECT projects.start_date + INTERVAL 20 DAY FROM projects WHERE projects.id=8), 1, 354, 354);
INSERT INTO supporting_packages(id, option_list, package_count, order_id, project_package_id, supporting_project_id) VALUES (354, '["메이크업"]', 5, 354, 8, 354);
INSERT INTO supporting_projects(supporting_project_id, supported_at, delivery_id, payment_id, project_id, user_id) VALUES (355, (SELECT projects.start_date + INTERVAL 28 DAY FROM projects WHERE projects.id=8), 355, 355, 8, 6);
INSERT INTO orders (order_id, created_at, delivery_id, payment_id, supporting_project_id) VALUES (355, (SELECT projects.start_date + INTERVAL 28 DAY FROM projects WHERE projects.id=8), 1, 355, 355);
INSERT INTO supporting_packages(id, option_list, package_count, order_id, project_package_id, supporting_project_id) VALUES (355, '["메이크업"]', 9, 355, 8, 355);
INSERT INTO supporting_projects(supporting_project_id, supported_at, delivery_id, payment_id, project_id, user_id) VALUES (356, (SELECT projects.start_date + INTERVAL 47 DAY FROM projects WHERE projects.id=8), 356, 356, 8, 36);
INSERT INTO orders (order_id, created_at, delivery_id, payment_id, supporting_project_id) VALUES (356, (SELECT projects.start_date + INTERVAL 47 DAY FROM projects WHERE projects.id=8), 1, 356, 356);
INSERT INTO supporting_packages(id, option_list, package_count, order_id, project_package_id, supporting_project_id) VALUES (356, '["스킨케어"]', 4, 356, 8, 356);
INSERT INTO supporting_projects(supporting_project_id, supported_at, delivery_id, payment_id, project_id, user_id) VALUES (357, (SELECT projects.start_date + INTERVAL 43 DAY FROM projects WHERE projects.id=8), 357, 357, 8, 3);
INSERT INTO orders (order_id, created_at, delivery_id, payment_id, supporting_project_id) VALUES (357, (SELECT projects.start_date + INTERVAL 43 DAY FROM projects WHERE projects.id=8), 1, 357, 357);
INSERT INTO supporting_packages(id, option_list, package_count, order_id, project_package_id, supporting_project_id) VALUES (357, '["메이크업"]', 9, 357, 8, 357);
INSERT INTO supporting_projects(supporting_project_id, supported_at, delivery_id, payment_id, project_id, user_id) VALUES (358, (SELECT projects.start_date + INTERVAL 17 DAY FROM projects WHERE projects.id=8), 358, 358, 8, 13);
INSERT INTO orders (order_id, created_at, delivery_id, payment_id, supporting_project_id) VALUES (358, (SELECT projects.start_date + INTERVAL 17 DAY FROM projects WHERE projects.id=8), 1, 358, 358);
INSERT INTO supporting_packages(id, option_list, package_count, order_id, project_package_id, supporting_project_id) VALUES (358, '["메이크업"]', 6, 358, 8, 358);
INSERT INTO supporting_projects(supporting_project_id, supported_at, delivery_id, payment_id, project_id, user_id) VALUES (359, (SELECT projects.start_date + INTERVAL 19 DAY FROM projects WHERE projects.id=8), 359, 359, 8, 12);
INSERT INTO orders (order_id, created_at, delivery_id, payment_id, supporting_project_id) VALUES (359, (SELECT projects.start_date + INTERVAL 19 DAY FROM projects WHERE projects.id=8), 1, 359, 359);
INSERT INTO supporting_packages(id, option_list, package_count, order_id, project_package_id, supporting_project_id) VALUES (359, '["메이크업"]', 4, 359, 8, 359);
INSERT INTO supporting_projects(supporting_project_id, supported_at, delivery_id, payment_id, project_id, user_id) VALUES (360, (SELECT projects.start_date + INTERVAL 41 DAY FROM projects WHERE projects.id=8), 360, 360, 8, 25);
INSERT INTO orders (order_id, created_at, delivery_id, payment_id, supporting_project_id) VALUES (360, (SELECT projects.start_date + INTERVAL 41 DAY FROM projects WHERE projects.id=8), 1, 360, 360);
INSERT INTO supporting_packages(id, option_list, package_count, order_id, project_package_id, supporting_project_id) VALUES (360, '["메이크업"]', 4, 360, 8, 360);
INSERT INTO supporting_projects(supporting_project_id, supported_at, delivery_id, payment_id, project_id, user_id) VALUES (361, (SELECT projects.start_date + INTERVAL 16 DAY FROM projects WHERE projects.id=8), 361, 361, 8, 21);
INSERT INTO orders (order_id, created_at, delivery_id, payment_id, supporting_project_id) VALUES (361, (SELECT projects.start_date + INTERVAL 16 DAY FROM projects WHERE projects.id=8), 1, 361, 361);
INSERT INTO supporting_packages(id, option_list, package_count, order_id, project_package_id, supporting_project_id) VALUES (361, '["헤어"]', 8, 361, 8, 361);
INSERT INTO supporting_projects(supporting_project_id, supported_at, delivery_id, payment_id, project_id, user_id) VALUES (362, (SELECT projects.start_date + INTERVAL 27 DAY FROM projects WHERE projects.id=8), 362, 362, 8, 33);
INSERT INTO orders (order_id, created_at, delivery_id, payment_id, supporting_project_id) VALUES (362, (SELECT projects.start_date + INTERVAL 27 DAY FROM projects WHERE projects.id=8), 1, 362, 362);
INSERT INTO supporting_packages(id, option_list, package_count, order_id, project_package_id, supporting_project_id) VALUES (362, '["메이크업"]', 6, 362, 8, 362);
INSERT INTO supporting_projects(supporting_project_id, supported_at, delivery_id, payment_id, project_id, user_id) VALUES (363, (SELECT projects.start_date + INTERVAL 42 DAY FROM projects WHERE projects.id=8), 363, 363, 8, 16);
INSERT INTO orders (order_id, created_at, delivery_id, payment_id, supporting_project_id) VALUES (363, (SELECT projects.start_date + INTERVAL 42 DAY FROM projects WHERE projects.id=8), 1, 363, 363);
INSERT INTO supporting_packages(id, option_list, package_count, order_id, project_package_id, supporting_project_id) VALUES (363, '["헤어"]', 10, 363, 8, 363);
INSERT INTO supporting_projects(supporting_project_id, supported_at, delivery_id, payment_id, project_id, user_id) VALUES (364, (SELECT projects.start_date + INTERVAL 1 DAY FROM projects WHERE projects.id=8), 364, 364, 8, 26);
INSERT INTO orders (order_id, created_at, delivery_id, payment_id, supporting_project_id) VALUES (364, (SELECT projects.start_date + INTERVAL 1 DAY FROM projects WHERE projects.id=8), 1, 364, 364);
INSERT INTO supporting_packages(id, option_list, package_count, order_id, project_package_id, supporting_project_id) VALUES (364, '["스킨케어"]', 3, 364, 8, 364);
INSERT INTO supporting_projects(supporting_project_id, supported_at, delivery_id, payment_id, project_id, user_id) VALUES (365, (SELECT projects.start_date + INTERVAL 27 DAY FROM projects WHERE projects.id=8), 365, 365, 8, 32);
INSERT INTO orders (order_id, created_at, delivery_id, payment_id, supporting_project_id) VALUES (365, (SELECT projects.start_date + INTERVAL 27 DAY FROM projects WHERE projects.id=8), 1, 365, 365);
INSERT INTO supporting_packages(id, option_list, package_count, order_id, project_package_id, supporting_project_id) VALUES (365, '["헤어"]', 10, 365, 8, 365);
INSERT INTO supporting_projects(supporting_project_id, supported_at, delivery_id, payment_id, project_id, user_id) VALUES (366, (SELECT projects.start_date + INTERVAL 32 DAY FROM projects WHERE projects.id=8), 366, 366, 8, 21);
INSERT INTO orders (order_id, created_at, delivery_id, payment_id, supporting_project_id) VALUES (366, (SELECT projects.start_date + INTERVAL 32 DAY FROM projects WHERE projects.id=8), 1, 366, 366);
INSERT INTO supporting_packages(id, option_list, package_count, order_id, project_package_id, supporting_project_id) VALUES (366, '["헤어"]', 6, 366, 8, 366);
INSERT INTO supporting_projects(supporting_project_id, supported_at, delivery_id, payment_id, project_id, user_id) VALUES (367, (SELECT projects.start_date + INTERVAL 5 DAY FROM projects WHERE projects.id=8), 367, 367, 8, 14);
INSERT INTO orders (order_id, created_at, delivery_id, payment_id, supporting_project_id) VALUES (367, (SELECT projects.start_date + INTERVAL 5 DAY FROM projects WHERE projects.id=8), 1, 367, 367);
INSERT INTO supporting_packages(id, option_list, package_count, order_id, project_package_id, supporting_project_id) VALUES (367, '["헤어"]', 8, 367, 8, 367);
INSERT INTO supporting_projects(supporting_project_id, supported_at, delivery_id, payment_id, project_id, user_id) VALUES (368, (SELECT projects.start_date + INTERVAL 11 DAY FROM projects WHERE projects.id=8), 368, 368, 8, 23);
INSERT INTO orders (order_id, created_at, delivery_id, payment_id, supporting_project_id) VALUES (368, (SELECT projects.start_date + INTERVAL 11 DAY FROM projects WHERE projects.id=8), 1, 368, 368);
INSERT INTO supporting_packages(id, option_list, package_count, order_id, project_package_id, supporting_project_id) VALUES (368, '["헤어"]', 7, 368, 8, 368);
INSERT INTO supporting_projects(supporting_project_id, supported_at, delivery_id, payment_id, project_id, user_id) VALUES (369, (SELECT projects.start_date + INTERVAL 38 DAY FROM projects WHERE projects.id=8), 369, 369, 8, 26);
INSERT INTO orders (order_id, created_at, delivery_id, payment_id, supporting_project_id) VALUES (369, (SELECT projects.start_date + INTERVAL 38 DAY FROM projects WHERE projects.id=8), 1, 369, 369);
INSERT INTO supporting_packages(id, option_list, package_count, order_id, project_package_id, supporting_project_id) VALUES (369, '["스킨케어"]', 8, 369, 8, 369);
INSERT INTO supporting_projects(supporting_project_id, supported_at, delivery_id, payment_id, project_id, user_id) VALUES (370, (SELECT projects.start_date + INTERVAL 14 DAY FROM projects WHERE projects.id=8), 370, 370, 8, 35);
INSERT INTO orders (order_id, created_at, delivery_id, payment_id, supporting_project_id) VALUES (370, (SELECT projects.start_date + INTERVAL 14 DAY FROM projects WHERE projects.id=8), 1, 370, 370);
INSERT INTO supporting_packages(id, option_list, package_count, order_id, project_package_id, supporting_project_id) VALUES (370, '["메이크업"]', 7, 370, 8, 370);
INSERT INTO supporting_projects(supporting_project_id, supported_at, delivery_id, payment_id, project_id, user_id) VALUES (371, (SELECT projects.start_date + INTERVAL 8 DAY FROM projects WHERE projects.id=8), 371, 371, 8, 23);
INSERT INTO orders (order_id, created_at, delivery_id, payment_id, supporting_project_id) VALUES (371, (SELECT projects.start_date + INTERVAL 8 DAY FROM projects WHERE projects.id=8), 1, 371, 371);
INSERT INTO supporting_packages(id, option_list, package_count, order_id, project_package_id, supporting_project_id) VALUES (371, '["스킨케어"]', 1, 371, 8, 371);
INSERT INTO supporting_projects(supporting_project_id, supported_at, delivery_id, payment_id, project_id, user_id) VALUES (372, (SELECT projects.start_date + INTERVAL 29 DAY FROM projects WHERE projects.id=8), 372, 372, 8, 24);
INSERT INTO orders (order_id, created_at, delivery_id, payment_id, supporting_project_id) VALUES (372, (SELECT projects.start_date + INTERVAL 29 DAY FROM projects WHERE projects.id=8), 1, 372, 372);
INSERT INTO supporting_packages(id, option_list, package_count, order_id, project_package_id, supporting_project_id) VALUES (372, '["헤어"]', 8, 372, 8, 372);
INSERT INTO supporting_projects(supporting_project_id, supported_at, delivery_id, payment_id, project_id, user_id) VALUES (373, (SELECT projects.start_date + INTERVAL 32 DAY FROM projects WHERE projects.id=8), 373, 373, 8, 2);
INSERT INTO orders (order_id, created_at, delivery_id, payment_id, supporting_project_id) VALUES (373, (SELECT projects.start_date + INTERVAL 32 DAY FROM projects WHERE projects.id=8), 1, 373, 373);
INSERT INTO supporting_packages(id, option_list, package_count, order_id, project_package_id, supporting_project_id) VALUES (373, '["스킨케어"]', 3, 373, 8, 373);
INSERT INTO supporting_projects(supporting_project_id, supported_at, delivery_id, payment_id, project_id, user_id) VALUES (374, (SELECT projects.start_date + INTERVAL 14 DAY FROM projects WHERE projects.id=8), 374, 374, 8, 4);
INSERT INTO orders (order_id, created_at, delivery_id, payment_id, supporting_project_id) VALUES (374, (SELECT projects.start_date + INTERVAL 14 DAY FROM projects WHERE projects.id=8), 1, 374, 374);
INSERT INTO supporting_packages(id, option_list, package_count, order_id, project_package_id, supporting_project_id) VALUES (374, '["메이크업"]', 7, 374, 8, 374);
INSERT INTO supporting_projects(supporting_project_id, supported_at, delivery_id, payment_id, project_id, user_id) VALUES (375, (SELECT projects.start_date + INTERVAL 11 DAY FROM projects WHERE projects.id=8), 375, 375, 8, 11);
INSERT INTO orders (order_id, created_at, delivery_id, payment_id, supporting_project_id) VALUES (375, (SELECT projects.start_date + INTERVAL 11 DAY FROM projects WHERE projects.id=8), 1, 375, 375);
INSERT INTO supporting_packages(id, option_list, package_count, order_id, project_package_id, supporting_project_id) VALUES (375, '["스킨케어"]', 4, 375, 8, 375);
INSERT INTO supporting_projects(supporting_project_id, supported_at, delivery_id, payment_id, project_id, user_id) VALUES (376, (SELECT projects.start_date + INTERVAL 35 DAY FROM projects WHERE projects.id=8), 376, 376, 8, 11);
INSERT INTO orders (order_id, created_at, delivery_id, payment_id, supporting_project_id) VALUES (376, (SELECT projects.start_date + INTERVAL 35 DAY FROM projects WHERE projects.id=8), 1, 376, 376);
INSERT INTO supporting_packages(id, option_list, package_count, order_id, project_package_id, supporting_project_id) VALUES (376, '["헤어"]', 8, 376, 8, 376);
INSERT INTO supporting_projects(supporting_project_id, supported_at, delivery_id, payment_id, project_id, user_id) VALUES (377, (SELECT projects.start_date + INTERVAL 41 DAY FROM projects WHERE projects.id=8), 377, 377, 8, 38);
INSERT INTO orders (order_id, created_at, delivery_id, payment_id, supporting_project_id) VALUES (377, (SELECT projects.start_date + INTERVAL 41 DAY FROM projects WHERE projects.id=8), 1, 377, 377);
INSERT INTO supporting_packages(id, option_list, package_count, order_id, project_package_id, supporting_project_id) VALUES (377, '["스킨케어"]', 7, 377, 8, 377);
INSERT INTO supporting_projects(supporting_project_id, supported_at, delivery_id, payment_id, project_id, user_id) VALUES (378, (SELECT projects.start_date + INTERVAL 50 DAY FROM projects WHERE projects.id=8), 378, 378, 8, 14);
INSERT INTO orders (order_id, created_at, delivery_id, payment_id, supporting_project_id) VALUES (378, (SELECT projects.start_date + INTERVAL 50 DAY FROM projects WHERE projects.id=8), 1, 378, 378);
INSERT INTO supporting_packages(id, option_list, package_count, order_id, project_package_id, supporting_project_id) VALUES (378, '["스킨케어"]', 7, 378, 8, 378);
INSERT INTO supporting_projects(supporting_project_id, supported_at, delivery_id, payment_id, project_id, user_id) VALUES (379, (SELECT projects.start_date + INTERVAL 8 DAY FROM projects WHERE projects.id=8), 379, 379, 8, 32);
INSERT INTO orders (order_id, created_at, delivery_id, payment_id, supporting_project_id) VALUES (379, (SELECT projects.start_date + INTERVAL 8 DAY FROM projects WHERE projects.id=8), 1, 379, 379);
INSERT INTO supporting_packages(id, option_list, package_count, order_id, project_package_id, supporting_project_id) VALUES (379, '["메이크업"]', 7, 379, 8, 379);
INSERT INTO supporting_projects(supporting_project_id, supported_at, delivery_id, payment_id, project_id, user_id) VALUES (380, (SELECT projects.start_date + INTERVAL 38 DAY FROM projects WHERE projects.id=8), 380, 380, 8, 29);
INSERT INTO orders (order_id, created_at, delivery_id, payment_id, supporting_project_id) VALUES (380, (SELECT projects.start_date + INTERVAL 38 DAY FROM projects WHERE projects.id=8), 1, 380, 380);
INSERT INTO supporting_packages(id, option_list, package_count, order_id, project_package_id, supporting_project_id) VALUES (380, '["헤어"]', 4, 380, 8, 380);
INSERT INTO supporting_projects(supporting_project_id, supported_at, delivery_id, payment_id, project_id, user_id) VALUES (381, (SELECT projects.start_date + INTERVAL 3 DAY FROM projects WHERE projects.id=8), 381, 381, 8, 34);
INSERT INTO orders (order_id, created_at, delivery_id, payment_id, supporting_project_id) VALUES (381, (SELECT projects.start_date + INTERVAL 3 DAY FROM projects WHERE projects.id=8), 1, 381, 381);
INSERT INTO supporting_packages(id, option_list, package_count, order_id, project_package_id, supporting_project_id) VALUES (381, '["스킨케어"]', 10, 381, 8, 381);
INSERT INTO supporting_projects(supporting_project_id, supported_at, delivery_id, payment_id, project_id, user_id) VALUES (382, (SELECT projects.start_date + INTERVAL 25 DAY FROM projects WHERE projects.id=8), 382, 382, 8, 11);
INSERT INTO orders (order_id, created_at, delivery_id, payment_id, supporting_project_id) VALUES (382, (SELECT projects.start_date + INTERVAL 25 DAY FROM projects WHERE projects.id=8), 1, 382, 382);
INSERT INTO supporting_packages(id, option_list, package_count, order_id, project_package_id, supporting_project_id) VALUES (382, '["메이크업"]', 2, 382, 8, 382);
INSERT INTO supporting_projects(supporting_project_id, supported_at, delivery_id, payment_id, project_id, user_id) VALUES (383, (SELECT projects.start_date + INTERVAL 29 DAY FROM projects WHERE projects.id=8), 383, 383, 8, 18);
INSERT INTO orders (order_id, created_at, delivery_id, payment_id, supporting_project_id) VALUES (383, (SELECT projects.start_date + INTERVAL 29 DAY FROM projects WHERE projects.id=8), 1, 383, 383);
INSERT INTO supporting_packages(id, option_list, package_count, order_id, project_package_id, supporting_project_id) VALUES (383, '["메이크업"]', 9, 383, 8, 383);
INSERT INTO supporting_projects(supporting_project_id, supported_at, delivery_id, payment_id, project_id, user_id) VALUES (384, (SELECT projects.start_date + INTERVAL 14 DAY FROM projects WHERE projects.id=8), 384, 384, 8, 38);
INSERT INTO orders (order_id, created_at, delivery_id, payment_id, supporting_project_id) VALUES (384, (SELECT projects.start_date + INTERVAL 14 DAY FROM projects WHERE projects.id=8), 1, 384, 384);
INSERT INTO supporting_packages(id, option_list, package_count, order_id, project_package_id, supporting_project_id) VALUES (384, '["스킨케어"]', 1, 384, 8, 384);
INSERT INTO supporting_projects(supporting_project_id, supported_at, delivery_id, payment_id, project_id, user_id) VALUES (385, (SELECT projects.start_date + INTERVAL 26 DAY FROM projects WHERE projects.id=8), 385, 385, 8, 23);
INSERT INTO orders (order_id, created_at, delivery_id, payment_id, supporting_project_id) VALUES (385, (SELECT projects.start_date + INTERVAL 26 DAY FROM projects WHERE projects.id=8), 1, 385, 385);
INSERT INTO supporting_packages(id, option_list, package_count, order_id, project_package_id, supporting_project_id) VALUES (385, '["헤어"]', 3, 385, 8, 385);
INSERT INTO supporting_projects(supporting_project_id, supported_at, delivery_id, payment_id, project_id, user_id) VALUES (386, (SELECT projects.start_date + INTERVAL 22 DAY FROM projects WHERE projects.id=8), 386, 386, 8, 18);
INSERT INTO orders (order_id, created_at, delivery_id, payment_id, supporting_project_id) VALUES (386, (SELECT projects.start_date + INTERVAL 22 DAY FROM projects WHERE projects.id=8), 1, 386, 386);
INSERT INTO supporting_packages(id, option_list, package_count, order_id, project_package_id, supporting_project_id) VALUES (386, '["스킨케어"]', 3, 386, 8, 386);
INSERT INTO supporting_projects(supporting_project_id, supported_at, delivery_id, payment_id, project_id, user_id) VALUES (387, (SELECT projects.start_date + INTERVAL 13 DAY FROM projects WHERE projects.id=8), 387, 387, 8, 15);
INSERT INTO orders (order_id, created_at, delivery_id, payment_id, supporting_project_id) VALUES (387, (SELECT projects.start_date + INTERVAL 13 DAY FROM projects WHERE projects.id=8), 1, 387, 387);
INSERT INTO supporting_packages(id, option_list, package_count, order_id, project_package_id, supporting_project_id) VALUES (387, '["헤어"]', 2, 387, 8, 387);
INSERT INTO supporting_projects(supporting_project_id, supported_at, delivery_id, payment_id, project_id, user_id) VALUES (388, (SELECT projects.start_date + INTERVAL 42 DAY FROM projects WHERE projects.id=8), 388, 388, 8, 36);
INSERT INTO orders (order_id, created_at, delivery_id, payment_id, supporting_project_id) VALUES (388, (SELECT projects.start_date + INTERVAL 42 DAY FROM projects WHERE projects.id=8), 1, 388, 388);
INSERT INTO supporting_packages(id, option_list, package_count, order_id, project_package_id, supporting_project_id) VALUES (388, '["헤어"]', 7, 388, 8, 388);
INSERT INTO supporting_projects(supporting_project_id, supported_at, delivery_id, payment_id, project_id, user_id) VALUES (389, (SELECT projects.start_date + INTERVAL 35 DAY FROM projects WHERE projects.id=8), 389, 389, 8, 24);
INSERT INTO orders (order_id, created_at, delivery_id, payment_id, supporting_project_id) VALUES (389, (SELECT projects.start_date + INTERVAL 35 DAY FROM projects WHERE projects.id=8), 1, 389, 389);
INSERT INTO supporting_packages(id, option_list, package_count, order_id, project_package_id, supporting_project_id) VALUES (389, '["메이크업"]', 3, 389, 8, 389);
INSERT INTO supporting_projects(supporting_project_id, supported_at, delivery_id, payment_id, project_id, user_id) VALUES (390, (SELECT projects.start_date + INTERVAL 13 DAY FROM projects WHERE projects.id=8), 390, 390, 8, 33);
INSERT INTO orders (order_id, created_at, delivery_id, payment_id, supporting_project_id) VALUES (390, (SELECT projects.start_date + INTERVAL 13 DAY FROM projects WHERE projects.id=8), 1, 390, 390);
INSERT INTO supporting_packages(id, option_list, package_count, order_id, project_package_id, supporting_project_id) VALUES (390, '["메이크업"]', 3, 390, 8, 390);
INSERT INTO supporting_projects(supporting_project_id, supported_at, delivery_id, payment_id, project_id, user_id) VALUES (391, (SELECT projects.start_date + INTERVAL 41 DAY FROM projects WHERE projects.id=8), 391, 391, 8, 36);
INSERT INTO orders (order_id, created_at, delivery_id, payment_id, supporting_project_id) VALUES (391, (SELECT projects.start_date + INTERVAL 41 DAY FROM projects WHERE projects.id=8), 1, 391, 391);
INSERT INTO supporting_packages(id, option_list, package_count, order_id, project_package_id, supporting_project_id) VALUES (391, '["스킨케어"]', 3, 391, 8, 391);
INSERT INTO supporting_projects(supporting_project_id, supported_at, delivery_id, payment_id, project_id, user_id) VALUES (392, (SELECT projects.start_date + INTERVAL 32 DAY FROM projects WHERE projects.id=8), 392, 392, 8, 25);
INSERT INTO orders (order_id, created_at, delivery_id, payment_id, supporting_project_id) VALUES (392, (SELECT projects.start_date + INTERVAL 32 DAY FROM projects WHERE projects.id=8), 1, 392, 392);
INSERT INTO supporting_packages(id, option_list, package_count, order_id, project_package_id, supporting_project_id) VALUES (392, '["스킨케어"]', 9, 392, 8, 392);
INSERT INTO supporting_projects(supporting_project_id, supported_at, delivery_id, payment_id, project_id, user_id) VALUES (393, (SELECT projects.start_date + INTERVAL 49 DAY FROM projects WHERE projects.id=8), 393, 393, 8, 9);
INSERT INTO orders (order_id, created_at, delivery_id, payment_id, supporting_project_id) VALUES (393, (SELECT projects.start_date + INTERVAL 49 DAY FROM projects WHERE projects.id=8), 1, 393, 393);
INSERT INTO supporting_packages(id, option_list, package_count, order_id, project_package_id, supporting_project_id) VALUES (393, '["헤어"]', 1, 393, 8, 393);
INSERT INTO supporting_projects(supporting_project_id, supported_at, delivery_id, payment_id, project_id, user_id) VALUES (394, (SELECT projects.start_date + INTERVAL 17 DAY FROM projects WHERE projects.id=8), 394, 394, 8, 2);
INSERT INTO orders (order_id, created_at, delivery_id, payment_id, supporting_project_id) VALUES (394, (SELECT projects.start_date + INTERVAL 17 DAY FROM projects WHERE projects.id=8), 1, 394, 394);
INSERT INTO supporting_packages(id, option_list, package_count, order_id, project_package_id, supporting_project_id) VALUES (394, '["스킨케어"]', 4, 394, 8, 394);
INSERT INTO supporting_projects(supporting_project_id, supported_at, delivery_id, payment_id, project_id, user_id) VALUES (395, (SELECT projects.start_date + INTERVAL 19 DAY FROM projects WHERE projects.id=8), 395, 395, 8, 3);
INSERT INTO orders (order_id, created_at, delivery_id, payment_id, supporting_project_id) VALUES (395, (SELECT projects.start_date + INTERVAL 19 DAY FROM projects WHERE projects.id=8), 1, 395, 395);
INSERT INTO supporting_packages(id, option_list, package_count, order_id, project_package_id, supporting_project_id) VALUES (395, '["헤어"]', 10, 395, 8, 395);
INSERT INTO supporting_projects(supporting_project_id, supported_at, delivery_id, payment_id, project_id, user_id) VALUES (396, (SELECT projects.start_date + INTERVAL 24 DAY FROM projects WHERE projects.id=8), 396, 396, 8, 4);
INSERT INTO orders (order_id, created_at, delivery_id, payment_id, supporting_project_id) VALUES (396, (SELECT projects.start_date + INTERVAL 24 DAY FROM projects WHERE projects.id=8), 1, 396, 396);
INSERT INTO supporting_packages(id, option_list, package_count, order_id, project_package_id, supporting_project_id) VALUES (396, '["스킨케어"]', 5, 396, 8, 396);
INSERT INTO supporting_projects(supporting_project_id, supported_at, delivery_id, payment_id, project_id, user_id) VALUES (397, (SELECT projects.start_date + INTERVAL 16 DAY FROM projects WHERE projects.id=8), 397, 397, 8, 7);
INSERT INTO orders (order_id, created_at, delivery_id, payment_id, supporting_project_id) VALUES (397, (SELECT projects.start_date + INTERVAL 16 DAY FROM projects WHERE projects.id=8), 1, 397, 397);
INSERT INTO supporting_packages(id, option_list, package_count, order_id, project_package_id, supporting_project_id) VALUES (397, '["메이크업"]', 5, 397, 8, 397);
INSERT INTO supporting_projects(supporting_project_id, supported_at, delivery_id, payment_id, project_id, user_id) VALUES (398, (SELECT projects.start_date + INTERVAL 11 DAY FROM projects WHERE projects.id=8), 398, 398, 8, 6);
INSERT INTO orders (order_id, created_at, delivery_id, payment_id, supporting_project_id) VALUES (398, (SELECT projects.start_date + INTERVAL 11 DAY FROM projects WHERE projects.id=8), 1, 398, 398);
INSERT INTO supporting_packages(id, option_list, package_count, order_id, project_package_id, supporting_project_id) VALUES (398, '["헤어"]', 10, 398, 8, 398);
INSERT INTO supporting_projects(supporting_project_id, supported_at, delivery_id, payment_id, project_id, user_id) VALUES (399, (SELECT projects.start_date + INTERVAL 17 DAY FROM projects WHERE projects.id=8), 399, 399, 8, 19);
INSERT INTO orders (order_id, created_at, delivery_id, payment_id, supporting_project_id) VALUES (399, (SELECT projects.start_date + INTERVAL 17 DAY FROM projects WHERE projects.id=8), 1, 399, 399);
INSERT INTO supporting_packages(id, option_list, package_count, order_id, project_package_id, supporting_project_id) VALUES (399, '["메이크업"]', 4, 399, 8, 399);
INSERT INTO supporting_projects(supporting_project_id, supported_at, delivery_id, payment_id, project_id, user_id) VALUES (400, (SELECT projects.start_date + INTERVAL 48 DAY FROM projects WHERE projects.id=8), 400, 400, 8, 15);
INSERT INTO orders (order_id, created_at, delivery_id, payment_id, supporting_project_id) VALUES (400, (SELECT projects.start_date + INTERVAL 48 DAY FROM projects WHERE projects.id=8), 1, 400, 400);
INSERT INTO supporting_packages(id, option_list, package_count, order_id, project_package_id, supporting_project_id) VALUES (400, '["메이크업"]', 6, 400, 8, 400);
INSERT INTO supporting_projects(supporting_project_id, supported_at, delivery_id, payment_id, project_id, user_id) VALUES (401, (SELECT projects.start_date + INTERVAL 50 DAY FROM projects WHERE projects.id=8), 401, 401, 8, 39);
INSERT INTO orders (order_id, created_at, delivery_id, payment_id, supporting_project_id) VALUES (401, (SELECT projects.start_date + INTERVAL 50 DAY FROM projects WHERE projects.id=8), 1, 401, 401);
INSERT INTO supporting_packages(id, option_list, package_count, order_id, project_package_id, supporting_project_id) VALUES (401, '["스킨케어"]', 9, 401, 8, 401);
INSERT INTO supporting_projects(supporting_project_id, supported_at, delivery_id, payment_id, project_id, user_id) VALUES (402, (SELECT projects.start_date + INTERVAL 26 DAY FROM projects WHERE projects.id=8), 402, 402, 8, 1);
INSERT INTO orders (order_id, created_at, delivery_id, payment_id, supporting_project_id) VALUES (402, (SELECT projects.start_date + INTERVAL 26 DAY FROM projects WHERE projects.id=8), 1, 402, 402);
INSERT INTO supporting_packages(id, option_list, package_count, order_id, project_package_id, supporting_project_id) VALUES (402, '["스킨케어"]', 8, 402, 8, 402);
INSERT INTO supporting_projects(supporting_project_id, supported_at, delivery_id, payment_id, project_id, user_id) VALUES (403, (SELECT projects.start_date + INTERVAL 19 DAY FROM projects WHERE projects.id=8), 403, 403, 8, 30);
INSERT INTO orders (order_id, created_at, delivery_id, payment_id, supporting_project_id) VALUES (403, (SELECT projects.start_date + INTERVAL 19 DAY FROM projects WHERE projects.id=8), 1, 403, 403);
INSERT INTO supporting_packages(id, option_list, package_count, order_id, project_package_id, supporting_project_id) VALUES (403, '["스킨케어"]', 10, 403, 8, 403);
INSERT INTO supporting_projects(supporting_project_id, supported_at, delivery_id, payment_id, project_id, user_id) VALUES (404, (SELECT projects.start_date + INTERVAL 5 DAY FROM projects WHERE projects.id=8), 404, 404, 8, 18);
INSERT INTO orders (order_id, created_at, delivery_id, payment_id, supporting_project_id) VALUES (404, (SELECT projects.start_date + INTERVAL 5 DAY FROM projects WHERE projects.id=8), 1, 404, 404);
INSERT INTO supporting_packages(id, option_list, package_count, order_id, project_package_id, supporting_project_id) VALUES (404, '["메이크업"]', 6, 404, 8, 404);
INSERT INTO supporting_projects(supporting_project_id, supported_at, delivery_id, payment_id, project_id, user_id) VALUES (405, (SELECT projects.start_date + INTERVAL 29 DAY FROM projects WHERE projects.id=8), 405, 405, 8, 4);
INSERT INTO orders (order_id, created_at, delivery_id, payment_id, supporting_project_id) VALUES (405, (SELECT projects.start_date + INTERVAL 29 DAY FROM projects WHERE projects.id=8), 1, 405, 405);
INSERT INTO supporting_packages(id, option_list, package_count, order_id, project_package_id, supporting_project_id) VALUES (405, '["헤어"]', 3, 405, 8, 405);
INSERT INTO supporting_projects(supporting_project_id, supported_at, delivery_id, payment_id, project_id, user_id) VALUES (406, (SELECT projects.start_date + INTERVAL 25 DAY FROM projects WHERE projects.id=8), 406, 406, 8, 18);
INSERT INTO orders (order_id, created_at, delivery_id, payment_id, supporting_project_id) VALUES (406, (SELECT projects.start_date + INTERVAL 25 DAY FROM projects WHERE projects.id=8), 1, 406, 406);
INSERT INTO supporting_packages(id, option_list, package_count, order_id, project_package_id, supporting_project_id) VALUES (406, '["스킨케어"]', 5, 406, 8, 406);
INSERT INTO supporting_projects(supporting_project_id, supported_at, delivery_id, payment_id, project_id, user_id) VALUES (407, (SELECT projects.start_date + INTERVAL 6 DAY FROM projects WHERE projects.id=8), 407, 407, 8, 31);
INSERT INTO orders (order_id, created_at, delivery_id, payment_id, supporting_project_id) VALUES (407, (SELECT projects.start_date + INTERVAL 6 DAY FROM projects WHERE projects.id=8), 1, 407, 407);
INSERT INTO supporting_packages(id, option_list, package_count, order_id, project_package_id, supporting_project_id) VALUES (407, '["헤어"]', 9, 407, 8, 407);
INSERT INTO supporting_projects(supporting_project_id, supported_at, delivery_id, payment_id, project_id, user_id) VALUES (408, (SELECT projects.start_date + INTERVAL 17 DAY FROM projects WHERE projects.id=8), 408, 408, 8, 22);
INSERT INTO orders (order_id, created_at, delivery_id, payment_id, supporting_project_id) VALUES (408, (SELECT projects.start_date + INTERVAL 17 DAY FROM projects WHERE projects.id=8), 1, 408, 408);
INSERT INTO supporting_packages(id, option_list, package_count, order_id, project_package_id, supporting_project_id) VALUES (408, '["메이크업"]', 2, 408, 8, 408);
INSERT INTO supporting_projects(supporting_project_id, supported_at, delivery_id, payment_id, project_id, user_id) VALUES (409, (SELECT projects.start_date + INTERVAL 35 DAY FROM projects WHERE projects.id=8), 409, 409, 8, 26);
INSERT INTO orders (order_id, created_at, delivery_id, payment_id, supporting_project_id) VALUES (409, (SELECT projects.start_date + INTERVAL 35 DAY FROM projects WHERE projects.id=8), 1, 409, 409);
INSERT INTO supporting_packages(id, option_list, package_count, order_id, project_package_id, supporting_project_id) VALUES (409, '["스킨케어"]', 9, 409, 8, 409);
INSERT INTO supporting_projects(supporting_project_id, supported_at, delivery_id, payment_id, project_id, user_id) VALUES (410, (SELECT projects.start_date + INTERVAL 12 DAY FROM projects WHERE projects.id=8), 410, 410, 8, 29);
INSERT INTO orders (order_id, created_at, delivery_id, payment_id, supporting_project_id) VALUES (410, (SELECT projects.start_date + INTERVAL 12 DAY FROM projects WHERE projects.id=8), 1, 410, 410);
INSERT INTO supporting_packages(id, option_list, package_count, order_id, project_package_id, supporting_project_id) VALUES (410, '["메이크업"]', 4, 410, 8, 410);
INSERT INTO supporting_projects(supporting_project_id, supported_at, delivery_id, payment_id, project_id, user_id) VALUES (411, (SELECT projects.start_date + INTERVAL 4 DAY FROM projects WHERE projects.id=8), 411, 411, 8, 9);
INSERT INTO orders (order_id, created_at, delivery_id, payment_id, supporting_project_id) VALUES (411, (SELECT projects.start_date + INTERVAL 4 DAY FROM projects WHERE projects.id=8), 1, 411, 411);
INSERT INTO supporting_packages(id, option_list, package_count, order_id, project_package_id, supporting_project_id) VALUES (411, '["헤어"]', 6, 411, 8, 411);
INSERT INTO supporting_projects(supporting_project_id, supported_at, delivery_id, payment_id, project_id, user_id) VALUES (412, (SELECT projects.start_date + INTERVAL 20 DAY FROM projects WHERE projects.id=8), 412, 412, 8, 28);
INSERT INTO orders (order_id, created_at, delivery_id, payment_id, supporting_project_id) VALUES (412, (SELECT projects.start_date + INTERVAL 20 DAY FROM projects WHERE projects.id=8), 1, 412, 412);
INSERT INTO supporting_packages(id, option_list, package_count, order_id, project_package_id, supporting_project_id) VALUES (412, '["헤어"]', 2, 412, 8, 412);
INSERT INTO supporting_projects(supporting_project_id, supported_at, delivery_id, payment_id, project_id, user_id) VALUES (413, (SELECT projects.start_date + INTERVAL 19 DAY FROM projects WHERE projects.id=8), 413, 413, 8, 1);
INSERT INTO orders (order_id, created_at, delivery_id, payment_id, supporting_project_id) VALUES (413, (SELECT projects.start_date + INTERVAL 19 DAY FROM projects WHERE projects.id=8), 1, 413, 413);
INSERT INTO supporting_packages(id, option_list, package_count, order_id, project_package_id, supporting_project_id) VALUES (413, '["스킨케어"]', 10, 413, 8, 413);
INSERT INTO supporting_projects(supporting_project_id, supported_at, delivery_id, payment_id, project_id, user_id) VALUES (414, (SELECT projects.start_date + INTERVAL 33 DAY FROM projects WHERE projects.id=8), 414, 414, 8, 16);
INSERT INTO orders (order_id, created_at, delivery_id, payment_id, supporting_project_id) VALUES (414, (SELECT projects.start_date + INTERVAL 33 DAY FROM projects WHERE projects.id=8), 1, 414, 414);
INSERT INTO supporting_packages(id, option_list, package_count, order_id, project_package_id, supporting_project_id) VALUES (414, '["헤어"]', 8, 414, 8, 414);
INSERT INTO supporting_projects(supporting_project_id, supported_at, delivery_id, payment_id, project_id, user_id) VALUES (415, (SELECT projects.start_date + INTERVAL 17 DAY FROM projects WHERE projects.id=8), 415, 415, 8, 26);
INSERT INTO orders (order_id, created_at, delivery_id, payment_id, supporting_project_id) VALUES (415, (SELECT projects.start_date + INTERVAL 17 DAY FROM projects WHERE projects.id=8), 1, 415, 415);
INSERT INTO supporting_packages(id, option_list, package_count, order_id, project_package_id, supporting_project_id) VALUES (415, '["헤어"]', 5, 415, 8, 415);
INSERT INTO supporting_projects(supporting_project_id, supported_at, delivery_id, payment_id, project_id, user_id) VALUES (416, (SELECT projects.start_date + INTERVAL 16 DAY FROM projects WHERE projects.id=8), 416, 416, 8, 17);
INSERT INTO orders (order_id, created_at, delivery_id, payment_id, supporting_project_id) VALUES (416, (SELECT projects.start_date + INTERVAL 16 DAY FROM projects WHERE projects.id=8), 1, 416, 416);
INSERT INTO supporting_packages(id, option_list, package_count, order_id, project_package_id, supporting_project_id) VALUES (416, '["스킨케어"]', 7, 416, 8, 416);
INSERT INTO supporting_projects(supporting_project_id, supported_at, delivery_id, payment_id, project_id, user_id) VALUES (417, (SELECT projects.start_date + INTERVAL 34 DAY FROM projects WHERE projects.id=8), 417, 417, 8, 26);
INSERT INTO orders (order_id, created_at, delivery_id, payment_id, supporting_project_id) VALUES (417, (SELECT projects.start_date + INTERVAL 34 DAY FROM projects WHERE projects.id=8), 1, 417, 417);
INSERT INTO supporting_packages(id, option_list, package_count, order_id, project_package_id, supporting_project_id) VALUES (417, '["헤어"]', 8, 417, 8, 417);
INSERT INTO supporting_projects(supporting_project_id, supported_at, delivery_id, payment_id, project_id, user_id) VALUES (418, (SELECT projects.start_date + INTERVAL 31 DAY FROM projects WHERE projects.id=12), 418, 418, 12, 10);
INSERT INTO orders (order_id, created_at, delivery_id, payment_id, supporting_project_id) VALUES (418, (SELECT projects.start_date + INTERVAL 31 DAY FROM projects WHERE projects.id=12), 1, 418, 418);
INSERT INTO supporting_packages(id, option_list, package_count, order_id, project_package_id, supporting_project_id) VALUES (418, '["스모키"]', 9, 418, 12, 418);
INSERT INTO supporting_projects(supporting_project_id, supported_at, delivery_id, payment_id, project_id, user_id) VALUES (419, (SELECT projects.start_date + INTERVAL 20 DAY FROM projects WHERE projects.id=12), 419, 419, 12, 12);
INSERT INTO orders (order_id, created_at, delivery_id, payment_id, supporting_project_id) VALUES (419, (SELECT projects.start_date + INTERVAL 20 DAY FROM projects WHERE projects.id=12), 1, 419, 419);
INSERT INTO supporting_packages(id, option_list, package_count, order_id, project_package_id, supporting_project_id) VALUES (419, '["스모키"]', 1, 419, 12, 419);
INSERT INTO supporting_projects(supporting_project_id, supported_at, delivery_id, payment_id, project_id, user_id) VALUES (420, (SELECT projects.start_date + INTERVAL 47 DAY FROM projects WHERE projects.id=12), 420, 420, 12, 34);
INSERT INTO orders (order_id, created_at, delivery_id, payment_id, supporting_project_id) VALUES (420, (SELECT projects.start_date + INTERVAL 47 DAY FROM projects WHERE projects.id=12), 1, 420, 420);
INSERT INTO supporting_packages(id, option_list, package_count, order_id, project_package_id, supporting_project_id) VALUES (420, '["내추럴"]', 2, 420, 12, 420);
INSERT INTO supporting_projects(supporting_project_id, supported_at, delivery_id, payment_id, project_id, user_id) VALUES (421, (SELECT projects.start_date + INTERVAL 31 DAY FROM projects WHERE projects.id=12), 421, 421, 12, 33);
INSERT INTO orders (order_id, created_at, delivery_id, payment_id, supporting_project_id) VALUES (421, (SELECT projects.start_date + INTERVAL 31 DAY FROM projects WHERE projects.id=12), 1, 421, 421);
INSERT INTO supporting_packages(id, option_list, package_count, order_id, project_package_id, supporting_project_id) VALUES (421, '["글리터"]', 3, 421, 12, 421);
INSERT INTO supporting_projects(supporting_project_id, supported_at, delivery_id, payment_id, project_id, user_id) VALUES (422, (SELECT projects.start_date + INTERVAL 21 DAY FROM projects WHERE projects.id=12), 422, 422, 12, 6);
INSERT INTO orders (order_id, created_at, delivery_id, payment_id, supporting_project_id) VALUES (422, (SELECT projects.start_date + INTERVAL 21 DAY FROM projects WHERE projects.id=12), 1, 422, 422);
INSERT INTO supporting_packages(id, option_list, package_count, order_id, project_package_id, supporting_project_id) VALUES (422, '["글리터"]', 7, 422, 12, 422);
INSERT INTO supporting_projects(supporting_project_id, supported_at, delivery_id, payment_id, project_id, user_id) VALUES (423, (SELECT projects.start_date + INTERVAL 42 DAY FROM projects WHERE projects.id=12), 423, 423, 12, 9);
INSERT INTO orders (order_id, created_at, delivery_id, payment_id, supporting_project_id) VALUES (423, (SELECT projects.start_date + INTERVAL 42 DAY FROM projects WHERE projects.id=12), 1, 423, 423);
INSERT INTO supporting_packages(id, option_list, package_count, order_id, project_package_id, supporting_project_id) VALUES (423, '["글리터"]', 1, 423, 12, 423);
INSERT INTO supporting_projects(supporting_project_id, supported_at, delivery_id, payment_id, project_id, user_id) VALUES (424, (SELECT projects.start_date + INTERVAL 35 DAY FROM projects WHERE projects.id=12), 424, 424, 12, 32);
INSERT INTO orders (order_id, created_at, delivery_id, payment_id, supporting_project_id) VALUES (424, (SELECT projects.start_date + INTERVAL 35 DAY FROM projects WHERE projects.id=12), 1, 424, 424);
INSERT INTO supporting_packages(id, option_list, package_count, order_id, project_package_id, supporting_project_id) VALUES (424, '["스모키"]', 10, 424, 12, 424);
INSERT INTO supporting_projects(supporting_project_id, supported_at, delivery_id, payment_id, project_id, user_id) VALUES (425, (SELECT projects.start_date + INTERVAL 16 DAY FROM projects WHERE projects.id=12), 425, 425, 12, 30);
INSERT INTO orders (order_id, created_at, delivery_id, payment_id, supporting_project_id) VALUES (425, (SELECT projects.start_date + INTERVAL 16 DAY FROM projects WHERE projects.id=12), 1, 425, 425);
INSERT INTO supporting_packages(id, option_list, package_count, order_id, project_package_id, supporting_project_id) VALUES (425, '["글리터"]', 10, 425, 12, 425);
INSERT INTO supporting_projects(supporting_project_id, supported_at, delivery_id, payment_id, project_id, user_id) VALUES (426, (SELECT projects.start_date + INTERVAL 39 DAY FROM projects WHERE projects.id=12), 426, 426, 12, 8);
INSERT INTO orders (order_id, created_at, delivery_id, payment_id, supporting_project_id) VALUES (426, (SELECT projects.start_date + INTERVAL 39 DAY FROM projects WHERE projects.id=12), 1, 426, 426);
INSERT INTO supporting_packages(id, option_list, package_count, order_id, project_package_id, supporting_project_id) VALUES (426, '["내추럴"]', 1, 426, 12, 426);
INSERT INTO supporting_projects(supporting_project_id, supported_at, delivery_id, payment_id, project_id, user_id) VALUES (427, (SELECT projects.start_date + INTERVAL 19 DAY FROM projects WHERE projects.id=12), 427, 427, 12, 1);
INSERT INTO orders (order_id, created_at, delivery_id, payment_id, supporting_project_id) VALUES (427, (SELECT projects.start_date + INTERVAL 19 DAY FROM projects WHERE projects.id=12), 1, 427, 427);
INSERT INTO supporting_packages(id, option_list, package_count, order_id, project_package_id, supporting_project_id) VALUES (427, '["글리터"]', 1, 427, 12, 427);
INSERT INTO supporting_projects(supporting_project_id, supported_at, delivery_id, payment_id, project_id, user_id) VALUES (428, (SELECT projects.start_date + INTERVAL 25 DAY FROM projects WHERE projects.id=12), 428, 428, 12, 15);
INSERT INTO orders (order_id, created_at, delivery_id, payment_id, supporting_project_id) VALUES (428, (SELECT projects.start_date + INTERVAL 25 DAY FROM projects WHERE projects.id=12), 1, 428, 428);
INSERT INTO supporting_packages(id, option_list, package_count, order_id, project_package_id, supporting_project_id) VALUES (428, '["내추럴"]', 1, 428, 12, 428);
INSERT INTO supporting_projects(supporting_project_id, supported_at, delivery_id, payment_id, project_id, user_id) VALUES (429, (SELECT projects.start_date + INTERVAL 9 DAY FROM projects WHERE projects.id=12), 429, 429, 12, 31);
INSERT INTO orders (order_id, created_at, delivery_id, payment_id, supporting_project_id) VALUES (429, (SELECT projects.start_date + INTERVAL 9 DAY FROM projects WHERE projects.id=12), 1, 429, 429);
INSERT INTO supporting_packages(id, option_list, package_count, order_id, project_package_id, supporting_project_id) VALUES (429, '["글리터"]', 1, 429, 12, 429);
INSERT INTO supporting_projects(supporting_project_id, supported_at, delivery_id, payment_id, project_id, user_id) VALUES (430, (SELECT projects.start_date + INTERVAL 30 DAY FROM projects WHERE projects.id=12), 430, 430, 12, 21);
INSERT INTO orders (order_id, created_at, delivery_id, payment_id, supporting_project_id) VALUES (430, (SELECT projects.start_date + INTERVAL 30 DAY FROM projects WHERE projects.id=12), 1, 430, 430);
INSERT INTO supporting_packages(id, option_list, package_count, order_id, project_package_id, supporting_project_id) VALUES (430, '["내추럴"]', 7, 430, 12, 430);
INSERT INTO supporting_projects(supporting_project_id, supported_at, delivery_id, payment_id, project_id, user_id) VALUES (431, (SELECT projects.start_date + INTERVAL 38 DAY FROM projects WHERE projects.id=12), 431, 431, 12, 21);
INSERT INTO orders (order_id, created_at, delivery_id, payment_id, supporting_project_id) VALUES (431, (SELECT projects.start_date + INTERVAL 38 DAY FROM projects WHERE projects.id=12), 1, 431, 431);
INSERT INTO supporting_packages(id, option_list, package_count, order_id, project_package_id, supporting_project_id) VALUES (431, '["스모키"]', 9, 431, 12, 431);
INSERT INTO supporting_projects(supporting_project_id, supported_at, delivery_id, payment_id, project_id, user_id) VALUES (432, (SELECT projects.start_date + INTERVAL 40 DAY FROM projects WHERE projects.id=12), 432, 432, 12, 3);
INSERT INTO orders (order_id, created_at, delivery_id, payment_id, supporting_project_id) VALUES (432, (SELECT projects.start_date + INTERVAL 40 DAY FROM projects WHERE projects.id=12), 1, 432, 432);
INSERT INTO supporting_packages(id, option_list, package_count, order_id, project_package_id, supporting_project_id) VALUES (432, '["내추럴"]', 6, 432, 12, 432);
INSERT INTO supporting_projects(supporting_project_id, supported_at, delivery_id, payment_id, project_id, user_id) VALUES (433, (SELECT projects.start_date + INTERVAL 31 DAY FROM projects WHERE projects.id=12), 433, 433, 12, 37);
INSERT INTO orders (order_id, created_at, delivery_id, payment_id, supporting_project_id) VALUES (433, (SELECT projects.start_date + INTERVAL 31 DAY FROM projects WHERE projects.id=12), 1, 433, 433);
INSERT INTO supporting_packages(id, option_list, package_count, order_id, project_package_id, supporting_project_id) VALUES (433, '["내추럴"]', 6, 433, 12, 433);
INSERT INTO supporting_projects(supporting_project_id, supported_at, delivery_id, payment_id, project_id, user_id) VALUES (434, (SELECT projects.start_date + INTERVAL 16 DAY FROM projects WHERE projects.id=12), 434, 434, 12, 12);
INSERT INTO orders (order_id, created_at, delivery_id, payment_id, supporting_project_id) VALUES (434, (SELECT projects.start_date + INTERVAL 16 DAY FROM projects WHERE projects.id=12), 1, 434, 434);
INSERT INTO supporting_packages(id, option_list, package_count, order_id, project_package_id, supporting_project_id) VALUES (434, '["스모키"]', 9, 434, 12, 434);
INSERT INTO supporting_projects(supporting_project_id, supported_at, delivery_id, payment_id, project_id, user_id) VALUES (435, (SELECT projects.start_date + INTERVAL 31 DAY FROM projects WHERE projects.id=12), 435, 435, 12, 7);
INSERT INTO orders (order_id, created_at, delivery_id, payment_id, supporting_project_id) VALUES (435, (SELECT projects.start_date + INTERVAL 31 DAY FROM projects WHERE projects.id=12), 1, 435, 435);
INSERT INTO supporting_packages(id, option_list, package_count, order_id, project_package_id, supporting_project_id) VALUES (435, '["스모키"]', 9, 435, 12, 435);
INSERT INTO supporting_projects(supporting_project_id, supported_at, delivery_id, payment_id, project_id, user_id) VALUES (436, (SELECT projects.start_date + INTERVAL 28 DAY FROM projects WHERE projects.id=12), 436, 436, 12, 3);
INSERT INTO orders (order_id, created_at, delivery_id, payment_id, supporting_project_id) VALUES (436, (SELECT projects.start_date + INTERVAL 28 DAY FROM projects WHERE projects.id=12), 1, 436, 436);
INSERT INTO supporting_packages(id, option_list, package_count, order_id, project_package_id, supporting_project_id) VALUES (436, '["글리터"]', 3, 436, 12, 436);
INSERT INTO supporting_projects(supporting_project_id, supported_at, delivery_id, payment_id, project_id, user_id) VALUES (437, (SELECT projects.start_date + INTERVAL 5 DAY FROM projects WHERE projects.id=12), 437, 437, 12, 31);
INSERT INTO orders (order_id, created_at, delivery_id, payment_id, supporting_project_id) VALUES (437, (SELECT projects.start_date + INTERVAL 5 DAY FROM projects WHERE projects.id=12), 1, 437, 437);
INSERT INTO supporting_packages(id, option_list, package_count, order_id, project_package_id, supporting_project_id) VALUES (437, '["스모키"]', 10, 437, 12, 437);
INSERT INTO supporting_projects(supporting_project_id, supported_at, delivery_id, payment_id, project_id, user_id) VALUES (438, (SELECT projects.start_date + INTERVAL 31 DAY FROM projects WHERE projects.id=12), 438, 438, 12, 15);
INSERT INTO orders (order_id, created_at, delivery_id, payment_id, supporting_project_id) VALUES (438, (SELECT projects.start_date + INTERVAL 31 DAY FROM projects WHERE projects.id=12), 1, 438, 438);
INSERT INTO supporting_packages(id, option_list, package_count, order_id, project_package_id, supporting_project_id) VALUES (438, '["스모키"]', 2, 438, 12, 438);
INSERT INTO supporting_projects(supporting_project_id, supported_at, delivery_id, payment_id, project_id, user_id) VALUES (439, (SELECT projects.start_date + INTERVAL 1 DAY FROM projects WHERE projects.id=12), 439, 439, 12, 37);
INSERT INTO orders (order_id, created_at, delivery_id, payment_id, supporting_project_id) VALUES (439, (SELECT projects.start_date + INTERVAL 1 DAY FROM projects WHERE projects.id=12), 1, 439, 439);
INSERT INTO supporting_packages(id, option_list, package_count, order_id, project_package_id, supporting_project_id) VALUES (439, '["글리터"]', 10, 439, 12, 439);
INSERT INTO supporting_projects(supporting_project_id, supported_at, delivery_id, payment_id, project_id, user_id) VALUES (440, (SELECT projects.start_date + INTERVAL 29 DAY FROM projects WHERE projects.id=12), 440, 440, 12, 23);
INSERT INTO orders (order_id, created_at, delivery_id, payment_id, supporting_project_id) VALUES (440, (SELECT projects.start_date + INTERVAL 29 DAY FROM projects WHERE projects.id=12), 1, 440, 440);
INSERT INTO supporting_packages(id, option_list, package_count, order_id, project_package_id, supporting_project_id) VALUES (440, '["내추럴"]', 1, 440, 12, 440);
INSERT INTO supporting_projects(supporting_project_id, supported_at, delivery_id, payment_id, project_id, user_id) VALUES (441, (SELECT projects.start_date + INTERVAL 12 DAY FROM projects WHERE projects.id=12), 441, 441, 12, 9);
INSERT INTO orders (order_id, created_at, delivery_id, payment_id, supporting_project_id) VALUES (441, (SELECT projects.start_date + INTERVAL 12 DAY FROM projects WHERE projects.id=12), 1, 441, 441);
INSERT INTO supporting_packages(id, option_list, package_count, order_id, project_package_id, supporting_project_id) VALUES (441, '["내추럴"]', 7, 441, 12, 441);
INSERT INTO supporting_projects(supporting_project_id, supported_at, delivery_id, payment_id, project_id, user_id) VALUES (442, (SELECT projects.start_date + INTERVAL 12 DAY FROM projects WHERE projects.id=12), 442, 442, 12, 25);
INSERT INTO orders (order_id, created_at, delivery_id, payment_id, supporting_project_id) VALUES (442, (SELECT projects.start_date + INTERVAL 12 DAY FROM projects WHERE projects.id=12), 1, 442, 442);
INSERT INTO supporting_packages(id, option_list, package_count, order_id, project_package_id, supporting_project_id) VALUES (442, '["내추럴"]', 1, 442, 12, 442);
INSERT INTO supporting_projects(supporting_project_id, supported_at, delivery_id, payment_id, project_id, user_id) VALUES (443, (SELECT projects.start_date + INTERVAL 12 DAY FROM projects WHERE projects.id=12), 443, 443, 12, 6);
INSERT INTO orders (order_id, created_at, delivery_id, payment_id, supporting_project_id) VALUES (443, (SELECT projects.start_date + INTERVAL 12 DAY FROM projects WHERE projects.id=12), 1, 443, 443);
INSERT INTO supporting_packages(id, option_list, package_count, order_id, project_package_id, supporting_project_id) VALUES (443, '["스모키"]', 5, 443, 12, 443);
INSERT INTO supporting_projects(supporting_project_id, supported_at, delivery_id, payment_id, project_id, user_id) VALUES (444, (SELECT projects.start_date + INTERVAL 21 DAY FROM projects WHERE projects.id=12), 444, 444, 12, 31);
INSERT INTO orders (order_id, created_at, delivery_id, payment_id, supporting_project_id) VALUES (444, (SELECT projects.start_date + INTERVAL 21 DAY FROM projects WHERE projects.id=12), 1, 444, 444);
INSERT INTO supporting_packages(id, option_list, package_count, order_id, project_package_id, supporting_project_id) VALUES (444, '["글리터"]', 1, 444, 12, 444);
INSERT INTO supporting_projects(supporting_project_id, supported_at, delivery_id, payment_id, project_id, user_id) VALUES (445, (SELECT projects.start_date + INTERVAL 2 DAY FROM projects WHERE projects.id=12), 445, 445, 12, 35);
INSERT INTO orders (order_id, created_at, delivery_id, payment_id, supporting_project_id) VALUES (445, (SELECT projects.start_date + INTERVAL 2 DAY FROM projects WHERE projects.id=12), 1, 445, 445);
INSERT INTO supporting_packages(id, option_list, package_count, order_id, project_package_id, supporting_project_id) VALUES (445, '["내추럴"]', 2, 445, 12, 445);
INSERT INTO supporting_projects(supporting_project_id, supported_at, delivery_id, payment_id, project_id, user_id) VALUES (446, (SELECT projects.start_date + INTERVAL 42 DAY FROM projects WHERE projects.id=12), 446, 446, 12, 11);
INSERT INTO orders (order_id, created_at, delivery_id, payment_id, supporting_project_id) VALUES (446, (SELECT projects.start_date + INTERVAL 42 DAY FROM projects WHERE projects.id=12), 1, 446, 446);
INSERT INTO supporting_packages(id, option_list, package_count, order_id, project_package_id, supporting_project_id) VALUES (446, '["스모키"]', 9, 446, 12, 446);
INSERT INTO supporting_projects(supporting_project_id, supported_at, delivery_id, payment_id, project_id, user_id) VALUES (447, (SELECT projects.start_date + INTERVAL 30 DAY FROM projects WHERE projects.id=12), 447, 447, 12, 35);
INSERT INTO orders (order_id, created_at, delivery_id, payment_id, supporting_project_id) VALUES (447, (SELECT projects.start_date + INTERVAL 30 DAY FROM projects WHERE projects.id=12), 1, 447, 447);
INSERT INTO supporting_packages(id, option_list, package_count, order_id, project_package_id, supporting_project_id) VALUES (447, '["글리터"]', 8, 447, 12, 447);
INSERT INTO supporting_projects(supporting_project_id, supported_at, delivery_id, payment_id, project_id, user_id) VALUES (448, (SELECT projects.start_date + INTERVAL 6 DAY FROM projects WHERE projects.id=14), 448, 448, 14, 1);
INSERT INTO orders (order_id, created_at, delivery_id, payment_id, supporting_project_id) VALUES (448, (SELECT projects.start_date + INTERVAL 6 DAY FROM projects WHERE projects.id=14), 1, 448, 448);
INSERT INTO supporting_packages(id, option_list, package_count, order_id, project_package_id, supporting_project_id) VALUES (448, '["스트릿"]', 8, 448, 14, 448);
INSERT INTO supporting_projects(supporting_project_id, supported_at, delivery_id, payment_id, project_id, user_id) VALUES (449, (SELECT projects.start_date + INTERVAL 35 DAY FROM projects WHERE projects.id=14), 449, 449, 14, 21);
INSERT INTO orders (order_id, created_at, delivery_id, payment_id, supporting_project_id) VALUES (449, (SELECT projects.start_date + INTERVAL 35 DAY FROM projects WHERE projects.id=14), 1, 449, 449);
INSERT INTO supporting_packages(id, option_list, package_count, order_id, project_package_id, supporting_project_id) VALUES (449, '["무대의상"]', 2, 449, 14, 449);
INSERT INTO supporting_projects(supporting_project_id, supported_at, delivery_id, payment_id, project_id, user_id) VALUES (450, (SELECT projects.start_date + INTERVAL 28 DAY FROM projects WHERE projects.id=14), 450, 450, 14, 39);
INSERT INTO orders (order_id, created_at, delivery_id, payment_id, supporting_project_id) VALUES (450, (SELECT projects.start_date + INTERVAL 28 DAY FROM projects WHERE projects.id=14), 1, 450, 450);
INSERT INTO supporting_packages(id, option_list, package_count, order_id, project_package_id, supporting_project_id) VALUES (450, '["캐주얼"]', 10, 450, 14, 450);
INSERT INTO supporting_projects(supporting_project_id, supported_at, delivery_id, payment_id, project_id, user_id) VALUES (451, (SELECT projects.start_date + INTERVAL 24 DAY FROM projects WHERE projects.id=14), 451, 451, 14, 20);
INSERT INTO orders (order_id, created_at, delivery_id, payment_id, supporting_project_id) VALUES (451, (SELECT projects.start_date + INTERVAL 24 DAY FROM projects WHERE projects.id=14), 1, 451, 451);
INSERT INTO supporting_packages(id, option_list, package_count, order_id, project_package_id, supporting_project_id) VALUES (451, '["캐주얼"]', 10, 451, 14, 451);
INSERT INTO supporting_projects(supporting_project_id, supported_at, delivery_id, payment_id, project_id, user_id) VALUES (452, (SELECT projects.start_date + INTERVAL 37 DAY FROM projects WHERE projects.id=14), 452, 452, 14, 38);
INSERT INTO orders (order_id, created_at, delivery_id, payment_id, supporting_project_id) VALUES (452, (SELECT projects.start_date + INTERVAL 37 DAY FROM projects WHERE projects.id=14), 1, 452, 452);
INSERT INTO supporting_packages(id, option_list, package_count, order_id, project_package_id, supporting_project_id) VALUES (452, '["캐주얼"]', 3, 452, 14, 452);
INSERT INTO supporting_projects(supporting_project_id, supported_at, delivery_id, payment_id, project_id, user_id) VALUES (453, (SELECT projects.start_date + INTERVAL 33 DAY FROM projects WHERE projects.id=14), 453, 453, 14, 23);
INSERT INTO orders (order_id, created_at, delivery_id, payment_id, supporting_project_id) VALUES (453, (SELECT projects.start_date + INTERVAL 33 DAY FROM projects WHERE projects.id=14), 1, 453, 453);
INSERT INTO supporting_packages(id, option_list, package_count, order_id, project_package_id, supporting_project_id) VALUES (453, '["캐주얼"]', 8, 453, 14, 453);
INSERT INTO supporting_projects(supporting_project_id, supported_at, delivery_id, payment_id, project_id, user_id) VALUES (454, (SELECT projects.start_date + INTERVAL 49 DAY FROM projects WHERE projects.id=14), 454, 454, 14, 24);
INSERT INTO orders (order_id, created_at, delivery_id, payment_id, supporting_project_id) VALUES (454, (SELECT projects.start_date + INTERVAL 49 DAY FROM projects WHERE projects.id=14), 1, 454, 454);
INSERT INTO supporting_packages(id, option_list, package_count, order_id, project_package_id, supporting_project_id) VALUES (454, '["캐주얼"]', 6, 454, 14, 454);
INSERT INTO supporting_projects(supporting_project_id, supported_at, delivery_id, payment_id, project_id, user_id) VALUES (455, (SELECT projects.start_date + INTERVAL 23 DAY FROM projects WHERE projects.id=14), 455, 455, 14, 35);
INSERT INTO orders (order_id, created_at, delivery_id, payment_id, supporting_project_id) VALUES (455, (SELECT projects.start_date + INTERVAL 23 DAY FROM projects WHERE projects.id=14), 1, 455, 455);
INSERT INTO supporting_packages(id, option_list, package_count, order_id, project_package_id, supporting_project_id) VALUES (455, '["스트릿"]', 9, 455, 14, 455);
INSERT INTO supporting_projects(supporting_project_id, supported_at, delivery_id, payment_id, project_id, user_id) VALUES (456, (SELECT projects.start_date + INTERVAL 8 DAY FROM projects WHERE projects.id=14), 456, 456, 14, 40);
INSERT INTO orders (order_id, created_at, delivery_id, payment_id, supporting_project_id) VALUES (456, (SELECT projects.start_date + INTERVAL 8 DAY FROM projects WHERE projects.id=14), 1, 456, 456);
INSERT INTO supporting_packages(id, option_list, package_count, order_id, project_package_id, supporting_project_id) VALUES (456, '["무대의상"]', 1, 456, 14, 456);
INSERT INTO supporting_projects(supporting_project_id, supported_at, delivery_id, payment_id, project_id, user_id) VALUES (457, (SELECT projects.start_date + INTERVAL 41 DAY FROM projects WHERE projects.id=14), 457, 457, 14, 26);
INSERT INTO orders (order_id, created_at, delivery_id, payment_id, supporting_project_id) VALUES (457, (SELECT projects.start_date + INTERVAL 41 DAY FROM projects WHERE projects.id=14), 1, 457, 457);
INSERT INTO supporting_packages(id, option_list, package_count, order_id, project_package_id, supporting_project_id) VALUES (457, '["무대의상"]', 3, 457, 14, 457);
INSERT INTO supporting_projects(supporting_project_id, supported_at, delivery_id, payment_id, project_id, user_id) VALUES (458, (SELECT projects.start_date + INTERVAL 5 DAY FROM projects WHERE projects.id=14), 458, 458, 14, 27);
INSERT INTO orders (order_id, created_at, delivery_id, payment_id, supporting_project_id) VALUES (458, (SELECT projects.start_date + INTERVAL 5 DAY FROM projects WHERE projects.id=14), 1, 458, 458);
INSERT INTO supporting_packages(id, option_list, package_count, order_id, project_package_id, supporting_project_id) VALUES (458, '["무대의상"]', 5, 458, 14, 458);
INSERT INTO supporting_projects(supporting_project_id, supported_at, delivery_id, payment_id, project_id, user_id) VALUES (459, (SELECT projects.start_date + INTERVAL 38 DAY FROM projects WHERE projects.id=14), 459, 459, 14, 34);
INSERT INTO orders (order_id, created_at, delivery_id, payment_id, supporting_project_id) VALUES (459, (SELECT projects.start_date + INTERVAL 38 DAY FROM projects WHERE projects.id=14), 1, 459, 459);
INSERT INTO supporting_packages(id, option_list, package_count, order_id, project_package_id, supporting_project_id) VALUES (459, '["캐주얼"]', 5, 459, 14, 459);
INSERT INTO supporting_projects(supporting_project_id, supported_at, delivery_id, payment_id, project_id, user_id) VALUES (460, (SELECT projects.start_date + INTERVAL 10 DAY FROM projects WHERE projects.id=14), 460, 460, 14, 17);
INSERT INTO orders (order_id, created_at, delivery_id, payment_id, supporting_project_id) VALUES (460, (SELECT projects.start_date + INTERVAL 10 DAY FROM projects WHERE projects.id=14), 1, 460, 460);
INSERT INTO supporting_packages(id, option_list, package_count, order_id, project_package_id, supporting_project_id) VALUES (460, '["무대의상"]', 8, 460, 14, 460);
INSERT INTO supporting_projects(supporting_project_id, supported_at, delivery_id, payment_id, project_id, user_id) VALUES (461, (SELECT projects.start_date + INTERVAL 2 DAY FROM projects WHERE projects.id=14), 461, 461, 14, 14);
INSERT INTO orders (order_id, created_at, delivery_id, payment_id, supporting_project_id) VALUES (461, (SELECT projects.start_date + INTERVAL 2 DAY FROM projects WHERE projects.id=14), 1, 461, 461);
INSERT INTO supporting_packages(id, option_list, package_count, order_id, project_package_id, supporting_project_id) VALUES (461, '["무대의상"]', 6, 461, 14, 461);
INSERT INTO supporting_projects(supporting_project_id, supported_at, delivery_id, payment_id, project_id, user_id) VALUES (462, (SELECT projects.start_date + INTERVAL 50 DAY FROM projects WHERE projects.id=14), 462, 462, 14, 38);
INSERT INTO orders (order_id, created_at, delivery_id, payment_id, supporting_project_id) VALUES (462, (SELECT projects.start_date + INTERVAL 50 DAY FROM projects WHERE projects.id=14), 1, 462, 462);
INSERT INTO supporting_packages(id, option_list, package_count, order_id, project_package_id, supporting_project_id) VALUES (462, '["스트릿"]', 7, 462, 14, 462);
INSERT INTO supporting_projects(supporting_project_id, supported_at, delivery_id, payment_id, project_id, user_id) VALUES (463, (SELECT projects.start_date + INTERVAL 12 DAY FROM projects WHERE projects.id=14), 463, 463, 14, 6);
INSERT INTO orders (order_id, created_at, delivery_id, payment_id, supporting_project_id) VALUES (463, (SELECT projects.start_date + INTERVAL 12 DAY FROM projects WHERE projects.id=14), 1, 463, 463);
INSERT INTO supporting_packages(id, option_list, package_count, order_id, project_package_id, supporting_project_id) VALUES (463, '["무대의상"]', 9, 463, 14, 463);
INSERT INTO supporting_projects(supporting_project_id, supported_at, delivery_id, payment_id, project_id, user_id) VALUES (464, (SELECT projects.start_date + INTERVAL 18 DAY FROM projects WHERE projects.id=14), 464, 464, 14, 35);
INSERT INTO orders (order_id, created_at, delivery_id, payment_id, supporting_project_id) VALUES (464, (SELECT projects.start_date + INTERVAL 18 DAY FROM projects WHERE projects.id=14), 1, 464, 464);
INSERT INTO supporting_packages(id, option_list, package_count, order_id, project_package_id, supporting_project_id) VALUES (464, '["캐주얼"]', 5, 464, 14, 464);
INSERT INTO supporting_projects(supporting_project_id, supported_at, delivery_id, payment_id, project_id, user_id) VALUES (465, (SELECT projects.start_date + INTERVAL 9 DAY FROM projects WHERE projects.id=14), 465, 465, 14, 18);
INSERT INTO orders (order_id, created_at, delivery_id, payment_id, supporting_project_id) VALUES (465, (SELECT projects.start_date + INTERVAL 9 DAY FROM projects WHERE projects.id=14), 1, 465, 465);
INSERT INTO supporting_packages(id, option_list, package_count, order_id, project_package_id, supporting_project_id) VALUES (465, '["무대의상"]', 5, 465, 14, 465);
INSERT INTO supporting_projects(supporting_project_id, supported_at, delivery_id, payment_id, project_id, user_id) VALUES (466, (SELECT projects.start_date + INTERVAL 49 DAY FROM projects WHERE projects.id=14), 466, 466, 14, 33);
INSERT INTO orders (order_id, created_at, delivery_id, payment_id, supporting_project_id) VALUES (466, (SELECT projects.start_date + INTERVAL 49 DAY FROM projects WHERE projects.id=14), 1, 466, 466);
INSERT INTO supporting_packages(id, option_list, package_count, order_id, project_package_id, supporting_project_id) VALUES (466, '["무대의상"]', 3, 466, 14, 466);
INSERT INTO supporting_projects(supporting_project_id, supported_at, delivery_id, payment_id, project_id, user_id) VALUES (467, (SELECT projects.start_date + INTERVAL 18 DAY FROM projects WHERE projects.id=14), 467, 467, 14, 10);
INSERT INTO orders (order_id, created_at, delivery_id, payment_id, supporting_project_id) VALUES (467, (SELECT projects.start_date + INTERVAL 18 DAY FROM projects WHERE projects.id=14), 1, 467, 467);
INSERT INTO supporting_packages(id, option_list, package_count, order_id, project_package_id, supporting_project_id) VALUES (467, '["무대의상"]', 9, 467, 14, 467);
INSERT INTO supporting_projects(supporting_project_id, supported_at, delivery_id, payment_id, project_id, user_id) VALUES (468, (SELECT projects.start_date + INTERVAL 41 DAY FROM projects WHERE projects.id=14), 468, 468, 14, 9);
INSERT INTO orders (order_id, created_at, delivery_id, payment_id, supporting_project_id) VALUES (468, (SELECT projects.start_date + INTERVAL 41 DAY FROM projects WHERE projects.id=14), 1, 468, 468);
INSERT INTO supporting_packages(id, option_list, package_count, order_id, project_package_id, supporting_project_id) VALUES (468, '["캐주얼"]', 1, 468, 14, 468);
INSERT INTO supporting_projects(supporting_project_id, supported_at, delivery_id, payment_id, project_id, user_id) VALUES (469, (SELECT projects.start_date + INTERVAL 39 DAY FROM projects WHERE projects.id=14), 469, 469, 14, 20);
INSERT INTO orders (order_id, created_at, delivery_id, payment_id, supporting_project_id) VALUES (469, (SELECT projects.start_date + INTERVAL 39 DAY FROM projects WHERE projects.id=14), 1, 469, 469);
INSERT INTO supporting_packages(id, option_list, package_count, order_id, project_package_id, supporting_project_id) VALUES (469, '["스트릿"]', 3, 469, 14, 469);
INSERT INTO supporting_projects(supporting_project_id, supported_at, delivery_id, payment_id, project_id, user_id) VALUES (470, (SELECT projects.start_date + INTERVAL 17 DAY FROM projects WHERE projects.id=14), 470, 470, 14, 29);
INSERT INTO orders (order_id, created_at, delivery_id, payment_id, supporting_project_id) VALUES (470, (SELECT projects.start_date + INTERVAL 17 DAY FROM projects WHERE projects.id=14), 1, 470, 470);
INSERT INTO supporting_packages(id, option_list, package_count, order_id, project_package_id, supporting_project_id) VALUES (470, '["무대의상"]', 7, 470, 14, 470);
INSERT INTO supporting_projects(supporting_project_id, supported_at, delivery_id, payment_id, project_id, user_id) VALUES (471, (SELECT projects.start_date + INTERVAL 30 DAY FROM projects WHERE projects.id=14), 471, 471, 14, 33);
INSERT INTO orders (order_id, created_at, delivery_id, payment_id, supporting_project_id) VALUES (471, (SELECT projects.start_date + INTERVAL 30 DAY FROM projects WHERE projects.id=14), 1, 471, 471);
INSERT INTO supporting_packages(id, option_list, package_count, order_id, project_package_id, supporting_project_id) VALUES (471, '["스트릿"]', 5, 471, 14, 471);
INSERT INTO supporting_projects(supporting_project_id, supported_at, delivery_id, payment_id, project_id, user_id) VALUES (472, (SELECT projects.start_date + INTERVAL 48 DAY FROM projects WHERE projects.id=14), 472, 472, 14, 28);
INSERT INTO orders (order_id, created_at, delivery_id, payment_id, supporting_project_id) VALUES (472, (SELECT projects.start_date + INTERVAL 48 DAY FROM projects WHERE projects.id=14), 1, 472, 472);
INSERT INTO supporting_packages(id, option_list, package_count, order_id, project_package_id, supporting_project_id) VALUES (472, '["무대의상"]', 7, 472, 14, 472);
INSERT INTO supporting_projects(supporting_project_id, supported_at, delivery_id, payment_id, project_id, user_id) VALUES (473, (SELECT projects.start_date + INTERVAL 46 DAY FROM projects WHERE projects.id=14), 473, 473, 14, 10);
INSERT INTO orders (order_id, created_at, delivery_id, payment_id, supporting_project_id) VALUES (473, (SELECT projects.start_date + INTERVAL 46 DAY FROM projects WHERE projects.id=14), 1, 473, 473);
INSERT INTO supporting_packages(id, option_list, package_count, order_id, project_package_id, supporting_project_id) VALUES (473, '["스트릿"]', 8, 473, 14, 473);
INSERT INTO supporting_projects(supporting_project_id, supported_at, delivery_id, payment_id, project_id, user_id) VALUES (474, (SELECT projects.start_date + INTERVAL 29 DAY FROM projects WHERE projects.id=14), 474, 474, 14, 2);
INSERT INTO orders (order_id, created_at, delivery_id, payment_id, supporting_project_id) VALUES (474, (SELECT projects.start_date + INTERVAL 29 DAY FROM projects WHERE projects.id=14), 1, 474, 474);
INSERT INTO supporting_packages(id, option_list, package_count, order_id, project_package_id, supporting_project_id) VALUES (474, '["스트릿"]', 3, 474, 14, 474);
INSERT INTO supporting_projects(supporting_project_id, supported_at, delivery_id, payment_id, project_id, user_id) VALUES (475, (SELECT projects.start_date + INTERVAL 32 DAY FROM projects WHERE projects.id=14), 475, 475, 14, 17);
INSERT INTO orders (order_id, created_at, delivery_id, payment_id, supporting_project_id) VALUES (475, (SELECT projects.start_date + INTERVAL 32 DAY FROM projects WHERE projects.id=14), 1, 475, 475);
INSERT INTO supporting_packages(id, option_list, package_count, order_id, project_package_id, supporting_project_id) VALUES (475, '["캐주얼"]', 1, 475, 14, 475);
INSERT INTO supporting_projects(supporting_project_id, supported_at, delivery_id, payment_id, project_id, user_id) VALUES (476, (SELECT projects.start_date + INTERVAL 9 DAY FROM projects WHERE projects.id=14), 476, 476, 14, 2);
INSERT INTO orders (order_id, created_at, delivery_id, payment_id, supporting_project_id) VALUES (476, (SELECT projects.start_date + INTERVAL 9 DAY FROM projects WHERE projects.id=14), 1, 476, 476);
INSERT INTO supporting_packages(id, option_list, package_count, order_id, project_package_id, supporting_project_id) VALUES (476, '["무대의상"]', 9, 476, 14, 476);
INSERT INTO supporting_projects(supporting_project_id, supported_at, delivery_id, payment_id, project_id, user_id) VALUES (477, (SELECT projects.start_date + INTERVAL 17 DAY FROM projects WHERE projects.id=14), 477, 477, 14, 7);
INSERT INTO orders (order_id, created_at, delivery_id, payment_id, supporting_project_id) VALUES (477, (SELECT projects.start_date + INTERVAL 17 DAY FROM projects WHERE projects.id=14), 1, 477, 477);
INSERT INTO supporting_packages(id, option_list, package_count, order_id, project_package_id, supporting_project_id) VALUES (477, '["무대의상"]', 10, 477, 14, 477);
INSERT INTO supporting_projects(supporting_project_id, supported_at, delivery_id, payment_id, project_id, user_id) VALUES (478, (SELECT projects.start_date + INTERVAL 33 DAY FROM projects WHERE projects.id=14), 478, 478, 14, 8);
INSERT INTO orders (order_id, created_at, delivery_id, payment_id, supporting_project_id) VALUES (478, (SELECT projects.start_date + INTERVAL 33 DAY FROM projects WHERE projects.id=14), 1, 478, 478);
INSERT INTO supporting_packages(id, option_list, package_count, order_id, project_package_id, supporting_project_id) VALUES (478, '["무대의상"]', 2, 478, 14, 478);
INSERT INTO supporting_projects(supporting_project_id, supported_at, delivery_id, payment_id, project_id, user_id) VALUES (479, (SELECT projects.start_date + INTERVAL 46 DAY FROM projects WHERE projects.id=14), 479, 479, 14, 9);
INSERT INTO orders (order_id, created_at, delivery_id, payment_id, supporting_project_id) VALUES (479, (SELECT projects.start_date + INTERVAL 46 DAY FROM projects WHERE projects.id=14), 1, 479, 479);
INSERT INTO supporting_packages(id, option_list, package_count, order_id, project_package_id, supporting_project_id) VALUES (479, '["캐주얼"]', 5, 479, 14, 479);
INSERT INTO supporting_projects(supporting_project_id, supported_at, delivery_id, payment_id, project_id, user_id) VALUES (480, (SELECT projects.start_date + INTERVAL 24 DAY FROM projects WHERE projects.id=14), 480, 480, 14, 31);
INSERT INTO orders (order_id, created_at, delivery_id, payment_id, supporting_project_id) VALUES (480, (SELECT projects.start_date + INTERVAL 24 DAY FROM projects WHERE projects.id=14), 1, 480, 480);
INSERT INTO supporting_packages(id, option_list, package_count, order_id, project_package_id, supporting_project_id) VALUES (480, '["캐주얼"]', 8, 480, 14, 480);
INSERT INTO supporting_projects(supporting_project_id, supported_at, delivery_id, payment_id, project_id, user_id) VALUES (481, (SELECT projects.start_date + INTERVAL 46 DAY FROM projects WHERE projects.id=14), 481, 481, 14, 15);
INSERT INTO orders (order_id, created_at, delivery_id, payment_id, supporting_project_id) VALUES (481, (SELECT projects.start_date + INTERVAL 46 DAY FROM projects WHERE projects.id=14), 1, 481, 481);
INSERT INTO supporting_packages(id, option_list, package_count, order_id, project_package_id, supporting_project_id) VALUES (481, '["스트릿"]', 5, 481, 14, 481);
INSERT INTO supporting_projects(supporting_project_id, supported_at, delivery_id, payment_id, project_id, user_id) VALUES (482, (SELECT projects.start_date + INTERVAL 30 DAY FROM projects WHERE projects.id=14), 482, 482, 14, 34);
INSERT INTO orders (order_id, created_at, delivery_id, payment_id, supporting_project_id) VALUES (482, (SELECT projects.start_date + INTERVAL 30 DAY FROM projects WHERE projects.id=14), 1, 482, 482);
INSERT INTO supporting_packages(id, option_list, package_count, order_id, project_package_id, supporting_project_id) VALUES (482, '["캐주얼"]', 9, 482, 14, 482);
INSERT INTO supporting_projects(supporting_project_id, supported_at, delivery_id, payment_id, project_id, user_id) VALUES (483, (SELECT projects.start_date + INTERVAL 46 DAY FROM projects WHERE projects.id=14), 483, 483, 14, 20);
INSERT INTO orders (order_id, created_at, delivery_id, payment_id, supporting_project_id) VALUES (483, (SELECT projects.start_date + INTERVAL 46 DAY FROM projects WHERE projects.id=14), 1, 483, 483);
INSERT INTO supporting_packages(id, option_list, package_count, order_id, project_package_id, supporting_project_id) VALUES (483, '["캐주얼"]', 2, 483, 14, 483);
INSERT INTO supporting_projects(supporting_project_id, supported_at, delivery_id, payment_id, project_id, user_id) VALUES (484, (SELECT projects.start_date + INTERVAL 49 DAY FROM projects WHERE projects.id=14), 484, 484, 14, 22);
INSERT INTO orders (order_id, created_at, delivery_id, payment_id, supporting_project_id) VALUES (484, (SELECT projects.start_date + INTERVAL 49 DAY FROM projects WHERE projects.id=14), 1, 484, 484);
INSERT INTO supporting_packages(id, option_list, package_count, order_id, project_package_id, supporting_project_id) VALUES (484, '["스트릿"]', 10, 484, 14, 484);
INSERT INTO supporting_projects(supporting_project_id, supported_at, delivery_id, payment_id, project_id, user_id) VALUES (485, (SELECT projects.start_date + INTERVAL 2 DAY FROM projects WHERE projects.id=14), 485, 485, 14, 16);
INSERT INTO orders (order_id, created_at, delivery_id, payment_id, supporting_project_id) VALUES (485, (SELECT projects.start_date + INTERVAL 2 DAY FROM projects WHERE projects.id=14), 1, 485, 485);
INSERT INTO supporting_packages(id, option_list, package_count, order_id, project_package_id, supporting_project_id) VALUES (485, '["스트릿"]', 4, 485, 14, 485);
INSERT INTO supporting_projects(supporting_project_id, supported_at, delivery_id, payment_id, project_id, user_id) VALUES (486, (SELECT projects.start_date + INTERVAL 7 DAY FROM projects WHERE projects.id=15), 486, 486, 15, 8);
INSERT INTO orders (order_id, created_at, delivery_id, payment_id, supporting_project_id) VALUES (486, (SELECT projects.start_date + INTERVAL 7 DAY FROM projects WHERE projects.id=15), 1, 486, 486);
INSERT INTO supporting_packages(id, option_list, package_count, order_id, project_package_id, supporting_project_id) VALUES (486, '["60년대"]', 5, 486, 15, 486);
INSERT INTO supporting_projects(supporting_project_id, supported_at, delivery_id, payment_id, project_id, user_id) VALUES (487, (SELECT projects.start_date + INTERVAL 33 DAY FROM projects WHERE projects.id=15), 487, 487, 15, 5);
INSERT INTO orders (order_id, created_at, delivery_id, payment_id, supporting_project_id) VALUES (487, (SELECT projects.start_date + INTERVAL 33 DAY FROM projects WHERE projects.id=15), 1, 487, 487);
INSERT INTO supporting_packages(id, option_list, package_count, order_id, project_package_id, supporting_project_id) VALUES (487, '["현재"]', 6, 487, 15, 487);
INSERT INTO supporting_projects(supporting_project_id, supported_at, delivery_id, payment_id, project_id, user_id) VALUES (488, (SELECT projects.start_date + INTERVAL 9 DAY FROM projects WHERE projects.id=15), 488, 488, 15, 8);
INSERT INTO orders (order_id, created_at, delivery_id, payment_id, supporting_project_id) VALUES (488, (SELECT projects.start_date + INTERVAL 9 DAY FROM projects WHERE projects.id=15), 1, 488, 488);
INSERT INTO supporting_packages(id, option_list, package_count, order_id, project_package_id, supporting_project_id) VALUES (488, '["90년대"]', 1, 488, 15, 488);
INSERT INTO supporting_projects(supporting_project_id, supported_at, delivery_id, payment_id, project_id, user_id) VALUES (489, (SELECT projects.start_date + INTERVAL 24 DAY FROM projects WHERE projects.id=15), 489, 489, 15, 32);
INSERT INTO orders (order_id, created_at, delivery_id, payment_id, supporting_project_id) VALUES (489, (SELECT projects.start_date + INTERVAL 24 DAY FROM projects WHERE projects.id=15), 1, 489, 489);
INSERT INTO supporting_packages(id, option_list, package_count, order_id, project_package_id, supporting_project_id) VALUES (489, '["90년대"]', 3, 489, 15, 489);
INSERT INTO supporting_projects(supporting_project_id, supported_at, delivery_id, payment_id, project_id, user_id) VALUES (490, (SELECT projects.start_date + INTERVAL 3 DAY FROM projects WHERE projects.id=15), 490, 490, 15, 26);
INSERT INTO orders (order_id, created_at, delivery_id, payment_id, supporting_project_id) VALUES (490, (SELECT projects.start_date + INTERVAL 3 DAY FROM projects WHERE projects.id=15), 1, 490, 490);
INSERT INTO supporting_packages(id, option_list, package_count, order_id, project_package_id, supporting_project_id) VALUES (490, '["현재"]', 10, 490, 15, 490);
INSERT INTO supporting_projects(supporting_project_id, supported_at, delivery_id, payment_id, project_id, user_id) VALUES (491, (SELECT projects.start_date + INTERVAL 39 DAY FROM projects WHERE projects.id=15), 491, 491, 15, 9);
INSERT INTO orders (order_id, created_at, delivery_id, payment_id, supporting_project_id) VALUES (491, (SELECT projects.start_date + INTERVAL 39 DAY FROM projects WHERE projects.id=15), 1, 491, 491);
INSERT INTO supporting_packages(id, option_list, package_count, order_id, project_package_id, supporting_project_id) VALUES (491, '["60년대"]', 9, 491, 15, 491);
INSERT INTO supporting_projects(supporting_project_id, supported_at, delivery_id, payment_id, project_id, user_id) VALUES (492, (SELECT projects.start_date + INTERVAL 4 DAY FROM projects WHERE projects.id=15), 492, 492, 15, 32);
INSERT INTO orders (order_id, created_at, delivery_id, payment_id, supporting_project_id) VALUES (492, (SELECT projects.start_date + INTERVAL 4 DAY FROM projects WHERE projects.id=15), 1, 492, 492);
INSERT INTO supporting_packages(id, option_list, package_count, order_id, project_package_id, supporting_project_id) VALUES (492, '["현재"]', 4, 492, 15, 492);
INSERT INTO supporting_projects(supporting_project_id, supported_at, delivery_id, payment_id, project_id, user_id) VALUES (493, (SELECT projects.start_date + INTERVAL 37 DAY FROM projects WHERE projects.id=15), 493, 493, 15, 27);
INSERT INTO orders (order_id, created_at, delivery_id, payment_id, supporting_project_id) VALUES (493, (SELECT projects.start_date + INTERVAL 37 DAY FROM projects WHERE projects.id=15), 1, 493, 493);
INSERT INTO supporting_packages(id, option_list, package_count, order_id, project_package_id, supporting_project_id) VALUES (493, '["90년대"]', 6, 493, 15, 493);
INSERT INTO supporting_projects(supporting_project_id, supported_at, delivery_id, payment_id, project_id, user_id) VALUES (494, (SELECT projects.start_date + INTERVAL 6 DAY FROM projects WHERE projects.id=15), 494, 494, 15, 14);
INSERT INTO orders (order_id, created_at, delivery_id, payment_id, supporting_project_id) VALUES (494, (SELECT projects.start_date + INTERVAL 6 DAY FROM projects WHERE projects.id=15), 1, 494, 494);
INSERT INTO supporting_packages(id, option_list, package_count, order_id, project_package_id, supporting_project_id) VALUES (494, '["현재"]', 6, 494, 15, 494);
INSERT INTO supporting_projects(supporting_project_id, supported_at, delivery_id, payment_id, project_id, user_id) VALUES (495, (SELECT projects.start_date + INTERVAL 2 DAY FROM projects WHERE projects.id=15), 495, 495, 15, 4);
INSERT INTO orders (order_id, created_at, delivery_id, payment_id, supporting_project_id) VALUES (495, (SELECT projects.start_date + INTERVAL 2 DAY FROM projects WHERE projects.id=15), 1, 495, 495);
INSERT INTO supporting_packages(id, option_list, package_count, order_id, project_package_id, supporting_project_id) VALUES (495, '["현재"]', 7, 495, 15, 495);
INSERT INTO supporting_projects(supporting_project_id, supported_at, delivery_id, payment_id, project_id, user_id) VALUES (496, (SELECT projects.start_date + INTERVAL 18 DAY FROM projects WHERE projects.id=15), 496, 496, 15, 8);
INSERT INTO orders (order_id, created_at, delivery_id, payment_id, supporting_project_id) VALUES (496, (SELECT projects.start_date + INTERVAL 18 DAY FROM projects WHERE projects.id=15), 1, 496, 496);
INSERT INTO supporting_packages(id, option_list, package_count, order_id, project_package_id, supporting_project_id) VALUES (496, '["90년대"]', 9, 496, 15, 496);
INSERT INTO supporting_projects(supporting_project_id, supported_at, delivery_id, payment_id, project_id, user_id) VALUES (497, (SELECT projects.start_date + INTERVAL 11 DAY FROM projects WHERE projects.id=15), 497, 497, 15, 26);
INSERT INTO orders (order_id, created_at, delivery_id, payment_id, supporting_project_id) VALUES (497, (SELECT projects.start_date + INTERVAL 11 DAY FROM projects WHERE projects.id=15), 1, 497, 497);
INSERT INTO supporting_packages(id, option_list, package_count, order_id, project_package_id, supporting_project_id) VALUES (497, '["90년대"]', 3, 497, 15, 497);
INSERT INTO supporting_projects(supporting_project_id, supported_at, delivery_id, payment_id, project_id, user_id) VALUES (498, (SELECT projects.start_date + INTERVAL 48 DAY FROM projects WHERE projects.id=15), 498, 498, 15, 37);
INSERT INTO orders (order_id, created_at, delivery_id, payment_id, supporting_project_id) VALUES (498, (SELECT projects.start_date + INTERVAL 48 DAY FROM projects WHERE projects.id=15), 1, 498, 498);
INSERT INTO supporting_packages(id, option_list, package_count, order_id, project_package_id, supporting_project_id) VALUES (498, '["90년대"]', 3, 498, 15, 498);
INSERT INTO supporting_projects(supporting_project_id, supported_at, delivery_id, payment_id, project_id, user_id) VALUES (499, (SELECT projects.start_date + INTERVAL 38 DAY FROM projects WHERE projects.id=15), 499, 499, 15, 8);
INSERT INTO orders (order_id, created_at, delivery_id, payment_id, supporting_project_id) VALUES (499, (SELECT projects.start_date + INTERVAL 38 DAY FROM projects WHERE projects.id=15), 1, 499, 499);
INSERT INTO supporting_packages(id, option_list, package_count, order_id, project_package_id, supporting_project_id) VALUES (499, '["90년대"]', 1, 499, 15, 499);
INSERT INTO supporting_projects(supporting_project_id, supported_at, delivery_id, payment_id, project_id, user_id) VALUES (500, (SELECT projects.start_date + INTERVAL 43 DAY FROM projects WHERE projects.id=15), 500, 500, 15, 34);
INSERT INTO orders (order_id, created_at, delivery_id, payment_id, supporting_project_id) VALUES (500, (SELECT projects.start_date + INTERVAL 43 DAY FROM projects WHERE projects.id=15), 1, 500, 500);
INSERT INTO supporting_packages(id, option_list, package_count, order_id, project_package_id, supporting_project_id) VALUES (500, '["현재"]', 6, 500, 15, 500);
INSERT INTO supporting_projects(supporting_project_id, supported_at, delivery_id, payment_id, project_id, user_id) VALUES (501, (SELECT projects.start_date + INTERVAL 11 DAY FROM projects WHERE projects.id=15), 501, 501, 15, 22);
INSERT INTO orders (order_id, created_at, delivery_id, payment_id, supporting_project_id) VALUES (501, (SELECT projects.start_date + INTERVAL 11 DAY FROM projects WHERE projects.id=15), 1, 501, 501);
INSERT INTO supporting_packages(id, option_list, package_count, order_id, project_package_id, supporting_project_id) VALUES (501, '["현재"]', 7, 501, 15, 501);
INSERT INTO supporting_projects(supporting_project_id, supported_at, delivery_id, payment_id, project_id, user_id) VALUES (502, (SELECT projects.start_date + INTERVAL 24 DAY FROM projects WHERE projects.id=15), 502, 502, 15, 18);
INSERT INTO orders (order_id, created_at, delivery_id, payment_id, supporting_project_id) VALUES (502, (SELECT projects.start_date + INTERVAL 24 DAY FROM projects WHERE projects.id=15), 1, 502, 502);
INSERT INTO supporting_packages(id, option_list, package_count, order_id, project_package_id, supporting_project_id) VALUES (502, '["현재"]', 4, 502, 15, 502);
INSERT INTO supporting_projects(supporting_project_id, supported_at, delivery_id, payment_id, project_id, user_id) VALUES (503, (SELECT projects.start_date + INTERVAL 29 DAY FROM projects WHERE projects.id=15), 503, 503, 15, 5);
INSERT INTO orders (order_id, created_at, delivery_id, payment_id, supporting_project_id) VALUES (503, (SELECT projects.start_date + INTERVAL 29 DAY FROM projects WHERE projects.id=15), 1, 503, 503);
INSERT INTO supporting_packages(id, option_list, package_count, order_id, project_package_id, supporting_project_id) VALUES (503, '["현재"]', 3, 503, 15, 503);
INSERT INTO supporting_projects(supporting_project_id, supported_at, delivery_id, payment_id, project_id, user_id) VALUES (504, (SELECT projects.start_date + INTERVAL 13 DAY FROM projects WHERE projects.id=15), 504, 504, 15, 19);
INSERT INTO orders (order_id, created_at, delivery_id, payment_id, supporting_project_id) VALUES (504, (SELECT projects.start_date + INTERVAL 13 DAY FROM projects WHERE projects.id=15), 1, 504, 504);
INSERT INTO supporting_packages(id, option_list, package_count, order_id, project_package_id, supporting_project_id) VALUES (504, '["90년대"]', 3, 504, 15, 504);
INSERT INTO supporting_projects(supporting_project_id, supported_at, delivery_id, payment_id, project_id, user_id) VALUES (505, (SELECT projects.start_date + INTERVAL 12 DAY FROM projects WHERE projects.id=15), 505, 505, 15, 21);
INSERT INTO orders (order_id, created_at, delivery_id, payment_id, supporting_project_id) VALUES (505, (SELECT projects.start_date + INTERVAL 12 DAY FROM projects WHERE projects.id=15), 1, 505, 505);
INSERT INTO supporting_packages(id, option_list, package_count, order_id, project_package_id, supporting_project_id) VALUES (505, '["현재"]', 8, 505, 15, 505);
INSERT INTO supporting_projects(supporting_project_id, supported_at, delivery_id, payment_id, project_id, user_id) VALUES (506, (SELECT projects.start_date + INTERVAL 12 DAY FROM projects WHERE projects.id=15), 506, 506, 15, 11);
INSERT INTO orders (order_id, created_at, delivery_id, payment_id, supporting_project_id) VALUES (506, (SELECT projects.start_date + INTERVAL 12 DAY FROM projects WHERE projects.id=15), 1, 506, 506);
INSERT INTO supporting_packages(id, option_list, package_count, order_id, project_package_id, supporting_project_id) VALUES (506, '["60년대"]', 7, 506, 15, 506);
INSERT INTO supporting_projects(supporting_project_id, supported_at, delivery_id, payment_id, project_id, user_id) VALUES (507, (SELECT projects.start_date + INTERVAL 11 DAY FROM projects WHERE projects.id=15), 507, 507, 15, 3);
INSERT INTO orders (order_id, created_at, delivery_id, payment_id, supporting_project_id) VALUES (507, (SELECT projects.start_date + INTERVAL 11 DAY FROM projects WHERE projects.id=15), 1, 507, 507);
INSERT INTO supporting_packages(id, option_list, package_count, order_id, project_package_id, supporting_project_id) VALUES (507, '["60년대"]', 4, 507, 15, 507);
INSERT INTO supporting_projects(supporting_project_id, supported_at, delivery_id, payment_id, project_id, user_id) VALUES (508, (SELECT projects.start_date + INTERVAL 23 DAY FROM projects WHERE projects.id=15), 508, 508, 15, 25);
INSERT INTO orders (order_id, created_at, delivery_id, payment_id, supporting_project_id) VALUES (508, (SELECT projects.start_date + INTERVAL 23 DAY FROM projects WHERE projects.id=15), 1, 508, 508);
INSERT INTO supporting_packages(id, option_list, package_count, order_id, project_package_id, supporting_project_id) VALUES (508, '["90년대"]', 6, 508, 15, 508);
INSERT INTO supporting_projects(supporting_project_id, supported_at, delivery_id, payment_id, project_id, user_id) VALUES (509, (SELECT projects.start_date + INTERVAL 8 DAY FROM projects WHERE projects.id=15), 509, 509, 15, 32);
INSERT INTO orders (order_id, created_at, delivery_id, payment_id, supporting_project_id) VALUES (509, (SELECT projects.start_date + INTERVAL 8 DAY FROM projects WHERE projects.id=15), 1, 509, 509);
INSERT INTO supporting_packages(id, option_list, package_count, order_id, project_package_id, supporting_project_id) VALUES (509, '["현재"]', 6, 509, 15, 509);
INSERT INTO supporting_projects(supporting_project_id, supported_at, delivery_id, payment_id, project_id, user_id) VALUES (510, (SELECT projects.start_date + INTERVAL 20 DAY FROM projects WHERE projects.id=15), 510, 510, 15, 6);
INSERT INTO orders (order_id, created_at, delivery_id, payment_id, supporting_project_id) VALUES (510, (SELECT projects.start_date + INTERVAL 20 DAY FROM projects WHERE projects.id=15), 1, 510, 510);
INSERT INTO supporting_packages(id, option_list, package_count, order_id, project_package_id, supporting_project_id) VALUES (510, '["90년대"]', 1, 510, 15, 510);
INSERT INTO supporting_projects(supporting_project_id, supported_at, delivery_id, payment_id, project_id, user_id) VALUES (511, (SELECT projects.start_date + INTERVAL 37 DAY FROM projects WHERE projects.id=15), 511, 511, 15, 36);
INSERT INTO orders (order_id, created_at, delivery_id, payment_id, supporting_project_id) VALUES (511, (SELECT projects.start_date + INTERVAL 37 DAY FROM projects WHERE projects.id=15), 1, 511, 511);
INSERT INTO supporting_packages(id, option_list, package_count, order_id, project_package_id, supporting_project_id) VALUES (511, '["현재"]', 3, 511, 15, 511);
INSERT INTO supporting_projects(supporting_project_id, supported_at, delivery_id, payment_id, project_id, user_id) VALUES (512, (SELECT projects.start_date + INTERVAL 49 DAY FROM projects WHERE projects.id=15), 512, 512, 15, 10);
INSERT INTO orders (order_id, created_at, delivery_id, payment_id, supporting_project_id) VALUES (512, (SELECT projects.start_date + INTERVAL 49 DAY FROM projects WHERE projects.id=15), 1, 512, 512);
INSERT INTO supporting_packages(id, option_list, package_count, order_id, project_package_id, supporting_project_id) VALUES (512, '["90년대"]', 5, 512, 15, 512);
INSERT INTO supporting_projects(supporting_project_id, supported_at, delivery_id, payment_id, project_id, user_id) VALUES (513, (SELECT projects.start_date + INTERVAL 13 DAY FROM projects WHERE projects.id=15), 513, 513, 15, 33);
INSERT INTO orders (order_id, created_at, delivery_id, payment_id, supporting_project_id) VALUES (513, (SELECT projects.start_date + INTERVAL 13 DAY FROM projects WHERE projects.id=15), 1, 513, 513);
INSERT INTO supporting_packages(id, option_list, package_count, order_id, project_package_id, supporting_project_id) VALUES (513, '["90년대"]', 10, 513, 15, 513);
INSERT INTO supporting_projects(supporting_project_id, supported_at, delivery_id, payment_id, project_id, user_id) VALUES (514, (SELECT projects.start_date + INTERVAL 31 DAY FROM projects WHERE projects.id=15), 514, 514, 15, 17);
INSERT INTO orders (order_id, created_at, delivery_id, payment_id, supporting_project_id) VALUES (514, (SELECT projects.start_date + INTERVAL 31 DAY FROM projects WHERE projects.id=15), 1, 514, 514);
INSERT INTO supporting_packages(id, option_list, package_count, order_id, project_package_id, supporting_project_id) VALUES (514, '["90년대"]', 8, 514, 15, 514);
INSERT INTO supporting_projects(supporting_project_id, supported_at, delivery_id, payment_id, project_id, user_id) VALUES (515, (SELECT projects.start_date + INTERVAL 38 DAY FROM projects WHERE projects.id=15), 515, 515, 15, 33);
INSERT INTO orders (order_id, created_at, delivery_id, payment_id, supporting_project_id) VALUES (515, (SELECT projects.start_date + INTERVAL 38 DAY FROM projects WHERE projects.id=15), 1, 515, 515);
INSERT INTO supporting_packages(id, option_list, package_count, order_id, project_package_id, supporting_project_id) VALUES (515, '["90년대"]', 6, 515, 15, 515);
INSERT INTO supporting_projects(supporting_project_id, supported_at, delivery_id, payment_id, project_id, user_id) VALUES (516, (SELECT projects.start_date + INTERVAL 7 DAY FROM projects WHERE projects.id=15), 516, 516, 15, 8);
INSERT INTO orders (order_id, created_at, delivery_id, payment_id, supporting_project_id) VALUES (516, (SELECT projects.start_date + INTERVAL 7 DAY FROM projects WHERE projects.id=15), 1, 516, 516);
INSERT INTO supporting_packages(id, option_list, package_count, order_id, project_package_id, supporting_project_id) VALUES (516, '["60년대"]', 6, 516, 15, 516);
INSERT INTO supporting_projects(supporting_project_id, supported_at, delivery_id, payment_id, project_id, user_id) VALUES (517, (SELECT projects.start_date + INTERVAL 7 DAY FROM projects WHERE projects.id=15), 517, 517, 15, 15);
INSERT INTO orders (order_id, created_at, delivery_id, payment_id, supporting_project_id) VALUES (517, (SELECT projects.start_date + INTERVAL 7 DAY FROM projects WHERE projects.id=15), 1, 517, 517);
INSERT INTO supporting_packages(id, option_list, package_count, order_id, project_package_id, supporting_project_id) VALUES (517, '["60년대"]', 4, 517, 15, 517);
INSERT INTO supporting_projects(supporting_project_id, supported_at, delivery_id, payment_id, project_id, user_id) VALUES (518, (SELECT projects.start_date + INTERVAL 4 DAY FROM projects WHERE projects.id=15), 518, 518, 15, 28);
INSERT INTO orders (order_id, created_at, delivery_id, payment_id, supporting_project_id) VALUES (518, (SELECT projects.start_date + INTERVAL 4 DAY FROM projects WHERE projects.id=15), 1, 518, 518);
INSERT INTO supporting_packages(id, option_list, package_count, order_id, project_package_id, supporting_project_id) VALUES (518, '["90년대"]', 3, 518, 15, 518);
INSERT INTO supporting_projects(supporting_project_id, supported_at, delivery_id, payment_id, project_id, user_id) VALUES (519, (SELECT projects.start_date + INTERVAL 11 DAY FROM projects WHERE projects.id=15), 519, 519, 15, 28);
INSERT INTO orders (order_id, created_at, delivery_id, payment_id, supporting_project_id) VALUES (519, (SELECT projects.start_date + INTERVAL 11 DAY FROM projects WHERE projects.id=15), 1, 519, 519);
INSERT INTO supporting_packages(id, option_list, package_count, order_id, project_package_id, supporting_project_id) VALUES (519, '["현재"]', 10, 519, 15, 519);
INSERT INTO supporting_projects(supporting_project_id, supported_at, delivery_id, payment_id, project_id, user_id) VALUES (520, (SELECT projects.start_date + INTERVAL 15 DAY FROM projects WHERE projects.id=15), 520, 520, 15, 25);
INSERT INTO orders (order_id, created_at, delivery_id, payment_id, supporting_project_id) VALUES (520, (SELECT projects.start_date + INTERVAL 15 DAY FROM projects WHERE projects.id=15), 1, 520, 520);
INSERT INTO supporting_packages(id, option_list, package_count, order_id, project_package_id, supporting_project_id) VALUES (520, '["90년대"]', 5, 520, 15, 520);
INSERT INTO supporting_projects(supporting_project_id, supported_at, delivery_id, payment_id, project_id, user_id) VALUES (521, (SELECT projects.start_date + INTERVAL 33 DAY FROM projects WHERE projects.id=15), 521, 521, 15, 33);
INSERT INTO orders (order_id, created_at, delivery_id, payment_id, supporting_project_id) VALUES (521, (SELECT projects.start_date + INTERVAL 33 DAY FROM projects WHERE projects.id=15), 1, 521, 521);
INSERT INTO supporting_packages(id, option_list, package_count, order_id, project_package_id, supporting_project_id) VALUES (521, '["90년대"]', 7, 521, 15, 521);
INSERT INTO supporting_projects(supporting_project_id, supported_at, delivery_id, payment_id, project_id, user_id) VALUES (522, (SELECT projects.start_date + INTERVAL 27 DAY FROM projects WHERE projects.id=15), 522, 522, 15, 6);
INSERT INTO orders (order_id, created_at, delivery_id, payment_id, supporting_project_id) VALUES (522, (SELECT projects.start_date + INTERVAL 27 DAY FROM projects WHERE projects.id=15), 1, 522, 522);
INSERT INTO supporting_packages(id, option_list, package_count, order_id, project_package_id, supporting_project_id) VALUES (522, '["60년대"]', 5, 522, 15, 522);
INSERT INTO supporting_projects(supporting_project_id, supported_at, delivery_id, payment_id, project_id, user_id) VALUES (523, (SELECT projects.start_date + INTERVAL 34 DAY FROM projects WHERE projects.id=15), 523, 523, 15, 31);
INSERT INTO orders (order_id, created_at, delivery_id, payment_id, supporting_project_id) VALUES (523, (SELECT projects.start_date + INTERVAL 34 DAY FROM projects WHERE projects.id=15), 1, 523, 523);
INSERT INTO supporting_packages(id, option_list, package_count, order_id, project_package_id, supporting_project_id) VALUES (523, '["현재"]', 6, 523, 15, 523);
INSERT INTO supporting_projects(supporting_project_id, supported_at, delivery_id, payment_id, project_id, user_id) VALUES (524, (SELECT projects.start_date + INTERVAL 44 DAY FROM projects WHERE projects.id=15), 524, 524, 15, 1);
INSERT INTO orders (order_id, created_at, delivery_id, payment_id, supporting_project_id) VALUES (524, (SELECT projects.start_date + INTERVAL 44 DAY FROM projects WHERE projects.id=15), 1, 524, 524);
INSERT INTO supporting_packages(id, option_list, package_count, order_id, project_package_id, supporting_project_id) VALUES (524, '["60년대"]', 7, 524, 15, 524);
INSERT INTO supporting_projects(supporting_project_id, supported_at, delivery_id, payment_id, project_id, user_id) VALUES (525, (SELECT projects.start_date + INTERVAL 9 DAY FROM projects WHERE projects.id=15), 525, 525, 15, 4);
INSERT INTO orders (order_id, created_at, delivery_id, payment_id, supporting_project_id) VALUES (525, (SELECT projects.start_date + INTERVAL 9 DAY FROM projects WHERE projects.id=15), 1, 525, 525);
INSERT INTO supporting_packages(id, option_list, package_count, order_id, project_package_id, supporting_project_id) VALUES (525, '["90년대"]', 8, 525, 15, 525);
INSERT INTO supporting_projects(supporting_project_id, supported_at, delivery_id, payment_id, project_id, user_id) VALUES (526, (SELECT projects.start_date + INTERVAL 7 DAY FROM projects WHERE projects.id=15), 526, 526, 15, 36);
INSERT INTO orders (order_id, created_at, delivery_id, payment_id, supporting_project_id) VALUES (526, (SELECT projects.start_date + INTERVAL 7 DAY FROM projects WHERE projects.id=15), 1, 526, 526);
INSERT INTO supporting_packages(id, option_list, package_count, order_id, project_package_id, supporting_project_id) VALUES (526, '["현재"]', 7, 526, 15, 526);
INSERT INTO supporting_projects(supporting_project_id, supported_at, delivery_id, payment_id, project_id, user_id) VALUES (527, (SELECT projects.start_date + INTERVAL 3 DAY FROM projects WHERE projects.id=15), 527, 527, 15, 5);
INSERT INTO orders (order_id, created_at, delivery_id, payment_id, supporting_project_id) VALUES (527, (SELECT projects.start_date + INTERVAL 3 DAY FROM projects WHERE projects.id=15), 1, 527, 527);
INSERT INTO supporting_packages(id, option_list, package_count, order_id, project_package_id, supporting_project_id) VALUES (527, '["90년대"]', 8, 527, 15, 527);
INSERT INTO supporting_projects(supporting_project_id, supported_at, delivery_id, payment_id, project_id, user_id) VALUES (528, (SELECT projects.start_date + INTERVAL 34 DAY FROM projects WHERE projects.id=15), 528, 528, 15, 35);
INSERT INTO orders (order_id, created_at, delivery_id, payment_id, supporting_project_id) VALUES (528, (SELECT projects.start_date + INTERVAL 34 DAY FROM projects WHERE projects.id=15), 1, 528, 528);
INSERT INTO supporting_packages(id, option_list, package_count, order_id, project_package_id, supporting_project_id) VALUES (528, '["90년대"]', 4, 528, 15, 528);
INSERT INTO supporting_projects(supporting_project_id, supported_at, delivery_id, payment_id, project_id, user_id) VALUES (529, (SELECT projects.start_date + INTERVAL 50 DAY FROM projects WHERE projects.id=15), 529, 529, 15, 1);
INSERT INTO orders (order_id, created_at, delivery_id, payment_id, supporting_project_id) VALUES (529, (SELECT projects.start_date + INTERVAL 50 DAY FROM projects WHERE projects.id=15), 1, 529, 529);
INSERT INTO supporting_packages(id, option_list, package_count, order_id, project_package_id, supporting_project_id) VALUES (529, '["90년대"]', 4, 529, 15, 529);
INSERT INTO supporting_projects(supporting_project_id, supported_at, delivery_id, payment_id, project_id, user_id) VALUES (530, (SELECT projects.start_date + INTERVAL 50 DAY FROM projects WHERE projects.id=15), 530, 530, 15, 38);
INSERT INTO orders (order_id, created_at, delivery_id, payment_id, supporting_project_id) VALUES (530, (SELECT projects.start_date + INTERVAL 50 DAY FROM projects WHERE projects.id=15), 1, 530, 530);
INSERT INTO supporting_packages(id, option_list, package_count, order_id, project_package_id, supporting_project_id) VALUES (530, '["현재"]', 1, 530, 15, 530);
INSERT INTO supporting_projects(supporting_project_id, supported_at, delivery_id, payment_id, project_id, user_id) VALUES (531, (SELECT projects.start_date + INTERVAL 49 DAY FROM projects WHERE projects.id=15), 531, 531, 15, 8);
INSERT INTO orders (order_id, created_at, delivery_id, payment_id, supporting_project_id) VALUES (531, (SELECT projects.start_date + INTERVAL 49 DAY FROM projects WHERE projects.id=15), 1, 531, 531);
INSERT INTO supporting_packages(id, option_list, package_count, order_id, project_package_id, supporting_project_id) VALUES (531, '["90년대"]', 5, 531, 15, 531);
INSERT INTO supporting_projects(supporting_project_id, supported_at, delivery_id, payment_id, project_id, user_id) VALUES (532, (SELECT projects.start_date + INTERVAL 45 DAY FROM projects WHERE projects.id=15), 532, 532, 15, 22);
INSERT INTO orders (order_id, created_at, delivery_id, payment_id, supporting_project_id) VALUES (532, (SELECT projects.start_date + INTERVAL 45 DAY FROM projects WHERE projects.id=15), 1, 532, 532);
INSERT INTO supporting_packages(id, option_list, package_count, order_id, project_package_id, supporting_project_id) VALUES (532, '["현재"]', 6, 532, 15, 532);
INSERT INTO supporting_projects(supporting_project_id, supported_at, delivery_id, payment_id, project_id, user_id) VALUES (533, (SELECT projects.start_date + INTERVAL 19 DAY FROM projects WHERE projects.id=15), 533, 533, 15, 5);
INSERT INTO orders (order_id, created_at, delivery_id, payment_id, supporting_project_id) VALUES (533, (SELECT projects.start_date + INTERVAL 19 DAY FROM projects WHERE projects.id=15), 1, 533, 533);
INSERT INTO supporting_packages(id, option_list, package_count, order_id, project_package_id, supporting_project_id) VALUES (533, '["60년대"]', 10, 533, 15, 533);
INSERT INTO supporting_projects(supporting_project_id, supported_at, delivery_id, payment_id, project_id, user_id) VALUES (534, (SELECT projects.start_date + INTERVAL 27 DAY FROM projects WHERE projects.id=15), 534, 534, 15, 13);
INSERT INTO orders (order_id, created_at, delivery_id, payment_id, supporting_project_id) VALUES (534, (SELECT projects.start_date + INTERVAL 27 DAY FROM projects WHERE projects.id=15), 1, 534, 534);
INSERT INTO supporting_packages(id, option_list, package_count, order_id, project_package_id, supporting_project_id) VALUES (534, '["60년대"]', 1, 534, 15, 534);
INSERT INTO supporting_projects(supporting_project_id, supported_at, delivery_id, payment_id, project_id, user_id) VALUES (535, (SELECT projects.start_date + INTERVAL 5 DAY FROM projects WHERE projects.id=15), 535, 535, 15, 39);
INSERT INTO orders (order_id, created_at, delivery_id, payment_id, supporting_project_id) VALUES (535, (SELECT projects.start_date + INTERVAL 5 DAY FROM projects WHERE projects.id=15), 1, 535, 535);
INSERT INTO supporting_packages(id, option_list, package_count, order_id, project_package_id, supporting_project_id) VALUES (535, '["현재"]', 4, 535, 15, 535);
INSERT INTO supporting_projects(supporting_project_id, supported_at, delivery_id, payment_id, project_id, user_id) VALUES (536, (SELECT projects.start_date + INTERVAL 43 DAY FROM projects WHERE projects.id=15), 536, 536, 15, 20);
INSERT INTO orders (order_id, created_at, delivery_id, payment_id, supporting_project_id) VALUES (536, (SELECT projects.start_date + INTERVAL 43 DAY FROM projects WHERE projects.id=15), 1, 536, 536);
INSERT INTO supporting_packages(id, option_list, package_count, order_id, project_package_id, supporting_project_id) VALUES (536, '["90년대"]', 7, 536, 15, 536);
INSERT INTO supporting_projects(supporting_project_id, supported_at, delivery_id, payment_id, project_id, user_id) VALUES (537, (SELECT projects.start_date + INTERVAL 21 DAY FROM projects WHERE projects.id=15), 537, 537, 15, 31);
INSERT INTO orders (order_id, created_at, delivery_id, payment_id, supporting_project_id) VALUES (537, (SELECT projects.start_date + INTERVAL 21 DAY FROM projects WHERE projects.id=15), 1, 537, 537);
INSERT INTO supporting_packages(id, option_list, package_count, order_id, project_package_id, supporting_project_id) VALUES (537, '["60년대"]', 7, 537, 15, 537);
INSERT INTO supporting_projects(supporting_project_id, supported_at, delivery_id, payment_id, project_id, user_id) VALUES (538, (SELECT projects.start_date + INTERVAL 46 DAY FROM projects WHERE projects.id=15), 538, 538, 15, 30);
INSERT INTO orders (order_id, created_at, delivery_id, payment_id, supporting_project_id) VALUES (538, (SELECT projects.start_date + INTERVAL 46 DAY FROM projects WHERE projects.id=15), 1, 538, 538);
INSERT INTO supporting_packages(id, option_list, package_count, order_id, project_package_id, supporting_project_id) VALUES (538, '["현재"]', 9, 538, 15, 538);
INSERT INTO supporting_projects(supporting_project_id, supported_at, delivery_id, payment_id, project_id, user_id) VALUES (539, (SELECT projects.start_date + INTERVAL 22 DAY FROM projects WHERE projects.id=15), 539, 539, 15, 5);
INSERT INTO orders (order_id, created_at, delivery_id, payment_id, supporting_project_id) VALUES (539, (SELECT projects.start_date + INTERVAL 22 DAY FROM projects WHERE projects.id=15), 1, 539, 539);
INSERT INTO supporting_packages(id, option_list, package_count, order_id, project_package_id, supporting_project_id) VALUES (539, '["현재"]', 1, 539, 15, 539);
INSERT INTO supporting_projects(supporting_project_id, supported_at, delivery_id, payment_id, project_id, user_id) VALUES (540, (SELECT projects.start_date + INTERVAL 19 DAY FROM projects WHERE projects.id=15), 540, 540, 15, 28);
INSERT INTO orders (order_id, created_at, delivery_id, payment_id, supporting_project_id) VALUES (540, (SELECT projects.start_date + INTERVAL 19 DAY FROM projects WHERE projects.id=15), 1, 540, 540);
INSERT INTO supporting_packages(id, option_list, package_count, order_id, project_package_id, supporting_project_id) VALUES (540, '["60년대"]', 8, 540, 15, 540);
INSERT INTO supporting_projects(supporting_project_id, supported_at, delivery_id, payment_id, project_id, user_id) VALUES (541, (SELECT projects.start_date + INTERVAL 1 DAY FROM projects WHERE projects.id=15), 541, 541, 15, 30);
INSERT INTO orders (order_id, created_at, delivery_id, payment_id, supporting_project_id) VALUES (541, (SELECT projects.start_date + INTERVAL 1 DAY FROM projects WHERE projects.id=15), 1, 541, 541);
INSERT INTO supporting_packages(id, option_list, package_count, order_id, project_package_id, supporting_project_id) VALUES (541, '["현재"]', 7, 541, 15, 541);
INSERT INTO supporting_projects(supporting_project_id, supported_at, delivery_id, payment_id, project_id, user_id) VALUES (542, (SELECT projects.start_date + INTERVAL 46 DAY FROM projects WHERE projects.id=15), 542, 542, 15, 28);
INSERT INTO orders (order_id, created_at, delivery_id, payment_id, supporting_project_id) VALUES (542, (SELECT projects.start_date + INTERVAL 46 DAY FROM projects WHERE projects.id=15), 1, 542, 542);
INSERT INTO supporting_packages(id, option_list, package_count, order_id, project_package_id, supporting_project_id) VALUES (542, '["90년대"]', 2, 542, 15, 542);
INSERT INTO supporting_projects(supporting_project_id, supported_at, delivery_id, payment_id, project_id, user_id) VALUES (543, (SELECT projects.start_date + INTERVAL 5 DAY FROM projects WHERE projects.id=15), 543, 543, 15, 2);
INSERT INTO orders (order_id, created_at, delivery_id, payment_id, supporting_project_id) VALUES (543, (SELECT projects.start_date + INTERVAL 5 DAY FROM projects WHERE projects.id=15), 1, 543, 543);
INSERT INTO supporting_packages(id, option_list, package_count, order_id, project_package_id, supporting_project_id) VALUES (543, '["현재"]', 8, 543, 15, 543);
INSERT INTO supporting_projects(supporting_project_id, supported_at, delivery_id, payment_id, project_id, user_id) VALUES (544, (SELECT projects.start_date + INTERVAL 21 DAY FROM projects WHERE projects.id=15), 544, 544, 15, 25);
INSERT INTO orders (order_id, created_at, delivery_id, payment_id, supporting_project_id) VALUES (544, (SELECT projects.start_date + INTERVAL 21 DAY FROM projects WHERE projects.id=15), 1, 544, 544);
INSERT INTO supporting_packages(id, option_list, package_count, order_id, project_package_id, supporting_project_id) VALUES (544, '["90년대"]', 7, 544, 15, 544);
INSERT INTO supporting_projects(supporting_project_id, supported_at, delivery_id, payment_id, project_id, user_id) VALUES (545, (SELECT projects.start_date + INTERVAL 1 DAY FROM projects WHERE projects.id=15), 545, 545, 15, 1);
INSERT INTO orders (order_id, created_at, delivery_id, payment_id, supporting_project_id) VALUES (545, (SELECT projects.start_date + INTERVAL 1 DAY FROM projects WHERE projects.id=15), 1, 545, 545);
INSERT INTO supporting_packages(id, option_list, package_count, order_id, project_package_id, supporting_project_id) VALUES (545, '["현재"]', 5, 545, 15, 545);
INSERT INTO supporting_projects(supporting_project_id, supported_at, delivery_id, payment_id, project_id, user_id) VALUES (546, (SELECT projects.start_date + INTERVAL 16 DAY FROM projects WHERE projects.id=15), 546, 546, 15, 18);
INSERT INTO orders (order_id, created_at, delivery_id, payment_id, supporting_project_id) VALUES (546, (SELECT projects.start_date + INTERVAL 16 DAY FROM projects WHERE projects.id=15), 1, 546, 546);
INSERT INTO supporting_packages(id, option_list, package_count, order_id, project_package_id, supporting_project_id) VALUES (546, '["90년대"]', 10, 546, 15, 546);
INSERT INTO supporting_projects(supporting_project_id, supported_at, delivery_id, payment_id, project_id, user_id) VALUES (547, (SELECT projects.start_date + INTERVAL 18 DAY FROM projects WHERE projects.id=15), 547, 547, 15, 40);
INSERT INTO orders (order_id, created_at, delivery_id, payment_id, supporting_project_id) VALUES (547, (SELECT projects.start_date + INTERVAL 18 DAY FROM projects WHERE projects.id=15), 1, 547, 547);
INSERT INTO supporting_packages(id, option_list, package_count, order_id, project_package_id, supporting_project_id) VALUES (547, '["90년대"]', 1, 547, 15, 547);
INSERT INTO supporting_projects(supporting_project_id, supported_at, delivery_id, payment_id, project_id, user_id) VALUES (548, (SELECT projects.start_date + INTERVAL 38 DAY FROM projects WHERE projects.id=15), 548, 548, 15, 30);
INSERT INTO orders (order_id, created_at, delivery_id, payment_id, supporting_project_id) VALUES (548, (SELECT projects.start_date + INTERVAL 38 DAY FROM projects WHERE projects.id=15), 1, 548, 548);
INSERT INTO supporting_packages(id, option_list, package_count, order_id, project_package_id, supporting_project_id) VALUES (548, '["90년대"]', 6, 548, 15, 548);
INSERT INTO supporting_projects(supporting_project_id, supported_at, delivery_id, payment_id, project_id, user_id) VALUES (549, (SELECT projects.start_date + INTERVAL 23 DAY FROM projects WHERE projects.id=15), 549, 549, 15, 9);
INSERT INTO orders (order_id, created_at, delivery_id, payment_id, supporting_project_id) VALUES (549, (SELECT projects.start_date + INTERVAL 23 DAY FROM projects WHERE projects.id=15), 1, 549, 549);
INSERT INTO supporting_packages(id, option_list, package_count, order_id, project_package_id, supporting_project_id) VALUES (549, '["현재"]', 5, 549, 15, 549);
INSERT INTO supporting_projects(supporting_project_id, supported_at, delivery_id, payment_id, project_id, user_id) VALUES (550, (SELECT projects.start_date + INTERVAL 35 DAY FROM projects WHERE projects.id=15), 550, 550, 15, 8);
INSERT INTO orders (order_id, created_at, delivery_id, payment_id, supporting_project_id) VALUES (550, (SELECT projects.start_date + INTERVAL 35 DAY FROM projects WHERE projects.id=15), 1, 550, 550);
INSERT INTO supporting_packages(id, option_list, package_count, order_id, project_package_id, supporting_project_id) VALUES (550, '["현재"]', 4, 550, 15, 550);
INSERT INTO supporting_projects(supporting_project_id, supported_at, delivery_id, payment_id, project_id, user_id) VALUES (551, (SELECT projects.start_date + INTERVAL 20 DAY FROM projects WHERE projects.id=15), 551, 551, 15, 1);
INSERT INTO orders (order_id, created_at, delivery_id, payment_id, supporting_project_id) VALUES (551, (SELECT projects.start_date + INTERVAL 20 DAY FROM projects WHERE projects.id=15), 1, 551, 551);
INSERT INTO supporting_packages(id, option_list, package_count, order_id, project_package_id, supporting_project_id) VALUES (551, '["현재"]', 2, 551, 15, 551);
INSERT INTO supporting_projects(supporting_project_id, supported_at, delivery_id, payment_id, project_id, user_id) VALUES (552, (SELECT projects.start_date + INTERVAL 18 DAY FROM projects WHERE projects.id=15), 552, 552, 15, 20);
INSERT INTO orders (order_id, created_at, delivery_id, payment_id, supporting_project_id) VALUES (552, (SELECT projects.start_date + INTERVAL 18 DAY FROM projects WHERE projects.id=15), 1, 552, 552);
INSERT INTO supporting_packages(id, option_list, package_count, order_id, project_package_id, supporting_project_id) VALUES (552, '["현재"]', 6, 552, 15, 552);
INSERT INTO supporting_projects(supporting_project_id, supported_at, delivery_id, payment_id, project_id, user_id) VALUES (553, (SELECT projects.start_date + INTERVAL 35 DAY FROM projects WHERE projects.id=15), 553, 553, 15, 35);
INSERT INTO orders (order_id, created_at, delivery_id, payment_id, supporting_project_id) VALUES (553, (SELECT projects.start_date + INTERVAL 35 DAY FROM projects WHERE projects.id=15), 1, 553, 553);
INSERT INTO supporting_packages(id, option_list, package_count, order_id, project_package_id, supporting_project_id) VALUES (553, '["60년대"]', 2, 553, 15, 553);
INSERT INTO supporting_projects(supporting_project_id, supported_at, delivery_id, payment_id, project_id, user_id) VALUES (554, (SELECT projects.start_date + INTERVAL 3 DAY FROM projects WHERE projects.id=15), 554, 554, 15, 14);
INSERT INTO orders (order_id, created_at, delivery_id, payment_id, supporting_project_id) VALUES (554, (SELECT projects.start_date + INTERVAL 3 DAY FROM projects WHERE projects.id=15), 1, 554, 554);
INSERT INTO supporting_packages(id, option_list, package_count, order_id, project_package_id, supporting_project_id) VALUES (554, '["60년대"]', 7, 554, 15, 554);
INSERT INTO supporting_projects(supporting_project_id, supported_at, delivery_id, payment_id, project_id, user_id) VALUES (555, (SELECT projects.start_date + INTERVAL 2 DAY FROM projects WHERE projects.id=15), 555, 555, 15, 15);
INSERT INTO orders (order_id, created_at, delivery_id, payment_id, supporting_project_id) VALUES (555, (SELECT projects.start_date + INTERVAL 2 DAY FROM projects WHERE projects.id=15), 1, 555, 555);
INSERT INTO supporting_packages(id, option_list, package_count, order_id, project_package_id, supporting_project_id) VALUES (555, '["현재"]', 9, 555, 15, 555);
INSERT INTO supporting_projects(supporting_project_id, supported_at, delivery_id, payment_id, project_id, user_id) VALUES (556, (SELECT projects.start_date + INTERVAL 15 DAY FROM projects WHERE projects.id=15), 556, 556, 15, 16);
INSERT INTO orders (order_id, created_at, delivery_id, payment_id, supporting_project_id) VALUES (556, (SELECT projects.start_date + INTERVAL 15 DAY FROM projects WHERE projects.id=15), 1, 556, 556);
INSERT INTO supporting_packages(id, option_list, package_count, order_id, project_package_id, supporting_project_id) VALUES (556, '["90년대"]', 1, 556, 15, 556);
INSERT INTO supporting_projects(supporting_project_id, supported_at, delivery_id, payment_id, project_id, user_id) VALUES (557, (SELECT projects.start_date + INTERVAL 1 DAY FROM projects WHERE projects.id=15), 557, 557, 15, 16);
INSERT INTO orders (order_id, created_at, delivery_id, payment_id, supporting_project_id) VALUES (557, (SELECT projects.start_date + INTERVAL 1 DAY FROM projects WHERE projects.id=15), 1, 557, 557);
INSERT INTO supporting_packages(id, option_list, package_count, order_id, project_package_id, supporting_project_id) VALUES (557, '["90년대"]', 6, 557, 15, 557);
INSERT INTO supporting_projects(supporting_project_id, supported_at, delivery_id, payment_id, project_id, user_id) VALUES (558, (SELECT projects.start_date + INTERVAL 49 DAY FROM projects WHERE projects.id=15), 558, 558, 15, 35);
INSERT INTO orders (order_id, created_at, delivery_id, payment_id, supporting_project_id) VALUES (558, (SELECT projects.start_date + INTERVAL 49 DAY FROM projects WHERE projects.id=15), 1, 558, 558);
INSERT INTO supporting_packages(id, option_list, package_count, order_id, project_package_id, supporting_project_id) VALUES (558, '["현재"]', 1, 558, 15, 558);
INSERT INTO supporting_projects(supporting_project_id, supported_at, delivery_id, payment_id, project_id, user_id) VALUES (559, (SELECT projects.start_date + INTERVAL 47 DAY FROM projects WHERE projects.id=15), 559, 559, 15, 33);
INSERT INTO orders (order_id, created_at, delivery_id, payment_id, supporting_project_id) VALUES (559, (SELECT projects.start_date + INTERVAL 47 DAY FROM projects WHERE projects.id=15), 1, 559, 559);
INSERT INTO supporting_packages(id, option_list, package_count, order_id, project_package_id, supporting_project_id) VALUES (559, '["90년대"]', 1, 559, 15, 559);
INSERT INTO supporting_projects(supporting_project_id, supported_at, delivery_id, payment_id, project_id, user_id) VALUES (560, (SELECT projects.start_date + INTERVAL 8 DAY FROM projects WHERE projects.id=15), 560, 560, 15, 27);
INSERT INTO orders (order_id, created_at, delivery_id, payment_id, supporting_project_id) VALUES (560, (SELECT projects.start_date + INTERVAL 8 DAY FROM projects WHERE projects.id=15), 1, 560, 560);
INSERT INTO supporting_packages(id, option_list, package_count, order_id, project_package_id, supporting_project_id) VALUES (560, '["90년대"]', 5, 560, 15, 560);
INSERT INTO supporting_projects(supporting_project_id, supported_at, delivery_id, payment_id, project_id, user_id) VALUES (561, (SELECT projects.start_date + INTERVAL 47 DAY FROM projects WHERE projects.id=15), 561, 561, 15, 39);
INSERT INTO orders (order_id, created_at, delivery_id, payment_id, supporting_project_id) VALUES (561, (SELECT projects.start_date + INTERVAL 47 DAY FROM projects WHERE projects.id=15), 1, 561, 561);
INSERT INTO supporting_packages(id, option_list, package_count, order_id, project_package_id, supporting_project_id) VALUES (561, '["60년대"]', 9, 561, 15, 561);
INSERT INTO supporting_projects(supporting_project_id, supported_at, delivery_id, payment_id, project_id, user_id) VALUES (562, (SELECT projects.start_date + INTERVAL 32 DAY FROM projects WHERE projects.id=15), 562, 562, 15, 21);
INSERT INTO orders (order_id, created_at, delivery_id, payment_id, supporting_project_id) VALUES (562, (SELECT projects.start_date + INTERVAL 32 DAY FROM projects WHERE projects.id=15), 1, 562, 562);
INSERT INTO supporting_packages(id, option_list, package_count, order_id, project_package_id, supporting_project_id) VALUES (562, '["현재"]', 9, 562, 15, 562);
INSERT INTO supporting_projects(supporting_project_id, supported_at, delivery_id, payment_id, project_id, user_id) VALUES (563, (SELECT projects.start_date + INTERVAL 4 DAY FROM projects WHERE projects.id=15), 563, 563, 15, 23);
INSERT INTO orders (order_id, created_at, delivery_id, payment_id, supporting_project_id) VALUES (563, (SELECT projects.start_date + INTERVAL 4 DAY FROM projects WHERE projects.id=15), 1, 563, 563);
INSERT INTO supporting_packages(id, option_list, package_count, order_id, project_package_id, supporting_project_id) VALUES (563, '["60년대"]', 8, 563, 15, 563);
INSERT INTO supporting_projects(supporting_project_id, supported_at, delivery_id, payment_id, project_id, user_id) VALUES (564, (SELECT projects.start_date + INTERVAL 8 DAY FROM projects WHERE projects.id=15), 564, 564, 15, 34);
INSERT INTO orders (order_id, created_at, delivery_id, payment_id, supporting_project_id) VALUES (564, (SELECT projects.start_date + INTERVAL 8 DAY FROM projects WHERE projects.id=15), 1, 564, 564);
INSERT INTO supporting_packages(id, option_list, package_count, order_id, project_package_id, supporting_project_id) VALUES (564, '["90년대"]', 3, 564, 15, 564);
INSERT INTO supporting_projects(supporting_project_id, supported_at, delivery_id, payment_id, project_id, user_id) VALUES (565, (SELECT projects.start_date + INTERVAL 29 DAY FROM projects WHERE projects.id=15), 565, 565, 15, 28);
INSERT INTO orders (order_id, created_at, delivery_id, payment_id, supporting_project_id) VALUES (565, (SELECT projects.start_date + INTERVAL 29 DAY FROM projects WHERE projects.id=15), 1, 565, 565);
INSERT INTO supporting_packages(id, option_list, package_count, order_id, project_package_id, supporting_project_id) VALUES (565, '["60년대"]', 4, 565, 15, 565);
INSERT INTO supporting_projects(supporting_project_id, supported_at, delivery_id, payment_id, project_id, user_id) VALUES (566, (SELECT projects.start_date + INTERVAL 48 DAY FROM projects WHERE projects.id=15), 566, 566, 15, 32);
INSERT INTO orders (order_id, created_at, delivery_id, payment_id, supporting_project_id) VALUES (566, (SELECT projects.start_date + INTERVAL 48 DAY FROM projects WHERE projects.id=15), 1, 566, 566);
INSERT INTO supporting_packages(id, option_list, package_count, order_id, project_package_id, supporting_project_id) VALUES (566, '["현재"]', 3, 566, 15, 566);
INSERT INTO supporting_projects(supporting_project_id, supported_at, delivery_id, payment_id, project_id, user_id) VALUES (567, (SELECT projects.start_date + INTERVAL 40 DAY FROM projects WHERE projects.id=15), 567, 567, 15, 23);
INSERT INTO orders (order_id, created_at, delivery_id, payment_id, supporting_project_id) VALUES (567, (SELECT projects.start_date + INTERVAL 40 DAY FROM projects WHERE projects.id=15), 1, 567, 567);
INSERT INTO supporting_packages(id, option_list, package_count, order_id, project_package_id, supporting_project_id) VALUES (567, '["90년대"]', 4, 567, 15, 567);
INSERT INTO supporting_projects(supporting_project_id, supported_at, delivery_id, payment_id, project_id, user_id) VALUES (568, (SELECT projects.start_date + INTERVAL 28 DAY FROM projects WHERE projects.id=15), 568, 568, 15, 9);
INSERT INTO orders (order_id, created_at, delivery_id, payment_id, supporting_project_id) VALUES (568, (SELECT projects.start_date + INTERVAL 28 DAY FROM projects WHERE projects.id=15), 1, 568, 568);
INSERT INTO supporting_packages(id, option_list, package_count, order_id, project_package_id, supporting_project_id) VALUES (568, '["60년대"]', 8, 568, 15, 568);
INSERT INTO supporting_projects(supporting_project_id, supported_at, delivery_id, payment_id, project_id, user_id) VALUES (569, (SELECT projects.start_date + INTERVAL 9 DAY FROM projects WHERE projects.id=15), 569, 569, 15, 8);
INSERT INTO orders (order_id, created_at, delivery_id, payment_id, supporting_project_id) VALUES (569, (SELECT projects.start_date + INTERVAL 9 DAY FROM projects WHERE projects.id=15), 1, 569, 569);
INSERT INTO supporting_packages(id, option_list, package_count, order_id, project_package_id, supporting_project_id) VALUES (569, '["60년대"]', 4, 569, 15, 569);
INSERT INTO supporting_projects(supporting_project_id, supported_at, delivery_id, payment_id, project_id, user_id) VALUES (570, (SELECT projects.start_date + INTERVAL 35 DAY FROM projects WHERE projects.id=15), 570, 570, 15, 19);
INSERT INTO orders (order_id, created_at, delivery_id, payment_id, supporting_project_id) VALUES (570, (SELECT projects.start_date + INTERVAL 35 DAY FROM projects WHERE projects.id=15), 1, 570, 570);
INSERT INTO supporting_packages(id, option_list, package_count, order_id, project_package_id, supporting_project_id) VALUES (570, '["60년대"]', 10, 570, 15, 570);
INSERT INTO supporting_projects(supporting_project_id, supported_at, delivery_id, payment_id, project_id, user_id) VALUES (571, (SELECT projects.start_date + INTERVAL 11 DAY FROM projects WHERE projects.id=15), 571, 571, 15, 9);
INSERT INTO orders (order_id, created_at, delivery_id, payment_id, supporting_project_id) VALUES (571, (SELECT projects.start_date + INTERVAL 11 DAY FROM projects WHERE projects.id=15), 1, 571, 571);
INSERT INTO supporting_packages(id, option_list, package_count, order_id, project_package_id, supporting_project_id) VALUES (571, '["60년대"]', 2, 571, 15, 571);
INSERT INTO supporting_projects(supporting_project_id, supported_at, delivery_id, payment_id, project_id, user_id) VALUES (572, (SELECT projects.start_date + INTERVAL 4 DAY FROM projects WHERE projects.id=17), 572, 572, 17, 33);
INSERT INTO orders (order_id, created_at, delivery_id, payment_id, supporting_project_id) VALUES (572, (SELECT projects.start_date + INTERVAL 4 DAY FROM projects WHERE projects.id=17), 1, 572, 572);
INSERT INTO supporting_packages(id, option_list, package_count, order_id, project_package_id, supporting_project_id) VALUES (572, '["기획 가이드"]', 8, 572, 17, 572);
INSERT INTO supporting_projects(supporting_project_id, supported_at, delivery_id, payment_id, project_id, user_id) VALUES (573, (SELECT projects.start_date + INTERVAL 26 DAY FROM projects WHERE projects.id=17), 573, 573, 17, 16);
INSERT INTO orders (order_id, created_at, delivery_id, payment_id, supporting_project_id) VALUES (573, (SELECT projects.start_date + INTERVAL 26 DAY FROM projects WHERE projects.id=17), 1, 573, 573);
INSERT INTO supporting_packages(id, option_list, package_count, order_id, project_package_id, supporting_project_id) VALUES (573, '["편집 소프트웨어"]', 1, 573, 17, 573);
INSERT INTO supporting_projects(supporting_project_id, supported_at, delivery_id, payment_id, project_id, user_id) VALUES (574, (SELECT projects.start_date + INTERVAL 36 DAY FROM projects WHERE projects.id=17), 574, 574, 17, 5);
INSERT INTO orders (order_id, created_at, delivery_id, payment_id, supporting_project_id) VALUES (574, (SELECT projects.start_date + INTERVAL 36 DAY FROM projects WHERE projects.id=17), 1, 574, 574);
INSERT INTO supporting_packages(id, option_list, package_count, order_id, project_package_id, supporting_project_id) VALUES (574, '["편집 소프트웨어"]', 9, 574, 17, 574);
INSERT INTO supporting_projects(supporting_project_id, supported_at, delivery_id, payment_id, project_id, user_id) VALUES (575, (SELECT projects.start_date + INTERVAL 25 DAY FROM projects WHERE projects.id=17), 575, 575, 17, 10);
INSERT INTO orders (order_id, created_at, delivery_id, payment_id, supporting_project_id) VALUES (575, (SELECT projects.start_date + INTERVAL 25 DAY FROM projects WHERE projects.id=17), 1, 575, 575);
INSERT INTO supporting_packages(id, option_list, package_count, order_id, project_package_id, supporting_project_id) VALUES (575, '["촬영 장비"]', 4, 575, 17, 575);
INSERT INTO supporting_projects(supporting_project_id, supported_at, delivery_id, payment_id, project_id, user_id) VALUES (576, (SELECT projects.start_date + INTERVAL 3 DAY FROM projects WHERE projects.id=17), 576, 576, 17, 19);
INSERT INTO orders (order_id, created_at, delivery_id, payment_id, supporting_project_id) VALUES (576, (SELECT projects.start_date + INTERVAL 3 DAY FROM projects WHERE projects.id=17), 1, 576, 576);
INSERT INTO supporting_packages(id, option_list, package_count, order_id, project_package_id, supporting_project_id) VALUES (576, '["기획 가이드"]', 6, 576, 17, 576);
INSERT INTO supporting_projects(supporting_project_id, supported_at, delivery_id, payment_id, project_id, user_id) VALUES (577, (SELECT projects.start_date + INTERVAL 47 DAY FROM projects WHERE projects.id=17), 577, 577, 17, 19);
INSERT INTO orders (order_id, created_at, delivery_id, payment_id, supporting_project_id) VALUES (577, (SELECT projects.start_date + INTERVAL 47 DAY FROM projects WHERE projects.id=17), 1, 577, 577);
INSERT INTO supporting_packages(id, option_list, package_count, order_id, project_package_id, supporting_project_id) VALUES (577, '["촬영 장비"]', 10, 577, 17, 577);
INSERT INTO supporting_projects(supporting_project_id, supported_at, delivery_id, payment_id, project_id, user_id) VALUES (578, (SELECT projects.start_date + INTERVAL 31 DAY FROM projects WHERE projects.id=17), 578, 578, 17, 14);
INSERT INTO orders (order_id, created_at, delivery_id, payment_id, supporting_project_id) VALUES (578, (SELECT projects.start_date + INTERVAL 31 DAY FROM projects WHERE projects.id=17), 1, 578, 578);
INSERT INTO supporting_packages(id, option_list, package_count, order_id, project_package_id, supporting_project_id) VALUES (578, '["편집 소프트웨어"]', 6, 578, 17, 578);
INSERT INTO supporting_projects(supporting_project_id, supported_at, delivery_id, payment_id, project_id, user_id) VALUES (579, (SELECT projects.start_date + INTERVAL 36 DAY FROM projects WHERE projects.id=17), 579, 579, 17, 10);
INSERT INTO orders (order_id, created_at, delivery_id, payment_id, supporting_project_id) VALUES (579, (SELECT projects.start_date + INTERVAL 36 DAY FROM projects WHERE projects.id=17), 1, 579, 579);
INSERT INTO supporting_packages(id, option_list, package_count, order_id, project_package_id, supporting_project_id) VALUES (579, '["촬영 장비"]', 4, 579, 17, 579);
INSERT INTO supporting_projects(supporting_project_id, supported_at, delivery_id, payment_id, project_id, user_id) VALUES (580, (SELECT projects.start_date + INTERVAL 1 DAY FROM projects WHERE projects.id=17), 580, 580, 17, 11);
INSERT INTO orders (order_id, created_at, delivery_id, payment_id, supporting_project_id) VALUES (580, (SELECT projects.start_date + INTERVAL 1 DAY FROM projects WHERE projects.id=17), 1, 580, 580);
INSERT INTO supporting_packages(id, option_list, package_count, order_id, project_package_id, supporting_project_id) VALUES (580, '["편집 소프트웨어"]', 8, 580, 17, 580);
INSERT INTO supporting_projects(supporting_project_id, supported_at, delivery_id, payment_id, project_id, user_id) VALUES (581, (SELECT projects.start_date + INTERVAL 44 DAY FROM projects WHERE projects.id=17), 581, 581, 17, 40);
INSERT INTO orders (order_id, created_at, delivery_id, payment_id, supporting_project_id) VALUES (581, (SELECT projects.start_date + INTERVAL 44 DAY FROM projects WHERE projects.id=17), 1, 581, 581);
INSERT INTO supporting_packages(id, option_list, package_count, order_id, project_package_id, supporting_project_id) VALUES (581, '["편집 소프트웨어"]', 2, 581, 17, 581);
INSERT INTO supporting_projects(supporting_project_id, supported_at, delivery_id, payment_id, project_id, user_id) VALUES (582, (SELECT projects.start_date + INTERVAL 15 DAY FROM projects WHERE projects.id=17), 582, 582, 17, 2);
INSERT INTO orders (order_id, created_at, delivery_id, payment_id, supporting_project_id) VALUES (582, (SELECT projects.start_date + INTERVAL 15 DAY FROM projects WHERE projects.id=17), 1, 582, 582);
INSERT INTO supporting_packages(id, option_list, package_count, order_id, project_package_id, supporting_project_id) VALUES (582, '["기획 가이드"]', 4, 582, 17, 582);
INSERT INTO supporting_projects(supporting_project_id, supported_at, delivery_id, payment_id, project_id, user_id) VALUES (583, (SELECT projects.start_date + INTERVAL 18 DAY FROM projects WHERE projects.id=17), 583, 583, 17, 6);
INSERT INTO orders (order_id, created_at, delivery_id, payment_id, supporting_project_id) VALUES (583, (SELECT projects.start_date + INTERVAL 18 DAY FROM projects WHERE projects.id=17), 1, 583, 583);
INSERT INTO supporting_packages(id, option_list, package_count, order_id, project_package_id, supporting_project_id) VALUES (583, '["편집 소프트웨어"]', 3, 583, 17, 583);
INSERT INTO supporting_projects(supporting_project_id, supported_at, delivery_id, payment_id, project_id, user_id) VALUES (584, (SELECT projects.start_date + INTERVAL 23 DAY FROM projects WHERE projects.id=17), 584, 584, 17, 9);
INSERT INTO orders (order_id, created_at, delivery_id, payment_id, supporting_project_id) VALUES (584, (SELECT projects.start_date + INTERVAL 23 DAY FROM projects WHERE projects.id=17), 1, 584, 584);
INSERT INTO supporting_packages(id, option_list, package_count, order_id, project_package_id, supporting_project_id) VALUES (584, '["편집 소프트웨어"]', 6, 584, 17, 584);
INSERT INTO supporting_projects(supporting_project_id, supported_at, delivery_id, payment_id, project_id, user_id) VALUES (585, (SELECT projects.start_date + INTERVAL 10 DAY FROM projects WHERE projects.id=17), 585, 585, 17, 15);
INSERT INTO orders (order_id, created_at, delivery_id, payment_id, supporting_project_id) VALUES (585, (SELECT projects.start_date + INTERVAL 10 DAY FROM projects WHERE projects.id=17), 1, 585, 585);
INSERT INTO supporting_packages(id, option_list, package_count, order_id, project_package_id, supporting_project_id) VALUES (585, '["기획 가이드"]', 7, 585, 17, 585);
INSERT INTO supporting_projects(supporting_project_id, supported_at, delivery_id, payment_id, project_id, user_id) VALUES (586, (SELECT projects.start_date + INTERVAL 50 DAY FROM projects WHERE projects.id=17), 586, 586, 17, 6);
INSERT INTO orders (order_id, created_at, delivery_id, payment_id, supporting_project_id) VALUES (586, (SELECT projects.start_date + INTERVAL 50 DAY FROM projects WHERE projects.id=17), 1, 586, 586);
INSERT INTO supporting_packages(id, option_list, package_count, order_id, project_package_id, supporting_project_id) VALUES (586, '["기획 가이드"]', 8, 586, 17, 586);
INSERT INTO supporting_projects(supporting_project_id, supported_at, delivery_id, payment_id, project_id, user_id) VALUES (587, (SELECT projects.start_date + INTERVAL 25 DAY FROM projects WHERE projects.id=17), 587, 587, 17, 28);
INSERT INTO orders (order_id, created_at, delivery_id, payment_id, supporting_project_id) VALUES (587, (SELECT projects.start_date + INTERVAL 25 DAY FROM projects WHERE projects.id=17), 1, 587, 587);
INSERT INTO supporting_packages(id, option_list, package_count, order_id, project_package_id, supporting_project_id) VALUES (587, '["촬영 장비"]', 8, 587, 17, 587);
INSERT INTO supporting_projects(supporting_project_id, supported_at, delivery_id, payment_id, project_id, user_id) VALUES (588, (SELECT projects.start_date + INTERVAL 40 DAY FROM projects WHERE projects.id=17), 588, 588, 17, 34);
INSERT INTO orders (order_id, created_at, delivery_id, payment_id, supporting_project_id) VALUES (588, (SELECT projects.start_date + INTERVAL 40 DAY FROM projects WHERE projects.id=17), 1, 588, 588);
INSERT INTO supporting_packages(id, option_list, package_count, order_id, project_package_id, supporting_project_id) VALUES (588, '["촬영 장비"]', 5, 588, 17, 588);
INSERT INTO supporting_projects(supporting_project_id, supported_at, delivery_id, payment_id, project_id, user_id) VALUES (589, (SELECT projects.start_date + INTERVAL 37 DAY FROM projects WHERE projects.id=17), 589, 589, 17, 37);
INSERT INTO orders (order_id, created_at, delivery_id, payment_id, supporting_project_id) VALUES (589, (SELECT projects.start_date + INTERVAL 37 DAY FROM projects WHERE projects.id=17), 1, 589, 589);
INSERT INTO supporting_packages(id, option_list, package_count, order_id, project_package_id, supporting_project_id) VALUES (589, '["기획 가이드"]', 3, 589, 17, 589);
INSERT INTO supporting_projects(supporting_project_id, supported_at, delivery_id, payment_id, project_id, user_id) VALUES (590, (SELECT projects.start_date + INTERVAL 36 DAY FROM projects WHERE projects.id=17), 590, 590, 17, 4);
INSERT INTO orders (order_id, created_at, delivery_id, payment_id, supporting_project_id) VALUES (590, (SELECT projects.start_date + INTERVAL 36 DAY FROM projects WHERE projects.id=17), 1, 590, 590);
INSERT INTO supporting_packages(id, option_list, package_count, order_id, project_package_id, supporting_project_id) VALUES (590, '["기획 가이드"]', 9, 590, 17, 590);
INSERT INTO supporting_projects(supporting_project_id, supported_at, delivery_id, payment_id, project_id, user_id) VALUES (591, (SELECT projects.start_date + INTERVAL 49 DAY FROM projects WHERE projects.id=17), 591, 591, 17, 12);
INSERT INTO orders (order_id, created_at, delivery_id, payment_id, supporting_project_id) VALUES (591, (SELECT projects.start_date + INTERVAL 49 DAY FROM projects WHERE projects.id=17), 1, 591, 591);
INSERT INTO supporting_packages(id, option_list, package_count, order_id, project_package_id, supporting_project_id) VALUES (591, '["기획 가이드"]', 5, 591, 17, 591);
INSERT INTO supporting_projects(supporting_project_id, supported_at, delivery_id, payment_id, project_id, user_id) VALUES (592, (SELECT projects.start_date + INTERVAL 1 DAY FROM projects WHERE projects.id=17), 592, 592, 17, 25);
INSERT INTO orders (order_id, created_at, delivery_id, payment_id, supporting_project_id) VALUES (592, (SELECT projects.start_date + INTERVAL 1 DAY FROM projects WHERE projects.id=17), 1, 592, 592);
INSERT INTO supporting_packages(id, option_list, package_count, order_id, project_package_id, supporting_project_id) VALUES (592, '["편집 소프트웨어"]', 5, 592, 17, 592);
INSERT INTO supporting_projects(supporting_project_id, supported_at, delivery_id, payment_id, project_id, user_id) VALUES (593, (SELECT projects.start_date + INTERVAL 1 DAY FROM projects WHERE projects.id=17), 593, 593, 17, 32);
INSERT INTO orders (order_id, created_at, delivery_id, payment_id, supporting_project_id) VALUES (593, (SELECT projects.start_date + INTERVAL 1 DAY FROM projects WHERE projects.id=17), 1, 593, 593);
INSERT INTO supporting_packages(id, option_list, package_count, order_id, project_package_id, supporting_project_id) VALUES (593, '["편집 소프트웨어"]', 8, 593, 17, 593);
INSERT INTO supporting_projects(supporting_project_id, supported_at, delivery_id, payment_id, project_id, user_id) VALUES (594, (SELECT projects.start_date + INTERVAL 38 DAY FROM projects WHERE projects.id=17), 594, 594, 17, 8);
INSERT INTO orders (order_id, created_at, delivery_id, payment_id, supporting_project_id) VALUES (594, (SELECT projects.start_date + INTERVAL 38 DAY FROM projects WHERE projects.id=17), 1, 594, 594);
INSERT INTO supporting_packages(id, option_list, package_count, order_id, project_package_id, supporting_project_id) VALUES (594, '["기획 가이드"]', 1, 594, 17, 594);
INSERT INTO supporting_projects(supporting_project_id, supported_at, delivery_id, payment_id, project_id, user_id) VALUES (595, (SELECT projects.start_date + INTERVAL 30 DAY FROM projects WHERE projects.id=17), 595, 595, 17, 13);
INSERT INTO orders (order_id, created_at, delivery_id, payment_id, supporting_project_id) VALUES (595, (SELECT projects.start_date + INTERVAL 30 DAY FROM projects WHERE projects.id=17), 1, 595, 595);
INSERT INTO supporting_packages(id, option_list, package_count, order_id, project_package_id, supporting_project_id) VALUES (595, '["편집 소프트웨어"]', 10, 595, 17, 595);
INSERT INTO supporting_projects(supporting_project_id, supported_at, delivery_id, payment_id, project_id, user_id) VALUES (596, (SELECT projects.start_date + INTERVAL 43 DAY FROM projects WHERE projects.id=17), 596, 596, 17, 18);
INSERT INTO orders (order_id, created_at, delivery_id, payment_id, supporting_project_id) VALUES (596, (SELECT projects.start_date + INTERVAL 43 DAY FROM projects WHERE projects.id=17), 1, 596, 596);
INSERT INTO supporting_packages(id, option_list, package_count, order_id, project_package_id, supporting_project_id) VALUES (596, '["편집 소프트웨어"]', 4, 596, 17, 596);
INSERT INTO supporting_projects(supporting_project_id, supported_at, delivery_id, payment_id, project_id, user_id) VALUES (597, (SELECT projects.start_date + INTERVAL 36 DAY FROM projects WHERE projects.id=17), 597, 597, 17, 24);
INSERT INTO orders (order_id, created_at, delivery_id, payment_id, supporting_project_id) VALUES (597, (SELECT projects.start_date + INTERVAL 36 DAY FROM projects WHERE projects.id=17), 1, 597, 597);
INSERT INTO supporting_packages(id, option_list, package_count, order_id, project_package_id, supporting_project_id) VALUES (597, '["편집 소프트웨어"]', 2, 597, 17, 597);
INSERT INTO supporting_projects(supporting_project_id, supported_at, delivery_id, payment_id, project_id, user_id) VALUES (598, (SELECT projects.start_date + INTERVAL 25 DAY FROM projects WHERE projects.id=17), 598, 598, 17, 33);
INSERT INTO orders (order_id, created_at, delivery_id, payment_id, supporting_project_id) VALUES (598, (SELECT projects.start_date + INTERVAL 25 DAY FROM projects WHERE projects.id=17), 1, 598, 598);
INSERT INTO supporting_packages(id, option_list, package_count, order_id, project_package_id, supporting_project_id) VALUES (598, '["편집 소프트웨어"]', 8, 598, 17, 598);
INSERT INTO supporting_projects(supporting_project_id, supported_at, delivery_id, payment_id, project_id, user_id) VALUES (599, (SELECT projects.start_date + INTERVAL 34 DAY FROM projects WHERE projects.id=17), 599, 599, 17, 35);
INSERT INTO orders (order_id, created_at, delivery_id, payment_id, supporting_project_id) VALUES (599, (SELECT projects.start_date + INTERVAL 34 DAY FROM projects WHERE projects.id=17), 1, 599, 599);
INSERT INTO supporting_packages(id, option_list, package_count, order_id, project_package_id, supporting_project_id) VALUES (599, '["촬영 장비"]', 10, 599, 17, 599);
INSERT INTO supporting_projects(supporting_project_id, supported_at, delivery_id, payment_id, project_id, user_id) VALUES (600, (SELECT projects.start_date + INTERVAL 7 DAY FROM projects WHERE projects.id=17), 600, 600, 17, 8);
INSERT INTO orders (order_id, created_at, delivery_id, payment_id, supporting_project_id) VALUES (600, (SELECT projects.start_date + INTERVAL 7 DAY FROM projects WHERE projects.id=17), 1, 600, 600);
INSERT INTO supporting_packages(id, option_list, package_count, order_id, project_package_id, supporting_project_id) VALUES (600, '["촬영 장비"]', 3, 600, 17, 600);
INSERT INTO supporting_projects(supporting_project_id, supported_at, delivery_id, payment_id, project_id, user_id) VALUES (601, (SELECT projects.start_date + INTERVAL 33 DAY FROM projects WHERE projects.id=17), 601, 601, 17, 18);
INSERT INTO orders (order_id, created_at, delivery_id, payment_id, supporting_project_id) VALUES (601, (SELECT projects.start_date + INTERVAL 33 DAY FROM projects WHERE projects.id=17), 1, 601, 601);
INSERT INTO supporting_packages(id, option_list, package_count, order_id, project_package_id, supporting_project_id) VALUES (601, '["촬영 장비"]', 9, 601, 17, 601);
INSERT INTO supporting_projects(supporting_project_id, supported_at, delivery_id, payment_id, project_id, user_id) VALUES (602, (SELECT projects.start_date + INTERVAL 17 DAY FROM projects WHERE projects.id=17), 602, 602, 17, 20);
INSERT INTO orders (order_id, created_at, delivery_id, payment_id, supporting_project_id) VALUES (602, (SELECT projects.start_date + INTERVAL 17 DAY FROM projects WHERE projects.id=17), 1, 602, 602);
INSERT INTO supporting_packages(id, option_list, package_count, order_id, project_package_id, supporting_project_id) VALUES (602, '["기획 가이드"]', 7, 602, 17, 602);
INSERT INTO supporting_projects(supporting_project_id, supported_at, delivery_id, payment_id, project_id, user_id) VALUES (603, (SELECT projects.start_date + INTERVAL 14 DAY FROM projects WHERE projects.id=17), 603, 603, 17, 24);
INSERT INTO orders (order_id, created_at, delivery_id, payment_id, supporting_project_id) VALUES (603, (SELECT projects.start_date + INTERVAL 14 DAY FROM projects WHERE projects.id=17), 1, 603, 603);
INSERT INTO supporting_packages(id, option_list, package_count, order_id, project_package_id, supporting_project_id) VALUES (603, '["편집 소프트웨어"]', 4, 603, 17, 603);
INSERT INTO supporting_projects(supporting_project_id, supported_at, delivery_id, payment_id, project_id, user_id) VALUES (604, (SELECT projects.start_date + INTERVAL 29 DAY FROM projects WHERE projects.id=17), 604, 604, 17, 36);
INSERT INTO orders (order_id, created_at, delivery_id, payment_id, supporting_project_id) VALUES (604, (SELECT projects.start_date + INTERVAL 29 DAY FROM projects WHERE projects.id=17), 1, 604, 604);
INSERT INTO supporting_packages(id, option_list, package_count, order_id, project_package_id, supporting_project_id) VALUES (604, '["기획 가이드"]', 5, 604, 17, 604);
INSERT INTO supporting_projects(supporting_project_id, supported_at, delivery_id, payment_id, project_id, user_id) VALUES (605, (SELECT projects.start_date + INTERVAL 20 DAY FROM projects WHERE projects.id=17), 605, 605, 17, 24);
INSERT INTO orders (order_id, created_at, delivery_id, payment_id, supporting_project_id) VALUES (605, (SELECT projects.start_date + INTERVAL 20 DAY FROM projects WHERE projects.id=17), 1, 605, 605);
INSERT INTO supporting_packages(id, option_list, package_count, order_id, project_package_id, supporting_project_id) VALUES (605, '["기획 가이드"]', 1, 605, 17, 605);
INSERT INTO supporting_projects(supporting_project_id, supported_at, delivery_id, payment_id, project_id, user_id) VALUES (606, (SELECT projects.start_date + INTERVAL 1 DAY FROM projects WHERE projects.id=17), 606, 606, 17, 38);
INSERT INTO orders (order_id, created_at, delivery_id, payment_id, supporting_project_id) VALUES (606, (SELECT projects.start_date + INTERVAL 1 DAY FROM projects WHERE projects.id=17), 1, 606, 606);
INSERT INTO supporting_packages(id, option_list, package_count, order_id, project_package_id, supporting_project_id) VALUES (606, '["기획 가이드"]', 3, 606, 17, 606);
INSERT INTO supporting_projects(supporting_project_id, supported_at, delivery_id, payment_id, project_id, user_id) VALUES (607, (SELECT projects.start_date + INTERVAL 14 DAY FROM projects WHERE projects.id=17), 607, 607, 17, 2);
INSERT INTO orders (order_id, created_at, delivery_id, payment_id, supporting_project_id) VALUES (607, (SELECT projects.start_date + INTERVAL 14 DAY FROM projects WHERE projects.id=17), 1, 607, 607);
INSERT INTO supporting_packages(id, option_list, package_count, order_id, project_package_id, supporting_project_id) VALUES (607, '["촬영 장비"]', 9, 607, 17, 607);
INSERT INTO supporting_projects(supporting_project_id, supported_at, delivery_id, payment_id, project_id, user_id) VALUES (608, (SELECT projects.start_date + INTERVAL 24 DAY FROM projects WHERE projects.id=17), 608, 608, 17, 17);
INSERT INTO orders (order_id, created_at, delivery_id, payment_id, supporting_project_id) VALUES (608, (SELECT projects.start_date + INTERVAL 24 DAY FROM projects WHERE projects.id=17), 1, 608, 608);
INSERT INTO supporting_packages(id, option_list, package_count, order_id, project_package_id, supporting_project_id) VALUES (608, '["편집 소프트웨어"]', 7, 608, 17, 608);
INSERT INTO supporting_projects(supporting_project_id, supported_at, delivery_id, payment_id, project_id, user_id) VALUES (609, (SELECT projects.start_date + INTERVAL 20 DAY FROM projects WHERE projects.id=17), 609, 609, 17, 8);
INSERT INTO orders (order_id, created_at, delivery_id, payment_id, supporting_project_id) VALUES (609, (SELECT projects.start_date + INTERVAL 20 DAY FROM projects WHERE projects.id=17), 1, 609, 609);
INSERT INTO supporting_packages(id, option_list, package_count, order_id, project_package_id, supporting_project_id) VALUES (609, '["편집 소프트웨어"]', 10, 609, 17, 609);
INSERT INTO supporting_projects(supporting_project_id, supported_at, delivery_id, payment_id, project_id, user_id) VALUES (610, (SELECT projects.start_date + INTERVAL 30 DAY FROM projects WHERE projects.id=17), 610, 610, 17, 27);
INSERT INTO orders (order_id, created_at, delivery_id, payment_id, supporting_project_id) VALUES (610, (SELECT projects.start_date + INTERVAL 30 DAY FROM projects WHERE projects.id=17), 1, 610, 610);
INSERT INTO supporting_packages(id, option_list, package_count, order_id, project_package_id, supporting_project_id) VALUES (610, '["촬영 장비"]', 10, 610, 17, 610);
INSERT INTO supporting_projects(supporting_project_id, supported_at, delivery_id, payment_id, project_id, user_id) VALUES (611, (SELECT projects.start_date + INTERVAL 18 DAY FROM projects WHERE projects.id=17), 611, 611, 17, 12);
INSERT INTO orders (order_id, created_at, delivery_id, payment_id, supporting_project_id) VALUES (611, (SELECT projects.start_date + INTERVAL 18 DAY FROM projects WHERE projects.id=17), 1, 611, 611);
INSERT INTO supporting_packages(id, option_list, package_count, order_id, project_package_id, supporting_project_id) VALUES (611, '["기획 가이드"]', 6, 611, 17, 611);
INSERT INTO supporting_projects(supporting_project_id, supported_at, delivery_id, payment_id, project_id, user_id) VALUES (612, (SELECT projects.start_date + INTERVAL 40 DAY FROM projects WHERE projects.id=17), 612, 612, 17, 29);
INSERT INTO orders (order_id, created_at, delivery_id, payment_id, supporting_project_id) VALUES (612, (SELECT projects.start_date + INTERVAL 40 DAY FROM projects WHERE projects.id=17), 1, 612, 612);
INSERT INTO supporting_packages(id, option_list, package_count, order_id, project_package_id, supporting_project_id) VALUES (612, '["기획 가이드"]', 7, 612, 17, 612);
INSERT INTO supporting_projects(supporting_project_id, supported_at, delivery_id, payment_id, project_id, user_id) VALUES (613, (SELECT projects.start_date + INTERVAL 37 DAY FROM projects WHERE projects.id=17), 613, 613, 17, 13);
INSERT INTO orders (order_id, created_at, delivery_id, payment_id, supporting_project_id) VALUES (613, (SELECT projects.start_date + INTERVAL 37 DAY FROM projects WHERE projects.id=17), 1, 613, 613);
INSERT INTO supporting_packages(id, option_list, package_count, order_id, project_package_id, supporting_project_id) VALUES (613, '["편집 소프트웨어"]', 9, 613, 17, 613);
INSERT INTO supporting_projects(supporting_project_id, supported_at, delivery_id, payment_id, project_id, user_id) VALUES (614, (SELECT projects.start_date + INTERVAL 45 DAY FROM projects WHERE projects.id=17), 614, 614, 17, 30);
INSERT INTO orders (order_id, created_at, delivery_id, payment_id, supporting_project_id) VALUES (614, (SELECT projects.start_date + INTERVAL 45 DAY FROM projects WHERE projects.id=17), 1, 614, 614);
INSERT INTO supporting_packages(id, option_list, package_count, order_id, project_package_id, supporting_project_id) VALUES (614, '["편집 소프트웨어"]', 8, 614, 17, 614);
INSERT INTO supporting_projects(supporting_project_id, supported_at, delivery_id, payment_id, project_id, user_id) VALUES (615, (SELECT projects.start_date + INTERVAL 29 DAY FROM projects WHERE projects.id=17), 615, 615, 17, 31);
INSERT INTO orders (order_id, created_at, delivery_id, payment_id, supporting_project_id) VALUES (615, (SELECT projects.start_date + INTERVAL 29 DAY FROM projects WHERE projects.id=17), 1, 615, 615);
INSERT INTO supporting_packages(id, option_list, package_count, order_id, project_package_id, supporting_project_id) VALUES (615, '["편집 소프트웨어"]', 9, 615, 17, 615);
INSERT INTO supporting_projects(supporting_project_id, supported_at, delivery_id, payment_id, project_id, user_id) VALUES (616, (SELECT projects.start_date + INTERVAL 23 DAY FROM projects WHERE projects.id=17), 616, 616, 17, 34);
INSERT INTO orders (order_id, created_at, delivery_id, payment_id, supporting_project_id) VALUES (616, (SELECT projects.start_date + INTERVAL 23 DAY FROM projects WHERE projects.id=17), 1, 616, 616);
INSERT INTO supporting_packages(id, option_list, package_count, order_id, project_package_id, supporting_project_id) VALUES (616, '["기획 가이드"]', 1, 616, 17, 616);
INSERT INTO supporting_projects(supporting_project_id, supported_at, delivery_id, payment_id, project_id, user_id) VALUES (617, (SELECT projects.start_date + INTERVAL 33 DAY FROM projects WHERE projects.id=17), 617, 617, 17, 15);
INSERT INTO orders (order_id, created_at, delivery_id, payment_id, supporting_project_id) VALUES (617, (SELECT projects.start_date + INTERVAL 33 DAY FROM projects WHERE projects.id=17), 1, 617, 617);
INSERT INTO supporting_packages(id, option_list, package_count, order_id, project_package_id, supporting_project_id) VALUES (617, '["편집 소프트웨어"]', 2, 617, 17, 617);
INSERT INTO supporting_projects(supporting_project_id, supported_at, delivery_id, payment_id, project_id, user_id) VALUES (618, (SELECT projects.start_date + INTERVAL 23 DAY FROM projects WHERE projects.id=17), 618, 618, 17, 16);
INSERT INTO orders (order_id, created_at, delivery_id, payment_id, supporting_project_id) VALUES (618, (SELECT projects.start_date + INTERVAL 23 DAY FROM projects WHERE projects.id=17), 1, 618, 618);
INSERT INTO supporting_packages(id, option_list, package_count, order_id, project_package_id, supporting_project_id) VALUES (618, '["편집 소프트웨어"]', 1, 618, 17, 618);
INSERT INTO supporting_projects(supporting_project_id, supported_at, delivery_id, payment_id, project_id, user_id) VALUES (619, (SELECT projects.start_date + INTERVAL 4 DAY FROM projects WHERE projects.id=17), 619, 619, 17, 33);
INSERT INTO orders (order_id, created_at, delivery_id, payment_id, supporting_project_id) VALUES (619, (SELECT projects.start_date + INTERVAL 4 DAY FROM projects WHERE projects.id=17), 1, 619, 619);
INSERT INTO supporting_packages(id, option_list, package_count, order_id, project_package_id, supporting_project_id) VALUES (619, '["촬영 장비"]', 7, 619, 17, 619);
INSERT INTO supporting_projects(supporting_project_id, supported_at, delivery_id, payment_id, project_id, user_id) VALUES (620, (SELECT projects.start_date + INTERVAL 28 DAY FROM projects WHERE projects.id=17), 620, 620, 17, 40);
INSERT INTO orders (order_id, created_at, delivery_id, payment_id, supporting_project_id) VALUES (620, (SELECT projects.start_date + INTERVAL 28 DAY FROM projects WHERE projects.id=17), 1, 620, 620);
INSERT INTO supporting_packages(id, option_list, package_count, order_id, project_package_id, supporting_project_id) VALUES (620, '["기획 가이드"]', 8, 620, 17, 620);
INSERT INTO supporting_projects(supporting_project_id, supported_at, delivery_id, payment_id, project_id, user_id) VALUES (621, (SELECT projects.start_date + INTERVAL 26 DAY FROM projects WHERE projects.id=17), 621, 621, 17, 20);
INSERT INTO orders (order_id, created_at, delivery_id, payment_id, supporting_project_id) VALUES (621, (SELECT projects.start_date + INTERVAL 26 DAY FROM projects WHERE projects.id=17), 1, 621, 621);
INSERT INTO supporting_packages(id, option_list, package_count, order_id, project_package_id, supporting_project_id) VALUES (621, '["편집 소프트웨어"]', 1, 621, 17, 621);
INSERT INTO supporting_projects(supporting_project_id, supported_at, delivery_id, payment_id, project_id, user_id) VALUES (622, (SELECT projects.start_date + INTERVAL 15 DAY FROM projects WHERE projects.id=17), 622, 622, 17, 14);
INSERT INTO orders (order_id, created_at, delivery_id, payment_id, supporting_project_id) VALUES (622, (SELECT projects.start_date + INTERVAL 15 DAY FROM projects WHERE projects.id=17), 1, 622, 622);
INSERT INTO supporting_packages(id, option_list, package_count, order_id, project_package_id, supporting_project_id) VALUES (622, '["촬영 장비"]', 9, 622, 17, 622);
INSERT INTO supporting_projects(supporting_project_id, supported_at, delivery_id, payment_id, project_id, user_id) VALUES (623, (SELECT projects.start_date + INTERVAL 11 DAY FROM projects WHERE projects.id=17), 623, 623, 17, 6);
INSERT INTO orders (order_id, created_at, delivery_id, payment_id, supporting_project_id) VALUES (623, (SELECT projects.start_date + INTERVAL 11 DAY FROM projects WHERE projects.id=17), 1, 623, 623);
INSERT INTO supporting_packages(id, option_list, package_count, order_id, project_package_id, supporting_project_id) VALUES (623, '["기획 가이드"]', 9, 623, 17, 623);
INSERT INTO supporting_projects(supporting_project_id, supported_at, delivery_id, payment_id, project_id, user_id) VALUES (624, (SELECT projects.start_date + INTERVAL 48 DAY FROM projects WHERE projects.id=17), 624, 624, 17, 30);
INSERT INTO orders (order_id, created_at, delivery_id, payment_id, supporting_project_id) VALUES (624, (SELECT projects.start_date + INTERVAL 48 DAY FROM projects WHERE projects.id=17), 1, 624, 624);
INSERT INTO supporting_packages(id, option_list, package_count, order_id, project_package_id, supporting_project_id) VALUES (624, '["기획 가이드"]', 4, 624, 17, 624);
INSERT INTO supporting_projects(supporting_project_id, supported_at, delivery_id, payment_id, project_id, user_id) VALUES (625, (SELECT projects.start_date + INTERVAL 37 DAY FROM projects WHERE projects.id=17), 625, 625, 17, 6);
INSERT INTO orders (order_id, created_at, delivery_id, payment_id, supporting_project_id) VALUES (625, (SELECT projects.start_date + INTERVAL 37 DAY FROM projects WHERE projects.id=17), 1, 625, 625);
INSERT INTO supporting_packages(id, option_list, package_count, order_id, project_package_id, supporting_project_id) VALUES (625, '["편집 소프트웨어"]', 9, 625, 17, 625);
INSERT INTO supporting_projects(supporting_project_id, supported_at, delivery_id, payment_id, project_id, user_id) VALUES (626, (SELECT projects.start_date + INTERVAL 17 DAY FROM projects WHERE projects.id=17), 626, 626, 17, 38);
INSERT INTO orders (order_id, created_at, delivery_id, payment_id, supporting_project_id) VALUES (626, (SELECT projects.start_date + INTERVAL 17 DAY FROM projects WHERE projects.id=17), 1, 626, 626);
INSERT INTO supporting_packages(id, option_list, package_count, order_id, project_package_id, supporting_project_id) VALUES (626, '["촬영 장비"]', 1, 626, 17, 626);
INSERT INTO supporting_projects(supporting_project_id, supported_at, delivery_id, payment_id, project_id, user_id) VALUES (627, (SELECT projects.start_date + INTERVAL 22 DAY FROM projects WHERE projects.id=17), 627, 627, 17, 22);
INSERT INTO orders (order_id, created_at, delivery_id, payment_id, supporting_project_id) VALUES (627, (SELECT projects.start_date + INTERVAL 22 DAY FROM projects WHERE projects.id=17), 1, 627, 627);
INSERT INTO supporting_packages(id, option_list, package_count, order_id, project_package_id, supporting_project_id) VALUES (627, '["기획 가이드"]', 9, 627, 17, 627);
INSERT INTO supporting_projects(supporting_project_id, supported_at, delivery_id, payment_id, project_id, user_id) VALUES (628, (SELECT projects.start_date + INTERVAL 9 DAY FROM projects WHERE projects.id=17), 628, 628, 17, 38);
INSERT INTO orders (order_id, created_at, delivery_id, payment_id, supporting_project_id) VALUES (628, (SELECT projects.start_date + INTERVAL 9 DAY FROM projects WHERE projects.id=17), 1, 628, 628);
INSERT INTO supporting_packages(id, option_list, package_count, order_id, project_package_id, supporting_project_id) VALUES (628, '["기획 가이드"]', 2, 628, 17, 628);
INSERT INTO supporting_projects(supporting_project_id, supported_at, delivery_id, payment_id, project_id, user_id) VALUES (629, (SELECT projects.start_date + INTERVAL 21 DAY FROM projects WHERE projects.id=17), 629, 629, 17, 38);
INSERT INTO orders (order_id, created_at, delivery_id, payment_id, supporting_project_id) VALUES (629, (SELECT projects.start_date + INTERVAL 21 DAY FROM projects WHERE projects.id=17), 1, 629, 629);
INSERT INTO supporting_packages(id, option_list, package_count, order_id, project_package_id, supporting_project_id) VALUES (629, '["편집 소프트웨어"]', 6, 629, 17, 629);
INSERT INTO supporting_projects(supporting_project_id, supported_at, delivery_id, payment_id, project_id, user_id) VALUES (630, (SELECT projects.start_date + INTERVAL 35 DAY FROM projects WHERE projects.id=17), 630, 630, 17, 8);
INSERT INTO orders (order_id, created_at, delivery_id, payment_id, supporting_project_id) VALUES (630, (SELECT projects.start_date + INTERVAL 35 DAY FROM projects WHERE projects.id=17), 1, 630, 630);
INSERT INTO supporting_packages(id, option_list, package_count, order_id, project_package_id, supporting_project_id) VALUES (630, '["촬영 장비"]', 2, 630, 17, 630);
INSERT INTO supporting_projects(supporting_project_id, supported_at, delivery_id, payment_id, project_id, user_id) VALUES (631, (SELECT projects.start_date + INTERVAL 14 DAY FROM projects WHERE projects.id=17), 631, 631, 17, 6);
INSERT INTO orders (order_id, created_at, delivery_id, payment_id, supporting_project_id) VALUES (631, (SELECT projects.start_date + INTERVAL 14 DAY FROM projects WHERE projects.id=17), 1, 631, 631);
INSERT INTO supporting_packages(id, option_list, package_count, order_id, project_package_id, supporting_project_id) VALUES (631, '["기획 가이드"]', 9, 631, 17, 631);
INSERT INTO supporting_projects(supporting_project_id, supported_at, delivery_id, payment_id, project_id, user_id) VALUES (632, (SELECT projects.start_date + INTERVAL 31 DAY FROM projects WHERE projects.id=17), 632, 632, 17, 3);
INSERT INTO orders (order_id, created_at, delivery_id, payment_id, supporting_project_id) VALUES (632, (SELECT projects.start_date + INTERVAL 31 DAY FROM projects WHERE projects.id=17), 1, 632, 632);
INSERT INTO supporting_packages(id, option_list, package_count, order_id, project_package_id, supporting_project_id) VALUES (632, '["기획 가이드"]', 1, 632, 17, 632);
INSERT INTO supporting_projects(supporting_project_id, supported_at, delivery_id, payment_id, project_id, user_id) VALUES (633, (SELECT projects.start_date + INTERVAL 19 DAY FROM projects WHERE projects.id=17), 633, 633, 17, 12);
INSERT INTO orders (order_id, created_at, delivery_id, payment_id, supporting_project_id) VALUES (633, (SELECT projects.start_date + INTERVAL 19 DAY FROM projects WHERE projects.id=17), 1, 633, 633);
INSERT INTO supporting_packages(id, option_list, package_count, order_id, project_package_id, supporting_project_id) VALUES (633, '["편집 소프트웨어"]', 5, 633, 17, 633);
INSERT INTO supporting_projects(supporting_project_id, supported_at, delivery_id, payment_id, project_id, user_id) VALUES (634, (SELECT projects.start_date + INTERVAL 43 DAY FROM projects WHERE projects.id=17), 634, 634, 17, 22);
INSERT INTO orders (order_id, created_at, delivery_id, payment_id, supporting_project_id) VALUES (634, (SELECT projects.start_date + INTERVAL 43 DAY FROM projects WHERE projects.id=17), 1, 634, 634);
INSERT INTO supporting_packages(id, option_list, package_count, order_id, project_package_id, supporting_project_id) VALUES (634, '["기획 가이드"]', 7, 634, 17, 634);
INSERT INTO supporting_projects(supporting_project_id, supported_at, delivery_id, payment_id, project_id, user_id) VALUES (635, (SELECT projects.start_date + INTERVAL 4 DAY FROM projects WHERE projects.id=17), 635, 635, 17, 3);
INSERT INTO orders (order_id, created_at, delivery_id, payment_id, supporting_project_id) VALUES (635, (SELECT projects.start_date + INTERVAL 4 DAY FROM projects WHERE projects.id=17), 1, 635, 635);
INSERT INTO supporting_packages(id, option_list, package_count, order_id, project_package_id, supporting_project_id) VALUES (635, '["기획 가이드"]', 8, 635, 17, 635);
INSERT INTO supporting_projects(supporting_project_id, supported_at, delivery_id, payment_id, project_id, user_id) VALUES (636, (SELECT projects.start_date + INTERVAL 11 DAY FROM projects WHERE projects.id=17), 636, 636, 17, 20);
INSERT INTO orders (order_id, created_at, delivery_id, payment_id, supporting_project_id) VALUES (636, (SELECT projects.start_date + INTERVAL 11 DAY FROM projects WHERE projects.id=17), 1, 636, 636);
INSERT INTO supporting_packages(id, option_list, package_count, order_id, project_package_id, supporting_project_id) VALUES (636, '["촬영 장비"]', 5, 636, 17, 636);
INSERT INTO supporting_projects(supporting_project_id, supported_at, delivery_id, payment_id, project_id, user_id) VALUES (637, (SELECT projects.start_date + INTERVAL 14 DAY FROM projects WHERE projects.id=17), 637, 637, 17, 13);
INSERT INTO orders (order_id, created_at, delivery_id, payment_id, supporting_project_id) VALUES (637, (SELECT projects.start_date + INTERVAL 14 DAY FROM projects WHERE projects.id=17), 1, 637, 637);
INSERT INTO supporting_packages(id, option_list, package_count, order_id, project_package_id, supporting_project_id) VALUES (637, '["기획 가이드"]', 10, 637, 17, 637);
INSERT INTO supporting_projects(supporting_project_id, supported_at, delivery_id, payment_id, project_id, user_id) VALUES (638, (SELECT projects.start_date + INTERVAL 42 DAY FROM projects WHERE projects.id=17), 638, 638, 17, 10);
INSERT INTO orders (order_id, created_at, delivery_id, payment_id, supporting_project_id) VALUES (638, (SELECT projects.start_date + INTERVAL 42 DAY FROM projects WHERE projects.id=17), 1, 638, 638);
INSERT INTO supporting_packages(id, option_list, package_count, order_id, project_package_id, supporting_project_id) VALUES (638, '["편집 소프트웨어"]', 6, 638, 17, 638);
INSERT INTO supporting_projects(supporting_project_id, supported_at, delivery_id, payment_id, project_id, user_id) VALUES (639, (SELECT projects.start_date + INTERVAL 12 DAY FROM projects WHERE projects.id=17), 639, 639, 17, 19);
INSERT INTO orders (order_id, created_at, delivery_id, payment_id, supporting_project_id) VALUES (639, (SELECT projects.start_date + INTERVAL 12 DAY FROM projects WHERE projects.id=17), 1, 639, 639);
INSERT INTO supporting_packages(id, option_list, package_count, order_id, project_package_id, supporting_project_id) VALUES (639, '["편집 소프트웨어"]', 9, 639, 17, 639);
INSERT INTO supporting_projects(supporting_project_id, supported_at, delivery_id, payment_id, project_id, user_id) VALUES (640, (SELECT projects.start_date + INTERVAL 39 DAY FROM projects WHERE projects.id=17), 640, 640, 17, 40);
INSERT INTO orders (order_id, created_at, delivery_id, payment_id, supporting_project_id) VALUES (640, (SELECT projects.start_date + INTERVAL 39 DAY FROM projects WHERE projects.id=17), 1, 640, 640);
INSERT INTO supporting_packages(id, option_list, package_count, order_id, project_package_id, supporting_project_id) VALUES (640, '["기획 가이드"]', 6, 640, 17, 640);
INSERT INTO supporting_projects(supporting_project_id, supported_at, delivery_id, payment_id, project_id, user_id) VALUES (641, (SELECT projects.start_date + INTERVAL 35 DAY FROM projects WHERE projects.id=17), 641, 641, 17, 19);
INSERT INTO orders (order_id, created_at, delivery_id, payment_id, supporting_project_id) VALUES (641, (SELECT projects.start_date + INTERVAL 35 DAY FROM projects WHERE projects.id=17), 1, 641, 641);
INSERT INTO supporting_packages(id, option_list, package_count, order_id, project_package_id, supporting_project_id) VALUES (641, '["촬영 장비"]', 2, 641, 17, 641);
INSERT INTO supporting_projects(supporting_project_id, supported_at, delivery_id, payment_id, project_id, user_id) VALUES (642, (SELECT projects.start_date + INTERVAL 36 DAY FROM projects WHERE projects.id=17), 642, 642, 17, 17);
INSERT INTO orders (order_id, created_at, delivery_id, payment_id, supporting_project_id) VALUES (642, (SELECT projects.start_date + INTERVAL 36 DAY FROM projects WHERE projects.id=17), 1, 642, 642);
INSERT INTO supporting_packages(id, option_list, package_count, order_id, project_package_id, supporting_project_id) VALUES (642, '["편집 소프트웨어"]', 4, 642, 17, 642);
INSERT INTO supporting_projects(supporting_project_id, supported_at, delivery_id, payment_id, project_id, user_id) VALUES (643, (SELECT projects.start_date + INTERVAL 15 DAY FROM projects WHERE projects.id=17), 643, 643, 17, 25);
INSERT INTO orders (order_id, created_at, delivery_id, payment_id, supporting_project_id) VALUES (643, (SELECT projects.start_date + INTERVAL 15 DAY FROM projects WHERE projects.id=17), 1, 643, 643);
INSERT INTO supporting_packages(id, option_list, package_count, order_id, project_package_id, supporting_project_id) VALUES (643, '["기획 가이드"]', 1, 643, 17, 643);
INSERT INTO supporting_projects(supporting_project_id, supported_at, delivery_id, payment_id, project_id, user_id) VALUES (644, (SELECT projects.start_date + INTERVAL 14 DAY FROM projects WHERE projects.id=17), 644, 644, 17, 39);
INSERT INTO orders (order_id, created_at, delivery_id, payment_id, supporting_project_id) VALUES (644, (SELECT projects.start_date + INTERVAL 14 DAY FROM projects WHERE projects.id=17), 1, 644, 644);
INSERT INTO supporting_packages(id, option_list, package_count, order_id, project_package_id, supporting_project_id) VALUES (644, '["촬영 장비"]', 6, 644, 17, 644);
INSERT INTO supporting_projects(supporting_project_id, supported_at, delivery_id, payment_id, project_id, user_id) VALUES (645, (SELECT projects.start_date + INTERVAL 3 DAY FROM projects WHERE projects.id=17), 645, 645, 17, 33);
INSERT INTO orders (order_id, created_at, delivery_id, payment_id, supporting_project_id) VALUES (645, (SELECT projects.start_date + INTERVAL 3 DAY FROM projects WHERE projects.id=17), 1, 645, 645);
INSERT INTO supporting_packages(id, option_list, package_count, order_id, project_package_id, supporting_project_id) VALUES (645, '["기획 가이드"]', 1, 645, 17, 645);
INSERT INTO supporting_projects(supporting_project_id, supported_at, delivery_id, payment_id, project_id, user_id) VALUES (646, (SELECT projects.start_date + INTERVAL 1 DAY FROM projects WHERE projects.id=17), 646, 646, 17, 27);
INSERT INTO orders (order_id, created_at, delivery_id, payment_id, supporting_project_id) VALUES (646, (SELECT projects.start_date + INTERVAL 1 DAY FROM projects WHERE projects.id=17), 1, 646, 646);
INSERT INTO supporting_packages(id, option_list, package_count, order_id, project_package_id, supporting_project_id) VALUES (646, '["기획 가이드"]', 9, 646, 17, 646);
INSERT INTO supporting_projects(supporting_project_id, supported_at, delivery_id, payment_id, project_id, user_id) VALUES (647, (SELECT projects.start_date + INTERVAL 47 DAY FROM projects WHERE projects.id=19), 647, 647, 19, 27);
INSERT INTO orders (order_id, created_at, delivery_id, payment_id, supporting_project_id) VALUES (647, (SELECT projects.start_date + INTERVAL 47 DAY FROM projects WHERE projects.id=19), 1, 647, 647);
INSERT INTO supporting_packages(id, option_list, package_count, order_id, project_package_id, supporting_project_id) VALUES (647, '["창작"]', 5, 647, 19, 647);
INSERT INTO supporting_projects(supporting_project_id, supported_at, delivery_id, payment_id, project_id, user_id) VALUES (648, (SELECT projects.start_date + INTERVAL 27 DAY FROM projects WHERE projects.id=19), 648, 648, 19, 40);
INSERT INTO orders (order_id, created_at, delivery_id, payment_id, supporting_project_id) VALUES (648, (SELECT projects.start_date + INTERVAL 27 DAY FROM projects WHERE projects.id=19), 1, 648, 648);
INSERT INTO supporting_packages(id, option_list, package_count, order_id, project_package_id, supporting_project_id) VALUES (648, '["응용"]', 10, 648, 19, 648);
INSERT INTO supporting_projects(supporting_project_id, supported_at, delivery_id, payment_id, project_id, user_id) VALUES (649, (SELECT projects.start_date + INTERVAL 48 DAY FROM projects WHERE projects.id=19), 649, 649, 19, 25);
INSERT INTO orders (order_id, created_at, delivery_id, payment_id, supporting_project_id) VALUES (649, (SELECT projects.start_date + INTERVAL 48 DAY FROM projects WHERE projects.id=19), 1, 649, 649);
INSERT INTO supporting_packages(id, option_list, package_count, order_id, project_package_id, supporting_project_id) VALUES (649, '["창작"]', 2, 649, 19, 649);
INSERT INTO supporting_projects(supporting_project_id, supported_at, delivery_id, payment_id, project_id, user_id) VALUES (650, (SELECT projects.start_date + INTERVAL 49 DAY FROM projects WHERE projects.id=19), 650, 650, 19, 28);
INSERT INTO orders (order_id, created_at, delivery_id, payment_id, supporting_project_id) VALUES (650, (SELECT projects.start_date + INTERVAL 49 DAY FROM projects WHERE projects.id=19), 1, 650, 650);
INSERT INTO supporting_packages(id, option_list, package_count, order_id, project_package_id, supporting_project_id) VALUES (650, '["응용"]', 4, 650, 19, 650);
INSERT INTO supporting_projects(supporting_project_id, supported_at, delivery_id, payment_id, project_id, user_id) VALUES (651, (SELECT projects.start_date + INTERVAL 34 DAY FROM projects WHERE projects.id=19), 651, 651, 19, 10);
INSERT INTO orders (order_id, created_at, delivery_id, payment_id, supporting_project_id) VALUES (651, (SELECT projects.start_date + INTERVAL 34 DAY FROM projects WHERE projects.id=19), 1, 651, 651);
INSERT INTO supporting_packages(id, option_list, package_count, order_id, project_package_id, supporting_project_id) VALUES (651, '["응용"]', 8, 651, 19, 651);
INSERT INTO supporting_projects(supporting_project_id, supported_at, delivery_id, payment_id, project_id, user_id) VALUES (652, (SELECT projects.start_date + INTERVAL 12 DAY FROM projects WHERE projects.id=19), 652, 652, 19, 27);
INSERT INTO orders (order_id, created_at, delivery_id, payment_id, supporting_project_id) VALUES (652, (SELECT projects.start_date + INTERVAL 12 DAY FROM projects WHERE projects.id=19), 1, 652, 652);
INSERT INTO supporting_packages(id, option_list, package_count, order_id, project_package_id, supporting_project_id) VALUES (652, '["기초"]', 3, 652, 19, 652);
INSERT INTO supporting_projects(supporting_project_id, supported_at, delivery_id, payment_id, project_id, user_id) VALUES (653, (SELECT projects.start_date + INTERVAL 28 DAY FROM projects WHERE projects.id=19), 653, 653, 19, 31);
INSERT INTO orders (order_id, created_at, delivery_id, payment_id, supporting_project_id) VALUES (653, (SELECT projects.start_date + INTERVAL 28 DAY FROM projects WHERE projects.id=19), 1, 653, 653);
INSERT INTO supporting_packages(id, option_list, package_count, order_id, project_package_id, supporting_project_id) VALUES (653, '["응용"]', 7, 653, 19, 653);
INSERT INTO supporting_projects(supporting_project_id, supported_at, delivery_id, payment_id, project_id, user_id) VALUES (654, (SELECT projects.start_date + INTERVAL 29 DAY FROM projects WHERE projects.id=19), 654, 654, 19, 34);
INSERT INTO orders (order_id, created_at, delivery_id, payment_id, supporting_project_id) VALUES (654, (SELECT projects.start_date + INTERVAL 29 DAY FROM projects WHERE projects.id=19), 1, 654, 654);
INSERT INTO supporting_packages(id, option_list, package_count, order_id, project_package_id, supporting_project_id) VALUES (654, '["기초"]', 7, 654, 19, 654);
INSERT INTO supporting_projects(supporting_project_id, supported_at, delivery_id, payment_id, project_id, user_id) VALUES (655, (SELECT projects.start_date + INTERVAL 44 DAY FROM projects WHERE projects.id=19), 655, 655, 19, 20);
INSERT INTO orders (order_id, created_at, delivery_id, payment_id, supporting_project_id) VALUES (655, (SELECT projects.start_date + INTERVAL 44 DAY FROM projects WHERE projects.id=19), 1, 655, 655);
INSERT INTO supporting_packages(id, option_list, package_count, order_id, project_package_id, supporting_project_id) VALUES (655, '["응용"]', 6, 655, 19, 655);
INSERT INTO supporting_projects(supporting_project_id, supported_at, delivery_id, payment_id, project_id, user_id) VALUES (656, (SELECT projects.start_date + INTERVAL 44 DAY FROM projects WHERE projects.id=19), 656, 656, 19, 25);
INSERT INTO orders (order_id, created_at, delivery_id, payment_id, supporting_project_id) VALUES (656, (SELECT projects.start_date + INTERVAL 44 DAY FROM projects WHERE projects.id=19), 1, 656, 656);
INSERT INTO supporting_packages(id, option_list, package_count, order_id, project_package_id, supporting_project_id) VALUES (656, '["응용"]', 7, 656, 19, 656);
INSERT INTO supporting_projects(supporting_project_id, supported_at, delivery_id, payment_id, project_id, user_id) VALUES (657, (SELECT projects.start_date + INTERVAL 39 DAY FROM projects WHERE projects.id=19), 657, 657, 19, 11);
INSERT INTO orders (order_id, created_at, delivery_id, payment_id, supporting_project_id) VALUES (657, (SELECT projects.start_date + INTERVAL 39 DAY FROM projects WHERE projects.id=19), 1, 657, 657);
INSERT INTO supporting_packages(id, option_list, package_count, order_id, project_package_id, supporting_project_id) VALUES (657, '["응용"]', 2, 657, 19, 657);
INSERT INTO supporting_projects(supporting_project_id, supported_at, delivery_id, payment_id, project_id, user_id) VALUES (658, (SELECT projects.start_date + INTERVAL 40 DAY FROM projects WHERE projects.id=19), 658, 658, 19, 20);
INSERT INTO orders (order_id, created_at, delivery_id, payment_id, supporting_project_id) VALUES (658, (SELECT projects.start_date + INTERVAL 40 DAY FROM projects WHERE projects.id=19), 1, 658, 658);
INSERT INTO supporting_packages(id, option_list, package_count, order_id, project_package_id, supporting_project_id) VALUES (658, '["창작"]', 7, 658, 19, 658);
INSERT INTO supporting_projects(supporting_project_id, supported_at, delivery_id, payment_id, project_id, user_id) VALUES (659, (SELECT projects.start_date + INTERVAL 9 DAY FROM projects WHERE projects.id=19), 659, 659, 19, 39);
INSERT INTO orders (order_id, created_at, delivery_id, payment_id, supporting_project_id) VALUES (659, (SELECT projects.start_date + INTERVAL 9 DAY FROM projects WHERE projects.id=19), 1, 659, 659);
INSERT INTO supporting_packages(id, option_list, package_count, order_id, project_package_id, supporting_project_id) VALUES (659, '["기초"]', 7, 659, 19, 659);
INSERT INTO supporting_projects(supporting_project_id, supported_at, delivery_id, payment_id, project_id, user_id) VALUES (660, (SELECT projects.start_date + INTERVAL 4 DAY FROM projects WHERE projects.id=19), 660, 660, 19, 34);
INSERT INTO orders (order_id, created_at, delivery_id, payment_id, supporting_project_id) VALUES (660, (SELECT projects.start_date + INTERVAL 4 DAY FROM projects WHERE projects.id=19), 1, 660, 660);
INSERT INTO supporting_packages(id, option_list, package_count, order_id, project_package_id, supporting_project_id) VALUES (660, '["응용"]', 1, 660, 19, 660);
INSERT INTO supporting_projects(supporting_project_id, supported_at, delivery_id, payment_id, project_id, user_id) VALUES (661, (SELECT projects.start_date + INTERVAL 15 DAY FROM projects WHERE projects.id=19), 661, 661, 19, 5);
INSERT INTO orders (order_id, created_at, delivery_id, payment_id, supporting_project_id) VALUES (661, (SELECT projects.start_date + INTERVAL 15 DAY FROM projects WHERE projects.id=19), 1, 661, 661);
INSERT INTO supporting_packages(id, option_list, package_count, order_id, project_package_id, supporting_project_id) VALUES (661, '["응용"]', 1, 661, 19, 661);
INSERT INTO supporting_projects(supporting_project_id, supported_at, delivery_id, payment_id, project_id, user_id) VALUES (662, (SELECT projects.start_date + INTERVAL 29 DAY FROM projects WHERE projects.id=19), 662, 662, 19, 24);
INSERT INTO orders (order_id, created_at, delivery_id, payment_id, supporting_project_id) VALUES (662, (SELECT projects.start_date + INTERVAL 29 DAY FROM projects WHERE projects.id=19), 1, 662, 662);
INSERT INTO supporting_packages(id, option_list, package_count, order_id, project_package_id, supporting_project_id) VALUES (662, '["창작"]', 3, 662, 19, 662);
INSERT INTO supporting_projects(supporting_project_id, supported_at, delivery_id, payment_id, project_id, user_id) VALUES (663, (SELECT projects.start_date + INTERVAL 35 DAY FROM projects WHERE projects.id=19), 663, 663, 19, 8);
INSERT INTO orders (order_id, created_at, delivery_id, payment_id, supporting_project_id) VALUES (663, (SELECT projects.start_date + INTERVAL 35 DAY FROM projects WHERE projects.id=19), 1, 663, 663);
INSERT INTO supporting_packages(id, option_list, package_count, order_id, project_package_id, supporting_project_id) VALUES (663, '["창작"]', 4, 663, 19, 663);
INSERT INTO supporting_projects(supporting_project_id, supported_at, delivery_id, payment_id, project_id, user_id) VALUES (664, (SELECT projects.start_date + INTERVAL 50 DAY FROM projects WHERE projects.id=19), 664, 664, 19, 1);
INSERT INTO orders (order_id, created_at, delivery_id, payment_id, supporting_project_id) VALUES (664, (SELECT projects.start_date + INTERVAL 50 DAY FROM projects WHERE projects.id=19), 1, 664, 664);
INSERT INTO supporting_packages(id, option_list, package_count, order_id, project_package_id, supporting_project_id) VALUES (664, '["기초"]', 7, 664, 19, 664);
INSERT INTO supporting_projects(supporting_project_id, supported_at, delivery_id, payment_id, project_id, user_id) VALUES (665, (SELECT projects.start_date + INTERVAL 44 DAY FROM projects WHERE projects.id=19), 665, 665, 19, 35);
INSERT INTO orders (order_id, created_at, delivery_id, payment_id, supporting_project_id) VALUES (665, (SELECT projects.start_date + INTERVAL 44 DAY FROM projects WHERE projects.id=19), 1, 665, 665);
INSERT INTO supporting_packages(id, option_list, package_count, order_id, project_package_id, supporting_project_id) VALUES (665, '["응용"]', 4, 665, 19, 665);
INSERT INTO supporting_projects(supporting_project_id, supported_at, delivery_id, payment_id, project_id, user_id) VALUES (666, (SELECT projects.start_date + INTERVAL 31 DAY FROM projects WHERE projects.id=19), 666, 666, 19, 14);
INSERT INTO orders (order_id, created_at, delivery_id, payment_id, supporting_project_id) VALUES (666, (SELECT projects.start_date + INTERVAL 31 DAY FROM projects WHERE projects.id=19), 1, 666, 666);
INSERT INTO supporting_packages(id, option_list, package_count, order_id, project_package_id, supporting_project_id) VALUES (666, '["창작"]', 8, 666, 19, 666);
INSERT INTO supporting_projects(supporting_project_id, supported_at, delivery_id, payment_id, project_id, user_id) VALUES (667, (SELECT projects.start_date + INTERVAL 29 DAY FROM projects WHERE projects.id=19), 667, 667, 19, 29);
INSERT INTO orders (order_id, created_at, delivery_id, payment_id, supporting_project_id) VALUES (667, (SELECT projects.start_date + INTERVAL 29 DAY FROM projects WHERE projects.id=19), 1, 667, 667);
INSERT INTO supporting_packages(id, option_list, package_count, order_id, project_package_id, supporting_project_id) VALUES (667, '["창작"]', 9, 667, 19, 667);
INSERT INTO supporting_projects(supporting_project_id, supported_at, delivery_id, payment_id, project_id, user_id) VALUES (668, (SELECT projects.start_date + INTERVAL 22 DAY FROM projects WHERE projects.id=19), 668, 668, 19, 23);
INSERT INTO orders (order_id, created_at, delivery_id, payment_id, supporting_project_id) VALUES (668, (SELECT projects.start_date + INTERVAL 22 DAY FROM projects WHERE projects.id=19), 1, 668, 668);
INSERT INTO supporting_packages(id, option_list, package_count, order_id, project_package_id, supporting_project_id) VALUES (668, '["기초"]', 9, 668, 19, 668);
INSERT INTO supporting_projects(supporting_project_id, supported_at, delivery_id, payment_id, project_id, user_id) VALUES (669, (SELECT projects.start_date + INTERVAL 43 DAY FROM projects WHERE projects.id=19), 669, 669, 19, 22);
INSERT INTO orders (order_id, created_at, delivery_id, payment_id, supporting_project_id) VALUES (669, (SELECT projects.start_date + INTERVAL 43 DAY FROM projects WHERE projects.id=19), 1, 669, 669);
INSERT INTO supporting_packages(id, option_list, package_count, order_id, project_package_id, supporting_project_id) VALUES (669, '["기초"]', 4, 669, 19, 669);
INSERT INTO supporting_projects(supporting_project_id, supported_at, delivery_id, payment_id, project_id, user_id) VALUES (670, (SELECT projects.start_date + INTERVAL 21 DAY FROM projects WHERE projects.id=19), 670, 670, 19, 17);
INSERT INTO orders (order_id, created_at, delivery_id, payment_id, supporting_project_id) VALUES (670, (SELECT projects.start_date + INTERVAL 21 DAY FROM projects WHERE projects.id=19), 1, 670, 670);
INSERT INTO supporting_packages(id, option_list, package_count, order_id, project_package_id, supporting_project_id) VALUES (670, '["창작"]', 8, 670, 19, 670);
INSERT INTO supporting_projects(supporting_project_id, supported_at, delivery_id, payment_id, project_id, user_id) VALUES (671, (SELECT projects.start_date + INTERVAL 47 DAY FROM projects WHERE projects.id=19), 671, 671, 19, 11);
INSERT INTO orders (order_id, created_at, delivery_id, payment_id, supporting_project_id) VALUES (671, (SELECT projects.start_date + INTERVAL 47 DAY FROM projects WHERE projects.id=19), 1, 671, 671);
INSERT INTO supporting_packages(id, option_list, package_count, order_id, project_package_id, supporting_project_id) VALUES (671, '["기초"]', 6, 671, 19, 671);
INSERT INTO supporting_projects(supporting_project_id, supported_at, delivery_id, payment_id, project_id, user_id) VALUES (672, (SELECT projects.start_date + INTERVAL 44 DAY FROM projects WHERE projects.id=19), 672, 672, 19, 40);
INSERT INTO orders (order_id, created_at, delivery_id, payment_id, supporting_project_id) VALUES (672, (SELECT projects.start_date + INTERVAL 44 DAY FROM projects WHERE projects.id=19), 1, 672, 672);
INSERT INTO supporting_packages(id, option_list, package_count, order_id, project_package_id, supporting_project_id) VALUES (672, '["응용"]', 3, 672, 19, 672);
INSERT INTO supporting_projects(supporting_project_id, supported_at, delivery_id, payment_id, project_id, user_id) VALUES (673, (SELECT projects.start_date + INTERVAL 16 DAY FROM projects WHERE projects.id=19), 673, 673, 19, 35);
INSERT INTO orders (order_id, created_at, delivery_id, payment_id, supporting_project_id) VALUES (673, (SELECT projects.start_date + INTERVAL 16 DAY FROM projects WHERE projects.id=19), 1, 673, 673);
INSERT INTO supporting_packages(id, option_list, package_count, order_id, project_package_id, supporting_project_id) VALUES (673, '["창작"]', 4, 673, 19, 673);
INSERT INTO supporting_projects(supporting_project_id, supported_at, delivery_id, payment_id, project_id, user_id) VALUES (674, (SELECT projects.start_date + INTERVAL 3 DAY FROM projects WHERE projects.id=19), 674, 674, 19, 8);
INSERT INTO orders (order_id, created_at, delivery_id, payment_id, supporting_project_id) VALUES (674, (SELECT projects.start_date + INTERVAL 3 DAY FROM projects WHERE projects.id=19), 1, 674, 674);
INSERT INTO supporting_packages(id, option_list, package_count, order_id, project_package_id, supporting_project_id) VALUES (674, '["응용"]', 1, 674, 19, 674);
INSERT INTO supporting_projects(supporting_project_id, supported_at, delivery_id, payment_id, project_id, user_id) VALUES (675, (SELECT projects.start_date + INTERVAL 15 DAY FROM projects WHERE projects.id=19), 675, 675, 19, 8);
INSERT INTO orders (order_id, created_at, delivery_id, payment_id, supporting_project_id) VALUES (675, (SELECT projects.start_date + INTERVAL 15 DAY FROM projects WHERE projects.id=19), 1, 675, 675);
INSERT INTO supporting_packages(id, option_list, package_count, order_id, project_package_id, supporting_project_id) VALUES (675, '["응용"]', 3, 675, 19, 675);
INSERT INTO supporting_projects(supporting_project_id, supported_at, delivery_id, payment_id, project_id, user_id) VALUES (676, (SELECT projects.start_date + INTERVAL 22 DAY FROM projects WHERE projects.id=19), 676, 676, 19, 10);
INSERT INTO orders (order_id, created_at, delivery_id, payment_id, supporting_project_id) VALUES (676, (SELECT projects.start_date + INTERVAL 22 DAY FROM projects WHERE projects.id=19), 1, 676, 676);
INSERT INTO supporting_packages(id, option_list, package_count, order_id, project_package_id, supporting_project_id) VALUES (676, '["창작"]', 8, 676, 19, 676);
INSERT INTO supporting_projects(supporting_project_id, supported_at, delivery_id, payment_id, project_id, user_id) VALUES (677, (SELECT projects.start_date + INTERVAL 46 DAY FROM projects WHERE projects.id=19), 677, 677, 19, 10);
INSERT INTO orders (order_id, created_at, delivery_id, payment_id, supporting_project_id) VALUES (677, (SELECT projects.start_date + INTERVAL 46 DAY FROM projects WHERE projects.id=19), 1, 677, 677);
INSERT INTO supporting_packages(id, option_list, package_count, order_id, project_package_id, supporting_project_id) VALUES (677, '["응용"]', 1, 677, 19, 677);
INSERT INTO supporting_projects(supporting_project_id, supported_at, delivery_id, payment_id, project_id, user_id) VALUES (678, (SELECT projects.start_date + INTERVAL 4 DAY FROM projects WHERE projects.id=19), 678, 678, 19, 14);
INSERT INTO orders (order_id, created_at, delivery_id, payment_id, supporting_project_id) VALUES (678, (SELECT projects.start_date + INTERVAL 4 DAY FROM projects WHERE projects.id=19), 1, 678, 678);
INSERT INTO supporting_packages(id, option_list, package_count, order_id, project_package_id, supporting_project_id) VALUES (678, '["창작"]', 6, 678, 19, 678);
INSERT INTO supporting_projects(supporting_project_id, supported_at, delivery_id, payment_id, project_id, user_id) VALUES (679, (SELECT projects.start_date + INTERVAL 24 DAY FROM projects WHERE projects.id=19), 679, 679, 19, 24);
INSERT INTO orders (order_id, created_at, delivery_id, payment_id, supporting_project_id) VALUES (679, (SELECT projects.start_date + INTERVAL 24 DAY FROM projects WHERE projects.id=19), 1, 679, 679);
INSERT INTO supporting_packages(id, option_list, package_count, order_id, project_package_id, supporting_project_id) VALUES (679, '["응용"]', 8, 679, 19, 679);
INSERT INTO supporting_projects(supporting_project_id, supported_at, delivery_id, payment_id, project_id, user_id) VALUES (680, (SELECT projects.start_date + INTERVAL 35 DAY FROM projects WHERE projects.id=19), 680, 680, 19, 21);
INSERT INTO orders (order_id, created_at, delivery_id, payment_id, supporting_project_id) VALUES (680, (SELECT projects.start_date + INTERVAL 35 DAY FROM projects WHERE projects.id=19), 1, 680, 680);
INSERT INTO supporting_packages(id, option_list, package_count, order_id, project_package_id, supporting_project_id) VALUES (680, '["기초"]', 5, 680, 19, 680);
INSERT INTO supporting_projects(supporting_project_id, supported_at, delivery_id, payment_id, project_id, user_id) VALUES (681, (SELECT projects.start_date + INTERVAL 19 DAY FROM projects WHERE projects.id=19), 681, 681, 19, 20);
INSERT INTO orders (order_id, created_at, delivery_id, payment_id, supporting_project_id) VALUES (681, (SELECT projects.start_date + INTERVAL 19 DAY FROM projects WHERE projects.id=19), 1, 681, 681);
INSERT INTO supporting_packages(id, option_list, package_count, order_id, project_package_id, supporting_project_id) VALUES (681, '["창작"]', 10, 681, 19, 681);
INSERT INTO supporting_projects(supporting_project_id, supported_at, delivery_id, payment_id, project_id, user_id) VALUES (682, (SELECT projects.start_date + INTERVAL 31 DAY FROM projects WHERE projects.id=19), 682, 682, 19, 21);
INSERT INTO orders (order_id, created_at, delivery_id, payment_id, supporting_project_id) VALUES (682, (SELECT projects.start_date + INTERVAL 31 DAY FROM projects WHERE projects.id=19), 1, 682, 682);
INSERT INTO supporting_packages(id, option_list, package_count, order_id, project_package_id, supporting_project_id) VALUES (682, '["기초"]', 1, 682, 19, 682);
INSERT INTO supporting_projects(supporting_project_id, supported_at, delivery_id, payment_id, project_id, user_id) VALUES (683, (SELECT projects.start_date + INTERVAL 5 DAY FROM projects WHERE projects.id=19), 683, 683, 19, 13);
INSERT INTO orders (order_id, created_at, delivery_id, payment_id, supporting_project_id) VALUES (683, (SELECT projects.start_date + INTERVAL 5 DAY FROM projects WHERE projects.id=19), 1, 683, 683);
INSERT INTO supporting_packages(id, option_list, package_count, order_id, project_package_id, supporting_project_id) VALUES (683, '["창작"]', 8, 683, 19, 683);
INSERT INTO supporting_projects(supporting_project_id, supported_at, delivery_id, payment_id, project_id, user_id) VALUES (684, (SELECT projects.start_date + INTERVAL 37 DAY FROM projects WHERE projects.id=19), 684, 684, 19, 12);
INSERT INTO orders (order_id, created_at, delivery_id, payment_id, supporting_project_id) VALUES (684, (SELECT projects.start_date + INTERVAL 37 DAY FROM projects WHERE projects.id=19), 1, 684, 684);
INSERT INTO supporting_packages(id, option_list, package_count, order_id, project_package_id, supporting_project_id) VALUES (684, '["기초"]', 8, 684, 19, 684);
INSERT INTO supporting_projects(supporting_project_id, supported_at, delivery_id, payment_id, project_id, user_id) VALUES (685, (SELECT projects.start_date + INTERVAL 11 DAY FROM projects WHERE projects.id=19), 685, 685, 19, 24);
INSERT INTO orders (order_id, created_at, delivery_id, payment_id, supporting_project_id) VALUES (685, (SELECT projects.start_date + INTERVAL 11 DAY FROM projects WHERE projects.id=19), 1, 685, 685);
INSERT INTO supporting_packages(id, option_list, package_count, order_id, project_package_id, supporting_project_id) VALUES (685, '["응용"]', 7, 685, 19, 685);
INSERT INTO supporting_projects(supporting_project_id, supported_at, delivery_id, payment_id, project_id, user_id) VALUES (686, (SELECT projects.start_date + INTERVAL 21 DAY FROM projects WHERE projects.id=19), 686, 686, 19, 23);
INSERT INTO orders (order_id, created_at, delivery_id, payment_id, supporting_project_id) VALUES (686, (SELECT projects.start_date + INTERVAL 21 DAY FROM projects WHERE projects.id=19), 1, 686, 686);
INSERT INTO supporting_packages(id, option_list, package_count, order_id, project_package_id, supporting_project_id) VALUES (686, '["기초"]', 10, 686, 19, 686);
INSERT INTO supporting_projects(supporting_project_id, supported_at, delivery_id, payment_id, project_id, user_id) VALUES (687, (SELECT projects.start_date + INTERVAL 15 DAY FROM projects WHERE projects.id=19), 687, 687, 19, 1);
INSERT INTO orders (order_id, created_at, delivery_id, payment_id, supporting_project_id) VALUES (687, (SELECT projects.start_date + INTERVAL 15 DAY FROM projects WHERE projects.id=19), 1, 687, 687);
INSERT INTO supporting_packages(id, option_list, package_count, order_id, project_package_id, supporting_project_id) VALUES (687, '["창작"]', 5, 687, 19, 687);
INSERT INTO supporting_projects(supporting_project_id, supported_at, delivery_id, payment_id, project_id, user_id) VALUES (688, (SELECT projects.start_date + INTERVAL 48 DAY FROM projects WHERE projects.id=19), 688, 688, 19, 18);
INSERT INTO orders (order_id, created_at, delivery_id, payment_id, supporting_project_id) VALUES (688, (SELECT projects.start_date + INTERVAL 48 DAY FROM projects WHERE projects.id=19), 1, 688, 688);
INSERT INTO supporting_packages(id, option_list, package_count, order_id, project_package_id, supporting_project_id) VALUES (688, '["창작"]', 1, 688, 19, 688);
INSERT INTO supporting_projects(supporting_project_id, supported_at, delivery_id, payment_id, project_id, user_id) VALUES (689, (SELECT projects.start_date + INTERVAL 39 DAY FROM projects WHERE projects.id=19), 689, 689, 19, 4);
INSERT INTO orders (order_id, created_at, delivery_id, payment_id, supporting_project_id) VALUES (689, (SELECT projects.start_date + INTERVAL 39 DAY FROM projects WHERE projects.id=19), 1, 689, 689);
INSERT INTO supporting_packages(id, option_list, package_count, order_id, project_package_id, supporting_project_id) VALUES (689, '["기초"]', 1, 689, 19, 689);
INSERT INTO supporting_projects(supporting_project_id, supported_at, delivery_id, payment_id, project_id, user_id) VALUES (690, (SELECT projects.start_date + INTERVAL 6 DAY FROM projects WHERE projects.id=19), 690, 690, 19, 40);
INSERT INTO orders (order_id, created_at, delivery_id, payment_id, supporting_project_id) VALUES (690, (SELECT projects.start_date + INTERVAL 6 DAY FROM projects WHERE projects.id=19), 1, 690, 690);
INSERT INTO supporting_packages(id, option_list, package_count, order_id, project_package_id, supporting_project_id) VALUES (690, '["기초"]', 6, 690, 19, 690);
INSERT INTO supporting_projects(supporting_project_id, supported_at, delivery_id, payment_id, project_id, user_id) VALUES (691, (SELECT projects.start_date + INTERVAL 42 DAY FROM projects WHERE projects.id=19), 691, 691, 19, 26);
INSERT INTO orders (order_id, created_at, delivery_id, payment_id, supporting_project_id) VALUES (691, (SELECT projects.start_date + INTERVAL 42 DAY FROM projects WHERE projects.id=19), 1, 691, 691);
INSERT INTO supporting_packages(id, option_list, package_count, order_id, project_package_id, supporting_project_id) VALUES (691, '["기초"]', 8, 691, 19, 691);
INSERT INTO supporting_projects(supporting_project_id, supported_at, delivery_id, payment_id, project_id, user_id) VALUES (692, (SELECT projects.start_date + INTERVAL 40 DAY FROM projects WHERE projects.id=19), 692, 692, 19, 37);
INSERT INTO orders (order_id, created_at, delivery_id, payment_id, supporting_project_id) VALUES (692, (SELECT projects.start_date + INTERVAL 40 DAY FROM projects WHERE projects.id=19), 1, 692, 692);
INSERT INTO supporting_packages(id, option_list, package_count, order_id, project_package_id, supporting_project_id) VALUES (692, '["창작"]', 3, 692, 19, 692);
INSERT INTO supporting_projects(supporting_project_id, supported_at, delivery_id, payment_id, project_id, user_id) VALUES (693, (SELECT projects.start_date + INTERVAL 46 DAY FROM projects WHERE projects.id=19), 693, 693, 19, 13);
INSERT INTO orders (order_id, created_at, delivery_id, payment_id, supporting_project_id) VALUES (693, (SELECT projects.start_date + INTERVAL 46 DAY FROM projects WHERE projects.id=19), 1, 693, 693);
INSERT INTO supporting_packages(id, option_list, package_count, order_id, project_package_id, supporting_project_id) VALUES (693, '["응용"]', 9, 693, 19, 693);
INSERT INTO supporting_projects(supporting_project_id, supported_at, delivery_id, payment_id, project_id, user_id) VALUES (694, (SELECT projects.start_date + INTERVAL 36 DAY FROM projects WHERE projects.id=19), 694, 694, 19, 40);
INSERT INTO orders (order_id, created_at, delivery_id, payment_id, supporting_project_id) VALUES (694, (SELECT projects.start_date + INTERVAL 36 DAY FROM projects WHERE projects.id=19), 1, 694, 694);
INSERT INTO supporting_packages(id, option_list, package_count, order_id, project_package_id, supporting_project_id) VALUES (694, '["기초"]', 1, 694, 19, 694);
INSERT INTO supporting_projects(supporting_project_id, supported_at, delivery_id, payment_id, project_id, user_id) VALUES (695, (SELECT projects.start_date + INTERVAL 46 DAY FROM projects WHERE projects.id=19), 695, 695, 19, 32);
INSERT INTO orders (order_id, created_at, delivery_id, payment_id, supporting_project_id) VALUES (695, (SELECT projects.start_date + INTERVAL 46 DAY FROM projects WHERE projects.id=19), 1, 695, 695);
INSERT INTO supporting_packages(id, option_list, package_count, order_id, project_package_id, supporting_project_id) VALUES (695, '["기초"]', 1, 695, 19, 695);
INSERT INTO supporting_projects(supporting_project_id, supported_at, delivery_id, payment_id, project_id, user_id) VALUES (696, (SELECT projects.start_date + INTERVAL 40 DAY FROM projects WHERE projects.id=19), 696, 696, 19, 3);
INSERT INTO orders (order_id, created_at, delivery_id, payment_id, supporting_project_id) VALUES (696, (SELECT projects.start_date + INTERVAL 40 DAY FROM projects WHERE projects.id=19), 1, 696, 696);
INSERT INTO supporting_packages(id, option_list, package_count, order_id, project_package_id, supporting_project_id) VALUES (696, '["창작"]', 2, 696, 19, 696);
INSERT INTO supporting_projects(supporting_project_id, supported_at, delivery_id, payment_id, project_id, user_id) VALUES (697, (SELECT projects.start_date + INTERVAL 2 DAY FROM projects WHERE projects.id=19), 697, 697, 19, 19);
INSERT INTO orders (order_id, created_at, delivery_id, payment_id, supporting_project_id) VALUES (697, (SELECT projects.start_date + INTERVAL 2 DAY FROM projects WHERE projects.id=19), 1, 697, 697);
INSERT INTO supporting_packages(id, option_list, package_count, order_id, project_package_id, supporting_project_id) VALUES (697, '["응용"]', 6, 697, 19, 697);
INSERT INTO supporting_projects(supporting_project_id, supported_at, delivery_id, payment_id, project_id, user_id) VALUES (698, (SELECT projects.start_date + INTERVAL 36 DAY FROM projects WHERE projects.id=19), 698, 698, 19, 9);
INSERT INTO orders (order_id, created_at, delivery_id, payment_id, supporting_project_id) VALUES (698, (SELECT projects.start_date + INTERVAL 36 DAY FROM projects WHERE projects.id=19), 1, 698, 698);
INSERT INTO supporting_packages(id, option_list, package_count, order_id, project_package_id, supporting_project_id) VALUES (698, '["응용"]', 1, 698, 19, 698);
INSERT INTO supporting_projects(supporting_project_id, supported_at, delivery_id, payment_id, project_id, user_id) VALUES (699, (SELECT projects.start_date + INTERVAL 45 DAY FROM projects WHERE projects.id=19), 699, 699, 19, 37);
INSERT INTO orders (order_id, created_at, delivery_id, payment_id, supporting_project_id) VALUES (699, (SELECT projects.start_date + INTERVAL 45 DAY FROM projects WHERE projects.id=19), 1, 699, 699);
INSERT INTO supporting_packages(id, option_list, package_count, order_id, project_package_id, supporting_project_id) VALUES (699, '["기초"]', 8, 699, 19, 699);
INSERT INTO supporting_projects(supporting_project_id, supported_at, delivery_id, payment_id, project_id, user_id) VALUES (700, (SELECT projects.start_date + INTERVAL 50 DAY FROM projects WHERE projects.id=19), 700, 700, 19, 4);
INSERT INTO orders (order_id, created_at, delivery_id, payment_id, supporting_project_id) VALUES (700, (SELECT projects.start_date + INTERVAL 50 DAY FROM projects WHERE projects.id=19), 1, 700, 700);
INSERT INTO supporting_packages(id, option_list, package_count, order_id, project_package_id, supporting_project_id) VALUES (700, '["기초"]', 7, 700, 19, 700);
INSERT INTO supporting_projects(supporting_project_id, supported_at, delivery_id, payment_id, project_id, user_id) VALUES (701, (SELECT projects.start_date + INTERVAL 7 DAY FROM projects WHERE projects.id=19), 701, 701, 19, 22);
INSERT INTO orders (order_id, created_at, delivery_id, payment_id, supporting_project_id) VALUES (701, (SELECT projects.start_date + INTERVAL 7 DAY FROM projects WHERE projects.id=19), 1, 701, 701);
INSERT INTO supporting_packages(id, option_list, package_count, order_id, project_package_id, supporting_project_id) VALUES (701, '["기초"]', 10, 701, 19, 701);
INSERT INTO supporting_projects(supporting_project_id, supported_at, delivery_id, payment_id, project_id, user_id) VALUES (702, (SELECT projects.start_date + INTERVAL 36 DAY FROM projects WHERE projects.id=19), 702, 702, 19, 16);
INSERT INTO orders (order_id, created_at, delivery_id, payment_id, supporting_project_id) VALUES (702, (SELECT projects.start_date + INTERVAL 36 DAY FROM projects WHERE projects.id=19), 1, 702, 702);
INSERT INTO supporting_packages(id, option_list, package_count, order_id, project_package_id, supporting_project_id) VALUES (702, '["응용"]', 4, 702, 19, 702);
INSERT INTO supporting_projects(supporting_project_id, supported_at, delivery_id, payment_id, project_id, user_id) VALUES (703, (SELECT projects.start_date + INTERVAL 30 DAY FROM projects WHERE projects.id=19), 703, 703, 19, 7);
INSERT INTO orders (order_id, created_at, delivery_id, payment_id, supporting_project_id) VALUES (703, (SELECT projects.start_date + INTERVAL 30 DAY FROM projects WHERE projects.id=19), 1, 703, 703);
INSERT INTO supporting_packages(id, option_list, package_count, order_id, project_package_id, supporting_project_id) VALUES (703, '["응용"]', 7, 703, 19, 703);
INSERT INTO supporting_projects(supporting_project_id, supported_at, delivery_id, payment_id, project_id, user_id) VALUES (704, (SELECT projects.start_date + INTERVAL 33 DAY FROM projects WHERE projects.id=19), 704, 704, 19, 28);
INSERT INTO orders (order_id, created_at, delivery_id, payment_id, supporting_project_id) VALUES (704, (SELECT projects.start_date + INTERVAL 33 DAY FROM projects WHERE projects.id=19), 1, 704, 704);
INSERT INTO supporting_packages(id, option_list, package_count, order_id, project_package_id, supporting_project_id) VALUES (704, '["창작"]', 3, 704, 19, 704);
INSERT INTO supporting_projects(supporting_project_id, supported_at, delivery_id, payment_id, project_id, user_id) VALUES (705, (SELECT projects.start_date + INTERVAL 22 DAY FROM projects WHERE projects.id=19), 705, 705, 19, 31);
INSERT INTO orders (order_id, created_at, delivery_id, payment_id, supporting_project_id) VALUES (705, (SELECT projects.start_date + INTERVAL 22 DAY FROM projects WHERE projects.id=19), 1, 705, 705);
INSERT INTO supporting_packages(id, option_list, package_count, order_id, project_package_id, supporting_project_id) VALUES (705, '["응용"]', 5, 705, 19, 705);
INSERT INTO supporting_projects(supporting_project_id, supported_at, delivery_id, payment_id, project_id, user_id) VALUES (706, (SELECT projects.start_date + INTERVAL 9 DAY FROM projects WHERE projects.id=19), 706, 706, 19, 21);
INSERT INTO orders (order_id, created_at, delivery_id, payment_id, supporting_project_id) VALUES (706, (SELECT projects.start_date + INTERVAL 9 DAY FROM projects WHERE projects.id=19), 1, 706, 706);
INSERT INTO supporting_packages(id, option_list, package_count, order_id, project_package_id, supporting_project_id) VALUES (706, '["기초"]', 7, 706, 19, 706);
INSERT INTO supporting_projects(supporting_project_id, supported_at, delivery_id, payment_id, project_id, user_id) VALUES (707, (SELECT projects.start_date + INTERVAL 17 DAY FROM projects WHERE projects.id=19), 707, 707, 19, 24);
INSERT INTO orders (order_id, created_at, delivery_id, payment_id, supporting_project_id) VALUES (707, (SELECT projects.start_date + INTERVAL 17 DAY FROM projects WHERE projects.id=19), 1, 707, 707);
INSERT INTO supporting_packages(id, option_list, package_count, order_id, project_package_id, supporting_project_id) VALUES (707, '["응용"]', 4, 707, 19, 707);
INSERT INTO supporting_projects(supporting_project_id, supported_at, delivery_id, payment_id, project_id, user_id) VALUES (708, (SELECT projects.start_date + INTERVAL 40 DAY FROM projects WHERE projects.id=19), 708, 708, 19, 15);
INSERT INTO orders (order_id, created_at, delivery_id, payment_id, supporting_project_id) VALUES (708, (SELECT projects.start_date + INTERVAL 40 DAY FROM projects WHERE projects.id=19), 1, 708, 708);
INSERT INTO supporting_packages(id, option_list, package_count, order_id, project_package_id, supporting_project_id) VALUES (708, '["창작"]', 6, 708, 19, 708);
INSERT INTO supporting_projects(supporting_project_id, supported_at, delivery_id, payment_id, project_id, user_id) VALUES (709, (SELECT projects.start_date + INTERVAL 41 DAY FROM projects WHERE projects.id=19), 709, 709, 19, 10);
INSERT INTO orders (order_id, created_at, delivery_id, payment_id, supporting_project_id) VALUES (709, (SELECT projects.start_date + INTERVAL 41 DAY FROM projects WHERE projects.id=19), 1, 709, 709);
INSERT INTO supporting_packages(id, option_list, package_count, order_id, project_package_id, supporting_project_id) VALUES (709, '["응용"]', 1, 709, 19, 709);
INSERT INTO supporting_projects(supporting_project_id, supported_at, delivery_id, payment_id, project_id, user_id) VALUES (710, (SELECT projects.start_date + INTERVAL 9 DAY FROM projects WHERE projects.id=19), 710, 710, 19, 35);
INSERT INTO orders (order_id, created_at, delivery_id, payment_id, supporting_project_id) VALUES (710, (SELECT projects.start_date + INTERVAL 9 DAY FROM projects WHERE projects.id=19), 1, 710, 710);
INSERT INTO supporting_packages(id, option_list, package_count, order_id, project_package_id, supporting_project_id) VALUES (710, '["응용"]', 9, 710, 19, 710);
INSERT INTO supporting_projects(supporting_project_id, supported_at, delivery_id, payment_id, project_id, user_id) VALUES (711, (SELECT projects.start_date + INTERVAL 50 DAY FROM projects WHERE projects.id=19), 711, 711, 19, 31);
INSERT INTO orders (order_id, created_at, delivery_id, payment_id, supporting_project_id) VALUES (711, (SELECT projects.start_date + INTERVAL 50 DAY FROM projects WHERE projects.id=19), 1, 711, 711);
INSERT INTO supporting_packages(id, option_list, package_count, order_id, project_package_id, supporting_project_id) VALUES (711, '["창작"]', 5, 711, 19, 711);
INSERT INTO supporting_projects(supporting_project_id, supported_at, delivery_id, payment_id, project_id, user_id) VALUES (712, (SELECT projects.start_date + INTERVAL 36 DAY FROM projects WHERE projects.id=19), 712, 712, 19, 31);
INSERT INTO orders (order_id, created_at, delivery_id, payment_id, supporting_project_id) VALUES (712, (SELECT projects.start_date + INTERVAL 36 DAY FROM projects WHERE projects.id=19), 1, 712, 712);
INSERT INTO supporting_packages(id, option_list, package_count, order_id, project_package_id, supporting_project_id) VALUES (712, '["창작"]', 8, 712, 19, 712);
INSERT INTO supporting_projects(supporting_project_id, supported_at, delivery_id, payment_id, project_id, user_id) VALUES (713, (SELECT projects.start_date + INTERVAL 31 DAY FROM projects WHERE projects.id=19), 713, 713, 19, 36);
INSERT INTO orders (order_id, created_at, delivery_id, payment_id, supporting_project_id) VALUES (713, (SELECT projects.start_date + INTERVAL 31 DAY FROM projects WHERE projects.id=19), 1, 713, 713);
INSERT INTO supporting_packages(id, option_list, package_count, order_id, project_package_id, supporting_project_id) VALUES (713, '["창작"]', 9, 713, 19, 713);
INSERT INTO supporting_projects(supporting_project_id, supported_at, delivery_id, payment_id, project_id, user_id) VALUES (714, (SELECT projects.start_date + INTERVAL 50 DAY FROM projects WHERE projects.id=19), 714, 714, 19, 10);
INSERT INTO orders (order_id, created_at, delivery_id, payment_id, supporting_project_id) VALUES (714, (SELECT projects.start_date + INTERVAL 50 DAY FROM projects WHERE projects.id=19), 1, 714, 714);
INSERT INTO supporting_packages(id, option_list, package_count, order_id, project_package_id, supporting_project_id) VALUES (714, '["창작"]', 2, 714, 19, 714);
INSERT INTO supporting_projects(supporting_project_id, supported_at, delivery_id, payment_id, project_id, user_id) VALUES (715, (SELECT projects.start_date + INTERVAL 13 DAY FROM projects WHERE projects.id=19), 715, 715, 19, 38);
INSERT INTO orders (order_id, created_at, delivery_id, payment_id, supporting_project_id) VALUES (715, (SELECT projects.start_date + INTERVAL 13 DAY FROM projects WHERE projects.id=19), 1, 715, 715);
INSERT INTO supporting_packages(id, option_list, package_count, order_id, project_package_id, supporting_project_id) VALUES (715, '["응용"]', 9, 715, 19, 715);
INSERT INTO supporting_projects(supporting_project_id, supported_at, delivery_id, payment_id, project_id, user_id) VALUES (716, (SELECT projects.start_date + INTERVAL 15 DAY FROM projects WHERE projects.id=19), 716, 716, 19, 21);
INSERT INTO orders (order_id, created_at, delivery_id, payment_id, supporting_project_id) VALUES (716, (SELECT projects.start_date + INTERVAL 15 DAY FROM projects WHERE projects.id=19), 1, 716, 716);
INSERT INTO supporting_packages(id, option_list, package_count, order_id, project_package_id, supporting_project_id) VALUES (716, '["창작"]', 9, 716, 19, 716);
INSERT INTO supporting_projects(supporting_project_id, supported_at, delivery_id, payment_id, project_id, user_id) VALUES (717, (SELECT projects.start_date + INTERVAL 24 DAY FROM projects WHERE projects.id=19), 717, 717, 19, 27);
INSERT INTO orders (order_id, created_at, delivery_id, payment_id, supporting_project_id) VALUES (717, (SELECT projects.start_date + INTERVAL 24 DAY FROM projects WHERE projects.id=19), 1, 717, 717);
INSERT INTO supporting_packages(id, option_list, package_count, order_id, project_package_id, supporting_project_id) VALUES (717, '["응용"]', 3, 717, 19, 717);
INSERT INTO supporting_projects(supporting_project_id, supported_at, delivery_id, payment_id, project_id, user_id) VALUES (718, (SELECT projects.start_date + INTERVAL 38 DAY FROM projects WHERE projects.id=19), 718, 718, 19, 34);
INSERT INTO orders (order_id, created_at, delivery_id, payment_id, supporting_project_id) VALUES (718, (SELECT projects.start_date + INTERVAL 38 DAY FROM projects WHERE projects.id=19), 1, 718, 718);
INSERT INTO supporting_packages(id, option_list, package_count, order_id, project_package_id, supporting_project_id) VALUES (718, '["응용"]', 9, 718, 19, 718);
INSERT INTO supporting_projects(supporting_project_id, supported_at, delivery_id, payment_id, project_id, user_id) VALUES (719, (SELECT projects.start_date + INTERVAL 45 DAY FROM projects WHERE projects.id=19), 719, 719, 19, 20);
INSERT INTO orders (order_id, created_at, delivery_id, payment_id, supporting_project_id) VALUES (719, (SELECT projects.start_date + INTERVAL 45 DAY FROM projects WHERE projects.id=19), 1, 719, 719);
INSERT INTO supporting_packages(id, option_list, package_count, order_id, project_package_id, supporting_project_id) VALUES (719, '["기초"]', 5, 719, 19, 719);
INSERT INTO supporting_projects(supporting_project_id, supported_at, delivery_id, payment_id, project_id, user_id) VALUES (720, (SELECT projects.start_date + INTERVAL 9 DAY FROM projects WHERE projects.id=19), 720, 720, 19, 11);
INSERT INTO orders (order_id, created_at, delivery_id, payment_id, supporting_project_id) VALUES (720, (SELECT projects.start_date + INTERVAL 9 DAY FROM projects WHERE projects.id=19), 1, 720, 720);
INSERT INTO supporting_packages(id, option_list, package_count, order_id, project_package_id, supporting_project_id) VALUES (720, '["창작"]', 2, 720, 19, 720);
INSERT INTO supporting_projects(supporting_project_id, supported_at, delivery_id, payment_id, project_id, user_id) VALUES (721, (SELECT projects.start_date + INTERVAL 13 DAY FROM projects WHERE projects.id=19), 721, 721, 19, 38);
INSERT INTO orders (order_id, created_at, delivery_id, payment_id, supporting_project_id) VALUES (721, (SELECT projects.start_date + INTERVAL 13 DAY FROM projects WHERE projects.id=19), 1, 721, 721);
INSERT INTO supporting_packages(id, option_list, package_count, order_id, project_package_id, supporting_project_id) VALUES (721, '["창작"]', 9, 721, 19, 721);
INSERT INTO supporting_projects(supporting_project_id, supported_at, delivery_id, payment_id, project_id, user_id) VALUES (722, (SELECT projects.start_date + INTERVAL 28 DAY FROM projects WHERE projects.id=19), 722, 722, 19, 30);
INSERT INTO orders (order_id, created_at, delivery_id, payment_id, supporting_project_id) VALUES (722, (SELECT projects.start_date + INTERVAL 28 DAY FROM projects WHERE projects.id=19), 1, 722, 722);
INSERT INTO supporting_packages(id, option_list, package_count, order_id, project_package_id, supporting_project_id) VALUES (722, '["응용"]', 7, 722, 19, 722);
INSERT INTO supporting_projects(supporting_project_id, supported_at, delivery_id, payment_id, project_id, user_id) VALUES (723, (SELECT projects.start_date + INTERVAL 42 DAY FROM projects WHERE projects.id=19), 723, 723, 19, 40);
INSERT INTO orders (order_id, created_at, delivery_id, payment_id, supporting_project_id) VALUES (723, (SELECT projects.start_date + INTERVAL 42 DAY FROM projects WHERE projects.id=19), 1, 723, 723);
INSERT INTO supporting_packages(id, option_list, package_count, order_id, project_package_id, supporting_project_id) VALUES (723, '["응용"]', 9, 723, 19, 723);
INSERT INTO supporting_projects(supporting_project_id, supported_at, delivery_id, payment_id, project_id, user_id) VALUES (724, (SELECT projects.start_date + INTERVAL 32 DAY FROM projects WHERE projects.id=19), 724, 724, 19, 33);
INSERT INTO orders (order_id, created_at, delivery_id, payment_id, supporting_project_id) VALUES (724, (SELECT projects.start_date + INTERVAL 32 DAY FROM projects WHERE projects.id=19), 1, 724, 724);
INSERT INTO supporting_packages(id, option_list, package_count, order_id, project_package_id, supporting_project_id) VALUES (724, '["기초"]', 10, 724, 19, 724);
INSERT INTO supporting_projects(supporting_project_id, supported_at, delivery_id, payment_id, project_id, user_id) VALUES (725, (SELECT projects.start_date + INTERVAL 25 DAY FROM projects WHERE projects.id=19), 725, 725, 19, 16);
INSERT INTO orders (order_id, created_at, delivery_id, payment_id, supporting_project_id) VALUES (725, (SELECT projects.start_date + INTERVAL 25 DAY FROM projects WHERE projects.id=19), 1, 725, 725);
INSERT INTO supporting_packages(id, option_list, package_count, order_id, project_package_id, supporting_project_id) VALUES (725, '["기초"]', 9, 725, 19, 725);
INSERT INTO supporting_projects(supporting_project_id, supported_at, delivery_id, payment_id, project_id, user_id) VALUES (726, (SELECT projects.start_date + INTERVAL 49 DAY FROM projects WHERE projects.id=19), 726, 726, 19, 31);
INSERT INTO orders (order_id, created_at, delivery_id, payment_id, supporting_project_id) VALUES (726, (SELECT projects.start_date + INTERVAL 49 DAY FROM projects WHERE projects.id=19), 1, 726, 726);
INSERT INTO supporting_packages(id, option_list, package_count, order_id, project_package_id, supporting_project_id) VALUES (726, '["창작"]', 5, 726, 19, 726);
INSERT INTO supporting_projects(supporting_project_id, supported_at, delivery_id, payment_id, project_id, user_id) VALUES (727, (SELECT projects.start_date + INTERVAL 9 DAY FROM projects WHERE projects.id=19), 727, 727, 19, 19);
INSERT INTO orders (order_id, created_at, delivery_id, payment_id, supporting_project_id) VALUES (727, (SELECT projects.start_date + INTERVAL 9 DAY FROM projects WHERE projects.id=19), 1, 727, 727);
INSERT INTO supporting_packages(id, option_list, package_count, order_id, project_package_id, supporting_project_id) VALUES (727, '["기초"]', 5, 727, 19, 727);
INSERT INTO supporting_projects(supporting_project_id, supported_at, delivery_id, payment_id, project_id, user_id) VALUES (728, (SELECT projects.start_date + INTERVAL 26 DAY FROM projects WHERE projects.id=19), 728, 728, 19, 9);
INSERT INTO orders (order_id, created_at, delivery_id, payment_id, supporting_project_id) VALUES (728, (SELECT projects.start_date + INTERVAL 26 DAY FROM projects WHERE projects.id=19), 1, 728, 728);
INSERT INTO supporting_packages(id, option_list, package_count, order_id, project_package_id, supporting_project_id) VALUES (728, '["창작"]', 5, 728, 19, 728);
INSERT INTO supporting_projects(supporting_project_id, supported_at, delivery_id, payment_id, project_id, user_id) VALUES (729, (SELECT projects.start_date + INTERVAL 29 DAY FROM projects WHERE projects.id=19), 729, 729, 19, 32);
INSERT INTO orders (order_id, created_at, delivery_id, payment_id, supporting_project_id) VALUES (729, (SELECT projects.start_date + INTERVAL 29 DAY FROM projects WHERE projects.id=19), 1, 729, 729);
INSERT INTO supporting_packages(id, option_list, package_count, order_id, project_package_id, supporting_project_id) VALUES (729, '["응용"]', 7, 729, 19, 729);
INSERT INTO supporting_projects(supporting_project_id, supported_at, delivery_id, payment_id, project_id, user_id) VALUES (730, (SELECT projects.start_date + INTERVAL 49 DAY FROM projects WHERE projects.id=19), 730, 730, 19, 20);
INSERT INTO orders (order_id, created_at, delivery_id, payment_id, supporting_project_id) VALUES (730, (SELECT projects.start_date + INTERVAL 49 DAY FROM projects WHERE projects.id=19), 1, 730, 730);
INSERT INTO supporting_packages(id, option_list, package_count, order_id, project_package_id, supporting_project_id) VALUES (730, '["창작"]', 10, 730, 19, 730);
INSERT INTO supporting_projects(supporting_project_id, supported_at, delivery_id, payment_id, project_id, user_id) VALUES (731, (SELECT projects.start_date + INTERVAL 17 DAY FROM projects WHERE projects.id=19), 731, 731, 19, 40);
INSERT INTO orders (order_id, created_at, delivery_id, payment_id, supporting_project_id) VALUES (731, (SELECT projects.start_date + INTERVAL 17 DAY FROM projects WHERE projects.id=19), 1, 731, 731);
INSERT INTO supporting_packages(id, option_list, package_count, order_id, project_package_id, supporting_project_id) VALUES (731, '["응용"]', 7, 731, 19, 731);
INSERT INTO supporting_projects(supporting_project_id, supported_at, delivery_id, payment_id, project_id, user_id) VALUES (732, (SELECT projects.start_date + INTERVAL 25 DAY FROM projects WHERE projects.id=19), 732, 732, 19, 11);
INSERT INTO orders (order_id, created_at, delivery_id, payment_id, supporting_project_id) VALUES (732, (SELECT projects.start_date + INTERVAL 25 DAY FROM projects WHERE projects.id=19), 1, 732, 732);
INSERT INTO supporting_packages(id, option_list, package_count, order_id, project_package_id, supporting_project_id) VALUES (732, '["응용"]', 6, 732, 19, 732);
INSERT INTO supporting_projects(supporting_project_id, supported_at, delivery_id, payment_id, project_id, user_id) VALUES (733, (SELECT projects.start_date + INTERVAL 19 DAY FROM projects WHERE projects.id=19), 733, 733, 19, 28);
INSERT INTO orders (order_id, created_at, delivery_id, payment_id, supporting_project_id) VALUES (733, (SELECT projects.start_date + INTERVAL 19 DAY FROM projects WHERE projects.id=19), 1, 733, 733);
INSERT INTO supporting_packages(id, option_list, package_count, order_id, project_package_id, supporting_project_id) VALUES (733, '["기초"]', 8, 733, 19, 733);
INSERT INTO supporting_projects(supporting_project_id, supported_at, delivery_id, payment_id, project_id, user_id) VALUES (734, (SELECT projects.start_date + INTERVAL 42 DAY FROM projects WHERE projects.id=19), 734, 734, 19, 22);
INSERT INTO orders (order_id, created_at, delivery_id, payment_id, supporting_project_id) VALUES (734, (SELECT projects.start_date + INTERVAL 42 DAY FROM projects WHERE projects.id=19), 1, 734, 734);
INSERT INTO supporting_packages(id, option_list, package_count, order_id, project_package_id, supporting_project_id) VALUES (734, '["기초"]', 4, 734, 19, 734);
INSERT INTO supporting_projects(supporting_project_id, supported_at, delivery_id, payment_id, project_id, user_id) VALUES (735, (SELECT projects.start_date + INTERVAL 6 DAY FROM projects WHERE projects.id=19), 735, 735, 19, 5);
INSERT INTO orders (order_id, created_at, delivery_id, payment_id, supporting_project_id) VALUES (735, (SELECT projects.start_date + INTERVAL 6 DAY FROM projects WHERE projects.id=19), 1, 735, 735);
INSERT INTO supporting_packages(id, option_list, package_count, order_id, project_package_id, supporting_project_id) VALUES (735, '["창작"]', 8, 735, 19, 735);
INSERT INTO supporting_projects(supporting_project_id, supported_at, delivery_id, payment_id, project_id, user_id) VALUES (736, (SELECT projects.start_date + INTERVAL 32 DAY FROM projects WHERE projects.id=19), 736, 736, 19, 14);
INSERT INTO orders (order_id, created_at, delivery_id, payment_id, supporting_project_id) VALUES (736, (SELECT projects.start_date + INTERVAL 32 DAY FROM projects WHERE projects.id=19), 1, 736, 736);
INSERT INTO supporting_packages(id, option_list, package_count, order_id, project_package_id, supporting_project_id) VALUES (736, '["창작"]', 8, 736, 19, 736);
INSERT INTO supporting_projects(supporting_project_id, supported_at, delivery_id, payment_id, project_id, user_id) VALUES (737, (SELECT projects.start_date + INTERVAL 6 DAY FROM projects WHERE projects.id=19), 737, 737, 19, 9);
INSERT INTO orders (order_id, created_at, delivery_id, payment_id, supporting_project_id) VALUES (737, (SELECT projects.start_date + INTERVAL 6 DAY FROM projects WHERE projects.id=19), 1, 737, 737);
INSERT INTO supporting_packages(id, option_list, package_count, order_id, project_package_id, supporting_project_id) VALUES (737, '["응용"]', 10, 737, 19, 737);
INSERT INTO supporting_projects(supporting_project_id, supported_at, delivery_id, payment_id, project_id, user_id) VALUES (738, (SELECT projects.start_date + INTERVAL 14 DAY FROM projects WHERE projects.id=19), 738, 738, 19, 25);
INSERT INTO orders (order_id, created_at, delivery_id, payment_id, supporting_project_id) VALUES (738, (SELECT projects.start_date + INTERVAL 14 DAY FROM projects WHERE projects.id=19), 1, 738, 738);
INSERT INTO supporting_packages(id, option_list, package_count, order_id, project_package_id, supporting_project_id) VALUES (738, '["창작"]', 5, 738, 19, 738);
INSERT INTO supporting_projects(supporting_project_id, supported_at, delivery_id, payment_id, project_id, user_id) VALUES (739, (SELECT projects.start_date + INTERVAL 49 DAY FROM projects WHERE projects.id=19), 739, 739, 19, 21);
INSERT INTO orders (order_id, created_at, delivery_id, payment_id, supporting_project_id) VALUES (739, (SELECT projects.start_date + INTERVAL 49 DAY FROM projects WHERE projects.id=19), 1, 739, 739);
INSERT INTO supporting_packages(id, option_list, package_count, order_id, project_package_id, supporting_project_id) VALUES (739, '["응용"]', 5, 739, 19, 739);
INSERT INTO supporting_projects(supporting_project_id, supported_at, delivery_id, payment_id, project_id, user_id) VALUES (740, (SELECT projects.start_date + INTERVAL 31 DAY FROM projects WHERE projects.id=19), 740, 740, 19, 2);
INSERT INTO orders (order_id, created_at, delivery_id, payment_id, supporting_project_id) VALUES (740, (SELECT projects.start_date + INTERVAL 31 DAY FROM projects WHERE projects.id=19), 1, 740, 740);
INSERT INTO supporting_packages(id, option_list, package_count, order_id, project_package_id, supporting_project_id) VALUES (740, '["응용"]', 10, 740, 19, 740);
INSERT INTO supporting_projects(supporting_project_id, supported_at, delivery_id, payment_id, project_id, user_id) VALUES (741, (SELECT projects.start_date + INTERVAL 8 DAY FROM projects WHERE projects.id=19), 741, 741, 19, 27);
INSERT INTO orders (order_id, created_at, delivery_id, payment_id, supporting_project_id) VALUES (741, (SELECT projects.start_date + INTERVAL 8 DAY FROM projects WHERE projects.id=19), 1, 741, 741);
INSERT INTO supporting_packages(id, option_list, package_count, order_id, project_package_id, supporting_project_id) VALUES (741, '["창작"]', 4, 741, 19, 741);
INSERT INTO supporting_projects(supporting_project_id, supported_at, delivery_id, payment_id, project_id, user_id) VALUES (742, (SELECT projects.start_date + INTERVAL 9 DAY FROM projects WHERE projects.id=19), 742, 742, 19, 2);
INSERT INTO orders (order_id, created_at, delivery_id, payment_id, supporting_project_id) VALUES (742, (SELECT projects.start_date + INTERVAL 9 DAY FROM projects WHERE projects.id=19), 1, 742, 742);
INSERT INTO supporting_packages(id, option_list, package_count, order_id, project_package_id, supporting_project_id) VALUES (742, '["기초"]', 9, 742, 19, 742);
INSERT INTO supporting_projects(supporting_project_id, supported_at, delivery_id, payment_id, project_id, user_id) VALUES (743, (SELECT projects.start_date + INTERVAL 12 DAY FROM projects WHERE projects.id=19), 743, 743, 19, 25);
INSERT INTO orders (order_id, created_at, delivery_id, payment_id, supporting_project_id) VALUES (743, (SELECT projects.start_date + INTERVAL 12 DAY FROM projects WHERE projects.id=19), 1, 743, 743);
INSERT INTO supporting_packages(id, option_list, package_count, order_id, project_package_id, supporting_project_id) VALUES (743, '["창작"]', 2, 743, 19, 743);
INSERT INTO supporting_projects(supporting_project_id, supported_at, delivery_id, payment_id, project_id, user_id) VALUES (744, (SELECT projects.start_date + INTERVAL 33 DAY FROM projects WHERE projects.id=19), 744, 744, 19, 4);
INSERT INTO orders (order_id, created_at, delivery_id, payment_id, supporting_project_id) VALUES (744, (SELECT projects.start_date + INTERVAL 33 DAY FROM projects WHERE projects.id=19), 1, 744, 744);
INSERT INTO supporting_packages(id, option_list, package_count, order_id, project_package_id, supporting_project_id) VALUES (744, '["응용"]', 9, 744, 19, 744);
INSERT INTO supporting_projects(supporting_project_id, supported_at, delivery_id, payment_id, project_id, user_id) VALUES (745, (SELECT projects.start_date + INTERVAL 38 DAY FROM projects WHERE projects.id=19), 745, 745, 19, 8);
INSERT INTO orders (order_id, created_at, delivery_id, payment_id, supporting_project_id) VALUES (745, (SELECT projects.start_date + INTERVAL 38 DAY FROM projects WHERE projects.id=19), 1, 745, 745);
INSERT INTO supporting_packages(id, option_list, package_count, order_id, project_package_id, supporting_project_id) VALUES (745, '["응용"]', 5, 745, 19, 745);
INSERT INTO supporting_projects(supporting_project_id, supported_at, delivery_id, payment_id, project_id, user_id) VALUES (746, (SELECT projects.start_date + INTERVAL 2 DAY FROM projects WHERE projects.id=19), 746, 746, 19, 26);
INSERT INTO orders (order_id, created_at, delivery_id, payment_id, supporting_project_id) VALUES (746, (SELECT projects.start_date + INTERVAL 2 DAY FROM projects WHERE projects.id=19), 1, 746, 746);
INSERT INTO supporting_packages(id, option_list, package_count, order_id, project_package_id, supporting_project_id) VALUES (746, '["기초"]', 1, 746, 19, 746);
INSERT INTO supporting_projects(supporting_project_id, supported_at, delivery_id, payment_id, project_id, user_id) VALUES (747, (SELECT projects.start_date + INTERVAL 19 DAY FROM projects WHERE projects.id=19), 747, 747, 19, 11);
INSERT INTO orders (order_id, created_at, delivery_id, payment_id, supporting_project_id) VALUES (747, (SELECT projects.start_date + INTERVAL 19 DAY FROM projects WHERE projects.id=19), 1, 747, 747);
INSERT INTO supporting_packages(id, option_list, package_count, order_id, project_package_id, supporting_project_id) VALUES (747, '["응용"]', 3, 747, 19, 747);
INSERT INTO supporting_projects(supporting_project_id, supported_at, delivery_id, payment_id, project_id, user_id) VALUES (748, (SELECT projects.start_date + INTERVAL 11 DAY FROM projects WHERE projects.id=19), 748, 748, 19, 15);
INSERT INTO orders (order_id, created_at, delivery_id, payment_id, supporting_project_id) VALUES (748, (SELECT projects.start_date + INTERVAL 11 DAY FROM projects WHERE projects.id=19), 1, 748, 748);
INSERT INTO supporting_packages(id, option_list, package_count, order_id, project_package_id, supporting_project_id) VALUES (748, '["응용"]', 7, 748, 19, 748);
INSERT INTO supporting_projects(supporting_project_id, supported_at, delivery_id, payment_id, project_id, user_id) VALUES (749, (SELECT projects.start_date + INTERVAL 2 DAY FROM projects WHERE projects.id=19), 749, 749, 19, 13);
INSERT INTO orders (order_id, created_at, delivery_id, payment_id, supporting_project_id) VALUES (749, (SELECT projects.start_date + INTERVAL 2 DAY FROM projects WHERE projects.id=19), 1, 749, 749);
INSERT INTO supporting_packages(id, option_list, package_count, order_id, project_package_id, supporting_project_id) VALUES (749, '["응용"]', 6, 749, 19, 749);
INSERT INTO supporting_projects(supporting_project_id, supported_at, delivery_id, payment_id, project_id, user_id) VALUES (750, (SELECT projects.start_date + INTERVAL 10 DAY FROM projects WHERE projects.id=19), 750, 750, 19, 5);
INSERT INTO orders (order_id, created_at, delivery_id, payment_id, supporting_project_id) VALUES (750, (SELECT projects.start_date + INTERVAL 10 DAY FROM projects WHERE projects.id=19), 1, 750, 750);
INSERT INTO supporting_packages(id, option_list, package_count, order_id, project_package_id, supporting_project_id) VALUES (750, '["창작"]', 4, 750, 19, 750);
INSERT INTO supporting_projects(supporting_project_id, supported_at, delivery_id, payment_id, project_id, user_id) VALUES (751, (SELECT projects.start_date + INTERVAL 29 DAY FROM projects WHERE projects.id=19), 751, 751, 19, 27);
INSERT INTO orders (order_id, created_at, delivery_id, payment_id, supporting_project_id) VALUES (751, (SELECT projects.start_date + INTERVAL 29 DAY FROM projects WHERE projects.id=19), 1, 751, 751);
INSERT INTO supporting_packages(id, option_list, package_count, order_id, project_package_id, supporting_project_id) VALUES (751, '["응용"]', 7, 751, 19, 751);
INSERT INTO supporting_projects(supporting_project_id, supported_at, delivery_id, payment_id, project_id, user_id) VALUES (752, (SELECT projects.start_date + INTERVAL 30 DAY FROM projects WHERE projects.id=19), 752, 752, 19, 13);
INSERT INTO orders (order_id, created_at, delivery_id, payment_id, supporting_project_id) VALUES (752, (SELECT projects.start_date + INTERVAL 30 DAY FROM projects WHERE projects.id=19), 1, 752, 752);
INSERT INTO supporting_packages(id, option_list, package_count, order_id, project_package_id, supporting_project_id) VALUES (752, '["응용"]', 7, 752, 19, 752);
INSERT INTO supporting_projects(supporting_project_id, supported_at, delivery_id, payment_id, project_id, user_id) VALUES (753, (SELECT projects.start_date + INTERVAL 47 DAY FROM projects WHERE projects.id=19), 753, 753, 19, 13);
INSERT INTO orders (order_id, created_at, delivery_id, payment_id, supporting_project_id) VALUES (753, (SELECT projects.start_date + INTERVAL 47 DAY FROM projects WHERE projects.id=19), 1, 753, 753);
INSERT INTO supporting_packages(id, option_list, package_count, order_id, project_package_id, supporting_project_id) VALUES (753, '["창작"]', 4, 753, 19, 753);
INSERT INTO supporting_projects(supporting_project_id, supported_at, delivery_id, payment_id, project_id, user_id) VALUES (754, (SELECT projects.start_date + INTERVAL 45 DAY FROM projects WHERE projects.id=19), 754, 754, 19, 39);
INSERT INTO orders (order_id, created_at, delivery_id, payment_id, supporting_project_id) VALUES (754, (SELECT projects.start_date + INTERVAL 45 DAY FROM projects WHERE projects.id=19), 1, 754, 754);
INSERT INTO supporting_packages(id, option_list, package_count, order_id, project_package_id, supporting_project_id) VALUES (754, '["응용"]', 10, 754, 19, 754);
INSERT INTO supporting_projects(supporting_project_id, supported_at, delivery_id, payment_id, project_id, user_id) VALUES (755, (SELECT projects.start_date + INTERVAL 38 DAY FROM projects WHERE projects.id=19), 755, 755, 19, 18);
INSERT INTO orders (order_id, created_at, delivery_id, payment_id, supporting_project_id) VALUES (755, (SELECT projects.start_date + INTERVAL 38 DAY FROM projects WHERE projects.id=19), 1, 755, 755);
INSERT INTO supporting_packages(id, option_list, package_count, order_id, project_package_id, supporting_project_id) VALUES (755, '["기초"]', 2, 755, 19, 755);
INSERT INTO supporting_projects(supporting_project_id, supported_at, delivery_id, payment_id, project_id, user_id) VALUES (756, (SELECT projects.start_date + INTERVAL 22 DAY FROM projects WHERE projects.id=19), 756, 756, 19, 9);
INSERT INTO orders (order_id, created_at, delivery_id, payment_id, supporting_project_id) VALUES (756, (SELECT projects.start_date + INTERVAL 22 DAY FROM projects WHERE projects.id=19), 1, 756, 756);
INSERT INTO supporting_packages(id, option_list, package_count, order_id, project_package_id, supporting_project_id) VALUES (756, '["창작"]', 7, 756, 19, 756);
INSERT INTO supporting_projects(supporting_project_id, supported_at, delivery_id, payment_id, project_id, user_id) VALUES (757, (SELECT projects.start_date + INTERVAL 48 DAY FROM projects WHERE projects.id=19), 757, 757, 19, 19);
INSERT INTO orders (order_id, created_at, delivery_id, payment_id, supporting_project_id) VALUES (757, (SELECT projects.start_date + INTERVAL 48 DAY FROM projects WHERE projects.id=19), 1, 757, 757);
INSERT INTO supporting_packages(id, option_list, package_count, order_id, project_package_id, supporting_project_id) VALUES (757, '["기초"]', 6, 757, 19, 757);
INSERT INTO supporting_projects(supporting_project_id, supported_at, delivery_id, payment_id, project_id, user_id) VALUES (758, (SELECT projects.start_date + INTERVAL 26 DAY FROM projects WHERE projects.id=19), 758, 758, 19, 34);
INSERT INTO orders (order_id, created_at, delivery_id, payment_id, supporting_project_id) VALUES (758, (SELECT projects.start_date + INTERVAL 26 DAY FROM projects WHERE projects.id=19), 1, 758, 758);
INSERT INTO supporting_packages(id, option_list, package_count, order_id, project_package_id, supporting_project_id) VALUES (758, '["기초"]', 5, 758, 19, 758);
INSERT INTO supporting_projects(supporting_project_id, supported_at, delivery_id, payment_id, project_id, user_id) VALUES (759, (SELECT projects.start_date + INTERVAL 31 DAY FROM projects WHERE projects.id=19), 759, 759, 19, 33);
INSERT INTO orders (order_id, created_at, delivery_id, payment_id, supporting_project_id) VALUES (759, (SELECT projects.start_date + INTERVAL 31 DAY FROM projects WHERE projects.id=19), 1, 759, 759);
INSERT INTO supporting_packages(id, option_list, package_count, order_id, project_package_id, supporting_project_id) VALUES (759, '["기초"]', 6, 759, 19, 759);
INSERT INTO supporting_projects(supporting_project_id, supported_at, delivery_id, payment_id, project_id, user_id) VALUES (760, (SELECT projects.start_date + INTERVAL 46 DAY FROM projects WHERE projects.id=19), 760, 760, 19, 13);
INSERT INTO orders (order_id, created_at, delivery_id, payment_id, supporting_project_id) VALUES (760, (SELECT projects.start_date + INTERVAL 46 DAY FROM projects WHERE projects.id=19), 1, 760, 760);
INSERT INTO supporting_packages(id, option_list, package_count, order_id, project_package_id, supporting_project_id) VALUES (760, '["응용"]', 2, 760, 19, 760);
INSERT INTO supporting_projects(supporting_project_id, supported_at, delivery_id, payment_id, project_id, user_id) VALUES (761, (SELECT projects.start_date + INTERVAL 50 DAY FROM projects WHERE projects.id=19), 761, 761, 19, 22);
INSERT INTO orders (order_id, created_at, delivery_id, payment_id, supporting_project_id) VALUES (761, (SELECT projects.start_date + INTERVAL 50 DAY FROM projects WHERE projects.id=19), 1, 761, 761);
INSERT INTO supporting_packages(id, option_list, package_count, order_id, project_package_id, supporting_project_id) VALUES (761, '["기초"]', 2, 761, 19, 761);
INSERT INTO supporting_projects(supporting_project_id, supported_at, delivery_id, payment_id, project_id, user_id) VALUES (762, (SELECT projects.start_date + INTERVAL 2 DAY FROM projects WHERE projects.id=19), 762, 762, 19, 19);
INSERT INTO orders (order_id, created_at, delivery_id, payment_id, supporting_project_id) VALUES (762, (SELECT projects.start_date + INTERVAL 2 DAY FROM projects WHERE projects.id=19), 1, 762, 762);
INSERT INTO supporting_packages(id, option_list, package_count, order_id, project_package_id, supporting_project_id) VALUES (762, '["창작"]', 1, 762, 19, 762);
INSERT INTO supporting_projects(supporting_project_id, supported_at, delivery_id, payment_id, project_id, user_id) VALUES (763, (SELECT projects.start_date + INTERVAL 33 DAY FROM projects WHERE projects.id=19), 763, 763, 19, 32);
INSERT INTO orders (order_id, created_at, delivery_id, payment_id, supporting_project_id) VALUES (763, (SELECT projects.start_date + INTERVAL 33 DAY FROM projects WHERE projects.id=19), 1, 763, 763);
INSERT INTO supporting_packages(id, option_list, package_count, order_id, project_package_id, supporting_project_id) VALUES (763, '["창작"]', 2, 763, 19, 763);
INSERT INTO supporting_projects(supporting_project_id, supported_at, delivery_id, payment_id, project_id, user_id) VALUES (764, (SELECT projects.start_date + INTERVAL 44 DAY FROM projects WHERE projects.id=19), 764, 764, 19, 38);
INSERT INTO orders (order_id, created_at, delivery_id, payment_id, supporting_project_id) VALUES (764, (SELECT projects.start_date + INTERVAL 44 DAY FROM projects WHERE projects.id=19), 1, 764, 764);
INSERT INTO supporting_packages(id, option_list, package_count, order_id, project_package_id, supporting_project_id) VALUES (764, '["기초"]', 5, 764, 19, 764);
INSERT INTO supporting_projects(supporting_project_id, supported_at, delivery_id, payment_id, project_id, user_id) VALUES (765, (SELECT projects.start_date + INTERVAL 40 DAY FROM projects WHERE projects.id=19), 765, 765, 19, 36);
INSERT INTO orders (order_id, created_at, delivery_id, payment_id, supporting_project_id) VALUES (765, (SELECT projects.start_date + INTERVAL 40 DAY FROM projects WHERE projects.id=19), 1, 765, 765);
INSERT INTO supporting_packages(id, option_list, package_count, order_id, project_package_id, supporting_project_id) VALUES (765, '["응용"]', 4, 765, 19, 765);
INSERT INTO supporting_projects(supporting_project_id, supported_at, delivery_id, payment_id, project_id, user_id) VALUES (766, (SELECT projects.start_date + INTERVAL 28 DAY FROM projects WHERE projects.id=19), 766, 766, 19, 12);
INSERT INTO orders (order_id, created_at, delivery_id, payment_id, supporting_project_id) VALUES (766, (SELECT projects.start_date + INTERVAL 28 DAY FROM projects WHERE projects.id=19), 1, 766, 766);
INSERT INTO supporting_packages(id, option_list, package_count, order_id, project_package_id, supporting_project_id) VALUES (766, '["기초"]', 8, 766, 19, 766);
INSERT INTO supporting_projects(supporting_project_id, supported_at, delivery_id, payment_id, project_id, user_id) VALUES (767, (SELECT projects.start_date + INTERVAL 47 DAY FROM projects WHERE projects.id=19), 767, 767, 19, 5);
INSERT INTO orders (order_id, created_at, delivery_id, payment_id, supporting_project_id) VALUES (767, (SELECT projects.start_date + INTERVAL 47 DAY FROM projects WHERE projects.id=19), 1, 767, 767);
INSERT INTO supporting_packages(id, option_list, package_count, order_id, project_package_id, supporting_project_id) VALUES (767, '["기초"]', 1, 767, 19, 767);
INSERT INTO supporting_projects(supporting_project_id, supported_at, delivery_id, payment_id, project_id, user_id) VALUES (768, (SELECT projects.start_date + INTERVAL 47 DAY FROM projects WHERE projects.id=19), 768, 768, 19, 19);
INSERT INTO orders (order_id, created_at, delivery_id, payment_id, supporting_project_id) VALUES (768, (SELECT projects.start_date + INTERVAL 47 DAY FROM projects WHERE projects.id=19), 1, 768, 768);
INSERT INTO supporting_packages(id, option_list, package_count, order_id, project_package_id, supporting_project_id) VALUES (768, '["기초"]', 1, 768, 19, 768);
INSERT INTO supporting_projects(supporting_project_id, supported_at, delivery_id, payment_id, project_id, user_id) VALUES (769, (SELECT projects.start_date + INTERVAL 28 DAY FROM projects WHERE projects.id=19), 769, 769, 19, 5);
INSERT INTO orders (order_id, created_at, delivery_id, payment_id, supporting_project_id) VALUES (769, (SELECT projects.start_date + INTERVAL 28 DAY FROM projects WHERE projects.id=19), 1, 769, 769);
INSERT INTO supporting_packages(id, option_list, package_count, order_id, project_package_id, supporting_project_id) VALUES (769, '["창작"]', 9, 769, 19, 769);
INSERT INTO supporting_projects(supporting_project_id, supported_at, delivery_id, payment_id, project_id, user_id) VALUES (770, (SELECT projects.start_date + INTERVAL 6 DAY FROM projects WHERE projects.id=19), 770, 770, 19, 17);
INSERT INTO orders (order_id, created_at, delivery_id, payment_id, supporting_project_id) VALUES (770, (SELECT projects.start_date + INTERVAL 6 DAY FROM projects WHERE projects.id=19), 1, 770, 770);
INSERT INTO supporting_packages(id, option_list, package_count, order_id, project_package_id, supporting_project_id) VALUES (770, '["창작"]', 7, 770, 19, 770);
INSERT INTO supporting_projects(supporting_project_id, supported_at, delivery_id, payment_id, project_id, user_id) VALUES (771, (SELECT projects.start_date + INTERVAL 19 DAY FROM projects WHERE projects.id=19), 771, 771, 19, 40);
INSERT INTO orders (order_id, created_at, delivery_id, payment_id, supporting_project_id) VALUES (771, (SELECT projects.start_date + INTERVAL 19 DAY FROM projects WHERE projects.id=19), 1, 771, 771);
INSERT INTO supporting_packages(id, option_list, package_count, order_id, project_package_id, supporting_project_id) VALUES (771, '["창작"]', 3, 771, 19, 771);
INSERT INTO supporting_projects(supporting_project_id, supported_at, delivery_id, payment_id, project_id, user_id) VALUES (772, (SELECT projects.start_date + INTERVAL 37 DAY FROM projects WHERE projects.id=19), 772, 772, 19, 32);
INSERT INTO orders (order_id, created_at, delivery_id, payment_id, supporting_project_id) VALUES (772, (SELECT projects.start_date + INTERVAL 37 DAY FROM projects WHERE projects.id=19), 1, 772, 772);
INSERT INTO supporting_packages(id, option_list, package_count, order_id, project_package_id, supporting_project_id) VALUES (772, '["기초"]', 10, 772, 19, 772);
INSERT INTO supporting_projects(supporting_project_id, supported_at, delivery_id, payment_id, project_id, user_id) VALUES (773, (SELECT projects.start_date + INTERVAL 46 DAY FROM projects WHERE projects.id=23), 773, 773, 23, 36);
INSERT INTO orders (order_id, created_at, delivery_id, payment_id, supporting_project_id) VALUES (773, (SELECT projects.start_date + INTERVAL 46 DAY FROM projects WHERE projects.id=23), 1, 773, 773);
INSERT INTO supporting_packages(id, option_list, package_count, order_id, project_package_id, supporting_project_id) VALUES (773, '["연기 클래스"]', 2, 773, 23, 773);
INSERT INTO supporting_projects(supporting_project_id, supported_at, delivery_id, payment_id, project_id, user_id) VALUES (774, (SELECT projects.start_date + INTERVAL 19 DAY FROM projects WHERE projects.id=23), 774, 774, 23, 13);
INSERT INTO orders (order_id, created_at, delivery_id, payment_id, supporting_project_id) VALUES (774, (SELECT projects.start_date + INTERVAL 19 DAY FROM projects WHERE projects.id=23), 1, 774, 774);
INSERT INTO supporting_packages(id, option_list, package_count, order_id, project_package_id, supporting_project_id) VALUES (774, '["연기 클래스"]', 8, 774, 23, 774);
INSERT INTO supporting_projects(supporting_project_id, supported_at, delivery_id, payment_id, project_id, user_id) VALUES (775, (SELECT projects.start_date + INTERVAL 6 DAY FROM projects WHERE projects.id=23), 775, 775, 23, 4);
INSERT INTO orders (order_id, created_at, delivery_id, payment_id, supporting_project_id) VALUES (775, (SELECT projects.start_date + INTERVAL 6 DAY FROM projects WHERE projects.id=23), 1, 775, 775);
INSERT INTO supporting_packages(id, option_list, package_count, order_id, project_package_id, supporting_project_id) VALUES (775, '["촬영 현장 방문권"]', 7, 775, 23, 775);
INSERT INTO supporting_projects(supporting_project_id, supported_at, delivery_id, payment_id, project_id, user_id) VALUES (776, (SELECT projects.start_date + INTERVAL 24 DAY FROM projects WHERE projects.id=23), 776, 776, 23, 25);
INSERT INTO orders (order_id, created_at, delivery_id, payment_id, supporting_project_id) VALUES (776, (SELECT projects.start_date + INTERVAL 24 DAY FROM projects WHERE projects.id=23), 1, 776, 776);
INSERT INTO supporting_packages(id, option_list, package_count, order_id, project_package_id, supporting_project_id) VALUES (776, '["연기 클래스"]', 10, 776, 23, 776);
INSERT INTO supporting_projects(supporting_project_id, supported_at, delivery_id, payment_id, project_id, user_id) VALUES (777, (SELECT projects.start_date + INTERVAL 31 DAY FROM projects WHERE projects.id=23), 777, 777, 23, 10);
INSERT INTO orders (order_id, created_at, delivery_id, payment_id, supporting_project_id) VALUES (777, (SELECT projects.start_date + INTERVAL 31 DAY FROM projects WHERE projects.id=23), 1, 777, 777);
INSERT INTO supporting_packages(id, option_list, package_count, order_id, project_package_id, supporting_project_id) VALUES (777, '["촬영 현장 방문권"]', 10, 777, 23, 777);
INSERT INTO supporting_projects(supporting_project_id, supported_at, delivery_id, payment_id, project_id, user_id) VALUES (778, (SELECT projects.start_date + INTERVAL 49 DAY FROM projects WHERE projects.id=23), 778, 778, 23, 34);
INSERT INTO orders (order_id, created_at, delivery_id, payment_id, supporting_project_id) VALUES (778, (SELECT projects.start_date + INTERVAL 49 DAY FROM projects WHERE projects.id=23), 1, 778, 778);
INSERT INTO supporting_packages(id, option_list, package_count, order_id, project_package_id, supporting_project_id) VALUES (778, '["촬영 현장 방문권"]', 5, 778, 23, 778);
INSERT INTO supporting_projects(supporting_project_id, supported_at, delivery_id, payment_id, project_id, user_id) VALUES (779, (SELECT projects.start_date + INTERVAL 31 DAY FROM projects WHERE projects.id=23), 779, 779, 23, 23);
INSERT INTO orders (order_id, created_at, delivery_id, payment_id, supporting_project_id) VALUES (779, (SELECT projects.start_date + INTERVAL 31 DAY FROM projects WHERE projects.id=23), 1, 779, 779);
INSERT INTO supporting_packages(id, option_list, package_count, order_id, project_package_id, supporting_project_id) VALUES (779, '["연기 클래스"]', 5, 779, 23, 779);
INSERT INTO supporting_projects(supporting_project_id, supported_at, delivery_id, payment_id, project_id, user_id) VALUES (780, (SELECT projects.start_date + INTERVAL 3 DAY FROM projects WHERE projects.id=23), 780, 780, 23, 36);
INSERT INTO orders (order_id, created_at, delivery_id, payment_id, supporting_project_id) VALUES (780, (SELECT projects.start_date + INTERVAL 3 DAY FROM projects WHERE projects.id=23), 1, 780, 780);
INSERT INTO supporting_packages(id, option_list, package_count, order_id, project_package_id, supporting_project_id) VALUES (780, '["연기 클래스"]', 6, 780, 23, 780);
INSERT INTO supporting_projects(supporting_project_id, supported_at, delivery_id, payment_id, project_id, user_id) VALUES (781, (SELECT projects.start_date + INTERVAL 30 DAY FROM projects WHERE projects.id=23), 781, 781, 23, 17);
INSERT INTO orders (order_id, created_at, delivery_id, payment_id, supporting_project_id) VALUES (781, (SELECT projects.start_date + INTERVAL 30 DAY FROM projects WHERE projects.id=23), 1, 781, 781);
INSERT INTO supporting_packages(id, option_list, package_count, order_id, project_package_id, supporting_project_id) VALUES (781, '["시나리오 작성 가이드"]', 10, 781, 23, 781);
INSERT INTO supporting_projects(supporting_project_id, supported_at, delivery_id, payment_id, project_id, user_id) VALUES (782, (SELECT projects.start_date + INTERVAL 26 DAY FROM projects WHERE projects.id=23), 782, 782, 23, 28);
INSERT INTO orders (order_id, created_at, delivery_id, payment_id, supporting_project_id) VALUES (782, (SELECT projects.start_date + INTERVAL 26 DAY FROM projects WHERE projects.id=23), 1, 782, 782);
INSERT INTO supporting_packages(id, option_list, package_count, order_id, project_package_id, supporting_project_id) VALUES (782, '["촬영 현장 방문권"]', 10, 782, 23, 782);
INSERT INTO supporting_projects(supporting_project_id, supported_at, delivery_id, payment_id, project_id, user_id) VALUES (783, (SELECT projects.start_date + INTERVAL 22 DAY FROM projects WHERE projects.id=23), 783, 783, 23, 2);
INSERT INTO orders (order_id, created_at, delivery_id, payment_id, supporting_project_id) VALUES (783, (SELECT projects.start_date + INTERVAL 22 DAY FROM projects WHERE projects.id=23), 1, 783, 783);
INSERT INTO supporting_packages(id, option_list, package_count, order_id, project_package_id, supporting_project_id) VALUES (783, '["연기 클래스"]', 9, 783, 23, 783);
INSERT INTO supporting_projects(supporting_project_id, supported_at, delivery_id, payment_id, project_id, user_id) VALUES (784, (SELECT projects.start_date + INTERVAL 39 DAY FROM projects WHERE projects.id=23), 784, 784, 23, 33);
INSERT INTO orders (order_id, created_at, delivery_id, payment_id, supporting_project_id) VALUES (784, (SELECT projects.start_date + INTERVAL 39 DAY FROM projects WHERE projects.id=23), 1, 784, 784);
INSERT INTO supporting_packages(id, option_list, package_count, order_id, project_package_id, supporting_project_id) VALUES (784, '["시나리오 작성 가이드"]', 5, 784, 23, 784);
INSERT INTO supporting_projects(supporting_project_id, supported_at, delivery_id, payment_id, project_id, user_id) VALUES (785, (SELECT projects.start_date + INTERVAL 14 DAY FROM projects WHERE projects.id=23), 785, 785, 23, 28);
INSERT INTO orders (order_id, created_at, delivery_id, payment_id, supporting_project_id) VALUES (785, (SELECT projects.start_date + INTERVAL 14 DAY FROM projects WHERE projects.id=23), 1, 785, 785);
INSERT INTO supporting_packages(id, option_list, package_count, order_id, project_package_id, supporting_project_id) VALUES (785, '["연기 클래스"]', 5, 785, 23, 785);
INSERT INTO supporting_projects(supporting_project_id, supported_at, delivery_id, payment_id, project_id, user_id) VALUES (786, (SELECT projects.start_date + INTERVAL 50 DAY FROM projects WHERE projects.id=23), 786, 786, 23, 31);
INSERT INTO orders (order_id, created_at, delivery_id, payment_id, supporting_project_id) VALUES (786, (SELECT projects.start_date + INTERVAL 50 DAY FROM projects WHERE projects.id=23), 1, 786, 786);
INSERT INTO supporting_packages(id, option_list, package_count, order_id, project_package_id, supporting_project_id) VALUES (786, '["연기 클래스"]', 4, 786, 23, 786);
INSERT INTO supporting_projects(supporting_project_id, supported_at, delivery_id, payment_id, project_id, user_id) VALUES (787, (SELECT projects.start_date + INTERVAL 4 DAY FROM projects WHERE projects.id=23), 787, 787, 23, 18);
INSERT INTO orders (order_id, created_at, delivery_id, payment_id, supporting_project_id) VALUES (787, (SELECT projects.start_date + INTERVAL 4 DAY FROM projects WHERE projects.id=23), 1, 787, 787);
INSERT INTO supporting_packages(id, option_list, package_count, order_id, project_package_id, supporting_project_id) VALUES (787, '["촬영 현장 방문권"]', 10, 787, 23, 787);
INSERT INTO supporting_projects(supporting_project_id, supported_at, delivery_id, payment_id, project_id, user_id) VALUES (788, (SELECT projects.start_date + INTERVAL 14 DAY FROM projects WHERE projects.id=23), 788, 788, 23, 14);
INSERT INTO orders (order_id, created_at, delivery_id, payment_id, supporting_project_id) VALUES (788, (SELECT projects.start_date + INTERVAL 14 DAY FROM projects WHERE projects.id=23), 1, 788, 788);
INSERT INTO supporting_packages(id, option_list, package_count, order_id, project_package_id, supporting_project_id) VALUES (788, '["연기 클래스"]', 2, 788, 23, 788);
INSERT INTO supporting_projects(supporting_project_id, supported_at, delivery_id, payment_id, project_id, user_id) VALUES (789, (SELECT projects.start_date + INTERVAL 38 DAY FROM projects WHERE projects.id=23), 789, 789, 23, 4);
INSERT INTO orders (order_id, created_at, delivery_id, payment_id, supporting_project_id) VALUES (789, (SELECT projects.start_date + INTERVAL 38 DAY FROM projects WHERE projects.id=23), 1, 789, 789);
INSERT INTO supporting_packages(id, option_list, package_count, order_id, project_package_id, supporting_project_id) VALUES (789, '["시나리오 작성 가이드"]', 3, 789, 23, 789);
INSERT INTO supporting_projects(supporting_project_id, supported_at, delivery_id, payment_id, project_id, user_id) VALUES (790, (SELECT projects.start_date + INTERVAL 50 DAY FROM projects WHERE projects.id=23), 790, 790, 23, 22);
INSERT INTO orders (order_id, created_at, delivery_id, payment_id, supporting_project_id) VALUES (790, (SELECT projects.start_date + INTERVAL 50 DAY FROM projects WHERE projects.id=23), 1, 790, 790);
INSERT INTO supporting_packages(id, option_list, package_count, order_id, project_package_id, supporting_project_id) VALUES (790, '["시나리오 작성 가이드"]', 8, 790, 23, 790);
INSERT INTO supporting_projects(supporting_project_id, supported_at, delivery_id, payment_id, project_id, user_id) VALUES (791, (SELECT projects.start_date + INTERVAL 42 DAY FROM projects WHERE projects.id=23), 791, 791, 23, 17);
INSERT INTO orders (order_id, created_at, delivery_id, payment_id, supporting_project_id) VALUES (791, (SELECT projects.start_date + INTERVAL 42 DAY FROM projects WHERE projects.id=23), 1, 791, 791);
INSERT INTO supporting_packages(id, option_list, package_count, order_id, project_package_id, supporting_project_id) VALUES (791, '["연기 클래스"]', 3, 791, 23, 791);
INSERT INTO supporting_projects(supporting_project_id, supported_at, delivery_id, payment_id, project_id, user_id) VALUES (792, (SELECT projects.start_date + INTERVAL 46 DAY FROM projects WHERE projects.id=23), 792, 792, 23, 23);
INSERT INTO orders (order_id, created_at, delivery_id, payment_id, supporting_project_id) VALUES (792, (SELECT projects.start_date + INTERVAL 46 DAY FROM projects WHERE projects.id=23), 1, 792, 792);
INSERT INTO supporting_packages(id, option_list, package_count, order_id, project_package_id, supporting_project_id) VALUES (792, '["연기 클래스"]', 4, 792, 23, 792);
INSERT INTO supporting_projects(supporting_project_id, supported_at, delivery_id, payment_id, project_id, user_id) VALUES (793, (SELECT projects.start_date + INTERVAL 32 DAY FROM projects WHERE projects.id=23), 793, 793, 23, 18);
INSERT INTO orders (order_id, created_at, delivery_id, payment_id, supporting_project_id) VALUES (793, (SELECT projects.start_date + INTERVAL 32 DAY FROM projects WHERE projects.id=23), 1, 793, 793);
INSERT INTO supporting_packages(id, option_list, package_count, order_id, project_package_id, supporting_project_id) VALUES (793, '["연기 클래스"]', 6, 793, 23, 793);
INSERT INTO supporting_projects(supporting_project_id, supported_at, delivery_id, payment_id, project_id, user_id) VALUES (794, (SELECT projects.start_date + INTERVAL 27 DAY FROM projects WHERE projects.id=23), 794, 794, 23, 29);
INSERT INTO orders (order_id, created_at, delivery_id, payment_id, supporting_project_id) VALUES (794, (SELECT projects.start_date + INTERVAL 27 DAY FROM projects WHERE projects.id=23), 1, 794, 794);
INSERT INTO supporting_packages(id, option_list, package_count, order_id, project_package_id, supporting_project_id) VALUES (794, '["시나리오 작성 가이드"]', 6, 794, 23, 794);
INSERT INTO supporting_projects(supporting_project_id, supported_at, delivery_id, payment_id, project_id, user_id) VALUES (795, (SELECT projects.start_date + INTERVAL 3 DAY FROM projects WHERE projects.id=23), 795, 795, 23, 11);
INSERT INTO orders (order_id, created_at, delivery_id, payment_id, supporting_project_id) VALUES (795, (SELECT projects.start_date + INTERVAL 3 DAY FROM projects WHERE projects.id=23), 1, 795, 795);
INSERT INTO supporting_packages(id, option_list, package_count, order_id, project_package_id, supporting_project_id) VALUES (795, '["촬영 현장 방문권"]', 8, 795, 23, 795);
INSERT INTO supporting_projects(supporting_project_id, supported_at, delivery_id, payment_id, project_id, user_id) VALUES (796, (SELECT projects.start_date + INTERVAL 8 DAY FROM projects WHERE projects.id=23), 796, 796, 23, 24);
INSERT INTO orders (order_id, created_at, delivery_id, payment_id, supporting_project_id) VALUES (796, (SELECT projects.start_date + INTERVAL 8 DAY FROM projects WHERE projects.id=23), 1, 796, 796);
INSERT INTO supporting_packages(id, option_list, package_count, order_id, project_package_id, supporting_project_id) VALUES (796, '["촬영 현장 방문권"]', 4, 796, 23, 796);
INSERT INTO supporting_projects(supporting_project_id, supported_at, delivery_id, payment_id, project_id, user_id) VALUES (797, (SELECT projects.start_date + INTERVAL 13 DAY FROM projects WHERE projects.id=23), 797, 797, 23, 18);
INSERT INTO orders (order_id, created_at, delivery_id, payment_id, supporting_project_id) VALUES (797, (SELECT projects.start_date + INTERVAL 13 DAY FROM projects WHERE projects.id=23), 1, 797, 797);
INSERT INTO supporting_packages(id, option_list, package_count, order_id, project_package_id, supporting_project_id) VALUES (797, '["촬영 현장 방문권"]', 10, 797, 23, 797);
INSERT INTO supporting_projects(supporting_project_id, supported_at, delivery_id, payment_id, project_id, user_id) VALUES (798, (SELECT projects.start_date + INTERVAL 22 DAY FROM projects WHERE projects.id=23), 798, 798, 23, 31);
INSERT INTO orders (order_id, created_at, delivery_id, payment_id, supporting_project_id) VALUES (798, (SELECT projects.start_date + INTERVAL 22 DAY FROM projects WHERE projects.id=23), 1, 798, 798);
INSERT INTO supporting_packages(id, option_list, package_count, order_id, project_package_id, supporting_project_id) VALUES (798, '["촬영 현장 방문권"]', 6, 798, 23, 798);
INSERT INTO supporting_projects(supporting_project_id, supported_at, delivery_id, payment_id, project_id, user_id) VALUES (799, (SELECT projects.start_date + INTERVAL 31 DAY FROM projects WHERE projects.id=23), 799, 799, 23, 25);
INSERT INTO orders (order_id, created_at, delivery_id, payment_id, supporting_project_id) VALUES (799, (SELECT projects.start_date + INTERVAL 31 DAY FROM projects WHERE projects.id=23), 1, 799, 799);
INSERT INTO supporting_packages(id, option_list, package_count, order_id, project_package_id, supporting_project_id) VALUES (799, '["시나리오 작성 가이드"]', 4, 799, 23, 799);
INSERT INTO supporting_projects(supporting_project_id, supported_at, delivery_id, payment_id, project_id, user_id) VALUES (800, (SELECT projects.start_date + INTERVAL 9 DAY FROM projects WHERE projects.id=23), 800, 800, 23, 20);
INSERT INTO orders (order_id, created_at, delivery_id, payment_id, supporting_project_id) VALUES (800, (SELECT projects.start_date + INTERVAL 9 DAY FROM projects WHERE projects.id=23), 1, 800, 800);
INSERT INTO supporting_packages(id, option_list, package_count, order_id, project_package_id, supporting_project_id) VALUES (800, '["촬영 현장 방문권"]', 4, 800, 23, 800);
INSERT INTO supporting_projects(supporting_project_id, supported_at, delivery_id, payment_id, project_id, user_id) VALUES (801, (SELECT projects.start_date + INTERVAL 6 DAY FROM projects WHERE projects.id=23), 801, 801, 23, 20);
INSERT INTO orders (order_id, created_at, delivery_id, payment_id, supporting_project_id) VALUES (801, (SELECT projects.start_date + INTERVAL 6 DAY FROM projects WHERE projects.id=23), 1, 801, 801);
INSERT INTO supporting_packages(id, option_list, package_count, order_id, project_package_id, supporting_project_id) VALUES (801, '["연기 클래스"]', 10, 801, 23, 801);
INSERT INTO supporting_projects(supporting_project_id, supported_at, delivery_id, payment_id, project_id, user_id) VALUES (802, (SELECT projects.start_date + INTERVAL 30 DAY FROM projects WHERE projects.id=23), 802, 802, 23, 10);
INSERT INTO orders (order_id, created_at, delivery_id, payment_id, supporting_project_id) VALUES (802, (SELECT projects.start_date + INTERVAL 30 DAY FROM projects WHERE projects.id=23), 1, 802, 802);
INSERT INTO supporting_packages(id, option_list, package_count, order_id, project_package_id, supporting_project_id) VALUES (802, '["촬영 현장 방문권"]', 4, 802, 23, 802);
INSERT INTO supporting_projects(supporting_project_id, supported_at, delivery_id, payment_id, project_id, user_id) VALUES (803, (SELECT projects.start_date + INTERVAL 44 DAY FROM projects WHERE projects.id=23), 803, 803, 23, 35);
INSERT INTO orders (order_id, created_at, delivery_id, payment_id, supporting_project_id) VALUES (803, (SELECT projects.start_date + INTERVAL 44 DAY FROM projects WHERE projects.id=23), 1, 803, 803);
INSERT INTO supporting_packages(id, option_list, package_count, order_id, project_package_id, supporting_project_id) VALUES (803, '["시나리오 작성 가이드"]', 1, 803, 23, 803);
INSERT INTO supporting_projects(supporting_project_id, supported_at, delivery_id, payment_id, project_id, user_id) VALUES (804, (SELECT projects.start_date + INTERVAL 25 DAY FROM projects WHERE projects.id=23), 804, 804, 23, 6);
INSERT INTO orders (order_id, created_at, delivery_id, payment_id, supporting_project_id) VALUES (804, (SELECT projects.start_date + INTERVAL 25 DAY FROM projects WHERE projects.id=23), 1, 804, 804);
INSERT INTO supporting_packages(id, option_list, package_count, order_id, project_package_id, supporting_project_id) VALUES (804, '["시나리오 작성 가이드"]', 9, 804, 23, 804);
INSERT INTO supporting_projects(supporting_project_id, supported_at, delivery_id, payment_id, project_id, user_id) VALUES (805, (SELECT projects.start_date + INTERVAL 9 DAY FROM projects WHERE projects.id=23), 805, 805, 23, 24);
INSERT INTO orders (order_id, created_at, delivery_id, payment_id, supporting_project_id) VALUES (805, (SELECT projects.start_date + INTERVAL 9 DAY FROM projects WHERE projects.id=23), 1, 805, 805);
INSERT INTO supporting_packages(id, option_list, package_count, order_id, project_package_id, supporting_project_id) VALUES (805, '["시나리오 작성 가이드"]', 1, 805, 23, 805);
INSERT INTO supporting_projects(supporting_project_id, supported_at, delivery_id, payment_id, project_id, user_id) VALUES (806, (SELECT projects.start_date + INTERVAL 45 DAY FROM projects WHERE projects.id=23), 806, 806, 23, 7);
INSERT INTO orders (order_id, created_at, delivery_id, payment_id, supporting_project_id) VALUES (806, (SELECT projects.start_date + INTERVAL 45 DAY FROM projects WHERE projects.id=23), 1, 806, 806);
INSERT INTO supporting_packages(id, option_list, package_count, order_id, project_package_id, supporting_project_id) VALUES (806, '["촬영 현장 방문권"]', 1, 806, 23, 806);
INSERT INTO supporting_projects(supporting_project_id, supported_at, delivery_id, payment_id, project_id, user_id) VALUES (807, (SELECT projects.start_date + INTERVAL 32 DAY FROM projects WHERE projects.id=23), 807, 807, 23, 5);
INSERT INTO orders (order_id, created_at, delivery_id, payment_id, supporting_project_id) VALUES (807, (SELECT projects.start_date + INTERVAL 32 DAY FROM projects WHERE projects.id=23), 1, 807, 807);
INSERT INTO supporting_packages(id, option_list, package_count, order_id, project_package_id, supporting_project_id) VALUES (807, '["시나리오 작성 가이드"]', 1, 807, 23, 807);
INSERT INTO supporting_projects(supporting_project_id, supported_at, delivery_id, payment_id, project_id, user_id) VALUES (808, (SELECT projects.start_date + INTERVAL 34 DAY FROM projects WHERE projects.id=23), 808, 808, 23, 33);
INSERT INTO orders (order_id, created_at, delivery_id, payment_id, supporting_project_id) VALUES (808, (SELECT projects.start_date + INTERVAL 34 DAY FROM projects WHERE projects.id=23), 1, 808, 808);
INSERT INTO supporting_packages(id, option_list, package_count, order_id, project_package_id, supporting_project_id) VALUES (808, '["시나리오 작성 가이드"]', 4, 808, 23, 808);
INSERT INTO supporting_projects(supporting_project_id, supported_at, delivery_id, payment_id, project_id, user_id) VALUES (809, (SELECT projects.start_date + INTERVAL 48 DAY FROM projects WHERE projects.id=23), 809, 809, 23, 33);
INSERT INTO orders (order_id, created_at, delivery_id, payment_id, supporting_project_id) VALUES (809, (SELECT projects.start_date + INTERVAL 48 DAY FROM projects WHERE projects.id=23), 1, 809, 809);
INSERT INTO supporting_packages(id, option_list, package_count, order_id, project_package_id, supporting_project_id) VALUES (809, '["연기 클래스"]', 9, 809, 23, 809);
INSERT INTO supporting_projects(supporting_project_id, supported_at, delivery_id, payment_id, project_id, user_id) VALUES (810, (SELECT projects.start_date + INTERVAL 44 DAY FROM projects WHERE projects.id=23), 810, 810, 23, 8);
INSERT INTO orders (order_id, created_at, delivery_id, payment_id, supporting_project_id) VALUES (810, (SELECT projects.start_date + INTERVAL 44 DAY FROM projects WHERE projects.id=23), 1, 810, 810);
INSERT INTO supporting_packages(id, option_list, package_count, order_id, project_package_id, supporting_project_id) VALUES (810, '["연기 클래스"]', 8, 810, 23, 810);
INSERT INTO supporting_projects(supporting_project_id, supported_at, delivery_id, payment_id, project_id, user_id) VALUES (811, (SELECT projects.start_date + INTERVAL 9 DAY FROM projects WHERE projects.id=23), 811, 811, 23, 17);
INSERT INTO orders (order_id, created_at, delivery_id, payment_id, supporting_project_id) VALUES (811, (SELECT projects.start_date + INTERVAL 9 DAY FROM projects WHERE projects.id=23), 1, 811, 811);
INSERT INTO supporting_packages(id, option_list, package_count, order_id, project_package_id, supporting_project_id) VALUES (811, '["촬영 현장 방문권"]', 7, 811, 23, 811);
INSERT INTO supporting_projects(supporting_project_id, supported_at, delivery_id, payment_id, project_id, user_id) VALUES (812, (SELECT projects.start_date + INTERVAL 13 DAY FROM projects WHERE projects.id=23), 812, 812, 23, 40);
INSERT INTO orders (order_id, created_at, delivery_id, payment_id, supporting_project_id) VALUES (812, (SELECT projects.start_date + INTERVAL 13 DAY FROM projects WHERE projects.id=23), 1, 812, 812);
INSERT INTO supporting_packages(id, option_list, package_count, order_id, project_package_id, supporting_project_id) VALUES (812, '["촬영 현장 방문권"]', 3, 812, 23, 812);
INSERT INTO supporting_projects(supporting_project_id, supported_at, delivery_id, payment_id, project_id, user_id) VALUES (813, (SELECT projects.start_date + INTERVAL 36 DAY FROM projects WHERE projects.id=23), 813, 813, 23, 37);
INSERT INTO orders (order_id, created_at, delivery_id, payment_id, supporting_project_id) VALUES (813, (SELECT projects.start_date + INTERVAL 36 DAY FROM projects WHERE projects.id=23), 1, 813, 813);
INSERT INTO supporting_packages(id, option_list, package_count, order_id, project_package_id, supporting_project_id) VALUES (813, '["연기 클래스"]', 6, 813, 23, 813);
INSERT INTO supporting_projects(supporting_project_id, supported_at, delivery_id, payment_id, project_id, user_id) VALUES (814, (SELECT projects.start_date + INTERVAL 24 DAY FROM projects WHERE projects.id=23), 814, 814, 23, 33);
INSERT INTO orders (order_id, created_at, delivery_id, payment_id, supporting_project_id) VALUES (814, (SELECT projects.start_date + INTERVAL 24 DAY FROM projects WHERE projects.id=23), 1, 814, 814);
INSERT INTO supporting_packages(id, option_list, package_count, order_id, project_package_id, supporting_project_id) VALUES (814, '["촬영 현장 방문권"]', 5, 814, 23, 814);
INSERT INTO supporting_projects(supporting_project_id, supported_at, delivery_id, payment_id, project_id, user_id) VALUES (815, (SELECT projects.start_date + INTERVAL 38 DAY FROM projects WHERE projects.id=23), 815, 815, 23, 12);
INSERT INTO orders (order_id, created_at, delivery_id, payment_id, supporting_project_id) VALUES (815, (SELECT projects.start_date + INTERVAL 38 DAY FROM projects WHERE projects.id=23), 1, 815, 815);
INSERT INTO supporting_packages(id, option_list, package_count, order_id, project_package_id, supporting_project_id) VALUES (815, '["촬영 현장 방문권"]', 4, 815, 23, 815);
INSERT INTO supporting_projects(supporting_project_id, supported_at, delivery_id, payment_id, project_id, user_id) VALUES (816, (SELECT projects.start_date + INTERVAL 9 DAY FROM projects WHERE projects.id=23), 816, 816, 23, 30);
INSERT INTO orders (order_id, created_at, delivery_id, payment_id, supporting_project_id) VALUES (816, (SELECT projects.start_date + INTERVAL 9 DAY FROM projects WHERE projects.id=23), 1, 816, 816);
INSERT INTO supporting_packages(id, option_list, package_count, order_id, project_package_id, supporting_project_id) VALUES (816, '["촬영 현장 방문권"]', 5, 816, 23, 816);
INSERT INTO supporting_projects(supporting_project_id, supported_at, delivery_id, payment_id, project_id, user_id) VALUES (817, (SELECT projects.start_date + INTERVAL 42 DAY FROM projects WHERE projects.id=23), 817, 817, 23, 13);
INSERT INTO orders (order_id, created_at, delivery_id, payment_id, supporting_project_id) VALUES (817, (SELECT projects.start_date + INTERVAL 42 DAY FROM projects WHERE projects.id=23), 1, 817, 817);
INSERT INTO supporting_packages(id, option_list, package_count, order_id, project_package_id, supporting_project_id) VALUES (817, '["촬영 현장 방문권"]', 1, 817, 23, 817);
INSERT INTO supporting_projects(supporting_project_id, supported_at, delivery_id, payment_id, project_id, user_id) VALUES (818, (SELECT projects.start_date + INTERVAL 2 DAY FROM projects WHERE projects.id=23), 818, 818, 23, 20);
INSERT INTO orders (order_id, created_at, delivery_id, payment_id, supporting_project_id) VALUES (818, (SELECT projects.start_date + INTERVAL 2 DAY FROM projects WHERE projects.id=23), 1, 818, 818);
INSERT INTO supporting_packages(id, option_list, package_count, order_id, project_package_id, supporting_project_id) VALUES (818, '["시나리오 작성 가이드"]', 6, 818, 23, 818);
INSERT INTO supporting_projects(supporting_project_id, supported_at, delivery_id, payment_id, project_id, user_id) VALUES (819, (SELECT projects.start_date + INTERVAL 11 DAY FROM projects WHERE projects.id=23), 819, 819, 23, 13);
INSERT INTO orders (order_id, created_at, delivery_id, payment_id, supporting_project_id) VALUES (819, (SELECT projects.start_date + INTERVAL 11 DAY FROM projects WHERE projects.id=23), 1, 819, 819);
INSERT INTO supporting_packages(id, option_list, package_count, order_id, project_package_id, supporting_project_id) VALUES (819, '["연기 클래스"]', 8, 819, 23, 819);
INSERT INTO supporting_projects(supporting_project_id, supported_at, delivery_id, payment_id, project_id, user_id) VALUES (820, (SELECT projects.start_date + INTERVAL 31 DAY FROM projects WHERE projects.id=23), 820, 820, 23, 28);
INSERT INTO orders (order_id, created_at, delivery_id, payment_id, supporting_project_id) VALUES (820, (SELECT projects.start_date + INTERVAL 31 DAY FROM projects WHERE projects.id=23), 1, 820, 820);
INSERT INTO supporting_packages(id, option_list, package_count, order_id, project_package_id, supporting_project_id) VALUES (820, '["연기 클래스"]', 4, 820, 23, 820);
INSERT INTO supporting_projects(supporting_project_id, supported_at, delivery_id, payment_id, project_id, user_id) VALUES (821, (SELECT projects.start_date + INTERVAL 17 DAY FROM projects WHERE projects.id=23), 821, 821, 23, 39);
INSERT INTO orders (order_id, created_at, delivery_id, payment_id, supporting_project_id) VALUES (821, (SELECT projects.start_date + INTERVAL 17 DAY FROM projects WHERE projects.id=23), 1, 821, 821);
INSERT INTO supporting_packages(id, option_list, package_count, order_id, project_package_id, supporting_project_id) VALUES (821, '["시나리오 작성 가이드"]', 4, 821, 23, 821);
INSERT INTO supporting_projects(supporting_project_id, supported_at, delivery_id, payment_id, project_id, user_id) VALUES (822, (SELECT projects.start_date + INTERVAL 11 DAY FROM projects WHERE projects.id=23), 822, 822, 23, 6);
INSERT INTO orders (order_id, created_at, delivery_id, payment_id, supporting_project_id) VALUES (822, (SELECT projects.start_date + INTERVAL 11 DAY FROM projects WHERE projects.id=23), 1, 822, 822);
INSERT INTO supporting_packages(id, option_list, package_count, order_id, project_package_id, supporting_project_id) VALUES (822, '["촬영 현장 방문권"]', 1, 822, 23, 822);
INSERT INTO supporting_projects(supporting_project_id, supported_at, delivery_id, payment_id, project_id, user_id) VALUES (823, (SELECT projects.start_date + INTERVAL 45 DAY FROM projects WHERE projects.id=23), 823, 823, 23, 30);
INSERT INTO orders (order_id, created_at, delivery_id, payment_id, supporting_project_id) VALUES (823, (SELECT projects.start_date + INTERVAL 45 DAY FROM projects WHERE projects.id=23), 1, 823, 823);
INSERT INTO supporting_packages(id, option_list, package_count, order_id, project_package_id, supporting_project_id) VALUES (823, '["촬영 현장 방문권"]', 3, 823, 23, 823);
INSERT INTO supporting_projects(supporting_project_id, supported_at, delivery_id, payment_id, project_id, user_id) VALUES (824, (SELECT projects.start_date + INTERVAL 37 DAY FROM projects WHERE projects.id=23), 824, 824, 23, 37);
INSERT INTO orders (order_id, created_at, delivery_id, payment_id, supporting_project_id) VALUES (824, (SELECT projects.start_date + INTERVAL 37 DAY FROM projects WHERE projects.id=23), 1, 824, 824);
INSERT INTO supporting_packages(id, option_list, package_count, order_id, project_package_id, supporting_project_id) VALUES (824, '["촬영 현장 방문권"]', 3, 824, 23, 824);
INSERT INTO supporting_projects(supporting_project_id, supported_at, delivery_id, payment_id, project_id, user_id) VALUES (825, (SELECT projects.start_date + INTERVAL 21 DAY FROM projects WHERE projects.id=23), 825, 825, 23, 9);
INSERT INTO orders (order_id, created_at, delivery_id, payment_id, supporting_project_id) VALUES (825, (SELECT projects.start_date + INTERVAL 21 DAY FROM projects WHERE projects.id=23), 1, 825, 825);
INSERT INTO supporting_packages(id, option_list, package_count, order_id, project_package_id, supporting_project_id) VALUES (825, '["연기 클래스"]', 10, 825, 23, 825);
INSERT INTO supporting_projects(supporting_project_id, supported_at, delivery_id, payment_id, project_id, user_id) VALUES (826, (SELECT projects.start_date + INTERVAL 20 DAY FROM projects WHERE projects.id=23), 826, 826, 23, 5);
INSERT INTO orders (order_id, created_at, delivery_id, payment_id, supporting_project_id) VALUES (826, (SELECT projects.start_date + INTERVAL 20 DAY FROM projects WHERE projects.id=23), 1, 826, 826);
INSERT INTO supporting_packages(id, option_list, package_count, order_id, project_package_id, supporting_project_id) VALUES (826, '["연기 클래스"]', 7, 826, 23, 826);
INSERT INTO supporting_projects(supporting_project_id, supported_at, delivery_id, payment_id, project_id, user_id) VALUES (827, (SELECT projects.start_date + INTERVAL 39 DAY FROM projects WHERE projects.id=23), 827, 827, 23, 21);
INSERT INTO orders (order_id, created_at, delivery_id, payment_id, supporting_project_id) VALUES (827, (SELECT projects.start_date + INTERVAL 39 DAY FROM projects WHERE projects.id=23), 1, 827, 827);
INSERT INTO supporting_packages(id, option_list, package_count, order_id, project_package_id, supporting_project_id) VALUES (827, '["촬영 현장 방문권"]', 1, 827, 23, 827);
INSERT INTO supporting_projects(supporting_project_id, supported_at, delivery_id, payment_id, project_id, user_id) VALUES (828, (SELECT projects.start_date + INTERVAL 50 DAY FROM projects WHERE projects.id=23), 828, 828, 23, 24);
INSERT INTO orders (order_id, created_at, delivery_id, payment_id, supporting_project_id) VALUES (828, (SELECT projects.start_date + INTERVAL 50 DAY FROM projects WHERE projects.id=23), 1, 828, 828);
INSERT INTO supporting_packages(id, option_list, package_count, order_id, project_package_id, supporting_project_id) VALUES (828, '["연기 클래스"]', 7, 828, 23, 828);
INSERT INTO supporting_projects(supporting_project_id, supported_at, delivery_id, payment_id, project_id, user_id) VALUES (829, (SELECT projects.start_date + INTERVAL 5 DAY FROM projects WHERE projects.id=23), 829, 829, 23, 18);
INSERT INTO orders (order_id, created_at, delivery_id, payment_id, supporting_project_id) VALUES (829, (SELECT projects.start_date + INTERVAL 5 DAY FROM projects WHERE projects.id=23), 1, 829, 829);
INSERT INTO supporting_packages(id, option_list, package_count, order_id, project_package_id, supporting_project_id) VALUES (829, '["촬영 현장 방문권"]', 6, 829, 23, 829);
INSERT INTO supporting_projects(supporting_project_id, supported_at, delivery_id, payment_id, project_id, user_id) VALUES (830, (SELECT projects.start_date + INTERVAL 8 DAY FROM projects WHERE projects.id=23), 830, 830, 23, 16);
INSERT INTO orders (order_id, created_at, delivery_id, payment_id, supporting_project_id) VALUES (830, (SELECT projects.start_date + INTERVAL 8 DAY FROM projects WHERE projects.id=23), 1, 830, 830);
INSERT INTO supporting_packages(id, option_list, package_count, order_id, project_package_id, supporting_project_id) VALUES (830, '["시나리오 작성 가이드"]', 10, 830, 23, 830);
INSERT INTO supporting_projects(supporting_project_id, supported_at, delivery_id, payment_id, project_id, user_id) VALUES (831, (SELECT projects.start_date + INTERVAL 38 DAY FROM projects WHERE projects.id=24), 831, 831, 24, 25);
INSERT INTO orders (order_id, created_at, delivery_id, payment_id, supporting_project_id) VALUES (831, (SELECT projects.start_date + INTERVAL 38 DAY FROM projects WHERE projects.id=24), 1, 831, 831);
INSERT INTO supporting_packages(id, option_list, package_count, order_id, project_package_id, supporting_project_id) VALUES (831, '["영화 포스터"]', 8, 831, 24, 831);
INSERT INTO supporting_projects(supporting_project_id, supported_at, delivery_id, payment_id, project_id, user_id) VALUES (832, (SELECT projects.start_date + INTERVAL 11 DAY FROM projects WHERE projects.id=24), 832, 832, 24, 28);
INSERT INTO orders (order_id, created_at, delivery_id, payment_id, supporting_project_id) VALUES (832, (SELECT projects.start_date + INTERVAL 11 DAY FROM projects WHERE projects.id=24), 1, 832, 832);
INSERT INTO supporting_packages(id, option_list, package_count, order_id, project_package_id, supporting_project_id) VALUES (832, '["영화 포스터"]', 6, 832, 24, 832);
INSERT INTO supporting_projects(supporting_project_id, supported_at, delivery_id, payment_id, project_id, user_id) VALUES (833, (SELECT projects.start_date + INTERVAL 8 DAY FROM projects WHERE projects.id=24), 833, 833, 24, 4);
INSERT INTO orders (order_id, created_at, delivery_id, payment_id, supporting_project_id) VALUES (833, (SELECT projects.start_date + INTERVAL 8 DAY FROM projects WHERE projects.id=24), 1, 833, 833);
INSERT INTO supporting_packages(id, option_list, package_count, order_id, project_package_id, supporting_project_id) VALUES (833, '["영화 티켓"]', 6, 833, 24, 833);
INSERT INTO supporting_projects(supporting_project_id, supported_at, delivery_id, payment_id, project_id, user_id) VALUES (834, (SELECT projects.start_date + INTERVAL 33 DAY FROM projects WHERE projects.id=24), 834, 834, 24, 33);
INSERT INTO orders (order_id, created_at, delivery_id, payment_id, supporting_project_id) VALUES (834, (SELECT projects.start_date + INTERVAL 33 DAY FROM projects WHERE projects.id=24), 1, 834, 834);
INSERT INTO supporting_packages(id, option_list, package_count, order_id, project_package_id, supporting_project_id) VALUES (834, '["영화 포스터"]', 8, 834, 24, 834);
INSERT INTO supporting_projects(supporting_project_id, supported_at, delivery_id, payment_id, project_id, user_id) VALUES (835, (SELECT projects.start_date + INTERVAL 15 DAY FROM projects WHERE projects.id=24), 835, 835, 24, 19);
INSERT INTO orders (order_id, created_at, delivery_id, payment_id, supporting_project_id) VALUES (835, (SELECT projects.start_date + INTERVAL 15 DAY FROM projects WHERE projects.id=24), 1, 835, 835);
INSERT INTO supporting_packages(id, option_list, package_count, order_id, project_package_id, supporting_project_id) VALUES (835, '["팝콘 세트"]', 6, 835, 24, 835);
INSERT INTO supporting_projects(supporting_project_id, supported_at, delivery_id, payment_id, project_id, user_id) VALUES (836, (SELECT projects.start_date + INTERVAL 17 DAY FROM projects WHERE projects.id=24), 836, 836, 24, 16);
INSERT INTO orders (order_id, created_at, delivery_id, payment_id, supporting_project_id) VALUES (836, (SELECT projects.start_date + INTERVAL 17 DAY FROM projects WHERE projects.id=24), 1, 836, 836);
INSERT INTO supporting_packages(id, option_list, package_count, order_id, project_package_id, supporting_project_id) VALUES (836, '["영화 티켓"]', 1, 836, 24, 836);
INSERT INTO supporting_projects(supporting_project_id, supported_at, delivery_id, payment_id, project_id, user_id) VALUES (837, (SELECT projects.start_date + INTERVAL 28 DAY FROM projects WHERE projects.id=24), 837, 837, 24, 4);
INSERT INTO orders (order_id, created_at, delivery_id, payment_id, supporting_project_id) VALUES (837, (SELECT projects.start_date + INTERVAL 28 DAY FROM projects WHERE projects.id=24), 1, 837, 837);
INSERT INTO supporting_packages(id, option_list, package_count, order_id, project_package_id, supporting_project_id) VALUES (837, '["팝콘 세트"]', 8, 837, 24, 837);
INSERT INTO supporting_projects(supporting_project_id, supported_at, delivery_id, payment_id, project_id, user_id) VALUES (838, (SELECT projects.start_date + INTERVAL 14 DAY FROM projects WHERE projects.id=24), 838, 838, 24, 28);
INSERT INTO orders (order_id, created_at, delivery_id, payment_id, supporting_project_id) VALUES (838, (SELECT projects.start_date + INTERVAL 14 DAY FROM projects WHERE projects.id=24), 1, 838, 838);
INSERT INTO supporting_packages(id, option_list, package_count, order_id, project_package_id, supporting_project_id) VALUES (838, '["영화 티켓"]', 4, 838, 24, 838);
INSERT INTO supporting_projects(supporting_project_id, supported_at, delivery_id, payment_id, project_id, user_id) VALUES (839, (SELECT projects.start_date + INTERVAL 48 DAY FROM projects WHERE projects.id=24), 839, 839, 24, 22);
INSERT INTO orders (order_id, created_at, delivery_id, payment_id, supporting_project_id) VALUES (839, (SELECT projects.start_date + INTERVAL 48 DAY FROM projects WHERE projects.id=24), 1, 839, 839);
INSERT INTO supporting_packages(id, option_list, package_count, order_id, project_package_id, supporting_project_id) VALUES (839, '["영화 포스터"]', 5, 839, 24, 839);
INSERT INTO supporting_projects(supporting_project_id, supported_at, delivery_id, payment_id, project_id, user_id) VALUES (840, (SELECT projects.start_date + INTERVAL 7 DAY FROM projects WHERE projects.id=24), 840, 840, 24, 16);
INSERT INTO orders (order_id, created_at, delivery_id, payment_id, supporting_project_id) VALUES (840, (SELECT projects.start_date + INTERVAL 7 DAY FROM projects WHERE projects.id=24), 1, 840, 840);
INSERT INTO supporting_packages(id, option_list, package_count, order_id, project_package_id, supporting_project_id) VALUES (840, '["영화 티켓"]', 9, 840, 24, 840);
INSERT INTO supporting_projects(supporting_project_id, supported_at, delivery_id, payment_id, project_id, user_id) VALUES (841, (SELECT projects.start_date + INTERVAL 45 DAY FROM projects WHERE projects.id=24), 841, 841, 24, 16);
INSERT INTO orders (order_id, created_at, delivery_id, payment_id, supporting_project_id) VALUES (841, (SELECT projects.start_date + INTERVAL 45 DAY FROM projects WHERE projects.id=24), 1, 841, 841);
INSERT INTO supporting_packages(id, option_list, package_count, order_id, project_package_id, supporting_project_id) VALUES (841, '["영화 티켓"]', 7, 841, 24, 841);
INSERT INTO supporting_projects(supporting_project_id, supported_at, delivery_id, payment_id, project_id, user_id) VALUES (842, (SELECT projects.start_date + INTERVAL 4 DAY FROM projects WHERE projects.id=24), 842, 842, 24, 19);
INSERT INTO orders (order_id, created_at, delivery_id, payment_id, supporting_project_id) VALUES (842, (SELECT projects.start_date + INTERVAL 4 DAY FROM projects WHERE projects.id=24), 1, 842, 842);
INSERT INTO supporting_packages(id, option_list, package_count, order_id, project_package_id, supporting_project_id) VALUES (842, '["영화 포스터"]', 4, 842, 24, 842);
INSERT INTO supporting_projects(supporting_project_id, supported_at, delivery_id, payment_id, project_id, user_id) VALUES (843, (SELECT projects.start_date + INTERVAL 29 DAY FROM projects WHERE projects.id=24), 843, 843, 24, 12);
INSERT INTO orders (order_id, created_at, delivery_id, payment_id, supporting_project_id) VALUES (843, (SELECT projects.start_date + INTERVAL 29 DAY FROM projects WHERE projects.id=24), 1, 843, 843);
INSERT INTO supporting_packages(id, option_list, package_count, order_id, project_package_id, supporting_project_id) VALUES (843, '["팝콘 세트"]', 8, 843, 24, 843);
INSERT INTO supporting_projects(supporting_project_id, supported_at, delivery_id, payment_id, project_id, user_id) VALUES (844, (SELECT projects.start_date + INTERVAL 40 DAY FROM projects WHERE projects.id=24), 844, 844, 24, 19);
INSERT INTO orders (order_id, created_at, delivery_id, payment_id, supporting_project_id) VALUES (844, (SELECT projects.start_date + INTERVAL 40 DAY FROM projects WHERE projects.id=24), 1, 844, 844);
INSERT INTO supporting_packages(id, option_list, package_count, order_id, project_package_id, supporting_project_id) VALUES (844, '["영화 포스터"]', 7, 844, 24, 844);
INSERT INTO supporting_projects(supporting_project_id, supported_at, delivery_id, payment_id, project_id, user_id) VALUES (845, (SELECT projects.start_date + INTERVAL 35 DAY FROM projects WHERE projects.id=24), 845, 845, 24, 6);
INSERT INTO orders (order_id, created_at, delivery_id, payment_id, supporting_project_id) VALUES (845, (SELECT projects.start_date + INTERVAL 35 DAY FROM projects WHERE projects.id=24), 1, 845, 845);
INSERT INTO supporting_packages(id, option_list, package_count, order_id, project_package_id, supporting_project_id) VALUES (845, '["팝콘 세트"]', 9, 845, 24, 845);
INSERT INTO supporting_projects(supporting_project_id, supported_at, delivery_id, payment_id, project_id, user_id) VALUES (846, (SELECT projects.start_date + INTERVAL 1 DAY FROM projects WHERE projects.id=24), 846, 846, 24, 13);
INSERT INTO orders (order_id, created_at, delivery_id, payment_id, supporting_project_id) VALUES (846, (SELECT projects.start_date + INTERVAL 1 DAY FROM projects WHERE projects.id=24), 1, 846, 846);
INSERT INTO supporting_packages(id, option_list, package_count, order_id, project_package_id, supporting_project_id) VALUES (846, '["팝콘 세트"]', 1, 846, 24, 846);
INSERT INTO supporting_projects(supporting_project_id, supported_at, delivery_id, payment_id, project_id, user_id) VALUES (847, (SELECT projects.start_date + INTERVAL 4 DAY FROM projects WHERE projects.id=24), 847, 847, 24, 30);
INSERT INTO orders (order_id, created_at, delivery_id, payment_id, supporting_project_id) VALUES (847, (SELECT projects.start_date + INTERVAL 4 DAY FROM projects WHERE projects.id=24), 1, 847, 847);
INSERT INTO supporting_packages(id, option_list, package_count, order_id, project_package_id, supporting_project_id) VALUES (847, '["영화 포스터"]', 8, 847, 24, 847);
INSERT INTO supporting_projects(supporting_project_id, supported_at, delivery_id, payment_id, project_id, user_id) VALUES (848, (SELECT projects.start_date + INTERVAL 48 DAY FROM projects WHERE projects.id=24), 848, 848, 24, 4);
INSERT INTO orders (order_id, created_at, delivery_id, payment_id, supporting_project_id) VALUES (848, (SELECT projects.start_date + INTERVAL 48 DAY FROM projects WHERE projects.id=24), 1, 848, 848);
INSERT INTO supporting_packages(id, option_list, package_count, order_id, project_package_id, supporting_project_id) VALUES (848, '["영화 티켓"]', 3, 848, 24, 848);
INSERT INTO supporting_projects(supporting_project_id, supported_at, delivery_id, payment_id, project_id, user_id) VALUES (849, (SELECT projects.start_date + INTERVAL 26 DAY FROM projects WHERE projects.id=24), 849, 849, 24, 40);
INSERT INTO orders (order_id, created_at, delivery_id, payment_id, supporting_project_id) VALUES (849, (SELECT projects.start_date + INTERVAL 26 DAY FROM projects WHERE projects.id=24), 1, 849, 849);
INSERT INTO supporting_packages(id, option_list, package_count, order_id, project_package_id, supporting_project_id) VALUES (849, '["팝콘 세트"]', 5, 849, 24, 849);
INSERT INTO supporting_projects(supporting_project_id, supported_at, delivery_id, payment_id, project_id, user_id) VALUES (850, (SELECT projects.start_date + INTERVAL 35 DAY FROM projects WHERE projects.id=24), 850, 850, 24, 26);
INSERT INTO orders (order_id, created_at, delivery_id, payment_id, supporting_project_id) VALUES (850, (SELECT projects.start_date + INTERVAL 35 DAY FROM projects WHERE projects.id=24), 1, 850, 850);
INSERT INTO supporting_packages(id, option_list, package_count, order_id, project_package_id, supporting_project_id) VALUES (850, '["영화 티켓"]', 1, 850, 24, 850);
INSERT INTO supporting_projects(supporting_project_id, supported_at, delivery_id, payment_id, project_id, user_id) VALUES (851, (SELECT projects.start_date + INTERVAL 3 DAY FROM projects WHERE projects.id=24), 851, 851, 24, 37);
INSERT INTO orders (order_id, created_at, delivery_id, payment_id, supporting_project_id) VALUES (851, (SELECT projects.start_date + INTERVAL 3 DAY FROM projects WHERE projects.id=24), 1, 851, 851);
INSERT INTO supporting_packages(id, option_list, package_count, order_id, project_package_id, supporting_project_id) VALUES (851, '["영화 포스터"]', 10, 851, 24, 851);
INSERT INTO supporting_projects(supporting_project_id, supported_at, delivery_id, payment_id, project_id, user_id) VALUES (852, (SELECT projects.start_date + INTERVAL 25 DAY FROM projects WHERE projects.id=24), 852, 852, 24, 3);
INSERT INTO orders (order_id, created_at, delivery_id, payment_id, supporting_project_id) VALUES (852, (SELECT projects.start_date + INTERVAL 25 DAY FROM projects WHERE projects.id=24), 1, 852, 852);
INSERT INTO supporting_packages(id, option_list, package_count, order_id, project_package_id, supporting_project_id) VALUES (852, '["영화 티켓"]', 1, 852, 24, 852);
INSERT INTO supporting_projects(supporting_project_id, supported_at, delivery_id, payment_id, project_id, user_id) VALUES (853, (SELECT projects.start_date + INTERVAL 26 DAY FROM projects WHERE projects.id=24), 853, 853, 24, 7);
INSERT INTO orders (order_id, created_at, delivery_id, payment_id, supporting_project_id) VALUES (853, (SELECT projects.start_date + INTERVAL 26 DAY FROM projects WHERE projects.id=24), 1, 853, 853);
INSERT INTO supporting_packages(id, option_list, package_count, order_id, project_package_id, supporting_project_id) VALUES (853, '["팝콘 세트"]', 4, 853, 24, 853);
INSERT INTO supporting_projects(supporting_project_id, supported_at, delivery_id, payment_id, project_id, user_id) VALUES (854, (SELECT projects.start_date + INTERVAL 31 DAY FROM projects WHERE projects.id=24), 854, 854, 24, 39);
INSERT INTO orders (order_id, created_at, delivery_id, payment_id, supporting_project_id) VALUES (854, (SELECT projects.start_date + INTERVAL 31 DAY FROM projects WHERE projects.id=24), 1, 854, 854);
INSERT INTO supporting_packages(id, option_list, package_count, order_id, project_package_id, supporting_project_id) VALUES (854, '["영화 포스터"]', 9, 854, 24, 854);
INSERT INTO supporting_projects(supporting_project_id, supported_at, delivery_id, payment_id, project_id, user_id) VALUES (855, (SELECT projects.start_date + INTERVAL 18 DAY FROM projects WHERE projects.id=24), 855, 855, 24, 27);
INSERT INTO orders (order_id, created_at, delivery_id, payment_id, supporting_project_id) VALUES (855, (SELECT projects.start_date + INTERVAL 18 DAY FROM projects WHERE projects.id=24), 1, 855, 855);
INSERT INTO supporting_packages(id, option_list, package_count, order_id, project_package_id, supporting_project_id) VALUES (855, '["영화 티켓"]', 9, 855, 24, 855);
INSERT INTO supporting_projects(supporting_project_id, supported_at, delivery_id, payment_id, project_id, user_id) VALUES (856, (SELECT projects.start_date + INTERVAL 6 DAY FROM projects WHERE projects.id=24), 856, 856, 24, 10);
INSERT INTO orders (order_id, created_at, delivery_id, payment_id, supporting_project_id) VALUES (856, (SELECT projects.start_date + INTERVAL 6 DAY FROM projects WHERE projects.id=24), 1, 856, 856);
INSERT INTO supporting_packages(id, option_list, package_count, order_id, project_package_id, supporting_project_id) VALUES (856, '["영화 티켓"]', 9, 856, 24, 856);
INSERT INTO supporting_projects(supporting_project_id, supported_at, delivery_id, payment_id, project_id, user_id) VALUES (857, (SELECT projects.start_date + INTERVAL 19 DAY FROM projects WHERE projects.id=24), 857, 857, 24, 27);
INSERT INTO orders (order_id, created_at, delivery_id, payment_id, supporting_project_id) VALUES (857, (SELECT projects.start_date + INTERVAL 19 DAY FROM projects WHERE projects.id=24), 1, 857, 857);
INSERT INTO supporting_packages(id, option_list, package_count, order_id, project_package_id, supporting_project_id) VALUES (857, '["팝콘 세트"]', 3, 857, 24, 857);
INSERT INTO supporting_projects(supporting_project_id, supported_at, delivery_id, payment_id, project_id, user_id) VALUES (858, (SELECT projects.start_date + INTERVAL 35 DAY FROM projects WHERE projects.id=24), 858, 858, 24, 25);
INSERT INTO orders (order_id, created_at, delivery_id, payment_id, supporting_project_id) VALUES (858, (SELECT projects.start_date + INTERVAL 35 DAY FROM projects WHERE projects.id=24), 1, 858, 858);
INSERT INTO supporting_packages(id, option_list, package_count, order_id, project_package_id, supporting_project_id) VALUES (858, '["영화 티켓"]', 9, 858, 24, 858);
INSERT INTO supporting_projects(supporting_project_id, supported_at, delivery_id, payment_id, project_id, user_id) VALUES (859, (SELECT projects.start_date + INTERVAL 32 DAY FROM projects WHERE projects.id=24), 859, 859, 24, 25);
INSERT INTO orders (order_id, created_at, delivery_id, payment_id, supporting_project_id) VALUES (859, (SELECT projects.start_date + INTERVAL 32 DAY FROM projects WHERE projects.id=24), 1, 859, 859);
INSERT INTO supporting_packages(id, option_list, package_count, order_id, project_package_id, supporting_project_id) VALUES (859, '["영화 포스터"]', 7, 859, 24, 859);
INSERT INTO supporting_projects(supporting_project_id, supported_at, delivery_id, payment_id, project_id, user_id) VALUES (860, (SELECT projects.start_date + INTERVAL 16 DAY FROM projects WHERE projects.id=24), 860, 860, 24, 29);
INSERT INTO orders (order_id, created_at, delivery_id, payment_id, supporting_project_id) VALUES (860, (SELECT projects.start_date + INTERVAL 16 DAY FROM projects WHERE projects.id=24), 1, 860, 860);
INSERT INTO supporting_packages(id, option_list, package_count, order_id, project_package_id, supporting_project_id) VALUES (860, '["영화 티켓"]', 9, 860, 24, 860);
INSERT INTO supporting_projects(supporting_project_id, supported_at, delivery_id, payment_id, project_id, user_id) VALUES (861, (SELECT projects.start_date + INTERVAL 25 DAY FROM projects WHERE projects.id=24), 861, 861, 24, 32);
INSERT INTO orders (order_id, created_at, delivery_id, payment_id, supporting_project_id) VALUES (861, (SELECT projects.start_date + INTERVAL 25 DAY FROM projects WHERE projects.id=24), 1, 861, 861);
INSERT INTO supporting_packages(id, option_list, package_count, order_id, project_package_id, supporting_project_id) VALUES (861, '["영화 티켓"]', 5, 861, 24, 861);
INSERT INTO supporting_projects(supporting_project_id, supported_at, delivery_id, payment_id, project_id, user_id) VALUES (862, (SELECT projects.start_date + INTERVAL 32 DAY FROM projects WHERE projects.id=24), 862, 862, 24, 5);
INSERT INTO orders (order_id, created_at, delivery_id, payment_id, supporting_project_id) VALUES (862, (SELECT projects.start_date + INTERVAL 32 DAY FROM projects WHERE projects.id=24), 1, 862, 862);
INSERT INTO supporting_packages(id, option_list, package_count, order_id, project_package_id, supporting_project_id) VALUES (862, '["팝콘 세트"]', 1, 862, 24, 862);
INSERT INTO supporting_projects(supporting_project_id, supported_at, delivery_id, payment_id, project_id, user_id) VALUES (863, (SELECT projects.start_date + INTERVAL 16 DAY FROM projects WHERE projects.id=24), 863, 863, 24, 29);
INSERT INTO orders (order_id, created_at, delivery_id, payment_id, supporting_project_id) VALUES (863, (SELECT projects.start_date + INTERVAL 16 DAY FROM projects WHERE projects.id=24), 1, 863, 863);
INSERT INTO supporting_packages(id, option_list, package_count, order_id, project_package_id, supporting_project_id) VALUES (863, '["영화 포스터"]', 6, 863, 24, 863);
INSERT INTO supporting_projects(supporting_project_id, supported_at, delivery_id, payment_id, project_id, user_id) VALUES (864, (SELECT projects.start_date + INTERVAL 26 DAY FROM projects WHERE projects.id=24), 864, 864, 24, 36);
INSERT INTO orders (order_id, created_at, delivery_id, payment_id, supporting_project_id) VALUES (864, (SELECT projects.start_date + INTERVAL 26 DAY FROM projects WHERE projects.id=24), 1, 864, 864);
INSERT INTO supporting_packages(id, option_list, package_count, order_id, project_package_id, supporting_project_id) VALUES (864, '["영화 티켓"]', 7, 864, 24, 864);
INSERT INTO supporting_projects(supporting_project_id, supported_at, delivery_id, payment_id, project_id, user_id) VALUES (865, (SELECT projects.start_date + INTERVAL 29 DAY FROM projects WHERE projects.id=25), 865, 865, 25, 35);
INSERT INTO orders (order_id, created_at, delivery_id, payment_id, supporting_project_id) VALUES (865, (SELECT projects.start_date + INTERVAL 29 DAY FROM projects WHERE projects.id=25), 1, 865, 865);
INSERT INTO supporting_packages(id, option_list, package_count, order_id, project_package_id, supporting_project_id) VALUES (865, '["촬영장 방문"]', 10, 865, 25, 865);
INSERT INTO supporting_projects(supporting_project_id, supported_at, delivery_id, payment_id, project_id, user_id) VALUES (866, (SELECT projects.start_date + INTERVAL 34 DAY FROM projects WHERE projects.id=25), 866, 866, 25, 18);
INSERT INTO orders (order_id, created_at, delivery_id, payment_id, supporting_project_id) VALUES (866, (SELECT projects.start_date + INTERVAL 34 DAY FROM projects WHERE projects.id=25), 1, 866, 866);
INSERT INTO supporting_packages(id, option_list, package_count, order_id, project_package_id, supporting_project_id) VALUES (866, '["촬영장 방문"]', 8, 866, 25, 866);
INSERT INTO supporting_projects(supporting_project_id, supported_at, delivery_id, payment_id, project_id, user_id) VALUES (867, (SELECT projects.start_date + INTERVAL 17 DAY FROM projects WHERE projects.id=25), 867, 867, 25, 17);
INSERT INTO orders (order_id, created_at, delivery_id, payment_id, supporting_project_id) VALUES (867, (SELECT projects.start_date + INTERVAL 17 DAY FROM projects WHERE projects.id=25), 1, 867, 867);
INSERT INTO supporting_packages(id, option_list, package_count, order_id, project_package_id, supporting_project_id) VALUES (867, '["촬영장 방문"]', 5, 867, 25, 867);
INSERT INTO supporting_projects(supporting_project_id, supported_at, delivery_id, payment_id, project_id, user_id) VALUES (868, (SELECT projects.start_date + INTERVAL 14 DAY FROM projects WHERE projects.id=25), 868, 868, 25, 10);
INSERT INTO orders (order_id, created_at, delivery_id, payment_id, supporting_project_id) VALUES (868, (SELECT projects.start_date + INTERVAL 14 DAY FROM projects WHERE projects.id=25), 1, 868, 868);
INSERT INTO supporting_packages(id, option_list, package_count, order_id, project_package_id, supporting_project_id) VALUES (868, '["배우 사인회"]', 2, 868, 25, 868);
INSERT INTO supporting_projects(supporting_project_id, supported_at, delivery_id, payment_id, project_id, user_id) VALUES (869, (SELECT projects.start_date + INTERVAL 18 DAY FROM projects WHERE projects.id=25), 869, 869, 25, 25);
INSERT INTO orders (order_id, created_at, delivery_id, payment_id, supporting_project_id) VALUES (869, (SELECT projects.start_date + INTERVAL 18 DAY FROM projects WHERE projects.id=25), 1, 869, 869);
INSERT INTO supporting_packages(id, option_list, package_count, order_id, project_package_id, supporting_project_id) VALUES (869, '["대본 리딩 참관"]', 8, 869, 25, 869);
INSERT INTO supporting_projects(supporting_project_id, supported_at, delivery_id, payment_id, project_id, user_id) VALUES (870, (SELECT projects.start_date + INTERVAL 17 DAY FROM projects WHERE projects.id=25), 870, 870, 25, 22);
INSERT INTO orders (order_id, created_at, delivery_id, payment_id, supporting_project_id) VALUES (870, (SELECT projects.start_date + INTERVAL 17 DAY FROM projects WHERE projects.id=25), 1, 870, 870);
INSERT INTO supporting_packages(id, option_list, package_count, order_id, project_package_id, supporting_project_id) VALUES (870, '["촬영장 방문"]', 2, 870, 25, 870);
INSERT INTO supporting_projects(supporting_project_id, supported_at, delivery_id, payment_id, project_id, user_id) VALUES (871, (SELECT projects.start_date + INTERVAL 45 DAY FROM projects WHERE projects.id=25), 871, 871, 25, 15);
INSERT INTO orders (order_id, created_at, delivery_id, payment_id, supporting_project_id) VALUES (871, (SELECT projects.start_date + INTERVAL 45 DAY FROM projects WHERE projects.id=25), 1, 871, 871);
INSERT INTO supporting_packages(id, option_list, package_count, order_id, project_package_id, supporting_project_id) VALUES (871, '["촬영장 방문"]', 7, 871, 25, 871);
INSERT INTO supporting_projects(supporting_project_id, supported_at, delivery_id, payment_id, project_id, user_id) VALUES (872, (SELECT projects.start_date + INTERVAL 13 DAY FROM projects WHERE projects.id=25), 872, 872, 25, 32);
INSERT INTO orders (order_id, created_at, delivery_id, payment_id, supporting_project_id) VALUES (872, (SELECT projects.start_date + INTERVAL 13 DAY FROM projects WHERE projects.id=25), 1, 872, 872);
INSERT INTO supporting_packages(id, option_list, package_count, order_id, project_package_id, supporting_project_id) VALUES (872, '["배우 사인회"]', 9, 872, 25, 872);
INSERT INTO supporting_projects(supporting_project_id, supported_at, delivery_id, payment_id, project_id, user_id) VALUES (873, (SELECT projects.start_date + INTERVAL 23 DAY FROM projects WHERE projects.id=25), 873, 873, 25, 26);
INSERT INTO orders (order_id, created_at, delivery_id, payment_id, supporting_project_id) VALUES (873, (SELECT projects.start_date + INTERVAL 23 DAY FROM projects WHERE projects.id=25), 1, 873, 873);
INSERT INTO supporting_packages(id, option_list, package_count, order_id, project_package_id, supporting_project_id) VALUES (873, '["촬영장 방문"]', 7, 873, 25, 873);
INSERT INTO supporting_projects(supporting_project_id, supported_at, delivery_id, payment_id, project_id, user_id) VALUES (874, (SELECT projects.start_date + INTERVAL 37 DAY FROM projects WHERE projects.id=25), 874, 874, 25, 10);
INSERT INTO orders (order_id, created_at, delivery_id, payment_id, supporting_project_id) VALUES (874, (SELECT projects.start_date + INTERVAL 37 DAY FROM projects WHERE projects.id=25), 1, 874, 874);
INSERT INTO supporting_packages(id, option_list, package_count, order_id, project_package_id, supporting_project_id) VALUES (874, '["배우 사인회"]', 9, 874, 25, 874);
INSERT INTO supporting_projects(supporting_project_id, supported_at, delivery_id, payment_id, project_id, user_id) VALUES (875, (SELECT projects.start_date + INTERVAL 43 DAY FROM projects WHERE projects.id=25), 875, 875, 25, 36);
INSERT INTO orders (order_id, created_at, delivery_id, payment_id, supporting_project_id) VALUES (875, (SELECT projects.start_date + INTERVAL 43 DAY FROM projects WHERE projects.id=25), 1, 875, 875);
INSERT INTO supporting_packages(id, option_list, package_count, order_id, project_package_id, supporting_project_id) VALUES (875, '["배우 사인회"]', 8, 875, 25, 875);
INSERT INTO supporting_projects(supporting_project_id, supported_at, delivery_id, payment_id, project_id, user_id) VALUES (876, (SELECT projects.start_date + INTERVAL 41 DAY FROM projects WHERE projects.id=25), 876, 876, 25, 1);
INSERT INTO orders (order_id, created_at, delivery_id, payment_id, supporting_project_id) VALUES (876, (SELECT projects.start_date + INTERVAL 41 DAY FROM projects WHERE projects.id=25), 1, 876, 876);
INSERT INTO supporting_packages(id, option_list, package_count, order_id, project_package_id, supporting_project_id) VALUES (876, '["촬영장 방문"]', 6, 876, 25, 876);
INSERT INTO supporting_projects(supporting_project_id, supported_at, delivery_id, payment_id, project_id, user_id) VALUES (877, (SELECT projects.start_date + INTERVAL 44 DAY FROM projects WHERE projects.id=25), 877, 877, 25, 17);
INSERT INTO orders (order_id, created_at, delivery_id, payment_id, supporting_project_id) VALUES (877, (SELECT projects.start_date + INTERVAL 44 DAY FROM projects WHERE projects.id=25), 1, 877, 877);
INSERT INTO supporting_packages(id, option_list, package_count, order_id, project_package_id, supporting_project_id) VALUES (877, '["대본 리딩 참관"]', 9, 877, 25, 877);
INSERT INTO supporting_projects(supporting_project_id, supported_at, delivery_id, payment_id, project_id, user_id) VALUES (878, (SELECT projects.start_date + INTERVAL 14 DAY FROM projects WHERE projects.id=25), 878, 878, 25, 22);
INSERT INTO orders (order_id, created_at, delivery_id, payment_id, supporting_project_id) VALUES (878, (SELECT projects.start_date + INTERVAL 14 DAY FROM projects WHERE projects.id=25), 1, 878, 878);
INSERT INTO supporting_packages(id, option_list, package_count, order_id, project_package_id, supporting_project_id) VALUES (878, '["배우 사인회"]', 3, 878, 25, 878);
INSERT INTO supporting_projects(supporting_project_id, supported_at, delivery_id, payment_id, project_id, user_id) VALUES (879, (SELECT projects.start_date + INTERVAL 27 DAY FROM projects WHERE projects.id=25), 879, 879, 25, 38);
INSERT INTO orders (order_id, created_at, delivery_id, payment_id, supporting_project_id) VALUES (879, (SELECT projects.start_date + INTERVAL 27 DAY FROM projects WHERE projects.id=25), 1, 879, 879);
INSERT INTO supporting_packages(id, option_list, package_count, order_id, project_package_id, supporting_project_id) VALUES (879, '["촬영장 방문"]', 1, 879, 25, 879);
INSERT INTO supporting_projects(supporting_project_id, supported_at, delivery_id, payment_id, project_id, user_id) VALUES (880, (SELECT projects.start_date + INTERVAL 4 DAY FROM projects WHERE projects.id=25), 880, 880, 25, 22);
INSERT INTO orders (order_id, created_at, delivery_id, payment_id, supporting_project_id) VALUES (880, (SELECT projects.start_date + INTERVAL 4 DAY FROM projects WHERE projects.id=25), 1, 880, 880);
INSERT INTO supporting_packages(id, option_list, package_count, order_id, project_package_id, supporting_project_id) VALUES (880, '["대본 리딩 참관"]', 10, 880, 25, 880);
INSERT INTO supporting_projects(supporting_project_id, supported_at, delivery_id, payment_id, project_id, user_id) VALUES (881, (SELECT projects.start_date + INTERVAL 48 DAY FROM projects WHERE projects.id=25), 881, 881, 25, 5);
INSERT INTO orders (order_id, created_at, delivery_id, payment_id, supporting_project_id) VALUES (881, (SELECT projects.start_date + INTERVAL 48 DAY FROM projects WHERE projects.id=25), 1, 881, 881);
INSERT INTO supporting_packages(id, option_list, package_count, order_id, project_package_id, supporting_project_id) VALUES (881, '["배우 사인회"]', 2, 881, 25, 881);
INSERT INTO supporting_projects(supporting_project_id, supported_at, delivery_id, payment_id, project_id, user_id) VALUES (882, (SELECT projects.start_date + INTERVAL 4 DAY FROM projects WHERE projects.id=25), 882, 882, 25, 28);
INSERT INTO orders (order_id, created_at, delivery_id, payment_id, supporting_project_id) VALUES (882, (SELECT projects.start_date + INTERVAL 4 DAY FROM projects WHERE projects.id=25), 1, 882, 882);
INSERT INTO supporting_packages(id, option_list, package_count, order_id, project_package_id, supporting_project_id) VALUES (882, '["대본 리딩 참관"]', 7, 882, 25, 882);
INSERT INTO supporting_projects(supporting_project_id, supported_at, delivery_id, payment_id, project_id, user_id) VALUES (883, (SELECT projects.start_date + INTERVAL 46 DAY FROM projects WHERE projects.id=25), 883, 883, 25, 26);
INSERT INTO orders (order_id, created_at, delivery_id, payment_id, supporting_project_id) VALUES (883, (SELECT projects.start_date + INTERVAL 46 DAY FROM projects WHERE projects.id=25), 1, 883, 883);
INSERT INTO supporting_packages(id, option_list, package_count, order_id, project_package_id, supporting_project_id) VALUES (883, '["대본 리딩 참관"]', 1, 883, 25, 883);
INSERT INTO supporting_projects(supporting_project_id, supported_at, delivery_id, payment_id, project_id, user_id) VALUES (884, (SELECT projects.start_date + INTERVAL 1 DAY FROM projects WHERE projects.id=25), 884, 884, 25, 11);
INSERT INTO orders (order_id, created_at, delivery_id, payment_id, supporting_project_id) VALUES (884, (SELECT projects.start_date + INTERVAL 1 DAY FROM projects WHERE projects.id=25), 1, 884, 884);
INSERT INTO supporting_packages(id, option_list, package_count, order_id, project_package_id, supporting_project_id) VALUES (884, '["대본 리딩 참관"]', 3, 884, 25, 884);
INSERT INTO supporting_projects(supporting_project_id, supported_at, delivery_id, payment_id, project_id, user_id) VALUES (885, (SELECT projects.start_date + INTERVAL 35 DAY FROM projects WHERE projects.id=25), 885, 885, 25, 5);
INSERT INTO orders (order_id, created_at, delivery_id, payment_id, supporting_project_id) VALUES (885, (SELECT projects.start_date + INTERVAL 35 DAY FROM projects WHERE projects.id=25), 1, 885, 885);
INSERT INTO supporting_packages(id, option_list, package_count, order_id, project_package_id, supporting_project_id) VALUES (885, '["배우 사인회"]', 5, 885, 25, 885);
INSERT INTO supporting_projects(supporting_project_id, supported_at, delivery_id, payment_id, project_id, user_id) VALUES (886, (SELECT projects.start_date + INTERVAL 22 DAY FROM projects WHERE projects.id=25), 886, 886, 25, 31);
INSERT INTO orders (order_id, created_at, delivery_id, payment_id, supporting_project_id) VALUES (886, (SELECT projects.start_date + INTERVAL 22 DAY FROM projects WHERE projects.id=25), 1, 886, 886);
INSERT INTO supporting_packages(id, option_list, package_count, order_id, project_package_id, supporting_project_id) VALUES (886, '["촬영장 방문"]', 6, 886, 25, 886);
INSERT INTO supporting_projects(supporting_project_id, supported_at, delivery_id, payment_id, project_id, user_id) VALUES (887, (SELECT projects.start_date + INTERVAL 39 DAY FROM projects WHERE projects.id=25), 887, 887, 25, 1);
INSERT INTO orders (order_id, created_at, delivery_id, payment_id, supporting_project_id) VALUES (887, (SELECT projects.start_date + INTERVAL 39 DAY FROM projects WHERE projects.id=25), 1, 887, 887);
INSERT INTO supporting_packages(id, option_list, package_count, order_id, project_package_id, supporting_project_id) VALUES (887, '["촬영장 방문"]', 8, 887, 25, 887);
INSERT INTO supporting_projects(supporting_project_id, supported_at, delivery_id, payment_id, project_id, user_id) VALUES (888, (SELECT projects.start_date + INTERVAL 26 DAY FROM projects WHERE projects.id=25), 888, 888, 25, 25);
INSERT INTO orders (order_id, created_at, delivery_id, payment_id, supporting_project_id) VALUES (888, (SELECT projects.start_date + INTERVAL 26 DAY FROM projects WHERE projects.id=25), 1, 888, 888);
INSERT INTO supporting_packages(id, option_list, package_count, order_id, project_package_id, supporting_project_id) VALUES (888, '["배우 사인회"]', 8, 888, 25, 888);
INSERT INTO supporting_projects(supporting_project_id, supported_at, delivery_id, payment_id, project_id, user_id) VALUES (889, (SELECT projects.start_date + INTERVAL 21 DAY FROM projects WHERE projects.id=25), 889, 889, 25, 6);
INSERT INTO orders (order_id, created_at, delivery_id, payment_id, supporting_project_id) VALUES (889, (SELECT projects.start_date + INTERVAL 21 DAY FROM projects WHERE projects.id=25), 1, 889, 889);
INSERT INTO supporting_packages(id, option_list, package_count, order_id, project_package_id, supporting_project_id) VALUES (889, '["대본 리딩 참관"]', 3, 889, 25, 889);
INSERT INTO supporting_projects(supporting_project_id, supported_at, delivery_id, payment_id, project_id, user_id) VALUES (890, (SELECT projects.start_date + INTERVAL 50 DAY FROM projects WHERE projects.id=25), 890, 890, 25, 39);
INSERT INTO orders (order_id, created_at, delivery_id, payment_id, supporting_project_id) VALUES (890, (SELECT projects.start_date + INTERVAL 50 DAY FROM projects WHERE projects.id=25), 1, 890, 890);
INSERT INTO supporting_packages(id, option_list, package_count, order_id, project_package_id, supporting_project_id) VALUES (890, '["배우 사인회"]', 6, 890, 25, 890);
INSERT INTO supporting_projects(supporting_project_id, supported_at, delivery_id, payment_id, project_id, user_id) VALUES (891, (SELECT projects.start_date + INTERVAL 4 DAY FROM projects WHERE projects.id=25), 891, 891, 25, 16);
INSERT INTO orders (order_id, created_at, delivery_id, payment_id, supporting_project_id) VALUES (891, (SELECT projects.start_date + INTERVAL 4 DAY FROM projects WHERE projects.id=25), 1, 891, 891);
INSERT INTO supporting_packages(id, option_list, package_count, order_id, project_package_id, supporting_project_id) VALUES (891, '["배우 사인회"]', 9, 891, 25, 891);
INSERT INTO supporting_projects(supporting_project_id, supported_at, delivery_id, payment_id, project_id, user_id) VALUES (892, (SELECT projects.start_date + INTERVAL 18 DAY FROM projects WHERE projects.id=25), 892, 892, 25, 15);
INSERT INTO orders (order_id, created_at, delivery_id, payment_id, supporting_project_id) VALUES (892, (SELECT projects.start_date + INTERVAL 18 DAY FROM projects WHERE projects.id=25), 1, 892, 892);
INSERT INTO supporting_packages(id, option_list, package_count, order_id, project_package_id, supporting_project_id) VALUES (892, '["촬영장 방문"]', 6, 892, 25, 892);
INSERT INTO supporting_projects(supporting_project_id, supported_at, delivery_id, payment_id, project_id, user_id) VALUES (893, (SELECT projects.start_date + INTERVAL 35 DAY FROM projects WHERE projects.id=25), 893, 893, 25, 34);
INSERT INTO orders (order_id, created_at, delivery_id, payment_id, supporting_project_id) VALUES (893, (SELECT projects.start_date + INTERVAL 35 DAY FROM projects WHERE projects.id=25), 1, 893, 893);
INSERT INTO supporting_packages(id, option_list, package_count, order_id, project_package_id, supporting_project_id) VALUES (893, '["촬영장 방문"]', 10, 893, 25, 893);
INSERT INTO supporting_projects(supporting_project_id, supported_at, delivery_id, payment_id, project_id, user_id) VALUES (894, (SELECT projects.start_date + INTERVAL 43 DAY FROM projects WHERE projects.id=25), 894, 894, 25, 6);
INSERT INTO orders (order_id, created_at, delivery_id, payment_id, supporting_project_id) VALUES (894, (SELECT projects.start_date + INTERVAL 43 DAY FROM projects WHERE projects.id=25), 1, 894, 894);
INSERT INTO supporting_packages(id, option_list, package_count, order_id, project_package_id, supporting_project_id) VALUES (894, '["배우 사인회"]', 10, 894, 25, 894);
INSERT INTO supporting_projects(supporting_project_id, supported_at, delivery_id, payment_id, project_id, user_id) VALUES (895, (SELECT projects.start_date + INTERVAL 17 DAY FROM projects WHERE projects.id=25), 895, 895, 25, 9);
INSERT INTO orders (order_id, created_at, delivery_id, payment_id, supporting_project_id) VALUES (895, (SELECT projects.start_date + INTERVAL 17 DAY FROM projects WHERE projects.id=25), 1, 895, 895);
INSERT INTO supporting_packages(id, option_list, package_count, order_id, project_package_id, supporting_project_id) VALUES (895, '["촬영장 방문"]', 10, 895, 25, 895);
INSERT INTO supporting_projects(supporting_project_id, supported_at, delivery_id, payment_id, project_id, user_id) VALUES (896, (SELECT projects.start_date + INTERVAL 39 DAY FROM projects WHERE projects.id=25), 896, 896, 25, 26);
INSERT INTO orders (order_id, created_at, delivery_id, payment_id, supporting_project_id) VALUES (896, (SELECT projects.start_date + INTERVAL 39 DAY FROM projects WHERE projects.id=25), 1, 896, 896);
INSERT INTO supporting_packages(id, option_list, package_count, order_id, project_package_id, supporting_project_id) VALUES (896, '["대본 리딩 참관"]', 3, 896, 25, 896);
INSERT INTO supporting_projects(supporting_project_id, supported_at, delivery_id, payment_id, project_id, user_id) VALUES (897, (SELECT projects.start_date + INTERVAL 3 DAY FROM projects WHERE projects.id=25), 897, 897, 25, 10);
INSERT INTO orders (order_id, created_at, delivery_id, payment_id, supporting_project_id) VALUES (897, (SELECT projects.start_date + INTERVAL 3 DAY FROM projects WHERE projects.id=25), 1, 897, 897);
INSERT INTO supporting_packages(id, option_list, package_count, order_id, project_package_id, supporting_project_id) VALUES (897, '["촬영장 방문"]', 8, 897, 25, 897);
INSERT INTO supporting_projects(supporting_project_id, supported_at, delivery_id, payment_id, project_id, user_id) VALUES (898, (SELECT projects.start_date + INTERVAL 28 DAY FROM projects WHERE projects.id=25), 898, 898, 25, 21);
INSERT INTO orders (order_id, created_at, delivery_id, payment_id, supporting_project_id) VALUES (898, (SELECT projects.start_date + INTERVAL 28 DAY FROM projects WHERE projects.id=25), 1, 898, 898);
INSERT INTO supporting_packages(id, option_list, package_count, order_id, project_package_id, supporting_project_id) VALUES (898, '["배우 사인회"]', 3, 898, 25, 898);
INSERT INTO supporting_projects(supporting_project_id, supported_at, delivery_id, payment_id, project_id, user_id) VALUES (899, (SELECT projects.start_date + INTERVAL 23 DAY FROM projects WHERE projects.id=25), 899, 899, 25, 33);
INSERT INTO orders (order_id, created_at, delivery_id, payment_id, supporting_project_id) VALUES (899, (SELECT projects.start_date + INTERVAL 23 DAY FROM projects WHERE projects.id=25), 1, 899, 899);
INSERT INTO supporting_packages(id, option_list, package_count, order_id, project_package_id, supporting_project_id) VALUES (899, '["대본 리딩 참관"]', 1, 899, 25, 899);
INSERT INTO supporting_projects(supporting_project_id, supported_at, delivery_id, payment_id, project_id, user_id) VALUES (900, (SELECT projects.start_date + INTERVAL 6 DAY FROM projects WHERE projects.id=25), 900, 900, 25, 39);
INSERT INTO orders (order_id, created_at, delivery_id, payment_id, supporting_project_id) VALUES (900, (SELECT projects.start_date + INTERVAL 6 DAY FROM projects WHERE projects.id=25), 1, 900, 900);
INSERT INTO supporting_packages(id, option_list, package_count, order_id, project_package_id, supporting_project_id) VALUES (900, '["촬영장 방문"]', 7, 900, 25, 900);
INSERT INTO supporting_projects(supporting_project_id, supported_at, delivery_id, payment_id, project_id, user_id) VALUES (901, (SELECT projects.start_date + INTERVAL 45 DAY FROM projects WHERE projects.id=25), 901, 901, 25, 17);
INSERT INTO orders (order_id, created_at, delivery_id, payment_id, supporting_project_id) VALUES (901, (SELECT projects.start_date + INTERVAL 45 DAY FROM projects WHERE projects.id=25), 1, 901, 901);
INSERT INTO supporting_packages(id, option_list, package_count, order_id, project_package_id, supporting_project_id) VALUES (901, '["배우 사인회"]', 3, 901, 25, 901);
INSERT INTO supporting_projects(supporting_project_id, supported_at, delivery_id, payment_id, project_id, user_id) VALUES (902, (SELECT projects.start_date + INTERVAL 25 DAY FROM projects WHERE projects.id=25), 902, 902, 25, 26);
INSERT INTO orders (order_id, created_at, delivery_id, payment_id, supporting_project_id) VALUES (902, (SELECT projects.start_date + INTERVAL 25 DAY FROM projects WHERE projects.id=25), 1, 902, 902);
INSERT INTO supporting_packages(id, option_list, package_count, order_id, project_package_id, supporting_project_id) VALUES (902, '["배우 사인회"]', 4, 902, 25, 902);
INSERT INTO supporting_projects(supporting_project_id, supported_at, delivery_id, payment_id, project_id, user_id) VALUES (903, (SELECT projects.start_date + INTERVAL 21 DAY FROM projects WHERE projects.id=25), 903, 903, 25, 2);
INSERT INTO orders (order_id, created_at, delivery_id, payment_id, supporting_project_id) VALUES (903, (SELECT projects.start_date + INTERVAL 21 DAY FROM projects WHERE projects.id=25), 1, 903, 903);
INSERT INTO supporting_packages(id, option_list, package_count, order_id, project_package_id, supporting_project_id) VALUES (903, '["배우 사인회"]', 5, 903, 25, 903);
INSERT INTO supporting_projects(supporting_project_id, supported_at, delivery_id, payment_id, project_id, user_id) VALUES (904, (SELECT projects.start_date + INTERVAL 34 DAY FROM projects WHERE projects.id=25), 904, 904, 25, 31);
INSERT INTO orders (order_id, created_at, delivery_id, payment_id, supporting_project_id) VALUES (904, (SELECT projects.start_date + INTERVAL 34 DAY FROM projects WHERE projects.id=25), 1, 904, 904);
INSERT INTO supporting_packages(id, option_list, package_count, order_id, project_package_id, supporting_project_id) VALUES (904, '["배우 사인회"]', 1, 904, 25, 904);
INSERT INTO supporting_projects(supporting_project_id, supported_at, delivery_id, payment_id, project_id, user_id) VALUES (905, (SELECT projects.start_date + INTERVAL 42 DAY FROM projects WHERE projects.id=25), 905, 905, 25, 20);
INSERT INTO orders (order_id, created_at, delivery_id, payment_id, supporting_project_id) VALUES (905, (SELECT projects.start_date + INTERVAL 42 DAY FROM projects WHERE projects.id=25), 1, 905, 905);
INSERT INTO supporting_packages(id, option_list, package_count, order_id, project_package_id, supporting_project_id) VALUES (905, '["대본 리딩 참관"]', 9, 905, 25, 905);
INSERT INTO supporting_projects(supporting_project_id, supported_at, delivery_id, payment_id, project_id, user_id) VALUES (906, (SELECT projects.start_date + INTERVAL 49 DAY FROM projects WHERE projects.id=25), 906, 906, 25, 20);
INSERT INTO orders (order_id, created_at, delivery_id, payment_id, supporting_project_id) VALUES (906, (SELECT projects.start_date + INTERVAL 49 DAY FROM projects WHERE projects.id=25), 1, 906, 906);
INSERT INTO supporting_packages(id, option_list, package_count, order_id, project_package_id, supporting_project_id) VALUES (906, '["대본 리딩 참관"]', 7, 906, 25, 906);
INSERT INTO supporting_projects(supporting_project_id, supported_at, delivery_id, payment_id, project_id, user_id) VALUES (907, (SELECT projects.start_date + INTERVAL 35 DAY FROM projects WHERE projects.id=25), 907, 907, 25, 38);
INSERT INTO orders (order_id, created_at, delivery_id, payment_id, supporting_project_id) VALUES (907, (SELECT projects.start_date + INTERVAL 35 DAY FROM projects WHERE projects.id=25), 1, 907, 907);
INSERT INTO supporting_packages(id, option_list, package_count, order_id, project_package_id, supporting_project_id) VALUES (907, '["촬영장 방문"]', 7, 907, 25, 907);
INSERT INTO supporting_projects(supporting_project_id, supported_at, delivery_id, payment_id, project_id, user_id) VALUES (908, (SELECT projects.start_date + INTERVAL 12 DAY FROM projects WHERE projects.id=25), 908, 908, 25, 9);
INSERT INTO orders (order_id, created_at, delivery_id, payment_id, supporting_project_id) VALUES (908, (SELECT projects.start_date + INTERVAL 12 DAY FROM projects WHERE projects.id=25), 1, 908, 908);
INSERT INTO supporting_packages(id, option_list, package_count, order_id, project_package_id, supporting_project_id) VALUES (908, '["배우 사인회"]', 3, 908, 25, 908);
INSERT INTO supporting_projects(supporting_project_id, supported_at, delivery_id, payment_id, project_id, user_id) VALUES (909, (SELECT projects.start_date + INTERVAL 49 DAY FROM projects WHERE projects.id=25), 909, 909, 25, 25);
INSERT INTO orders (order_id, created_at, delivery_id, payment_id, supporting_project_id) VALUES (909, (SELECT projects.start_date + INTERVAL 49 DAY FROM projects WHERE projects.id=25), 1, 909, 909);
INSERT INTO supporting_packages(id, option_list, package_count, order_id, project_package_id, supporting_project_id) VALUES (909, '["대본 리딩 참관"]', 7, 909, 25, 909);
INSERT INTO supporting_projects(supporting_project_id, supported_at, delivery_id, payment_id, project_id, user_id) VALUES (910, (SELECT projects.start_date + INTERVAL 6 DAY FROM projects WHERE projects.id=25), 910, 910, 25, 33);
INSERT INTO orders (order_id, created_at, delivery_id, payment_id, supporting_project_id) VALUES (910, (SELECT projects.start_date + INTERVAL 6 DAY FROM projects WHERE projects.id=25), 1, 910, 910);
INSERT INTO supporting_packages(id, option_list, package_count, order_id, project_package_id, supporting_project_id) VALUES (910, '["대본 리딩 참관"]', 10, 910, 25, 910);
INSERT INTO supporting_projects(supporting_project_id, supported_at, delivery_id, payment_id, project_id, user_id) VALUES (911, (SELECT projects.start_date + INTERVAL 2 DAY FROM projects WHERE projects.id=25), 911, 911, 25, 15);
INSERT INTO orders (order_id, created_at, delivery_id, payment_id, supporting_project_id) VALUES (911, (SELECT projects.start_date + INTERVAL 2 DAY FROM projects WHERE projects.id=25), 1, 911, 911);
INSERT INTO supporting_packages(id, option_list, package_count, order_id, project_package_id, supporting_project_id) VALUES (911, '["대본 리딩 참관"]', 10, 911, 25, 911);
INSERT INTO supporting_projects(supporting_project_id, supported_at, delivery_id, payment_id, project_id, user_id) VALUES (912, (SELECT projects.start_date + INTERVAL 2 DAY FROM projects WHERE projects.id=25), 912, 912, 25, 6);
INSERT INTO orders (order_id, created_at, delivery_id, payment_id, supporting_project_id) VALUES (912, (SELECT projects.start_date + INTERVAL 2 DAY FROM projects WHERE projects.id=25), 1, 912, 912);
INSERT INTO supporting_packages(id, option_list, package_count, order_id, project_package_id, supporting_project_id) VALUES (912, '["배우 사인회"]', 5, 912, 25, 912);
INSERT INTO supporting_projects(supporting_project_id, supported_at, delivery_id, payment_id, project_id, user_id) VALUES (913, (SELECT projects.start_date + INTERVAL 50 DAY FROM projects WHERE projects.id=25), 913, 913, 25, 32);
INSERT INTO orders (order_id, created_at, delivery_id, payment_id, supporting_project_id) VALUES (913, (SELECT projects.start_date + INTERVAL 50 DAY FROM projects WHERE projects.id=25), 1, 913, 913);
INSERT INTO supporting_packages(id, option_list, package_count, order_id, project_package_id, supporting_project_id) VALUES (913, '["배우 사인회"]', 6, 913, 25, 913);
INSERT INTO supporting_projects(supporting_project_id, supported_at, delivery_id, payment_id, project_id, user_id) VALUES (914, (SELECT projects.start_date + INTERVAL 47 DAY FROM projects WHERE projects.id=25), 914, 914, 25, 4);
INSERT INTO orders (order_id, created_at, delivery_id, payment_id, supporting_project_id) VALUES (914, (SELECT projects.start_date + INTERVAL 47 DAY FROM projects WHERE projects.id=25), 1, 914, 914);
INSERT INTO supporting_packages(id, option_list, package_count, order_id, project_package_id, supporting_project_id) VALUES (914, '["대본 리딩 참관"]', 10, 914, 25, 914);
INSERT INTO supporting_projects(supporting_project_id, supported_at, delivery_id, payment_id, project_id, user_id) VALUES (915, (SELECT projects.start_date + INTERVAL 39 DAY FROM projects WHERE projects.id=25), 915, 915, 25, 9);
INSERT INTO orders (order_id, created_at, delivery_id, payment_id, supporting_project_id) VALUES (915, (SELECT projects.start_date + INTERVAL 39 DAY FROM projects WHERE projects.id=25), 1, 915, 915);
INSERT INTO supporting_packages(id, option_list, package_count, order_id, project_package_id, supporting_project_id) VALUES (915, '["배우 사인회"]', 10, 915, 25, 915);
INSERT INTO supporting_projects(supporting_project_id, supported_at, delivery_id, payment_id, project_id, user_id) VALUES (916, (SELECT projects.start_date + INTERVAL 32 DAY FROM projects WHERE projects.id=25), 916, 916, 25, 15);
INSERT INTO orders (order_id, created_at, delivery_id, payment_id, supporting_project_id) VALUES (916, (SELECT projects.start_date + INTERVAL 32 DAY FROM projects WHERE projects.id=25), 1, 916, 916);
INSERT INTO supporting_packages(id, option_list, package_count, order_id, project_package_id, supporting_project_id) VALUES (916, '["대본 리딩 참관"]', 7, 916, 25, 916);
INSERT INTO supporting_projects(supporting_project_id, supported_at, delivery_id, payment_id, project_id, user_id) VALUES (917, (SELECT projects.start_date + INTERVAL 39 DAY FROM projects WHERE projects.id=25), 917, 917, 25, 7);
INSERT INTO orders (order_id, created_at, delivery_id, payment_id, supporting_project_id) VALUES (917, (SELECT projects.start_date + INTERVAL 39 DAY FROM projects WHERE projects.id=25), 1, 917, 917);
INSERT INTO supporting_packages(id, option_list, package_count, order_id, project_package_id, supporting_project_id) VALUES (917, '["배우 사인회"]', 1, 917, 25, 917);
INSERT INTO supporting_projects(supporting_project_id, supported_at, delivery_id, payment_id, project_id, user_id) VALUES (918, (SELECT projects.start_date + INTERVAL 1 DAY FROM projects WHERE projects.id=25), 918, 918, 25, 15);
INSERT INTO orders (order_id, created_at, delivery_id, payment_id, supporting_project_id) VALUES (918, (SELECT projects.start_date + INTERVAL 1 DAY FROM projects WHERE projects.id=25), 1, 918, 918);
INSERT INTO supporting_packages(id, option_list, package_count, order_id, project_package_id, supporting_project_id) VALUES (918, '["대본 리딩 참관"]', 6, 918, 25, 918);
INSERT INTO supporting_projects(supporting_project_id, supported_at, delivery_id, payment_id, project_id, user_id) VALUES (919, (SELECT projects.start_date + INTERVAL 48 DAY FROM projects WHERE projects.id=25), 919, 919, 25, 29);
INSERT INTO orders (order_id, created_at, delivery_id, payment_id, supporting_project_id) VALUES (919, (SELECT projects.start_date + INTERVAL 48 DAY FROM projects WHERE projects.id=25), 1, 919, 919);
INSERT INTO supporting_packages(id, option_list, package_count, order_id, project_package_id, supporting_project_id) VALUES (919, '["배우 사인회"]', 4, 919, 25, 919);
INSERT INTO supporting_projects(supporting_project_id, supported_at, delivery_id, payment_id, project_id, user_id) VALUES (920, (SELECT projects.start_date + INTERVAL 11 DAY FROM projects WHERE projects.id=25), 920, 920, 25, 19);
INSERT INTO orders (order_id, created_at, delivery_id, payment_id, supporting_project_id) VALUES (920, (SELECT projects.start_date + INTERVAL 11 DAY FROM projects WHERE projects.id=25), 1, 920, 920);
INSERT INTO supporting_packages(id, option_list, package_count, order_id, project_package_id, supporting_project_id) VALUES (920, '["배우 사인회"]', 10, 920, 25, 920);
INSERT INTO supporting_projects(supporting_project_id, supported_at, delivery_id, payment_id, project_id, user_id) VALUES (921, (SELECT projects.start_date + INTERVAL 33 DAY FROM projects WHERE projects.id=25), 921, 921, 25, 9);
INSERT INTO orders (order_id, created_at, delivery_id, payment_id, supporting_project_id) VALUES (921, (SELECT projects.start_date + INTERVAL 33 DAY FROM projects WHERE projects.id=25), 1, 921, 921);
INSERT INTO supporting_packages(id, option_list, package_count, order_id, project_package_id, supporting_project_id) VALUES (921, '["배우 사인회"]', 2, 921, 25, 921);
INSERT INTO supporting_projects(supporting_project_id, supported_at, delivery_id, payment_id, project_id, user_id) VALUES (922, (SELECT projects.start_date + INTERVAL 24 DAY FROM projects WHERE projects.id=25), 922, 922, 25, 30);
INSERT INTO orders (order_id, created_at, delivery_id, payment_id, supporting_project_id) VALUES (922, (SELECT projects.start_date + INTERVAL 24 DAY FROM projects WHERE projects.id=25), 1, 922, 922);
INSERT INTO supporting_packages(id, option_list, package_count, order_id, project_package_id, supporting_project_id) VALUES (922, '["대본 리딩 참관"]', 8, 922, 25, 922);
INSERT INTO supporting_projects(supporting_project_id, supported_at, delivery_id, payment_id, project_id, user_id) VALUES (923, (SELECT projects.start_date + INTERVAL 14 DAY FROM projects WHERE projects.id=25), 923, 923, 25, 6);
INSERT INTO orders (order_id, created_at, delivery_id, payment_id, supporting_project_id) VALUES (923, (SELECT projects.start_date + INTERVAL 14 DAY FROM projects WHERE projects.id=25), 1, 923, 923);
INSERT INTO supporting_packages(id, option_list, package_count, order_id, project_package_id, supporting_project_id) VALUES (923, '["배우 사인회"]', 5, 923, 25, 923);
INSERT INTO supporting_projects(supporting_project_id, supported_at, delivery_id, payment_id, project_id, user_id) VALUES (924, (SELECT projects.start_date + INTERVAL 41 DAY FROM projects WHERE projects.id=25), 924, 924, 25, 13);
INSERT INTO orders (order_id, created_at, delivery_id, payment_id, supporting_project_id) VALUES (924, (SELECT projects.start_date + INTERVAL 41 DAY FROM projects WHERE projects.id=25), 1, 924, 924);
INSERT INTO supporting_packages(id, option_list, package_count, order_id, project_package_id, supporting_project_id) VALUES (924, '["대본 리딩 참관"]', 7, 924, 25, 924);
INSERT INTO supporting_projects(supporting_project_id, supported_at, delivery_id, payment_id, project_id, user_id) VALUES (925, (SELECT projects.start_date + INTERVAL 4 DAY FROM projects WHERE projects.id=25), 925, 925, 25, 19);
INSERT INTO orders (order_id, created_at, delivery_id, payment_id, supporting_project_id) VALUES (925, (SELECT projects.start_date + INTERVAL 4 DAY FROM projects WHERE projects.id=25), 1, 925, 925);
INSERT INTO supporting_packages(id, option_list, package_count, order_id, project_package_id, supporting_project_id) VALUES (925, '["대본 리딩 참관"]', 3, 925, 25, 925);
INSERT INTO supporting_projects(supporting_project_id, supported_at, delivery_id, payment_id, project_id, user_id) VALUES (926, (SELECT projects.start_date + INTERVAL 43 DAY FROM projects WHERE projects.id=25), 926, 926, 25, 17);
INSERT INTO orders (order_id, created_at, delivery_id, payment_id, supporting_project_id) VALUES (926, (SELECT projects.start_date + INTERVAL 43 DAY FROM projects WHERE projects.id=25), 1, 926, 926);
INSERT INTO supporting_packages(id, option_list, package_count, order_id, project_package_id, supporting_project_id) VALUES (926, '["배우 사인회"]', 8, 926, 25, 926);
INSERT INTO supporting_projects(supporting_project_id, supported_at, delivery_id, payment_id, project_id, user_id) VALUES (927, (SELECT projects.start_date + INTERVAL 36 DAY FROM projects WHERE projects.id=25), 927, 927, 25, 21);
INSERT INTO orders (order_id, created_at, delivery_id, payment_id, supporting_project_id) VALUES (927, (SELECT projects.start_date + INTERVAL 36 DAY FROM projects WHERE projects.id=25), 1, 927, 927);
INSERT INTO supporting_packages(id, option_list, package_count, order_id, project_package_id, supporting_project_id) VALUES (927, '["대본 리딩 참관"]', 9, 927, 25, 927);
INSERT INTO supporting_projects(supporting_project_id, supported_at, delivery_id, payment_id, project_id, user_id) VALUES (928, (SELECT projects.start_date + INTERVAL 39 DAY FROM projects WHERE projects.id=25), 928, 928, 25, 22);
INSERT INTO orders (order_id, created_at, delivery_id, payment_id, supporting_project_id) VALUES (928, (SELECT projects.start_date + INTERVAL 39 DAY FROM projects WHERE projects.id=25), 1, 928, 928);
INSERT INTO supporting_packages(id, option_list, package_count, order_id, project_package_id, supporting_project_id) VALUES (928, '["대본 리딩 참관"]', 7, 928, 25, 928);
INSERT INTO supporting_projects(supporting_project_id, supported_at, delivery_id, payment_id, project_id, user_id) VALUES (929, (SELECT projects.start_date + INTERVAL 49 DAY FROM projects WHERE projects.id=27), 929, 929, 27, 14);
INSERT INTO orders (order_id, created_at, delivery_id, payment_id, supporting_project_id) VALUES (929, (SELECT projects.start_date + INTERVAL 49 DAY FROM projects WHERE projects.id=27), 1, 929, 929);
INSERT INTO supporting_packages(id, option_list, package_count, order_id, project_package_id, supporting_project_id) VALUES (929, '["키링"]', 6, 929, 27, 929);
INSERT INTO supporting_projects(supporting_project_id, supported_at, delivery_id, payment_id, project_id, user_id) VALUES (930, (SELECT projects.start_date + INTERVAL 2 DAY FROM projects WHERE projects.id=27), 930, 930, 27, 5);
INSERT INTO orders (order_id, created_at, delivery_id, payment_id, supporting_project_id) VALUES (930, (SELECT projects.start_date + INTERVAL 2 DAY FROM projects WHERE projects.id=27), 1, 930, 930);
INSERT INTO supporting_packages(id, option_list, package_count, order_id, project_package_id, supporting_project_id) VALUES (930, '["폰케이스"]', 3, 930, 27, 930);
INSERT INTO supporting_projects(supporting_project_id, supported_at, delivery_id, payment_id, project_id, user_id) VALUES (931, (SELECT projects.start_date + INTERVAL 42 DAY FROM projects WHERE projects.id=27), 931, 931, 27, 7);
INSERT INTO orders (order_id, created_at, delivery_id, payment_id, supporting_project_id) VALUES (931, (SELECT projects.start_date + INTERVAL 42 DAY FROM projects WHERE projects.id=27), 1, 931, 931);
INSERT INTO supporting_packages(id, option_list, package_count, order_id, project_package_id, supporting_project_id) VALUES (931, '["키링"]', 5, 931, 27, 931);
INSERT INTO supporting_projects(supporting_project_id, supported_at, delivery_id, payment_id, project_id, user_id) VALUES (932, (SELECT projects.start_date + INTERVAL 37 DAY FROM projects WHERE projects.id=27), 932, 932, 27, 12);
INSERT INTO orders (order_id, created_at, delivery_id, payment_id, supporting_project_id) VALUES (932, (SELECT projects.start_date + INTERVAL 37 DAY FROM projects WHERE projects.id=27), 1, 932, 932);
INSERT INTO supporting_packages(id, option_list, package_count, order_id, project_package_id, supporting_project_id) VALUES (932, '["키링"]', 10, 932, 27, 932);
INSERT INTO supporting_projects(supporting_project_id, supported_at, delivery_id, payment_id, project_id, user_id) VALUES (933, (SELECT projects.start_date + INTERVAL 17 DAY FROM projects WHERE projects.id=27), 933, 933, 27, 25);
INSERT INTO orders (order_id, created_at, delivery_id, payment_id, supporting_project_id) VALUES (933, (SELECT projects.start_date + INTERVAL 17 DAY FROM projects WHERE projects.id=27), 1, 933, 933);
INSERT INTO supporting_packages(id, option_list, package_count, order_id, project_package_id, supporting_project_id) VALUES (933, '["폰케이스"]', 5, 933, 27, 933);
INSERT INTO supporting_projects(supporting_project_id, supported_at, delivery_id, payment_id, project_id, user_id) VALUES (934, (SELECT projects.start_date + INTERVAL 31 DAY FROM projects WHERE projects.id=27), 934, 934, 27, 3);
INSERT INTO orders (order_id, created_at, delivery_id, payment_id, supporting_project_id) VALUES (934, (SELECT projects.start_date + INTERVAL 31 DAY FROM projects WHERE projects.id=27), 1, 934, 934);
INSERT INTO supporting_packages(id, option_list, package_count, order_id, project_package_id, supporting_project_id) VALUES (934, '["폰케이스"]', 8, 934, 27, 934);
INSERT INTO supporting_projects(supporting_project_id, supported_at, delivery_id, payment_id, project_id, user_id) VALUES (935, (SELECT projects.start_date + INTERVAL 21 DAY FROM projects WHERE projects.id=27), 935, 935, 27, 9);
INSERT INTO orders (order_id, created_at, delivery_id, payment_id, supporting_project_id) VALUES (935, (SELECT projects.start_date + INTERVAL 21 DAY FROM projects WHERE projects.id=27), 1, 935, 935);
INSERT INTO supporting_packages(id, option_list, package_count, order_id, project_package_id, supporting_project_id) VALUES (935, '["키링"]', 6, 935, 27, 935);
INSERT INTO supporting_projects(supporting_project_id, supported_at, delivery_id, payment_id, project_id, user_id) VALUES (936, (SELECT projects.start_date + INTERVAL 30 DAY FROM projects WHERE projects.id=27), 936, 936, 27, 24);
INSERT INTO orders (order_id, created_at, delivery_id, payment_id, supporting_project_id) VALUES (936, (SELECT projects.start_date + INTERVAL 30 DAY FROM projects WHERE projects.id=27), 1, 936, 936);
INSERT INTO supporting_packages(id, option_list, package_count, order_id, project_package_id, supporting_project_id) VALUES (936, '["포토카드"]', 5, 936, 27, 936);
INSERT INTO supporting_projects(supporting_project_id, supported_at, delivery_id, payment_id, project_id, user_id) VALUES (937, (SELECT projects.start_date + INTERVAL 45 DAY FROM projects WHERE projects.id=27), 937, 937, 27, 21);
INSERT INTO orders (order_id, created_at, delivery_id, payment_id, supporting_project_id) VALUES (937, (SELECT projects.start_date + INTERVAL 45 DAY FROM projects WHERE projects.id=27), 1, 937, 937);
INSERT INTO supporting_packages(id, option_list, package_count, order_id, project_package_id, supporting_project_id) VALUES (937, '["키링"]', 3, 937, 27, 937);
INSERT INTO supporting_projects(supporting_project_id, supported_at, delivery_id, payment_id, project_id, user_id) VALUES (938, (SELECT projects.start_date + INTERVAL 32 DAY FROM projects WHERE projects.id=27), 938, 938, 27, 1);
INSERT INTO orders (order_id, created_at, delivery_id, payment_id, supporting_project_id) VALUES (938, (SELECT projects.start_date + INTERVAL 32 DAY FROM projects WHERE projects.id=27), 1, 938, 938);
INSERT INTO supporting_packages(id, option_list, package_count, order_id, project_package_id, supporting_project_id) VALUES (938, '["폰케이스"]', 7, 938, 27, 938);
INSERT INTO supporting_projects(supporting_project_id, supported_at, delivery_id, payment_id, project_id, user_id) VALUES (939, (SELECT projects.start_date + INTERVAL 36 DAY FROM projects WHERE projects.id=27), 939, 939, 27, 8);
INSERT INTO orders (order_id, created_at, delivery_id, payment_id, supporting_project_id) VALUES (939, (SELECT projects.start_date + INTERVAL 36 DAY FROM projects WHERE projects.id=27), 1, 939, 939);
INSERT INTO supporting_packages(id, option_list, package_count, order_id, project_package_id, supporting_project_id) VALUES (939, '["폰케이스"]', 9, 939, 27, 939);
INSERT INTO supporting_projects(supporting_project_id, supported_at, delivery_id, payment_id, project_id, user_id) VALUES (940, (SELECT projects.start_date + INTERVAL 16 DAY FROM projects WHERE projects.id=27), 940, 940, 27, 1);
INSERT INTO orders (order_id, created_at, delivery_id, payment_id, supporting_project_id) VALUES (940, (SELECT projects.start_date + INTERVAL 16 DAY FROM projects WHERE projects.id=27), 1, 940, 940);
INSERT INTO supporting_packages(id, option_list, package_count, order_id, project_package_id, supporting_project_id) VALUES (940, '["키링"]', 3, 940, 27, 940);
INSERT INTO supporting_projects(supporting_project_id, supported_at, delivery_id, payment_id, project_id, user_id) VALUES (941, (SELECT projects.start_date + INTERVAL 37 DAY FROM projects WHERE projects.id=27), 941, 941, 27, 39);
INSERT INTO orders (order_id, created_at, delivery_id, payment_id, supporting_project_id) VALUES (941, (SELECT projects.start_date + INTERVAL 37 DAY FROM projects WHERE projects.id=27), 1, 941, 941);
INSERT INTO supporting_packages(id, option_list, package_count, order_id, project_package_id, supporting_project_id) VALUES (941, '["폰케이스"]', 4, 941, 27, 941);
INSERT INTO supporting_projects(supporting_project_id, supported_at, delivery_id, payment_id, project_id, user_id) VALUES (942, (SELECT projects.start_date + INTERVAL 28 DAY FROM projects WHERE projects.id=27), 942, 942, 27, 23);
INSERT INTO orders (order_id, created_at, delivery_id, payment_id, supporting_project_id) VALUES (942, (SELECT projects.start_date + INTERVAL 28 DAY FROM projects WHERE projects.id=27), 1, 942, 942);
INSERT INTO supporting_packages(id, option_list, package_count, order_id, project_package_id, supporting_project_id) VALUES (942, '["포토카드"]', 6, 942, 27, 942);
INSERT INTO supporting_projects(supporting_project_id, supported_at, delivery_id, payment_id, project_id, user_id) VALUES (943, (SELECT projects.start_date + INTERVAL 11 DAY FROM projects WHERE projects.id=27), 943, 943, 27, 40);
INSERT INTO orders (order_id, created_at, delivery_id, payment_id, supporting_project_id) VALUES (943, (SELECT projects.start_date + INTERVAL 11 DAY FROM projects WHERE projects.id=27), 1, 943, 943);
INSERT INTO supporting_packages(id, option_list, package_count, order_id, project_package_id, supporting_project_id) VALUES (943, '["포토카드"]', 2, 943, 27, 943);
INSERT INTO supporting_projects(supporting_project_id, supported_at, delivery_id, payment_id, project_id, user_id) VALUES (944, (SELECT projects.start_date + INTERVAL 17 DAY FROM projects WHERE projects.id=27), 944, 944, 27, 6);
INSERT INTO orders (order_id, created_at, delivery_id, payment_id, supporting_project_id) VALUES (944, (SELECT projects.start_date + INTERVAL 17 DAY FROM projects WHERE projects.id=27), 1, 944, 944);
INSERT INTO supporting_packages(id, option_list, package_count, order_id, project_package_id, supporting_project_id) VALUES (944, '["포토카드"]', 1, 944, 27, 944);
INSERT INTO supporting_projects(supporting_project_id, supported_at, delivery_id, payment_id, project_id, user_id) VALUES (945, (SELECT projects.start_date + INTERVAL 26 DAY FROM projects WHERE projects.id=27), 945, 945, 27, 39);
INSERT INTO orders (order_id, created_at, delivery_id, payment_id, supporting_project_id) VALUES (945, (SELECT projects.start_date + INTERVAL 26 DAY FROM projects WHERE projects.id=27), 1, 945, 945);
INSERT INTO supporting_packages(id, option_list, package_count, order_id, project_package_id, supporting_project_id) VALUES (945, '["포토카드"]', 1, 945, 27, 945);
INSERT INTO supporting_projects(supporting_project_id, supported_at, delivery_id, payment_id, project_id, user_id) VALUES (946, (SELECT projects.start_date + INTERVAL 16 DAY FROM projects WHERE projects.id=27), 946, 946, 27, 24);
INSERT INTO orders (order_id, created_at, delivery_id, payment_id, supporting_project_id) VALUES (946, (SELECT projects.start_date + INTERVAL 16 DAY FROM projects WHERE projects.id=27), 1, 946, 946);
INSERT INTO supporting_packages(id, option_list, package_count, order_id, project_package_id, supporting_project_id) VALUES (946, '["키링"]', 7, 946, 27, 946);
INSERT INTO supporting_projects(supporting_project_id, supported_at, delivery_id, payment_id, project_id, user_id) VALUES (947, (SELECT projects.start_date + INTERVAL 47 DAY FROM projects WHERE projects.id=27), 947, 947, 27, 31);
INSERT INTO orders (order_id, created_at, delivery_id, payment_id, supporting_project_id) VALUES (947, (SELECT projects.start_date + INTERVAL 47 DAY FROM projects WHERE projects.id=27), 1, 947, 947);
INSERT INTO supporting_packages(id, option_list, package_count, order_id, project_package_id, supporting_project_id) VALUES (947, '["폰케이스"]', 2, 947, 27, 947);
INSERT INTO supporting_projects(supporting_project_id, supported_at, delivery_id, payment_id, project_id, user_id) VALUES (948, (SELECT projects.start_date + INTERVAL 29 DAY FROM projects WHERE projects.id=27), 948, 948, 27, 20);
INSERT INTO orders (order_id, created_at, delivery_id, payment_id, supporting_project_id) VALUES (948, (SELECT projects.start_date + INTERVAL 29 DAY FROM projects WHERE projects.id=27), 1, 948, 948);
INSERT INTO supporting_packages(id, option_list, package_count, order_id, project_package_id, supporting_project_id) VALUES (948, '["포토카드"]', 1, 948, 27, 948);
INSERT INTO supporting_projects(supporting_project_id, supported_at, delivery_id, payment_id, project_id, user_id) VALUES (949, (SELECT projects.start_date + INTERVAL 31 DAY FROM projects WHERE projects.id=27), 949, 949, 27, 24);
INSERT INTO orders (order_id, created_at, delivery_id, payment_id, supporting_project_id) VALUES (949, (SELECT projects.start_date + INTERVAL 31 DAY FROM projects WHERE projects.id=27), 1, 949, 949);
INSERT INTO supporting_packages(id, option_list, package_count, order_id, project_package_id, supporting_project_id) VALUES (949, '["포토카드"]', 1, 949, 27, 949);
INSERT INTO supporting_projects(supporting_project_id, supported_at, delivery_id, payment_id, project_id, user_id) VALUES (950, (SELECT projects.start_date + INTERVAL 22 DAY FROM projects WHERE projects.id=27), 950, 950, 27, 37);
INSERT INTO orders (order_id, created_at, delivery_id, payment_id, supporting_project_id) VALUES (950, (SELECT projects.start_date + INTERVAL 22 DAY FROM projects WHERE projects.id=27), 1, 950, 950);
INSERT INTO supporting_packages(id, option_list, package_count, order_id, project_package_id, supporting_project_id) VALUES (950, '["포토카드"]', 1, 950, 27, 950);
INSERT INTO supporting_projects(supporting_project_id, supported_at, delivery_id, payment_id, project_id, user_id) VALUES (951, (SELECT projects.start_date + INTERVAL 9 DAY FROM projects WHERE projects.id=27), 951, 951, 27, 17);
INSERT INTO orders (order_id, created_at, delivery_id, payment_id, supporting_project_id) VALUES (951, (SELECT projects.start_date + INTERVAL 9 DAY FROM projects WHERE projects.id=27), 1, 951, 951);
INSERT INTO supporting_packages(id, option_list, package_count, order_id, project_package_id, supporting_project_id) VALUES (951, '["포토카드"]', 1, 951, 27, 951);
INSERT INTO supporting_projects(supporting_project_id, supported_at, delivery_id, payment_id, project_id, user_id) VALUES (952, (SELECT projects.start_date + INTERVAL 23 DAY FROM projects WHERE projects.id=27), 952, 952, 27, 36);
INSERT INTO orders (order_id, created_at, delivery_id, payment_id, supporting_project_id) VALUES (952, (SELECT projects.start_date + INTERVAL 23 DAY FROM projects WHERE projects.id=27), 1, 952, 952);
INSERT INTO supporting_packages(id, option_list, package_count, order_id, project_package_id, supporting_project_id) VALUES (952, '["키링"]', 3, 952, 27, 952);
INSERT INTO supporting_projects(supporting_project_id, supported_at, delivery_id, payment_id, project_id, user_id) VALUES (953, (SELECT projects.start_date + INTERVAL 7 DAY FROM projects WHERE projects.id=27), 953, 953, 27, 32);
INSERT INTO orders (order_id, created_at, delivery_id, payment_id, supporting_project_id) VALUES (953, (SELECT projects.start_date + INTERVAL 7 DAY FROM projects WHERE projects.id=27), 1, 953, 953);
INSERT INTO supporting_packages(id, option_list, package_count, order_id, project_package_id, supporting_project_id) VALUES (953, '["포토카드"]', 9, 953, 27, 953);
INSERT INTO supporting_projects(supporting_project_id, supported_at, delivery_id, payment_id, project_id, user_id) VALUES (954, (SELECT projects.start_date + INTERVAL 50 DAY FROM projects WHERE projects.id=27), 954, 954, 27, 10);
INSERT INTO orders (order_id, created_at, delivery_id, payment_id, supporting_project_id) VALUES (954, (SELECT projects.start_date + INTERVAL 50 DAY FROM projects WHERE projects.id=27), 1, 954, 954);
INSERT INTO supporting_packages(id, option_list, package_count, order_id, project_package_id, supporting_project_id) VALUES (954, '["폰케이스"]', 5, 954, 27, 954);
INSERT INTO supporting_projects(supporting_project_id, supported_at, delivery_id, payment_id, project_id, user_id) VALUES (955, (SELECT projects.start_date + INTERVAL 33 DAY FROM projects WHERE projects.id=27), 955, 955, 27, 34);
INSERT INTO orders (order_id, created_at, delivery_id, payment_id, supporting_project_id) VALUES (955, (SELECT projects.start_date + INTERVAL 33 DAY FROM projects WHERE projects.id=27), 1, 955, 955);
INSERT INTO supporting_packages(id, option_list, package_count, order_id, project_package_id, supporting_project_id) VALUES (955, '["포토카드"]', 6, 955, 27, 955);
INSERT INTO supporting_projects(supporting_project_id, supported_at, delivery_id, payment_id, project_id, user_id) VALUES (956, (SELECT projects.start_date + INTERVAL 20 DAY FROM projects WHERE projects.id=27), 956, 956, 27, 18);
INSERT INTO orders (order_id, created_at, delivery_id, payment_id, supporting_project_id) VALUES (956, (SELECT projects.start_date + INTERVAL 20 DAY FROM projects WHERE projects.id=27), 1, 956, 956);
INSERT INTO supporting_packages(id, option_list, package_count, order_id, project_package_id, supporting_project_id) VALUES (956, '["키링"]', 3, 956, 27, 956);
INSERT INTO supporting_projects(supporting_project_id, supported_at, delivery_id, payment_id, project_id, user_id) VALUES (957, (SELECT projects.start_date + INTERVAL 18 DAY FROM projects WHERE projects.id=27), 957, 957, 27, 11);
INSERT INTO orders (order_id, created_at, delivery_id, payment_id, supporting_project_id) VALUES (957, (SELECT projects.start_date + INTERVAL 18 DAY FROM projects WHERE projects.id=27), 1, 957, 957);
INSERT INTO supporting_packages(id, option_list, package_count, order_id, project_package_id, supporting_project_id) VALUES (957, '["키링"]', 8, 957, 27, 957);
INSERT INTO supporting_projects(supporting_project_id, supported_at, delivery_id, payment_id, project_id, user_id) VALUES (958, (SELECT projects.start_date + INTERVAL 18 DAY FROM projects WHERE projects.id=27), 958, 958, 27, 20);
INSERT INTO orders (order_id, created_at, delivery_id, payment_id, supporting_project_id) VALUES (958, (SELECT projects.start_date + INTERVAL 18 DAY FROM projects WHERE projects.id=27), 1, 958, 958);
INSERT INTO supporting_packages(id, option_list, package_count, order_id, project_package_id, supporting_project_id) VALUES (958, '["포토카드"]', 2, 958, 27, 958);
INSERT INTO supporting_projects(supporting_project_id, supported_at, delivery_id, payment_id, project_id, user_id) VALUES (959, (SELECT projects.start_date + INTERVAL 15 DAY FROM projects WHERE projects.id=27), 959, 959, 27, 29);
INSERT INTO orders (order_id, created_at, delivery_id, payment_id, supporting_project_id) VALUES (959, (SELECT projects.start_date + INTERVAL 15 DAY FROM projects WHERE projects.id=27), 1, 959, 959);
INSERT INTO supporting_packages(id, option_list, package_count, order_id, project_package_id, supporting_project_id) VALUES (959, '["폰케이스"]', 7, 959, 27, 959);
INSERT INTO supporting_projects(supporting_project_id, supported_at, delivery_id, payment_id, project_id, user_id) VALUES (960, (SELECT projects.start_date + INTERVAL 2 DAY FROM projects WHERE projects.id=27), 960, 960, 27, 39);
INSERT INTO orders (order_id, created_at, delivery_id, payment_id, supporting_project_id) VALUES (960, (SELECT projects.start_date + INTERVAL 2 DAY FROM projects WHERE projects.id=27), 1, 960, 960);
INSERT INTO supporting_packages(id, option_list, package_count, order_id, project_package_id, supporting_project_id) VALUES (960, '["폰케이스"]', 3, 960, 27, 960);
INSERT INTO supporting_projects(supporting_project_id, supported_at, delivery_id, payment_id, project_id, user_id) VALUES (961, (SELECT projects.start_date + INTERVAL 16 DAY FROM projects WHERE projects.id=27), 961, 961, 27, 24);
INSERT INTO orders (order_id, created_at, delivery_id, payment_id, supporting_project_id) VALUES (961, (SELECT projects.start_date + INTERVAL 16 DAY FROM projects WHERE projects.id=27), 1, 961, 961);
INSERT INTO supporting_packages(id, option_list, package_count, order_id, project_package_id, supporting_project_id) VALUES (961, '["키링"]', 2, 961, 27, 961);
INSERT INTO supporting_projects(supporting_project_id, supported_at, delivery_id, payment_id, project_id, user_id) VALUES (962, (SELECT projects.start_date + INTERVAL 50 DAY FROM projects WHERE projects.id=27), 962, 962, 27, 16);
INSERT INTO orders (order_id, created_at, delivery_id, payment_id, supporting_project_id) VALUES (962, (SELECT projects.start_date + INTERVAL 50 DAY FROM projects WHERE projects.id=27), 1, 962, 962);
INSERT INTO supporting_packages(id, option_list, package_count, order_id, project_package_id, supporting_project_id) VALUES (962, '["키링"]', 2, 962, 27, 962);
INSERT INTO supporting_projects(supporting_project_id, supported_at, delivery_id, payment_id, project_id, user_id) VALUES (963, (SELECT projects.start_date + INTERVAL 37 DAY FROM projects WHERE projects.id=27), 963, 963, 27, 34);
INSERT INTO orders (order_id, created_at, delivery_id, payment_id, supporting_project_id) VALUES (963, (SELECT projects.start_date + INTERVAL 37 DAY FROM projects WHERE projects.id=27), 1, 963, 963);
INSERT INTO supporting_packages(id, option_list, package_count, order_id, project_package_id, supporting_project_id) VALUES (963, '["폰케이스"]', 6, 963, 27, 963);
INSERT INTO supporting_projects(supporting_project_id, supported_at, delivery_id, payment_id, project_id, user_id) VALUES (964, (SELECT projects.start_date + INTERVAL 38 DAY FROM projects WHERE projects.id=27), 964, 964, 27, 23);
INSERT INTO orders (order_id, created_at, delivery_id, payment_id, supporting_project_id) VALUES (964, (SELECT projects.start_date + INTERVAL 38 DAY FROM projects WHERE projects.id=27), 1, 964, 964);
INSERT INTO supporting_packages(id, option_list, package_count, order_id, project_package_id, supporting_project_id) VALUES (964, '["포토카드"]', 6, 964, 27, 964);
INSERT INTO supporting_projects(supporting_project_id, supported_at, delivery_id, payment_id, project_id, user_id) VALUES (965, (SELECT projects.start_date + INTERVAL 11 DAY FROM projects WHERE projects.id=27), 965, 965, 27, 11);
INSERT INTO orders (order_id, created_at, delivery_id, payment_id, supporting_project_id) VALUES (965, (SELECT projects.start_date + INTERVAL 11 DAY FROM projects WHERE projects.id=27), 1, 965, 965);
INSERT INTO supporting_packages(id, option_list, package_count, order_id, project_package_id, supporting_project_id) VALUES (965, '["키링"]', 5, 965, 27, 965);
INSERT INTO supporting_projects(supporting_project_id, supported_at, delivery_id, payment_id, project_id, user_id) VALUES (966, (SELECT projects.start_date + INTERVAL 44 DAY FROM projects WHERE projects.id=27), 966, 966, 27, 6);
INSERT INTO orders (order_id, created_at, delivery_id, payment_id, supporting_project_id) VALUES (966, (SELECT projects.start_date + INTERVAL 44 DAY FROM projects WHERE projects.id=27), 1, 966, 966);
INSERT INTO supporting_packages(id, option_list, package_count, order_id, project_package_id, supporting_project_id) VALUES (966, '["폰케이스"]', 9, 966, 27, 966);
INSERT INTO supporting_projects(supporting_project_id, supported_at, delivery_id, payment_id, project_id, user_id) VALUES (967, (SELECT projects.start_date + INTERVAL 38 DAY FROM projects WHERE projects.id=27), 967, 967, 27, 3);
INSERT INTO orders (order_id, created_at, delivery_id, payment_id, supporting_project_id) VALUES (967, (SELECT projects.start_date + INTERVAL 38 DAY FROM projects WHERE projects.id=27), 1, 967, 967);
INSERT INTO supporting_packages(id, option_list, package_count, order_id, project_package_id, supporting_project_id) VALUES (967, '["폰케이스"]', 3, 967, 27, 967);
INSERT INTO supporting_projects(supporting_project_id, supported_at, delivery_id, payment_id, project_id, user_id) VALUES (968, (SELECT projects.start_date + INTERVAL 2 DAY FROM projects WHERE projects.id=27), 968, 968, 27, 6);
INSERT INTO orders (order_id, created_at, delivery_id, payment_id, supporting_project_id) VALUES (968, (SELECT projects.start_date + INTERVAL 2 DAY FROM projects WHERE projects.id=27), 1, 968, 968);
INSERT INTO supporting_packages(id, option_list, package_count, order_id, project_package_id, supporting_project_id) VALUES (968, '["포토카드"]', 1, 968, 27, 968);
INSERT INTO supporting_projects(supporting_project_id, supported_at, delivery_id, payment_id, project_id, user_id) VALUES (969, (SELECT projects.start_date + INTERVAL 33 DAY FROM projects WHERE projects.id=27), 969, 969, 27, 11);
INSERT INTO orders (order_id, created_at, delivery_id, payment_id, supporting_project_id) VALUES (969, (SELECT projects.start_date + INTERVAL 33 DAY FROM projects WHERE projects.id=27), 1, 969, 969);
INSERT INTO supporting_packages(id, option_list, package_count, order_id, project_package_id, supporting_project_id) VALUES (969, '["폰케이스"]', 8, 969, 27, 969);
INSERT INTO supporting_projects(supporting_project_id, supported_at, delivery_id, payment_id, project_id, user_id) VALUES (970, (SELECT projects.start_date + INTERVAL 42 DAY FROM projects WHERE projects.id=27), 970, 970, 27, 12);
INSERT INTO orders (order_id, created_at, delivery_id, payment_id, supporting_project_id) VALUES (970, (SELECT projects.start_date + INTERVAL 42 DAY FROM projects WHERE projects.id=27), 1, 970, 970);
INSERT INTO supporting_packages(id, option_list, package_count, order_id, project_package_id, supporting_project_id) VALUES (970, '["폰케이스"]', 5, 970, 27, 970);
INSERT INTO supporting_projects(supporting_project_id, supported_at, delivery_id, payment_id, project_id, user_id) VALUES (971, (SELECT projects.start_date + INTERVAL 15 DAY FROM projects WHERE projects.id=27), 971, 971, 27, 35);
INSERT INTO orders (order_id, created_at, delivery_id, payment_id, supporting_project_id) VALUES (971, (SELECT projects.start_date + INTERVAL 15 DAY FROM projects WHERE projects.id=27), 1, 971, 971);
INSERT INTO supporting_packages(id, option_list, package_count, order_id, project_package_id, supporting_project_id) VALUES (971, '["키링"]', 7, 971, 27, 971);
INSERT INTO supporting_projects(supporting_project_id, supported_at, delivery_id, payment_id, project_id, user_id) VALUES (972, (SELECT projects.start_date + INTERVAL 27 DAY FROM projects WHERE projects.id=27), 972, 972, 27, 25);
INSERT INTO orders (order_id, created_at, delivery_id, payment_id, supporting_project_id) VALUES (972, (SELECT projects.start_date + INTERVAL 27 DAY FROM projects WHERE projects.id=27), 1, 972, 972);
INSERT INTO supporting_packages(id, option_list, package_count, order_id, project_package_id, supporting_project_id) VALUES (972, '["폰케이스"]', 5, 972, 27, 972);
INSERT INTO supporting_projects(supporting_project_id, supported_at, delivery_id, payment_id, project_id, user_id) VALUES (973, (SELECT projects.start_date + INTERVAL 13 DAY FROM projects WHERE projects.id=27), 973, 973, 27, 38);
INSERT INTO orders (order_id, created_at, delivery_id, payment_id, supporting_project_id) VALUES (973, (SELECT projects.start_date + INTERVAL 13 DAY FROM projects WHERE projects.id=27), 1, 973, 973);
INSERT INTO supporting_packages(id, option_list, package_count, order_id, project_package_id, supporting_project_id) VALUES (973, '["포토카드"]', 4, 973, 27, 973);
INSERT INTO supporting_projects(supporting_project_id, supported_at, delivery_id, payment_id, project_id, user_id) VALUES (974, (SELECT projects.start_date + INTERVAL 4 DAY FROM projects WHERE projects.id=27), 974, 974, 27, 35);
INSERT INTO orders (order_id, created_at, delivery_id, payment_id, supporting_project_id) VALUES (974, (SELECT projects.start_date + INTERVAL 4 DAY FROM projects WHERE projects.id=27), 1, 974, 974);
INSERT INTO supporting_packages(id, option_list, package_count, order_id, project_package_id, supporting_project_id) VALUES (974, '["키링"]', 2, 974, 27, 974);
INSERT INTO supporting_projects(supporting_project_id, supported_at, delivery_id, payment_id, project_id, user_id) VALUES (975, (SELECT projects.start_date + INTERVAL 13 DAY FROM projects WHERE projects.id=27), 975, 975, 27, 36);
INSERT INTO orders (order_id, created_at, delivery_id, payment_id, supporting_project_id) VALUES (975, (SELECT projects.start_date + INTERVAL 13 DAY FROM projects WHERE projects.id=27), 1, 975, 975);
INSERT INTO supporting_packages(id, option_list, package_count, order_id, project_package_id, supporting_project_id) VALUES (975, '["폰케이스"]', 2, 975, 27, 975);
INSERT INTO supporting_projects(supporting_project_id, supported_at, delivery_id, payment_id, project_id, user_id) VALUES (976, (SELECT projects.start_date + INTERVAL 39 DAY FROM projects WHERE projects.id=27), 976, 976, 27, 10);
INSERT INTO orders (order_id, created_at, delivery_id, payment_id, supporting_project_id) VALUES (976, (SELECT projects.start_date + INTERVAL 39 DAY FROM projects WHERE projects.id=27), 1, 976, 976);
INSERT INTO supporting_packages(id, option_list, package_count, order_id, project_package_id, supporting_project_id) VALUES (976, '["포토카드"]', 5, 976, 27, 976);
INSERT INTO supporting_projects(supporting_project_id, supported_at, delivery_id, payment_id, project_id, user_id) VALUES (977, (SELECT projects.start_date + INTERVAL 36 DAY FROM projects WHERE projects.id=27), 977, 977, 27, 16);
INSERT INTO orders (order_id, created_at, delivery_id, payment_id, supporting_project_id) VALUES (977, (SELECT projects.start_date + INTERVAL 36 DAY FROM projects WHERE projects.id=27), 1, 977, 977);
INSERT INTO supporting_packages(id, option_list, package_count, order_id, project_package_id, supporting_project_id) VALUES (977, '["키링"]', 9, 977, 27, 977);
INSERT INTO supporting_projects(supporting_project_id, supported_at, delivery_id, payment_id, project_id, user_id) VALUES (978, (SELECT projects.start_date + INTERVAL 39 DAY FROM projects WHERE projects.id=27), 978, 978, 27, 31);
INSERT INTO orders (order_id, created_at, delivery_id, payment_id, supporting_project_id) VALUES (978, (SELECT projects.start_date + INTERVAL 39 DAY FROM projects WHERE projects.id=27), 1, 978, 978);
INSERT INTO supporting_packages(id, option_list, package_count, order_id, project_package_id, supporting_project_id) VALUES (978, '["포토카드"]', 6, 978, 27, 978);
INSERT INTO supporting_projects(supporting_project_id, supported_at, delivery_id, payment_id, project_id, user_id) VALUES (979, (SELECT projects.start_date + INTERVAL 45 DAY FROM projects WHERE projects.id=27), 979, 979, 27, 23);
INSERT INTO orders (order_id, created_at, delivery_id, payment_id, supporting_project_id) VALUES (979, (SELECT projects.start_date + INTERVAL 45 DAY FROM projects WHERE projects.id=27), 1, 979, 979);
INSERT INTO supporting_packages(id, option_list, package_count, order_id, project_package_id, supporting_project_id) VALUES (979, '["포토카드"]', 7, 979, 27, 979);
INSERT INTO supporting_projects(supporting_project_id, supported_at, delivery_id, payment_id, project_id, user_id) VALUES (980, (SELECT projects.start_date + INTERVAL 2 DAY FROM projects WHERE projects.id=27), 980, 980, 27, 27);
INSERT INTO orders (order_id, created_at, delivery_id, payment_id, supporting_project_id) VALUES (980, (SELECT projects.start_date + INTERVAL 2 DAY FROM projects WHERE projects.id=27), 1, 980, 980);
INSERT INTO supporting_packages(id, option_list, package_count, order_id, project_package_id, supporting_project_id) VALUES (980, '["폰케이스"]', 4, 980, 27, 980);
INSERT INTO supporting_projects(supporting_project_id, supported_at, delivery_id, payment_id, project_id, user_id) VALUES (981, (SELECT projects.start_date + INTERVAL 13 DAY FROM projects WHERE projects.id=27), 981, 981, 27, 7);
INSERT INTO orders (order_id, created_at, delivery_id, payment_id, supporting_project_id) VALUES (981, (SELECT projects.start_date + INTERVAL 13 DAY FROM projects WHERE projects.id=27), 1, 981, 981);
INSERT INTO supporting_packages(id, option_list, package_count, order_id, project_package_id, supporting_project_id) VALUES (981, '["폰케이스"]', 2, 981, 27, 981);
INSERT INTO supporting_projects(supporting_project_id, supported_at, delivery_id, payment_id, project_id, user_id) VALUES (982, (SELECT projects.start_date + INTERVAL 8 DAY FROM projects WHERE projects.id=27), 982, 982, 27, 4);
INSERT INTO orders (order_id, created_at, delivery_id, payment_id, supporting_project_id) VALUES (982, (SELECT projects.start_date + INTERVAL 8 DAY FROM projects WHERE projects.id=27), 1, 982, 982);
INSERT INTO supporting_packages(id, option_list, package_count, order_id, project_package_id, supporting_project_id) VALUES (982, '["포토카드"]', 8, 982, 27, 982);
INSERT INTO supporting_projects(supporting_project_id, supported_at, delivery_id, payment_id, project_id, user_id) VALUES (983, (SELECT projects.start_date + INTERVAL 23 DAY FROM projects WHERE projects.id=27), 983, 983, 27, 3);
INSERT INTO orders (order_id, created_at, delivery_id, payment_id, supporting_project_id) VALUES (983, (SELECT projects.start_date + INTERVAL 23 DAY FROM projects WHERE projects.id=27), 1, 983, 983);
INSERT INTO supporting_packages(id, option_list, package_count, order_id, project_package_id, supporting_project_id) VALUES (983, '["포토카드"]', 10, 983, 27, 983);
INSERT INTO supporting_projects(supporting_project_id, supported_at, delivery_id, payment_id, project_id, user_id) VALUES (984, (SELECT projects.start_date + INTERVAL 2 DAY FROM projects WHERE projects.id=27), 984, 984, 27, 14);
INSERT INTO orders (order_id, created_at, delivery_id, payment_id, supporting_project_id) VALUES (984, (SELECT projects.start_date + INTERVAL 2 DAY FROM projects WHERE projects.id=27), 1, 984, 984);
INSERT INTO supporting_packages(id, option_list, package_count, order_id, project_package_id, supporting_project_id) VALUES (984, '["포토카드"]', 4, 984, 27, 984);
INSERT INTO supporting_projects(supporting_project_id, supported_at, delivery_id, payment_id, project_id, user_id) VALUES (985, (SELECT projects.start_date + INTERVAL 39 DAY FROM projects WHERE projects.id=27), 985, 985, 27, 5);
INSERT INTO orders (order_id, created_at, delivery_id, payment_id, supporting_project_id) VALUES (985, (SELECT projects.start_date + INTERVAL 39 DAY FROM projects WHERE projects.id=27), 1, 985, 985);
INSERT INTO supporting_packages(id, option_list, package_count, order_id, project_package_id, supporting_project_id) VALUES (985, '["포토카드"]', 4, 985, 27, 985);
INSERT INTO supporting_projects(supporting_project_id, supported_at, delivery_id, payment_id, project_id, user_id) VALUES (986, (SELECT projects.start_date + INTERVAL 7 DAY FROM projects WHERE projects.id=27), 986, 986, 27, 13);
INSERT INTO orders (order_id, created_at, delivery_id, payment_id, supporting_project_id) VALUES (986, (SELECT projects.start_date + INTERVAL 7 DAY FROM projects WHERE projects.id=27), 1, 986, 986);
INSERT INTO supporting_packages(id, option_list, package_count, order_id, project_package_id, supporting_project_id) VALUES (986, '["키링"]', 8, 986, 27, 986);
INSERT INTO supporting_projects(supporting_project_id, supported_at, delivery_id, payment_id, project_id, user_id) VALUES (987, (SELECT projects.start_date + INTERVAL 26 DAY FROM projects WHERE projects.id=27), 987, 987, 27, 39);
INSERT INTO orders (order_id, created_at, delivery_id, payment_id, supporting_project_id) VALUES (987, (SELECT projects.start_date + INTERVAL 26 DAY FROM projects WHERE projects.id=27), 1, 987, 987);
INSERT INTO supporting_packages(id, option_list, package_count, order_id, project_package_id, supporting_project_id) VALUES (987, '["폰케이스"]', 1, 987, 27, 987);
INSERT INTO supporting_projects(supporting_project_id, supported_at, delivery_id, payment_id, project_id, user_id) VALUES (988, (SELECT projects.start_date + INTERVAL 49 DAY FROM projects WHERE projects.id=27), 988, 988, 27, 26);
INSERT INTO orders (order_id, created_at, delivery_id, payment_id, supporting_project_id) VALUES (988, (SELECT projects.start_date + INTERVAL 49 DAY FROM projects WHERE projects.id=27), 1, 988, 988);
INSERT INTO supporting_packages(id, option_list, package_count, order_id, project_package_id, supporting_project_id) VALUES (988, '["폰케이스"]', 8, 988, 27, 988);
INSERT INTO supporting_projects(supporting_project_id, supported_at, delivery_id, payment_id, project_id, user_id) VALUES (989, (SELECT projects.start_date + INTERVAL 43 DAY FROM projects WHERE projects.id=27), 989, 989, 27, 4);
INSERT INTO orders (order_id, created_at, delivery_id, payment_id, supporting_project_id) VALUES (989, (SELECT projects.start_date + INTERVAL 43 DAY FROM projects WHERE projects.id=27), 1, 989, 989);
INSERT INTO supporting_packages(id, option_list, package_count, order_id, project_package_id, supporting_project_id) VALUES (989, '["포토카드"]', 8, 989, 27, 989);
INSERT INTO supporting_projects(supporting_project_id, supported_at, delivery_id, payment_id, project_id, user_id) VALUES (990, (SELECT projects.start_date + INTERVAL 45 DAY FROM projects WHERE projects.id=27), 990, 990, 27, 16);
INSERT INTO orders (order_id, created_at, delivery_id, payment_id, supporting_project_id) VALUES (990, (SELECT projects.start_date + INTERVAL 45 DAY FROM projects WHERE projects.id=27), 1, 990, 990);
INSERT INTO supporting_packages(id, option_list, package_count, order_id, project_package_id, supporting_project_id) VALUES (990, '["폰케이스"]', 8, 990, 27, 990);
INSERT INTO supporting_projects(supporting_project_id, supported_at, delivery_id, payment_id, project_id, user_id) VALUES (991, (SELECT projects.start_date + INTERVAL 38 DAY FROM projects WHERE projects.id=27), 991, 991, 27, 39);
INSERT INTO orders (order_id, created_at, delivery_id, payment_id, supporting_project_id) VALUES (991, (SELECT projects.start_date + INTERVAL 38 DAY FROM projects WHERE projects.id=27), 1, 991, 991);
INSERT INTO supporting_packages(id, option_list, package_count, order_id, project_package_id, supporting_project_id) VALUES (991, '["키링"]', 6, 991, 27, 991);
INSERT INTO supporting_projects(supporting_project_id, supported_at, delivery_id, payment_id, project_id, user_id) VALUES (992, (SELECT projects.start_date + INTERVAL 47 DAY FROM projects WHERE projects.id=30), 992, 992, 30, 30);
INSERT INTO orders (order_id, created_at, delivery_id, payment_id, supporting_project_id) VALUES (992, (SELECT projects.start_date + INTERVAL 47 DAY FROM projects WHERE projects.id=30), 1, 992, 992);
INSERT INTO supporting_packages(id, option_list, package_count, order_id, project_package_id, supporting_project_id) VALUES (992, '["기념 포스터"]', 3, 992, 30, 992);
INSERT INTO supporting_projects(supporting_project_id, supported_at, delivery_id, payment_id, project_id, user_id) VALUES (993, (SELECT projects.start_date + INTERVAL 40 DAY FROM projects WHERE projects.id=30), 993, 993, 30, 2);
INSERT INTO orders (order_id, created_at, delivery_id, payment_id, supporting_project_id) VALUES (993, (SELECT projects.start_date + INTERVAL 40 DAY FROM projects WHERE projects.id=30), 1, 993, 993);
INSERT INTO supporting_packages(id, option_list, package_count, order_id, project_package_id, supporting_project_id) VALUES (993, '["영화 티켓"]', 1, 993, 30, 993);
INSERT INTO supporting_projects(supporting_project_id, supported_at, delivery_id, payment_id, project_id, user_id) VALUES (994, (SELECT projects.start_date + INTERVAL 8 DAY FROM projects WHERE projects.id=30), 994, 994, 30, 31);
INSERT INTO orders (order_id, created_at, delivery_id, payment_id, supporting_project_id) VALUES (994, (SELECT projects.start_date + INTERVAL 8 DAY FROM projects WHERE projects.id=30), 1, 994, 994);
INSERT INTO supporting_packages(id, option_list, package_count, order_id, project_package_id, supporting_project_id) VALUES (994, '["팝콘"]', 8, 994, 30, 994);
INSERT INTO supporting_projects(supporting_project_id, supported_at, delivery_id, payment_id, project_id, user_id) VALUES (995, (SELECT projects.start_date + INTERVAL 26 DAY FROM projects WHERE projects.id=30), 995, 995, 30, 32);
INSERT INTO orders (order_id, created_at, delivery_id, payment_id, supporting_project_id) VALUES (995, (SELECT projects.start_date + INTERVAL 26 DAY FROM projects WHERE projects.id=30), 1, 995, 995);
INSERT INTO supporting_packages(id, option_list, package_count, order_id, project_package_id, supporting_project_id) VALUES (995, '["기념 포스터"]', 3, 995, 30, 995);
INSERT INTO supporting_projects(supporting_project_id, supported_at, delivery_id, payment_id, project_id, user_id) VALUES (996, (SELECT projects.start_date + INTERVAL 31 DAY FROM projects WHERE projects.id=30), 996, 996, 30, 32);
INSERT INTO orders (order_id, created_at, delivery_id, payment_id, supporting_project_id) VALUES (996, (SELECT projects.start_date + INTERVAL 31 DAY FROM projects WHERE projects.id=30), 1, 996, 996);
INSERT INTO supporting_packages(id, option_list, package_count, order_id, project_package_id, supporting_project_id) VALUES (996, '["영화 티켓"]', 6, 996, 30, 996);
INSERT INTO supporting_projects(supporting_project_id, supported_at, delivery_id, payment_id, project_id, user_id) VALUES (997, (SELECT projects.start_date + INTERVAL 27 DAY FROM projects WHERE projects.id=30), 997, 997, 30, 27);
INSERT INTO orders (order_id, created_at, delivery_id, payment_id, supporting_project_id) VALUES (997, (SELECT projects.start_date + INTERVAL 27 DAY FROM projects WHERE projects.id=30), 1, 997, 997);
INSERT INTO supporting_packages(id, option_list, package_count, order_id, project_package_id, supporting_project_id) VALUES (997, '["기념 포스터"]', 7, 997, 30, 997);
INSERT INTO supporting_projects(supporting_project_id, supported_at, delivery_id, payment_id, project_id, user_id) VALUES (998, (SELECT projects.start_date + INTERVAL 26 DAY FROM projects WHERE projects.id=30), 998, 998, 30, 5);
INSERT INTO orders (order_id, created_at, delivery_id, payment_id, supporting_project_id) VALUES (998, (SELECT projects.start_date + INTERVAL 26 DAY FROM projects WHERE projects.id=30), 1, 998, 998);
INSERT INTO supporting_packages(id, option_list, package_count, order_id, project_package_id, supporting_project_id) VALUES (998, '["기념 포스터"]', 8, 998, 30, 998);
INSERT INTO supporting_projects(supporting_project_id, supported_at, delivery_id, payment_id, project_id, user_id) VALUES (999, (SELECT projects.start_date + INTERVAL 17 DAY FROM projects WHERE projects.id=30), 999, 999, 30, 1);
INSERT INTO orders (order_id, created_at, delivery_id, payment_id, supporting_project_id) VALUES (999, (SELECT projects.start_date + INTERVAL 17 DAY FROM projects WHERE projects.id=30), 1, 999, 999);
INSERT INTO supporting_packages(id, option_list, package_count, order_id, project_package_id, supporting_project_id) VALUES (999, '["기념 포스터"]', 6, 999, 30, 999);
INSERT INTO supporting_projects(supporting_project_id, supported_at, delivery_id, payment_id, project_id, user_id) VALUES (1000, (SELECT projects.start_date + INTERVAL 29 DAY FROM projects WHERE projects.id=30), 1000, 1000, 30, 28);
INSERT INTO orders (order_id, created_at, delivery_id, payment_id, supporting_project_id) VALUES (1000, (SELECT projects.start_date + INTERVAL 29 DAY FROM projects WHERE projects.id=30), 1, 1000, 1000);
INSERT INTO supporting_packages(id, option_list, package_count, order_id, project_package_id, supporting_project_id) VALUES (1000, '["기념 포스터"]', 6, 1000, 30, 1000);
INSERT INTO supporting_projects(supporting_project_id, supported_at, delivery_id, payment_id, project_id, user_id) VALUES (1001, (SELECT projects.start_date + INTERVAL 31 DAY FROM projects WHERE projects.id=30), 1001, 1001, 30, 27);
INSERT INTO orders (order_id, created_at, delivery_id, payment_id, supporting_project_id) VALUES (1001, (SELECT projects.start_date + INTERVAL 31 DAY FROM projects WHERE projects.id=30), 1, 1001, 1001);
INSERT INTO supporting_packages(id, option_list, package_count, order_id, project_package_id, supporting_project_id) VALUES (1001, '["영화 티켓"]', 8, 1001, 30, 1001);
INSERT INTO supporting_projects(supporting_project_id, supported_at, delivery_id, payment_id, project_id, user_id) VALUES (1002, (SELECT projects.start_date + INTERVAL 46 DAY FROM projects WHERE projects.id=30), 1002, 1002, 30, 10);
INSERT INTO orders (order_id, created_at, delivery_id, payment_id, supporting_project_id) VALUES (1002, (SELECT projects.start_date + INTERVAL 46 DAY FROM projects WHERE projects.id=30), 1, 1002, 1002);
INSERT INTO supporting_packages(id, option_list, package_count, order_id, project_package_id, supporting_project_id) VALUES (1002, '["영화 티켓"]', 5, 1002, 30, 1002);
INSERT INTO supporting_projects(supporting_project_id, supported_at, delivery_id, payment_id, project_id, user_id) VALUES (1003, (SELECT projects.start_date + INTERVAL 4 DAY FROM projects WHERE projects.id=30), 1003, 1003, 30, 36);
INSERT INTO orders (order_id, created_at, delivery_id, payment_id, supporting_project_id) VALUES (1003, (SELECT projects.start_date + INTERVAL 4 DAY FROM projects WHERE projects.id=30), 1, 1003, 1003);
INSERT INTO supporting_packages(id, option_list, package_count, order_id, project_package_id, supporting_project_id) VALUES (1003, '["영화 티켓"]', 7, 1003, 30, 1003);
INSERT INTO supporting_projects(supporting_project_id, supported_at, delivery_id, payment_id, project_id, user_id) VALUES (1004, (SELECT projects.start_date + INTERVAL 9 DAY FROM projects WHERE projects.id=30), 1004, 1004, 30, 40);
INSERT INTO orders (order_id, created_at, delivery_id, payment_id, supporting_project_id) VALUES (1004, (SELECT projects.start_date + INTERVAL 9 DAY FROM projects WHERE projects.id=30), 1, 1004, 1004);
INSERT INTO supporting_packages(id, option_list, package_count, order_id, project_package_id, supporting_project_id) VALUES (1004, '["기념 포스터"]', 6, 1004, 30, 1004);
INSERT INTO supporting_projects(supporting_project_id, supported_at, delivery_id, payment_id, project_id, user_id) VALUES (1005, (SELECT projects.start_date + INTERVAL 27 DAY FROM projects WHERE projects.id=30), 1005, 1005, 30, 32);
INSERT INTO orders (order_id, created_at, delivery_id, payment_id, supporting_project_id) VALUES (1005, (SELECT projects.start_date + INTERVAL 27 DAY FROM projects WHERE projects.id=30), 1, 1005, 1005);
INSERT INTO supporting_packages(id, option_list, package_count, order_id, project_package_id, supporting_project_id) VALUES (1005, '["영화 티켓"]', 4, 1005, 30, 1005);
INSERT INTO supporting_projects(supporting_project_id, supported_at, delivery_id, payment_id, project_id, user_id) VALUES (1006, (SELECT projects.start_date + INTERVAL 48 DAY FROM projects WHERE projects.id=30), 1006, 1006, 30, 18);
INSERT INTO orders (order_id, created_at, delivery_id, payment_id, supporting_project_id) VALUES (1006, (SELECT projects.start_date + INTERVAL 48 DAY FROM projects WHERE projects.id=30), 1, 1006, 1006);
INSERT INTO supporting_packages(id, option_list, package_count, order_id, project_package_id, supporting_project_id) VALUES (1006, '["기념 포스터"]', 2, 1006, 30, 1006);
INSERT INTO supporting_projects(supporting_project_id, supported_at, delivery_id, payment_id, project_id, user_id) VALUES (1007, (SELECT projects.start_date + INTERVAL 9 DAY FROM projects WHERE projects.id=30), 1007, 1007, 30, 32);
INSERT INTO orders (order_id, created_at, delivery_id, payment_id, supporting_project_id) VALUES (1007, (SELECT projects.start_date + INTERVAL 9 DAY FROM projects WHERE projects.id=30), 1, 1007, 1007);
INSERT INTO supporting_packages(id, option_list, package_count, order_id, project_package_id, supporting_project_id) VALUES (1007, '["팝콘"]', 10, 1007, 30, 1007);
INSERT INTO supporting_projects(supporting_project_id, supported_at, delivery_id, payment_id, project_id, user_id) VALUES (1008, (SELECT projects.start_date + INTERVAL 18 DAY FROM projects WHERE projects.id=30), 1008, 1008, 30, 19);
INSERT INTO orders (order_id, created_at, delivery_id, payment_id, supporting_project_id) VALUES (1008, (SELECT projects.start_date + INTERVAL 18 DAY FROM projects WHERE projects.id=30), 1, 1008, 1008);
INSERT INTO supporting_packages(id, option_list, package_count, order_id, project_package_id, supporting_project_id) VALUES (1008, '["영화 티켓"]', 10, 1008, 30, 1008);
INSERT INTO supporting_projects(supporting_project_id, supported_at, delivery_id, payment_id, project_id, user_id) VALUES (1009, (SELECT projects.start_date + INTERVAL 46 DAY FROM projects WHERE projects.id=30), 1009, 1009, 30, 16);
INSERT INTO orders (order_id, created_at, delivery_id, payment_id, supporting_project_id) VALUES (1009, (SELECT projects.start_date + INTERVAL 46 DAY FROM projects WHERE projects.id=30), 1, 1009, 1009);
INSERT INTO supporting_packages(id, option_list, package_count, order_id, project_package_id, supporting_project_id) VALUES (1009, '["영화 티켓"]', 7, 1009, 30, 1009);
INSERT INTO supporting_projects(supporting_project_id, supported_at, delivery_id, payment_id, project_id, user_id) VALUES (1010, (SELECT projects.start_date + INTERVAL 12 DAY FROM projects WHERE projects.id=30), 1010, 1010, 30, 12);
INSERT INTO orders (order_id, created_at, delivery_id, payment_id, supporting_project_id) VALUES (1010, (SELECT projects.start_date + INTERVAL 12 DAY FROM projects WHERE projects.id=30), 1, 1010, 1010);
INSERT INTO supporting_packages(id, option_list, package_count, order_id, project_package_id, supporting_project_id) VALUES (1010, '["영화 티켓"]', 6, 1010, 30, 1010);
INSERT INTO supporting_projects(supporting_project_id, supported_at, delivery_id, payment_id, project_id, user_id) VALUES (1011, (SELECT projects.start_date + INTERVAL 46 DAY FROM projects WHERE projects.id=30), 1011, 1011, 30, 4);
INSERT INTO orders (order_id, created_at, delivery_id, payment_id, supporting_project_id) VALUES (1011, (SELECT projects.start_date + INTERVAL 46 DAY FROM projects WHERE projects.id=30), 1, 1011, 1011);
INSERT INTO supporting_packages(id, option_list, package_count, order_id, project_package_id, supporting_project_id) VALUES (1011, '["팝콘"]', 5, 1011, 30, 1011);
INSERT INTO supporting_projects(supporting_project_id, supported_at, delivery_id, payment_id, project_id, user_id) VALUES (1012, (SELECT projects.start_date + INTERVAL 29 DAY FROM projects WHERE projects.id=30), 1012, 1012, 30, 10);
INSERT INTO orders (order_id, created_at, delivery_id, payment_id, supporting_project_id) VALUES (1012, (SELECT projects.start_date + INTERVAL 29 DAY FROM projects WHERE projects.id=30), 1, 1012, 1012);
INSERT INTO supporting_packages(id, option_list, package_count, order_id, project_package_id, supporting_project_id) VALUES (1012, '["영화 티켓"]', 7, 1012, 30, 1012);
INSERT INTO supporting_projects(supporting_project_id, supported_at, delivery_id, payment_id, project_id, user_id) VALUES (1013, (SELECT projects.start_date + INTERVAL 20 DAY FROM projects WHERE projects.id=30), 1013, 1013, 30, 39);
INSERT INTO orders (order_id, created_at, delivery_id, payment_id, supporting_project_id) VALUES (1013, (SELECT projects.start_date + INTERVAL 20 DAY FROM projects WHERE projects.id=30), 1, 1013, 1013);
INSERT INTO supporting_packages(id, option_list, package_count, order_id, project_package_id, supporting_project_id) VALUES (1013, '["팝콘"]', 1, 1013, 30, 1013);
INSERT INTO supporting_projects(supporting_project_id, supported_at, delivery_id, payment_id, project_id, user_id) VALUES (1014, (SELECT projects.start_date + INTERVAL 27 DAY FROM projects WHERE projects.id=30), 1014, 1014, 30, 30);
INSERT INTO orders (order_id, created_at, delivery_id, payment_id, supporting_project_id) VALUES (1014, (SELECT projects.start_date + INTERVAL 27 DAY FROM projects WHERE projects.id=30), 1, 1014, 1014);
INSERT INTO supporting_packages(id, option_list, package_count, order_id, project_package_id, supporting_project_id) VALUES (1014, '["팝콘"]', 2, 1014, 30, 1014);
INSERT INTO supporting_projects(supporting_project_id, supported_at, delivery_id, payment_id, project_id, user_id) VALUES (1015, (SELECT projects.start_date + INTERVAL 5 DAY FROM projects WHERE projects.id=30), 1015, 1015, 30, 20);
INSERT INTO orders (order_id, created_at, delivery_id, payment_id, supporting_project_id) VALUES (1015, (SELECT projects.start_date + INTERVAL 5 DAY FROM projects WHERE projects.id=30), 1, 1015, 1015);
INSERT INTO supporting_packages(id, option_list, package_count, order_id, project_package_id, supporting_project_id) VALUES (1015, '["팝콘"]', 5, 1015, 30, 1015);
INSERT INTO supporting_projects(supporting_project_id, supported_at, delivery_id, payment_id, project_id, user_id) VALUES (1016, (SELECT projects.start_date + INTERVAL 43 DAY FROM projects WHERE projects.id=30), 1016, 1016, 30, 24);
INSERT INTO orders (order_id, created_at, delivery_id, payment_id, supporting_project_id) VALUES (1016, (SELECT projects.start_date + INTERVAL 43 DAY FROM projects WHERE projects.id=30), 1, 1016, 1016);
INSERT INTO supporting_packages(id, option_list, package_count, order_id, project_package_id, supporting_project_id) VALUES (1016, '["영화 티켓"]', 7, 1016, 30, 1016);
INSERT INTO supporting_projects(supporting_project_id, supported_at, delivery_id, payment_id, project_id, user_id) VALUES (1017, (SELECT projects.start_date + INTERVAL 15 DAY FROM projects WHERE projects.id=30), 1017, 1017, 30, 17);
INSERT INTO orders (order_id, created_at, delivery_id, payment_id, supporting_project_id) VALUES (1017, (SELECT projects.start_date + INTERVAL 15 DAY FROM projects WHERE projects.id=30), 1, 1017, 1017);
INSERT INTO supporting_packages(id, option_list, package_count, order_id, project_package_id, supporting_project_id) VALUES (1017, '["팝콘"]', 9, 1017, 30, 1017);
INSERT INTO supporting_projects(supporting_project_id, supported_at, delivery_id, payment_id, project_id, user_id) VALUES (1018, (SELECT projects.start_date + INTERVAL 13 DAY FROM projects WHERE projects.id=30), 1018, 1018, 30, 17);
INSERT INTO orders (order_id, created_at, delivery_id, payment_id, supporting_project_id) VALUES (1018, (SELECT projects.start_date + INTERVAL 13 DAY FROM projects WHERE projects.id=30), 1, 1018, 1018);
INSERT INTO supporting_packages(id, option_list, package_count, order_id, project_package_id, supporting_project_id) VALUES (1018, '["영화 티켓"]', 4, 1018, 30, 1018);
INSERT INTO supporting_projects(supporting_project_id, supported_at, delivery_id, payment_id, project_id, user_id) VALUES (1019, (SELECT projects.start_date + INTERVAL 49 DAY FROM projects WHERE projects.id=30), 1019, 1019, 30, 20);
INSERT INTO orders (order_id, created_at, delivery_id, payment_id, supporting_project_id) VALUES (1019, (SELECT projects.start_date + INTERVAL 49 DAY FROM projects WHERE projects.id=30), 1, 1019, 1019);
INSERT INTO supporting_packages(id, option_list, package_count, order_id, project_package_id, supporting_project_id) VALUES (1019, '["팝콘"]', 9, 1019, 30, 1019);
INSERT INTO supporting_projects(supporting_project_id, supported_at, delivery_id, payment_id, project_id, user_id) VALUES (1020, (SELECT projects.start_date + INTERVAL 25 DAY FROM projects WHERE projects.id=30), 1020, 1020, 30, 30);
INSERT INTO orders (order_id, created_at, delivery_id, payment_id, supporting_project_id) VALUES (1020, (SELECT projects.start_date + INTERVAL 25 DAY FROM projects WHERE projects.id=30), 1, 1020, 1020);
INSERT INTO supporting_packages(id, option_list, package_count, order_id, project_package_id, supporting_project_id) VALUES (1020, '["팝콘"]', 2, 1020, 30, 1020);
INSERT INTO supporting_projects(supporting_project_id, supported_at, delivery_id, payment_id, project_id, user_id) VALUES (1021, (SELECT projects.start_date + INTERVAL 5 DAY FROM projects WHERE projects.id=30), 1021, 1021, 30, 32);
INSERT INTO orders (order_id, created_at, delivery_id, payment_id, supporting_project_id) VALUES (1021, (SELECT projects.start_date + INTERVAL 5 DAY FROM projects WHERE projects.id=30), 1, 1021, 1021);
INSERT INTO supporting_packages(id, option_list, package_count, order_id, project_package_id, supporting_project_id) VALUES (1021, '["기념 포스터"]', 2, 1021, 30, 1021);
INSERT INTO supporting_projects(supporting_project_id, supported_at, delivery_id, payment_id, project_id, user_id) VALUES (1022, (SELECT projects.start_date + INTERVAL 40 DAY FROM projects WHERE projects.id=30), 1022, 1022, 30, 3);
INSERT INTO orders (order_id, created_at, delivery_id, payment_id, supporting_project_id) VALUES (1022, (SELECT projects.start_date + INTERVAL 40 DAY FROM projects WHERE projects.id=30), 1, 1022, 1022);
INSERT INTO supporting_packages(id, option_list, package_count, order_id, project_package_id, supporting_project_id) VALUES (1022, '["영화 티켓"]', 10, 1022, 30, 1022);
INSERT INTO supporting_projects(supporting_project_id, supported_at, delivery_id, payment_id, project_id, user_id) VALUES (1023, (SELECT projects.start_date + INTERVAL 38 DAY FROM projects WHERE projects.id=30), 1023, 1023, 30, 39);
INSERT INTO orders (order_id, created_at, delivery_id, payment_id, supporting_project_id) VALUES (1023, (SELECT projects.start_date + INTERVAL 38 DAY FROM projects WHERE projects.id=30), 1, 1023, 1023);
INSERT INTO supporting_packages(id, option_list, package_count, order_id, project_package_id, supporting_project_id) VALUES (1023, '["기념 포스터"]', 8, 1023, 30, 1023);
INSERT INTO supporting_projects(supporting_project_id, supported_at, delivery_id, payment_id, project_id, user_id) VALUES (1024, (SELECT projects.start_date + INTERVAL 22 DAY FROM projects WHERE projects.id=30), 1024, 1024, 30, 3);
INSERT INTO orders (order_id, created_at, delivery_id, payment_id, supporting_project_id) VALUES (1024, (SELECT projects.start_date + INTERVAL 22 DAY FROM projects WHERE projects.id=30), 1, 1024, 1024);
INSERT INTO supporting_packages(id, option_list, package_count, order_id, project_package_id, supporting_project_id) VALUES (1024, '["기념 포스터"]', 5, 1024, 30, 1024);
INSERT INTO supporting_projects(supporting_project_id, supported_at, delivery_id, payment_id, project_id, user_id) VALUES (1025, (SELECT projects.start_date + INTERVAL 16 DAY FROM projects WHERE projects.id=30), 1025, 1025, 30, 26);
INSERT INTO orders (order_id, created_at, delivery_id, payment_id, supporting_project_id) VALUES (1025, (SELECT projects.start_date + INTERVAL 16 DAY FROM projects WHERE projects.id=30), 1, 1025, 1025);
INSERT INTO supporting_packages(id, option_list, package_count, order_id, project_package_id, supporting_project_id) VALUES (1025, '["팝콘"]', 8, 1025, 30, 1025);
INSERT INTO supporting_projects(supporting_project_id, supported_at, delivery_id, payment_id, project_id, user_id) VALUES (1026, (SELECT projects.start_date + INTERVAL 32 DAY FROM projects WHERE projects.id=30), 1026, 1026, 30, 18);
INSERT INTO orders (order_id, created_at, delivery_id, payment_id, supporting_project_id) VALUES (1026, (SELECT projects.start_date + INTERVAL 32 DAY FROM projects WHERE projects.id=30), 1, 1026, 1026);
INSERT INTO supporting_packages(id, option_list, package_count, order_id, project_package_id, supporting_project_id) VALUES (1026, '["기념 포스터"]', 8, 1026, 30, 1026);
INSERT INTO supporting_projects(supporting_project_id, supported_at, delivery_id, payment_id, project_id, user_id) VALUES (1027, (SELECT projects.start_date + INTERVAL 42 DAY FROM projects WHERE projects.id=30), 1027, 1027, 30, 1);
INSERT INTO orders (order_id, created_at, delivery_id, payment_id, supporting_project_id) VALUES (1027, (SELECT projects.start_date + INTERVAL 42 DAY FROM projects WHERE projects.id=30), 1, 1027, 1027);
INSERT INTO supporting_packages(id, option_list, package_count, order_id, project_package_id, supporting_project_id) VALUES (1027, '["팝콘"]', 2, 1027, 30, 1027);
INSERT INTO supporting_projects(supporting_project_id, supported_at, delivery_id, payment_id, project_id, user_id) VALUES (1028, (SELECT projects.start_date + INTERVAL 18 DAY FROM projects WHERE projects.id=30), 1028, 1028, 30, 12);
INSERT INTO orders (order_id, created_at, delivery_id, payment_id, supporting_project_id) VALUES (1028, (SELECT projects.start_date + INTERVAL 18 DAY FROM projects WHERE projects.id=30), 1, 1028, 1028);
INSERT INTO supporting_packages(id, option_list, package_count, order_id, project_package_id, supporting_project_id) VALUES (1028, '["영화 티켓"]', 5, 1028, 30, 1028);
INSERT INTO supporting_projects(supporting_project_id, supported_at, delivery_id, payment_id, project_id, user_id) VALUES (1029, (SELECT projects.start_date + INTERVAL 35 DAY FROM projects WHERE projects.id=30), 1029, 1029, 30, 10);
INSERT INTO orders (order_id, created_at, delivery_id, payment_id, supporting_project_id) VALUES (1029, (SELECT projects.start_date + INTERVAL 35 DAY FROM projects WHERE projects.id=30), 1, 1029, 1029);
INSERT INTO supporting_packages(id, option_list, package_count, order_id, project_package_id, supporting_project_id) VALUES (1029, '["팝콘"]', 6, 1029, 30, 1029);
INSERT INTO supporting_projects(supporting_project_id, supported_at, delivery_id, payment_id, project_id, user_id) VALUES (1030, (SELECT projects.start_date + INTERVAL 41 DAY FROM projects WHERE projects.id=30), 1030, 1030, 30, 14);
INSERT INTO orders (order_id, created_at, delivery_id, payment_id, supporting_project_id) VALUES (1030, (SELECT projects.start_date + INTERVAL 41 DAY FROM projects WHERE projects.id=30), 1, 1030, 1030);
INSERT INTO supporting_packages(id, option_list, package_count, order_id, project_package_id, supporting_project_id) VALUES (1030, '["영화 티켓"]', 2, 1030, 30, 1030);
INSERT INTO supporting_projects(supporting_project_id, supported_at, delivery_id, payment_id, project_id, user_id) VALUES (1031, (SELECT projects.start_date + INTERVAL 36 DAY FROM projects WHERE projects.id=30), 1031, 1031, 30, 37);
INSERT INTO orders (order_id, created_at, delivery_id, payment_id, supporting_project_id) VALUES (1031, (SELECT projects.start_date + INTERVAL 36 DAY FROM projects WHERE projects.id=30), 1, 1031, 1031);
INSERT INTO supporting_packages(id, option_list, package_count, order_id, project_package_id, supporting_project_id) VALUES (1031, '["기념 포스터"]', 4, 1031, 30, 1031);
INSERT INTO supporting_projects(supporting_project_id, supported_at, delivery_id, payment_id, project_id, user_id) VALUES (1032, (SELECT projects.start_date + INTERVAL 41 DAY FROM projects WHERE projects.id=30), 1032, 1032, 30, 19);
INSERT INTO orders (order_id, created_at, delivery_id, payment_id, supporting_project_id) VALUES (1032, (SELECT projects.start_date + INTERVAL 41 DAY FROM projects WHERE projects.id=30), 1, 1032, 1032);
INSERT INTO supporting_packages(id, option_list, package_count, order_id, project_package_id, supporting_project_id) VALUES (1032, '["기념 포스터"]', 6, 1032, 30, 1032);
INSERT INTO supporting_projects(supporting_project_id, supported_at, delivery_id, payment_id, project_id, user_id) VALUES (1033, (SELECT projects.start_date + INTERVAL 9 DAY FROM projects WHERE projects.id=30), 1033, 1033, 30, 24);
INSERT INTO orders (order_id, created_at, delivery_id, payment_id, supporting_project_id) VALUES (1033, (SELECT projects.start_date + INTERVAL 9 DAY FROM projects WHERE projects.id=30), 1, 1033, 1033);
INSERT INTO supporting_packages(id, option_list, package_count, order_id, project_package_id, supporting_project_id) VALUES (1033, '["영화 티켓"]', 1, 1033, 30, 1033);
INSERT INTO supporting_projects(supporting_project_id, supported_at, delivery_id, payment_id, project_id, user_id) VALUES (1034, (SELECT projects.start_date + INTERVAL 40 DAY FROM projects WHERE projects.id=30), 1034, 1034, 30, 7);
INSERT INTO orders (order_id, created_at, delivery_id, payment_id, supporting_project_id) VALUES (1034, (SELECT projects.start_date + INTERVAL 40 DAY FROM projects WHERE projects.id=30), 1, 1034, 1034);
INSERT INTO supporting_packages(id, option_list, package_count, order_id, project_package_id, supporting_project_id) VALUES (1034, '["팝콘"]', 7, 1034, 30, 1034);
INSERT INTO supporting_projects(supporting_project_id, supported_at, delivery_id, payment_id, project_id, user_id) VALUES (1035, (SELECT projects.start_date + INTERVAL 38 DAY FROM projects WHERE projects.id=30), 1035, 1035, 30, 30);
INSERT INTO orders (order_id, created_at, delivery_id, payment_id, supporting_project_id) VALUES (1035, (SELECT projects.start_date + INTERVAL 38 DAY FROM projects WHERE projects.id=30), 1, 1035, 1035);
INSERT INTO supporting_packages(id, option_list, package_count, order_id, project_package_id, supporting_project_id) VALUES (1035, '["기념 포스터"]', 1, 1035, 30, 1035);
INSERT INTO supporting_projects(supporting_project_id, supported_at, delivery_id, payment_id, project_id, user_id) VALUES (1036, (SELECT projects.start_date + INTERVAL 19 DAY FROM projects WHERE projects.id=30), 1036, 1036, 30, 39);
INSERT INTO orders (order_id, created_at, delivery_id, payment_id, supporting_project_id) VALUES (1036, (SELECT projects.start_date + INTERVAL 19 DAY FROM projects WHERE projects.id=30), 1, 1036, 1036);
INSERT INTO supporting_packages(id, option_list, package_count, order_id, project_package_id, supporting_project_id) VALUES (1036, '["팝콘"]', 2, 1036, 30, 1036);
INSERT INTO supporting_projects(supporting_project_id, supported_at, delivery_id, payment_id, project_id, user_id) VALUES (1037, (SELECT projects.start_date + INTERVAL 24 DAY FROM projects WHERE projects.id=30), 1037, 1037, 30, 5);
INSERT INTO orders (order_id, created_at, delivery_id, payment_id, supporting_project_id) VALUES (1037, (SELECT projects.start_date + INTERVAL 24 DAY FROM projects WHERE projects.id=30), 1, 1037, 1037);
INSERT INTO supporting_packages(id, option_list, package_count, order_id, project_package_id, supporting_project_id) VALUES (1037, '["팝콘"]', 10, 1037, 30, 1037);
INSERT INTO supporting_projects(supporting_project_id, supported_at, delivery_id, payment_id, project_id, user_id) VALUES (1038, (SELECT projects.start_date + INTERVAL 37 DAY FROM projects WHERE projects.id=30), 1038, 1038, 30, 16);
INSERT INTO orders (order_id, created_at, delivery_id, payment_id, supporting_project_id) VALUES (1038, (SELECT projects.start_date + INTERVAL 37 DAY FROM projects WHERE projects.id=30), 1, 1038, 1038);
INSERT INTO supporting_packages(id, option_list, package_count, order_id, project_package_id, supporting_project_id) VALUES (1038, '["팝콘"]', 5, 1038, 30, 1038);
INSERT INTO supporting_projects(supporting_project_id, supported_at, delivery_id, payment_id, project_id, user_id) VALUES (1039, (SELECT projects.start_date + INTERVAL 50 DAY FROM projects WHERE projects.id=30), 1039, 1039, 30, 33);
INSERT INTO orders (order_id, created_at, delivery_id, payment_id, supporting_project_id) VALUES (1039, (SELECT projects.start_date + INTERVAL 50 DAY FROM projects WHERE projects.id=30), 1, 1039, 1039);
INSERT INTO supporting_packages(id, option_list, package_count, order_id, project_package_id, supporting_project_id) VALUES (1039, '["팝콘"]', 5, 1039, 30, 1039);
INSERT INTO supporting_projects(supporting_project_id, supported_at, delivery_id, payment_id, project_id, user_id) VALUES (1040, (SELECT projects.start_date + INTERVAL 20 DAY FROM projects WHERE projects.id=30), 1040, 1040, 30, 35);
INSERT INTO orders (order_id, created_at, delivery_id, payment_id, supporting_project_id) VALUES (1040, (SELECT projects.start_date + INTERVAL 20 DAY FROM projects WHERE projects.id=30), 1, 1040, 1040);
INSERT INTO supporting_packages(id, option_list, package_count, order_id, project_package_id, supporting_project_id) VALUES (1040, '["기념 포스터"]', 4, 1040, 30, 1040);
INSERT INTO supporting_projects(supporting_project_id, supported_at, delivery_id, payment_id, project_id, user_id) VALUES (1041, (SELECT projects.start_date + INTERVAL 22 DAY FROM projects WHERE projects.id=30), 1041, 1041, 30, 32);
INSERT INTO orders (order_id, created_at, delivery_id, payment_id, supporting_project_id) VALUES (1041, (SELECT projects.start_date + INTERVAL 22 DAY FROM projects WHERE projects.id=30), 1, 1041, 1041);
INSERT INTO supporting_packages(id, option_list, package_count, order_id, project_package_id, supporting_project_id) VALUES (1041, '["영화 티켓"]', 2, 1041, 30, 1041);
INSERT INTO supporting_projects(supporting_project_id, supported_at, delivery_id, payment_id, project_id, user_id) VALUES (1042, (SELECT projects.start_date + INTERVAL 23 DAY FROM projects WHERE projects.id=30), 1042, 1042, 30, 30);
INSERT INTO orders (order_id, created_at, delivery_id, payment_id, supporting_project_id) VALUES (1042, (SELECT projects.start_date + INTERVAL 23 DAY FROM projects WHERE projects.id=30), 1, 1042, 1042);
INSERT INTO supporting_packages(id, option_list, package_count, order_id, project_package_id, supporting_project_id) VALUES (1042, '["영화 티켓"]', 1, 1042, 30, 1042);
INSERT INTO supporting_projects(supporting_project_id, supported_at, delivery_id, payment_id, project_id, user_id) VALUES (1043, (SELECT projects.start_date + INTERVAL 23 DAY FROM projects WHERE projects.id=30), 1043, 1043, 30, 6);
INSERT INTO orders (order_id, created_at, delivery_id, payment_id, supporting_project_id) VALUES (1043, (SELECT projects.start_date + INTERVAL 23 DAY FROM projects WHERE projects.id=30), 1, 1043, 1043);
INSERT INTO supporting_packages(id, option_list, package_count, order_id, project_package_id, supporting_project_id) VALUES (1043, '["기념 포스터"]', 10, 1043, 30, 1043);
INSERT INTO supporting_projects(supporting_project_id, supported_at, delivery_id, payment_id, project_id, user_id) VALUES (1044, (SELECT projects.start_date + INTERVAL 13 DAY FROM projects WHERE projects.id=30), 1044, 1044, 30, 20);
INSERT INTO orders (order_id, created_at, delivery_id, payment_id, supporting_project_id) VALUES (1044, (SELECT projects.start_date + INTERVAL 13 DAY FROM projects WHERE projects.id=30), 1, 1044, 1044);
INSERT INTO supporting_packages(id, option_list, package_count, order_id, project_package_id, supporting_project_id) VALUES (1044, '["기념 포스터"]', 8, 1044, 30, 1044);
INSERT INTO supporting_projects(supporting_project_id, supported_at, delivery_id, payment_id, project_id, user_id) VALUES (1045, (SELECT projects.start_date + INTERVAL 1 DAY FROM projects WHERE projects.id=30), 1045, 1045, 30, 29);
INSERT INTO orders (order_id, created_at, delivery_id, payment_id, supporting_project_id) VALUES (1045, (SELECT projects.start_date + INTERVAL 1 DAY FROM projects WHERE projects.id=30), 1, 1045, 1045);
INSERT INTO supporting_packages(id, option_list, package_count, order_id, project_package_id, supporting_project_id) VALUES (1045, '["기념 포스터"]', 6, 1045, 30, 1045);
INSERT INTO supporting_projects(supporting_project_id, supported_at, delivery_id, payment_id, project_id, user_id) VALUES (1046, (SELECT projects.start_date + INTERVAL 23 DAY FROM projects WHERE projects.id=30), 1046, 1046, 30, 38);
INSERT INTO orders (order_id, created_at, delivery_id, payment_id, supporting_project_id) VALUES (1046, (SELECT projects.start_date + INTERVAL 23 DAY FROM projects WHERE projects.id=30), 1, 1046, 1046);
INSERT INTO supporting_packages(id, option_list, package_count, order_id, project_package_id, supporting_project_id) VALUES (1046, '["영화 티켓"]', 9, 1046, 30, 1046);
INSERT INTO supporting_projects(supporting_project_id, supported_at, delivery_id, payment_id, project_id, user_id) VALUES (1047, (SELECT projects.start_date + INTERVAL 47 DAY FROM projects WHERE projects.id=30), 1047, 1047, 30, 15);
INSERT INTO orders (order_id, created_at, delivery_id, payment_id, supporting_project_id) VALUES (1047, (SELECT projects.start_date + INTERVAL 47 DAY FROM projects WHERE projects.id=30), 1, 1047, 1047);
INSERT INTO supporting_packages(id, option_list, package_count, order_id, project_package_id, supporting_project_id) VALUES (1047, '["팝콘"]', 4, 1047, 30, 1047);
INSERT INTO supporting_projects(supporting_project_id, supported_at, delivery_id, payment_id, project_id, user_id) VALUES (1048, (SELECT projects.start_date + INTERVAL 11 DAY FROM projects WHERE projects.id=30), 1048, 1048, 30, 6);
INSERT INTO orders (order_id, created_at, delivery_id, payment_id, supporting_project_id) VALUES (1048, (SELECT projects.start_date + INTERVAL 11 DAY FROM projects WHERE projects.id=30), 1, 1048, 1048);
INSERT INTO supporting_packages(id, option_list, package_count, order_id, project_package_id, supporting_project_id) VALUES (1048, '["기념 포스터"]', 6, 1048, 30, 1048);
INSERT INTO supporting_projects(supporting_project_id, supported_at, delivery_id, payment_id, project_id, user_id) VALUES (1049, (SELECT projects.start_date + INTERVAL 31 DAY FROM projects WHERE projects.id=30), 1049, 1049, 30, 6);
INSERT INTO orders (order_id, created_at, delivery_id, payment_id, supporting_project_id) VALUES (1049, (SELECT projects.start_date + INTERVAL 31 DAY FROM projects WHERE projects.id=30), 1, 1049, 1049);
INSERT INTO supporting_packages(id, option_list, package_count, order_id, project_package_id, supporting_project_id) VALUES (1049, '["영화 티켓"]', 7, 1049, 30, 1049);
INSERT INTO supporting_projects(supporting_project_id, supported_at, delivery_id, payment_id, project_id, user_id) VALUES (1050, (SELECT projects.start_date + INTERVAL 43 DAY FROM projects WHERE projects.id=30), 1050, 1050, 30, 31);
INSERT INTO orders (order_id, created_at, delivery_id, payment_id, supporting_project_id) VALUES (1050, (SELECT projects.start_date + INTERVAL 43 DAY FROM projects WHERE projects.id=30), 1, 1050, 1050);
INSERT INTO supporting_packages(id, option_list, package_count, order_id, project_package_id, supporting_project_id) VALUES (1050, '["기념 포스터"]', 4, 1050, 30, 1050);
INSERT INTO supporting_projects(supporting_project_id, supported_at, delivery_id, payment_id, project_id, user_id) VALUES (1051, (SELECT projects.start_date + INTERVAL 22 DAY FROM projects WHERE projects.id=30), 1051, 1051, 30, 34);
INSERT INTO orders (order_id, created_at, delivery_id, payment_id, supporting_project_id) VALUES (1051, (SELECT projects.start_date + INTERVAL 22 DAY FROM projects WHERE projects.id=30), 1, 1051, 1051);
INSERT INTO supporting_packages(id, option_list, package_count, order_id, project_package_id, supporting_project_id) VALUES (1051, '["영화 티켓"]', 2, 1051, 30, 1051);
INSERT INTO supporting_projects(supporting_project_id, supported_at, delivery_id, payment_id, project_id, user_id) VALUES (1052, (SELECT projects.start_date + INTERVAL 13 DAY FROM projects WHERE projects.id=30), 1052, 1052, 30, 1);
INSERT INTO orders (order_id, created_at, delivery_id, payment_id, supporting_project_id) VALUES (1052, (SELECT projects.start_date + INTERVAL 13 DAY FROM projects WHERE projects.id=30), 1, 1052, 1052);
INSERT INTO supporting_packages(id, option_list, package_count, order_id, project_package_id, supporting_project_id) VALUES (1052, '["팝콘"]', 2, 1052, 30, 1052);
INSERT INTO supporting_projects(supporting_project_id, supported_at, delivery_id, payment_id, project_id, user_id) VALUES (1053, (SELECT projects.start_date + INTERVAL 24 DAY FROM projects WHERE projects.id=30), 1053, 1053, 30, 6);
INSERT INTO orders (order_id, created_at, delivery_id, payment_id, supporting_project_id) VALUES (1053, (SELECT projects.start_date + INTERVAL 24 DAY FROM projects WHERE projects.id=30), 1, 1053, 1053);
INSERT INTO supporting_packages(id, option_list, package_count, order_id, project_package_id, supporting_project_id) VALUES (1053, '["기념 포스터"]', 9, 1053, 30, 1053);
INSERT INTO supporting_projects(supporting_project_id, supported_at, delivery_id, payment_id, project_id, user_id) VALUES (1054, (SELECT projects.start_date + INTERVAL 30 DAY FROM projects WHERE projects.id=30), 1054, 1054, 30, 34);
INSERT INTO orders (order_id, created_at, delivery_id, payment_id, supporting_project_id) VALUES (1054, (SELECT projects.start_date + INTERVAL 30 DAY FROM projects WHERE projects.id=30), 1, 1054, 1054);
INSERT INTO supporting_packages(id, option_list, package_count, order_id, project_package_id, supporting_project_id) VALUES (1054, '["팝콘"]', 10, 1054, 30, 1054);
INSERT INTO supporting_projects(supporting_project_id, supported_at, delivery_id, payment_id, project_id, user_id) VALUES (1055, (SELECT projects.start_date + INTERVAL 47 DAY FROM projects WHERE projects.id=30), 1055, 1055, 30, 27);
INSERT INTO orders (order_id, created_at, delivery_id, payment_id, supporting_project_id) VALUES (1055, (SELECT projects.start_date + INTERVAL 47 DAY FROM projects WHERE projects.id=30), 1, 1055, 1055);
INSERT INTO supporting_packages(id, option_list, package_count, order_id, project_package_id, supporting_project_id) VALUES (1055, '["팝콘"]', 3, 1055, 30, 1055);
INSERT INTO supporting_projects(supporting_project_id, supported_at, delivery_id, payment_id, project_id, user_id) VALUES (1056, (SELECT projects.start_date + INTERVAL 38 DAY FROM projects WHERE projects.id=30), 1056, 1056, 30, 31);
INSERT INTO orders (order_id, created_at, delivery_id, payment_id, supporting_project_id) VALUES (1056, (SELECT projects.start_date + INTERVAL 38 DAY FROM projects WHERE projects.id=30), 1, 1056, 1056);
INSERT INTO supporting_packages(id, option_list, package_count, order_id, project_package_id, supporting_project_id) VALUES (1056, '["팝콘"]', 10, 1056, 30, 1056);
INSERT INTO supporting_projects(supporting_project_id, supported_at, delivery_id, payment_id, project_id, user_id) VALUES (1057, (SELECT projects.start_date + INTERVAL 41 DAY FROM projects WHERE projects.id=30), 1057, 1057, 30, 11);
INSERT INTO orders (order_id, created_at, delivery_id, payment_id, supporting_project_id) VALUES (1057, (SELECT projects.start_date + INTERVAL 41 DAY FROM projects WHERE projects.id=30), 1, 1057, 1057);
INSERT INTO supporting_packages(id, option_list, package_count, order_id, project_package_id, supporting_project_id) VALUES (1057, '["영화 티켓"]', 9, 1057, 30, 1057);
INSERT INTO supporting_projects(supporting_project_id, supported_at, delivery_id, payment_id, project_id, user_id) VALUES (1058, (SELECT projects.start_date + INTERVAL 20 DAY FROM projects WHERE projects.id=30), 1058, 1058, 30, 12);
INSERT INTO orders (order_id, created_at, delivery_id, payment_id, supporting_project_id) VALUES (1058, (SELECT projects.start_date + INTERVAL 20 DAY FROM projects WHERE projects.id=30), 1, 1058, 1058);
INSERT INTO supporting_packages(id, option_list, package_count, order_id, project_package_id, supporting_project_id) VALUES (1058, '["기념 포스터"]', 6, 1058, 30, 1058);
INSERT INTO supporting_projects(supporting_project_id, supported_at, delivery_id, payment_id, project_id, user_id) VALUES (1059, (SELECT projects.start_date + INTERVAL 42 DAY FROM projects WHERE projects.id=30), 1059, 1059, 30, 14);
INSERT INTO orders (order_id, created_at, delivery_id, payment_id, supporting_project_id) VALUES (1059, (SELECT projects.start_date + INTERVAL 42 DAY FROM projects WHERE projects.id=30), 1, 1059, 1059);
INSERT INTO supporting_packages(id, option_list, package_count, order_id, project_package_id, supporting_project_id) VALUES (1059, '["영화 티켓"]', 1, 1059, 30, 1059);
INSERT INTO supporting_projects(supporting_project_id, supported_at, delivery_id, payment_id, project_id, user_id) VALUES (1060, (SELECT projects.start_date + INTERVAL 38 DAY FROM projects WHERE projects.id=30), 1060, 1060, 30, 38);
INSERT INTO orders (order_id, created_at, delivery_id, payment_id, supporting_project_id) VALUES (1060, (SELECT projects.start_date + INTERVAL 38 DAY FROM projects WHERE projects.id=30), 1, 1060, 1060);
INSERT INTO supporting_packages(id, option_list, package_count, order_id, project_package_id, supporting_project_id) VALUES (1060, '["기념 포스터"]', 10, 1060, 30, 1060);
INSERT INTO supporting_projects(supporting_project_id, supported_at, delivery_id, payment_id, project_id, user_id) VALUES (1061, (SELECT projects.start_date + INTERVAL 19 DAY FROM projects WHERE projects.id=30), 1061, 1061, 30, 30);
INSERT INTO orders (order_id, created_at, delivery_id, payment_id, supporting_project_id) VALUES (1061, (SELECT projects.start_date + INTERVAL 19 DAY FROM projects WHERE projects.id=30), 1, 1061, 1061);
INSERT INTO supporting_packages(id, option_list, package_count, order_id, project_package_id, supporting_project_id) VALUES (1061, '["기념 포스터"]', 3, 1061, 30, 1061);
INSERT INTO supporting_projects(supporting_project_id, supported_at, delivery_id, payment_id, project_id, user_id) VALUES (1062, (SELECT projects.start_date + INTERVAL 37 DAY FROM projects WHERE projects.id=30), 1062, 1062, 30, 21);
INSERT INTO orders (order_id, created_at, delivery_id, payment_id, supporting_project_id) VALUES (1062, (SELECT projects.start_date + INTERVAL 37 DAY FROM projects WHERE projects.id=30), 1, 1062, 1062);
INSERT INTO supporting_packages(id, option_list, package_count, order_id, project_package_id, supporting_project_id) VALUES (1062, '["팝콘"]', 2, 1062, 30, 1062);
INSERT INTO supporting_projects(supporting_project_id, supported_at, delivery_id, payment_id, project_id, user_id) VALUES (1063, (SELECT projects.start_date + INTERVAL 21 DAY FROM projects WHERE projects.id=30), 1063, 1063, 30, 39);
INSERT INTO orders (order_id, created_at, delivery_id, payment_id, supporting_project_id) VALUES (1063, (SELECT projects.start_date + INTERVAL 21 DAY FROM projects WHERE projects.id=30), 1, 1063, 1063);
INSERT INTO supporting_packages(id, option_list, package_count, order_id, project_package_id, supporting_project_id) VALUES (1063, '["기념 포스터"]', 1, 1063, 30, 1063);
INSERT INTO supporting_projects(supporting_project_id, supported_at, delivery_id, payment_id, project_id, user_id) VALUES (1064, (SELECT projects.start_date + INTERVAL 34 DAY FROM projects WHERE projects.id=30), 1064, 1064, 30, 30);
INSERT INTO orders (order_id, created_at, delivery_id, payment_id, supporting_project_id) VALUES (1064, (SELECT projects.start_date + INTERVAL 34 DAY FROM projects WHERE projects.id=30), 1, 1064, 1064);
INSERT INTO supporting_packages(id, option_list, package_count, order_id, project_package_id, supporting_project_id) VALUES (1064, '["팝콘"]', 2, 1064, 30, 1064);
INSERT INTO supporting_projects(supporting_project_id, supported_at, delivery_id, payment_id, project_id, user_id) VALUES (1065, (SELECT projects.start_date + INTERVAL 24 DAY FROM projects WHERE projects.id=30), 1065, 1065, 30, 27);
INSERT INTO orders (order_id, created_at, delivery_id, payment_id, supporting_project_id) VALUES (1065, (SELECT projects.start_date + INTERVAL 24 DAY FROM projects WHERE projects.id=30), 1, 1065, 1065);
INSERT INTO supporting_packages(id, option_list, package_count, order_id, project_package_id, supporting_project_id) VALUES (1065, '["영화 티켓"]', 8, 1065, 30, 1065);
INSERT INTO supporting_projects(supporting_project_id, supported_at, delivery_id, payment_id, project_id, user_id) VALUES (1066, (SELECT projects.start_date + INTERVAL 31 DAY FROM projects WHERE projects.id=30), 1066, 1066, 30, 17);
INSERT INTO orders (order_id, created_at, delivery_id, payment_id, supporting_project_id) VALUES (1066, (SELECT projects.start_date + INTERVAL 31 DAY FROM projects WHERE projects.id=30), 1, 1066, 1066);
INSERT INTO supporting_packages(id, option_list, package_count, order_id, project_package_id, supporting_project_id) VALUES (1066, '["기념 포스터"]', 4, 1066, 30, 1066);
INSERT INTO supporting_projects(supporting_project_id, supported_at, delivery_id, payment_id, project_id, user_id) VALUES (1067, (SELECT projects.start_date + INTERVAL 50 DAY FROM projects WHERE projects.id=30), 1067, 1067, 30, 38);
INSERT INTO orders (order_id, created_at, delivery_id, payment_id, supporting_project_id) VALUES (1067, (SELECT projects.start_date + INTERVAL 50 DAY FROM projects WHERE projects.id=30), 1, 1067, 1067);
INSERT INTO supporting_packages(id, option_list, package_count, order_id, project_package_id, supporting_project_id) VALUES (1067, '["기념 포스터"]', 6, 1067, 30, 1067);
INSERT INTO supporting_projects(supporting_project_id, supported_at, delivery_id, payment_id, project_id, user_id) VALUES (1068, (SELECT projects.start_date + INTERVAL 46 DAY FROM projects WHERE projects.id=30), 1068, 1068, 30, 31);
INSERT INTO orders (order_id, created_at, delivery_id, payment_id, supporting_project_id) VALUES (1068, (SELECT projects.start_date + INTERVAL 46 DAY FROM projects WHERE projects.id=30), 1, 1068, 1068);
INSERT INTO supporting_packages(id, option_list, package_count, order_id, project_package_id, supporting_project_id) VALUES (1068, '["기념 포스터"]', 7, 1068, 30, 1068);
INSERT INTO supporting_projects(supporting_project_id, supported_at, delivery_id, payment_id, project_id, user_id) VALUES (1069, (SELECT projects.start_date + INTERVAL 14 DAY FROM projects WHERE projects.id=30), 1069, 1069, 30, 1);
INSERT INTO orders (order_id, created_at, delivery_id, payment_id, supporting_project_id) VALUES (1069, (SELECT projects.start_date + INTERVAL 14 DAY FROM projects WHERE projects.id=30), 1, 1069, 1069);
INSERT INTO supporting_packages(id, option_list, package_count, order_id, project_package_id, supporting_project_id) VALUES (1069, '["영화 티켓"]', 5, 1069, 30, 1069);
INSERT INTO supporting_projects(supporting_project_id, supported_at, delivery_id, payment_id, project_id, user_id) VALUES (1070, (SELECT projects.start_date + INTERVAL 1 DAY FROM projects WHERE projects.id=30), 1070, 1070, 30, 37);
INSERT INTO orders (order_id, created_at, delivery_id, payment_id, supporting_project_id) VALUES (1070, (SELECT projects.start_date + INTERVAL 1 DAY FROM projects WHERE projects.id=30), 1, 1070, 1070);
INSERT INTO supporting_packages(id, option_list, package_count, order_id, project_package_id, supporting_project_id) VALUES (1070, '["영화 티켓"]', 3, 1070, 30, 1070);
INSERT INTO supporting_projects(supporting_project_id, supported_at, delivery_id, payment_id, project_id, user_id) VALUES (1071, (SELECT projects.start_date + INTERVAL 46 DAY FROM projects WHERE projects.id=30), 1071, 1071, 30, 31);
INSERT INTO orders (order_id, created_at, delivery_id, payment_id, supporting_project_id) VALUES (1071, (SELECT projects.start_date + INTERVAL 46 DAY FROM projects WHERE projects.id=30), 1, 1071, 1071);
INSERT INTO supporting_packages(id, option_list, package_count, order_id, project_package_id, supporting_project_id) VALUES (1071, '["기념 포스터"]', 2, 1071, 30, 1071);
INSERT INTO supporting_projects(supporting_project_id, supported_at, delivery_id, payment_id, project_id, user_id) VALUES (1072, (SELECT projects.start_date + INTERVAL 43 DAY FROM projects WHERE projects.id=30), 1072, 1072, 30, 38);
INSERT INTO orders (order_id, created_at, delivery_id, payment_id, supporting_project_id) VALUES (1072, (SELECT projects.start_date + INTERVAL 43 DAY FROM projects WHERE projects.id=30), 1, 1072, 1072);
INSERT INTO supporting_packages(id, option_list, package_count, order_id, project_package_id, supporting_project_id) VALUES (1072, '["기념 포스터"]', 2, 1072, 30, 1072);
INSERT INTO supporting_projects(supporting_project_id, supported_at, delivery_id, payment_id, project_id, user_id) VALUES (1073, (SELECT projects.start_date + INTERVAL 19 DAY FROM projects WHERE projects.id=30), 1073, 1073, 30, 5);
INSERT INTO orders (order_id, created_at, delivery_id, payment_id, supporting_project_id) VALUES (1073, (SELECT projects.start_date + INTERVAL 19 DAY FROM projects WHERE projects.id=30), 1, 1073, 1073);
INSERT INTO supporting_packages(id, option_list, package_count, order_id, project_package_id, supporting_project_id) VALUES (1073, '["팝콘"]', 10, 1073, 30, 1073);
INSERT INTO supporting_projects(supporting_project_id, supported_at, delivery_id, payment_id, project_id, user_id) VALUES (1074, (SELECT projects.start_date + INTERVAL 17 DAY FROM projects WHERE projects.id=30), 1074, 1074, 30, 15);
INSERT INTO orders (order_id, created_at, delivery_id, payment_id, supporting_project_id) VALUES (1074, (SELECT projects.start_date + INTERVAL 17 DAY FROM projects WHERE projects.id=30), 1, 1074, 1074);
INSERT INTO supporting_packages(id, option_list, package_count, order_id, project_package_id, supporting_project_id) VALUES (1074, '["기념 포스터"]', 8, 1074, 30, 1074);
INSERT INTO supporting_projects(supporting_project_id, supported_at, delivery_id, payment_id, project_id, user_id) VALUES (1075, (SELECT projects.start_date + INTERVAL 44 DAY FROM projects WHERE projects.id=30), 1075, 1075, 30, 17);
INSERT INTO orders (order_id, created_at, delivery_id, payment_id, supporting_project_id) VALUES (1075, (SELECT projects.start_date + INTERVAL 44 DAY FROM projects WHERE projects.id=30), 1, 1075, 1075);
INSERT INTO supporting_packages(id, option_list, package_count, order_id, project_package_id, supporting_project_id) VALUES (1075, '["기념 포스터"]', 5, 1075, 30, 1075);
INSERT INTO supporting_projects(supporting_project_id, supported_at, delivery_id, payment_id, project_id, user_id) VALUES (1076, (SELECT projects.start_date + INTERVAL 39 DAY FROM projects WHERE projects.id=30), 1076, 1076, 30, 5);
INSERT INTO orders (order_id, created_at, delivery_id, payment_id, supporting_project_id) VALUES (1076, (SELECT projects.start_date + INTERVAL 39 DAY FROM projects WHERE projects.id=30), 1, 1076, 1076);
INSERT INTO supporting_packages(id, option_list, package_count, order_id, project_package_id, supporting_project_id) VALUES (1076, '["기념 포스터"]', 10, 1076, 30, 1076);
INSERT INTO supporting_projects(supporting_project_id, supported_at, delivery_id, payment_id, project_id, user_id) VALUES (1077, (SELECT projects.start_date + INTERVAL 34 DAY FROM projects WHERE projects.id=30), 1077, 1077, 30, 14);
INSERT INTO orders (order_id, created_at, delivery_id, payment_id, supporting_project_id) VALUES (1077, (SELECT projects.start_date + INTERVAL 34 DAY FROM projects WHERE projects.id=30), 1, 1077, 1077);
INSERT INTO supporting_packages(id, option_list, package_count, order_id, project_package_id, supporting_project_id) VALUES (1077, '["기념 포스터"]', 3, 1077, 30, 1077);
INSERT INTO supporting_projects(supporting_project_id, supported_at, delivery_id, payment_id, project_id, user_id) VALUES (1078, (SELECT projects.start_date + INTERVAL 45 DAY FROM projects WHERE projects.id=30), 1078, 1078, 30, 12);
INSERT INTO orders (order_id, created_at, delivery_id, payment_id, supporting_project_id) VALUES (1078, (SELECT projects.start_date + INTERVAL 45 DAY FROM projects WHERE projects.id=30), 1, 1078, 1078);
INSERT INTO supporting_packages(id, option_list, package_count, order_id, project_package_id, supporting_project_id) VALUES (1078, '["팝콘"]', 2, 1078, 30, 1078);
INSERT INTO supporting_projects(supporting_project_id, supported_at, delivery_id, payment_id, project_id, user_id) VALUES (1079, (SELECT projects.start_date + INTERVAL 14 DAY FROM projects WHERE projects.id=30), 1079, 1079, 30, 31);
INSERT INTO orders (order_id, created_at, delivery_id, payment_id, supporting_project_id) VALUES (1079, (SELECT projects.start_date + INTERVAL 14 DAY FROM projects WHERE projects.id=30), 1, 1079, 1079);
INSERT INTO supporting_packages(id, option_list, package_count, order_id, project_package_id, supporting_project_id) VALUES (1079, '["팝콘"]', 6, 1079, 30, 1079);
INSERT INTO supporting_projects(supporting_project_id, supported_at, delivery_id, payment_id, project_id, user_id) VALUES (1080, (SELECT projects.start_date + INTERVAL 9 DAY FROM projects WHERE projects.id=30), 1080, 1080, 30, 26);
INSERT INTO orders (order_id, created_at, delivery_id, payment_id, supporting_project_id) VALUES (1080, (SELECT projects.start_date + INTERVAL 9 DAY FROM projects WHERE projects.id=30), 1, 1080, 1080);
INSERT INTO supporting_packages(id, option_list, package_count, order_id, project_package_id, supporting_project_id) VALUES (1080, '["영화 티켓"]', 2, 1080, 30, 1080);
INSERT INTO supporting_projects(supporting_project_id, supported_at, delivery_id, payment_id, project_id, user_id) VALUES (1081, (SELECT projects.start_date + INTERVAL 40 DAY FROM projects WHERE projects.id=30), 1081, 1081, 30, 24);
INSERT INTO orders (order_id, created_at, delivery_id, payment_id, supporting_project_id) VALUES (1081, (SELECT projects.start_date + INTERVAL 40 DAY FROM projects WHERE projects.id=30), 1, 1081, 1081);
INSERT INTO supporting_packages(id, option_list, package_count, order_id, project_package_id, supporting_project_id) VALUES (1081, '["기념 포스터"]', 1, 1081, 30, 1081);
INSERT INTO supporting_projects(supporting_project_id, supported_at, delivery_id, payment_id, project_id, user_id) VALUES (1082, (SELECT projects.start_date + INTERVAL 5 DAY FROM projects WHERE projects.id=30), 1082, 1082, 30, 33);
INSERT INTO orders (order_id, created_at, delivery_id, payment_id, supporting_project_id) VALUES (1082, (SELECT projects.start_date + INTERVAL 5 DAY FROM projects WHERE projects.id=30), 1, 1082, 1082);
INSERT INTO supporting_packages(id, option_list, package_count, order_id, project_package_id, supporting_project_id) VALUES (1082, '["영화 티켓"]', 8, 1082, 30, 1082);
INSERT INTO supporting_projects(supporting_project_id, supported_at, delivery_id, payment_id, project_id, user_id) VALUES (1083, (SELECT projects.start_date + INTERVAL 20 DAY FROM projects WHERE projects.id=30), 1083, 1083, 30, 13);
INSERT INTO orders (order_id, created_at, delivery_id, payment_id, supporting_project_id) VALUES (1083, (SELECT projects.start_date + INTERVAL 20 DAY FROM projects WHERE projects.id=30), 1, 1083, 1083);
INSERT INTO supporting_packages(id, option_list, package_count, order_id, project_package_id, supporting_project_id) VALUES (1083, '["팝콘"]', 2, 1083, 30, 1083);
INSERT INTO supporting_projects(supporting_project_id, supported_at, delivery_id, payment_id, project_id, user_id) VALUES (1084, (SELECT projects.start_date + INTERVAL 12 DAY FROM projects WHERE projects.id=30), 1084, 1084, 30, 37);
INSERT INTO orders (order_id, created_at, delivery_id, payment_id, supporting_project_id) VALUES (1084, (SELECT projects.start_date + INTERVAL 12 DAY FROM projects WHERE projects.id=30), 1, 1084, 1084);
INSERT INTO supporting_packages(id, option_list, package_count, order_id, project_package_id, supporting_project_id) VALUES (1084, '["기념 포스터"]', 9, 1084, 30, 1084);
INSERT INTO supporting_projects(supporting_project_id, supported_at, delivery_id, payment_id, project_id, user_id) VALUES (1085, (SELECT projects.start_date + INTERVAL 4 DAY FROM projects WHERE projects.id=30), 1085, 1085, 30, 4);
INSERT INTO orders (order_id, created_at, delivery_id, payment_id, supporting_project_id) VALUES (1085, (SELECT projects.start_date + INTERVAL 4 DAY FROM projects WHERE projects.id=30), 1, 1085, 1085);
INSERT INTO supporting_packages(id, option_list, package_count, order_id, project_package_id, supporting_project_id) VALUES (1085, '["기념 포스터"]', 7, 1085, 30, 1085);
INSERT INTO supporting_projects(supporting_project_id, supported_at, delivery_id, payment_id, project_id, user_id) VALUES (1086, (SELECT projects.start_date + INTERVAL 38 DAY FROM projects WHERE projects.id=30), 1086, 1086, 30, 32);
INSERT INTO orders (order_id, created_at, delivery_id, payment_id, supporting_project_id) VALUES (1086, (SELECT projects.start_date + INTERVAL 38 DAY FROM projects WHERE projects.id=30), 1, 1086, 1086);
INSERT INTO supporting_packages(id, option_list, package_count, order_id, project_package_id, supporting_project_id) VALUES (1086, '["영화 티켓"]', 3, 1086, 30, 1086);
INSERT INTO supporting_projects(supporting_project_id, supported_at, delivery_id, payment_id, project_id, user_id) VALUES (1087, (SELECT projects.start_date + INTERVAL 30 DAY FROM projects WHERE projects.id=30), 1087, 1087, 30, 5);
INSERT INTO orders (order_id, created_at, delivery_id, payment_id, supporting_project_id) VALUES (1087, (SELECT projects.start_date + INTERVAL 30 DAY FROM projects WHERE projects.id=30), 1, 1087, 1087);
INSERT INTO supporting_packages(id, option_list, package_count, order_id, project_package_id, supporting_project_id) VALUES (1087, '["팝콘"]', 6, 1087, 30, 1087);
INSERT INTO supporting_projects(supporting_project_id, supported_at, delivery_id, payment_id, project_id, user_id) VALUES (1088, (SELECT projects.start_date + INTERVAL 33 DAY FROM projects WHERE projects.id=30), 1088, 1088, 30, 16);
INSERT INTO orders (order_id, created_at, delivery_id, payment_id, supporting_project_id) VALUES (1088, (SELECT projects.start_date + INTERVAL 33 DAY FROM projects WHERE projects.id=30), 1, 1088, 1088);
INSERT INTO supporting_packages(id, option_list, package_count, order_id, project_package_id, supporting_project_id) VALUES (1088, '["영화 티켓"]', 2, 1088, 30, 1088);
INSERT INTO supporting_projects(supporting_project_id, supported_at, delivery_id, payment_id, project_id, user_id) VALUES (1089, (SELECT projects.start_date + INTERVAL 31 DAY FROM projects WHERE projects.id=30), 1089, 1089, 30, 13);
INSERT INTO orders (order_id, created_at, delivery_id, payment_id, supporting_project_id) VALUES (1089, (SELECT projects.start_date + INTERVAL 31 DAY FROM projects WHERE projects.id=30), 1, 1089, 1089);
INSERT INTO supporting_packages(id, option_list, package_count, order_id, project_package_id, supporting_project_id) VALUES (1089, '["영화 티켓"]', 1, 1089, 30, 1089);
INSERT INTO supporting_projects(supporting_project_id, supported_at, delivery_id, payment_id, project_id, user_id) VALUES (1090, (SELECT projects.start_date + INTERVAL 18 DAY FROM projects WHERE projects.id=30), 1090, 1090, 30, 5);
INSERT INTO orders (order_id, created_at, delivery_id, payment_id, supporting_project_id) VALUES (1090, (SELECT projects.start_date + INTERVAL 18 DAY FROM projects WHERE projects.id=30), 1, 1090, 1090);
INSERT INTO supporting_packages(id, option_list, package_count, order_id, project_package_id, supporting_project_id) VALUES (1090, '["영화 티켓"]', 2, 1090, 30, 1090);
INSERT INTO supporting_projects(supporting_project_id, supported_at, delivery_id, payment_id, project_id, user_id) VALUES (1091, (SELECT projects.start_date + INTERVAL 10 DAY FROM projects WHERE projects.id=30), 1091, 1091, 30, 27);
INSERT INTO orders (order_id, created_at, delivery_id, payment_id, supporting_project_id) VALUES (1091, (SELECT projects.start_date + INTERVAL 10 DAY FROM projects WHERE projects.id=30), 1, 1091, 1091);
INSERT INTO supporting_packages(id, option_list, package_count, order_id, project_package_id, supporting_project_id) VALUES (1091, '["기념 포스터"]', 3, 1091, 30, 1091);
INSERT INTO supporting_projects(supporting_project_id, supported_at, delivery_id, payment_id, project_id, user_id) VALUES (1092, (SELECT projects.start_date + INTERVAL 36 DAY FROM projects WHERE projects.id=30), 1092, 1092, 30, 10);
INSERT INTO orders (order_id, created_at, delivery_id, payment_id, supporting_project_id) VALUES (1092, (SELECT projects.start_date + INTERVAL 36 DAY FROM projects WHERE projects.id=30), 1, 1092, 1092);
INSERT INTO supporting_packages(id, option_list, package_count, order_id, project_package_id, supporting_project_id) VALUES (1092, '["기념 포스터"]', 7, 1092, 30, 1092);
INSERT INTO supporting_projects(supporting_project_id, supported_at, delivery_id, payment_id, project_id, user_id) VALUES (1093, (SELECT projects.start_date + INTERVAL 13 DAY FROM projects WHERE projects.id=30), 1093, 1093, 30, 32);
INSERT INTO orders (order_id, created_at, delivery_id, payment_id, supporting_project_id) VALUES (1093, (SELECT projects.start_date + INTERVAL 13 DAY FROM projects WHERE projects.id=30), 1, 1093, 1093);
INSERT INTO supporting_packages(id, option_list, package_count, order_id, project_package_id, supporting_project_id) VALUES (1093, '["영화 티켓"]', 3, 1093, 30, 1093);
INSERT INTO supporting_projects(supporting_project_id, supported_at, delivery_id, payment_id, project_id, user_id) VALUES (1094, (SELECT projects.start_date + INTERVAL 40 DAY FROM projects WHERE projects.id=30), 1094, 1094, 30, 25);
INSERT INTO orders (order_id, created_at, delivery_id, payment_id, supporting_project_id) VALUES (1094, (SELECT projects.start_date + INTERVAL 40 DAY FROM projects WHERE projects.id=30), 1, 1094, 1094);
INSERT INTO supporting_packages(id, option_list, package_count, order_id, project_package_id, supporting_project_id) VALUES (1094, '["팝콘"]', 1, 1094, 30, 1094);
INSERT INTO supporting_projects(supporting_project_id, supported_at, delivery_id, payment_id, project_id, user_id) VALUES (1095, (SELECT projects.start_date + INTERVAL 5 DAY FROM projects WHERE projects.id=30), 1095, 1095, 30, 3);
INSERT INTO orders (order_id, created_at, delivery_id, payment_id, supporting_project_id) VALUES (1095, (SELECT projects.start_date + INTERVAL 5 DAY FROM projects WHERE projects.id=30), 1, 1095, 1095);
INSERT INTO supporting_packages(id, option_list, package_count, order_id, project_package_id, supporting_project_id) VALUES (1095, '["기념 포스터"]', 8, 1095, 30, 1095);
INSERT INTO supporting_projects(supporting_project_id, supported_at, delivery_id, payment_id, project_id, user_id) VALUES (1096, (SELECT projects.start_date + INTERVAL 43 DAY FROM projects WHERE projects.id=30), 1096, 1096, 30, 31);
INSERT INTO orders (order_id, created_at, delivery_id, payment_id, supporting_project_id) VALUES (1096, (SELECT projects.start_date + INTERVAL 43 DAY FROM projects WHERE projects.id=30), 1, 1096, 1096);
INSERT INTO supporting_packages(id, option_list, package_count, order_id, project_package_id, supporting_project_id) VALUES (1096, '["기념 포스터"]', 7, 1096, 30, 1096);
INSERT INTO supporting_projects(supporting_project_id, supported_at, delivery_id, payment_id, project_id, user_id) VALUES (1097, (SELECT projects.start_date + INTERVAL 44 DAY FROM projects WHERE projects.id=30), 1097, 1097, 30, 32);
INSERT INTO orders (order_id, created_at, delivery_id, payment_id, supporting_project_id) VALUES (1097, (SELECT projects.start_date + INTERVAL 44 DAY FROM projects WHERE projects.id=30), 1, 1097, 1097);
INSERT INTO supporting_packages(id, option_list, package_count, order_id, project_package_id, supporting_project_id) VALUES (1097, '["기념 포스터"]', 1, 1097, 30, 1097);
INSERT INTO supporting_projects(supporting_project_id, supported_at, delivery_id, payment_id, project_id, user_id) VALUES (1098, (SELECT projects.start_date + INTERVAL 17 DAY FROM projects WHERE projects.id=30), 1098, 1098, 30, 26);
INSERT INTO orders (order_id, created_at, delivery_id, payment_id, supporting_project_id) VALUES (1098, (SELECT projects.start_date + INTERVAL 17 DAY FROM projects WHERE projects.id=30), 1, 1098, 1098);
INSERT INTO supporting_packages(id, option_list, package_count, order_id, project_package_id, supporting_project_id) VALUES (1098, '["팝콘"]', 6, 1098, 30, 1098);
INSERT INTO supporting_projects(supporting_project_id, supported_at, delivery_id, payment_id, project_id, user_id) VALUES (1099, (SELECT projects.start_date + INTERVAL 21 DAY FROM projects WHERE projects.id=30), 1099, 1099, 30, 35);
INSERT INTO orders (order_id, created_at, delivery_id, payment_id, supporting_project_id) VALUES (1099, (SELECT projects.start_date + INTERVAL 21 DAY FROM projects WHERE projects.id=30), 1, 1099, 1099);
INSERT INTO supporting_packages(id, option_list, package_count, order_id, project_package_id, supporting_project_id) VALUES (1099, '["팝콘"]', 8, 1099, 30, 1099);
INSERT INTO supporting_projects(supporting_project_id, supported_at, delivery_id, payment_id, project_id, user_id) VALUES (1100, (SELECT projects.start_date + INTERVAL 2 DAY FROM projects WHERE projects.id=31), 1100, 1100, 31, 30);
INSERT INTO orders (order_id, created_at, delivery_id, payment_id, supporting_project_id) VALUES (1100, (SELECT projects.start_date + INTERVAL 2 DAY FROM projects WHERE projects.id=31), 1, 1100, 1100);
INSERT INTO supporting_packages(id, option_list, package_count, order_id, project_package_id, supporting_project_id) VALUES (1100, '["파김치"]', 5, 1100, 31, 1100);
INSERT INTO supporting_projects(supporting_project_id, supported_at, delivery_id, payment_id, project_id, user_id) VALUES (1101, (SELECT projects.start_date + INTERVAL 40 DAY FROM projects WHERE projects.id=31), 1101, 1101, 31, 18);
INSERT INTO orders (order_id, created_at, delivery_id, payment_id, supporting_project_id) VALUES (1101, (SELECT projects.start_date + INTERVAL 40 DAY FROM projects WHERE projects.id=31), 1, 1101, 1101);
INSERT INTO supporting_packages(id, option_list, package_count, order_id, project_package_id, supporting_project_id) VALUES (1101, '["파김치"]', 4, 1101, 31, 1101);
INSERT INTO supporting_projects(supporting_project_id, supported_at, delivery_id, payment_id, project_id, user_id) VALUES (1102, (SELECT projects.start_date + INTERVAL 48 DAY FROM projects WHERE projects.id=31), 1102, 1102, 31, 33);
INSERT INTO orders (order_id, created_at, delivery_id, payment_id, supporting_project_id) VALUES (1102, (SELECT projects.start_date + INTERVAL 48 DAY FROM projects WHERE projects.id=31), 1, 1102, 1102);
INSERT INTO supporting_packages(id, option_list, package_count, order_id, project_package_id, supporting_project_id) VALUES (1102, '["깍두기"]', 5, 1102, 31, 1102);
INSERT INTO supporting_projects(supporting_project_id, supported_at, delivery_id, payment_id, project_id, user_id) VALUES (1103, (SELECT projects.start_date + INTERVAL 31 DAY FROM projects WHERE projects.id=31), 1103, 1103, 31, 20);
INSERT INTO orders (order_id, created_at, delivery_id, payment_id, supporting_project_id) VALUES (1103, (SELECT projects.start_date + INTERVAL 31 DAY FROM projects WHERE projects.id=31), 1, 1103, 1103);
INSERT INTO supporting_packages(id, option_list, package_count, order_id, project_package_id, supporting_project_id) VALUES (1103, '["배추김치"]', 2, 1103, 31, 1103);
INSERT INTO supporting_projects(supporting_project_id, supported_at, delivery_id, payment_id, project_id, user_id) VALUES (1104, (SELECT projects.start_date + INTERVAL 37 DAY FROM projects WHERE projects.id=31), 1104, 1104, 31, 19);
INSERT INTO orders (order_id, created_at, delivery_id, payment_id, supporting_project_id) VALUES (1104, (SELECT projects.start_date + INTERVAL 37 DAY FROM projects WHERE projects.id=31), 1, 1104, 1104);
INSERT INTO supporting_packages(id, option_list, package_count, order_id, project_package_id, supporting_project_id) VALUES (1104, '["파김치"]', 9, 1104, 31, 1104);
INSERT INTO supporting_projects(supporting_project_id, supported_at, delivery_id, payment_id, project_id, user_id) VALUES (1105, (SELECT projects.start_date + INTERVAL 4 DAY FROM projects WHERE projects.id=31), 1105, 1105, 31, 39);
INSERT INTO orders (order_id, created_at, delivery_id, payment_id, supporting_project_id) VALUES (1105, (SELECT projects.start_date + INTERVAL 4 DAY FROM projects WHERE projects.id=31), 1, 1105, 1105);
INSERT INTO supporting_packages(id, option_list, package_count, order_id, project_package_id, supporting_project_id) VALUES (1105, '["깍두기"]', 10, 1105, 31, 1105);
INSERT INTO supporting_projects(supporting_project_id, supported_at, delivery_id, payment_id, project_id, user_id) VALUES (1106, (SELECT projects.start_date + INTERVAL 39 DAY FROM projects WHERE projects.id=31), 1106, 1106, 31, 20);
INSERT INTO orders (order_id, created_at, delivery_id, payment_id, supporting_project_id) VALUES (1106, (SELECT projects.start_date + INTERVAL 39 DAY FROM projects WHERE projects.id=31), 1, 1106, 1106);
INSERT INTO supporting_packages(id, option_list, package_count, order_id, project_package_id, supporting_project_id) VALUES (1106, '["파김치"]', 2, 1106, 31, 1106);
INSERT INTO supporting_projects(supporting_project_id, supported_at, delivery_id, payment_id, project_id, user_id) VALUES (1107, (SELECT projects.start_date + INTERVAL 9 DAY FROM projects WHERE projects.id=31), 1107, 1107, 31, 6);
INSERT INTO orders (order_id, created_at, delivery_id, payment_id, supporting_project_id) VALUES (1107, (SELECT projects.start_date + INTERVAL 9 DAY FROM projects WHERE projects.id=31), 1, 1107, 1107);
INSERT INTO supporting_packages(id, option_list, package_count, order_id, project_package_id, supporting_project_id) VALUES (1107, '["배추김치"]', 5, 1107, 31, 1107);
INSERT INTO supporting_projects(supporting_project_id, supported_at, delivery_id, payment_id, project_id, user_id) VALUES (1108, (SELECT projects.start_date + INTERVAL 38 DAY FROM projects WHERE projects.id=31), 1108, 1108, 31, 10);
INSERT INTO orders (order_id, created_at, delivery_id, payment_id, supporting_project_id) VALUES (1108, (SELECT projects.start_date + INTERVAL 38 DAY FROM projects WHERE projects.id=31), 1, 1108, 1108);
INSERT INTO supporting_packages(id, option_list, package_count, order_id, project_package_id, supporting_project_id) VALUES (1108, '["깍두기"]', 9, 1108, 31, 1108);
INSERT INTO supporting_projects(supporting_project_id, supported_at, delivery_id, payment_id, project_id, user_id) VALUES (1109, (SELECT projects.start_date + INTERVAL 34 DAY FROM projects WHERE projects.id=31), 1109, 1109, 31, 18);
INSERT INTO orders (order_id, created_at, delivery_id, payment_id, supporting_project_id) VALUES (1109, (SELECT projects.start_date + INTERVAL 34 DAY FROM projects WHERE projects.id=31), 1, 1109, 1109);
INSERT INTO supporting_packages(id, option_list, package_count, order_id, project_package_id, supporting_project_id) VALUES (1109, '["배추김치"]', 10, 1109, 31, 1109);
INSERT INTO supporting_projects(supporting_project_id, supported_at, delivery_id, payment_id, project_id, user_id) VALUES (1110, (SELECT projects.start_date + INTERVAL 18 DAY FROM projects WHERE projects.id=31), 1110, 1110, 31, 25);
INSERT INTO orders (order_id, created_at, delivery_id, payment_id, supporting_project_id) VALUES (1110, (SELECT projects.start_date + INTERVAL 18 DAY FROM projects WHERE projects.id=31), 1, 1110, 1110);
INSERT INTO supporting_packages(id, option_list, package_count, order_id, project_package_id, supporting_project_id) VALUES (1110, '["깍두기"]', 5, 1110, 31, 1110);
INSERT INTO supporting_projects(supporting_project_id, supported_at, delivery_id, payment_id, project_id, user_id) VALUES (1111, (SELECT projects.start_date + INTERVAL 42 DAY FROM projects WHERE projects.id=31), 1111, 1111, 31, 12);
INSERT INTO orders (order_id, created_at, delivery_id, payment_id, supporting_project_id) VALUES (1111, (SELECT projects.start_date + INTERVAL 42 DAY FROM projects WHERE projects.id=31), 1, 1111, 1111);
INSERT INTO supporting_packages(id, option_list, package_count, order_id, project_package_id, supporting_project_id) VALUES (1111, '["깍두기"]', 4, 1111, 31, 1111);
INSERT INTO supporting_projects(supporting_project_id, supported_at, delivery_id, payment_id, project_id, user_id) VALUES (1112, (SELECT projects.start_date + INTERVAL 9 DAY FROM projects WHERE projects.id=31), 1112, 1112, 31, 34);
INSERT INTO orders (order_id, created_at, delivery_id, payment_id, supporting_project_id) VALUES (1112, (SELECT projects.start_date + INTERVAL 9 DAY FROM projects WHERE projects.id=31), 1, 1112, 1112);
INSERT INTO supporting_packages(id, option_list, package_count, order_id, project_package_id, supporting_project_id) VALUES (1112, '["깍두기"]', 1, 1112, 31, 1112);
INSERT INTO supporting_projects(supporting_project_id, supported_at, delivery_id, payment_id, project_id, user_id) VALUES (1113, (SELECT projects.start_date + INTERVAL 9 DAY FROM projects WHERE projects.id=31), 1113, 1113, 31, 16);
INSERT INTO orders (order_id, created_at, delivery_id, payment_id, supporting_project_id) VALUES (1113, (SELECT projects.start_date + INTERVAL 9 DAY FROM projects WHERE projects.id=31), 1, 1113, 1113);
INSERT INTO supporting_packages(id, option_list, package_count, order_id, project_package_id, supporting_project_id) VALUES (1113, '["배추김치"]', 4, 1113, 31, 1113);
INSERT INTO supporting_projects(supporting_project_id, supported_at, delivery_id, payment_id, project_id, user_id) VALUES (1114, (SELECT projects.start_date + INTERVAL 8 DAY FROM projects WHERE projects.id=31), 1114, 1114, 31, 25);
INSERT INTO orders (order_id, created_at, delivery_id, payment_id, supporting_project_id) VALUES (1114, (SELECT projects.start_date + INTERVAL 8 DAY FROM projects WHERE projects.id=31), 1, 1114, 1114);
INSERT INTO supporting_packages(id, option_list, package_count, order_id, project_package_id, supporting_project_id) VALUES (1114, '["파김치"]', 8, 1114, 31, 1114);
INSERT INTO supporting_projects(supporting_project_id, supported_at, delivery_id, payment_id, project_id, user_id) VALUES (1115, (SELECT projects.start_date + INTERVAL 25 DAY FROM projects WHERE projects.id=31), 1115, 1115, 31, 19);
INSERT INTO orders (order_id, created_at, delivery_id, payment_id, supporting_project_id) VALUES (1115, (SELECT projects.start_date + INTERVAL 25 DAY FROM projects WHERE projects.id=31), 1, 1115, 1115);
INSERT INTO supporting_packages(id, option_list, package_count, order_id, project_package_id, supporting_project_id) VALUES (1115, '["파김치"]', 7, 1115, 31, 1115);
INSERT INTO supporting_projects(supporting_project_id, supported_at, delivery_id, payment_id, project_id, user_id) VALUES (1116, (SELECT projects.start_date + INTERVAL 40 DAY FROM projects WHERE projects.id=31), 1116, 1116, 31, 32);
INSERT INTO orders (order_id, created_at, delivery_id, payment_id, supporting_project_id) VALUES (1116, (SELECT projects.start_date + INTERVAL 40 DAY FROM projects WHERE projects.id=31), 1, 1116, 1116);
INSERT INTO supporting_packages(id, option_list, package_count, order_id, project_package_id, supporting_project_id) VALUES (1116, '["배추김치"]', 9, 1116, 31, 1116);
INSERT INTO supporting_projects(supporting_project_id, supported_at, delivery_id, payment_id, project_id, user_id) VALUES (1117, (SELECT projects.start_date + INTERVAL 48 DAY FROM projects WHERE projects.id=31), 1117, 1117, 31, 14);
INSERT INTO orders (order_id, created_at, delivery_id, payment_id, supporting_project_id) VALUES (1117, (SELECT projects.start_date + INTERVAL 48 DAY FROM projects WHERE projects.id=31), 1, 1117, 1117);
INSERT INTO supporting_packages(id, option_list, package_count, order_id, project_package_id, supporting_project_id) VALUES (1117, '["깍두기"]', 7, 1117, 31, 1117);
INSERT INTO supporting_projects(supporting_project_id, supported_at, delivery_id, payment_id, project_id, user_id) VALUES (1118, (SELECT projects.start_date + INTERVAL 11 DAY FROM projects WHERE projects.id=31), 1118, 1118, 31, 29);
INSERT INTO orders (order_id, created_at, delivery_id, payment_id, supporting_project_id) VALUES (1118, (SELECT projects.start_date + INTERVAL 11 DAY FROM projects WHERE projects.id=31), 1, 1118, 1118);
INSERT INTO supporting_packages(id, option_list, package_count, order_id, project_package_id, supporting_project_id) VALUES (1118, '["깍두기"]', 2, 1118, 31, 1118);
INSERT INTO supporting_projects(supporting_project_id, supported_at, delivery_id, payment_id, project_id, user_id) VALUES (1119, (SELECT projects.start_date + INTERVAL 19 DAY FROM projects WHERE projects.id=31), 1119, 1119, 31, 25);
INSERT INTO orders (order_id, created_at, delivery_id, payment_id, supporting_project_id) VALUES (1119, (SELECT projects.start_date + INTERVAL 19 DAY FROM projects WHERE projects.id=31), 1, 1119, 1119);
INSERT INTO supporting_packages(id, option_list, package_count, order_id, project_package_id, supporting_project_id) VALUES (1119, '["배추김치"]', 4, 1119, 31, 1119);
INSERT INTO supporting_projects(supporting_project_id, supported_at, delivery_id, payment_id, project_id, user_id) VALUES (1120, (SELECT projects.start_date + INTERVAL 3 DAY FROM projects WHERE projects.id=31), 1120, 1120, 31, 32);
INSERT INTO orders (order_id, created_at, delivery_id, payment_id, supporting_project_id) VALUES (1120, (SELECT projects.start_date + INTERVAL 3 DAY FROM projects WHERE projects.id=31), 1, 1120, 1120);
INSERT INTO supporting_packages(id, option_list, package_count, order_id, project_package_id, supporting_project_id) VALUES (1120, '["깍두기"]', 6, 1120, 31, 1120);
INSERT INTO supporting_projects(supporting_project_id, supported_at, delivery_id, payment_id, project_id, user_id) VALUES (1121, (SELECT projects.start_date + INTERVAL 5 DAY FROM projects WHERE projects.id=31), 1121, 1121, 31, 3);
INSERT INTO orders (order_id, created_at, delivery_id, payment_id, supporting_project_id) VALUES (1121, (SELECT projects.start_date + INTERVAL 5 DAY FROM projects WHERE projects.id=31), 1, 1121, 1121);
INSERT INTO supporting_packages(id, option_list, package_count, order_id, project_package_id, supporting_project_id) VALUES (1121, '["배추김치"]', 5, 1121, 31, 1121);
INSERT INTO supporting_projects(supporting_project_id, supported_at, delivery_id, payment_id, project_id, user_id) VALUES (1122, (SELECT projects.start_date + INTERVAL 5 DAY FROM projects WHERE projects.id=31), 1122, 1122, 31, 31);
INSERT INTO orders (order_id, created_at, delivery_id, payment_id, supporting_project_id) VALUES (1122, (SELECT projects.start_date + INTERVAL 5 DAY FROM projects WHERE projects.id=31), 1, 1122, 1122);
INSERT INTO supporting_packages(id, option_list, package_count, order_id, project_package_id, supporting_project_id) VALUES (1122, '["배추김치"]', 1, 1122, 31, 1122);
INSERT INTO supporting_projects(supporting_project_id, supported_at, delivery_id, payment_id, project_id, user_id) VALUES (1123, (SELECT projects.start_date + INTERVAL 25 DAY FROM projects WHERE projects.id=31), 1123, 1123, 31, 38);
INSERT INTO orders (order_id, created_at, delivery_id, payment_id, supporting_project_id) VALUES (1123, (SELECT projects.start_date + INTERVAL 25 DAY FROM projects WHERE projects.id=31), 1, 1123, 1123);
INSERT INTO supporting_packages(id, option_list, package_count, order_id, project_package_id, supporting_project_id) VALUES (1123, '["파김치"]', 1, 1123, 31, 1123);
INSERT INTO supporting_projects(supporting_project_id, supported_at, delivery_id, payment_id, project_id, user_id) VALUES (1124, (SELECT projects.start_date + INTERVAL 11 DAY FROM projects WHERE projects.id=31), 1124, 1124, 31, 25);
INSERT INTO orders (order_id, created_at, delivery_id, payment_id, supporting_project_id) VALUES (1124, (SELECT projects.start_date + INTERVAL 11 DAY FROM projects WHERE projects.id=31), 1, 1124, 1124);
INSERT INTO supporting_packages(id, option_list, package_count, order_id, project_package_id, supporting_project_id) VALUES (1124, '["깍두기"]', 5, 1124, 31, 1124);
INSERT INTO supporting_projects(supporting_project_id, supported_at, delivery_id, payment_id, project_id, user_id) VALUES (1125, (SELECT projects.start_date + INTERVAL 26 DAY FROM projects WHERE projects.id=31), 1125, 1125, 31, 37);
INSERT INTO orders (order_id, created_at, delivery_id, payment_id, supporting_project_id) VALUES (1125, (SELECT projects.start_date + INTERVAL 26 DAY FROM projects WHERE projects.id=31), 1, 1125, 1125);
INSERT INTO supporting_packages(id, option_list, package_count, order_id, project_package_id, supporting_project_id) VALUES (1125, '["파김치"]', 6, 1125, 31, 1125);
INSERT INTO supporting_projects(supporting_project_id, supported_at, delivery_id, payment_id, project_id, user_id) VALUES (1126, (SELECT projects.start_date + INTERVAL 39 DAY FROM projects WHERE projects.id=31), 1126, 1126, 31, 13);
INSERT INTO orders (order_id, created_at, delivery_id, payment_id, supporting_project_id) VALUES (1126, (SELECT projects.start_date + INTERVAL 39 DAY FROM projects WHERE projects.id=31), 1, 1126, 1126);
INSERT INTO supporting_packages(id, option_list, package_count, order_id, project_package_id, supporting_project_id) VALUES (1126, '["깍두기"]', 6, 1126, 31, 1126);
INSERT INTO supporting_projects(supporting_project_id, supported_at, delivery_id, payment_id, project_id, user_id) VALUES (1127, (SELECT projects.start_date + INTERVAL 18 DAY FROM projects WHERE projects.id=31), 1127, 1127, 31, 36);
INSERT INTO orders (order_id, created_at, delivery_id, payment_id, supporting_project_id) VALUES (1127, (SELECT projects.start_date + INTERVAL 18 DAY FROM projects WHERE projects.id=31), 1, 1127, 1127);
INSERT INTO supporting_packages(id, option_list, package_count, order_id, project_package_id, supporting_project_id) VALUES (1127, '["깍두기"]', 7, 1127, 31, 1127);
INSERT INTO supporting_projects(supporting_project_id, supported_at, delivery_id, payment_id, project_id, user_id) VALUES (1128, (SELECT projects.start_date + INTERVAL 50 DAY FROM projects WHERE projects.id=31), 1128, 1128, 31, 23);
INSERT INTO orders (order_id, created_at, delivery_id, payment_id, supporting_project_id) VALUES (1128, (SELECT projects.start_date + INTERVAL 50 DAY FROM projects WHERE projects.id=31), 1, 1128, 1128);
INSERT INTO supporting_packages(id, option_list, package_count, order_id, project_package_id, supporting_project_id) VALUES (1128, '["깍두기"]', 1, 1128, 31, 1128);
INSERT INTO supporting_projects(supporting_project_id, supported_at, delivery_id, payment_id, project_id, user_id) VALUES (1129, (SELECT projects.start_date + INTERVAL 9 DAY FROM projects WHERE projects.id=31), 1129, 1129, 31, 14);
INSERT INTO orders (order_id, created_at, delivery_id, payment_id, supporting_project_id) VALUES (1129, (SELECT projects.start_date + INTERVAL 9 DAY FROM projects WHERE projects.id=31), 1, 1129, 1129);
INSERT INTO supporting_packages(id, option_list, package_count, order_id, project_package_id, supporting_project_id) VALUES (1129, '["파김치"]', 6, 1129, 31, 1129);
INSERT INTO supporting_projects(supporting_project_id, supported_at, delivery_id, payment_id, project_id, user_id) VALUES (1130, (SELECT projects.start_date + INTERVAL 48 DAY FROM projects WHERE projects.id=31), 1130, 1130, 31, 32);
INSERT INTO orders (order_id, created_at, delivery_id, payment_id, supporting_project_id) VALUES (1130, (SELECT projects.start_date + INTERVAL 48 DAY FROM projects WHERE projects.id=31), 1, 1130, 1130);
INSERT INTO supporting_packages(id, option_list, package_count, order_id, project_package_id, supporting_project_id) VALUES (1130, '["파김치"]', 3, 1130, 31, 1130);
INSERT INTO supporting_projects(supporting_project_id, supported_at, delivery_id, payment_id, project_id, user_id) VALUES (1131, (SELECT projects.start_date + INTERVAL 9 DAY FROM projects WHERE projects.id=31), 1131, 1131, 31, 33);
INSERT INTO orders (order_id, created_at, delivery_id, payment_id, supporting_project_id) VALUES (1131, (SELECT projects.start_date + INTERVAL 9 DAY FROM projects WHERE projects.id=31), 1, 1131, 1131);
INSERT INTO supporting_packages(id, option_list, package_count, order_id, project_package_id, supporting_project_id) VALUES (1131, '["배추김치"]', 3, 1131, 31, 1131);
INSERT INTO supporting_projects(supporting_project_id, supported_at, delivery_id, payment_id, project_id, user_id) VALUES (1132, (SELECT projects.start_date + INTERVAL 2 DAY FROM projects WHERE projects.id=31), 1132, 1132, 31, 11);
INSERT INTO orders (order_id, created_at, delivery_id, payment_id, supporting_project_id) VALUES (1132, (SELECT projects.start_date + INTERVAL 2 DAY FROM projects WHERE projects.id=31), 1, 1132, 1132);
INSERT INTO supporting_packages(id, option_list, package_count, order_id, project_package_id, supporting_project_id) VALUES (1132, '["파김치"]', 3, 1132, 31, 1132);
INSERT INTO supporting_projects(supporting_project_id, supported_at, delivery_id, payment_id, project_id, user_id) VALUES (1133, (SELECT projects.start_date + INTERVAL 14 DAY FROM projects WHERE projects.id=31), 1133, 1133, 31, 19);
INSERT INTO orders (order_id, created_at, delivery_id, payment_id, supporting_project_id) VALUES (1133, (SELECT projects.start_date + INTERVAL 14 DAY FROM projects WHERE projects.id=31), 1, 1133, 1133);
INSERT INTO supporting_packages(id, option_list, package_count, order_id, project_package_id, supporting_project_id) VALUES (1133, '["배추김치"]', 3, 1133, 31, 1133);
INSERT INTO supporting_projects(supporting_project_id, supported_at, delivery_id, payment_id, project_id, user_id) VALUES (1134, (SELECT projects.start_date + INTERVAL 13 DAY FROM projects WHERE projects.id=31), 1134, 1134, 31, 6);
INSERT INTO orders (order_id, created_at, delivery_id, payment_id, supporting_project_id) VALUES (1134, (SELECT projects.start_date + INTERVAL 13 DAY FROM projects WHERE projects.id=31), 1, 1134, 1134);
INSERT INTO supporting_packages(id, option_list, package_count, order_id, project_package_id, supporting_project_id) VALUES (1134, '["배추김치"]', 6, 1134, 31, 1134);
INSERT INTO supporting_projects(supporting_project_id, supported_at, delivery_id, payment_id, project_id, user_id) VALUES (1135, (SELECT projects.start_date + INTERVAL 11 DAY FROM projects WHERE projects.id=31), 1135, 1135, 31, 11);
INSERT INTO orders (order_id, created_at, delivery_id, payment_id, supporting_project_id) VALUES (1135, (SELECT projects.start_date + INTERVAL 11 DAY FROM projects WHERE projects.id=31), 1, 1135, 1135);
INSERT INTO supporting_packages(id, option_list, package_count, order_id, project_package_id, supporting_project_id) VALUES (1135, '["배추김치"]', 1, 1135, 31, 1135);
INSERT INTO supporting_projects(supporting_project_id, supported_at, delivery_id, payment_id, project_id, user_id) VALUES (1136, (SELECT projects.start_date + INTERVAL 9 DAY FROM projects WHERE projects.id=31), 1136, 1136, 31, 30);
INSERT INTO orders (order_id, created_at, delivery_id, payment_id, supporting_project_id) VALUES (1136, (SELECT projects.start_date + INTERVAL 9 DAY FROM projects WHERE projects.id=31), 1, 1136, 1136);
INSERT INTO supporting_packages(id, option_list, package_count, order_id, project_package_id, supporting_project_id) VALUES (1136, '["깍두기"]', 9, 1136, 31, 1136);
INSERT INTO supporting_projects(supporting_project_id, supported_at, delivery_id, payment_id, project_id, user_id) VALUES (1137, (SELECT projects.start_date + INTERVAL 37 DAY FROM projects WHERE projects.id=31), 1137, 1137, 31, 25);
INSERT INTO orders (order_id, created_at, delivery_id, payment_id, supporting_project_id) VALUES (1137, (SELECT projects.start_date + INTERVAL 37 DAY FROM projects WHERE projects.id=31), 1, 1137, 1137);
INSERT INTO supporting_packages(id, option_list, package_count, order_id, project_package_id, supporting_project_id) VALUES (1137, '["파김치"]', 2, 1137, 31, 1137);
INSERT INTO supporting_projects(supporting_project_id, supported_at, delivery_id, payment_id, project_id, user_id) VALUES (1138, (SELECT projects.start_date + INTERVAL 45 DAY FROM projects WHERE projects.id=31), 1138, 1138, 31, 34);
INSERT INTO orders (order_id, created_at, delivery_id, payment_id, supporting_project_id) VALUES (1138, (SELECT projects.start_date + INTERVAL 45 DAY FROM projects WHERE projects.id=31), 1, 1138, 1138);
INSERT INTO supporting_packages(id, option_list, package_count, order_id, project_package_id, supporting_project_id) VALUES (1138, '["파김치"]', 3, 1138, 31, 1138);
INSERT INTO supporting_projects(supporting_project_id, supported_at, delivery_id, payment_id, project_id, user_id) VALUES (1139, (SELECT projects.start_date + INTERVAL 28 DAY FROM projects WHERE projects.id=31), 1139, 1139, 31, 38);
INSERT INTO orders (order_id, created_at, delivery_id, payment_id, supporting_project_id) VALUES (1139, (SELECT projects.start_date + INTERVAL 28 DAY FROM projects WHERE projects.id=31), 1, 1139, 1139);
INSERT INTO supporting_packages(id, option_list, package_count, order_id, project_package_id, supporting_project_id) VALUES (1139, '["파김치"]', 1, 1139, 31, 1139);
INSERT INTO supporting_projects(supporting_project_id, supported_at, delivery_id, payment_id, project_id, user_id) VALUES (1140, (SELECT projects.start_date + INTERVAL 24 DAY FROM projects WHERE projects.id=31), 1140, 1140, 31, 22);
INSERT INTO orders (order_id, created_at, delivery_id, payment_id, supporting_project_id) VALUES (1140, (SELECT projects.start_date + INTERVAL 24 DAY FROM projects WHERE projects.id=31), 1, 1140, 1140);
INSERT INTO supporting_packages(id, option_list, package_count, order_id, project_package_id, supporting_project_id) VALUES (1140, '["배추김치"]', 5, 1140, 31, 1140);
INSERT INTO supporting_projects(supporting_project_id, supported_at, delivery_id, payment_id, project_id, user_id) VALUES (1141, (SELECT projects.start_date + INTERVAL 13 DAY FROM projects WHERE projects.id=31), 1141, 1141, 31, 6);
INSERT INTO orders (order_id, created_at, delivery_id, payment_id, supporting_project_id) VALUES (1141, (SELECT projects.start_date + INTERVAL 13 DAY FROM projects WHERE projects.id=31), 1, 1141, 1141);
INSERT INTO supporting_packages(id, option_list, package_count, order_id, project_package_id, supporting_project_id) VALUES (1141, '["깍두기"]', 2, 1141, 31, 1141);
INSERT INTO supporting_projects(supporting_project_id, supported_at, delivery_id, payment_id, project_id, user_id) VALUES (1142, (SELECT projects.start_date + INTERVAL 46 DAY FROM projects WHERE projects.id=31), 1142, 1142, 31, 15);
INSERT INTO orders (order_id, created_at, delivery_id, payment_id, supporting_project_id) VALUES (1142, (SELECT projects.start_date + INTERVAL 46 DAY FROM projects WHERE projects.id=31), 1, 1142, 1142);
INSERT INTO supporting_packages(id, option_list, package_count, order_id, project_package_id, supporting_project_id) VALUES (1142, '["파김치"]', 6, 1142, 31, 1142);
INSERT INTO supporting_projects(supporting_project_id, supported_at, delivery_id, payment_id, project_id, user_id) VALUES (1143, (SELECT projects.start_date + INTERVAL 35 DAY FROM projects WHERE projects.id=31), 1143, 1143, 31, 22);
INSERT INTO orders (order_id, created_at, delivery_id, payment_id, supporting_project_id) VALUES (1143, (SELECT projects.start_date + INTERVAL 35 DAY FROM projects WHERE projects.id=31), 1, 1143, 1143);
INSERT INTO supporting_packages(id, option_list, package_count, order_id, project_package_id, supporting_project_id) VALUES (1143, '["배추김치"]', 1, 1143, 31, 1143);
INSERT INTO supporting_projects(supporting_project_id, supported_at, delivery_id, payment_id, project_id, user_id) VALUES (1144, (SELECT projects.start_date + INTERVAL 27 DAY FROM projects WHERE projects.id=31), 1144, 1144, 31, 27);
INSERT INTO orders (order_id, created_at, delivery_id, payment_id, supporting_project_id) VALUES (1144, (SELECT projects.start_date + INTERVAL 27 DAY FROM projects WHERE projects.id=31), 1, 1144, 1144);
INSERT INTO supporting_packages(id, option_list, package_count, order_id, project_package_id, supporting_project_id) VALUES (1144, '["배추김치"]', 9, 1144, 31, 1144);
INSERT INTO supporting_projects(supporting_project_id, supported_at, delivery_id, payment_id, project_id, user_id) VALUES (1145, (SELECT projects.start_date + INTERVAL 41 DAY FROM projects WHERE projects.id=31), 1145, 1145, 31, 34);
INSERT INTO orders (order_id, created_at, delivery_id, payment_id, supporting_project_id) VALUES (1145, (SELECT projects.start_date + INTERVAL 41 DAY FROM projects WHERE projects.id=31), 1, 1145, 1145);
INSERT INTO supporting_packages(id, option_list, package_count, order_id, project_package_id, supporting_project_id) VALUES (1145, '["깍두기"]', 5, 1145, 31, 1145);
INSERT INTO supporting_projects(supporting_project_id, supported_at, delivery_id, payment_id, project_id, user_id) VALUES (1146, (SELECT projects.start_date + INTERVAL 49 DAY FROM projects WHERE projects.id=31), 1146, 1146, 31, 33);
INSERT INTO orders (order_id, created_at, delivery_id, payment_id, supporting_project_id) VALUES (1146, (SELECT projects.start_date + INTERVAL 49 DAY FROM projects WHERE projects.id=31), 1, 1146, 1146);
INSERT INTO supporting_packages(id, option_list, package_count, order_id, project_package_id, supporting_project_id) VALUES (1146, '["배추김치"]', 4, 1146, 31, 1146);
INSERT INTO supporting_projects(supporting_project_id, supported_at, delivery_id, payment_id, project_id, user_id) VALUES (1147, (SELECT projects.start_date + INTERVAL 11 DAY FROM projects WHERE projects.id=31), 1147, 1147, 31, 4);
INSERT INTO orders (order_id, created_at, delivery_id, payment_id, supporting_project_id) VALUES (1147, (SELECT projects.start_date + INTERVAL 11 DAY FROM projects WHERE projects.id=31), 1, 1147, 1147);
INSERT INTO supporting_packages(id, option_list, package_count, order_id, project_package_id, supporting_project_id) VALUES (1147, '["깍두기"]', 4, 1147, 31, 1147);
INSERT INTO supporting_projects(supporting_project_id, supported_at, delivery_id, payment_id, project_id, user_id) VALUES (1148, (SELECT projects.start_date + INTERVAL 8 DAY FROM projects WHERE projects.id=31), 1148, 1148, 31, 32);
INSERT INTO orders (order_id, created_at, delivery_id, payment_id, supporting_project_id) VALUES (1148, (SELECT projects.start_date + INTERVAL 8 DAY FROM projects WHERE projects.id=31), 1, 1148, 1148);
INSERT INTO supporting_packages(id, option_list, package_count, order_id, project_package_id, supporting_project_id) VALUES (1148, '["깍두기"]', 2, 1148, 31, 1148);
INSERT INTO supporting_projects(supporting_project_id, supported_at, delivery_id, payment_id, project_id, user_id) VALUES (1149, (SELECT projects.start_date + INTERVAL 27 DAY FROM projects WHERE projects.id=31), 1149, 1149, 31, 36);
INSERT INTO orders (order_id, created_at, delivery_id, payment_id, supporting_project_id) VALUES (1149, (SELECT projects.start_date + INTERVAL 27 DAY FROM projects WHERE projects.id=31), 1, 1149, 1149);
INSERT INTO supporting_packages(id, option_list, package_count, order_id, project_package_id, supporting_project_id) VALUES (1149, '["파김치"]', 6, 1149, 31, 1149);
INSERT INTO supporting_projects(supporting_project_id, supported_at, delivery_id, payment_id, project_id, user_id) VALUES (1150, (SELECT projects.start_date + INTERVAL 45 DAY FROM projects WHERE projects.id=31), 1150, 1150, 31, 34);
INSERT INTO orders (order_id, created_at, delivery_id, payment_id, supporting_project_id) VALUES (1150, (SELECT projects.start_date + INTERVAL 45 DAY FROM projects WHERE projects.id=31), 1, 1150, 1150);
INSERT INTO supporting_packages(id, option_list, package_count, order_id, project_package_id, supporting_project_id) VALUES (1150, '["배추김치"]', 4, 1150, 31, 1150);
INSERT INTO supporting_projects(supporting_project_id, supported_at, delivery_id, payment_id, project_id, user_id) VALUES (1151, (SELECT projects.start_date + INTERVAL 7 DAY FROM projects WHERE projects.id=31), 1151, 1151, 31, 17);
INSERT INTO orders (order_id, created_at, delivery_id, payment_id, supporting_project_id) VALUES (1151, (SELECT projects.start_date + INTERVAL 7 DAY FROM projects WHERE projects.id=31), 1, 1151, 1151);
INSERT INTO supporting_packages(id, option_list, package_count, order_id, project_package_id, supporting_project_id) VALUES (1151, '["배추김치"]', 10, 1151, 31, 1151);
INSERT INTO supporting_projects(supporting_project_id, supported_at, delivery_id, payment_id, project_id, user_id) VALUES (1152, (SELECT projects.start_date + INTERVAL 37 DAY FROM projects WHERE projects.id=31), 1152, 1152, 31, 34);
INSERT INTO orders (order_id, created_at, delivery_id, payment_id, supporting_project_id) VALUES (1152, (SELECT projects.start_date + INTERVAL 37 DAY FROM projects WHERE projects.id=31), 1, 1152, 1152);
INSERT INTO supporting_packages(id, option_list, package_count, order_id, project_package_id, supporting_project_id) VALUES (1152, '["깍두기"]', 6, 1152, 31, 1152);
INSERT INTO supporting_projects(supporting_project_id, supported_at, delivery_id, payment_id, project_id, user_id) VALUES (1153, (SELECT projects.start_date + INTERVAL 25 DAY FROM projects WHERE projects.id=31), 1153, 1153, 31, 31);
INSERT INTO orders (order_id, created_at, delivery_id, payment_id, supporting_project_id) VALUES (1153, (SELECT projects.start_date + INTERVAL 25 DAY FROM projects WHERE projects.id=31), 1, 1153, 1153);
INSERT INTO supporting_packages(id, option_list, package_count, order_id, project_package_id, supporting_project_id) VALUES (1153, '["파김치"]', 2, 1153, 31, 1153);
INSERT INTO supporting_projects(supporting_project_id, supported_at, delivery_id, payment_id, project_id, user_id) VALUES (1154, (SELECT projects.start_date + INTERVAL 33 DAY FROM projects WHERE projects.id=31), 1154, 1154, 31, 25);
INSERT INTO orders (order_id, created_at, delivery_id, payment_id, supporting_project_id) VALUES (1154, (SELECT projects.start_date + INTERVAL 33 DAY FROM projects WHERE projects.id=31), 1, 1154, 1154);
INSERT INTO supporting_packages(id, option_list, package_count, order_id, project_package_id, supporting_project_id) VALUES (1154, '["배추김치"]', 4, 1154, 31, 1154);
INSERT INTO supporting_projects(supporting_project_id, supported_at, delivery_id, payment_id, project_id, user_id) VALUES (1155, (SELECT projects.start_date + INTERVAL 4 DAY FROM projects WHERE projects.id=31), 1155, 1155, 31, 37);
INSERT INTO orders (order_id, created_at, delivery_id, payment_id, supporting_project_id) VALUES (1155, (SELECT projects.start_date + INTERVAL 4 DAY FROM projects WHERE projects.id=31), 1, 1155, 1155);
INSERT INTO supporting_packages(id, option_list, package_count, order_id, project_package_id, supporting_project_id) VALUES (1155, '["파김치"]', 9, 1155, 31, 1155);
INSERT INTO supporting_projects(supporting_project_id, supported_at, delivery_id, payment_id, project_id, user_id) VALUES (1156, (SELECT projects.start_date + INTERVAL 26 DAY FROM projects WHERE projects.id=31), 1156, 1156, 31, 19);
INSERT INTO orders (order_id, created_at, delivery_id, payment_id, supporting_project_id) VALUES (1156, (SELECT projects.start_date + INTERVAL 26 DAY FROM projects WHERE projects.id=31), 1, 1156, 1156);
INSERT INTO supporting_packages(id, option_list, package_count, order_id, project_package_id, supporting_project_id) VALUES (1156, '["배추김치"]', 2, 1156, 31, 1156);
INSERT INTO supporting_projects(supporting_project_id, supported_at, delivery_id, payment_id, project_id, user_id) VALUES (1157, (SELECT projects.start_date + INTERVAL 14 DAY FROM projects WHERE projects.id=31), 1157, 1157, 31, 18);
INSERT INTO orders (order_id, created_at, delivery_id, payment_id, supporting_project_id) VALUES (1157, (SELECT projects.start_date + INTERVAL 14 DAY FROM projects WHERE projects.id=31), 1, 1157, 1157);
INSERT INTO supporting_packages(id, option_list, package_count, order_id, project_package_id, supporting_project_id) VALUES (1157, '["파김치"]', 3, 1157, 31, 1157);
INSERT INTO supporting_projects(supporting_project_id, supported_at, delivery_id, payment_id, project_id, user_id) VALUES (1158, (SELECT projects.start_date + INTERVAL 10 DAY FROM projects WHERE projects.id=31), 1158, 1158, 31, 13);
INSERT INTO orders (order_id, created_at, delivery_id, payment_id, supporting_project_id) VALUES (1158, (SELECT projects.start_date + INTERVAL 10 DAY FROM projects WHERE projects.id=31), 1, 1158, 1158);
INSERT INTO supporting_packages(id, option_list, package_count, order_id, project_package_id, supporting_project_id) VALUES (1158, '["배추김치"]', 6, 1158, 31, 1158);
INSERT INTO supporting_projects(supporting_project_id, supported_at, delivery_id, payment_id, project_id, user_id) VALUES (1159, (SELECT projects.start_date + INTERVAL 41 DAY FROM projects WHERE projects.id=31), 1159, 1159, 31, 28);
INSERT INTO orders (order_id, created_at, delivery_id, payment_id, supporting_project_id) VALUES (1159, (SELECT projects.start_date + INTERVAL 41 DAY FROM projects WHERE projects.id=31), 1, 1159, 1159);
INSERT INTO supporting_packages(id, option_list, package_count, order_id, project_package_id, supporting_project_id) VALUES (1159, '["파김치"]', 7, 1159, 31, 1159);
INSERT INTO supporting_projects(supporting_project_id, supported_at, delivery_id, payment_id, project_id, user_id) VALUES (1160, (SELECT projects.start_date + INTERVAL 34 DAY FROM projects WHERE projects.id=31), 1160, 1160, 31, 36);
INSERT INTO orders (order_id, created_at, delivery_id, payment_id, supporting_project_id) VALUES (1160, (SELECT projects.start_date + INTERVAL 34 DAY FROM projects WHERE projects.id=31), 1, 1160, 1160);
INSERT INTO supporting_packages(id, option_list, package_count, order_id, project_package_id, supporting_project_id) VALUES (1160, '["배추김치"]', 5, 1160, 31, 1160);
INSERT INTO supporting_projects(supporting_project_id, supported_at, delivery_id, payment_id, project_id, user_id) VALUES (1161, (SELECT projects.start_date + INTERVAL 49 DAY FROM projects WHERE projects.id=31), 1161, 1161, 31, 30);
INSERT INTO orders (order_id, created_at, delivery_id, payment_id, supporting_project_id) VALUES (1161, (SELECT projects.start_date + INTERVAL 49 DAY FROM projects WHERE projects.id=31), 1, 1161, 1161);
INSERT INTO supporting_packages(id, option_list, package_count, order_id, project_package_id, supporting_project_id) VALUES (1161, '["깍두기"]', 1, 1161, 31, 1161);
INSERT INTO supporting_projects(supporting_project_id, supported_at, delivery_id, payment_id, project_id, user_id) VALUES (1162, (SELECT projects.start_date + INTERVAL 10 DAY FROM projects WHERE projects.id=31), 1162, 1162, 31, 10);
INSERT INTO orders (order_id, created_at, delivery_id, payment_id, supporting_project_id) VALUES (1162, (SELECT projects.start_date + INTERVAL 10 DAY FROM projects WHERE projects.id=31), 1, 1162, 1162);
INSERT INTO supporting_packages(id, option_list, package_count, order_id, project_package_id, supporting_project_id) VALUES (1162, '["깍두기"]', 1, 1162, 31, 1162);
INSERT INTO supporting_projects(supporting_project_id, supported_at, delivery_id, payment_id, project_id, user_id) VALUES (1163, (SELECT projects.start_date + INTERVAL 25 DAY FROM projects WHERE projects.id=31), 1163, 1163, 31, 10);
INSERT INTO orders (order_id, created_at, delivery_id, payment_id, supporting_project_id) VALUES (1163, (SELECT projects.start_date + INTERVAL 25 DAY FROM projects WHERE projects.id=31), 1, 1163, 1163);
INSERT INTO supporting_packages(id, option_list, package_count, order_id, project_package_id, supporting_project_id) VALUES (1163, '["깍두기"]', 1, 1163, 31, 1163);
INSERT INTO supporting_projects(supporting_project_id, supported_at, delivery_id, payment_id, project_id, user_id) VALUES (1164, (SELECT projects.start_date + INTERVAL 48 DAY FROM projects WHERE projects.id=31), 1164, 1164, 31, 6);
INSERT INTO orders (order_id, created_at, delivery_id, payment_id, supporting_project_id) VALUES (1164, (SELECT projects.start_date + INTERVAL 48 DAY FROM projects WHERE projects.id=31), 1, 1164, 1164);
INSERT INTO supporting_packages(id, option_list, package_count, order_id, project_package_id, supporting_project_id) VALUES (1164, '["파김치"]', 2, 1164, 31, 1164);
INSERT INTO supporting_projects(supporting_project_id, supported_at, delivery_id, payment_id, project_id, user_id) VALUES (1165, (SELECT projects.start_date + INTERVAL 17 DAY FROM projects WHERE projects.id=31), 1165, 1165, 31, 25);
INSERT INTO orders (order_id, created_at, delivery_id, payment_id, supporting_project_id) VALUES (1165, (SELECT projects.start_date + INTERVAL 17 DAY FROM projects WHERE projects.id=31), 1, 1165, 1165);
INSERT INTO supporting_packages(id, option_list, package_count, order_id, project_package_id, supporting_project_id) VALUES (1165, '["파김치"]', 5, 1165, 31, 1165);
INSERT INTO supporting_projects(supporting_project_id, supported_at, delivery_id, payment_id, project_id, user_id) VALUES (1166, (SELECT projects.start_date + INTERVAL 40 DAY FROM projects WHERE projects.id=31), 1166, 1166, 31, 36);
INSERT INTO orders (order_id, created_at, delivery_id, payment_id, supporting_project_id) VALUES (1166, (SELECT projects.start_date + INTERVAL 40 DAY FROM projects WHERE projects.id=31), 1, 1166, 1166);
INSERT INTO supporting_packages(id, option_list, package_count, order_id, project_package_id, supporting_project_id) VALUES (1166, '["파김치"]', 1, 1166, 31, 1166);
INSERT INTO supporting_projects(supporting_project_id, supported_at, delivery_id, payment_id, project_id, user_id) VALUES (1167, (SELECT projects.start_date + INTERVAL 15 DAY FROM projects WHERE projects.id=31), 1167, 1167, 31, 22);
INSERT INTO orders (order_id, created_at, delivery_id, payment_id, supporting_project_id) VALUES (1167, (SELECT projects.start_date + INTERVAL 15 DAY FROM projects WHERE projects.id=31), 1, 1167, 1167);
INSERT INTO supporting_packages(id, option_list, package_count, order_id, project_package_id, supporting_project_id) VALUES (1167, '["깍두기"]', 10, 1167, 31, 1167);
INSERT INTO supporting_projects(supporting_project_id, supported_at, delivery_id, payment_id, project_id, user_id) VALUES (1168, (SELECT projects.start_date + INTERVAL 30 DAY FROM projects WHERE projects.id=31), 1168, 1168, 31, 1);
INSERT INTO orders (order_id, created_at, delivery_id, payment_id, supporting_project_id) VALUES (1168, (SELECT projects.start_date + INTERVAL 30 DAY FROM projects WHERE projects.id=31), 1, 1168, 1168);
INSERT INTO supporting_packages(id, option_list, package_count, order_id, project_package_id, supporting_project_id) VALUES (1168, '["배추김치"]', 6, 1168, 31, 1168);
INSERT INTO supporting_projects(supporting_project_id, supported_at, delivery_id, payment_id, project_id, user_id) VALUES (1169, (SELECT projects.start_date + INTERVAL 41 DAY FROM projects WHERE projects.id=31), 1169, 1169, 31, 8);
INSERT INTO orders (order_id, created_at, delivery_id, payment_id, supporting_project_id) VALUES (1169, (SELECT projects.start_date + INTERVAL 41 DAY FROM projects WHERE projects.id=31), 1, 1169, 1169);
INSERT INTO supporting_packages(id, option_list, package_count, order_id, project_package_id, supporting_project_id) VALUES (1169, '["파김치"]', 10, 1169, 31, 1169);
INSERT INTO supporting_projects(supporting_project_id, supported_at, delivery_id, payment_id, project_id, user_id) VALUES (1170, (SELECT projects.start_date + INTERVAL 12 DAY FROM projects WHERE projects.id=31), 1170, 1170, 31, 18);
INSERT INTO orders (order_id, created_at, delivery_id, payment_id, supporting_project_id) VALUES (1170, (SELECT projects.start_date + INTERVAL 12 DAY FROM projects WHERE projects.id=31), 1, 1170, 1170);
INSERT INTO supporting_packages(id, option_list, package_count, order_id, project_package_id, supporting_project_id) VALUES (1170, '["깍두기"]', 3, 1170, 31, 1170);
INSERT INTO supporting_projects(supporting_project_id, supported_at, delivery_id, payment_id, project_id, user_id) VALUES (1171, (SELECT projects.start_date + INTERVAL 23 DAY FROM projects WHERE projects.id=31), 1171, 1171, 31, 26);
INSERT INTO orders (order_id, created_at, delivery_id, payment_id, supporting_project_id) VALUES (1171, (SELECT projects.start_date + INTERVAL 23 DAY FROM projects WHERE projects.id=31), 1, 1171, 1171);
INSERT INTO supporting_packages(id, option_list, package_count, order_id, project_package_id, supporting_project_id) VALUES (1171, '["파김치"]', 10, 1171, 31, 1171);
INSERT INTO supporting_projects(supporting_project_id, supported_at, delivery_id, payment_id, project_id, user_id) VALUES (1172, (SELECT projects.start_date + INTERVAL 44 DAY FROM projects WHERE projects.id=31), 1172, 1172, 31, 32);
INSERT INTO orders (order_id, created_at, delivery_id, payment_id, supporting_project_id) VALUES (1172, (SELECT projects.start_date + INTERVAL 44 DAY FROM projects WHERE projects.id=31), 1, 1172, 1172);
INSERT INTO supporting_packages(id, option_list, package_count, order_id, project_package_id, supporting_project_id) VALUES (1172, '["배추김치"]', 2, 1172, 31, 1172);
INSERT INTO supporting_projects(supporting_project_id, supported_at, delivery_id, payment_id, project_id, user_id) VALUES (1173, (SELECT projects.start_date + INTERVAL 10 DAY FROM projects WHERE projects.id=31), 1173, 1173, 31, 12);
INSERT INTO orders (order_id, created_at, delivery_id, payment_id, supporting_project_id) VALUES (1173, (SELECT projects.start_date + INTERVAL 10 DAY FROM projects WHERE projects.id=31), 1, 1173, 1173);
INSERT INTO supporting_packages(id, option_list, package_count, order_id, project_package_id, supporting_project_id) VALUES (1173, '["배추김치"]', 7, 1173, 31, 1173);
INSERT INTO supporting_projects(supporting_project_id, supported_at, delivery_id, payment_id, project_id, user_id) VALUES (1174, (SELECT projects.start_date + INTERVAL 50 DAY FROM projects WHERE projects.id=31), 1174, 1174, 31, 24);
INSERT INTO orders (order_id, created_at, delivery_id, payment_id, supporting_project_id) VALUES (1174, (SELECT projects.start_date + INTERVAL 50 DAY FROM projects WHERE projects.id=31), 1, 1174, 1174);
INSERT INTO supporting_packages(id, option_list, package_count, order_id, project_package_id, supporting_project_id) VALUES (1174, '["파김치"]', 7, 1174, 31, 1174);
INSERT INTO supporting_projects(supporting_project_id, supported_at, delivery_id, payment_id, project_id, user_id) VALUES (1175, (SELECT projects.start_date + INTERVAL 28 DAY FROM projects WHERE projects.id=31), 1175, 1175, 31, 22);
INSERT INTO orders (order_id, created_at, delivery_id, payment_id, supporting_project_id) VALUES (1175, (SELECT projects.start_date + INTERVAL 28 DAY FROM projects WHERE projects.id=31), 1, 1175, 1175);
INSERT INTO supporting_packages(id, option_list, package_count, order_id, project_package_id, supporting_project_id) VALUES (1175, '["깍두기"]', 8, 1175, 31, 1175);
INSERT INTO supporting_projects(supporting_project_id, supported_at, delivery_id, payment_id, project_id, user_id) VALUES (1176, (SELECT projects.start_date + INTERVAL 31 DAY FROM projects WHERE projects.id=31), 1176, 1176, 31, 35);
INSERT INTO orders (order_id, created_at, delivery_id, payment_id, supporting_project_id) VALUES (1176, (SELECT projects.start_date + INTERVAL 31 DAY FROM projects WHERE projects.id=31), 1, 1176, 1176);
INSERT INTO supporting_packages(id, option_list, package_count, order_id, project_package_id, supporting_project_id) VALUES (1176, '["깍두기"]', 5, 1176, 31, 1176);
INSERT INTO supporting_projects(supporting_project_id, supported_at, delivery_id, payment_id, project_id, user_id) VALUES (1177, (SELECT projects.start_date + INTERVAL 26 DAY FROM projects WHERE projects.id=31), 1177, 1177, 31, 3);
INSERT INTO orders (order_id, created_at, delivery_id, payment_id, supporting_project_id) VALUES (1177, (SELECT projects.start_date + INTERVAL 26 DAY FROM projects WHERE projects.id=31), 1, 1177, 1177);
INSERT INTO supporting_packages(id, option_list, package_count, order_id, project_package_id, supporting_project_id) VALUES (1177, '["깍두기"]', 1, 1177, 31, 1177);
INSERT INTO supporting_projects(supporting_project_id, supported_at, delivery_id, payment_id, project_id, user_id) VALUES (1178, (SELECT projects.start_date + INTERVAL 19 DAY FROM projects WHERE projects.id=31), 1178, 1178, 31, 25);
INSERT INTO orders (order_id, created_at, delivery_id, payment_id, supporting_project_id) VALUES (1178, (SELECT projects.start_date + INTERVAL 19 DAY FROM projects WHERE projects.id=31), 1, 1178, 1178);
INSERT INTO supporting_packages(id, option_list, package_count, order_id, project_package_id, supporting_project_id) VALUES (1178, '["배추김치"]', 6, 1178, 31, 1178);
INSERT INTO supporting_projects(supporting_project_id, supported_at, delivery_id, payment_id, project_id, user_id) VALUES (1179, (SELECT projects.start_date + INTERVAL 40 DAY FROM projects WHERE projects.id=31), 1179, 1179, 31, 34);
INSERT INTO orders (order_id, created_at, delivery_id, payment_id, supporting_project_id) VALUES (1179, (SELECT projects.start_date + INTERVAL 40 DAY FROM projects WHERE projects.id=31), 1, 1179, 1179);
INSERT INTO supporting_packages(id, option_list, package_count, order_id, project_package_id, supporting_project_id) VALUES (1179, '["배추김치"]', 5, 1179, 31, 1179);
INSERT INTO supporting_projects(supporting_project_id, supported_at, delivery_id, payment_id, project_id, user_id) VALUES (1180, (SELECT projects.start_date + INTERVAL 28 DAY FROM projects WHERE projects.id=31), 1180, 1180, 31, 31);
INSERT INTO orders (order_id, created_at, delivery_id, payment_id, supporting_project_id) VALUES (1180, (SELECT projects.start_date + INTERVAL 28 DAY FROM projects WHERE projects.id=31), 1, 1180, 1180);
INSERT INTO supporting_packages(id, option_list, package_count, order_id, project_package_id, supporting_project_id) VALUES (1180, '["파김치"]', 5, 1180, 31, 1180);
INSERT INTO supporting_projects(supporting_project_id, supported_at, delivery_id, payment_id, project_id, user_id) VALUES (1181, (SELECT projects.start_date + INTERVAL 18 DAY FROM projects WHERE projects.id=31), 1181, 1181, 31, 9);
INSERT INTO orders (order_id, created_at, delivery_id, payment_id, supporting_project_id) VALUES (1181, (SELECT projects.start_date + INTERVAL 18 DAY FROM projects WHERE projects.id=31), 1, 1181, 1181);
INSERT INTO supporting_packages(id, option_list, package_count, order_id, project_package_id, supporting_project_id) VALUES (1181, '["배추김치"]', 3, 1181, 31, 1181);
INSERT INTO supporting_projects(supporting_project_id, supported_at, delivery_id, payment_id, project_id, user_id) VALUES (1182, (SELECT projects.start_date + INTERVAL 13 DAY FROM projects WHERE projects.id=31), 1182, 1182, 31, 30);
INSERT INTO orders (order_id, created_at, delivery_id, payment_id, supporting_project_id) VALUES (1182, (SELECT projects.start_date + INTERVAL 13 DAY FROM projects WHERE projects.id=31), 1, 1182, 1182);
INSERT INTO supporting_packages(id, option_list, package_count, order_id, project_package_id, supporting_project_id) VALUES (1182, '["배추김치"]', 5, 1182, 31, 1182);
INSERT INTO supporting_projects(supporting_project_id, supported_at, delivery_id, payment_id, project_id, user_id) VALUES (1183, (SELECT projects.start_date + INTERVAL 20 DAY FROM projects WHERE projects.id=31), 1183, 1183, 31, 27);
INSERT INTO orders (order_id, created_at, delivery_id, payment_id, supporting_project_id) VALUES (1183, (SELECT projects.start_date + INTERVAL 20 DAY FROM projects WHERE projects.id=31), 1, 1183, 1183);
INSERT INTO supporting_packages(id, option_list, package_count, order_id, project_package_id, supporting_project_id) VALUES (1183, '["깍두기"]', 4, 1183, 31, 1183);
INSERT INTO supporting_projects(supporting_project_id, supported_at, delivery_id, payment_id, project_id, user_id) VALUES (1184, (SELECT projects.start_date + INTERVAL 22 DAY FROM projects WHERE projects.id=31), 1184, 1184, 31, 35);
INSERT INTO orders (order_id, created_at, delivery_id, payment_id, supporting_project_id) VALUES (1184, (SELECT projects.start_date + INTERVAL 22 DAY FROM projects WHERE projects.id=31), 1, 1184, 1184);
INSERT INTO supporting_packages(id, option_list, package_count, order_id, project_package_id, supporting_project_id) VALUES (1184, '["깍두기"]', 8, 1184, 31, 1184);
INSERT INTO supporting_projects(supporting_project_id, supported_at, delivery_id, payment_id, project_id, user_id) VALUES (1185, (SELECT projects.start_date + INTERVAL 46 DAY FROM projects WHERE projects.id=31), 1185, 1185, 31, 36);
INSERT INTO orders (order_id, created_at, delivery_id, payment_id, supporting_project_id) VALUES (1185, (SELECT projects.start_date + INTERVAL 46 DAY FROM projects WHERE projects.id=31), 1, 1185, 1185);
INSERT INTO supporting_packages(id, option_list, package_count, order_id, project_package_id, supporting_project_id) VALUES (1185, '["깍두기"]', 6, 1185, 31, 1185);
INSERT INTO supporting_projects(supporting_project_id, supported_at, delivery_id, payment_id, project_id, user_id) VALUES (1186, (SELECT projects.start_date + INTERVAL 22 DAY FROM projects WHERE projects.id=31), 1186, 1186, 31, 40);
INSERT INTO orders (order_id, created_at, delivery_id, payment_id, supporting_project_id) VALUES (1186, (SELECT projects.start_date + INTERVAL 22 DAY FROM projects WHERE projects.id=31), 1, 1186, 1186);
INSERT INTO supporting_packages(id, option_list, package_count, order_id, project_package_id, supporting_project_id) VALUES (1186, '["깍두기"]', 4, 1186, 31, 1186);
INSERT INTO supporting_projects(supporting_project_id, supported_at, delivery_id, payment_id, project_id, user_id) VALUES (1187, (SELECT projects.start_date + INTERVAL 43 DAY FROM projects WHERE projects.id=31), 1187, 1187, 31, 14);
INSERT INTO orders (order_id, created_at, delivery_id, payment_id, supporting_project_id) VALUES (1187, (SELECT projects.start_date + INTERVAL 43 DAY FROM projects WHERE projects.id=31), 1, 1187, 1187);
INSERT INTO supporting_packages(id, option_list, package_count, order_id, project_package_id, supporting_project_id) VALUES (1187, '["배추김치"]', 4, 1187, 31, 1187);
INSERT INTO supporting_projects(supporting_project_id, supported_at, delivery_id, payment_id, project_id, user_id) VALUES (1188, (SELECT projects.start_date + INTERVAL 43 DAY FROM projects WHERE projects.id=31), 1188, 1188, 31, 8);
INSERT INTO orders (order_id, created_at, delivery_id, payment_id, supporting_project_id) VALUES (1188, (SELECT projects.start_date + INTERVAL 43 DAY FROM projects WHERE projects.id=31), 1, 1188, 1188);
INSERT INTO supporting_packages(id, option_list, package_count, order_id, project_package_id, supporting_project_id) VALUES (1188, '["파김치"]', 8, 1188, 31, 1188);
INSERT INTO supporting_projects(supporting_project_id, supported_at, delivery_id, payment_id, project_id, user_id) VALUES (1189, (SELECT projects.start_date + INTERVAL 45 DAY FROM projects WHERE projects.id=31), 1189, 1189, 31, 32);
INSERT INTO orders (order_id, created_at, delivery_id, payment_id, supporting_project_id) VALUES (1189, (SELECT projects.start_date + INTERVAL 45 DAY FROM projects WHERE projects.id=31), 1, 1189, 1189);
INSERT INTO supporting_packages(id, option_list, package_count, order_id, project_package_id, supporting_project_id) VALUES (1189, '["깍두기"]', 5, 1189, 31, 1189);
INSERT INTO supporting_projects(supporting_project_id, supported_at, delivery_id, payment_id, project_id, user_id) VALUES (1190, (SELECT projects.start_date + INTERVAL 36 DAY FROM projects WHERE projects.id=31), 1190, 1190, 31, 33);
INSERT INTO orders (order_id, created_at, delivery_id, payment_id, supporting_project_id) VALUES (1190, (SELECT projects.start_date + INTERVAL 36 DAY FROM projects WHERE projects.id=31), 1, 1190, 1190);
INSERT INTO supporting_packages(id, option_list, package_count, order_id, project_package_id, supporting_project_id) VALUES (1190, '["파김치"]', 7, 1190, 31, 1190);
INSERT INTO supporting_projects(supporting_project_id, supported_at, delivery_id, payment_id, project_id, user_id) VALUES (1191, (SELECT projects.start_date + INTERVAL 32 DAY FROM projects WHERE projects.id=31), 1191, 1191, 31, 38);
INSERT INTO orders (order_id, created_at, delivery_id, payment_id, supporting_project_id) VALUES (1191, (SELECT projects.start_date + INTERVAL 32 DAY FROM projects WHERE projects.id=31), 1, 1191, 1191);
INSERT INTO supporting_packages(id, option_list, package_count, order_id, project_package_id, supporting_project_id) VALUES (1191, '["배추김치"]', 7, 1191, 31, 1191);
INSERT INTO supporting_projects(supporting_project_id, supported_at, delivery_id, payment_id, project_id, user_id) VALUES (1192, (SELECT projects.start_date + INTERVAL 20 DAY FROM projects WHERE projects.id=31), 1192, 1192, 31, 18);
INSERT INTO orders (order_id, created_at, delivery_id, payment_id, supporting_project_id) VALUES (1192, (SELECT projects.start_date + INTERVAL 20 DAY FROM projects WHERE projects.id=31), 1, 1192, 1192);
INSERT INTO supporting_packages(id, option_list, package_count, order_id, project_package_id, supporting_project_id) VALUES (1192, '["깍두기"]', 3, 1192, 31, 1192);
INSERT INTO supporting_projects(supporting_project_id, supported_at, delivery_id, payment_id, project_id, user_id) VALUES (1193, (SELECT projects.start_date + INTERVAL 28 DAY FROM projects WHERE projects.id=31), 1193, 1193, 31, 12);
INSERT INTO orders (order_id, created_at, delivery_id, payment_id, supporting_project_id) VALUES (1193, (SELECT projects.start_date + INTERVAL 28 DAY FROM projects WHERE projects.id=31), 1, 1193, 1193);
INSERT INTO supporting_packages(id, option_list, package_count, order_id, project_package_id, supporting_project_id) VALUES (1193, '["배추김치"]', 8, 1193, 31, 1193);
INSERT INTO supporting_projects(supporting_project_id, supported_at, delivery_id, payment_id, project_id, user_id) VALUES (1194, (SELECT projects.start_date + INTERVAL 46 DAY FROM projects WHERE projects.id=31), 1194, 1194, 31, 38);
INSERT INTO orders (order_id, created_at, delivery_id, payment_id, supporting_project_id) VALUES (1194, (SELECT projects.start_date + INTERVAL 46 DAY FROM projects WHERE projects.id=31), 1, 1194, 1194);
INSERT INTO supporting_packages(id, option_list, package_count, order_id, project_package_id, supporting_project_id) VALUES (1194, '["깍두기"]', 1, 1194, 31, 1194);
INSERT INTO supporting_projects(supporting_project_id, supported_at, delivery_id, payment_id, project_id, user_id) VALUES (1195, (SELECT projects.start_date + INTERVAL 4 DAY FROM projects WHERE projects.id=31), 1195, 1195, 31, 24);
INSERT INTO orders (order_id, created_at, delivery_id, payment_id, supporting_project_id) VALUES (1195, (SELECT projects.start_date + INTERVAL 4 DAY FROM projects WHERE projects.id=31), 1, 1195, 1195);
INSERT INTO supporting_packages(id, option_list, package_count, order_id, project_package_id, supporting_project_id) VALUES (1195, '["배추김치"]', 9, 1195, 31, 1195);
INSERT INTO supporting_projects(supporting_project_id, supported_at, delivery_id, payment_id, project_id, user_id) VALUES (1196, (SELECT projects.start_date + INTERVAL 33 DAY FROM projects WHERE projects.id=31), 1196, 1196, 31, 5);
INSERT INTO orders (order_id, created_at, delivery_id, payment_id, supporting_project_id) VALUES (1196, (SELECT projects.start_date + INTERVAL 33 DAY FROM projects WHERE projects.id=31), 1, 1196, 1196);
INSERT INTO supporting_packages(id, option_list, package_count, order_id, project_package_id, supporting_project_id) VALUES (1196, '["배추김치"]', 4, 1196, 31, 1196);
INSERT INTO supporting_projects(supporting_project_id, supported_at, delivery_id, payment_id, project_id, user_id) VALUES (1197, (SELECT projects.start_date + INTERVAL 26 DAY FROM projects WHERE projects.id=31), 1197, 1197, 31, 8);
INSERT INTO orders (order_id, created_at, delivery_id, payment_id, supporting_project_id) VALUES (1197, (SELECT projects.start_date + INTERVAL 26 DAY FROM projects WHERE projects.id=31), 1, 1197, 1197);
INSERT INTO supporting_packages(id, option_list, package_count, order_id, project_package_id, supporting_project_id) VALUES (1197, '["파김치"]', 4, 1197, 31, 1197);
INSERT INTO supporting_projects(supporting_project_id, supported_at, delivery_id, payment_id, project_id, user_id) VALUES (1198, (SELECT projects.start_date + INTERVAL 10 DAY FROM projects WHERE projects.id=31), 1198, 1198, 31, 3);
INSERT INTO orders (order_id, created_at, delivery_id, payment_id, supporting_project_id) VALUES (1198, (SELECT projects.start_date + INTERVAL 10 DAY FROM projects WHERE projects.id=31), 1, 1198, 1198);
INSERT INTO supporting_packages(id, option_list, package_count, order_id, project_package_id, supporting_project_id) VALUES (1198, '["깍두기"]', 8, 1198, 31, 1198);
INSERT INTO supporting_projects(supporting_project_id, supported_at, delivery_id, payment_id, project_id, user_id) VALUES (1199, (SELECT projects.start_date + INTERVAL 47 DAY FROM projects WHERE projects.id=31), 1199, 1199, 31, 26);
INSERT INTO orders (order_id, created_at, delivery_id, payment_id, supporting_project_id) VALUES (1199, (SELECT projects.start_date + INTERVAL 47 DAY FROM projects WHERE projects.id=31), 1, 1199, 1199);
INSERT INTO supporting_packages(id, option_list, package_count, order_id, project_package_id, supporting_project_id) VALUES (1199, '["파김치"]', 3, 1199, 31, 1199);
INSERT INTO supporting_projects(supporting_project_id, supported_at, delivery_id, payment_id, project_id, user_id) VALUES (1200, (SELECT projects.start_date + INTERVAL 12 DAY FROM projects WHERE projects.id=31), 1200, 1200, 31, 33);
INSERT INTO orders (order_id, created_at, delivery_id, payment_id, supporting_project_id) VALUES (1200, (SELECT projects.start_date + INTERVAL 12 DAY FROM projects WHERE projects.id=31), 1, 1200, 1200);
INSERT INTO supporting_packages(id, option_list, package_count, order_id, project_package_id, supporting_project_id) VALUES (1200, '["깍두기"]', 10, 1200, 31, 1200);
INSERT INTO supporting_projects(supporting_project_id, supported_at, delivery_id, payment_id, project_id, user_id) VALUES (1201, (SELECT projects.start_date + INTERVAL 49 DAY FROM projects WHERE projects.id=31), 1201, 1201, 31, 27);
INSERT INTO orders (order_id, created_at, delivery_id, payment_id, supporting_project_id) VALUES (1201, (SELECT projects.start_date + INTERVAL 49 DAY FROM projects WHERE projects.id=31), 1, 1201, 1201);
INSERT INTO supporting_packages(id, option_list, package_count, order_id, project_package_id, supporting_project_id) VALUES (1201, '["배추김치"]', 1, 1201, 31, 1201);
INSERT INTO supporting_projects(supporting_project_id, supported_at, delivery_id, payment_id, project_id, user_id) VALUES (1202, (SELECT projects.start_date + INTERVAL 4 DAY FROM projects WHERE projects.id=31), 1202, 1202, 31, 19);
INSERT INTO orders (order_id, created_at, delivery_id, payment_id, supporting_project_id) VALUES (1202, (SELECT projects.start_date + INTERVAL 4 DAY FROM projects WHERE projects.id=31), 1, 1202, 1202);
INSERT INTO supporting_packages(id, option_list, package_count, order_id, project_package_id, supporting_project_id) VALUES (1202, '["파김치"]', 10, 1202, 31, 1202);
INSERT INTO supporting_projects(supporting_project_id, supported_at, delivery_id, payment_id, project_id, user_id) VALUES (1203, (SELECT projects.start_date + INTERVAL 15 DAY FROM projects WHERE projects.id=31), 1203, 1203, 31, 27);
INSERT INTO orders (order_id, created_at, delivery_id, payment_id, supporting_project_id) VALUES (1203, (SELECT projects.start_date + INTERVAL 15 DAY FROM projects WHERE projects.id=31), 1, 1203, 1203);
INSERT INTO supporting_packages(id, option_list, package_count, order_id, project_package_id, supporting_project_id) VALUES (1203, '["파김치"]', 7, 1203, 31, 1203);
INSERT INTO supporting_projects(supporting_project_id, supported_at, delivery_id, payment_id, project_id, user_id) VALUES (1204, (SELECT projects.start_date + INTERVAL 24 DAY FROM projects WHERE projects.id=31), 1204, 1204, 31, 26);
INSERT INTO orders (order_id, created_at, delivery_id, payment_id, supporting_project_id) VALUES (1204, (SELECT projects.start_date + INTERVAL 24 DAY FROM projects WHERE projects.id=31), 1, 1204, 1204);
INSERT INTO supporting_packages(id, option_list, package_count, order_id, project_package_id, supporting_project_id) VALUES (1204, '["배추김치"]', 2, 1204, 31, 1204);
INSERT INTO supporting_projects(supporting_project_id, supported_at, delivery_id, payment_id, project_id, user_id) VALUES (1205, (SELECT projects.start_date + INTERVAL 28 DAY FROM projects WHERE projects.id=31), 1205, 1205, 31, 29);
INSERT INTO orders (order_id, created_at, delivery_id, payment_id, supporting_project_id) VALUES (1205, (SELECT projects.start_date + INTERVAL 28 DAY FROM projects WHERE projects.id=31), 1, 1205, 1205);
INSERT INTO supporting_packages(id, option_list, package_count, order_id, project_package_id, supporting_project_id) VALUES (1205, '["배추김치"]', 8, 1205, 31, 1205);
INSERT INTO supporting_projects(supporting_project_id, supported_at, delivery_id, payment_id, project_id, user_id) VALUES (1206, (SELECT projects.start_date + INTERVAL 4 DAY FROM projects WHERE projects.id=31), 1206, 1206, 31, 19);
INSERT INTO orders (order_id, created_at, delivery_id, payment_id, supporting_project_id) VALUES (1206, (SELECT projects.start_date + INTERVAL 4 DAY FROM projects WHERE projects.id=31), 1, 1206, 1206);
INSERT INTO supporting_packages(id, option_list, package_count, order_id, project_package_id, supporting_project_id) VALUES (1206, '["파김치"]', 1, 1206, 31, 1206);
INSERT INTO supporting_projects(supporting_project_id, supported_at, delivery_id, payment_id, project_id, user_id) VALUES (1207, (SELECT projects.start_date + INTERVAL 38 DAY FROM projects WHERE projects.id=31), 1207, 1207, 31, 26);
INSERT INTO orders (order_id, created_at, delivery_id, payment_id, supporting_project_id) VALUES (1207, (SELECT projects.start_date + INTERVAL 38 DAY FROM projects WHERE projects.id=31), 1, 1207, 1207);
INSERT INTO supporting_packages(id, option_list, package_count, order_id, project_package_id, supporting_project_id) VALUES (1207, '["깍두기"]', 8, 1207, 31, 1207);
INSERT INTO supporting_projects(supporting_project_id, supported_at, delivery_id, payment_id, project_id, user_id) VALUES (1208, (SELECT projects.start_date + INTERVAL 42 DAY FROM projects WHERE projects.id=31), 1208, 1208, 31, 10);
INSERT INTO orders (order_id, created_at, delivery_id, payment_id, supporting_project_id) VALUES (1208, (SELECT projects.start_date + INTERVAL 42 DAY FROM projects WHERE projects.id=31), 1, 1208, 1208);
INSERT INTO supporting_packages(id, option_list, package_count, order_id, project_package_id, supporting_project_id) VALUES (1208, '["배추김치"]', 1, 1208, 31, 1208);
INSERT INTO supporting_projects(supporting_project_id, supported_at, delivery_id, payment_id, project_id, user_id) VALUES (1209, (SELECT projects.start_date + INTERVAL 26 DAY FROM projects WHERE projects.id=31), 1209, 1209, 31, 33);
INSERT INTO orders (order_id, created_at, delivery_id, payment_id, supporting_project_id) VALUES (1209, (SELECT projects.start_date + INTERVAL 26 DAY FROM projects WHERE projects.id=31), 1, 1209, 1209);
INSERT INTO supporting_packages(id, option_list, package_count, order_id, project_package_id, supporting_project_id) VALUES (1209, '["깍두기"]', 9, 1209, 31, 1209);
INSERT INTO supporting_projects(supporting_project_id, supported_at, delivery_id, payment_id, project_id, user_id) VALUES (1210, (SELECT projects.start_date + INTERVAL 2 DAY FROM projects WHERE projects.id=31), 1210, 1210, 31, 6);
INSERT INTO orders (order_id, created_at, delivery_id, payment_id, supporting_project_id) VALUES (1210, (SELECT projects.start_date + INTERVAL 2 DAY FROM projects WHERE projects.id=31), 1, 1210, 1210);
INSERT INTO supporting_packages(id, option_list, package_count, order_id, project_package_id, supporting_project_id) VALUES (1210, '["파김치"]', 4, 1210, 31, 1210);
INSERT INTO supporting_projects(supporting_project_id, supported_at, delivery_id, payment_id, project_id, user_id) VALUES (1211, (SELECT projects.start_date + INTERVAL 13 DAY FROM projects WHERE projects.id=31), 1211, 1211, 31, 22);
INSERT INTO orders (order_id, created_at, delivery_id, payment_id, supporting_project_id) VALUES (1211, (SELECT projects.start_date + INTERVAL 13 DAY FROM projects WHERE projects.id=31), 1, 1211, 1211);
INSERT INTO supporting_packages(id, option_list, package_count, order_id, project_package_id, supporting_project_id) VALUES (1211, '["깍두기"]', 8, 1211, 31, 1211);
INSERT INTO supporting_projects(supporting_project_id, supported_at, delivery_id, payment_id, project_id, user_id) VALUES (1212, (SELECT projects.start_date + INTERVAL 50 DAY FROM projects WHERE projects.id=31), 1212, 1212, 31, 10);
INSERT INTO orders (order_id, created_at, delivery_id, payment_id, supporting_project_id) VALUES (1212, (SELECT projects.start_date + INTERVAL 50 DAY FROM projects WHERE projects.id=31), 1, 1212, 1212);
INSERT INTO supporting_packages(id, option_list, package_count, order_id, project_package_id, supporting_project_id) VALUES (1212, '["깍두기"]', 10, 1212, 31, 1212);
INSERT INTO supporting_projects(supporting_project_id, supported_at, delivery_id, payment_id, project_id, user_id) VALUES (1213, (SELECT projects.start_date + INTERVAL 29 DAY FROM projects WHERE projects.id=31), 1213, 1213, 31, 19);
INSERT INTO orders (order_id, created_at, delivery_id, payment_id, supporting_project_id) VALUES (1213, (SELECT projects.start_date + INTERVAL 29 DAY FROM projects WHERE projects.id=31), 1, 1213, 1213);
INSERT INTO supporting_packages(id, option_list, package_count, order_id, project_package_id, supporting_project_id) VALUES (1213, '["파김치"]', 3, 1213, 31, 1213);
INSERT INTO supporting_projects(supporting_project_id, supported_at, delivery_id, payment_id, project_id, user_id) VALUES (1214, (SELECT projects.start_date + INTERVAL 5 DAY FROM projects WHERE projects.id=31), 1214, 1214, 31, 21);
INSERT INTO orders (order_id, created_at, delivery_id, payment_id, supporting_project_id) VALUES (1214, (SELECT projects.start_date + INTERVAL 5 DAY FROM projects WHERE projects.id=31), 1, 1214, 1214);
INSERT INTO supporting_packages(id, option_list, package_count, order_id, project_package_id, supporting_project_id) VALUES (1214, '["깍두기"]', 4, 1214, 31, 1214);
INSERT INTO supporting_projects(supporting_project_id, supported_at, delivery_id, payment_id, project_id, user_id) VALUES (1215, (SELECT projects.start_date + INTERVAL 6 DAY FROM projects WHERE projects.id=31), 1215, 1215, 31, 4);
INSERT INTO orders (order_id, created_at, delivery_id, payment_id, supporting_project_id) VALUES (1215, (SELECT projects.start_date + INTERVAL 6 DAY FROM projects WHERE projects.id=31), 1, 1215, 1215);
INSERT INTO supporting_packages(id, option_list, package_count, order_id, project_package_id, supporting_project_id) VALUES (1215, '["파김치"]', 4, 1215, 31, 1215);
INSERT INTO supporting_projects(supporting_project_id, supported_at, delivery_id, payment_id, project_id, user_id) VALUES (1216, (SELECT projects.start_date + INTERVAL 7 DAY FROM projects WHERE projects.id=31), 1216, 1216, 31, 18);
INSERT INTO orders (order_id, created_at, delivery_id, payment_id, supporting_project_id) VALUES (1216, (SELECT projects.start_date + INTERVAL 7 DAY FROM projects WHERE projects.id=31), 1, 1216, 1216);
INSERT INTO supporting_packages(id, option_list, package_count, order_id, project_package_id, supporting_project_id) VALUES (1216, '["깍두기"]', 5, 1216, 31, 1216);
INSERT INTO supporting_projects(supporting_project_id, supported_at, delivery_id, payment_id, project_id, user_id) VALUES (1217, (SELECT projects.start_date + INTERVAL 5 DAY FROM projects WHERE projects.id=31), 1217, 1217, 31, 1);
INSERT INTO orders (order_id, created_at, delivery_id, payment_id, supporting_project_id) VALUES (1217, (SELECT projects.start_date + INTERVAL 5 DAY FROM projects WHERE projects.id=31), 1, 1217, 1217);
INSERT INTO supporting_packages(id, option_list, package_count, order_id, project_package_id, supporting_project_id) VALUES (1217, '["배추김치"]', 4, 1217, 31, 1217);
INSERT INTO supporting_projects(supporting_project_id, supported_at, delivery_id, payment_id, project_id, user_id) VALUES (1218, (SELECT projects.start_date + INTERVAL 21 DAY FROM projects WHERE projects.id=31), 1218, 1218, 31, 39);
INSERT INTO orders (order_id, created_at, delivery_id, payment_id, supporting_project_id) VALUES (1218, (SELECT projects.start_date + INTERVAL 21 DAY FROM projects WHERE projects.id=31), 1, 1218, 1218);
INSERT INTO supporting_packages(id, option_list, package_count, order_id, project_package_id, supporting_project_id) VALUES (1218, '["깍두기"]', 8, 1218, 31, 1218);
INSERT INTO supporting_projects(supporting_project_id, supported_at, delivery_id, payment_id, project_id, user_id) VALUES (1219, (SELECT projects.start_date + INTERVAL 39 DAY FROM projects WHERE projects.id=31), 1219, 1219, 31, 18);
INSERT INTO orders (order_id, created_at, delivery_id, payment_id, supporting_project_id) VALUES (1219, (SELECT projects.start_date + INTERVAL 39 DAY FROM projects WHERE projects.id=31), 1, 1219, 1219);
INSERT INTO supporting_packages(id, option_list, package_count, order_id, project_package_id, supporting_project_id) VALUES (1219, '["배추김치"]', 9, 1219, 31, 1219);
INSERT INTO supporting_projects(supporting_project_id, supported_at, delivery_id, payment_id, project_id, user_id) VALUES (1220, (SELECT projects.start_date + INTERVAL 24 DAY FROM projects WHERE projects.id=31), 1220, 1220, 31, 7);
INSERT INTO orders (order_id, created_at, delivery_id, payment_id, supporting_project_id) VALUES (1220, (SELECT projects.start_date + INTERVAL 24 DAY FROM projects WHERE projects.id=31), 1, 1220, 1220);
INSERT INTO supporting_packages(id, option_list, package_count, order_id, project_package_id, supporting_project_id) VALUES (1220, '["파김치"]', 4, 1220, 31, 1220);
INSERT INTO supporting_projects(supporting_project_id, supported_at, delivery_id, payment_id, project_id, user_id) VALUES (1221, (SELECT projects.start_date + INTERVAL 25 DAY FROM projects WHERE projects.id=31), 1221, 1221, 31, 17);
INSERT INTO orders (order_id, created_at, delivery_id, payment_id, supporting_project_id) VALUES (1221, (SELECT projects.start_date + INTERVAL 25 DAY FROM projects WHERE projects.id=31), 1, 1221, 1221);
INSERT INTO supporting_packages(id, option_list, package_count, order_id, project_package_id, supporting_project_id) VALUES (1221, '["파김치"]', 1, 1221, 31, 1221);
INSERT INTO supporting_projects(supporting_project_id, supported_at, delivery_id, payment_id, project_id, user_id) VALUES (1222, (SELECT projects.start_date + INTERVAL 29 DAY FROM projects WHERE projects.id=31), 1222, 1222, 31, 18);
INSERT INTO orders (order_id, created_at, delivery_id, payment_id, supporting_project_id) VALUES (1222, (SELECT projects.start_date + INTERVAL 29 DAY FROM projects WHERE projects.id=31), 1, 1222, 1222);
INSERT INTO supporting_packages(id, option_list, package_count, order_id, project_package_id, supporting_project_id) VALUES (1222, '["배추김치"]', 1, 1222, 31, 1222);
INSERT INTO supporting_projects(supporting_project_id, supported_at, delivery_id, payment_id, project_id, user_id) VALUES (1223, (SELECT projects.start_date + INTERVAL 29 DAY FROM projects WHERE projects.id=31), 1223, 1223, 31, 33);
INSERT INTO orders (order_id, created_at, delivery_id, payment_id, supporting_project_id) VALUES (1223, (SELECT projects.start_date + INTERVAL 29 DAY FROM projects WHERE projects.id=31), 1, 1223, 1223);
INSERT INTO supporting_packages(id, option_list, package_count, order_id, project_package_id, supporting_project_id) VALUES (1223, '["파김치"]', 9, 1223, 31, 1223);
INSERT INTO supporting_projects(supporting_project_id, supported_at, delivery_id, payment_id, project_id, user_id) VALUES (1224, (SELECT projects.start_date + INTERVAL 21 DAY FROM projects WHERE projects.id=31), 1224, 1224, 31, 13);
INSERT INTO orders (order_id, created_at, delivery_id, payment_id, supporting_project_id) VALUES (1224, (SELECT projects.start_date + INTERVAL 21 DAY FROM projects WHERE projects.id=31), 1, 1224, 1224);
INSERT INTO supporting_packages(id, option_list, package_count, order_id, project_package_id, supporting_project_id) VALUES (1224, '["깍두기"]', 3, 1224, 31, 1224);
INSERT INTO supporting_projects(supporting_project_id, supported_at, delivery_id, payment_id, project_id, user_id) VALUES (1225, (SELECT projects.start_date + INTERVAL 46 DAY FROM projects WHERE projects.id=31), 1225, 1225, 31, 25);
INSERT INTO orders (order_id, created_at, delivery_id, payment_id, supporting_project_id) VALUES (1225, (SELECT projects.start_date + INTERVAL 46 DAY FROM projects WHERE projects.id=31), 1, 1225, 1225);
INSERT INTO supporting_packages(id, option_list, package_count, order_id, project_package_id, supporting_project_id) VALUES (1225, '["배추김치"]', 10, 1225, 31, 1225);
INSERT INTO supporting_projects(supporting_project_id, supported_at, delivery_id, payment_id, project_id, user_id) VALUES (1226, (SELECT projects.start_date + INTERVAL 10 DAY FROM projects WHERE projects.id=31), 1226, 1226, 31, 3);
INSERT INTO orders (order_id, created_at, delivery_id, payment_id, supporting_project_id) VALUES (1226, (SELECT projects.start_date + INTERVAL 10 DAY FROM projects WHERE projects.id=31), 1, 1226, 1226);
INSERT INTO supporting_packages(id, option_list, package_count, order_id, project_package_id, supporting_project_id) VALUES (1226, '["배추김치"]', 2, 1226, 31, 1226);
INSERT INTO supporting_projects(supporting_project_id, supported_at, delivery_id, payment_id, project_id, user_id) VALUES (1227, (SELECT projects.start_date + INTERVAL 10 DAY FROM projects WHERE projects.id=31), 1227, 1227, 31, 7);
INSERT INTO orders (order_id, created_at, delivery_id, payment_id, supporting_project_id) VALUES (1227, (SELECT projects.start_date + INTERVAL 10 DAY FROM projects WHERE projects.id=31), 1, 1227, 1227);
INSERT INTO supporting_packages(id, option_list, package_count, order_id, project_package_id, supporting_project_id) VALUES (1227, '["깍두기"]', 7, 1227, 31, 1227);
INSERT INTO supporting_projects(supporting_project_id, supported_at, delivery_id, payment_id, project_id, user_id) VALUES (1228, (SELECT projects.start_date + INTERVAL 17 DAY FROM projects WHERE projects.id=31), 1228, 1228, 31, 16);
INSERT INTO orders (order_id, created_at, delivery_id, payment_id, supporting_project_id) VALUES (1228, (SELECT projects.start_date + INTERVAL 17 DAY FROM projects WHERE projects.id=31), 1, 1228, 1228);
INSERT INTO supporting_packages(id, option_list, package_count, order_id, project_package_id, supporting_project_id) VALUES (1228, '["깍두기"]', 4, 1228, 31, 1228);
INSERT INTO supporting_projects(supporting_project_id, supported_at, delivery_id, payment_id, project_id, user_id) VALUES (1229, (SELECT projects.start_date + INTERVAL 21 DAY FROM projects WHERE projects.id=31), 1229, 1229, 31, 39);
INSERT INTO orders (order_id, created_at, delivery_id, payment_id, supporting_project_id) VALUES (1229, (SELECT projects.start_date + INTERVAL 21 DAY FROM projects WHERE projects.id=31), 1, 1229, 1229);
INSERT INTO supporting_packages(id, option_list, package_count, order_id, project_package_id, supporting_project_id) VALUES (1229, '["파김치"]', 10, 1229, 31, 1229);
INSERT INTO supporting_projects(supporting_project_id, supported_at, delivery_id, payment_id, project_id, user_id) VALUES (1230, (SELECT projects.start_date + INTERVAL 27 DAY FROM projects WHERE projects.id=31), 1230, 1230, 31, 19);
INSERT INTO orders (order_id, created_at, delivery_id, payment_id, supporting_project_id) VALUES (1230, (SELECT projects.start_date + INTERVAL 27 DAY FROM projects WHERE projects.id=31), 1, 1230, 1230);
INSERT INTO supporting_packages(id, option_list, package_count, order_id, project_package_id, supporting_project_id) VALUES (1230, '["깍두기"]', 7, 1230, 31, 1230);
INSERT INTO supporting_projects(supporting_project_id, supported_at, delivery_id, payment_id, project_id, user_id) VALUES (1231, (SELECT projects.start_date + INTERVAL 28 DAY FROM projects WHERE projects.id=31), 1231, 1231, 31, 12);
INSERT INTO orders (order_id, created_at, delivery_id, payment_id, supporting_project_id) VALUES (1231, (SELECT projects.start_date + INTERVAL 28 DAY FROM projects WHERE projects.id=31), 1, 1231, 1231);
INSERT INTO supporting_packages(id, option_list, package_count, order_id, project_package_id, supporting_project_id) VALUES (1231, '["파김치"]', 7, 1231, 31, 1231);
INSERT INTO supporting_projects(supporting_project_id, supported_at, delivery_id, payment_id, project_id, user_id) VALUES (1232, (SELECT projects.start_date + INTERVAL 27 DAY FROM projects WHERE projects.id=31), 1232, 1232, 31, 11);
INSERT INTO orders (order_id, created_at, delivery_id, payment_id, supporting_project_id) VALUES (1232, (SELECT projects.start_date + INTERVAL 27 DAY FROM projects WHERE projects.id=31), 1, 1232, 1232);
INSERT INTO supporting_packages(id, option_list, package_count, order_id, project_package_id, supporting_project_id) VALUES (1232, '["파김치"]', 5, 1232, 31, 1232);
INSERT INTO supporting_projects(supporting_project_id, supported_at, delivery_id, payment_id, project_id, user_id) VALUES (1233, (SELECT projects.start_date + INTERVAL 47 DAY FROM projects WHERE projects.id=31), 1233, 1233, 31, 38);
INSERT INTO orders (order_id, created_at, delivery_id, payment_id, supporting_project_id) VALUES (1233, (SELECT projects.start_date + INTERVAL 47 DAY FROM projects WHERE projects.id=31), 1, 1233, 1233);
INSERT INTO supporting_packages(id, option_list, package_count, order_id, project_package_id, supporting_project_id) VALUES (1233, '["파김치"]', 10, 1233, 31, 1233);
INSERT INTO supporting_projects(supporting_project_id, supported_at, delivery_id, payment_id, project_id, user_id) VALUES (1234, (SELECT projects.start_date + INTERVAL 45 DAY FROM projects WHERE projects.id=31), 1234, 1234, 31, 28);
INSERT INTO orders (order_id, created_at, delivery_id, payment_id, supporting_project_id) VALUES (1234, (SELECT projects.start_date + INTERVAL 45 DAY FROM projects WHERE projects.id=31), 1, 1234, 1234);
INSERT INTO supporting_packages(id, option_list, package_count, order_id, project_package_id, supporting_project_id) VALUES (1234, '["파김치"]', 8, 1234, 31, 1234);
INSERT INTO supporting_projects(supporting_project_id, supported_at, delivery_id, payment_id, project_id, user_id) VALUES (1235, (SELECT projects.start_date + INTERVAL 24 DAY FROM projects WHERE projects.id=31), 1235, 1235, 31, 28);
INSERT INTO orders (order_id, created_at, delivery_id, payment_id, supporting_project_id) VALUES (1235, (SELECT projects.start_date + INTERVAL 24 DAY FROM projects WHERE projects.id=31), 1, 1235, 1235);
INSERT INTO supporting_packages(id, option_list, package_count, order_id, project_package_id, supporting_project_id) VALUES (1235, '["파김치"]', 10, 1235, 31, 1235);
INSERT INTO supporting_projects(supporting_project_id, supported_at, delivery_id, payment_id, project_id, user_id) VALUES (1236, (SELECT projects.start_date + INTERVAL 12 DAY FROM projects WHERE projects.id=31), 1236, 1236, 31, 23);
INSERT INTO orders (order_id, created_at, delivery_id, payment_id, supporting_project_id) VALUES (1236, (SELECT projects.start_date + INTERVAL 12 DAY FROM projects WHERE projects.id=31), 1, 1236, 1236);
INSERT INTO supporting_packages(id, option_list, package_count, order_id, project_package_id, supporting_project_id) VALUES (1236, '["파김치"]', 1, 1236, 31, 1236);
INSERT INTO supporting_projects(supporting_project_id, supported_at, delivery_id, payment_id, project_id, user_id) VALUES (1237, (SELECT projects.start_date + INTERVAL 37 DAY FROM projects WHERE projects.id=31), 1237, 1237, 31, 21);
INSERT INTO orders (order_id, created_at, delivery_id, payment_id, supporting_project_id) VALUES (1237, (SELECT projects.start_date + INTERVAL 37 DAY FROM projects WHERE projects.id=31), 1, 1237, 1237);
INSERT INTO supporting_packages(id, option_list, package_count, order_id, project_package_id, supporting_project_id) VALUES (1237, '["깍두기"]', 10, 1237, 31, 1237);
INSERT INTO supporting_projects(supporting_project_id, supported_at, delivery_id, payment_id, project_id, user_id) VALUES (1238, (SELECT projects.start_date + INTERVAL 42 DAY FROM projects WHERE projects.id=31), 1238, 1238, 31, 4);
INSERT INTO orders (order_id, created_at, delivery_id, payment_id, supporting_project_id) VALUES (1238, (SELECT projects.start_date + INTERVAL 42 DAY FROM projects WHERE projects.id=31), 1, 1238, 1238);
INSERT INTO supporting_packages(id, option_list, package_count, order_id, project_package_id, supporting_project_id) VALUES (1238, '["파김치"]', 9, 1238, 31, 1238);
INSERT INTO supporting_projects(supporting_project_id, supported_at, delivery_id, payment_id, project_id, user_id) VALUES (1239, (SELECT projects.start_date + INTERVAL 42 DAY FROM projects WHERE projects.id=31), 1239, 1239, 31, 25);
INSERT INTO orders (order_id, created_at, delivery_id, payment_id, supporting_project_id) VALUES (1239, (SELECT projects.start_date + INTERVAL 42 DAY FROM projects WHERE projects.id=31), 1, 1239, 1239);
INSERT INTO supporting_packages(id, option_list, package_count, order_id, project_package_id, supporting_project_id) VALUES (1239, '["깍두기"]', 10, 1239, 31, 1239);
INSERT INTO supporting_projects(supporting_project_id, supported_at, delivery_id, payment_id, project_id, user_id) VALUES (1240, (SELECT projects.start_date + INTERVAL 36 DAY FROM projects WHERE projects.id=32), 1240, 1240, 32, 31);
INSERT INTO orders (order_id, created_at, delivery_id, payment_id, supporting_project_id) VALUES (1240, (SELECT projects.start_date + INTERVAL 36 DAY FROM projects WHERE projects.id=32), 1, 1240, 1240);
INSERT INTO supporting_packages(id, option_list, package_count, order_id, project_package_id, supporting_project_id) VALUES (1240, '["프로페셔널 클래스"]', 9, 1240, 32, 1240);
INSERT INTO supporting_projects(supporting_project_id, supported_at, delivery_id, payment_id, project_id, user_id) VALUES (1241, (SELECT projects.start_date + INTERVAL 21 DAY FROM projects WHERE projects.id=32), 1241, 1241, 32, 7);
INSERT INTO orders (order_id, created_at, delivery_id, payment_id, supporting_project_id) VALUES (1241, (SELECT projects.start_date + INTERVAL 21 DAY FROM projects WHERE projects.id=32), 1, 1241, 1241);
INSERT INTO supporting_packages(id, option_list, package_count, order_id, project_package_id, supporting_project_id) VALUES (1241, '["원데이클래스"]', 9, 1241, 32, 1241);
INSERT INTO supporting_projects(supporting_project_id, supported_at, delivery_id, payment_id, project_id, user_id) VALUES (1242, (SELECT projects.start_date + INTERVAL 5 DAY FROM projects WHERE projects.id=32), 1242, 1242, 32, 25);
INSERT INTO orders (order_id, created_at, delivery_id, payment_id, supporting_project_id) VALUES (1242, (SELECT projects.start_date + INTERVAL 5 DAY FROM projects WHERE projects.id=32), 1, 1242, 1242);
INSERT INTO supporting_packages(id, option_list, package_count, order_id, project_package_id, supporting_project_id) VALUES (1242, '["중급 클래스"]', 6, 1242, 32, 1242);
INSERT INTO supporting_projects(supporting_project_id, supported_at, delivery_id, payment_id, project_id, user_id) VALUES (1243, (SELECT projects.start_date + INTERVAL 9 DAY FROM projects WHERE projects.id=32), 1243, 1243, 32, 21);
INSERT INTO orders (order_id, created_at, delivery_id, payment_id, supporting_project_id) VALUES (1243, (SELECT projects.start_date + INTERVAL 9 DAY FROM projects WHERE projects.id=32), 1, 1243, 1243);
INSERT INTO supporting_packages(id, option_list, package_count, order_id, project_package_id, supporting_project_id) VALUES (1243, '["중급 클래스"]', 7, 1243, 32, 1243);
INSERT INTO supporting_projects(supporting_project_id, supported_at, delivery_id, payment_id, project_id, user_id) VALUES (1244, (SELECT projects.start_date + INTERVAL 16 DAY FROM projects WHERE projects.id=32), 1244, 1244, 32, 30);
INSERT INTO orders (order_id, created_at, delivery_id, payment_id, supporting_project_id) VALUES (1244, (SELECT projects.start_date + INTERVAL 16 DAY FROM projects WHERE projects.id=32), 1, 1244, 1244);
INSERT INTO supporting_packages(id, option_list, package_count, order_id, project_package_id, supporting_project_id) VALUES (1244, '["중급 클래스"]', 10, 1244, 32, 1244);
INSERT INTO supporting_projects(supporting_project_id, supported_at, delivery_id, payment_id, project_id, user_id) VALUES (1245, (SELECT projects.start_date + INTERVAL 16 DAY FROM projects WHERE projects.id=32), 1245, 1245, 32, 40);
INSERT INTO orders (order_id, created_at, delivery_id, payment_id, supporting_project_id) VALUES (1245, (SELECT projects.start_date + INTERVAL 16 DAY FROM projects WHERE projects.id=32), 1, 1245, 1245);
INSERT INTO supporting_packages(id, option_list, package_count, order_id, project_package_id, supporting_project_id) VALUES (1245, '["원데이클래스"]', 10, 1245, 32, 1245);
INSERT INTO supporting_projects(supporting_project_id, supported_at, delivery_id, payment_id, project_id, user_id) VALUES (1246, (SELECT projects.start_date + INTERVAL 14 DAY FROM projects WHERE projects.id=32), 1246, 1246, 32, 21);
INSERT INTO orders (order_id, created_at, delivery_id, payment_id, supporting_project_id) VALUES (1246, (SELECT projects.start_date + INTERVAL 14 DAY FROM projects WHERE projects.id=32), 1, 1246, 1246);
INSERT INTO supporting_packages(id, option_list, package_count, order_id, project_package_id, supporting_project_id) VALUES (1246, '["프로페셔널 클래스"]', 4, 1246, 32, 1246);
INSERT INTO supporting_projects(supporting_project_id, supported_at, delivery_id, payment_id, project_id, user_id) VALUES (1247, (SELECT projects.start_date + INTERVAL 26 DAY FROM projects WHERE projects.id=32), 1247, 1247, 32, 37);
INSERT INTO orders (order_id, created_at, delivery_id, payment_id, supporting_project_id) VALUES (1247, (SELECT projects.start_date + INTERVAL 26 DAY FROM projects WHERE projects.id=32), 1, 1247, 1247);
INSERT INTO supporting_packages(id, option_list, package_count, order_id, project_package_id, supporting_project_id) VALUES (1247, '["중급 클래스"]', 9, 1247, 32, 1247);
INSERT INTO supporting_projects(supporting_project_id, supported_at, delivery_id, payment_id, project_id, user_id) VALUES (1248, (SELECT projects.start_date + INTERVAL 28 DAY FROM projects WHERE projects.id=32), 1248, 1248, 32, 4);
INSERT INTO orders (order_id, created_at, delivery_id, payment_id, supporting_project_id) VALUES (1248, (SELECT projects.start_date + INTERVAL 28 DAY FROM projects WHERE projects.id=32), 1, 1248, 1248);
INSERT INTO supporting_packages(id, option_list, package_count, order_id, project_package_id, supporting_project_id) VALUES (1248, '["프로페셔널 클래스"]', 7, 1248, 32, 1248);
INSERT INTO supporting_projects(supporting_project_id, supported_at, delivery_id, payment_id, project_id, user_id) VALUES (1249, (SELECT projects.start_date + INTERVAL 2 DAY FROM projects WHERE projects.id=32), 1249, 1249, 32, 30);
INSERT INTO orders (order_id, created_at, delivery_id, payment_id, supporting_project_id) VALUES (1249, (SELECT projects.start_date + INTERVAL 2 DAY FROM projects WHERE projects.id=32), 1, 1249, 1249);
INSERT INTO supporting_packages(id, option_list, package_count, order_id, project_package_id, supporting_project_id) VALUES (1249, '["프로페셔널 클래스"]', 10, 1249, 32, 1249);
INSERT INTO supporting_projects(supporting_project_id, supported_at, delivery_id, payment_id, project_id, user_id) VALUES (1250, (SELECT projects.start_date + INTERVAL 50 DAY FROM projects WHERE projects.id=32), 1250, 1250, 32, 36);
INSERT INTO orders (order_id, created_at, delivery_id, payment_id, supporting_project_id) VALUES (1250, (SELECT projects.start_date + INTERVAL 50 DAY FROM projects WHERE projects.id=32), 1, 1250, 1250);
INSERT INTO supporting_packages(id, option_list, package_count, order_id, project_package_id, supporting_project_id) VALUES (1250, '["원데이클래스"]', 4, 1250, 32, 1250);
INSERT INTO supporting_projects(supporting_project_id, supported_at, delivery_id, payment_id, project_id, user_id) VALUES (1251, (SELECT projects.start_date + INTERVAL 50 DAY FROM projects WHERE projects.id=32), 1251, 1251, 32, 2);
INSERT INTO orders (order_id, created_at, delivery_id, payment_id, supporting_project_id) VALUES (1251, (SELECT projects.start_date + INTERVAL 50 DAY FROM projects WHERE projects.id=32), 1, 1251, 1251);
INSERT INTO supporting_packages(id, option_list, package_count, order_id, project_package_id, supporting_project_id) VALUES (1251, '["프로페셔널 클래스"]', 6, 1251, 32, 1251);
INSERT INTO supporting_projects(supporting_project_id, supported_at, delivery_id, payment_id, project_id, user_id) VALUES (1252, (SELECT projects.start_date + INTERVAL 49 DAY FROM projects WHERE projects.id=32), 1252, 1252, 32, 8);
INSERT INTO orders (order_id, created_at, delivery_id, payment_id, supporting_project_id) VALUES (1252, (SELECT projects.start_date + INTERVAL 49 DAY FROM projects WHERE projects.id=32), 1, 1252, 1252);
INSERT INTO supporting_packages(id, option_list, package_count, order_id, project_package_id, supporting_project_id) VALUES (1252, '["중급 클래스"]', 10, 1252, 32, 1252);
INSERT INTO supporting_projects(supporting_project_id, supported_at, delivery_id, payment_id, project_id, user_id) VALUES (1253, (SELECT projects.start_date + INTERVAL 5 DAY FROM projects WHERE projects.id=32), 1253, 1253, 32, 12);
INSERT INTO orders (order_id, created_at, delivery_id, payment_id, supporting_project_id) VALUES (1253, (SELECT projects.start_date + INTERVAL 5 DAY FROM projects WHERE projects.id=32), 1, 1253, 1253);
INSERT INTO supporting_packages(id, option_list, package_count, order_id, project_package_id, supporting_project_id) VALUES (1253, '["프로페셔널 클래스"]', 6, 1253, 32, 1253);
INSERT INTO supporting_projects(supporting_project_id, supported_at, delivery_id, payment_id, project_id, user_id) VALUES (1254, (SELECT projects.start_date + INTERVAL 25 DAY FROM projects WHERE projects.id=32), 1254, 1254, 32, 30);
INSERT INTO orders (order_id, created_at, delivery_id, payment_id, supporting_project_id) VALUES (1254, (SELECT projects.start_date + INTERVAL 25 DAY FROM projects WHERE projects.id=32), 1, 1254, 1254);
INSERT INTO supporting_packages(id, option_list, package_count, order_id, project_package_id, supporting_project_id) VALUES (1254, '["프로페셔널 클래스"]', 1, 1254, 32, 1254);
INSERT INTO supporting_projects(supporting_project_id, supported_at, delivery_id, payment_id, project_id, user_id) VALUES (1255, (SELECT projects.start_date + INTERVAL 43 DAY FROM projects WHERE projects.id=32), 1255, 1255, 32, 15);
INSERT INTO orders (order_id, created_at, delivery_id, payment_id, supporting_project_id) VALUES (1255, (SELECT projects.start_date + INTERVAL 43 DAY FROM projects WHERE projects.id=32), 1, 1255, 1255);
INSERT INTO supporting_packages(id, option_list, package_count, order_id, project_package_id, supporting_project_id) VALUES (1255, '["프로페셔널 클래스"]', 10, 1255, 32, 1255);
INSERT INTO supporting_projects(supporting_project_id, supported_at, delivery_id, payment_id, project_id, user_id) VALUES (1256, (SELECT projects.start_date + INTERVAL 15 DAY FROM projects WHERE projects.id=32), 1256, 1256, 32, 31);
INSERT INTO orders (order_id, created_at, delivery_id, payment_id, supporting_project_id) VALUES (1256, (SELECT projects.start_date + INTERVAL 15 DAY FROM projects WHERE projects.id=32), 1, 1256, 1256);
INSERT INTO supporting_packages(id, option_list, package_count, order_id, project_package_id, supporting_project_id) VALUES (1256, '["중급 클래스"]', 8, 1256, 32, 1256);
INSERT INTO supporting_projects(supporting_project_id, supported_at, delivery_id, payment_id, project_id, user_id) VALUES (1257, (SELECT projects.start_date + INTERVAL 28 DAY FROM projects WHERE projects.id=32), 1257, 1257, 32, 40);
INSERT INTO orders (order_id, created_at, delivery_id, payment_id, supporting_project_id) VALUES (1257, (SELECT projects.start_date + INTERVAL 28 DAY FROM projects WHERE projects.id=32), 1, 1257, 1257);
INSERT INTO supporting_packages(id, option_list, package_count, order_id, project_package_id, supporting_project_id) VALUES (1257, '["원데이클래스"]', 1, 1257, 32, 1257);
INSERT INTO supporting_projects(supporting_project_id, supported_at, delivery_id, payment_id, project_id, user_id) VALUES (1258, (SELECT projects.start_date + INTERVAL 27 DAY FROM projects WHERE projects.id=32), 1258, 1258, 32, 31);
INSERT INTO orders (order_id, created_at, delivery_id, payment_id, supporting_project_id) VALUES (1258, (SELECT projects.start_date + INTERVAL 27 DAY FROM projects WHERE projects.id=32), 1, 1258, 1258);
INSERT INTO supporting_packages(id, option_list, package_count, order_id, project_package_id, supporting_project_id) VALUES (1258, '["중급 클래스"]', 5, 1258, 32, 1258);
INSERT INTO supporting_projects(supporting_project_id, supported_at, delivery_id, payment_id, project_id, user_id) VALUES (1259, (SELECT projects.start_date + INTERVAL 27 DAY FROM projects WHERE projects.id=32), 1259, 1259, 32, 14);
INSERT INTO orders (order_id, created_at, delivery_id, payment_id, supporting_project_id) VALUES (1259, (SELECT projects.start_date + INTERVAL 27 DAY FROM projects WHERE projects.id=32), 1, 1259, 1259);
INSERT INTO supporting_packages(id, option_list, package_count, order_id, project_package_id, supporting_project_id) VALUES (1259, '["원데이클래스"]', 4, 1259, 32, 1259);
INSERT INTO supporting_projects(supporting_project_id, supported_at, delivery_id, payment_id, project_id, user_id) VALUES (1260, (SELECT projects.start_date + INTERVAL 42 DAY FROM projects WHERE projects.id=32), 1260, 1260, 32, 26);
INSERT INTO orders (order_id, created_at, delivery_id, payment_id, supporting_project_id) VALUES (1260, (SELECT projects.start_date + INTERVAL 42 DAY FROM projects WHERE projects.id=32), 1, 1260, 1260);
INSERT INTO supporting_packages(id, option_list, package_count, order_id, project_package_id, supporting_project_id) VALUES (1260, '["중급 클래스"]', 6, 1260, 32, 1260);
INSERT INTO supporting_projects(supporting_project_id, supported_at, delivery_id, payment_id, project_id, user_id) VALUES (1261, (SELECT projects.start_date + INTERVAL 37 DAY FROM projects WHERE projects.id=32), 1261, 1261, 32, 15);
INSERT INTO orders (order_id, created_at, delivery_id, payment_id, supporting_project_id) VALUES (1261, (SELECT projects.start_date + INTERVAL 37 DAY FROM projects WHERE projects.id=32), 1, 1261, 1261);
INSERT INTO supporting_packages(id, option_list, package_count, order_id, project_package_id, supporting_project_id) VALUES (1261, '["원데이클래스"]', 5, 1261, 32, 1261);
INSERT INTO supporting_projects(supporting_project_id, supported_at, delivery_id, payment_id, project_id, user_id) VALUES (1262, (SELECT projects.start_date + INTERVAL 33 DAY FROM projects WHERE projects.id=32), 1262, 1262, 32, 6);
INSERT INTO orders (order_id, created_at, delivery_id, payment_id, supporting_project_id) VALUES (1262, (SELECT projects.start_date + INTERVAL 33 DAY FROM projects WHERE projects.id=32), 1, 1262, 1262);
INSERT INTO supporting_packages(id, option_list, package_count, order_id, project_package_id, supporting_project_id) VALUES (1262, '["원데이클래스"]', 8, 1262, 32, 1262);
INSERT INTO supporting_projects(supporting_project_id, supported_at, delivery_id, payment_id, project_id, user_id) VALUES (1263, (SELECT projects.start_date + INTERVAL 12 DAY FROM projects WHERE projects.id=32), 1263, 1263, 32, 13);
INSERT INTO orders (order_id, created_at, delivery_id, payment_id, supporting_project_id) VALUES (1263, (SELECT projects.start_date + INTERVAL 12 DAY FROM projects WHERE projects.id=32), 1, 1263, 1263);
INSERT INTO supporting_packages(id, option_list, package_count, order_id, project_package_id, supporting_project_id) VALUES (1263, '["중급 클래스"]', 6, 1263, 32, 1263);
INSERT INTO supporting_projects(supporting_project_id, supported_at, delivery_id, payment_id, project_id, user_id) VALUES (1264, (SELECT projects.start_date + INTERVAL 19 DAY FROM projects WHERE projects.id=32), 1264, 1264, 32, 6);
INSERT INTO orders (order_id, created_at, delivery_id, payment_id, supporting_project_id) VALUES (1264, (SELECT projects.start_date + INTERVAL 19 DAY FROM projects WHERE projects.id=32), 1, 1264, 1264);
INSERT INTO supporting_packages(id, option_list, package_count, order_id, project_package_id, supporting_project_id) VALUES (1264, '["프로페셔널 클래스"]', 8, 1264, 32, 1264);
INSERT INTO supporting_projects(supporting_project_id, supported_at, delivery_id, payment_id, project_id, user_id) VALUES (1265, (SELECT projects.start_date + INTERVAL 10 DAY FROM projects WHERE projects.id=32), 1265, 1265, 32, 28);
INSERT INTO orders (order_id, created_at, delivery_id, payment_id, supporting_project_id) VALUES (1265, (SELECT projects.start_date + INTERVAL 10 DAY FROM projects WHERE projects.id=32), 1, 1265, 1265);
INSERT INTO supporting_packages(id, option_list, package_count, order_id, project_package_id, supporting_project_id) VALUES (1265, '["원데이클래스"]', 6, 1265, 32, 1265);
INSERT INTO supporting_projects(supporting_project_id, supported_at, delivery_id, payment_id, project_id, user_id) VALUES (1266, (SELECT projects.start_date + INTERVAL 49 DAY FROM projects WHERE projects.id=32), 1266, 1266, 32, 11);
INSERT INTO orders (order_id, created_at, delivery_id, payment_id, supporting_project_id) VALUES (1266, (SELECT projects.start_date + INTERVAL 49 DAY FROM projects WHERE projects.id=32), 1, 1266, 1266);
INSERT INTO supporting_packages(id, option_list, package_count, order_id, project_package_id, supporting_project_id) VALUES (1266, '["프로페셔널 클래스"]', 5, 1266, 32, 1266);
INSERT INTO supporting_projects(supporting_project_id, supported_at, delivery_id, payment_id, project_id, user_id) VALUES (1267, (SELECT projects.start_date + INTERVAL 47 DAY FROM projects WHERE projects.id=32), 1267, 1267, 32, 37);
INSERT INTO orders (order_id, created_at, delivery_id, payment_id, supporting_project_id) VALUES (1267, (SELECT projects.start_date + INTERVAL 47 DAY FROM projects WHERE projects.id=32), 1, 1267, 1267);
INSERT INTO supporting_packages(id, option_list, package_count, order_id, project_package_id, supporting_project_id) VALUES (1267, '["원데이클래스"]', 3, 1267, 32, 1267);
INSERT INTO supporting_projects(supporting_project_id, supported_at, delivery_id, payment_id, project_id, user_id) VALUES (1268, (SELECT projects.start_date + INTERVAL 19 DAY FROM projects WHERE projects.id=32), 1268, 1268, 32, 28);
INSERT INTO orders (order_id, created_at, delivery_id, payment_id, supporting_project_id) VALUES (1268, (SELECT projects.start_date + INTERVAL 19 DAY FROM projects WHERE projects.id=32), 1, 1268, 1268);
INSERT INTO supporting_packages(id, option_list, package_count, order_id, project_package_id, supporting_project_id) VALUES (1268, '["프로페셔널 클래스"]', 4, 1268, 32, 1268);
INSERT INTO supporting_projects(supporting_project_id, supported_at, delivery_id, payment_id, project_id, user_id) VALUES (1269, (SELECT projects.start_date + INTERVAL 21 DAY FROM projects WHERE projects.id=32), 1269, 1269, 32, 34);
INSERT INTO orders (order_id, created_at, delivery_id, payment_id, supporting_project_id) VALUES (1269, (SELECT projects.start_date + INTERVAL 21 DAY FROM projects WHERE projects.id=32), 1, 1269, 1269);
INSERT INTO supporting_packages(id, option_list, package_count, order_id, project_package_id, supporting_project_id) VALUES (1269, '["프로페셔널 클래스"]', 7, 1269, 32, 1269);
INSERT INTO supporting_projects(supporting_project_id, supported_at, delivery_id, payment_id, project_id, user_id) VALUES (1270, (SELECT projects.start_date + INTERVAL 31 DAY FROM projects WHERE projects.id=32), 1270, 1270, 32, 37);
INSERT INTO orders (order_id, created_at, delivery_id, payment_id, supporting_project_id) VALUES (1270, (SELECT projects.start_date + INTERVAL 31 DAY FROM projects WHERE projects.id=32), 1, 1270, 1270);
INSERT INTO supporting_packages(id, option_list, package_count, order_id, project_package_id, supporting_project_id) VALUES (1270, '["중급 클래스"]', 7, 1270, 32, 1270);
INSERT INTO supporting_projects(supporting_project_id, supported_at, delivery_id, payment_id, project_id, user_id) VALUES (1271, (SELECT projects.start_date + INTERVAL 2 DAY FROM projects WHERE projects.id=32), 1271, 1271, 32, 31);
INSERT INTO orders (order_id, created_at, delivery_id, payment_id, supporting_project_id) VALUES (1271, (SELECT projects.start_date + INTERVAL 2 DAY FROM projects WHERE projects.id=32), 1, 1271, 1271);
INSERT INTO supporting_packages(id, option_list, package_count, order_id, project_package_id, supporting_project_id) VALUES (1271, '["프로페셔널 클래스"]', 2, 1271, 32, 1271);
INSERT INTO supporting_projects(supporting_project_id, supported_at, delivery_id, payment_id, project_id, user_id) VALUES (1272, (SELECT projects.start_date + INTERVAL 41 DAY FROM projects WHERE projects.id=32), 1272, 1272, 32, 39);
INSERT INTO orders (order_id, created_at, delivery_id, payment_id, supporting_project_id) VALUES (1272, (SELECT projects.start_date + INTERVAL 41 DAY FROM projects WHERE projects.id=32), 1, 1272, 1272);
INSERT INTO supporting_packages(id, option_list, package_count, order_id, project_package_id, supporting_project_id) VALUES (1272, '["원데이클래스"]', 9, 1272, 32, 1272);
INSERT INTO supporting_projects(supporting_project_id, supported_at, delivery_id, payment_id, project_id, user_id) VALUES (1273, (SELECT projects.start_date + INTERVAL 20 DAY FROM projects WHERE projects.id=32), 1273, 1273, 32, 3);
INSERT INTO orders (order_id, created_at, delivery_id, payment_id, supporting_project_id) VALUES (1273, (SELECT projects.start_date + INTERVAL 20 DAY FROM projects WHERE projects.id=32), 1, 1273, 1273);
INSERT INTO supporting_packages(id, option_list, package_count, order_id, project_package_id, supporting_project_id) VALUES (1273, '["중급 클래스"]', 8, 1273, 32, 1273);
INSERT INTO supporting_projects(supporting_project_id, supported_at, delivery_id, payment_id, project_id, user_id) VALUES (1274, (SELECT projects.start_date + INTERVAL 7 DAY FROM projects WHERE projects.id=32), 1274, 1274, 32, 26);
INSERT INTO orders (order_id, created_at, delivery_id, payment_id, supporting_project_id) VALUES (1274, (SELECT projects.start_date + INTERVAL 7 DAY FROM projects WHERE projects.id=32), 1, 1274, 1274);
INSERT INTO supporting_packages(id, option_list, package_count, order_id, project_package_id, supporting_project_id) VALUES (1274, '["프로페셔널 클래스"]', 1, 1274, 32, 1274);
INSERT INTO supporting_projects(supporting_project_id, supported_at, delivery_id, payment_id, project_id, user_id) VALUES (1275, (SELECT projects.start_date + INTERVAL 34 DAY FROM projects WHERE projects.id=32), 1275, 1275, 32, 3);
INSERT INTO orders (order_id, created_at, delivery_id, payment_id, supporting_project_id) VALUES (1275, (SELECT projects.start_date + INTERVAL 34 DAY FROM projects WHERE projects.id=32), 1, 1275, 1275);
INSERT INTO supporting_packages(id, option_list, package_count, order_id, project_package_id, supporting_project_id) VALUES (1275, '["중급 클래스"]', 6, 1275, 32, 1275);
INSERT INTO supporting_projects(supporting_project_id, supported_at, delivery_id, payment_id, project_id, user_id) VALUES (1276, (SELECT projects.start_date + INTERVAL 27 DAY FROM projects WHERE projects.id=32), 1276, 1276, 32, 22);
INSERT INTO orders (order_id, created_at, delivery_id, payment_id, supporting_project_id) VALUES (1276, (SELECT projects.start_date + INTERVAL 27 DAY FROM projects WHERE projects.id=32), 1, 1276, 1276);
INSERT INTO supporting_packages(id, option_list, package_count, order_id, project_package_id, supporting_project_id) VALUES (1276, '["중급 클래스"]', 3, 1276, 32, 1276);
INSERT INTO supporting_projects(supporting_project_id, supported_at, delivery_id, payment_id, project_id, user_id) VALUES (1277, (SELECT projects.start_date + INTERVAL 11 DAY FROM projects WHERE projects.id=32), 1277, 1277, 32, 2);
INSERT INTO orders (order_id, created_at, delivery_id, payment_id, supporting_project_id) VALUES (1277, (SELECT projects.start_date + INTERVAL 11 DAY FROM projects WHERE projects.id=32), 1, 1277, 1277);
INSERT INTO supporting_packages(id, option_list, package_count, order_id, project_package_id, supporting_project_id) VALUES (1277, '["중급 클래스"]', 10, 1277, 32, 1277);
INSERT INTO supporting_projects(supporting_project_id, supported_at, delivery_id, payment_id, project_id, user_id) VALUES (1278, (SELECT projects.start_date + INTERVAL 36 DAY FROM projects WHERE projects.id=32), 1278, 1278, 32, 40);
INSERT INTO orders (order_id, created_at, delivery_id, payment_id, supporting_project_id) VALUES (1278, (SELECT projects.start_date + INTERVAL 36 DAY FROM projects WHERE projects.id=32), 1, 1278, 1278);
INSERT INTO supporting_packages(id, option_list, package_count, order_id, project_package_id, supporting_project_id) VALUES (1278, '["원데이클래스"]', 2, 1278, 32, 1278);
INSERT INTO supporting_projects(supporting_project_id, supported_at, delivery_id, payment_id, project_id, user_id) VALUES (1279, (SELECT projects.start_date + INTERVAL 50 DAY FROM projects WHERE projects.id=32), 1279, 1279, 32, 32);
INSERT INTO orders (order_id, created_at, delivery_id, payment_id, supporting_project_id) VALUES (1279, (SELECT projects.start_date + INTERVAL 50 DAY FROM projects WHERE projects.id=32), 1, 1279, 1279);
INSERT INTO supporting_packages(id, option_list, package_count, order_id, project_package_id, supporting_project_id) VALUES (1279, '["원데이클래스"]', 9, 1279, 32, 1279);
INSERT INTO supporting_projects(supporting_project_id, supported_at, delivery_id, payment_id, project_id, user_id) VALUES (1280, (SELECT projects.start_date + INTERVAL 13 DAY FROM projects WHERE projects.id=32), 1280, 1280, 32, 8);
INSERT INTO orders (order_id, created_at, delivery_id, payment_id, supporting_project_id) VALUES (1280, (SELECT projects.start_date + INTERVAL 13 DAY FROM projects WHERE projects.id=32), 1, 1280, 1280);
INSERT INTO supporting_packages(id, option_list, package_count, order_id, project_package_id, supporting_project_id) VALUES (1280, '["프로페셔널 클래스"]', 6, 1280, 32, 1280);
INSERT INTO supporting_projects(supporting_project_id, supported_at, delivery_id, payment_id, project_id, user_id) VALUES (1281, (SELECT projects.start_date + INTERVAL 30 DAY FROM projects WHERE projects.id=32), 1281, 1281, 32, 14);
INSERT INTO orders (order_id, created_at, delivery_id, payment_id, supporting_project_id) VALUES (1281, (SELECT projects.start_date + INTERVAL 30 DAY FROM projects WHERE projects.id=32), 1, 1281, 1281);
INSERT INTO supporting_packages(id, option_list, package_count, order_id, project_package_id, supporting_project_id) VALUES (1281, '["원데이클래스"]', 2, 1281, 32, 1281);
INSERT INTO supporting_projects(supporting_project_id, supported_at, delivery_id, payment_id, project_id, user_id) VALUES (1282, (SELECT projects.start_date + INTERVAL 45 DAY FROM projects WHERE projects.id=32), 1282, 1282, 32, 4);
INSERT INTO orders (order_id, created_at, delivery_id, payment_id, supporting_project_id) VALUES (1282, (SELECT projects.start_date + INTERVAL 45 DAY FROM projects WHERE projects.id=32), 1, 1282, 1282);
INSERT INTO supporting_packages(id, option_list, package_count, order_id, project_package_id, supporting_project_id) VALUES (1282, '["중급 클래스"]', 7, 1282, 32, 1282);
INSERT INTO supporting_projects(supporting_project_id, supported_at, delivery_id, payment_id, project_id, user_id) VALUES (1283, (SELECT projects.start_date + INTERVAL 48 DAY FROM projects WHERE projects.id=32), 1283, 1283, 32, 23);
INSERT INTO orders (order_id, created_at, delivery_id, payment_id, supporting_project_id) VALUES (1283, (SELECT projects.start_date + INTERVAL 48 DAY FROM projects WHERE projects.id=32), 1, 1283, 1283);
INSERT INTO supporting_packages(id, option_list, package_count, order_id, project_package_id, supporting_project_id) VALUES (1283, '["중급 클래스"]', 9, 1283, 32, 1283);
INSERT INTO supporting_projects(supporting_project_id, supported_at, delivery_id, payment_id, project_id, user_id) VALUES (1284, (SELECT projects.start_date + INTERVAL 45 DAY FROM projects WHERE projects.id=32), 1284, 1284, 32, 14);
INSERT INTO orders (order_id, created_at, delivery_id, payment_id, supporting_project_id) VALUES (1284, (SELECT projects.start_date + INTERVAL 45 DAY FROM projects WHERE projects.id=32), 1, 1284, 1284);
INSERT INTO supporting_packages(id, option_list, package_count, order_id, project_package_id, supporting_project_id) VALUES (1284, '["프로페셔널 클래스"]', 8, 1284, 32, 1284);
INSERT INTO supporting_projects(supporting_project_id, supported_at, delivery_id, payment_id, project_id, user_id) VALUES (1285, (SELECT projects.start_date + INTERVAL 12 DAY FROM projects WHERE projects.id=32), 1285, 1285, 32, 19);
INSERT INTO orders (order_id, created_at, delivery_id, payment_id, supporting_project_id) VALUES (1285, (SELECT projects.start_date + INTERVAL 12 DAY FROM projects WHERE projects.id=32), 1, 1285, 1285);
INSERT INTO supporting_packages(id, option_list, package_count, order_id, project_package_id, supporting_project_id) VALUES (1285, '["원데이클래스"]', 7, 1285, 32, 1285);
INSERT INTO supporting_projects(supporting_project_id, supported_at, delivery_id, payment_id, project_id, user_id) VALUES (1286, (SELECT projects.start_date + INTERVAL 2 DAY FROM projects WHERE projects.id=32), 1286, 1286, 32, 33);
INSERT INTO orders (order_id, created_at, delivery_id, payment_id, supporting_project_id) VALUES (1286, (SELECT projects.start_date + INTERVAL 2 DAY FROM projects WHERE projects.id=32), 1, 1286, 1286);
INSERT INTO supporting_packages(id, option_list, package_count, order_id, project_package_id, supporting_project_id) VALUES (1286, '["원데이클래스"]', 6, 1286, 32, 1286);
INSERT INTO supporting_projects(supporting_project_id, supported_at, delivery_id, payment_id, project_id, user_id) VALUES (1287, (SELECT projects.start_date + INTERVAL 23 DAY FROM projects WHERE projects.id=32), 1287, 1287, 32, 3);
INSERT INTO orders (order_id, created_at, delivery_id, payment_id, supporting_project_id) VALUES (1287, (SELECT projects.start_date + INTERVAL 23 DAY FROM projects WHERE projects.id=32), 1, 1287, 1287);
INSERT INTO supporting_packages(id, option_list, package_count, order_id, project_package_id, supporting_project_id) VALUES (1287, '["프로페셔널 클래스"]', 1, 1287, 32, 1287);
INSERT INTO supporting_projects(supporting_project_id, supported_at, delivery_id, payment_id, project_id, user_id) VALUES (1288, (SELECT projects.start_date + INTERVAL 25 DAY FROM projects WHERE projects.id=32), 1288, 1288, 32, 2);
INSERT INTO orders (order_id, created_at, delivery_id, payment_id, supporting_project_id) VALUES (1288, (SELECT projects.start_date + INTERVAL 25 DAY FROM projects WHERE projects.id=32), 1, 1288, 1288);
INSERT INTO supporting_packages(id, option_list, package_count, order_id, project_package_id, supporting_project_id) VALUES (1288, '["프로페셔널 클래스"]', 3, 1288, 32, 1288);
INSERT INTO supporting_projects(supporting_project_id, supported_at, delivery_id, payment_id, project_id, user_id) VALUES (1289, (SELECT projects.start_date + INTERVAL 39 DAY FROM projects WHERE projects.id=32), 1289, 1289, 32, 18);
INSERT INTO orders (order_id, created_at, delivery_id, payment_id, supporting_project_id) VALUES (1289, (SELECT projects.start_date + INTERVAL 39 DAY FROM projects WHERE projects.id=32), 1, 1289, 1289);
INSERT INTO supporting_packages(id, option_list, package_count, order_id, project_package_id, supporting_project_id) VALUES (1289, '["프로페셔널 클래스"]', 1, 1289, 32, 1289);
INSERT INTO supporting_projects(supporting_project_id, supported_at, delivery_id, payment_id, project_id, user_id) VALUES (1290, (SELECT projects.start_date + INTERVAL 28 DAY FROM projects WHERE projects.id=32), 1290, 1290, 32, 23);
INSERT INTO orders (order_id, created_at, delivery_id, payment_id, supporting_project_id) VALUES (1290, (SELECT projects.start_date + INTERVAL 28 DAY FROM projects WHERE projects.id=32), 1, 1290, 1290);
INSERT INTO supporting_packages(id, option_list, package_count, order_id, project_package_id, supporting_project_id) VALUES (1290, '["프로페셔널 클래스"]', 6, 1290, 32, 1290);
INSERT INTO supporting_projects(supporting_project_id, supported_at, delivery_id, payment_id, project_id, user_id) VALUES (1291, (SELECT projects.start_date + INTERVAL 36 DAY FROM projects WHERE projects.id=32), 1291, 1291, 32, 30);
INSERT INTO orders (order_id, created_at, delivery_id, payment_id, supporting_project_id) VALUES (1291, (SELECT projects.start_date + INTERVAL 36 DAY FROM projects WHERE projects.id=32), 1, 1291, 1291);
INSERT INTO supporting_packages(id, option_list, package_count, order_id, project_package_id, supporting_project_id) VALUES (1291, '["중급 클래스"]', 2, 1291, 32, 1291);
INSERT INTO supporting_projects(supporting_project_id, supported_at, delivery_id, payment_id, project_id, user_id) VALUES (1292, (SELECT projects.start_date + INTERVAL 8 DAY FROM projects WHERE projects.id=32), 1292, 1292, 32, 2);
INSERT INTO orders (order_id, created_at, delivery_id, payment_id, supporting_project_id) VALUES (1292, (SELECT projects.start_date + INTERVAL 8 DAY FROM projects WHERE projects.id=32), 1, 1292, 1292);
INSERT INTO supporting_packages(id, option_list, package_count, order_id, project_package_id, supporting_project_id) VALUES (1292, '["중급 클래스"]', 4, 1292, 32, 1292);
INSERT INTO supporting_projects(supporting_project_id, supported_at, delivery_id, payment_id, project_id, user_id) VALUES (1293, (SELECT projects.start_date + INTERVAL 11 DAY FROM projects WHERE projects.id=32), 1293, 1293, 32, 28);
INSERT INTO orders (order_id, created_at, delivery_id, payment_id, supporting_project_id) VALUES (1293, (SELECT projects.start_date + INTERVAL 11 DAY FROM projects WHERE projects.id=32), 1, 1293, 1293);
INSERT INTO supporting_packages(id, option_list, package_count, order_id, project_package_id, supporting_project_id) VALUES (1293, '["중급 클래스"]', 9, 1293, 32, 1293);
INSERT INTO supporting_projects(supporting_project_id, supported_at, delivery_id, payment_id, project_id, user_id) VALUES (1294, (SELECT projects.start_date + INTERVAL 3 DAY FROM projects WHERE projects.id=32), 1294, 1294, 32, 9);
INSERT INTO orders (order_id, created_at, delivery_id, payment_id, supporting_project_id) VALUES (1294, (SELECT projects.start_date + INTERVAL 3 DAY FROM projects WHERE projects.id=32), 1, 1294, 1294);
INSERT INTO supporting_packages(id, option_list, package_count, order_id, project_package_id, supporting_project_id) VALUES (1294, '["원데이클래스"]', 5, 1294, 32, 1294);
INSERT INTO supporting_projects(supporting_project_id, supported_at, delivery_id, payment_id, project_id, user_id) VALUES (1295, (SELECT projects.start_date + INTERVAL 37 DAY FROM projects WHERE projects.id=32), 1295, 1295, 32, 30);
INSERT INTO orders (order_id, created_at, delivery_id, payment_id, supporting_project_id) VALUES (1295, (SELECT projects.start_date + INTERVAL 37 DAY FROM projects WHERE projects.id=32), 1, 1295, 1295);
INSERT INTO supporting_packages(id, option_list, package_count, order_id, project_package_id, supporting_project_id) VALUES (1295, '["프로페셔널 클래스"]', 10, 1295, 32, 1295);
INSERT INTO supporting_projects(supporting_project_id, supported_at, delivery_id, payment_id, project_id, user_id) VALUES (1296, (SELECT projects.start_date + INTERVAL 20 DAY FROM projects WHERE projects.id=32), 1296, 1296, 32, 38);
INSERT INTO orders (order_id, created_at, delivery_id, payment_id, supporting_project_id) VALUES (1296, (SELECT projects.start_date + INTERVAL 20 DAY FROM projects WHERE projects.id=32), 1, 1296, 1296);
INSERT INTO supporting_packages(id, option_list, package_count, order_id, project_package_id, supporting_project_id) VALUES (1296, '["원데이클래스"]', 6, 1296, 32, 1296);
INSERT INTO supporting_projects(supporting_project_id, supported_at, delivery_id, payment_id, project_id, user_id) VALUES (1297, (SELECT projects.start_date + INTERVAL 32 DAY FROM projects WHERE projects.id=32), 1297, 1297, 32, 14);
INSERT INTO orders (order_id, created_at, delivery_id, payment_id, supporting_project_id) VALUES (1297, (SELECT projects.start_date + INTERVAL 32 DAY FROM projects WHERE projects.id=32), 1, 1297, 1297);
INSERT INTO supporting_packages(id, option_list, package_count, order_id, project_package_id, supporting_project_id) VALUES (1297, '["중급 클래스"]', 4, 1297, 32, 1297);
INSERT INTO supporting_projects(supporting_project_id, supported_at, delivery_id, payment_id, project_id, user_id) VALUES (1298, (SELECT projects.start_date + INTERVAL 50 DAY FROM projects WHERE projects.id=32), 1298, 1298, 32, 6);
INSERT INTO orders (order_id, created_at, delivery_id, payment_id, supporting_project_id) VALUES (1298, (SELECT projects.start_date + INTERVAL 50 DAY FROM projects WHERE projects.id=32), 1, 1298, 1298);
INSERT INTO supporting_packages(id, option_list, package_count, order_id, project_package_id, supporting_project_id) VALUES (1298, '["중급 클래스"]', 10, 1298, 32, 1298);
INSERT INTO supporting_projects(supporting_project_id, supported_at, delivery_id, payment_id, project_id, user_id) VALUES (1299, (SELECT projects.start_date + INTERVAL 49 DAY FROM projects WHERE projects.id=32), 1299, 1299, 32, 6);
INSERT INTO orders (order_id, created_at, delivery_id, payment_id, supporting_project_id) VALUES (1299, (SELECT projects.start_date + INTERVAL 49 DAY FROM projects WHERE projects.id=32), 1, 1299, 1299);
INSERT INTO supporting_packages(id, option_list, package_count, order_id, project_package_id, supporting_project_id) VALUES (1299, '["프로페셔널 클래스"]', 4, 1299, 32, 1299);
INSERT INTO supporting_projects(supporting_project_id, supported_at, delivery_id, payment_id, project_id, user_id) VALUES (1300, (SELECT projects.start_date + INTERVAL 30 DAY FROM projects WHERE projects.id=32), 1300, 1300, 32, 17);
INSERT INTO orders (order_id, created_at, delivery_id, payment_id, supporting_project_id) VALUES (1300, (SELECT projects.start_date + INTERVAL 30 DAY FROM projects WHERE projects.id=32), 1, 1300, 1300);
INSERT INTO supporting_packages(id, option_list, package_count, order_id, project_package_id, supporting_project_id) VALUES (1300, '["중급 클래스"]', 6, 1300, 32, 1300);
INSERT INTO supporting_projects(supporting_project_id, supported_at, delivery_id, payment_id, project_id, user_id) VALUES (1301, (SELECT projects.start_date + INTERVAL 12 DAY FROM projects WHERE projects.id=32), 1301, 1301, 32, 27);
INSERT INTO orders (order_id, created_at, delivery_id, payment_id, supporting_project_id) VALUES (1301, (SELECT projects.start_date + INTERVAL 12 DAY FROM projects WHERE projects.id=32), 1, 1301, 1301);
INSERT INTO supporting_packages(id, option_list, package_count, order_id, project_package_id, supporting_project_id) VALUES (1301, '["프로페셔널 클래스"]', 4, 1301, 32, 1301);
INSERT INTO supporting_projects(supporting_project_id, supported_at, delivery_id, payment_id, project_id, user_id) VALUES (1302, (SELECT projects.start_date + INTERVAL 13 DAY FROM projects WHERE projects.id=32), 1302, 1302, 32, 40);
INSERT INTO orders (order_id, created_at, delivery_id, payment_id, supporting_project_id) VALUES (1302, (SELECT projects.start_date + INTERVAL 13 DAY FROM projects WHERE projects.id=32), 1, 1302, 1302);
INSERT INTO supporting_packages(id, option_list, package_count, order_id, project_package_id, supporting_project_id) VALUES (1302, '["원데이클래스"]', 8, 1302, 32, 1302);
INSERT INTO supporting_projects(supporting_project_id, supported_at, delivery_id, payment_id, project_id, user_id) VALUES (1303, (SELECT projects.start_date + INTERVAL 17 DAY FROM projects WHERE projects.id=32), 1303, 1303, 32, 6);
INSERT INTO orders (order_id, created_at, delivery_id, payment_id, supporting_project_id) VALUES (1303, (SELECT projects.start_date + INTERVAL 17 DAY FROM projects WHERE projects.id=32), 1, 1303, 1303);
INSERT INTO supporting_packages(id, option_list, package_count, order_id, project_package_id, supporting_project_id) VALUES (1303, '["프로페셔널 클래스"]', 5, 1303, 32, 1303);
INSERT INTO supporting_projects(supporting_project_id, supported_at, delivery_id, payment_id, project_id, user_id) VALUES (1304, (SELECT projects.start_date + INTERVAL 39 DAY FROM projects WHERE projects.id=32), 1304, 1304, 32, 24);
INSERT INTO orders (order_id, created_at, delivery_id, payment_id, supporting_project_id) VALUES (1304, (SELECT projects.start_date + INTERVAL 39 DAY FROM projects WHERE projects.id=32), 1, 1304, 1304);
INSERT INTO supporting_packages(id, option_list, package_count, order_id, project_package_id, supporting_project_id) VALUES (1304, '["중급 클래스"]', 6, 1304, 32, 1304);
INSERT INTO supporting_projects(supporting_project_id, supported_at, delivery_id, payment_id, project_id, user_id) VALUES (1305, (SELECT projects.start_date + INTERVAL 43 DAY FROM projects WHERE projects.id=32), 1305, 1305, 32, 12);
INSERT INTO orders (order_id, created_at, delivery_id, payment_id, supporting_project_id) VALUES (1305, (SELECT projects.start_date + INTERVAL 43 DAY FROM projects WHERE projects.id=32), 1, 1305, 1305);
INSERT INTO supporting_packages(id, option_list, package_count, order_id, project_package_id, supporting_project_id) VALUES (1305, '["원데이클래스"]', 8, 1305, 32, 1305);
INSERT INTO supporting_projects(supporting_project_id, supported_at, delivery_id, payment_id, project_id, user_id) VALUES (1306, (SELECT projects.start_date + INTERVAL 48 DAY FROM projects WHERE projects.id=32), 1306, 1306, 32, 36);
INSERT INTO orders (order_id, created_at, delivery_id, payment_id, supporting_project_id) VALUES (1306, (SELECT projects.start_date + INTERVAL 48 DAY FROM projects WHERE projects.id=32), 1, 1306, 1306);
INSERT INTO supporting_packages(id, option_list, package_count, order_id, project_package_id, supporting_project_id) VALUES (1306, '["프로페셔널 클래스"]', 1, 1306, 32, 1306);
INSERT INTO supporting_projects(supporting_project_id, supported_at, delivery_id, payment_id, project_id, user_id) VALUES (1307, (SELECT projects.start_date + INTERVAL 47 DAY FROM projects WHERE projects.id=32), 1307, 1307, 32, 9);
INSERT INTO orders (order_id, created_at, delivery_id, payment_id, supporting_project_id) VALUES (1307, (SELECT projects.start_date + INTERVAL 47 DAY FROM projects WHERE projects.id=32), 1, 1307, 1307);
INSERT INTO supporting_packages(id, option_list, package_count, order_id, project_package_id, supporting_project_id) VALUES (1307, '["프로페셔널 클래스"]', 1, 1307, 32, 1307);
INSERT INTO supporting_projects(supporting_project_id, supported_at, delivery_id, payment_id, project_id, user_id) VALUES (1308, (SELECT projects.start_date + INTERVAL 47 DAY FROM projects WHERE projects.id=32), 1308, 1308, 32, 36);
INSERT INTO orders (order_id, created_at, delivery_id, payment_id, supporting_project_id) VALUES (1308, (SELECT projects.start_date + INTERVAL 47 DAY FROM projects WHERE projects.id=32), 1, 1308, 1308);
INSERT INTO supporting_packages(id, option_list, package_count, order_id, project_package_id, supporting_project_id) VALUES (1308, '["원데이클래스"]', 5, 1308, 32, 1308);
INSERT INTO supporting_projects(supporting_project_id, supported_at, delivery_id, payment_id, project_id, user_id) VALUES (1309, (SELECT projects.start_date + INTERVAL 37 DAY FROM projects WHERE projects.id=32), 1309, 1309, 32, 21);
INSERT INTO orders (order_id, created_at, delivery_id, payment_id, supporting_project_id) VALUES (1309, (SELECT projects.start_date + INTERVAL 37 DAY FROM projects WHERE projects.id=32), 1, 1309, 1309);
INSERT INTO supporting_packages(id, option_list, package_count, order_id, project_package_id, supporting_project_id) VALUES (1309, '["중급 클래스"]', 2, 1309, 32, 1309);
INSERT INTO supporting_projects(supporting_project_id, supported_at, delivery_id, payment_id, project_id, user_id) VALUES (1310, (SELECT projects.start_date + INTERVAL 3 DAY FROM projects WHERE projects.id=32), 1310, 1310, 32, 31);
INSERT INTO orders (order_id, created_at, delivery_id, payment_id, supporting_project_id) VALUES (1310, (SELECT projects.start_date + INTERVAL 3 DAY FROM projects WHERE projects.id=32), 1, 1310, 1310);
INSERT INTO supporting_packages(id, option_list, package_count, order_id, project_package_id, supporting_project_id) VALUES (1310, '["원데이클래스"]', 9, 1310, 32, 1310);
INSERT INTO supporting_projects(supporting_project_id, supported_at, delivery_id, payment_id, project_id, user_id) VALUES (1311, (SELECT projects.start_date + INTERVAL 17 DAY FROM projects WHERE projects.id=32), 1311, 1311, 32, 25);
INSERT INTO orders (order_id, created_at, delivery_id, payment_id, supporting_project_id) VALUES (1311, (SELECT projects.start_date + INTERVAL 17 DAY FROM projects WHERE projects.id=32), 1, 1311, 1311);
INSERT INTO supporting_packages(id, option_list, package_count, order_id, project_package_id, supporting_project_id) VALUES (1311, '["프로페셔널 클래스"]', 9, 1311, 32, 1311);
INSERT INTO supporting_projects(supporting_project_id, supported_at, delivery_id, payment_id, project_id, user_id) VALUES (1312, (SELECT projects.start_date + INTERVAL 25 DAY FROM projects WHERE projects.id=32), 1312, 1312, 32, 34);
INSERT INTO orders (order_id, created_at, delivery_id, payment_id, supporting_project_id) VALUES (1312, (SELECT projects.start_date + INTERVAL 25 DAY FROM projects WHERE projects.id=32), 1, 1312, 1312);
INSERT INTO supporting_packages(id, option_list, package_count, order_id, project_package_id, supporting_project_id) VALUES (1312, '["프로페셔널 클래스"]', 10, 1312, 32, 1312);
INSERT INTO supporting_projects(supporting_project_id, supported_at, delivery_id, payment_id, project_id, user_id) VALUES (1313, (SELECT projects.start_date + INTERVAL 29 DAY FROM projects WHERE projects.id=32), 1313, 1313, 32, 36);
INSERT INTO orders (order_id, created_at, delivery_id, payment_id, supporting_project_id) VALUES (1313, (SELECT projects.start_date + INTERVAL 29 DAY FROM projects WHERE projects.id=32), 1, 1313, 1313);
INSERT INTO supporting_packages(id, option_list, package_count, order_id, project_package_id, supporting_project_id) VALUES (1313, '["원데이클래스"]', 6, 1313, 32, 1313);
INSERT INTO supporting_projects(supporting_project_id, supported_at, delivery_id, payment_id, project_id, user_id) VALUES (1314, (SELECT projects.start_date + INTERVAL 8 DAY FROM projects WHERE projects.id=32), 1314, 1314, 32, 23);
INSERT INTO orders (order_id, created_at, delivery_id, payment_id, supporting_project_id) VALUES (1314, (SELECT projects.start_date + INTERVAL 8 DAY FROM projects WHERE projects.id=32), 1, 1314, 1314);
INSERT INTO supporting_packages(id, option_list, package_count, order_id, project_package_id, supporting_project_id) VALUES (1314, '["원데이클래스"]', 2, 1314, 32, 1314);
INSERT INTO supporting_projects(supporting_project_id, supported_at, delivery_id, payment_id, project_id, user_id) VALUES (1315, (SELECT projects.start_date + INTERVAL 34 DAY FROM projects WHERE projects.id=32), 1315, 1315, 32, 36);
INSERT INTO orders (order_id, created_at, delivery_id, payment_id, supporting_project_id) VALUES (1315, (SELECT projects.start_date + INTERVAL 34 DAY FROM projects WHERE projects.id=32), 1, 1315, 1315);
INSERT INTO supporting_packages(id, option_list, package_count, order_id, project_package_id, supporting_project_id) VALUES (1315, '["중급 클래스"]', 7, 1315, 32, 1315);
INSERT INTO supporting_projects(supporting_project_id, supported_at, delivery_id, payment_id, project_id, user_id) VALUES (1316, (SELECT projects.start_date + INTERVAL 1 DAY FROM projects WHERE projects.id=32), 1316, 1316, 32, 1);
INSERT INTO orders (order_id, created_at, delivery_id, payment_id, supporting_project_id) VALUES (1316, (SELECT projects.start_date + INTERVAL 1 DAY FROM projects WHERE projects.id=32), 1, 1316, 1316);
INSERT INTO supporting_packages(id, option_list, package_count, order_id, project_package_id, supporting_project_id) VALUES (1316, '["중급 클래스"]', 2, 1316, 32, 1316);
INSERT INTO supporting_projects(supporting_project_id, supported_at, delivery_id, payment_id, project_id, user_id) VALUES (1317, (SELECT projects.start_date + INTERVAL 33 DAY FROM projects WHERE projects.id=32), 1317, 1317, 32, 32);
INSERT INTO orders (order_id, created_at, delivery_id, payment_id, supporting_project_id) VALUES (1317, (SELECT projects.start_date + INTERVAL 33 DAY FROM projects WHERE projects.id=32), 1, 1317, 1317);
INSERT INTO supporting_packages(id, option_list, package_count, order_id, project_package_id, supporting_project_id) VALUES (1317, '["중급 클래스"]', 5, 1317, 32, 1317);
INSERT INTO supporting_projects(supporting_project_id, supported_at, delivery_id, payment_id, project_id, user_id) VALUES (1318, (SELECT projects.start_date + INTERVAL 33 DAY FROM projects WHERE projects.id=32), 1318, 1318, 32, 1);
INSERT INTO orders (order_id, created_at, delivery_id, payment_id, supporting_project_id) VALUES (1318, (SELECT projects.start_date + INTERVAL 33 DAY FROM projects WHERE projects.id=32), 1, 1318, 1318);
INSERT INTO supporting_packages(id, option_list, package_count, order_id, project_package_id, supporting_project_id) VALUES (1318, '["중급 클래스"]', 8, 1318, 32, 1318);
INSERT INTO supporting_projects(supporting_project_id, supported_at, delivery_id, payment_id, project_id, user_id) VALUES (1319, (SELECT projects.start_date + INTERVAL 19 DAY FROM projects WHERE projects.id=32), 1319, 1319, 32, 37);
INSERT INTO orders (order_id, created_at, delivery_id, payment_id, supporting_project_id) VALUES (1319, (SELECT projects.start_date + INTERVAL 19 DAY FROM projects WHERE projects.id=32), 1, 1319, 1319);
INSERT INTO supporting_packages(id, option_list, package_count, order_id, project_package_id, supporting_project_id) VALUES (1319, '["원데이클래스"]', 3, 1319, 32, 1319);
INSERT INTO supporting_projects(supporting_project_id, supported_at, delivery_id, payment_id, project_id, user_id) VALUES (1320, (SELECT projects.start_date + INTERVAL 35 DAY FROM projects WHERE projects.id=33), 1320, 1320, 33, 16);
INSERT INTO orders (order_id, created_at, delivery_id, payment_id, supporting_project_id) VALUES (1320, (SELECT projects.start_date + INTERVAL 35 DAY FROM projects WHERE projects.id=33), 1, 1320, 1320);
INSERT INTO supporting_packages(id, option_list, package_count, order_id, project_package_id, supporting_project_id) VALUES (1320, '["프리미엄"]', 10, 1320, 33, 1320);
INSERT INTO supporting_projects(supporting_project_id, supported_at, delivery_id, payment_id, project_id, user_id) VALUES (1321, (SELECT projects.start_date + INTERVAL 12 DAY FROM projects WHERE projects.id=33), 1321, 1321, 33, 13);
INSERT INTO orders (order_id, created_at, delivery_id, payment_id, supporting_project_id) VALUES (1321, (SELECT projects.start_date + INTERVAL 12 DAY FROM projects WHERE projects.id=33), 1, 1321, 1321);
INSERT INTO supporting_packages(id, option_list, package_count, order_id, project_package_id, supporting_project_id) VALUES (1321, '["기본"]', 10, 1321, 33, 1321);
INSERT INTO supporting_projects(supporting_project_id, supported_at, delivery_id, payment_id, project_id, user_id) VALUES (1322, (SELECT projects.start_date + INTERVAL 11 DAY FROM projects WHERE projects.id=33), 1322, 1322, 33, 13);
INSERT INTO orders (order_id, created_at, delivery_id, payment_id, supporting_project_id) VALUES (1322, (SELECT projects.start_date + INTERVAL 11 DAY FROM projects WHERE projects.id=33), 1, 1322, 1322);
INSERT INTO supporting_packages(id, option_list, package_count, order_id, project_package_id, supporting_project_id) VALUES (1322, '["기본"]', 2, 1322, 33, 1322);
INSERT INTO supporting_projects(supporting_project_id, supported_at, delivery_id, payment_id, project_id, user_id) VALUES (1323, (SELECT projects.start_date + INTERVAL 46 DAY FROM projects WHERE projects.id=33), 1323, 1323, 33, 9);
INSERT INTO orders (order_id, created_at, delivery_id, payment_id, supporting_project_id) VALUES (1323, (SELECT projects.start_date + INTERVAL 46 DAY FROM projects WHERE projects.id=33), 1, 1323, 1323);
INSERT INTO supporting_packages(id, option_list, package_count, order_id, project_package_id, supporting_project_id) VALUES (1323, '["기본"]', 3, 1323, 33, 1323);
INSERT INTO supporting_projects(supporting_project_id, supported_at, delivery_id, payment_id, project_id, user_id) VALUES (1324, (SELECT projects.start_date + INTERVAL 6 DAY FROM projects WHERE projects.id=33), 1324, 1324, 33, 3);
INSERT INTO orders (order_id, created_at, delivery_id, payment_id, supporting_project_id) VALUES (1324, (SELECT projects.start_date + INTERVAL 6 DAY FROM projects WHERE projects.id=33), 1, 1324, 1324);
INSERT INTO supporting_packages(id, option_list, package_count, order_id, project_package_id, supporting_project_id) VALUES (1324, '["스페셜"]', 4, 1324, 33, 1324);
INSERT INTO supporting_projects(supporting_project_id, supported_at, delivery_id, payment_id, project_id, user_id) VALUES (1325, (SELECT projects.start_date + INTERVAL 37 DAY FROM projects WHERE projects.id=33), 1325, 1325, 33, 35);
INSERT INTO orders (order_id, created_at, delivery_id, payment_id, supporting_project_id) VALUES (1325, (SELECT projects.start_date + INTERVAL 37 DAY FROM projects WHERE projects.id=33), 1, 1325, 1325);
INSERT INTO supporting_packages(id, option_list, package_count, order_id, project_package_id, supporting_project_id) VALUES (1325, '["프리미엄"]', 4, 1325, 33, 1325);
INSERT INTO supporting_projects(supporting_project_id, supported_at, delivery_id, payment_id, project_id, user_id) VALUES (1326, (SELECT projects.start_date + INTERVAL 20 DAY FROM projects WHERE projects.id=33), 1326, 1326, 33, 23);
INSERT INTO orders (order_id, created_at, delivery_id, payment_id, supporting_project_id) VALUES (1326, (SELECT projects.start_date + INTERVAL 20 DAY FROM projects WHERE projects.id=33), 1, 1326, 1326);
INSERT INTO supporting_packages(id, option_list, package_count, order_id, project_package_id, supporting_project_id) VALUES (1326, '["프리미엄"]', 8, 1326, 33, 1326);
INSERT INTO supporting_projects(supporting_project_id, supported_at, delivery_id, payment_id, project_id, user_id) VALUES (1327, (SELECT projects.start_date + INTERVAL 33 DAY FROM projects WHERE projects.id=33), 1327, 1327, 33, 36);
INSERT INTO orders (order_id, created_at, delivery_id, payment_id, supporting_project_id) VALUES (1327, (SELECT projects.start_date + INTERVAL 33 DAY FROM projects WHERE projects.id=33), 1, 1327, 1327);
INSERT INTO supporting_packages(id, option_list, package_count, order_id, project_package_id, supporting_project_id) VALUES (1327, '["기본"]', 1, 1327, 33, 1327);
INSERT INTO supporting_projects(supporting_project_id, supported_at, delivery_id, payment_id, project_id, user_id) VALUES (1328, (SELECT projects.start_date + INTERVAL 46 DAY FROM projects WHERE projects.id=33), 1328, 1328, 33, 19);
INSERT INTO orders (order_id, created_at, delivery_id, payment_id, supporting_project_id) VALUES (1328, (SELECT projects.start_date + INTERVAL 46 DAY FROM projects WHERE projects.id=33), 1, 1328, 1328);
INSERT INTO supporting_packages(id, option_list, package_count, order_id, project_package_id, supporting_project_id) VALUES (1328, '["스페셜"]', 6, 1328, 33, 1328);
INSERT INTO supporting_projects(supporting_project_id, supported_at, delivery_id, payment_id, project_id, user_id) VALUES (1329, (SELECT projects.start_date + INTERVAL 30 DAY FROM projects WHERE projects.id=33), 1329, 1329, 33, 30);
INSERT INTO orders (order_id, created_at, delivery_id, payment_id, supporting_project_id) VALUES (1329, (SELECT projects.start_date + INTERVAL 30 DAY FROM projects WHERE projects.id=33), 1, 1329, 1329);
INSERT INTO supporting_packages(id, option_list, package_count, order_id, project_package_id, supporting_project_id) VALUES (1329, '["프리미엄"]', 7, 1329, 33, 1329);
INSERT INTO supporting_projects(supporting_project_id, supported_at, delivery_id, payment_id, project_id, user_id) VALUES (1330, (SELECT projects.start_date + INTERVAL 19 DAY FROM projects WHERE projects.id=33), 1330, 1330, 33, 16);
INSERT INTO orders (order_id, created_at, delivery_id, payment_id, supporting_project_id) VALUES (1330, (SELECT projects.start_date + INTERVAL 19 DAY FROM projects WHERE projects.id=33), 1, 1330, 1330);
INSERT INTO supporting_packages(id, option_list, package_count, order_id, project_package_id, supporting_project_id) VALUES (1330, '["프리미엄"]', 5, 1330, 33, 1330);
INSERT INTO supporting_projects(supporting_project_id, supported_at, delivery_id, payment_id, project_id, user_id) VALUES (1331, (SELECT projects.start_date + INTERVAL 31 DAY FROM projects WHERE projects.id=33), 1331, 1331, 33, 26);
INSERT INTO orders (order_id, created_at, delivery_id, payment_id, supporting_project_id) VALUES (1331, (SELECT projects.start_date + INTERVAL 31 DAY FROM projects WHERE projects.id=33), 1, 1331, 1331);
INSERT INTO supporting_packages(id, option_list, package_count, order_id, project_package_id, supporting_project_id) VALUES (1331, '["프리미엄"]', 9, 1331, 33, 1331);
INSERT INTO supporting_projects(supporting_project_id, supported_at, delivery_id, payment_id, project_id, user_id) VALUES (1332, (SELECT projects.start_date + INTERVAL 49 DAY FROM projects WHERE projects.id=33), 1332, 1332, 33, 13);
INSERT INTO orders (order_id, created_at, delivery_id, payment_id, supporting_project_id) VALUES (1332, (SELECT projects.start_date + INTERVAL 49 DAY FROM projects WHERE projects.id=33), 1, 1332, 1332);
INSERT INTO supporting_packages(id, option_list, package_count, order_id, project_package_id, supporting_project_id) VALUES (1332, '["프리미엄"]', 1, 1332, 33, 1332);
INSERT INTO supporting_projects(supporting_project_id, supported_at, delivery_id, payment_id, project_id, user_id) VALUES (1333, (SELECT projects.start_date + INTERVAL 43 DAY FROM projects WHERE projects.id=33), 1333, 1333, 33, 34);
INSERT INTO orders (order_id, created_at, delivery_id, payment_id, supporting_project_id) VALUES (1333, (SELECT projects.start_date + INTERVAL 43 DAY FROM projects WHERE projects.id=33), 1, 1333, 1333);
INSERT INTO supporting_packages(id, option_list, package_count, order_id, project_package_id, supporting_project_id) VALUES (1333, '["기본"]', 7, 1333, 33, 1333);
INSERT INTO supporting_projects(supporting_project_id, supported_at, delivery_id, payment_id, project_id, user_id) VALUES (1334, (SELECT projects.start_date + INTERVAL 27 DAY FROM projects WHERE projects.id=33), 1334, 1334, 33, 16);
INSERT INTO orders (order_id, created_at, delivery_id, payment_id, supporting_project_id) VALUES (1334, (SELECT projects.start_date + INTERVAL 27 DAY FROM projects WHERE projects.id=33), 1, 1334, 1334);
INSERT INTO supporting_packages(id, option_list, package_count, order_id, project_package_id, supporting_project_id) VALUES (1334, '["프리미엄"]', 1, 1334, 33, 1334);
INSERT INTO supporting_projects(supporting_project_id, supported_at, delivery_id, payment_id, project_id, user_id) VALUES (1335, (SELECT projects.start_date + INTERVAL 16 DAY FROM projects WHERE projects.id=33), 1335, 1335, 33, 17);
INSERT INTO orders (order_id, created_at, delivery_id, payment_id, supporting_project_id) VALUES (1335, (SELECT projects.start_date + INTERVAL 16 DAY FROM projects WHERE projects.id=33), 1, 1335, 1335);
INSERT INTO supporting_packages(id, option_list, package_count, order_id, project_package_id, supporting_project_id) VALUES (1335, '["스페셜"]', 3, 1335, 33, 1335);
INSERT INTO supporting_projects(supporting_project_id, supported_at, delivery_id, payment_id, project_id, user_id) VALUES (1336, (SELECT projects.start_date + INTERVAL 18 DAY FROM projects WHERE projects.id=33), 1336, 1336, 33, 24);
INSERT INTO orders (order_id, created_at, delivery_id, payment_id, supporting_project_id) VALUES (1336, (SELECT projects.start_date + INTERVAL 18 DAY FROM projects WHERE projects.id=33), 1, 1336, 1336);
INSERT INTO supporting_packages(id, option_list, package_count, order_id, project_package_id, supporting_project_id) VALUES (1336, '["스페셜"]', 8, 1336, 33, 1336);
INSERT INTO supporting_projects(supporting_project_id, supported_at, delivery_id, payment_id, project_id, user_id) VALUES (1337, (SELECT projects.start_date + INTERVAL 10 DAY FROM projects WHERE projects.id=33), 1337, 1337, 33, 20);
INSERT INTO orders (order_id, created_at, delivery_id, payment_id, supporting_project_id) VALUES (1337, (SELECT projects.start_date + INTERVAL 10 DAY FROM projects WHERE projects.id=33), 1, 1337, 1337);
INSERT INTO supporting_packages(id, option_list, package_count, order_id, project_package_id, supporting_project_id) VALUES (1337, '["기본"]', 4, 1337, 33, 1337);
INSERT INTO supporting_projects(supporting_project_id, supported_at, delivery_id, payment_id, project_id, user_id) VALUES (1338, (SELECT projects.start_date + INTERVAL 39 DAY FROM projects WHERE projects.id=33), 1338, 1338, 33, 4);
INSERT INTO orders (order_id, created_at, delivery_id, payment_id, supporting_project_id) VALUES (1338, (SELECT projects.start_date + INTERVAL 39 DAY FROM projects WHERE projects.id=33), 1, 1338, 1338);
INSERT INTO supporting_packages(id, option_list, package_count, order_id, project_package_id, supporting_project_id) VALUES (1338, '["프리미엄"]', 1, 1338, 33, 1338);
INSERT INTO supporting_projects(supporting_project_id, supported_at, delivery_id, payment_id, project_id, user_id) VALUES (1339, (SELECT projects.start_date + INTERVAL 39 DAY FROM projects WHERE projects.id=33), 1339, 1339, 33, 13);
INSERT INTO orders (order_id, created_at, delivery_id, payment_id, supporting_project_id) VALUES (1339, (SELECT projects.start_date + INTERVAL 39 DAY FROM projects WHERE projects.id=33), 1, 1339, 1339);
INSERT INTO supporting_packages(id, option_list, package_count, order_id, project_package_id, supporting_project_id) VALUES (1339, '["프리미엄"]', 7, 1339, 33, 1339);
INSERT INTO supporting_projects(supporting_project_id, supported_at, delivery_id, payment_id, project_id, user_id) VALUES (1340, (SELECT projects.start_date + INTERVAL 18 DAY FROM projects WHERE projects.id=33), 1340, 1340, 33, 2);
INSERT INTO orders (order_id, created_at, delivery_id, payment_id, supporting_project_id) VALUES (1340, (SELECT projects.start_date + INTERVAL 18 DAY FROM projects WHERE projects.id=33), 1, 1340, 1340);
INSERT INTO supporting_packages(id, option_list, package_count, order_id, project_package_id, supporting_project_id) VALUES (1340, '["기본"]', 1, 1340, 33, 1340);
INSERT INTO supporting_projects(supporting_project_id, supported_at, delivery_id, payment_id, project_id, user_id) VALUES (1341, (SELECT projects.start_date + INTERVAL 37 DAY FROM projects WHERE projects.id=33), 1341, 1341, 33, 25);
INSERT INTO orders (order_id, created_at, delivery_id, payment_id, supporting_project_id) VALUES (1341, (SELECT projects.start_date + INTERVAL 37 DAY FROM projects WHERE projects.id=33), 1, 1341, 1341);
INSERT INTO supporting_packages(id, option_list, package_count, order_id, project_package_id, supporting_project_id) VALUES (1341, '["기본"]', 9, 1341, 33, 1341);
INSERT INTO supporting_projects(supporting_project_id, supported_at, delivery_id, payment_id, project_id, user_id) VALUES (1342, (SELECT projects.start_date + INTERVAL 23 DAY FROM projects WHERE projects.id=33), 1342, 1342, 33, 24);
INSERT INTO orders (order_id, created_at, delivery_id, payment_id, supporting_project_id) VALUES (1342, (SELECT projects.start_date + INTERVAL 23 DAY FROM projects WHERE projects.id=33), 1, 1342, 1342);
INSERT INTO supporting_packages(id, option_list, package_count, order_id, project_package_id, supporting_project_id) VALUES (1342, '["스페셜"]', 4, 1342, 33, 1342);
INSERT INTO supporting_projects(supporting_project_id, supported_at, delivery_id, payment_id, project_id, user_id) VALUES (1343, (SELECT projects.start_date + INTERVAL 4 DAY FROM projects WHERE projects.id=33), 1343, 1343, 33, 36);
INSERT INTO orders (order_id, created_at, delivery_id, payment_id, supporting_project_id) VALUES (1343, (SELECT projects.start_date + INTERVAL 4 DAY FROM projects WHERE projects.id=33), 1, 1343, 1343);
INSERT INTO supporting_packages(id, option_list, package_count, order_id, project_package_id, supporting_project_id) VALUES (1343, '["스페셜"]', 3, 1343, 33, 1343);
INSERT INTO supporting_projects(supporting_project_id, supported_at, delivery_id, payment_id, project_id, user_id) VALUES (1344, (SELECT projects.start_date + INTERVAL 48 DAY FROM projects WHERE projects.id=33), 1344, 1344, 33, 23);
INSERT INTO orders (order_id, created_at, delivery_id, payment_id, supporting_project_id) VALUES (1344, (SELECT projects.start_date + INTERVAL 48 DAY FROM projects WHERE projects.id=33), 1, 1344, 1344);
INSERT INTO supporting_packages(id, option_list, package_count, order_id, project_package_id, supporting_project_id) VALUES (1344, '["스페셜"]', 1, 1344, 33, 1344);
INSERT INTO supporting_projects(supporting_project_id, supported_at, delivery_id, payment_id, project_id, user_id) VALUES (1345, (SELECT projects.start_date + INTERVAL 41 DAY FROM projects WHERE projects.id=33), 1345, 1345, 33, 23);
INSERT INTO orders (order_id, created_at, delivery_id, payment_id, supporting_project_id) VALUES (1345, (SELECT projects.start_date + INTERVAL 41 DAY FROM projects WHERE projects.id=33), 1, 1345, 1345);
INSERT INTO supporting_packages(id, option_list, package_count, order_id, project_package_id, supporting_project_id) VALUES (1345, '["프리미엄"]', 10, 1345, 33, 1345);
INSERT INTO supporting_projects(supporting_project_id, supported_at, delivery_id, payment_id, project_id, user_id) VALUES (1346, (SELECT projects.start_date + INTERVAL 49 DAY FROM projects WHERE projects.id=33), 1346, 1346, 33, 37);
INSERT INTO orders (order_id, created_at, delivery_id, payment_id, supporting_project_id) VALUES (1346, (SELECT projects.start_date + INTERVAL 49 DAY FROM projects WHERE projects.id=33), 1, 1346, 1346);
INSERT INTO supporting_packages(id, option_list, package_count, order_id, project_package_id, supporting_project_id) VALUES (1346, '["프리미엄"]', 3, 1346, 33, 1346);
INSERT INTO supporting_projects(supporting_project_id, supported_at, delivery_id, payment_id, project_id, user_id) VALUES (1347, (SELECT projects.start_date + INTERVAL 30 DAY FROM projects WHERE projects.id=33), 1347, 1347, 33, 27);
INSERT INTO orders (order_id, created_at, delivery_id, payment_id, supporting_project_id) VALUES (1347, (SELECT projects.start_date + INTERVAL 30 DAY FROM projects WHERE projects.id=33), 1, 1347, 1347);
INSERT INTO supporting_packages(id, option_list, package_count, order_id, project_package_id, supporting_project_id) VALUES (1347, '["기본"]', 1, 1347, 33, 1347);
INSERT INTO supporting_projects(supporting_project_id, supported_at, delivery_id, payment_id, project_id, user_id) VALUES (1348, (SELECT projects.start_date + INTERVAL 35 DAY FROM projects WHERE projects.id=33), 1348, 1348, 33, 14);
INSERT INTO orders (order_id, created_at, delivery_id, payment_id, supporting_project_id) VALUES (1348, (SELECT projects.start_date + INTERVAL 35 DAY FROM projects WHERE projects.id=33), 1, 1348, 1348);
INSERT INTO supporting_packages(id, option_list, package_count, order_id, project_package_id, supporting_project_id) VALUES (1348, '["프리미엄"]', 7, 1348, 33, 1348);
INSERT INTO supporting_projects(supporting_project_id, supported_at, delivery_id, payment_id, project_id, user_id) VALUES (1349, (SELECT projects.start_date + INTERVAL 8 DAY FROM projects WHERE projects.id=33), 1349, 1349, 33, 27);
INSERT INTO orders (order_id, created_at, delivery_id, payment_id, supporting_project_id) VALUES (1349, (SELECT projects.start_date + INTERVAL 8 DAY FROM projects WHERE projects.id=33), 1, 1349, 1349);
INSERT INTO supporting_packages(id, option_list, package_count, order_id, project_package_id, supporting_project_id) VALUES (1349, '["기본"]', 6, 1349, 33, 1349);
INSERT INTO supporting_projects(supporting_project_id, supported_at, delivery_id, payment_id, project_id, user_id) VALUES (1350, (SELECT projects.start_date + INTERVAL 15 DAY FROM projects WHERE projects.id=33), 1350, 1350, 33, 8);
INSERT INTO orders (order_id, created_at, delivery_id, payment_id, supporting_project_id) VALUES (1350, (SELECT projects.start_date + INTERVAL 15 DAY FROM projects WHERE projects.id=33), 1, 1350, 1350);
INSERT INTO supporting_packages(id, option_list, package_count, order_id, project_package_id, supporting_project_id) VALUES (1350, '["스페셜"]', 3, 1350, 33, 1350);
INSERT INTO supporting_projects(supporting_project_id, supported_at, delivery_id, payment_id, project_id, user_id) VALUES (1351, (SELECT projects.start_date + INTERVAL 48 DAY FROM projects WHERE projects.id=33), 1351, 1351, 33, 33);
INSERT INTO orders (order_id, created_at, delivery_id, payment_id, supporting_project_id) VALUES (1351, (SELECT projects.start_date + INTERVAL 48 DAY FROM projects WHERE projects.id=33), 1, 1351, 1351);
INSERT INTO supporting_packages(id, option_list, package_count, order_id, project_package_id, supporting_project_id) VALUES (1351, '["기본"]', 4, 1351, 33, 1351);
INSERT INTO supporting_projects(supporting_project_id, supported_at, delivery_id, payment_id, project_id, user_id) VALUES (1352, (SELECT projects.start_date + INTERVAL 10 DAY FROM projects WHERE projects.id=33), 1352, 1352, 33, 5);
INSERT INTO orders (order_id, created_at, delivery_id, payment_id, supporting_project_id) VALUES (1352, (SELECT projects.start_date + INTERVAL 10 DAY FROM projects WHERE projects.id=33), 1, 1352, 1352);
INSERT INTO supporting_packages(id, option_list, package_count, order_id, project_package_id, supporting_project_id) VALUES (1352, '["스페셜"]', 5, 1352, 33, 1352);
INSERT INTO supporting_projects(supporting_project_id, supported_at, delivery_id, payment_id, project_id, user_id) VALUES (1353, (SELECT projects.start_date + INTERVAL 46 DAY FROM projects WHERE projects.id=33), 1353, 1353, 33, 33);
INSERT INTO orders (order_id, created_at, delivery_id, payment_id, supporting_project_id) VALUES (1353, (SELECT projects.start_date + INTERVAL 46 DAY FROM projects WHERE projects.id=33), 1, 1353, 1353);
INSERT INTO supporting_packages(id, option_list, package_count, order_id, project_package_id, supporting_project_id) VALUES (1353, '["기본"]', 6, 1353, 33, 1353);
INSERT INTO supporting_projects(supporting_project_id, supported_at, delivery_id, payment_id, project_id, user_id) VALUES (1354, (SELECT projects.start_date + INTERVAL 43 DAY FROM projects WHERE projects.id=33), 1354, 1354, 33, 4);
INSERT INTO orders (order_id, created_at, delivery_id, payment_id, supporting_project_id) VALUES (1354, (SELECT projects.start_date + INTERVAL 43 DAY FROM projects WHERE projects.id=33), 1, 1354, 1354);
INSERT INTO supporting_packages(id, option_list, package_count, order_id, project_package_id, supporting_project_id) VALUES (1354, '["프리미엄"]', 2, 1354, 33, 1354);
INSERT INTO supporting_projects(supporting_project_id, supported_at, delivery_id, payment_id, project_id, user_id) VALUES (1355, (SELECT projects.start_date + INTERVAL 34 DAY FROM projects WHERE projects.id=33), 1355, 1355, 33, 23);
INSERT INTO orders (order_id, created_at, delivery_id, payment_id, supporting_project_id) VALUES (1355, (SELECT projects.start_date + INTERVAL 34 DAY FROM projects WHERE projects.id=33), 1, 1355, 1355);
INSERT INTO supporting_packages(id, option_list, package_count, order_id, project_package_id, supporting_project_id) VALUES (1355, '["스페셜"]', 9, 1355, 33, 1355);
INSERT INTO supporting_projects(supporting_project_id, supported_at, delivery_id, payment_id, project_id, user_id) VALUES (1356, (SELECT projects.start_date + INTERVAL 48 DAY FROM projects WHERE projects.id=33), 1356, 1356, 33, 24);
INSERT INTO orders (order_id, created_at, delivery_id, payment_id, supporting_project_id) VALUES (1356, (SELECT projects.start_date + INTERVAL 48 DAY FROM projects WHERE projects.id=33), 1, 1356, 1356);
INSERT INTO supporting_packages(id, option_list, package_count, order_id, project_package_id, supporting_project_id) VALUES (1356, '["프리미엄"]', 7, 1356, 33, 1356);
INSERT INTO supporting_projects(supporting_project_id, supported_at, delivery_id, payment_id, project_id, user_id) VALUES (1357, (SELECT projects.start_date + INTERVAL 13 DAY FROM projects WHERE projects.id=33), 1357, 1357, 33, 30);
INSERT INTO orders (order_id, created_at, delivery_id, payment_id, supporting_project_id) VALUES (1357, (SELECT projects.start_date + INTERVAL 13 DAY FROM projects WHERE projects.id=33), 1, 1357, 1357);
INSERT INTO supporting_packages(id, option_list, package_count, order_id, project_package_id, supporting_project_id) VALUES (1357, '["프리미엄"]', 8, 1357, 33, 1357);
INSERT INTO supporting_projects(supporting_project_id, supported_at, delivery_id, payment_id, project_id, user_id) VALUES (1358, (SELECT projects.start_date + INTERVAL 12 DAY FROM projects WHERE projects.id=35), 1358, 1358, 35, 6);
INSERT INTO orders (order_id, created_at, delivery_id, payment_id, supporting_project_id) VALUES (1358, (SELECT projects.start_date + INTERVAL 12 DAY FROM projects WHERE projects.id=35), 1, 1358, 1358);
INSERT INTO supporting_packages(id, option_list, package_count, order_id, project_package_id, supporting_project_id) VALUES (1358, '["프리미엄"]', 6, 1358, 35, 1358);
INSERT INTO supporting_projects(supporting_project_id, supported_at, delivery_id, payment_id, project_id, user_id) VALUES (1359, (SELECT projects.start_date + INTERVAL 23 DAY FROM projects WHERE projects.id=35), 1359, 1359, 35, 23);
INSERT INTO orders (order_id, created_at, delivery_id, payment_id, supporting_project_id) VALUES (1359, (SELECT projects.start_date + INTERVAL 23 DAY FROM projects WHERE projects.id=35), 1, 1359, 1359);
INSERT INTO supporting_packages(id, option_list, package_count, order_id, project_package_id, supporting_project_id) VALUES (1359, '["전통"]', 6, 1359, 35, 1359);
INSERT INTO supporting_projects(supporting_project_id, supported_at, delivery_id, payment_id, project_id, user_id) VALUES (1360, (SELECT projects.start_date + INTERVAL 19 DAY FROM projects WHERE projects.id=35), 1360, 1360, 35, 15);
INSERT INTO orders (order_id, created_at, delivery_id, payment_id, supporting_project_id) VALUES (1360, (SELECT projects.start_date + INTERVAL 19 DAY FROM projects WHERE projects.id=35), 1, 1360, 1360);
INSERT INTO supporting_packages(id, option_list, package_count, order_id, project_package_id, supporting_project_id) VALUES (1360, '["전통"]', 3, 1360, 35, 1360);
INSERT INTO supporting_projects(supporting_project_id, supported_at, delivery_id, payment_id, project_id, user_id) VALUES (1361, (SELECT projects.start_date + INTERVAL 28 DAY FROM projects WHERE projects.id=35), 1361, 1361, 35, 23);
INSERT INTO orders (order_id, created_at, delivery_id, payment_id, supporting_project_id) VALUES (1361, (SELECT projects.start_date + INTERVAL 28 DAY FROM projects WHERE projects.id=35), 1, 1361, 1361);
INSERT INTO supporting_packages(id, option_list, package_count, order_id, project_package_id, supporting_project_id) VALUES (1361, '["프리미엄"]', 2, 1361, 35, 1361);
INSERT INTO supporting_projects(supporting_project_id, supported_at, delivery_id, payment_id, project_id, user_id) VALUES (1362, (SELECT projects.start_date + INTERVAL 16 DAY FROM projects WHERE projects.id=35), 1362, 1362, 35, 36);
INSERT INTO orders (order_id, created_at, delivery_id, payment_id, supporting_project_id) VALUES (1362, (SELECT projects.start_date + INTERVAL 16 DAY FROM projects WHERE projects.id=35), 1, 1362, 1362);
INSERT INTO supporting_packages(id, option_list, package_count, order_id, project_package_id, supporting_project_id) VALUES (1362, '["전통"]', 3, 1362, 35, 1362);
INSERT INTO supporting_projects(supporting_project_id, supported_at, delivery_id, payment_id, project_id, user_id) VALUES (1363, (SELECT projects.start_date + INTERVAL 23 DAY FROM projects WHERE projects.id=35), 1363, 1363, 35, 36);
INSERT INTO orders (order_id, created_at, delivery_id, payment_id, supporting_project_id) VALUES (1363, (SELECT projects.start_date + INTERVAL 23 DAY FROM projects WHERE projects.id=35), 1, 1363, 1363);
INSERT INTO supporting_packages(id, option_list, package_count, order_id, project_package_id, supporting_project_id) VALUES (1363, '["전통"]', 5, 1363, 35, 1363);
INSERT INTO supporting_projects(supporting_project_id, supported_at, delivery_id, payment_id, project_id, user_id) VALUES (1364, (SELECT projects.start_date + INTERVAL 30 DAY FROM projects WHERE projects.id=35), 1364, 1364, 35, 33);
INSERT INTO orders (order_id, created_at, delivery_id, payment_id, supporting_project_id) VALUES (1364, (SELECT projects.start_date + INTERVAL 30 DAY FROM projects WHERE projects.id=35), 1, 1364, 1364);
INSERT INTO supporting_packages(id, option_list, package_count, order_id, project_package_id, supporting_project_id) VALUES (1364, '["전통"]', 7, 1364, 35, 1364);
INSERT INTO supporting_projects(supporting_project_id, supported_at, delivery_id, payment_id, project_id, user_id) VALUES (1365, (SELECT projects.start_date + INTERVAL 28 DAY FROM projects WHERE projects.id=35), 1365, 1365, 35, 34);
INSERT INTO orders (order_id, created_at, delivery_id, payment_id, supporting_project_id) VALUES (1365, (SELECT projects.start_date + INTERVAL 28 DAY FROM projects WHERE projects.id=35), 1, 1365, 1365);
INSERT INTO supporting_packages(id, option_list, package_count, order_id, project_package_id, supporting_project_id) VALUES (1365, '["퓨전"]', 6, 1365, 35, 1365);
INSERT INTO supporting_projects(supporting_project_id, supported_at, delivery_id, payment_id, project_id, user_id) VALUES (1366, (SELECT projects.start_date + INTERVAL 6 DAY FROM projects WHERE projects.id=35), 1366, 1366, 35, 34);
INSERT INTO orders (order_id, created_at, delivery_id, payment_id, supporting_project_id) VALUES (1366, (SELECT projects.start_date + INTERVAL 6 DAY FROM projects WHERE projects.id=35), 1, 1366, 1366);
INSERT INTO supporting_packages(id, option_list, package_count, order_id, project_package_id, supporting_project_id) VALUES (1366, '["퓨전"]', 7, 1366, 35, 1366);
INSERT INTO supporting_projects(supporting_project_id, supported_at, delivery_id, payment_id, project_id, user_id) VALUES (1367, (SELECT projects.start_date + INTERVAL 42 DAY FROM projects WHERE projects.id=35), 1367, 1367, 35, 13);
INSERT INTO orders (order_id, created_at, delivery_id, payment_id, supporting_project_id) VALUES (1367, (SELECT projects.start_date + INTERVAL 42 DAY FROM projects WHERE projects.id=35), 1, 1367, 1367);
INSERT INTO supporting_packages(id, option_list, package_count, order_id, project_package_id, supporting_project_id) VALUES (1367, '["전통"]', 1, 1367, 35, 1367);
INSERT INTO supporting_projects(supporting_project_id, supported_at, delivery_id, payment_id, project_id, user_id) VALUES (1368, (SELECT projects.start_date + INTERVAL 2 DAY FROM projects WHERE projects.id=35), 1368, 1368, 35, 19);
INSERT INTO orders (order_id, created_at, delivery_id, payment_id, supporting_project_id) VALUES (1368, (SELECT projects.start_date + INTERVAL 2 DAY FROM projects WHERE projects.id=35), 1, 1368, 1368);
INSERT INTO supporting_packages(id, option_list, package_count, order_id, project_package_id, supporting_project_id) VALUES (1368, '["프리미엄"]', 5, 1368, 35, 1368);
INSERT INTO supporting_projects(supporting_project_id, supported_at, delivery_id, payment_id, project_id, user_id) VALUES (1369, (SELECT projects.start_date + INTERVAL 42 DAY FROM projects WHERE projects.id=35), 1369, 1369, 35, 23);
INSERT INTO orders (order_id, created_at, delivery_id, payment_id, supporting_project_id) VALUES (1369, (SELECT projects.start_date + INTERVAL 42 DAY FROM projects WHERE projects.id=35), 1, 1369, 1369);
INSERT INTO supporting_packages(id, option_list, package_count, order_id, project_package_id, supporting_project_id) VALUES (1369, '["프리미엄"]', 3, 1369, 35, 1369);
INSERT INTO supporting_projects(supporting_project_id, supported_at, delivery_id, payment_id, project_id, user_id) VALUES (1370, (SELECT projects.start_date + INTERVAL 12 DAY FROM projects WHERE projects.id=35), 1370, 1370, 35, 8);
INSERT INTO orders (order_id, created_at, delivery_id, payment_id, supporting_project_id) VALUES (1370, (SELECT projects.start_date + INTERVAL 12 DAY FROM projects WHERE projects.id=35), 1, 1370, 1370);
INSERT INTO supporting_packages(id, option_list, package_count, order_id, project_package_id, supporting_project_id) VALUES (1370, '["프리미엄"]', 2, 1370, 35, 1370);
INSERT INTO supporting_projects(supporting_project_id, supported_at, delivery_id, payment_id, project_id, user_id) VALUES (1371, (SELECT projects.start_date + INTERVAL 26 DAY FROM projects WHERE projects.id=35), 1371, 1371, 35, 33);
INSERT INTO orders (order_id, created_at, delivery_id, payment_id, supporting_project_id) VALUES (1371, (SELECT projects.start_date + INTERVAL 26 DAY FROM projects WHERE projects.id=35), 1, 1371, 1371);
INSERT INTO supporting_packages(id, option_list, package_count, order_id, project_package_id, supporting_project_id) VALUES (1371, '["전통"]', 2, 1371, 35, 1371);
INSERT INTO supporting_projects(supporting_project_id, supported_at, delivery_id, payment_id, project_id, user_id) VALUES (1372, (SELECT projects.start_date + INTERVAL 30 DAY FROM projects WHERE projects.id=35), 1372, 1372, 35, 3);
INSERT INTO orders (order_id, created_at, delivery_id, payment_id, supporting_project_id) VALUES (1372, (SELECT projects.start_date + INTERVAL 30 DAY FROM projects WHERE projects.id=35), 1, 1372, 1372);
INSERT INTO supporting_packages(id, option_list, package_count, order_id, project_package_id, supporting_project_id) VALUES (1372, '["퓨전"]', 9, 1372, 35, 1372);
INSERT INTO supporting_projects(supporting_project_id, supported_at, delivery_id, payment_id, project_id, user_id) VALUES (1373, (SELECT projects.start_date + INTERVAL 50 DAY FROM projects WHERE projects.id=35), 1373, 1373, 35, 9);
INSERT INTO orders (order_id, created_at, delivery_id, payment_id, supporting_project_id) VALUES (1373, (SELECT projects.start_date + INTERVAL 50 DAY FROM projects WHERE projects.id=35), 1, 1373, 1373);
INSERT INTO supporting_packages(id, option_list, package_count, order_id, project_package_id, supporting_project_id) VALUES (1373, '["프리미엄"]', 4, 1373, 35, 1373);
INSERT INTO supporting_projects(supporting_project_id, supported_at, delivery_id, payment_id, project_id, user_id) VALUES (1374, (SELECT projects.start_date + INTERVAL 44 DAY FROM projects WHERE projects.id=35), 1374, 1374, 35, 14);
INSERT INTO orders (order_id, created_at, delivery_id, payment_id, supporting_project_id) VALUES (1374, (SELECT projects.start_date + INTERVAL 44 DAY FROM projects WHERE projects.id=35), 1, 1374, 1374);
INSERT INTO supporting_packages(id, option_list, package_count, order_id, project_package_id, supporting_project_id) VALUES (1374, '["전통"]', 9, 1374, 35, 1374);
INSERT INTO supporting_projects(supporting_project_id, supported_at, delivery_id, payment_id, project_id, user_id) VALUES (1375, (SELECT projects.start_date + INTERVAL 9 DAY FROM projects WHERE projects.id=35), 1375, 1375, 35, 39);
INSERT INTO orders (order_id, created_at, delivery_id, payment_id, supporting_project_id) VALUES (1375, (SELECT projects.start_date + INTERVAL 9 DAY FROM projects WHERE projects.id=35), 1, 1375, 1375);
INSERT INTO supporting_packages(id, option_list, package_count, order_id, project_package_id, supporting_project_id) VALUES (1375, '["전통"]', 4, 1375, 35, 1375);
INSERT INTO supporting_projects(supporting_project_id, supported_at, delivery_id, payment_id, project_id, user_id) VALUES (1376, (SELECT projects.start_date + INTERVAL 25 DAY FROM projects WHERE projects.id=35), 1376, 1376, 35, 13);
INSERT INTO orders (order_id, created_at, delivery_id, payment_id, supporting_project_id) VALUES (1376, (SELECT projects.start_date + INTERVAL 25 DAY FROM projects WHERE projects.id=35), 1, 1376, 1376);
INSERT INTO supporting_packages(id, option_list, package_count, order_id, project_package_id, supporting_project_id) VALUES (1376, '["프리미엄"]', 7, 1376, 35, 1376);
INSERT INTO supporting_projects(supporting_project_id, supported_at, delivery_id, payment_id, project_id, user_id) VALUES (1377, (SELECT projects.start_date + INTERVAL 32 DAY FROM projects WHERE projects.id=35), 1377, 1377, 35, 22);
INSERT INTO orders (order_id, created_at, delivery_id, payment_id, supporting_project_id) VALUES (1377, (SELECT projects.start_date + INTERVAL 32 DAY FROM projects WHERE projects.id=35), 1, 1377, 1377);
INSERT INTO supporting_packages(id, option_list, package_count, order_id, project_package_id, supporting_project_id) VALUES (1377, '["전통"]', 1, 1377, 35, 1377);
INSERT INTO supporting_projects(supporting_project_id, supported_at, delivery_id, payment_id, project_id, user_id) VALUES (1378, (SELECT projects.start_date + INTERVAL 19 DAY FROM projects WHERE projects.id=35), 1378, 1378, 35, 39);
INSERT INTO orders (order_id, created_at, delivery_id, payment_id, supporting_project_id) VALUES (1378, (SELECT projects.start_date + INTERVAL 19 DAY FROM projects WHERE projects.id=35), 1, 1378, 1378);
INSERT INTO supporting_packages(id, option_list, package_count, order_id, project_package_id, supporting_project_id) VALUES (1378, '["퓨전"]', 3, 1378, 35, 1378);
INSERT INTO supporting_projects(supporting_project_id, supported_at, delivery_id, payment_id, project_id, user_id) VALUES (1379, (SELECT projects.start_date + INTERVAL 36 DAY FROM projects WHERE projects.id=35), 1379, 1379, 35, 22);
INSERT INTO orders (order_id, created_at, delivery_id, payment_id, supporting_project_id) VALUES (1379, (SELECT projects.start_date + INTERVAL 36 DAY FROM projects WHERE projects.id=35), 1, 1379, 1379);
INSERT INTO supporting_packages(id, option_list, package_count, order_id, project_package_id, supporting_project_id) VALUES (1379, '["프리미엄"]', 8, 1379, 35, 1379);
INSERT INTO supporting_projects(supporting_project_id, supported_at, delivery_id, payment_id, project_id, user_id) VALUES (1380, (SELECT projects.start_date + INTERVAL 43 DAY FROM projects WHERE projects.id=35), 1380, 1380, 35, 13);
INSERT INTO orders (order_id, created_at, delivery_id, payment_id, supporting_project_id) VALUES (1380, (SELECT projects.start_date + INTERVAL 43 DAY FROM projects WHERE projects.id=35), 1, 1380, 1380);
INSERT INTO supporting_packages(id, option_list, package_count, order_id, project_package_id, supporting_project_id) VALUES (1380, '["전통"]', 1, 1380, 35, 1380);
INSERT INTO supporting_projects(supporting_project_id, supported_at, delivery_id, payment_id, project_id, user_id) VALUES (1381, (SELECT projects.start_date + INTERVAL 34 DAY FROM projects WHERE projects.id=35), 1381, 1381, 35, 9);
INSERT INTO orders (order_id, created_at, delivery_id, payment_id, supporting_project_id) VALUES (1381, (SELECT projects.start_date + INTERVAL 34 DAY FROM projects WHERE projects.id=35), 1, 1381, 1381);
INSERT INTO supporting_packages(id, option_list, package_count, order_id, project_package_id, supporting_project_id) VALUES (1381, '["프리미엄"]', 8, 1381, 35, 1381);
INSERT INTO supporting_projects(supporting_project_id, supported_at, delivery_id, payment_id, project_id, user_id) VALUES (1382, (SELECT projects.start_date + INTERVAL 33 DAY FROM projects WHERE projects.id=35), 1382, 1382, 35, 26);
INSERT INTO orders (order_id, created_at, delivery_id, payment_id, supporting_project_id) VALUES (1382, (SELECT projects.start_date + INTERVAL 33 DAY FROM projects WHERE projects.id=35), 1, 1382, 1382);
INSERT INTO supporting_packages(id, option_list, package_count, order_id, project_package_id, supporting_project_id) VALUES (1382, '["프리미엄"]', 10, 1382, 35, 1382);
INSERT INTO supporting_projects(supporting_project_id, supported_at, delivery_id, payment_id, project_id, user_id) VALUES (1383, (SELECT projects.start_date + INTERVAL 38 DAY FROM projects WHERE projects.id=35), 1383, 1383, 35, 39);
INSERT INTO orders (order_id, created_at, delivery_id, payment_id, supporting_project_id) VALUES (1383, (SELECT projects.start_date + INTERVAL 38 DAY FROM projects WHERE projects.id=35), 1, 1383, 1383);
INSERT INTO supporting_packages(id, option_list, package_count, order_id, project_package_id, supporting_project_id) VALUES (1383, '["전통"]', 3, 1383, 35, 1383);
INSERT INTO supporting_projects(supporting_project_id, supported_at, delivery_id, payment_id, project_id, user_id) VALUES (1384, (SELECT projects.start_date + INTERVAL 46 DAY FROM projects WHERE projects.id=35), 1384, 1384, 35, 33);
INSERT INTO orders (order_id, created_at, delivery_id, payment_id, supporting_project_id) VALUES (1384, (SELECT projects.start_date + INTERVAL 46 DAY FROM projects WHERE projects.id=35), 1, 1384, 1384);
INSERT INTO supporting_packages(id, option_list, package_count, order_id, project_package_id, supporting_project_id) VALUES (1384, '["퓨전"]', 1, 1384, 35, 1384);
INSERT INTO supporting_projects(supporting_project_id, supported_at, delivery_id, payment_id, project_id, user_id) VALUES (1385, (SELECT projects.start_date + INTERVAL 26 DAY FROM projects WHERE projects.id=35), 1385, 1385, 35, 5);
INSERT INTO orders (order_id, created_at, delivery_id, payment_id, supporting_project_id) VALUES (1385, (SELECT projects.start_date + INTERVAL 26 DAY FROM projects WHERE projects.id=35), 1, 1385, 1385);
INSERT INTO supporting_packages(id, option_list, package_count, order_id, project_package_id, supporting_project_id) VALUES (1385, '["퓨전"]', 1, 1385, 35, 1385);
INSERT INTO supporting_projects(supporting_project_id, supported_at, delivery_id, payment_id, project_id, user_id) VALUES (1386, (SELECT projects.start_date + INTERVAL 36 DAY FROM projects WHERE projects.id=35), 1386, 1386, 35, 6);
INSERT INTO orders (order_id, created_at, delivery_id, payment_id, supporting_project_id) VALUES (1386, (SELECT projects.start_date + INTERVAL 36 DAY FROM projects WHERE projects.id=35), 1, 1386, 1386);
INSERT INTO supporting_packages(id, option_list, package_count, order_id, project_package_id, supporting_project_id) VALUES (1386, '["프리미엄"]', 1, 1386, 35, 1386);
INSERT INTO supporting_projects(supporting_project_id, supported_at, delivery_id, payment_id, project_id, user_id) VALUES (1387, (SELECT projects.start_date + INTERVAL 32 DAY FROM projects WHERE projects.id=35), 1387, 1387, 35, 7);
INSERT INTO orders (order_id, created_at, delivery_id, payment_id, supporting_project_id) VALUES (1387, (SELECT projects.start_date + INTERVAL 32 DAY FROM projects WHERE projects.id=35), 1, 1387, 1387);
INSERT INTO supporting_packages(id, option_list, package_count, order_id, project_package_id, supporting_project_id) VALUES (1387, '["퓨전"]', 10, 1387, 35, 1387);
INSERT INTO supporting_projects(supporting_project_id, supported_at, delivery_id, payment_id, project_id, user_id) VALUES (1388, (SELECT projects.start_date + INTERVAL 17 DAY FROM projects WHERE projects.id=35), 1388, 1388, 35, 14);
INSERT INTO orders (order_id, created_at, delivery_id, payment_id, supporting_project_id) VALUES (1388, (SELECT projects.start_date + INTERVAL 17 DAY FROM projects WHERE projects.id=35), 1, 1388, 1388);
INSERT INTO supporting_packages(id, option_list, package_count, order_id, project_package_id, supporting_project_id) VALUES (1388, '["전통"]', 3, 1388, 35, 1388);
INSERT INTO supporting_projects(supporting_project_id, supported_at, delivery_id, payment_id, project_id, user_id) VALUES (1389, (SELECT projects.start_date + INTERVAL 25 DAY FROM projects WHERE projects.id=35), 1389, 1389, 35, 2);
INSERT INTO orders (order_id, created_at, delivery_id, payment_id, supporting_project_id) VALUES (1389, (SELECT projects.start_date + INTERVAL 25 DAY FROM projects WHERE projects.id=35), 1, 1389, 1389);
INSERT INTO supporting_packages(id, option_list, package_count, order_id, project_package_id, supporting_project_id) VALUES (1389, '["프리미엄"]', 10, 1389, 35, 1389);
INSERT INTO supporting_projects(supporting_project_id, supported_at, delivery_id, payment_id, project_id, user_id) VALUES (1390, (SELECT projects.start_date + INTERVAL 26 DAY FROM projects WHERE projects.id=35), 1390, 1390, 35, 25);
INSERT INTO orders (order_id, created_at, delivery_id, payment_id, supporting_project_id) VALUES (1390, (SELECT projects.start_date + INTERVAL 26 DAY FROM projects WHERE projects.id=35), 1, 1390, 1390);
INSERT INTO supporting_packages(id, option_list, package_count, order_id, project_package_id, supporting_project_id) VALUES (1390, '["전통"]', 7, 1390, 35, 1390);
INSERT INTO supporting_projects(supporting_project_id, supported_at, delivery_id, payment_id, project_id, user_id) VALUES (1391, (SELECT projects.start_date + INTERVAL 27 DAY FROM projects WHERE projects.id=35), 1391, 1391, 35, 17);
INSERT INTO orders (order_id, created_at, delivery_id, payment_id, supporting_project_id) VALUES (1391, (SELECT projects.start_date + INTERVAL 27 DAY FROM projects WHERE projects.id=35), 1, 1391, 1391);
INSERT INTO supporting_packages(id, option_list, package_count, order_id, project_package_id, supporting_project_id) VALUES (1391, '["프리미엄"]', 8, 1391, 35, 1391);
INSERT INTO supporting_projects(supporting_project_id, supported_at, delivery_id, payment_id, project_id, user_id) VALUES (1392, (SELECT projects.start_date + INTERVAL 33 DAY FROM projects WHERE projects.id=35), 1392, 1392, 35, 2);
INSERT INTO orders (order_id, created_at, delivery_id, payment_id, supporting_project_id) VALUES (1392, (SELECT projects.start_date + INTERVAL 33 DAY FROM projects WHERE projects.id=35), 1, 1392, 1392);
INSERT INTO supporting_packages(id, option_list, package_count, order_id, project_package_id, supporting_project_id) VALUES (1392, '["프리미엄"]', 9, 1392, 35, 1392);
INSERT INTO supporting_projects(supporting_project_id, supported_at, delivery_id, payment_id, project_id, user_id) VALUES (1393, (SELECT projects.start_date + INTERVAL 6 DAY FROM projects WHERE projects.id=35), 1393, 1393, 35, 8);
INSERT INTO orders (order_id, created_at, delivery_id, payment_id, supporting_project_id) VALUES (1393, (SELECT projects.start_date + INTERVAL 6 DAY FROM projects WHERE projects.id=35), 1, 1393, 1393);
INSERT INTO supporting_packages(id, option_list, package_count, order_id, project_package_id, supporting_project_id) VALUES (1393, '["전통"]', 6, 1393, 35, 1393);
INSERT INTO supporting_projects(supporting_project_id, supported_at, delivery_id, payment_id, project_id, user_id) VALUES (1394, (SELECT projects.start_date + INTERVAL 11 DAY FROM projects WHERE projects.id=35), 1394, 1394, 35, 23);
INSERT INTO orders (order_id, created_at, delivery_id, payment_id, supporting_project_id) VALUES (1394, (SELECT projects.start_date + INTERVAL 11 DAY FROM projects WHERE projects.id=35), 1, 1394, 1394);
INSERT INTO supporting_packages(id, option_list, package_count, order_id, project_package_id, supporting_project_id) VALUES (1394, '["프리미엄"]', 1, 1394, 35, 1394);
INSERT INTO supporting_projects(supporting_project_id, supported_at, delivery_id, payment_id, project_id, user_id) VALUES (1395, (SELECT projects.start_date + INTERVAL 39 DAY FROM projects WHERE projects.id=35), 1395, 1395, 35, 4);
INSERT INTO orders (order_id, created_at, delivery_id, payment_id, supporting_project_id) VALUES (1395, (SELECT projects.start_date + INTERVAL 39 DAY FROM projects WHERE projects.id=35), 1, 1395, 1395);
INSERT INTO supporting_packages(id, option_list, package_count, order_id, project_package_id, supporting_project_id) VALUES (1395, '["전통"]', 2, 1395, 35, 1395);
INSERT INTO supporting_projects(supporting_project_id, supported_at, delivery_id, payment_id, project_id, user_id) VALUES (1396, (SELECT projects.start_date + INTERVAL 21 DAY FROM projects WHERE projects.id=35), 1396, 1396, 35, 6);
INSERT INTO orders (order_id, created_at, delivery_id, payment_id, supporting_project_id) VALUES (1396, (SELECT projects.start_date + INTERVAL 21 DAY FROM projects WHERE projects.id=35), 1, 1396, 1396);
INSERT INTO supporting_packages(id, option_list, package_count, order_id, project_package_id, supporting_project_id) VALUES (1396, '["퓨전"]', 7, 1396, 35, 1396);
INSERT INTO supporting_projects(supporting_project_id, supported_at, delivery_id, payment_id, project_id, user_id) VALUES (1397, (SELECT projects.start_date + INTERVAL 26 DAY FROM projects WHERE projects.id=35), 1397, 1397, 35, 8);
INSERT INTO orders (order_id, created_at, delivery_id, payment_id, supporting_project_id) VALUES (1397, (SELECT projects.start_date + INTERVAL 26 DAY FROM projects WHERE projects.id=35), 1, 1397, 1397);
INSERT INTO supporting_packages(id, option_list, package_count, order_id, project_package_id, supporting_project_id) VALUES (1397, '["전통"]', 6, 1397, 35, 1397);
INSERT INTO supporting_projects(supporting_project_id, supported_at, delivery_id, payment_id, project_id, user_id) VALUES (1398, (SELECT projects.start_date + INTERVAL 48 DAY FROM projects WHERE projects.id=35), 1398, 1398, 35, 10);
INSERT INTO orders (order_id, created_at, delivery_id, payment_id, supporting_project_id) VALUES (1398, (SELECT projects.start_date + INTERVAL 48 DAY FROM projects WHERE projects.id=35), 1, 1398, 1398);
INSERT INTO supporting_packages(id, option_list, package_count, order_id, project_package_id, supporting_project_id) VALUES (1398, '["프리미엄"]', 1, 1398, 35, 1398);
INSERT INTO supporting_projects(supporting_project_id, supported_at, delivery_id, payment_id, project_id, user_id) VALUES (1399, (SELECT projects.start_date + INTERVAL 28 DAY FROM projects WHERE projects.id=35), 1399, 1399, 35, 5);
INSERT INTO orders (order_id, created_at, delivery_id, payment_id, supporting_project_id) VALUES (1399, (SELECT projects.start_date + INTERVAL 28 DAY FROM projects WHERE projects.id=35), 1, 1399, 1399);
INSERT INTO supporting_packages(id, option_list, package_count, order_id, project_package_id, supporting_project_id) VALUES (1399, '["전통"]', 6, 1399, 35, 1399);
INSERT INTO supporting_projects(supporting_project_id, supported_at, delivery_id, payment_id, project_id, user_id) VALUES (1400, (SELECT projects.start_date + INTERVAL 19 DAY FROM projects WHERE projects.id=35), 1400, 1400, 35, 20);
INSERT INTO orders (order_id, created_at, delivery_id, payment_id, supporting_project_id) VALUES (1400, (SELECT projects.start_date + INTERVAL 19 DAY FROM projects WHERE projects.id=35), 1, 1400, 1400);
INSERT INTO supporting_packages(id, option_list, package_count, order_id, project_package_id, supporting_project_id) VALUES (1400, '["프리미엄"]', 4, 1400, 35, 1400);
INSERT INTO supporting_projects(supporting_project_id, supported_at, delivery_id, payment_id, project_id, user_id) VALUES (1401, (SELECT projects.start_date + INTERVAL 18 DAY FROM projects WHERE projects.id=35), 1401, 1401, 35, 14);
INSERT INTO orders (order_id, created_at, delivery_id, payment_id, supporting_project_id) VALUES (1401, (SELECT projects.start_date + INTERVAL 18 DAY FROM projects WHERE projects.id=35), 1, 1401, 1401);
INSERT INTO supporting_packages(id, option_list, package_count, order_id, project_package_id, supporting_project_id) VALUES (1401, '["전통"]', 9, 1401, 35, 1401);
INSERT INTO supporting_projects(supporting_project_id, supported_at, delivery_id, payment_id, project_id, user_id) VALUES (1402, (SELECT projects.start_date + INTERVAL 38 DAY FROM projects WHERE projects.id=35), 1402, 1402, 35, 35);
INSERT INTO orders (order_id, created_at, delivery_id, payment_id, supporting_project_id) VALUES (1402, (SELECT projects.start_date + INTERVAL 38 DAY FROM projects WHERE projects.id=35), 1, 1402, 1402);
INSERT INTO supporting_packages(id, option_list, package_count, order_id, project_package_id, supporting_project_id) VALUES (1402, '["프리미엄"]', 5, 1402, 35, 1402);
INSERT INTO supporting_projects(supporting_project_id, supported_at, delivery_id, payment_id, project_id, user_id) VALUES (1403, (SELECT projects.start_date + INTERVAL 50 DAY FROM projects WHERE projects.id=35), 1403, 1403, 35, 8);
INSERT INTO orders (order_id, created_at, delivery_id, payment_id, supporting_project_id) VALUES (1403, (SELECT projects.start_date + INTERVAL 50 DAY FROM projects WHERE projects.id=35), 1, 1403, 1403);
INSERT INTO supporting_packages(id, option_list, package_count, order_id, project_package_id, supporting_project_id) VALUES (1403, '["프리미엄"]', 4, 1403, 35, 1403);
INSERT INTO supporting_projects(supporting_project_id, supported_at, delivery_id, payment_id, project_id, user_id) VALUES (1404, (SELECT projects.start_date + INTERVAL 28 DAY FROM projects WHERE projects.id=35), 1404, 1404, 35, 27);
INSERT INTO orders (order_id, created_at, delivery_id, payment_id, supporting_project_id) VALUES (1404, (SELECT projects.start_date + INTERVAL 28 DAY FROM projects WHERE projects.id=35), 1, 1404, 1404);
INSERT INTO supporting_packages(id, option_list, package_count, order_id, project_package_id, supporting_project_id) VALUES (1404, '["퓨전"]', 6, 1404, 35, 1404);
INSERT INTO supporting_projects(supporting_project_id, supported_at, delivery_id, payment_id, project_id, user_id) VALUES (1405, (SELECT projects.start_date + INTERVAL 8 DAY FROM projects WHERE projects.id=35), 1405, 1405, 35, 32);
INSERT INTO orders (order_id, created_at, delivery_id, payment_id, supporting_project_id) VALUES (1405, (SELECT projects.start_date + INTERVAL 8 DAY FROM projects WHERE projects.id=35), 1, 1405, 1405);
INSERT INTO supporting_packages(id, option_list, package_count, order_id, project_package_id, supporting_project_id) VALUES (1405, '["프리미엄"]', 1, 1405, 35, 1405);
INSERT INTO supporting_projects(supporting_project_id, supported_at, delivery_id, payment_id, project_id, user_id) VALUES (1406, (SELECT projects.start_date + INTERVAL 43 DAY FROM projects WHERE projects.id=35), 1406, 1406, 35, 14);
INSERT INTO orders (order_id, created_at, delivery_id, payment_id, supporting_project_id) VALUES (1406, (SELECT projects.start_date + INTERVAL 43 DAY FROM projects WHERE projects.id=35), 1, 1406, 1406);
INSERT INTO supporting_packages(id, option_list, package_count, order_id, project_package_id, supporting_project_id) VALUES (1406, '["전통"]', 5, 1406, 35, 1406);
INSERT INTO supporting_projects(supporting_project_id, supported_at, delivery_id, payment_id, project_id, user_id) VALUES (1407, (SELECT projects.start_date + INTERVAL 23 DAY FROM projects WHERE projects.id=35), 1407, 1407, 35, 24);
INSERT INTO orders (order_id, created_at, delivery_id, payment_id, supporting_project_id) VALUES (1407, (SELECT projects.start_date + INTERVAL 23 DAY FROM projects WHERE projects.id=35), 1, 1407, 1407);
INSERT INTO supporting_packages(id, option_list, package_count, order_id, project_package_id, supporting_project_id) VALUES (1407, '["퓨전"]', 4, 1407, 35, 1407);
INSERT INTO supporting_projects(supporting_project_id, supported_at, delivery_id, payment_id, project_id, user_id) VALUES (1408, (SELECT projects.start_date + INTERVAL 19 DAY FROM projects WHERE projects.id=35), 1408, 1408, 35, 20);
INSERT INTO orders (order_id, created_at, delivery_id, payment_id, supporting_project_id) VALUES (1408, (SELECT projects.start_date + INTERVAL 19 DAY FROM projects WHERE projects.id=35), 1, 1408, 1408);
INSERT INTO supporting_packages(id, option_list, package_count, order_id, project_package_id, supporting_project_id) VALUES (1408, '["전통"]', 5, 1408, 35, 1408);
INSERT INTO supporting_projects(supporting_project_id, supported_at, delivery_id, payment_id, project_id, user_id) VALUES (1409, (SELECT projects.start_date + INTERVAL 5 DAY FROM projects WHERE projects.id=35), 1409, 1409, 35, 35);
INSERT INTO orders (order_id, created_at, delivery_id, payment_id, supporting_project_id) VALUES (1409, (SELECT projects.start_date + INTERVAL 5 DAY FROM projects WHERE projects.id=35), 1, 1409, 1409);
INSERT INTO supporting_packages(id, option_list, package_count, order_id, project_package_id, supporting_project_id) VALUES (1409, '["전통"]', 7, 1409, 35, 1409);
INSERT INTO supporting_projects(supporting_project_id, supported_at, delivery_id, payment_id, project_id, user_id) VALUES (1410, (SELECT projects.start_date + INTERVAL 35 DAY FROM projects WHERE projects.id=35), 1410, 1410, 35, 6);
INSERT INTO orders (order_id, created_at, delivery_id, payment_id, supporting_project_id) VALUES (1410, (SELECT projects.start_date + INTERVAL 35 DAY FROM projects WHERE projects.id=35), 1, 1410, 1410);
INSERT INTO supporting_packages(id, option_list, package_count, order_id, project_package_id, supporting_project_id) VALUES (1410, '["프리미엄"]', 6, 1410, 35, 1410);
INSERT INTO supporting_projects(supporting_project_id, supported_at, delivery_id, payment_id, project_id, user_id) VALUES (1411, (SELECT projects.start_date + INTERVAL 15 DAY FROM projects WHERE projects.id=35), 1411, 1411, 35, 21);
INSERT INTO orders (order_id, created_at, delivery_id, payment_id, supporting_project_id) VALUES (1411, (SELECT projects.start_date + INTERVAL 15 DAY FROM projects WHERE projects.id=35), 1, 1411, 1411);
INSERT INTO supporting_packages(id, option_list, package_count, order_id, project_package_id, supporting_project_id) VALUES (1411, '["프리미엄"]', 10, 1411, 35, 1411);
INSERT INTO supporting_projects(supporting_project_id, supported_at, delivery_id, payment_id, project_id, user_id) VALUES (1412, (SELECT projects.start_date + INTERVAL 50 DAY FROM projects WHERE projects.id=35), 1412, 1412, 35, 4);
INSERT INTO orders (order_id, created_at, delivery_id, payment_id, supporting_project_id) VALUES (1412, (SELECT projects.start_date + INTERVAL 50 DAY FROM projects WHERE projects.id=35), 1, 1412, 1412);
INSERT INTO supporting_packages(id, option_list, package_count, order_id, project_package_id, supporting_project_id) VALUES (1412, '["프리미엄"]', 9, 1412, 35, 1412);
INSERT INTO supporting_projects(supporting_project_id, supported_at, delivery_id, payment_id, project_id, user_id) VALUES (1413, (SELECT projects.start_date + INTERVAL 34 DAY FROM projects WHERE projects.id=35), 1413, 1413, 35, 36);
INSERT INTO orders (order_id, created_at, delivery_id, payment_id, supporting_project_id) VALUES (1413, (SELECT projects.start_date + INTERVAL 34 DAY FROM projects WHERE projects.id=35), 1, 1413, 1413);
INSERT INTO supporting_packages(id, option_list, package_count, order_id, project_package_id, supporting_project_id) VALUES (1413, '["프리미엄"]', 3, 1413, 35, 1413);
INSERT INTO supporting_projects(supporting_project_id, supported_at, delivery_id, payment_id, project_id, user_id) VALUES (1414, (SELECT projects.start_date + INTERVAL 2 DAY FROM projects WHERE projects.id=35), 1414, 1414, 35, 17);
INSERT INTO orders (order_id, created_at, delivery_id, payment_id, supporting_project_id) VALUES (1414, (SELECT projects.start_date + INTERVAL 2 DAY FROM projects WHERE projects.id=35), 1, 1414, 1414);
INSERT INTO supporting_packages(id, option_list, package_count, order_id, project_package_id, supporting_project_id) VALUES (1414, '["전통"]', 4, 1414, 35, 1414);
INSERT INTO supporting_projects(supporting_project_id, supported_at, delivery_id, payment_id, project_id, user_id) VALUES (1415, (SELECT projects.start_date + INTERVAL 13 DAY FROM projects WHERE projects.id=35), 1415, 1415, 35, 14);
INSERT INTO orders (order_id, created_at, delivery_id, payment_id, supporting_project_id) VALUES (1415, (SELECT projects.start_date + INTERVAL 13 DAY FROM projects WHERE projects.id=35), 1, 1415, 1415);
INSERT INTO supporting_packages(id, option_list, package_count, order_id, project_package_id, supporting_project_id) VALUES (1415, '["퓨전"]', 5, 1415, 35, 1415);
INSERT INTO supporting_projects(supporting_project_id, supported_at, delivery_id, payment_id, project_id, user_id) VALUES (1416, (SELECT projects.start_date + INTERVAL 19 DAY FROM projects WHERE projects.id=35), 1416, 1416, 35, 28);
INSERT INTO orders (order_id, created_at, delivery_id, payment_id, supporting_project_id) VALUES (1416, (SELECT projects.start_date + INTERVAL 19 DAY FROM projects WHERE projects.id=35), 1, 1416, 1416);
INSERT INTO supporting_packages(id, option_list, package_count, order_id, project_package_id, supporting_project_id) VALUES (1416, '["전통"]', 9, 1416, 35, 1416);
INSERT INTO supporting_projects(supporting_project_id, supported_at, delivery_id, payment_id, project_id, user_id) VALUES (1417, (SELECT projects.start_date + INTERVAL 30 DAY FROM projects WHERE projects.id=35), 1417, 1417, 35, 33);
INSERT INTO orders (order_id, created_at, delivery_id, payment_id, supporting_project_id) VALUES (1417, (SELECT projects.start_date + INTERVAL 30 DAY FROM projects WHERE projects.id=35), 1, 1417, 1417);
INSERT INTO supporting_packages(id, option_list, package_count, order_id, project_package_id, supporting_project_id) VALUES (1417, '["전통"]', 8, 1417, 35, 1417);
INSERT INTO supporting_projects(supporting_project_id, supported_at, delivery_id, payment_id, project_id, user_id) VALUES (1418, (SELECT projects.start_date + INTERVAL 14 DAY FROM projects WHERE projects.id=35), 1418, 1418, 35, 11);
INSERT INTO orders (order_id, created_at, delivery_id, payment_id, supporting_project_id) VALUES (1418, (SELECT projects.start_date + INTERVAL 14 DAY FROM projects WHERE projects.id=35), 1, 1418, 1418);
INSERT INTO supporting_packages(id, option_list, package_count, order_id, project_package_id, supporting_project_id) VALUES (1418, '["전통"]', 2, 1418, 35, 1418);
INSERT INTO supporting_projects(supporting_project_id, supported_at, delivery_id, payment_id, project_id, user_id) VALUES (1419, (SELECT projects.start_date + INTERVAL 47 DAY FROM projects WHERE projects.id=35), 1419, 1419, 35, 8);
INSERT INTO orders (order_id, created_at, delivery_id, payment_id, supporting_project_id) VALUES (1419, (SELECT projects.start_date + INTERVAL 47 DAY FROM projects WHERE projects.id=35), 1, 1419, 1419);
INSERT INTO supporting_packages(id, option_list, package_count, order_id, project_package_id, supporting_project_id) VALUES (1419, '["프리미엄"]', 10, 1419, 35, 1419);
INSERT INTO supporting_projects(supporting_project_id, supported_at, delivery_id, payment_id, project_id, user_id) VALUES (1420, (SELECT projects.start_date + INTERVAL 32 DAY FROM projects WHERE projects.id=35), 1420, 1420, 35, 37);
INSERT INTO orders (order_id, created_at, delivery_id, payment_id, supporting_project_id) VALUES (1420, (SELECT projects.start_date + INTERVAL 32 DAY FROM projects WHERE projects.id=35), 1, 1420, 1420);
INSERT INTO supporting_packages(id, option_list, package_count, order_id, project_package_id, supporting_project_id) VALUES (1420, '["전통"]', 8, 1420, 35, 1420);
INSERT INTO supporting_projects(supporting_project_id, supported_at, delivery_id, payment_id, project_id, user_id) VALUES (1421, (SELECT projects.start_date + INTERVAL 10 DAY FROM projects WHERE projects.id=35), 1421, 1421, 35, 35);
INSERT INTO orders (order_id, created_at, delivery_id, payment_id, supporting_project_id) VALUES (1421, (SELECT projects.start_date + INTERVAL 10 DAY FROM projects WHERE projects.id=35), 1, 1421, 1421);
INSERT INTO supporting_packages(id, option_list, package_count, order_id, project_package_id, supporting_project_id) VALUES (1421, '["퓨전"]', 2, 1421, 35, 1421);
INSERT INTO supporting_projects(supporting_project_id, supported_at, delivery_id, payment_id, project_id, user_id) VALUES (1422, (SELECT projects.start_date + INTERVAL 42 DAY FROM projects WHERE projects.id=35), 1422, 1422, 35, 11);
INSERT INTO orders (order_id, created_at, delivery_id, payment_id, supporting_project_id) VALUES (1422, (SELECT projects.start_date + INTERVAL 42 DAY FROM projects WHERE projects.id=35), 1, 1422, 1422);
INSERT INTO supporting_packages(id, option_list, package_count, order_id, project_package_id, supporting_project_id) VALUES (1422, '["프리미엄"]', 4, 1422, 35, 1422);
INSERT INTO supporting_projects(supporting_project_id, supported_at, delivery_id, payment_id, project_id, user_id) VALUES (1423, (SELECT projects.start_date + INTERVAL 32 DAY FROM projects WHERE projects.id=35), 1423, 1423, 35, 38);
INSERT INTO orders (order_id, created_at, delivery_id, payment_id, supporting_project_id) VALUES (1423, (SELECT projects.start_date + INTERVAL 32 DAY FROM projects WHERE projects.id=35), 1, 1423, 1423);
INSERT INTO supporting_packages(id, option_list, package_count, order_id, project_package_id, supporting_project_id) VALUES (1423, '["프리미엄"]', 6, 1423, 35, 1423);
INSERT INTO supporting_projects(supporting_project_id, supported_at, delivery_id, payment_id, project_id, user_id) VALUES (1424, (SELECT projects.start_date + INTERVAL 44 DAY FROM projects WHERE projects.id=35), 1424, 1424, 35, 18);
INSERT INTO orders (order_id, created_at, delivery_id, payment_id, supporting_project_id) VALUES (1424, (SELECT projects.start_date + INTERVAL 44 DAY FROM projects WHERE projects.id=35), 1, 1424, 1424);
INSERT INTO supporting_packages(id, option_list, package_count, order_id, project_package_id, supporting_project_id) VALUES (1424, '["전통"]', 5, 1424, 35, 1424);
INSERT INTO supporting_projects(supporting_project_id, supported_at, delivery_id, payment_id, project_id, user_id) VALUES (1425, (SELECT projects.start_date + INTERVAL 18 DAY FROM projects WHERE projects.id=35), 1425, 1425, 35, 8);
INSERT INTO orders (order_id, created_at, delivery_id, payment_id, supporting_project_id) VALUES (1425, (SELECT projects.start_date + INTERVAL 18 DAY FROM projects WHERE projects.id=35), 1, 1425, 1425);
INSERT INTO supporting_packages(id, option_list, package_count, order_id, project_package_id, supporting_project_id) VALUES (1425, '["프리미엄"]', 8, 1425, 35, 1425);
INSERT INTO supporting_projects(supporting_project_id, supported_at, delivery_id, payment_id, project_id, user_id) VALUES (1426, (SELECT projects.start_date + INTERVAL 33 DAY FROM projects WHERE projects.id=35), 1426, 1426, 35, 6);
INSERT INTO orders (order_id, created_at, delivery_id, payment_id, supporting_project_id) VALUES (1426, (SELECT projects.start_date + INTERVAL 33 DAY FROM projects WHERE projects.id=35), 1, 1426, 1426);
INSERT INTO supporting_packages(id, option_list, package_count, order_id, project_package_id, supporting_project_id) VALUES (1426, '["퓨전"]', 8, 1426, 35, 1426);
INSERT INTO supporting_projects(supporting_project_id, supported_at, delivery_id, payment_id, project_id, user_id) VALUES (1427, (SELECT projects.start_date + INTERVAL 3 DAY FROM projects WHERE projects.id=35), 1427, 1427, 35, 39);
INSERT INTO orders (order_id, created_at, delivery_id, payment_id, supporting_project_id) VALUES (1427, (SELECT projects.start_date + INTERVAL 3 DAY FROM projects WHERE projects.id=35), 1, 1427, 1427);
INSERT INTO supporting_packages(id, option_list, package_count, order_id, project_package_id, supporting_project_id) VALUES (1427, '["퓨전"]', 8, 1427, 35, 1427);
INSERT INTO supporting_projects(supporting_project_id, supported_at, delivery_id, payment_id, project_id, user_id) VALUES (1428, (SELECT projects.start_date + INTERVAL 7 DAY FROM projects WHERE projects.id=35), 1428, 1428, 35, 7);
INSERT INTO orders (order_id, created_at, delivery_id, payment_id, supporting_project_id) VALUES (1428, (SELECT projects.start_date + INTERVAL 7 DAY FROM projects WHERE projects.id=35), 1, 1428, 1428);
INSERT INTO supporting_packages(id, option_list, package_count, order_id, project_package_id, supporting_project_id) VALUES (1428, '["프리미엄"]', 9, 1428, 35, 1428);
INSERT INTO supporting_projects(supporting_project_id, supported_at, delivery_id, payment_id, project_id, user_id) VALUES (1429, (SELECT projects.start_date + INTERVAL 8 DAY FROM projects WHERE projects.id=35), 1429, 1429, 35, 17);
INSERT INTO orders (order_id, created_at, delivery_id, payment_id, supporting_project_id) VALUES (1429, (SELECT projects.start_date + INTERVAL 8 DAY FROM projects WHERE projects.id=35), 1, 1429, 1429);
INSERT INTO supporting_packages(id, option_list, package_count, order_id, project_package_id, supporting_project_id) VALUES (1429, '["퓨전"]', 6, 1429, 35, 1429);
INSERT INTO supporting_projects(supporting_project_id, supported_at, delivery_id, payment_id, project_id, user_id) VALUES (1430, (SELECT projects.start_date + INTERVAL 20 DAY FROM projects WHERE projects.id=35), 1430, 1430, 35, 19);
INSERT INTO orders (order_id, created_at, delivery_id, payment_id, supporting_project_id) VALUES (1430, (SELECT projects.start_date + INTERVAL 20 DAY FROM projects WHERE projects.id=35), 1, 1430, 1430);
INSERT INTO supporting_packages(id, option_list, package_count, order_id, project_package_id, supporting_project_id) VALUES (1430, '["프리미엄"]', 1, 1430, 35, 1430);
INSERT INTO supporting_projects(supporting_project_id, supported_at, delivery_id, payment_id, project_id, user_id) VALUES (1431, (SELECT projects.start_date + INTERVAL 40 DAY FROM projects WHERE projects.id=35), 1431, 1431, 35, 4);
INSERT INTO orders (order_id, created_at, delivery_id, payment_id, supporting_project_id) VALUES (1431, (SELECT projects.start_date + INTERVAL 40 DAY FROM projects WHERE projects.id=35), 1, 1431, 1431);
INSERT INTO supporting_packages(id, option_list, package_count, order_id, project_package_id, supporting_project_id) VALUES (1431, '["전통"]', 4, 1431, 35, 1431);
INSERT INTO supporting_projects(supporting_project_id, supported_at, delivery_id, payment_id, project_id, user_id) VALUES (1432, (SELECT projects.start_date + INTERVAL 8 DAY FROM projects WHERE projects.id=35), 1432, 1432, 35, 15);
INSERT INTO orders (order_id, created_at, delivery_id, payment_id, supporting_project_id) VALUES (1432, (SELECT projects.start_date + INTERVAL 8 DAY FROM projects WHERE projects.id=35), 1, 1432, 1432);
INSERT INTO supporting_packages(id, option_list, package_count, order_id, project_package_id, supporting_project_id) VALUES (1432, '["프리미엄"]', 2, 1432, 35, 1432);
INSERT INTO supporting_projects(supporting_project_id, supported_at, delivery_id, payment_id, project_id, user_id) VALUES (1433, (SELECT projects.start_date + INTERVAL 31 DAY FROM projects WHERE projects.id=35), 1433, 1433, 35, 1);
INSERT INTO orders (order_id, created_at, delivery_id, payment_id, supporting_project_id) VALUES (1433, (SELECT projects.start_date + INTERVAL 31 DAY FROM projects WHERE projects.id=35), 1, 1433, 1433);
INSERT INTO supporting_packages(id, option_list, package_count, order_id, project_package_id, supporting_project_id) VALUES (1433, '["퓨전"]', 2, 1433, 35, 1433);
INSERT INTO supporting_projects(supporting_project_id, supported_at, delivery_id, payment_id, project_id, user_id) VALUES (1434, (SELECT projects.start_date + INTERVAL 17 DAY FROM projects WHERE projects.id=35), 1434, 1434, 35, 1);
INSERT INTO orders (order_id, created_at, delivery_id, payment_id, supporting_project_id) VALUES (1434, (SELECT projects.start_date + INTERVAL 17 DAY FROM projects WHERE projects.id=35), 1, 1434, 1434);
INSERT INTO supporting_packages(id, option_list, package_count, order_id, project_package_id, supporting_project_id) VALUES (1434, '["전통"]', 4, 1434, 35, 1434);
INSERT INTO supporting_projects(supporting_project_id, supported_at, delivery_id, payment_id, project_id, user_id) VALUES (1435, (SELECT projects.start_date + INTERVAL 21 DAY FROM projects WHERE projects.id=35), 1435, 1435, 35, 17);
INSERT INTO orders (order_id, created_at, delivery_id, payment_id, supporting_project_id) VALUES (1435, (SELECT projects.start_date + INTERVAL 21 DAY FROM projects WHERE projects.id=35), 1, 1435, 1435);
INSERT INTO supporting_packages(id, option_list, package_count, order_id, project_package_id, supporting_project_id) VALUES (1435, '["전통"]', 4, 1435, 35, 1435);
INSERT INTO supporting_projects(supporting_project_id, supported_at, delivery_id, payment_id, project_id, user_id) VALUES (1436, (SELECT projects.start_date + INTERVAL 7 DAY FROM projects WHERE projects.id=35), 1436, 1436, 35, 10);
INSERT INTO orders (order_id, created_at, delivery_id, payment_id, supporting_project_id) VALUES (1436, (SELECT projects.start_date + INTERVAL 7 DAY FROM projects WHERE projects.id=35), 1, 1436, 1436);
INSERT INTO supporting_packages(id, option_list, package_count, order_id, project_package_id, supporting_project_id) VALUES (1436, '["전통"]', 8, 1436, 35, 1436);
INSERT INTO supporting_projects(supporting_project_id, supported_at, delivery_id, payment_id, project_id, user_id) VALUES (1437, (SELECT projects.start_date + INTERVAL 28 DAY FROM projects WHERE projects.id=35), 1437, 1437, 35, 27);
INSERT INTO orders (order_id, created_at, delivery_id, payment_id, supporting_project_id) VALUES (1437, (SELECT projects.start_date + INTERVAL 28 DAY FROM projects WHERE projects.id=35), 1, 1437, 1437);
INSERT INTO supporting_packages(id, option_list, package_count, order_id, project_package_id, supporting_project_id) VALUES (1437, '["퓨전"]', 7, 1437, 35, 1437);
INSERT INTO supporting_projects(supporting_project_id, supported_at, delivery_id, payment_id, project_id, user_id) VALUES (1438, (SELECT projects.start_date + INTERVAL 7 DAY FROM projects WHERE projects.id=35), 1438, 1438, 35, 7);
INSERT INTO orders (order_id, created_at, delivery_id, payment_id, supporting_project_id) VALUES (1438, (SELECT projects.start_date + INTERVAL 7 DAY FROM projects WHERE projects.id=35), 1, 1438, 1438);
INSERT INTO supporting_packages(id, option_list, package_count, order_id, project_package_id, supporting_project_id) VALUES (1438, '["전통"]', 1, 1438, 35, 1438);
INSERT INTO supporting_projects(supporting_project_id, supported_at, delivery_id, payment_id, project_id, user_id) VALUES (1439, (SELECT projects.start_date + INTERVAL 17 DAY FROM projects WHERE projects.id=35), 1439, 1439, 35, 9);
INSERT INTO orders (order_id, created_at, delivery_id, payment_id, supporting_project_id) VALUES (1439, (SELECT projects.start_date + INTERVAL 17 DAY FROM projects WHERE projects.id=35), 1, 1439, 1439);
INSERT INTO supporting_packages(id, option_list, package_count, order_id, project_package_id, supporting_project_id) VALUES (1439, '["전통"]', 10, 1439, 35, 1439);
INSERT INTO supporting_projects(supporting_project_id, supported_at, delivery_id, payment_id, project_id, user_id) VALUES (1440, (SELECT projects.start_date + INTERVAL 19 DAY FROM projects WHERE projects.id=35), 1440, 1440, 35, 21);
INSERT INTO orders (order_id, created_at, delivery_id, payment_id, supporting_project_id) VALUES (1440, (SELECT projects.start_date + INTERVAL 19 DAY FROM projects WHERE projects.id=35), 1, 1440, 1440);
INSERT INTO supporting_packages(id, option_list, package_count, order_id, project_package_id, supporting_project_id) VALUES (1440, '["퓨전"]', 1, 1440, 35, 1440);
INSERT INTO supporting_projects(supporting_project_id, supported_at, delivery_id, payment_id, project_id, user_id) VALUES (1441, (SELECT projects.start_date + INTERVAL 14 DAY FROM projects WHERE projects.id=35), 1441, 1441, 35, 29);
INSERT INTO orders (order_id, created_at, delivery_id, payment_id, supporting_project_id) VALUES (1441, (SELECT projects.start_date + INTERVAL 14 DAY FROM projects WHERE projects.id=35), 1, 1441, 1441);
INSERT INTO supporting_packages(id, option_list, package_count, order_id, project_package_id, supporting_project_id) VALUES (1441, '["퓨전"]', 4, 1441, 35, 1441);
INSERT INTO supporting_projects(supporting_project_id, supported_at, delivery_id, payment_id, project_id, user_id) VALUES (1442, (SELECT projects.start_date + INTERVAL 2 DAY FROM projects WHERE projects.id=35), 1442, 1442, 35, 38);
INSERT INTO orders (order_id, created_at, delivery_id, payment_id, supporting_project_id) VALUES (1442, (SELECT projects.start_date + INTERVAL 2 DAY FROM projects WHERE projects.id=35), 1, 1442, 1442);
INSERT INTO supporting_packages(id, option_list, package_count, order_id, project_package_id, supporting_project_id) VALUES (1442, '["프리미엄"]', 3, 1442, 35, 1442);
INSERT INTO supporting_projects(supporting_project_id, supported_at, delivery_id, payment_id, project_id, user_id) VALUES (1443, (SELECT projects.start_date + INTERVAL 48 DAY FROM projects WHERE projects.id=35), 1443, 1443, 35, 1);
INSERT INTO orders (order_id, created_at, delivery_id, payment_id, supporting_project_id) VALUES (1443, (SELECT projects.start_date + INTERVAL 48 DAY FROM projects WHERE projects.id=35), 1, 1443, 1443);
INSERT INTO supporting_packages(id, option_list, package_count, order_id, project_package_id, supporting_project_id) VALUES (1443, '["프리미엄"]', 8, 1443, 35, 1443);
INSERT INTO supporting_projects(supporting_project_id, supported_at, delivery_id, payment_id, project_id, user_id) VALUES (1444, (SELECT projects.start_date + INTERVAL 46 DAY FROM projects WHERE projects.id=35), 1444, 1444, 35, 16);
INSERT INTO orders (order_id, created_at, delivery_id, payment_id, supporting_project_id) VALUES (1444, (SELECT projects.start_date + INTERVAL 46 DAY FROM projects WHERE projects.id=35), 1, 1444, 1444);
INSERT INTO supporting_packages(id, option_list, package_count, order_id, project_package_id, supporting_project_id) VALUES (1444, '["프리미엄"]', 8, 1444, 35, 1444);
INSERT INTO supporting_projects(supporting_project_id, supported_at, delivery_id, payment_id, project_id, user_id) VALUES (1445, (SELECT projects.start_date + INTERVAL 49 DAY FROM projects WHERE projects.id=35), 1445, 1445, 35, 36);
INSERT INTO orders (order_id, created_at, delivery_id, payment_id, supporting_project_id) VALUES (1445, (SELECT projects.start_date + INTERVAL 49 DAY FROM projects WHERE projects.id=35), 1, 1445, 1445);
INSERT INTO supporting_packages(id, option_list, package_count, order_id, project_package_id, supporting_project_id) VALUES (1445, '["프리미엄"]', 9, 1445, 35, 1445);
INSERT INTO supporting_projects(supporting_project_id, supported_at, delivery_id, payment_id, project_id, user_id) VALUES (1446, (SELECT projects.start_date + INTERVAL 5 DAY FROM projects WHERE projects.id=35), 1446, 1446, 35, 18);
INSERT INTO orders (order_id, created_at, delivery_id, payment_id, supporting_project_id) VALUES (1446, (SELECT projects.start_date + INTERVAL 5 DAY FROM projects WHERE projects.id=35), 1, 1446, 1446);
INSERT INTO supporting_packages(id, option_list, package_count, order_id, project_package_id, supporting_project_id) VALUES (1446, '["퓨전"]', 3, 1446, 35, 1446);
INSERT INTO supporting_projects(supporting_project_id, supported_at, delivery_id, payment_id, project_id, user_id) VALUES (1447, (SELECT projects.start_date + INTERVAL 39 DAY FROM projects WHERE projects.id=35), 1447, 1447, 35, 39);
INSERT INTO orders (order_id, created_at, delivery_id, payment_id, supporting_project_id) VALUES (1447, (SELECT projects.start_date + INTERVAL 39 DAY FROM projects WHERE projects.id=35), 1, 1447, 1447);
INSERT INTO supporting_packages(id, option_list, package_count, order_id, project_package_id, supporting_project_id) VALUES (1447, '["전통"]', 3, 1447, 35, 1447);
INSERT INTO supporting_projects(supporting_project_id, supported_at, delivery_id, payment_id, project_id, user_id) VALUES (1448, (SELECT projects.start_date + INTERVAL 47 DAY FROM projects WHERE projects.id=35), 1448, 1448, 35, 11);
INSERT INTO orders (order_id, created_at, delivery_id, payment_id, supporting_project_id) VALUES (1448, (SELECT projects.start_date + INTERVAL 47 DAY FROM projects WHERE projects.id=35), 1, 1448, 1448);
INSERT INTO supporting_packages(id, option_list, package_count, order_id, project_package_id, supporting_project_id) VALUES (1448, '["퓨전"]', 8, 1448, 35, 1448);
INSERT INTO supporting_projects(supporting_project_id, supported_at, delivery_id, payment_id, project_id, user_id) VALUES (1449, (SELECT projects.start_date + INTERVAL 40 DAY FROM projects WHERE projects.id=35), 1449, 1449, 35, 21);
INSERT INTO orders (order_id, created_at, delivery_id, payment_id, supporting_project_id) VALUES (1449, (SELECT projects.start_date + INTERVAL 40 DAY FROM projects WHERE projects.id=35), 1, 1449, 1449);
INSERT INTO supporting_packages(id, option_list, package_count, order_id, project_package_id, supporting_project_id) VALUES (1449, '["퓨전"]', 10, 1449, 35, 1449);
INSERT INTO supporting_projects(supporting_project_id, supported_at, delivery_id, payment_id, project_id, user_id) VALUES (1450, (SELECT projects.start_date + INTERVAL 17 DAY FROM projects WHERE projects.id=35), 1450, 1450, 35, 32);
INSERT INTO orders (order_id, created_at, delivery_id, payment_id, supporting_project_id) VALUES (1450, (SELECT projects.start_date + INTERVAL 17 DAY FROM projects WHERE projects.id=35), 1, 1450, 1450);
INSERT INTO supporting_packages(id, option_list, package_count, order_id, project_package_id, supporting_project_id) VALUES (1450, '["전통"]', 2, 1450, 35, 1450);
INSERT INTO supporting_projects(supporting_project_id, supported_at, delivery_id, payment_id, project_id, user_id) VALUES (1451, (SELECT projects.start_date + INTERVAL 50 DAY FROM projects WHERE projects.id=35), 1451, 1451, 35, 22);
INSERT INTO orders (order_id, created_at, delivery_id, payment_id, supporting_project_id) VALUES (1451, (SELECT projects.start_date + INTERVAL 50 DAY FROM projects WHERE projects.id=35), 1, 1451, 1451);
INSERT INTO supporting_packages(id, option_list, package_count, order_id, project_package_id, supporting_project_id) VALUES (1451, '["프리미엄"]', 3, 1451, 35, 1451);
INSERT INTO supporting_projects(supporting_project_id, supported_at, delivery_id, payment_id, project_id, user_id) VALUES (1452, (SELECT projects.start_date + INTERVAL 19 DAY FROM projects WHERE projects.id=35), 1452, 1452, 35, 4);
INSERT INTO orders (order_id, created_at, delivery_id, payment_id, supporting_project_id) VALUES (1452, (SELECT projects.start_date + INTERVAL 19 DAY FROM projects WHERE projects.id=35), 1, 1452, 1452);
INSERT INTO supporting_packages(id, option_list, package_count, order_id, project_package_id, supporting_project_id) VALUES (1452, '["퓨전"]', 9, 1452, 35, 1452);
INSERT INTO supporting_projects(supporting_project_id, supported_at, delivery_id, payment_id, project_id, user_id) VALUES (1453, (SELECT projects.start_date + INTERVAL 4 DAY FROM projects WHERE projects.id=35), 1453, 1453, 35, 23);
INSERT INTO orders (order_id, created_at, delivery_id, payment_id, supporting_project_id) VALUES (1453, (SELECT projects.start_date + INTERVAL 4 DAY FROM projects WHERE projects.id=35), 1, 1453, 1453);
INSERT INTO supporting_packages(id, option_list, package_count, order_id, project_package_id, supporting_project_id) VALUES (1453, '["프리미엄"]', 7, 1453, 35, 1453);
INSERT INTO supporting_projects(supporting_project_id, supported_at, delivery_id, payment_id, project_id, user_id) VALUES (1454, (SELECT projects.start_date + INTERVAL 41 DAY FROM projects WHERE projects.id=35), 1454, 1454, 35, 8);
INSERT INTO orders (order_id, created_at, delivery_id, payment_id, supporting_project_id) VALUES (1454, (SELECT projects.start_date + INTERVAL 41 DAY FROM projects WHERE projects.id=35), 1, 1454, 1454);
INSERT INTO supporting_packages(id, option_list, package_count, order_id, project_package_id, supporting_project_id) VALUES (1454, '["전통"]', 2, 1454, 35, 1454);
INSERT INTO supporting_projects(supporting_project_id, supported_at, delivery_id, payment_id, project_id, user_id) VALUES (1455, (SELECT projects.start_date + INTERVAL 35 DAY FROM projects WHERE projects.id=35), 1455, 1455, 35, 10);
INSERT INTO orders (order_id, created_at, delivery_id, payment_id, supporting_project_id) VALUES (1455, (SELECT projects.start_date + INTERVAL 35 DAY FROM projects WHERE projects.id=35), 1, 1455, 1455);
INSERT INTO supporting_packages(id, option_list, package_count, order_id, project_package_id, supporting_project_id) VALUES (1455, '["퓨전"]', 6, 1455, 35, 1455);
INSERT INTO supporting_projects(supporting_project_id, supported_at, delivery_id, payment_id, project_id, user_id) VALUES (1456, (SELECT projects.start_date + INTERVAL 47 DAY FROM projects WHERE projects.id=35), 1456, 1456, 35, 35);
INSERT INTO orders (order_id, created_at, delivery_id, payment_id, supporting_project_id) VALUES (1456, (SELECT projects.start_date + INTERVAL 47 DAY FROM projects WHERE projects.id=35), 1, 1456, 1456);
INSERT INTO supporting_packages(id, option_list, package_count, order_id, project_package_id, supporting_project_id) VALUES (1456, '["전통"]', 3, 1456, 35, 1456);
INSERT INTO supporting_projects(supporting_project_id, supported_at, delivery_id, payment_id, project_id, user_id) VALUES (1457, (SELECT projects.start_date + INTERVAL 2 DAY FROM projects WHERE projects.id=36), 1457, 1457, 36, 10);
INSERT INTO orders (order_id, created_at, delivery_id, payment_id, supporting_project_id) VALUES (1457, (SELECT projects.start_date + INTERVAL 2 DAY FROM projects WHERE projects.id=36), 1, 1457, 1457);
INSERT INTO supporting_packages(id, option_list, package_count, order_id, project_package_id, supporting_project_id) VALUES (1457, '["고급자용"]', 9, 1457, 36, 1457);
INSERT INTO supporting_projects(supporting_project_id, supported_at, delivery_id, payment_id, project_id, user_id) VALUES (1458, (SELECT projects.start_date + INTERVAL 37 DAY FROM projects WHERE projects.id=36), 1458, 1458, 36, 32);
INSERT INTO orders (order_id, created_at, delivery_id, payment_id, supporting_project_id) VALUES (1458, (SELECT projects.start_date + INTERVAL 37 DAY FROM projects WHERE projects.id=36), 1, 1458, 1458);
INSERT INTO supporting_packages(id, option_list, package_count, order_id, project_package_id, supporting_project_id) VALUES (1458, '["고급자용"]', 9, 1458, 36, 1458);
INSERT INTO supporting_projects(supporting_project_id, supported_at, delivery_id, payment_id, project_id, user_id) VALUES (1459, (SELECT projects.start_date + INTERVAL 40 DAY FROM projects WHERE projects.id=36), 1459, 1459, 36, 33);
INSERT INTO orders (order_id, created_at, delivery_id, payment_id, supporting_project_id) VALUES (1459, (SELECT projects.start_date + INTERVAL 40 DAY FROM projects WHERE projects.id=36), 1, 1459, 1459);
INSERT INTO supporting_packages(id, option_list, package_count, order_id, project_package_id, supporting_project_id) VALUES (1459, '["전문가용"]', 1, 1459, 36, 1459);
INSERT INTO supporting_projects(supporting_project_id, supported_at, delivery_id, payment_id, project_id, user_id) VALUES (1460, (SELECT projects.start_date + INTERVAL 8 DAY FROM projects WHERE projects.id=36), 1460, 1460, 36, 21);
INSERT INTO orders (order_id, created_at, delivery_id, payment_id, supporting_project_id) VALUES (1460, (SELECT projects.start_date + INTERVAL 8 DAY FROM projects WHERE projects.id=36), 1, 1460, 1460);
INSERT INTO supporting_packages(id, option_list, package_count, order_id, project_package_id, supporting_project_id) VALUES (1460, '["전문가용"]', 2, 1460, 36, 1460);
INSERT INTO supporting_projects(supporting_project_id, supported_at, delivery_id, payment_id, project_id, user_id) VALUES (1461, (SELECT projects.start_date + INTERVAL 36 DAY FROM projects WHERE projects.id=36), 1461, 1461, 36, 6);
INSERT INTO orders (order_id, created_at, delivery_id, payment_id, supporting_project_id) VALUES (1461, (SELECT projects.start_date + INTERVAL 36 DAY FROM projects WHERE projects.id=36), 1, 1461, 1461);
INSERT INTO supporting_packages(id, option_list, package_count, order_id, project_package_id, supporting_project_id) VALUES (1461, '["고급자용"]', 9, 1461, 36, 1461);
INSERT INTO supporting_projects(supporting_project_id, supported_at, delivery_id, payment_id, project_id, user_id) VALUES (1462, (SELECT projects.start_date + INTERVAL 33 DAY FROM projects WHERE projects.id=36), 1462, 1462, 36, 31);
INSERT INTO orders (order_id, created_at, delivery_id, payment_id, supporting_project_id) VALUES (1462, (SELECT projects.start_date + INTERVAL 33 DAY FROM projects WHERE projects.id=36), 1, 1462, 1462);
INSERT INTO supporting_packages(id, option_list, package_count, order_id, project_package_id, supporting_project_id) VALUES (1462, '["입문자용"]', 8, 1462, 36, 1462);
INSERT INTO supporting_projects(supporting_project_id, supported_at, delivery_id, payment_id, project_id, user_id) VALUES (1463, (SELECT projects.start_date + INTERVAL 31 DAY FROM projects WHERE projects.id=36), 1463, 1463, 36, 40);
INSERT INTO orders (order_id, created_at, delivery_id, payment_id, supporting_project_id) VALUES (1463, (SELECT projects.start_date + INTERVAL 31 DAY FROM projects WHERE projects.id=36), 1, 1463, 1463);
INSERT INTO supporting_packages(id, option_list, package_count, order_id, project_package_id, supporting_project_id) VALUES (1463, '["고급자용"]', 10, 1463, 36, 1463);
INSERT INTO supporting_projects(supporting_project_id, supported_at, delivery_id, payment_id, project_id, user_id) VALUES (1464, (SELECT projects.start_date + INTERVAL 8 DAY FROM projects WHERE projects.id=36), 1464, 1464, 36, 37);
INSERT INTO orders (order_id, created_at, delivery_id, payment_id, supporting_project_id) VALUES (1464, (SELECT projects.start_date + INTERVAL 8 DAY FROM projects WHERE projects.id=36), 1, 1464, 1464);
INSERT INTO supporting_packages(id, option_list, package_count, order_id, project_package_id, supporting_project_id) VALUES (1464, '["고급자용"]', 1, 1464, 36, 1464);
INSERT INTO supporting_projects(supporting_project_id, supported_at, delivery_id, payment_id, project_id, user_id) VALUES (1465, (SELECT projects.start_date + INTERVAL 2 DAY FROM projects WHERE projects.id=36), 1465, 1465, 36, 9);
INSERT INTO orders (order_id, created_at, delivery_id, payment_id, supporting_project_id) VALUES (1465, (SELECT projects.start_date + INTERVAL 2 DAY FROM projects WHERE projects.id=36), 1, 1465, 1465);
INSERT INTO supporting_packages(id, option_list, package_count, order_id, project_package_id, supporting_project_id) VALUES (1465, '["고급자용"]', 5, 1465, 36, 1465);
INSERT INTO supporting_projects(supporting_project_id, supported_at, delivery_id, payment_id, project_id, user_id) VALUES (1466, (SELECT projects.start_date + INTERVAL 38 DAY FROM projects WHERE projects.id=36), 1466, 1466, 36, 24);
INSERT INTO orders (order_id, created_at, delivery_id, payment_id, supporting_project_id) VALUES (1466, (SELECT projects.start_date + INTERVAL 38 DAY FROM projects WHERE projects.id=36), 1, 1466, 1466);
INSERT INTO supporting_packages(id, option_list, package_count, order_id, project_package_id, supporting_project_id) VALUES (1466, '["입문자용"]', 5, 1466, 36, 1466);
INSERT INTO supporting_projects(supporting_project_id, supported_at, delivery_id, payment_id, project_id, user_id) VALUES (1467, (SELECT projects.start_date + INTERVAL 4 DAY FROM projects WHERE projects.id=36), 1467, 1467, 36, 2);
INSERT INTO orders (order_id, created_at, delivery_id, payment_id, supporting_project_id) VALUES (1467, (SELECT projects.start_date + INTERVAL 4 DAY FROM projects WHERE projects.id=36), 1, 1467, 1467);
INSERT INTO supporting_packages(id, option_list, package_count, order_id, project_package_id, supporting_project_id) VALUES (1467, '["고급자용"]', 1, 1467, 36, 1467);
INSERT INTO supporting_projects(supporting_project_id, supported_at, delivery_id, payment_id, project_id, user_id) VALUES (1468, (SELECT projects.start_date + INTERVAL 47 DAY FROM projects WHERE projects.id=36), 1468, 1468, 36, 2);
INSERT INTO orders (order_id, created_at, delivery_id, payment_id, supporting_project_id) VALUES (1468, (SELECT projects.start_date + INTERVAL 47 DAY FROM projects WHERE projects.id=36), 1, 1468, 1468);
INSERT INTO supporting_packages(id, option_list, package_count, order_id, project_package_id, supporting_project_id) VALUES (1468, '["전문가용"]', 2, 1468, 36, 1468);
INSERT INTO supporting_projects(supporting_project_id, supported_at, delivery_id, payment_id, project_id, user_id) VALUES (1469, (SELECT projects.start_date + INTERVAL 29 DAY FROM projects WHERE projects.id=36), 1469, 1469, 36, 28);
INSERT INTO orders (order_id, created_at, delivery_id, payment_id, supporting_project_id) VALUES (1469, (SELECT projects.start_date + INTERVAL 29 DAY FROM projects WHERE projects.id=36), 1, 1469, 1469);
INSERT INTO supporting_packages(id, option_list, package_count, order_id, project_package_id, supporting_project_id) VALUES (1469, '["고급자용"]', 1, 1469, 36, 1469);
INSERT INTO supporting_projects(supporting_project_id, supported_at, delivery_id, payment_id, project_id, user_id) VALUES (1470, (SELECT projects.start_date + INTERVAL 37 DAY FROM projects WHERE projects.id=36), 1470, 1470, 36, 39);
INSERT INTO orders (order_id, created_at, delivery_id, payment_id, supporting_project_id) VALUES (1470, (SELECT projects.start_date + INTERVAL 37 DAY FROM projects WHERE projects.id=36), 1, 1470, 1470);
INSERT INTO supporting_packages(id, option_list, package_count, order_id, project_package_id, supporting_project_id) VALUES (1470, '["전문가용"]', 2, 1470, 36, 1470);
INSERT INTO supporting_projects(supporting_project_id, supported_at, delivery_id, payment_id, project_id, user_id) VALUES (1471, (SELECT projects.start_date + INTERVAL 15 DAY FROM projects WHERE projects.id=36), 1471, 1471, 36, 22);
INSERT INTO orders (order_id, created_at, delivery_id, payment_id, supporting_project_id) VALUES (1471, (SELECT projects.start_date + INTERVAL 15 DAY FROM projects WHERE projects.id=36), 1, 1471, 1471);
INSERT INTO supporting_packages(id, option_list, package_count, order_id, project_package_id, supporting_project_id) VALUES (1471, '["입문자용"]', 5, 1471, 36, 1471);
INSERT INTO supporting_projects(supporting_project_id, supported_at, delivery_id, payment_id, project_id, user_id) VALUES (1472, (SELECT projects.start_date + INTERVAL 49 DAY FROM projects WHERE projects.id=36), 1472, 1472, 36, 1);
INSERT INTO orders (order_id, created_at, delivery_id, payment_id, supporting_project_id) VALUES (1472, (SELECT projects.start_date + INTERVAL 49 DAY FROM projects WHERE projects.id=36), 1, 1472, 1472);
INSERT INTO supporting_packages(id, option_list, package_count, order_id, project_package_id, supporting_project_id) VALUES (1472, '["입문자용"]', 9, 1472, 36, 1472);
INSERT INTO supporting_projects(supporting_project_id, supported_at, delivery_id, payment_id, project_id, user_id) VALUES (1473, (SELECT projects.start_date + INTERVAL 40 DAY FROM projects WHERE projects.id=36), 1473, 1473, 36, 25);
INSERT INTO orders (order_id, created_at, delivery_id, payment_id, supporting_project_id) VALUES (1473, (SELECT projects.start_date + INTERVAL 40 DAY FROM projects WHERE projects.id=36), 1, 1473, 1473);
INSERT INTO supporting_packages(id, option_list, package_count, order_id, project_package_id, supporting_project_id) VALUES (1473, '["전문가용"]', 2, 1473, 36, 1473);
INSERT INTO supporting_projects(supporting_project_id, supported_at, delivery_id, payment_id, project_id, user_id) VALUES (1474, (SELECT projects.start_date + INTERVAL 33 DAY FROM projects WHERE projects.id=36), 1474, 1474, 36, 35);
INSERT INTO orders (order_id, created_at, delivery_id, payment_id, supporting_project_id) VALUES (1474, (SELECT projects.start_date + INTERVAL 33 DAY FROM projects WHERE projects.id=36), 1, 1474, 1474);
INSERT INTO supporting_packages(id, option_list, package_count, order_id, project_package_id, supporting_project_id) VALUES (1474, '["고급자용"]', 4, 1474, 36, 1474);
INSERT INTO supporting_projects(supporting_project_id, supported_at, delivery_id, payment_id, project_id, user_id) VALUES (1475, (SELECT projects.start_date + INTERVAL 28 DAY FROM projects WHERE projects.id=36), 1475, 1475, 36, 5);
INSERT INTO orders (order_id, created_at, delivery_id, payment_id, supporting_project_id) VALUES (1475, (SELECT projects.start_date + INTERVAL 28 DAY FROM projects WHERE projects.id=36), 1, 1475, 1475);
INSERT INTO supporting_packages(id, option_list, package_count, order_id, project_package_id, supporting_project_id) VALUES (1475, '["입문자용"]', 4, 1475, 36, 1475);
INSERT INTO supporting_projects(supporting_project_id, supported_at, delivery_id, payment_id, project_id, user_id) VALUES (1476, (SELECT projects.start_date + INTERVAL 36 DAY FROM projects WHERE projects.id=36), 1476, 1476, 36, 38);
INSERT INTO orders (order_id, created_at, delivery_id, payment_id, supporting_project_id) VALUES (1476, (SELECT projects.start_date + INTERVAL 36 DAY FROM projects WHERE projects.id=36), 1, 1476, 1476);
INSERT INTO supporting_packages(id, option_list, package_count, order_id, project_package_id, supporting_project_id) VALUES (1476, '["전문가용"]', 8, 1476, 36, 1476);
INSERT INTO supporting_projects(supporting_project_id, supported_at, delivery_id, payment_id, project_id, user_id) VALUES (1477, (SELECT projects.start_date + INTERVAL 38 DAY FROM projects WHERE projects.id=36), 1477, 1477, 36, 13);
INSERT INTO orders (order_id, created_at, delivery_id, payment_id, supporting_project_id) VALUES (1477, (SELECT projects.start_date + INTERVAL 38 DAY FROM projects WHERE projects.id=36), 1, 1477, 1477);
INSERT INTO supporting_packages(id, option_list, package_count, order_id, project_package_id, supporting_project_id) VALUES (1477, '["전문가용"]', 2, 1477, 36, 1477);
INSERT INTO supporting_projects(supporting_project_id, supported_at, delivery_id, payment_id, project_id, user_id) VALUES (1478, (SELECT projects.start_date + INTERVAL 18 DAY FROM projects WHERE projects.id=36), 1478, 1478, 36, 19);
INSERT INTO orders (order_id, created_at, delivery_id, payment_id, supporting_project_id) VALUES (1478, (SELECT projects.start_date + INTERVAL 18 DAY FROM projects WHERE projects.id=36), 1, 1478, 1478);
INSERT INTO supporting_packages(id, option_list, package_count, order_id, project_package_id, supporting_project_id) VALUES (1478, '["입문자용"]', 7, 1478, 36, 1478);
INSERT INTO supporting_projects(supporting_project_id, supported_at, delivery_id, payment_id, project_id, user_id) VALUES (1479, (SELECT projects.start_date + INTERVAL 21 DAY FROM projects WHERE projects.id=36), 1479, 1479, 36, 28);
INSERT INTO orders (order_id, created_at, delivery_id, payment_id, supporting_project_id) VALUES (1479, (SELECT projects.start_date + INTERVAL 21 DAY FROM projects WHERE projects.id=36), 1, 1479, 1479);
INSERT INTO supporting_packages(id, option_list, package_count, order_id, project_package_id, supporting_project_id) VALUES (1479, '["전문가용"]', 5, 1479, 36, 1479);
INSERT INTO supporting_projects(supporting_project_id, supported_at, delivery_id, payment_id, project_id, user_id) VALUES (1480, (SELECT projects.start_date + INTERVAL 41 DAY FROM projects WHERE projects.id=36), 1480, 1480, 36, 21);
INSERT INTO orders (order_id, created_at, delivery_id, payment_id, supporting_project_id) VALUES (1480, (SELECT projects.start_date + INTERVAL 41 DAY FROM projects WHERE projects.id=36), 1, 1480, 1480);
INSERT INTO supporting_packages(id, option_list, package_count, order_id, project_package_id, supporting_project_id) VALUES (1480, '["입문자용"]', 1, 1480, 36, 1480);
INSERT INTO supporting_projects(supporting_project_id, supported_at, delivery_id, payment_id, project_id, user_id) VALUES (1481, (SELECT projects.start_date + INTERVAL 9 DAY FROM projects WHERE projects.id=36), 1481, 1481, 36, 39);
INSERT INTO orders (order_id, created_at, delivery_id, payment_id, supporting_project_id) VALUES (1481, (SELECT projects.start_date + INTERVAL 9 DAY FROM projects WHERE projects.id=36), 1, 1481, 1481);
INSERT INTO supporting_packages(id, option_list, package_count, order_id, project_package_id, supporting_project_id) VALUES (1481, '["고급자용"]', 8, 1481, 36, 1481);
INSERT INTO supporting_projects(supporting_project_id, supported_at, delivery_id, payment_id, project_id, user_id) VALUES (1482, (SELECT projects.start_date + INTERVAL 9 DAY FROM projects WHERE projects.id=36), 1482, 1482, 36, 2);
INSERT INTO orders (order_id, created_at, delivery_id, payment_id, supporting_project_id) VALUES (1482, (SELECT projects.start_date + INTERVAL 9 DAY FROM projects WHERE projects.id=36), 1, 1482, 1482);
INSERT INTO supporting_packages(id, option_list, package_count, order_id, project_package_id, supporting_project_id) VALUES (1482, '["입문자용"]', 6, 1482, 36, 1482);
INSERT INTO supporting_projects(supporting_project_id, supported_at, delivery_id, payment_id, project_id, user_id) VALUES (1483, (SELECT projects.start_date + INTERVAL 39 DAY FROM projects WHERE projects.id=36), 1483, 1483, 36, 31);
INSERT INTO orders (order_id, created_at, delivery_id, payment_id, supporting_project_id) VALUES (1483, (SELECT projects.start_date + INTERVAL 39 DAY FROM projects WHERE projects.id=36), 1, 1483, 1483);
INSERT INTO supporting_packages(id, option_list, package_count, order_id, project_package_id, supporting_project_id) VALUES (1483, '["전문가용"]', 10, 1483, 36, 1483);
INSERT INTO supporting_projects(supporting_project_id, supported_at, delivery_id, payment_id, project_id, user_id) VALUES (1484, (SELECT projects.start_date + INTERVAL 15 DAY FROM projects WHERE projects.id=36), 1484, 1484, 36, 25);
INSERT INTO orders (order_id, created_at, delivery_id, payment_id, supporting_project_id) VALUES (1484, (SELECT projects.start_date + INTERVAL 15 DAY FROM projects WHERE projects.id=36), 1, 1484, 1484);
INSERT INTO supporting_packages(id, option_list, package_count, order_id, project_package_id, supporting_project_id) VALUES (1484, '["입문자용"]', 10, 1484, 36, 1484);
INSERT INTO supporting_projects(supporting_project_id, supported_at, delivery_id, payment_id, project_id, user_id) VALUES (1485, (SELECT projects.start_date + INTERVAL 50 DAY FROM projects WHERE projects.id=36), 1485, 1485, 36, 28);
INSERT INTO orders (order_id, created_at, delivery_id, payment_id, supporting_project_id) VALUES (1485, (SELECT projects.start_date + INTERVAL 50 DAY FROM projects WHERE projects.id=36), 1, 1485, 1485);
INSERT INTO supporting_packages(id, option_list, package_count, order_id, project_package_id, supporting_project_id) VALUES (1485, '["고급자용"]', 2, 1485, 36, 1485);
INSERT INTO supporting_projects(supporting_project_id, supported_at, delivery_id, payment_id, project_id, user_id) VALUES (1486, (SELECT projects.start_date + INTERVAL 31 DAY FROM projects WHERE projects.id=36), 1486, 1486, 36, 40);
INSERT INTO orders (order_id, created_at, delivery_id, payment_id, supporting_project_id) VALUES (1486, (SELECT projects.start_date + INTERVAL 31 DAY FROM projects WHERE projects.id=36), 1, 1486, 1486);
INSERT INTO supporting_packages(id, option_list, package_count, order_id, project_package_id, supporting_project_id) VALUES (1486, '["전문가용"]', 2, 1486, 36, 1486);
INSERT INTO supporting_projects(supporting_project_id, supported_at, delivery_id, payment_id, project_id, user_id) VALUES (1487, (SELECT projects.start_date + INTERVAL 38 DAY FROM projects WHERE projects.id=36), 1487, 1487, 36, 28);
INSERT INTO orders (order_id, created_at, delivery_id, payment_id, supporting_project_id) VALUES (1487, (SELECT projects.start_date + INTERVAL 38 DAY FROM projects WHERE projects.id=36), 1, 1487, 1487);
INSERT INTO supporting_packages(id, option_list, package_count, order_id, project_package_id, supporting_project_id) VALUES (1487, '["입문자용"]', 9, 1487, 36, 1487);
INSERT INTO supporting_projects(supporting_project_id, supported_at, delivery_id, payment_id, project_id, user_id) VALUES (1488, (SELECT projects.start_date + INTERVAL 16 DAY FROM projects WHERE projects.id=36), 1488, 1488, 36, 22);
INSERT INTO orders (order_id, created_at, delivery_id, payment_id, supporting_project_id) VALUES (1488, (SELECT projects.start_date + INTERVAL 16 DAY FROM projects WHERE projects.id=36), 1, 1488, 1488);
INSERT INTO supporting_packages(id, option_list, package_count, order_id, project_package_id, supporting_project_id) VALUES (1488, '["입문자용"]', 10, 1488, 36, 1488);
INSERT INTO supporting_projects(supporting_project_id, supported_at, delivery_id, payment_id, project_id, user_id) VALUES (1489, (SELECT projects.start_date + INTERVAL 13 DAY FROM projects WHERE projects.id=36), 1489, 1489, 36, 23);
INSERT INTO orders (order_id, created_at, delivery_id, payment_id, supporting_project_id) VALUES (1489, (SELECT projects.start_date + INTERVAL 13 DAY FROM projects WHERE projects.id=36), 1, 1489, 1489);
INSERT INTO supporting_packages(id, option_list, package_count, order_id, project_package_id, supporting_project_id) VALUES (1489, '["전문가용"]', 6, 1489, 36, 1489);
INSERT INTO supporting_projects(supporting_project_id, supported_at, delivery_id, payment_id, project_id, user_id) VALUES (1490, (SELECT projects.start_date + INTERVAL 46 DAY FROM projects WHERE projects.id=36), 1490, 1490, 36, 14);
INSERT INTO orders (order_id, created_at, delivery_id, payment_id, supporting_project_id) VALUES (1490, (SELECT projects.start_date + INTERVAL 46 DAY FROM projects WHERE projects.id=36), 1, 1490, 1490);
INSERT INTO supporting_packages(id, option_list, package_count, order_id, project_package_id, supporting_project_id) VALUES (1490, '["전문가용"]', 1, 1490, 36, 1490);
INSERT INTO supporting_projects(supporting_project_id, supported_at, delivery_id, payment_id, project_id, user_id) VALUES (1491, (SELECT projects.start_date + INTERVAL 45 DAY FROM projects WHERE projects.id=36), 1491, 1491, 36, 27);
INSERT INTO orders (order_id, created_at, delivery_id, payment_id, supporting_project_id) VALUES (1491, (SELECT projects.start_date + INTERVAL 45 DAY FROM projects WHERE projects.id=36), 1, 1491, 1491);
INSERT INTO supporting_packages(id, option_list, package_count, order_id, project_package_id, supporting_project_id) VALUES (1491, '["전문가용"]', 10, 1491, 36, 1491);
INSERT INTO supporting_projects(supporting_project_id, supported_at, delivery_id, payment_id, project_id, user_id) VALUES (1492, (SELECT projects.start_date + INTERVAL 6 DAY FROM projects WHERE projects.id=36), 1492, 1492, 36, 22);
INSERT INTO orders (order_id, created_at, delivery_id, payment_id, supporting_project_id) VALUES (1492, (SELECT projects.start_date + INTERVAL 6 DAY FROM projects WHERE projects.id=36), 1, 1492, 1492);
INSERT INTO supporting_packages(id, option_list, package_count, order_id, project_package_id, supporting_project_id) VALUES (1492, '["입문자용"]', 9, 1492, 36, 1492);
INSERT INTO supporting_projects(supporting_project_id, supported_at, delivery_id, payment_id, project_id, user_id) VALUES (1493, (SELECT projects.start_date + INTERVAL 5 DAY FROM projects WHERE projects.id=36), 1493, 1493, 36, 8);
INSERT INTO orders (order_id, created_at, delivery_id, payment_id, supporting_project_id) VALUES (1493, (SELECT projects.start_date + INTERVAL 5 DAY FROM projects WHERE projects.id=36), 1, 1493, 1493);
INSERT INTO supporting_packages(id, option_list, package_count, order_id, project_package_id, supporting_project_id) VALUES (1493, '["전문가용"]', 8, 1493, 36, 1493);
INSERT INTO supporting_projects(supporting_project_id, supported_at, delivery_id, payment_id, project_id, user_id) VALUES (1494, (SELECT projects.start_date + INTERVAL 17 DAY FROM projects WHERE projects.id=36), 1494, 1494, 36, 39);
INSERT INTO orders (order_id, created_at, delivery_id, payment_id, supporting_project_id) VALUES (1494, (SELECT projects.start_date + INTERVAL 17 DAY FROM projects WHERE projects.id=36), 1, 1494, 1494);
INSERT INTO supporting_packages(id, option_list, package_count, order_id, project_package_id, supporting_project_id) VALUES (1494, '["전문가용"]', 2, 1494, 36, 1494);
INSERT INTO supporting_projects(supporting_project_id, supported_at, delivery_id, payment_id, project_id, user_id) VALUES (1495, (SELECT projects.start_date + INTERVAL 3 DAY FROM projects WHERE projects.id=36), 1495, 1495, 36, 32);
INSERT INTO orders (order_id, created_at, delivery_id, payment_id, supporting_project_id) VALUES (1495, (SELECT projects.start_date + INTERVAL 3 DAY FROM projects WHERE projects.id=36), 1, 1495, 1495);
INSERT INTO supporting_packages(id, option_list, package_count, order_id, project_package_id, supporting_project_id) VALUES (1495, '["전문가용"]', 6, 1495, 36, 1495);
INSERT INTO supporting_projects(supporting_project_id, supported_at, delivery_id, payment_id, project_id, user_id) VALUES (1496, (SELECT projects.start_date + INTERVAL 24 DAY FROM projects WHERE projects.id=36), 1496, 1496, 36, 32);
INSERT INTO orders (order_id, created_at, delivery_id, payment_id, supporting_project_id) VALUES (1496, (SELECT projects.start_date + INTERVAL 24 DAY FROM projects WHERE projects.id=36), 1, 1496, 1496);
INSERT INTO supporting_packages(id, option_list, package_count, order_id, project_package_id, supporting_project_id) VALUES (1496, '["전문가용"]', 9, 1496, 36, 1496);
INSERT INTO supporting_projects(supporting_project_id, supported_at, delivery_id, payment_id, project_id, user_id) VALUES (1497, (SELECT projects.start_date + INTERVAL 21 DAY FROM projects WHERE projects.id=36), 1497, 1497, 36, 12);
INSERT INTO orders (order_id, created_at, delivery_id, payment_id, supporting_project_id) VALUES (1497, (SELECT projects.start_date + INTERVAL 21 DAY FROM projects WHERE projects.id=36), 1, 1497, 1497);
INSERT INTO supporting_packages(id, option_list, package_count, order_id, project_package_id, supporting_project_id) VALUES (1497, '["입문자용"]', 9, 1497, 36, 1497);
INSERT INTO supporting_projects(supporting_project_id, supported_at, delivery_id, payment_id, project_id, user_id) VALUES (1498, (SELECT projects.start_date + INTERVAL 2 DAY FROM projects WHERE projects.id=36), 1498, 1498, 36, 32);
INSERT INTO orders (order_id, created_at, delivery_id, payment_id, supporting_project_id) VALUES (1498, (SELECT projects.start_date + INTERVAL 2 DAY FROM projects WHERE projects.id=36), 1, 1498, 1498);
INSERT INTO supporting_packages(id, option_list, package_count, order_id, project_package_id, supporting_project_id) VALUES (1498, '["고급자용"]', 8, 1498, 36, 1498);
INSERT INTO supporting_projects(supporting_project_id, supported_at, delivery_id, payment_id, project_id, user_id) VALUES (1499, (SELECT projects.start_date + INTERVAL 1 DAY FROM projects WHERE projects.id=36), 1499, 1499, 36, 11);
INSERT INTO orders (order_id, created_at, delivery_id, payment_id, supporting_project_id) VALUES (1499, (SELECT projects.start_date + INTERVAL 1 DAY FROM projects WHERE projects.id=36), 1, 1499, 1499);
INSERT INTO supporting_packages(id, option_list, package_count, order_id, project_package_id, supporting_project_id) VALUES (1499, '["고급자용"]', 4, 1499, 36, 1499);
INSERT INTO supporting_projects(supporting_project_id, supported_at, delivery_id, payment_id, project_id, user_id) VALUES (1500, (SELECT projects.start_date + INTERVAL 47 DAY FROM projects WHERE projects.id=36), 1500, 1500, 36, 26);
INSERT INTO orders (order_id, created_at, delivery_id, payment_id, supporting_project_id) VALUES (1500, (SELECT projects.start_date + INTERVAL 47 DAY FROM projects WHERE projects.id=36), 1, 1500, 1500);
INSERT INTO supporting_packages(id, option_list, package_count, order_id, project_package_id, supporting_project_id) VALUES (1500, '["입문자용"]', 7, 1500, 36, 1500);
INSERT INTO supporting_projects(supporting_project_id, supported_at, delivery_id, payment_id, project_id, user_id) VALUES (1501, (SELECT projects.start_date + INTERVAL 46 DAY FROM projects WHERE projects.id=36), 1501, 1501, 36, 21);
INSERT INTO orders (order_id, created_at, delivery_id, payment_id, supporting_project_id) VALUES (1501, (SELECT projects.start_date + INTERVAL 46 DAY FROM projects WHERE projects.id=36), 1, 1501, 1501);
INSERT INTO supporting_packages(id, option_list, package_count, order_id, project_package_id, supporting_project_id) VALUES (1501, '["고급자용"]', 6, 1501, 36, 1501);
INSERT INTO supporting_projects(supporting_project_id, supported_at, delivery_id, payment_id, project_id, user_id) VALUES (1502, (SELECT projects.start_date + INTERVAL 49 DAY FROM projects WHERE projects.id=36), 1502, 1502, 36, 32);
INSERT INTO orders (order_id, created_at, delivery_id, payment_id, supporting_project_id) VALUES (1502, (SELECT projects.start_date + INTERVAL 49 DAY FROM projects WHERE projects.id=36), 1, 1502, 1502);
INSERT INTO supporting_packages(id, option_list, package_count, order_id, project_package_id, supporting_project_id) VALUES (1502, '["고급자용"]', 7, 1502, 36, 1502);
INSERT INTO supporting_projects(supporting_project_id, supported_at, delivery_id, payment_id, project_id, user_id) VALUES (1503, (SELECT projects.start_date + INTERVAL 33 DAY FROM projects WHERE projects.id=36), 1503, 1503, 36, 16);
INSERT INTO orders (order_id, created_at, delivery_id, payment_id, supporting_project_id) VALUES (1503, (SELECT projects.start_date + INTERVAL 33 DAY FROM projects WHERE projects.id=36), 1, 1503, 1503);
INSERT INTO supporting_packages(id, option_list, package_count, order_id, project_package_id, supporting_project_id) VALUES (1503, '["전문가용"]', 2, 1503, 36, 1503);
INSERT INTO supporting_projects(supporting_project_id, supported_at, delivery_id, payment_id, project_id, user_id) VALUES (1504, (SELECT projects.start_date + INTERVAL 27 DAY FROM projects WHERE projects.id=36), 1504, 1504, 36, 28);
INSERT INTO orders (order_id, created_at, delivery_id, payment_id, supporting_project_id) VALUES (1504, (SELECT projects.start_date + INTERVAL 27 DAY FROM projects WHERE projects.id=36), 1, 1504, 1504);
INSERT INTO supporting_packages(id, option_list, package_count, order_id, project_package_id, supporting_project_id) VALUES (1504, '["고급자용"]', 5, 1504, 36, 1504);
INSERT INTO supporting_projects(supporting_project_id, supported_at, delivery_id, payment_id, project_id, user_id) VALUES (1505, (SELECT projects.start_date + INTERVAL 28 DAY FROM projects WHERE projects.id=36), 1505, 1505, 36, 9);
INSERT INTO orders (order_id, created_at, delivery_id, payment_id, supporting_project_id) VALUES (1505, (SELECT projects.start_date + INTERVAL 28 DAY FROM projects WHERE projects.id=36), 1, 1505, 1505);
INSERT INTO supporting_packages(id, option_list, package_count, order_id, project_package_id, supporting_project_id) VALUES (1505, '["전문가용"]', 8, 1505, 36, 1505);
INSERT INTO supporting_projects(supporting_project_id, supported_at, delivery_id, payment_id, project_id, user_id) VALUES (1506, (SELECT projects.start_date + INTERVAL 45 DAY FROM projects WHERE projects.id=36), 1506, 1506, 36, 25);
INSERT INTO orders (order_id, created_at, delivery_id, payment_id, supporting_project_id) VALUES (1506, (SELECT projects.start_date + INTERVAL 45 DAY FROM projects WHERE projects.id=36), 1, 1506, 1506);
INSERT INTO supporting_packages(id, option_list, package_count, order_id, project_package_id, supporting_project_id) VALUES (1506, '["전문가용"]', 10, 1506, 36, 1506);
INSERT INTO supporting_projects(supporting_project_id, supported_at, delivery_id, payment_id, project_id, user_id) VALUES (1507, (SELECT projects.start_date + INTERVAL 20 DAY FROM projects WHERE projects.id=36), 1507, 1507, 36, 6);
INSERT INTO orders (order_id, created_at, delivery_id, payment_id, supporting_project_id) VALUES (1507, (SELECT projects.start_date + INTERVAL 20 DAY FROM projects WHERE projects.id=36), 1, 1507, 1507);
INSERT INTO supporting_packages(id, option_list, package_count, order_id, project_package_id, supporting_project_id) VALUES (1507, '["전문가용"]', 5, 1507, 36, 1507);
INSERT INTO supporting_projects(supporting_project_id, supported_at, delivery_id, payment_id, project_id, user_id) VALUES (1508, (SELECT projects.start_date + INTERVAL 46 DAY FROM projects WHERE projects.id=36), 1508, 1508, 36, 32);
INSERT INTO orders (order_id, created_at, delivery_id, payment_id, supporting_project_id) VALUES (1508, (SELECT projects.start_date + INTERVAL 46 DAY FROM projects WHERE projects.id=36), 1, 1508, 1508);
INSERT INTO supporting_packages(id, option_list, package_count, order_id, project_package_id, supporting_project_id) VALUES (1508, '["고급자용"]', 9, 1508, 36, 1508);
INSERT INTO supporting_projects(supporting_project_id, supported_at, delivery_id, payment_id, project_id, user_id) VALUES (1509, (SELECT projects.start_date + INTERVAL 5 DAY FROM projects WHERE projects.id=36), 1509, 1509, 36, 26);
INSERT INTO orders (order_id, created_at, delivery_id, payment_id, supporting_project_id) VALUES (1509, (SELECT projects.start_date + INTERVAL 5 DAY FROM projects WHERE projects.id=36), 1, 1509, 1509);
INSERT INTO supporting_packages(id, option_list, package_count, order_id, project_package_id, supporting_project_id) VALUES (1509, '["입문자용"]', 9, 1509, 36, 1509);
INSERT INTO supporting_projects(supporting_project_id, supported_at, delivery_id, payment_id, project_id, user_id) VALUES (1510, (SELECT projects.start_date + INTERVAL 14 DAY FROM projects WHERE projects.id=36), 1510, 1510, 36, 21);
INSERT INTO orders (order_id, created_at, delivery_id, payment_id, supporting_project_id) VALUES (1510, (SELECT projects.start_date + INTERVAL 14 DAY FROM projects WHERE projects.id=36), 1, 1510, 1510);
INSERT INTO supporting_packages(id, option_list, package_count, order_id, project_package_id, supporting_project_id) VALUES (1510, '["전문가용"]', 6, 1510, 36, 1510);
INSERT INTO supporting_projects(supporting_project_id, supported_at, delivery_id, payment_id, project_id, user_id) VALUES (1511, (SELECT projects.start_date + INTERVAL 24 DAY FROM projects WHERE projects.id=36), 1511, 1511, 36, 26);
INSERT INTO orders (order_id, created_at, delivery_id, payment_id, supporting_project_id) VALUES (1511, (SELECT projects.start_date + INTERVAL 24 DAY FROM projects WHERE projects.id=36), 1, 1511, 1511);
INSERT INTO supporting_packages(id, option_list, package_count, order_id, project_package_id, supporting_project_id) VALUES (1511, '["고급자용"]', 7, 1511, 36, 1511);
INSERT INTO supporting_projects(supporting_project_id, supported_at, delivery_id, payment_id, project_id, user_id) VALUES (1512, (SELECT projects.start_date + INTERVAL 37 DAY FROM projects WHERE projects.id=36), 1512, 1512, 36, 8);
INSERT INTO orders (order_id, created_at, delivery_id, payment_id, supporting_project_id) VALUES (1512, (SELECT projects.start_date + INTERVAL 37 DAY FROM projects WHERE projects.id=36), 1, 1512, 1512);
INSERT INTO supporting_packages(id, option_list, package_count, order_id, project_package_id, supporting_project_id) VALUES (1512, '["입문자용"]', 2, 1512, 36, 1512);
INSERT INTO supporting_projects(supporting_project_id, supported_at, delivery_id, payment_id, project_id, user_id) VALUES (1513, (SELECT projects.start_date + INTERVAL 5 DAY FROM projects WHERE projects.id=36), 1513, 1513, 36, 3);
INSERT INTO orders (order_id, created_at, delivery_id, payment_id, supporting_project_id) VALUES (1513, (SELECT projects.start_date + INTERVAL 5 DAY FROM projects WHERE projects.id=36), 1, 1513, 1513);
INSERT INTO supporting_packages(id, option_list, package_count, order_id, project_package_id, supporting_project_id) VALUES (1513, '["입문자용"]', 3, 1513, 36, 1513);
INSERT INTO supporting_projects(supporting_project_id, supported_at, delivery_id, payment_id, project_id, user_id) VALUES (1514, (SELECT projects.start_date + INTERVAL 37 DAY FROM projects WHERE projects.id=36), 1514, 1514, 36, 32);
INSERT INTO orders (order_id, created_at, delivery_id, payment_id, supporting_project_id) VALUES (1514, (SELECT projects.start_date + INTERVAL 37 DAY FROM projects WHERE projects.id=36), 1, 1514, 1514);
INSERT INTO supporting_packages(id, option_list, package_count, order_id, project_package_id, supporting_project_id) VALUES (1514, '["고급자용"]', 6, 1514, 36, 1514);
INSERT INTO supporting_projects(supporting_project_id, supported_at, delivery_id, payment_id, project_id, user_id) VALUES (1515, (SELECT projects.start_date + INTERVAL 15 DAY FROM projects WHERE projects.id=36), 1515, 1515, 36, 13);
INSERT INTO orders (order_id, created_at, delivery_id, payment_id, supporting_project_id) VALUES (1515, (SELECT projects.start_date + INTERVAL 15 DAY FROM projects WHERE projects.id=36), 1, 1515, 1515);
INSERT INTO supporting_packages(id, option_list, package_count, order_id, project_package_id, supporting_project_id) VALUES (1515, '["입문자용"]', 9, 1515, 36, 1515);
INSERT INTO supporting_projects(supporting_project_id, supported_at, delivery_id, payment_id, project_id, user_id) VALUES (1516, (SELECT projects.start_date + INTERVAL 34 DAY FROM projects WHERE projects.id=36), 1516, 1516, 36, 21);
INSERT INTO orders (order_id, created_at, delivery_id, payment_id, supporting_project_id) VALUES (1516, (SELECT projects.start_date + INTERVAL 34 DAY FROM projects WHERE projects.id=36), 1, 1516, 1516);
INSERT INTO supporting_packages(id, option_list, package_count, order_id, project_package_id, supporting_project_id) VALUES (1516, '["입문자용"]', 5, 1516, 36, 1516);
INSERT INTO supporting_projects(supporting_project_id, supported_at, delivery_id, payment_id, project_id, user_id) VALUES (1517, (SELECT projects.start_date + INTERVAL 21 DAY FROM projects WHERE projects.id=36), 1517, 1517, 36, 6);
INSERT INTO orders (order_id, created_at, delivery_id, payment_id, supporting_project_id) VALUES (1517, (SELECT projects.start_date + INTERVAL 21 DAY FROM projects WHERE projects.id=36), 1, 1517, 1517);
INSERT INTO supporting_packages(id, option_list, package_count, order_id, project_package_id, supporting_project_id) VALUES (1517, '["전문가용"]', 10, 1517, 36, 1517);
INSERT INTO supporting_projects(supporting_project_id, supported_at, delivery_id, payment_id, project_id, user_id) VALUES (1518, (SELECT projects.start_date + INTERVAL 31 DAY FROM projects WHERE projects.id=36), 1518, 1518, 36, 5);
INSERT INTO orders (order_id, created_at, delivery_id, payment_id, supporting_project_id) VALUES (1518, (SELECT projects.start_date + INTERVAL 31 DAY FROM projects WHERE projects.id=36), 1, 1518, 1518);
INSERT INTO supporting_packages(id, option_list, package_count, order_id, project_package_id, supporting_project_id) VALUES (1518, '["고급자용"]', 4, 1518, 36, 1518);
INSERT INTO supporting_projects(supporting_project_id, supported_at, delivery_id, payment_id, project_id, user_id) VALUES (1519, (SELECT projects.start_date + INTERVAL 35 DAY FROM projects WHERE projects.id=36), 1519, 1519, 36, 16);
INSERT INTO orders (order_id, created_at, delivery_id, payment_id, supporting_project_id) VALUES (1519, (SELECT projects.start_date + INTERVAL 35 DAY FROM projects WHERE projects.id=36), 1, 1519, 1519);
INSERT INTO supporting_packages(id, option_list, package_count, order_id, project_package_id, supporting_project_id) VALUES (1519, '["전문가용"]', 4, 1519, 36, 1519);
INSERT INTO supporting_projects(supporting_project_id, supported_at, delivery_id, payment_id, project_id, user_id) VALUES (1520, (SELECT projects.start_date + INTERVAL 17 DAY FROM projects WHERE projects.id=36), 1520, 1520, 36, 13);
INSERT INTO orders (order_id, created_at, delivery_id, payment_id, supporting_project_id) VALUES (1520, (SELECT projects.start_date + INTERVAL 17 DAY FROM projects WHERE projects.id=36), 1, 1520, 1520);
INSERT INTO supporting_packages(id, option_list, package_count, order_id, project_package_id, supporting_project_id) VALUES (1520, '["전문가용"]', 6, 1520, 36, 1520);
INSERT INTO supporting_projects(supporting_project_id, supported_at, delivery_id, payment_id, project_id, user_id) VALUES (1521, (SELECT projects.start_date + INTERVAL 21 DAY FROM projects WHERE projects.id=36), 1521, 1521, 36, 15);
INSERT INTO orders (order_id, created_at, delivery_id, payment_id, supporting_project_id) VALUES (1521, (SELECT projects.start_date + INTERVAL 21 DAY FROM projects WHERE projects.id=36), 1, 1521, 1521);
INSERT INTO supporting_packages(id, option_list, package_count, order_id, project_package_id, supporting_project_id) VALUES (1521, '["입문자용"]', 3, 1521, 36, 1521);
INSERT INTO supporting_projects(supporting_project_id, supported_at, delivery_id, payment_id, project_id, user_id) VALUES (1522, (SELECT projects.start_date + INTERVAL 25 DAY FROM projects WHERE projects.id=36), 1522, 1522, 36, 26);
INSERT INTO orders (order_id, created_at, delivery_id, payment_id, supporting_project_id) VALUES (1522, (SELECT projects.start_date + INTERVAL 25 DAY FROM projects WHERE projects.id=36), 1, 1522, 1522);
INSERT INTO supporting_packages(id, option_list, package_count, order_id, project_package_id, supporting_project_id) VALUES (1522, '["입문자용"]', 5, 1522, 36, 1522);
INSERT INTO supporting_projects(supporting_project_id, supported_at, delivery_id, payment_id, project_id, user_id) VALUES (1523, (SELECT projects.start_date + INTERVAL 7 DAY FROM projects WHERE projects.id=36), 1523, 1523, 36, 1);
INSERT INTO orders (order_id, created_at, delivery_id, payment_id, supporting_project_id) VALUES (1523, (SELECT projects.start_date + INTERVAL 7 DAY FROM projects WHERE projects.id=36), 1, 1523, 1523);
INSERT INTO supporting_packages(id, option_list, package_count, order_id, project_package_id, supporting_project_id) VALUES (1523, '["전문가용"]', 5, 1523, 36, 1523);
INSERT INTO supporting_projects(supporting_project_id, supported_at, delivery_id, payment_id, project_id, user_id) VALUES (1524, (SELECT projects.start_date + INTERVAL 11 DAY FROM projects WHERE projects.id=36), 1524, 1524, 36, 23);
INSERT INTO orders (order_id, created_at, delivery_id, payment_id, supporting_project_id) VALUES (1524, (SELECT projects.start_date + INTERVAL 11 DAY FROM projects WHERE projects.id=36), 1, 1524, 1524);
INSERT INTO supporting_packages(id, option_list, package_count, order_id, project_package_id, supporting_project_id) VALUES (1524, '["입문자용"]', 10, 1524, 36, 1524);
INSERT INTO supporting_projects(supporting_project_id, supported_at, delivery_id, payment_id, project_id, user_id) VALUES (1525, (SELECT projects.start_date + INTERVAL 31 DAY FROM projects WHERE projects.id=36), 1525, 1525, 36, 31);
INSERT INTO orders (order_id, created_at, delivery_id, payment_id, supporting_project_id) VALUES (1525, (SELECT projects.start_date + INTERVAL 31 DAY FROM projects WHERE projects.id=36), 1, 1525, 1525);
INSERT INTO supporting_packages(id, option_list, package_count, order_id, project_package_id, supporting_project_id) VALUES (1525, '["전문가용"]', 8, 1525, 36, 1525);
INSERT INTO supporting_projects(supporting_project_id, supported_at, delivery_id, payment_id, project_id, user_id) VALUES (1526, (SELECT projects.start_date + INTERVAL 15 DAY FROM projects WHERE projects.id=36), 1526, 1526, 36, 40);
INSERT INTO orders (order_id, created_at, delivery_id, payment_id, supporting_project_id) VALUES (1526, (SELECT projects.start_date + INTERVAL 15 DAY FROM projects WHERE projects.id=36), 1, 1526, 1526);
INSERT INTO supporting_packages(id, option_list, package_count, order_id, project_package_id, supporting_project_id) VALUES (1526, '["고급자용"]', 2, 1526, 36, 1526);
INSERT INTO supporting_projects(supporting_project_id, supported_at, delivery_id, payment_id, project_id, user_id) VALUES (1527, (SELECT projects.start_date + INTERVAL 27 DAY FROM projects WHERE projects.id=36), 1527, 1527, 36, 5);
INSERT INTO orders (order_id, created_at, delivery_id, payment_id, supporting_project_id) VALUES (1527, (SELECT projects.start_date + INTERVAL 27 DAY FROM projects WHERE projects.id=36), 1, 1527, 1527);
INSERT INTO supporting_packages(id, option_list, package_count, order_id, project_package_id, supporting_project_id) VALUES (1527, '["입문자용"]', 8, 1527, 36, 1527);
INSERT INTO supporting_projects(supporting_project_id, supported_at, delivery_id, payment_id, project_id, user_id) VALUES (1528, (SELECT projects.start_date + INTERVAL 27 DAY FROM projects WHERE projects.id=36), 1528, 1528, 36, 26);
INSERT INTO orders (order_id, created_at, delivery_id, payment_id, supporting_project_id) VALUES (1528, (SELECT projects.start_date + INTERVAL 27 DAY FROM projects WHERE projects.id=36), 1, 1528, 1528);
INSERT INTO supporting_packages(id, option_list, package_count, order_id, project_package_id, supporting_project_id) VALUES (1528, '["입문자용"]', 8, 1528, 36, 1528);
INSERT INTO supporting_projects(supporting_project_id, supported_at, delivery_id, payment_id, project_id, user_id) VALUES (1529, (SELECT projects.start_date + INTERVAL 18 DAY FROM projects WHERE projects.id=36), 1529, 1529, 36, 15);
INSERT INTO orders (order_id, created_at, delivery_id, payment_id, supporting_project_id) VALUES (1529, (SELECT projects.start_date + INTERVAL 18 DAY FROM projects WHERE projects.id=36), 1, 1529, 1529);
INSERT INTO supporting_packages(id, option_list, package_count, order_id, project_package_id, supporting_project_id) VALUES (1529, '["입문자용"]', 2, 1529, 36, 1529);
INSERT INTO supporting_projects(supporting_project_id, supported_at, delivery_id, payment_id, project_id, user_id) VALUES (1530, (SELECT projects.start_date + INTERVAL 10 DAY FROM projects WHERE projects.id=36), 1530, 1530, 36, 32);
INSERT INTO orders (order_id, created_at, delivery_id, payment_id, supporting_project_id) VALUES (1530, (SELECT projects.start_date + INTERVAL 10 DAY FROM projects WHERE projects.id=36), 1, 1530, 1530);
INSERT INTO supporting_packages(id, option_list, package_count, order_id, project_package_id, supporting_project_id) VALUES (1530, '["전문가용"]', 1, 1530, 36, 1530);
INSERT INTO supporting_projects(supporting_project_id, supported_at, delivery_id, payment_id, project_id, user_id) VALUES (1531, (SELECT projects.start_date + INTERVAL 4 DAY FROM projects WHERE projects.id=36), 1531, 1531, 36, 40);
INSERT INTO orders (order_id, created_at, delivery_id, payment_id, supporting_project_id) VALUES (1531, (SELECT projects.start_date + INTERVAL 4 DAY FROM projects WHERE projects.id=36), 1, 1531, 1531);
INSERT INTO supporting_packages(id, option_list, package_count, order_id, project_package_id, supporting_project_id) VALUES (1531, '["입문자용"]', 10, 1531, 36, 1531);
INSERT INTO supporting_projects(supporting_project_id, supported_at, delivery_id, payment_id, project_id, user_id) VALUES (1532, (SELECT projects.start_date + INTERVAL 45 DAY FROM projects WHERE projects.id=36), 1532, 1532, 36, 4);
INSERT INTO orders (order_id, created_at, delivery_id, payment_id, supporting_project_id) VALUES (1532, (SELECT projects.start_date + INTERVAL 45 DAY FROM projects WHERE projects.id=36), 1, 1532, 1532);
INSERT INTO supporting_packages(id, option_list, package_count, order_id, project_package_id, supporting_project_id) VALUES (1532, '["입문자용"]', 3, 1532, 36, 1532);
INSERT INTO supporting_projects(supporting_project_id, supported_at, delivery_id, payment_id, project_id, user_id) VALUES (1533, (SELECT projects.start_date + INTERVAL 43 DAY FROM projects WHERE projects.id=36), 1533, 1533, 36, 13);
INSERT INTO orders (order_id, created_at, delivery_id, payment_id, supporting_project_id) VALUES (1533, (SELECT projects.start_date + INTERVAL 43 DAY FROM projects WHERE projects.id=36), 1, 1533, 1533);
INSERT INTO supporting_packages(id, option_list, package_count, order_id, project_package_id, supporting_project_id) VALUES (1533, '["입문자용"]', 3, 1533, 36, 1533);
INSERT INTO supporting_projects(supporting_project_id, supported_at, delivery_id, payment_id, project_id, user_id) VALUES (1534, (SELECT projects.start_date + INTERVAL 8 DAY FROM projects WHERE projects.id=36), 1534, 1534, 36, 12);
INSERT INTO orders (order_id, created_at, delivery_id, payment_id, supporting_project_id) VALUES (1534, (SELECT projects.start_date + INTERVAL 8 DAY FROM projects WHERE projects.id=36), 1, 1534, 1534);
INSERT INTO supporting_packages(id, option_list, package_count, order_id, project_package_id, supporting_project_id) VALUES (1534, '["고급자용"]', 10, 1534, 36, 1534);
INSERT INTO supporting_projects(supporting_project_id, supported_at, delivery_id, payment_id, project_id, user_id) VALUES (1535, (SELECT projects.start_date + INTERVAL 19 DAY FROM projects WHERE projects.id=36), 1535, 1535, 36, 9);
INSERT INTO orders (order_id, created_at, delivery_id, payment_id, supporting_project_id) VALUES (1535, (SELECT projects.start_date + INTERVAL 19 DAY FROM projects WHERE projects.id=36), 1, 1535, 1535);
INSERT INTO supporting_packages(id, option_list, package_count, order_id, project_package_id, supporting_project_id) VALUES (1535, '["고급자용"]', 8, 1535, 36, 1535);
INSERT INTO supporting_projects(supporting_project_id, supported_at, delivery_id, payment_id, project_id, user_id) VALUES (1536, (SELECT projects.start_date + INTERVAL 48 DAY FROM projects WHERE projects.id=36), 1536, 1536, 36, 19);
INSERT INTO orders (order_id, created_at, delivery_id, payment_id, supporting_project_id) VALUES (1536, (SELECT projects.start_date + INTERVAL 48 DAY FROM projects WHERE projects.id=36), 1, 1536, 1536);
INSERT INTO supporting_packages(id, option_list, package_count, order_id, project_package_id, supporting_project_id) VALUES (1536, '["입문자용"]', 7, 1536, 36, 1536);
INSERT INTO supporting_projects(supporting_project_id, supported_at, delivery_id, payment_id, project_id, user_id) VALUES (1537, (SELECT projects.start_date + INTERVAL 12 DAY FROM projects WHERE projects.id=36), 1537, 1537, 36, 17);
INSERT INTO orders (order_id, created_at, delivery_id, payment_id, supporting_project_id) VALUES (1537, (SELECT projects.start_date + INTERVAL 12 DAY FROM projects WHERE projects.id=36), 1, 1537, 1537);
INSERT INTO supporting_packages(id, option_list, package_count, order_id, project_package_id, supporting_project_id) VALUES (1537, '["고급자용"]', 4, 1537, 36, 1537);
INSERT INTO supporting_projects(supporting_project_id, supported_at, delivery_id, payment_id, project_id, user_id) VALUES (1538, (SELECT projects.start_date + INTERVAL 5 DAY FROM projects WHERE projects.id=36), 1538, 1538, 36, 10);
INSERT INTO orders (order_id, created_at, delivery_id, payment_id, supporting_project_id) VALUES (1538, (SELECT projects.start_date + INTERVAL 5 DAY FROM projects WHERE projects.id=36), 1, 1538, 1538);
INSERT INTO supporting_packages(id, option_list, package_count, order_id, project_package_id, supporting_project_id) VALUES (1538, '["전문가용"]', 3, 1538, 36, 1538);
INSERT INTO supporting_projects(supporting_project_id, supported_at, delivery_id, payment_id, project_id, user_id) VALUES (1539, (SELECT projects.start_date + INTERVAL 31 DAY FROM projects WHERE projects.id=36), 1539, 1539, 36, 38);
INSERT INTO orders (order_id, created_at, delivery_id, payment_id, supporting_project_id) VALUES (1539, (SELECT projects.start_date + INTERVAL 31 DAY FROM projects WHERE projects.id=36), 1, 1539, 1539);
INSERT INTO supporting_packages(id, option_list, package_count, order_id, project_package_id, supporting_project_id) VALUES (1539, '["전문가용"]', 5, 1539, 36, 1539);
INSERT INTO supporting_projects(supporting_project_id, supported_at, delivery_id, payment_id, project_id, user_id) VALUES (1540, (SELECT projects.start_date + INTERVAL 31 DAY FROM projects WHERE projects.id=36), 1540, 1540, 36, 22);
INSERT INTO orders (order_id, created_at, delivery_id, payment_id, supporting_project_id) VALUES (1540, (SELECT projects.start_date + INTERVAL 31 DAY FROM projects WHERE projects.id=36), 1, 1540, 1540);
INSERT INTO supporting_packages(id, option_list, package_count, order_id, project_package_id, supporting_project_id) VALUES (1540, '["전문가용"]', 2, 1540, 36, 1540);
INSERT INTO supporting_projects(supporting_project_id, supported_at, delivery_id, payment_id, project_id, user_id) VALUES (1541, (SELECT projects.start_date + INTERVAL 14 DAY FROM projects WHERE projects.id=36), 1541, 1541, 36, 37);
INSERT INTO orders (order_id, created_at, delivery_id, payment_id, supporting_project_id) VALUES (1541, (SELECT projects.start_date + INTERVAL 14 DAY FROM projects WHERE projects.id=36), 1, 1541, 1541);
INSERT INTO supporting_packages(id, option_list, package_count, order_id, project_package_id, supporting_project_id) VALUES (1541, '["전문가용"]', 9, 1541, 36, 1541);
INSERT INTO supporting_projects(supporting_project_id, supported_at, delivery_id, payment_id, project_id, user_id) VALUES (1542, (SELECT projects.start_date + INTERVAL 10 DAY FROM projects WHERE projects.id=36), 1542, 1542, 36, 20);
INSERT INTO orders (order_id, created_at, delivery_id, payment_id, supporting_project_id) VALUES (1542, (SELECT projects.start_date + INTERVAL 10 DAY FROM projects WHERE projects.id=36), 1, 1542, 1542);
INSERT INTO supporting_packages(id, option_list, package_count, order_id, project_package_id, supporting_project_id) VALUES (1542, '["전문가용"]', 9, 1542, 36, 1542);
INSERT INTO supporting_projects(supporting_project_id, supported_at, delivery_id, payment_id, project_id, user_id) VALUES (1543, (SELECT projects.start_date + INTERVAL 26 DAY FROM projects WHERE projects.id=36), 1543, 1543, 36, 26);
INSERT INTO orders (order_id, created_at, delivery_id, payment_id, supporting_project_id) VALUES (1543, (SELECT projects.start_date + INTERVAL 26 DAY FROM projects WHERE projects.id=36), 1, 1543, 1543);
INSERT INTO supporting_packages(id, option_list, package_count, order_id, project_package_id, supporting_project_id) VALUES (1543, '["고급자용"]', 10, 1543, 36, 1543);
INSERT INTO supporting_projects(supporting_project_id, supported_at, delivery_id, payment_id, project_id, user_id) VALUES (1544, (SELECT projects.start_date + INTERVAL 39 DAY FROM projects WHERE projects.id=36), 1544, 1544, 36, 27);
INSERT INTO orders (order_id, created_at, delivery_id, payment_id, supporting_project_id) VALUES (1544, (SELECT projects.start_date + INTERVAL 39 DAY FROM projects WHERE projects.id=36), 1, 1544, 1544);
INSERT INTO supporting_packages(id, option_list, package_count, order_id, project_package_id, supporting_project_id) VALUES (1544, '["전문가용"]', 3, 1544, 36, 1544);
INSERT INTO supporting_projects(supporting_project_id, supported_at, delivery_id, payment_id, project_id, user_id) VALUES (1545, (SELECT projects.start_date + INTERVAL 17 DAY FROM projects WHERE projects.id=38), 1545, 1545, 38, 21);
INSERT INTO orders (order_id, created_at, delivery_id, payment_id, supporting_project_id) VALUES (1545, (SELECT projects.start_date + INTERVAL 17 DAY FROM projects WHERE projects.id=38), 1, 1545, 1545);
INSERT INTO supporting_packages(id, option_list, package_count, order_id, project_package_id, supporting_project_id) VALUES (1545, '["가족용"]', 3, 1545, 38, 1545);
INSERT INTO supporting_projects(supporting_project_id, supported_at, delivery_id, payment_id, project_id, user_id) VALUES (1546, (SELECT projects.start_date + INTERVAL 10 DAY FROM projects WHERE projects.id=38), 1546, 1546, 38, 23);
INSERT INTO orders (order_id, created_at, delivery_id, payment_id, supporting_project_id) VALUES (1546, (SELECT projects.start_date + INTERVAL 10 DAY FROM projects WHERE projects.id=38), 1, 1546, 1546);
INSERT INTO supporting_packages(id, option_list, package_count, order_id, project_package_id, supporting_project_id) VALUES (1546, '["2인"]', 9, 1546, 38, 1546);
INSERT INTO supporting_projects(supporting_project_id, supported_at, delivery_id, payment_id, project_id, user_id) VALUES (1547, (SELECT projects.start_date + INTERVAL 26 DAY FROM projects WHERE projects.id=38), 1547, 1547, 38, 11);
INSERT INTO orders (order_id, created_at, delivery_id, payment_id, supporting_project_id) VALUES (1547, (SELECT projects.start_date + INTERVAL 26 DAY FROM projects WHERE projects.id=38), 1, 1547, 1547);
INSERT INTO supporting_packages(id, option_list, package_count, order_id, project_package_id, supporting_project_id) VALUES (1547, '["1인"]', 1, 1547, 38, 1547);
INSERT INTO supporting_projects(supporting_project_id, supported_at, delivery_id, payment_id, project_id, user_id) VALUES (1548, (SELECT projects.start_date + INTERVAL 26 DAY FROM projects WHERE projects.id=38), 1548, 1548, 38, 34);
INSERT INTO orders (order_id, created_at, delivery_id, payment_id, supporting_project_id) VALUES (1548, (SELECT projects.start_date + INTERVAL 26 DAY FROM projects WHERE projects.id=38), 1, 1548, 1548);
INSERT INTO supporting_packages(id, option_list, package_count, order_id, project_package_id, supporting_project_id) VALUES (1548, '["가족용"]', 2, 1548, 38, 1548);
INSERT INTO supporting_projects(supporting_project_id, supported_at, delivery_id, payment_id, project_id, user_id) VALUES (1549, (SELECT projects.start_date + INTERVAL 31 DAY FROM projects WHERE projects.id=38), 1549, 1549, 38, 34);
INSERT INTO orders (order_id, created_at, delivery_id, payment_id, supporting_project_id) VALUES (1549, (SELECT projects.start_date + INTERVAL 31 DAY FROM projects WHERE projects.id=38), 1, 1549, 1549);
INSERT INTO supporting_packages(id, option_list, package_count, order_id, project_package_id, supporting_project_id) VALUES (1549, '["1인"]', 1, 1549, 38, 1549);
INSERT INTO supporting_projects(supporting_project_id, supported_at, delivery_id, payment_id, project_id, user_id) VALUES (1550, (SELECT projects.start_date + INTERVAL 45 DAY FROM projects WHERE projects.id=38), 1550, 1550, 38, 28);
INSERT INTO orders (order_id, created_at, delivery_id, payment_id, supporting_project_id) VALUES (1550, (SELECT projects.start_date + INTERVAL 45 DAY FROM projects WHERE projects.id=38), 1, 1550, 1550);
INSERT INTO supporting_packages(id, option_list, package_count, order_id, project_package_id, supporting_project_id) VALUES (1550, '["1인"]', 2, 1550, 38, 1550);
INSERT INTO supporting_projects(supporting_project_id, supported_at, delivery_id, payment_id, project_id, user_id) VALUES (1551, (SELECT projects.start_date + INTERVAL 22 DAY FROM projects WHERE projects.id=38), 1551, 1551, 38, 38);
INSERT INTO orders (order_id, created_at, delivery_id, payment_id, supporting_project_id) VALUES (1551, (SELECT projects.start_date + INTERVAL 22 DAY FROM projects WHERE projects.id=38), 1, 1551, 1551);
INSERT INTO supporting_packages(id, option_list, package_count, order_id, project_package_id, supporting_project_id) VALUES (1551, '["1인"]', 9, 1551, 38, 1551);
INSERT INTO supporting_projects(supporting_project_id, supported_at, delivery_id, payment_id, project_id, user_id) VALUES (1552, (SELECT projects.start_date + INTERVAL 9 DAY FROM projects WHERE projects.id=38), 1552, 1552, 38, 16);
INSERT INTO orders (order_id, created_at, delivery_id, payment_id, supporting_project_id) VALUES (1552, (SELECT projects.start_date + INTERVAL 9 DAY FROM projects WHERE projects.id=38), 1, 1552, 1552);
INSERT INTO supporting_packages(id, option_list, package_count, order_id, project_package_id, supporting_project_id) VALUES (1552, '["1인"]', 4, 1552, 38, 1552);
INSERT INTO supporting_projects(supporting_project_id, supported_at, delivery_id, payment_id, project_id, user_id) VALUES (1553, (SELECT projects.start_date + INTERVAL 22 DAY FROM projects WHERE projects.id=38), 1553, 1553, 38, 7);
INSERT INTO orders (order_id, created_at, delivery_id, payment_id, supporting_project_id) VALUES (1553, (SELECT projects.start_date + INTERVAL 22 DAY FROM projects WHERE projects.id=38), 1, 1553, 1553);
INSERT INTO supporting_packages(id, option_list, package_count, order_id, project_package_id, supporting_project_id) VALUES (1553, '["가족용"]', 7, 1553, 38, 1553);
INSERT INTO supporting_projects(supporting_project_id, supported_at, delivery_id, payment_id, project_id, user_id) VALUES (1554, (SELECT projects.start_date + INTERVAL 14 DAY FROM projects WHERE projects.id=38), 1554, 1554, 38, 36);
INSERT INTO orders (order_id, created_at, delivery_id, payment_id, supporting_project_id) VALUES (1554, (SELECT projects.start_date + INTERVAL 14 DAY FROM projects WHERE projects.id=38), 1, 1554, 1554);
INSERT INTO supporting_packages(id, option_list, package_count, order_id, project_package_id, supporting_project_id) VALUES (1554, '["1인"]', 8, 1554, 38, 1554);
INSERT INTO supporting_projects(supporting_project_id, supported_at, delivery_id, payment_id, project_id, user_id) VALUES (1555, (SELECT projects.start_date + INTERVAL 2 DAY FROM projects WHERE projects.id=38), 1555, 1555, 38, 17);
INSERT INTO orders (order_id, created_at, delivery_id, payment_id, supporting_project_id) VALUES (1555, (SELECT projects.start_date + INTERVAL 2 DAY FROM projects WHERE projects.id=38), 1, 1555, 1555);
INSERT INTO supporting_packages(id, option_list, package_count, order_id, project_package_id, supporting_project_id) VALUES (1555, '["2인"]', 4, 1555, 38, 1555);
INSERT INTO supporting_projects(supporting_project_id, supported_at, delivery_id, payment_id, project_id, user_id) VALUES (1556, (SELECT projects.start_date + INTERVAL 5 DAY FROM projects WHERE projects.id=38), 1556, 1556, 38, 27);
INSERT INTO orders (order_id, created_at, delivery_id, payment_id, supporting_project_id) VALUES (1556, (SELECT projects.start_date + INTERVAL 5 DAY FROM projects WHERE projects.id=38), 1, 1556, 1556);
INSERT INTO supporting_packages(id, option_list, package_count, order_id, project_package_id, supporting_project_id) VALUES (1556, '["가족용"]', 5, 1556, 38, 1556);
INSERT INTO supporting_projects(supporting_project_id, supported_at, delivery_id, payment_id, project_id, user_id) VALUES (1557, (SELECT projects.start_date + INTERVAL 49 DAY FROM projects WHERE projects.id=38), 1557, 1557, 38, 32);
INSERT INTO orders (order_id, created_at, delivery_id, payment_id, supporting_project_id) VALUES (1557, (SELECT projects.start_date + INTERVAL 49 DAY FROM projects WHERE projects.id=38), 1, 1557, 1557);
INSERT INTO supporting_packages(id, option_list, package_count, order_id, project_package_id, supporting_project_id) VALUES (1557, '["가족용"]', 2, 1557, 38, 1557);
INSERT INTO supporting_projects(supporting_project_id, supported_at, delivery_id, payment_id, project_id, user_id) VALUES (1558, (SELECT projects.start_date + INTERVAL 4 DAY FROM projects WHERE projects.id=38), 1558, 1558, 38, 34);
INSERT INTO orders (order_id, created_at, delivery_id, payment_id, supporting_project_id) VALUES (1558, (SELECT projects.start_date + INTERVAL 4 DAY FROM projects WHERE projects.id=38), 1, 1558, 1558);
INSERT INTO supporting_packages(id, option_list, package_count, order_id, project_package_id, supporting_project_id) VALUES (1558, '["2인"]', 2, 1558, 38, 1558);
INSERT INTO supporting_projects(supporting_project_id, supported_at, delivery_id, payment_id, project_id, user_id) VALUES (1559, (SELECT projects.start_date + INTERVAL 35 DAY FROM projects WHERE projects.id=38), 1559, 1559, 38, 20);
INSERT INTO orders (order_id, created_at, delivery_id, payment_id, supporting_project_id) VALUES (1559, (SELECT projects.start_date + INTERVAL 35 DAY FROM projects WHERE projects.id=38), 1, 1559, 1559);
INSERT INTO supporting_packages(id, option_list, package_count, order_id, project_package_id, supporting_project_id) VALUES (1559, '["1인"]', 10, 1559, 38, 1559);
INSERT INTO supporting_projects(supporting_project_id, supported_at, delivery_id, payment_id, project_id, user_id) VALUES (1560, (SELECT projects.start_date + INTERVAL 31 DAY FROM projects WHERE projects.id=38), 1560, 1560, 38, 12);
INSERT INTO orders (order_id, created_at, delivery_id, payment_id, supporting_project_id) VALUES (1560, (SELECT projects.start_date + INTERVAL 31 DAY FROM projects WHERE projects.id=38), 1, 1560, 1560);
INSERT INTO supporting_packages(id, option_list, package_count, order_id, project_package_id, supporting_project_id) VALUES (1560, '["가족용"]', 2, 1560, 38, 1560);
INSERT INTO supporting_projects(supporting_project_id, supported_at, delivery_id, payment_id, project_id, user_id) VALUES (1561, (SELECT projects.start_date + INTERVAL 36 DAY FROM projects WHERE projects.id=38), 1561, 1561, 38, 38);
INSERT INTO orders (order_id, created_at, delivery_id, payment_id, supporting_project_id) VALUES (1561, (SELECT projects.start_date + INTERVAL 36 DAY FROM projects WHERE projects.id=38), 1, 1561, 1561);
INSERT INTO supporting_packages(id, option_list, package_count, order_id, project_package_id, supporting_project_id) VALUES (1561, '["가족용"]', 8, 1561, 38, 1561);
INSERT INTO supporting_projects(supporting_project_id, supported_at, delivery_id, payment_id, project_id, user_id) VALUES (1562, (SELECT projects.start_date + INTERVAL 17 DAY FROM projects WHERE projects.id=38), 1562, 1562, 38, 22);
INSERT INTO orders (order_id, created_at, delivery_id, payment_id, supporting_project_id) VALUES (1562, (SELECT projects.start_date + INTERVAL 17 DAY FROM projects WHERE projects.id=38), 1, 1562, 1562);
INSERT INTO supporting_packages(id, option_list, package_count, order_id, project_package_id, supporting_project_id) VALUES (1562, '["1인"]', 10, 1562, 38, 1562);
INSERT INTO supporting_projects(supporting_project_id, supported_at, delivery_id, payment_id, project_id, user_id) VALUES (1563, (SELECT projects.start_date + INTERVAL 47 DAY FROM projects WHERE projects.id=38), 1563, 1563, 38, 27);
INSERT INTO orders (order_id, created_at, delivery_id, payment_id, supporting_project_id) VALUES (1563, (SELECT projects.start_date + INTERVAL 47 DAY FROM projects WHERE projects.id=38), 1, 1563, 1563);
INSERT INTO supporting_packages(id, option_list, package_count, order_id, project_package_id, supporting_project_id) VALUES (1563, '["2인"]', 3, 1563, 38, 1563);
INSERT INTO supporting_projects(supporting_project_id, supported_at, delivery_id, payment_id, project_id, user_id) VALUES (1564, (SELECT projects.start_date + INTERVAL 18 DAY FROM projects WHERE projects.id=38), 1564, 1564, 38, 39);
INSERT INTO orders (order_id, created_at, delivery_id, payment_id, supporting_project_id) VALUES (1564, (SELECT projects.start_date + INTERVAL 18 DAY FROM projects WHERE projects.id=38), 1, 1564, 1564);
INSERT INTO supporting_packages(id, option_list, package_count, order_id, project_package_id, supporting_project_id) VALUES (1564, '["1인"]', 2, 1564, 38, 1564);
INSERT INTO supporting_projects(supporting_project_id, supported_at, delivery_id, payment_id, project_id, user_id) VALUES (1565, (SELECT projects.start_date + INTERVAL 29 DAY FROM projects WHERE projects.id=38), 1565, 1565, 38, 20);
INSERT INTO orders (order_id, created_at, delivery_id, payment_id, supporting_project_id) VALUES (1565, (SELECT projects.start_date + INTERVAL 29 DAY FROM projects WHERE projects.id=38), 1, 1565, 1565);
INSERT INTO supporting_packages(id, option_list, package_count, order_id, project_package_id, supporting_project_id) VALUES (1565, '["가족용"]', 10, 1565, 38, 1565);
INSERT INTO supporting_projects(supporting_project_id, supported_at, delivery_id, payment_id, project_id, user_id) VALUES (1566, (SELECT projects.start_date + INTERVAL 26 DAY FROM projects WHERE projects.id=38), 1566, 1566, 38, 16);
INSERT INTO orders (order_id, created_at, delivery_id, payment_id, supporting_project_id) VALUES (1566, (SELECT projects.start_date + INTERVAL 26 DAY FROM projects WHERE projects.id=38), 1, 1566, 1566);
INSERT INTO supporting_packages(id, option_list, package_count, order_id, project_package_id, supporting_project_id) VALUES (1566, '["가족용"]', 7, 1566, 38, 1566);
INSERT INTO supporting_projects(supporting_project_id, supported_at, delivery_id, payment_id, project_id, user_id) VALUES (1567, (SELECT projects.start_date + INTERVAL 39 DAY FROM projects WHERE projects.id=38), 1567, 1567, 38, 17);
INSERT INTO orders (order_id, created_at, delivery_id, payment_id, supporting_project_id) VALUES (1567, (SELECT projects.start_date + INTERVAL 39 DAY FROM projects WHERE projects.id=38), 1, 1567, 1567);
INSERT INTO supporting_packages(id, option_list, package_count, order_id, project_package_id, supporting_project_id) VALUES (1567, '["가족용"]', 9, 1567, 38, 1567);
INSERT INTO supporting_projects(supporting_project_id, supported_at, delivery_id, payment_id, project_id, user_id) VALUES (1568, (SELECT projects.start_date + INTERVAL 7 DAY FROM projects WHERE projects.id=38), 1568, 1568, 38, 16);
INSERT INTO orders (order_id, created_at, delivery_id, payment_id, supporting_project_id) VALUES (1568, (SELECT projects.start_date + INTERVAL 7 DAY FROM projects WHERE projects.id=38), 1, 1568, 1568);
INSERT INTO supporting_packages(id, option_list, package_count, order_id, project_package_id, supporting_project_id) VALUES (1568, '["2인"]', 7, 1568, 38, 1568);
INSERT INTO supporting_projects(supporting_project_id, supported_at, delivery_id, payment_id, project_id, user_id) VALUES (1569, (SELECT projects.start_date + INTERVAL 36 DAY FROM projects WHERE projects.id=38), 1569, 1569, 38, 30);
INSERT INTO orders (order_id, created_at, delivery_id, payment_id, supporting_project_id) VALUES (1569, (SELECT projects.start_date + INTERVAL 36 DAY FROM projects WHERE projects.id=38), 1, 1569, 1569);
INSERT INTO supporting_packages(id, option_list, package_count, order_id, project_package_id, supporting_project_id) VALUES (1569, '["가족용"]', 1, 1569, 38, 1569);
INSERT INTO supporting_projects(supporting_project_id, supported_at, delivery_id, payment_id, project_id, user_id) VALUES (1570, (SELECT projects.start_date + INTERVAL 46 DAY FROM projects WHERE projects.id=38), 1570, 1570, 38, 13);
INSERT INTO orders (order_id, created_at, delivery_id, payment_id, supporting_project_id) VALUES (1570, (SELECT projects.start_date + INTERVAL 46 DAY FROM projects WHERE projects.id=38), 1, 1570, 1570);
INSERT INTO supporting_packages(id, option_list, package_count, order_id, project_package_id, supporting_project_id) VALUES (1570, '["2인"]', 6, 1570, 38, 1570);
INSERT INTO supporting_projects(supporting_project_id, supported_at, delivery_id, payment_id, project_id, user_id) VALUES (1571, (SELECT projects.start_date + INTERVAL 9 DAY FROM projects WHERE projects.id=38), 1571, 1571, 38, 35);
INSERT INTO orders (order_id, created_at, delivery_id, payment_id, supporting_project_id) VALUES (1571, (SELECT projects.start_date + INTERVAL 9 DAY FROM projects WHERE projects.id=38), 1, 1571, 1571);
INSERT INTO supporting_packages(id, option_list, package_count, order_id, project_package_id, supporting_project_id) VALUES (1571, '["2인"]', 10, 1571, 38, 1571);
INSERT INTO supporting_projects(supporting_project_id, supported_at, delivery_id, payment_id, project_id, user_id) VALUES (1572, (SELECT projects.start_date + INTERVAL 4 DAY FROM projects WHERE projects.id=38), 1572, 1572, 38, 25);
INSERT INTO orders (order_id, created_at, delivery_id, payment_id, supporting_project_id) VALUES (1572, (SELECT projects.start_date + INTERVAL 4 DAY FROM projects WHERE projects.id=38), 1, 1572, 1572);
INSERT INTO supporting_packages(id, option_list, package_count, order_id, project_package_id, supporting_project_id) VALUES (1572, '["2인"]', 9, 1572, 38, 1572);
INSERT INTO supporting_projects(supporting_project_id, supported_at, delivery_id, payment_id, project_id, user_id) VALUES (1573, (SELECT projects.start_date + INTERVAL 4 DAY FROM projects WHERE projects.id=38), 1573, 1573, 38, 28);
INSERT INTO orders (order_id, created_at, delivery_id, payment_id, supporting_project_id) VALUES (1573, (SELECT projects.start_date + INTERVAL 4 DAY FROM projects WHERE projects.id=38), 1, 1573, 1573);
INSERT INTO supporting_packages(id, option_list, package_count, order_id, project_package_id, supporting_project_id) VALUES (1573, '["2인"]', 6, 1573, 38, 1573);
INSERT INTO supporting_projects(supporting_project_id, supported_at, delivery_id, payment_id, project_id, user_id) VALUES (1574, (SELECT projects.start_date + INTERVAL 29 DAY FROM projects WHERE projects.id=38), 1574, 1574, 38, 24);
INSERT INTO orders (order_id, created_at, delivery_id, payment_id, supporting_project_id) VALUES (1574, (SELECT projects.start_date + INTERVAL 29 DAY FROM projects WHERE projects.id=38), 1, 1574, 1574);
INSERT INTO supporting_packages(id, option_list, package_count, order_id, project_package_id, supporting_project_id) VALUES (1574, '["가족용"]', 7, 1574, 38, 1574);
INSERT INTO supporting_projects(supporting_project_id, supported_at, delivery_id, payment_id, project_id, user_id) VALUES (1575, (SELECT projects.start_date + INTERVAL 28 DAY FROM projects WHERE projects.id=38), 1575, 1575, 38, 28);
INSERT INTO orders (order_id, created_at, delivery_id, payment_id, supporting_project_id) VALUES (1575, (SELECT projects.start_date + INTERVAL 28 DAY FROM projects WHERE projects.id=38), 1, 1575, 1575);
INSERT INTO supporting_packages(id, option_list, package_count, order_id, project_package_id, supporting_project_id) VALUES (1575, '["2인"]', 2, 1575, 38, 1575);
INSERT INTO supporting_projects(supporting_project_id, supported_at, delivery_id, payment_id, project_id, user_id) VALUES (1576, (SELECT projects.start_date + INTERVAL 34 DAY FROM projects WHERE projects.id=38), 1576, 1576, 38, 7);
INSERT INTO orders (order_id, created_at, delivery_id, payment_id, supporting_project_id) VALUES (1576, (SELECT projects.start_date + INTERVAL 34 DAY FROM projects WHERE projects.id=38), 1, 1576, 1576);
INSERT INTO supporting_packages(id, option_list, package_count, order_id, project_package_id, supporting_project_id) VALUES (1576, '["1인"]', 4, 1576, 38, 1576);
INSERT INTO supporting_projects(supporting_project_id, supported_at, delivery_id, payment_id, project_id, user_id) VALUES (1577, (SELECT projects.start_date + INTERVAL 23 DAY FROM projects WHERE projects.id=38), 1577, 1577, 38, 40);
INSERT INTO orders (order_id, created_at, delivery_id, payment_id, supporting_project_id) VALUES (1577, (SELECT projects.start_date + INTERVAL 23 DAY FROM projects WHERE projects.id=38), 1, 1577, 1577);
INSERT INTO supporting_packages(id, option_list, package_count, order_id, project_package_id, supporting_project_id) VALUES (1577, '["가족용"]', 6, 1577, 38, 1577);
INSERT INTO supporting_projects(supporting_project_id, supported_at, delivery_id, payment_id, project_id, user_id) VALUES (1578, (SELECT projects.start_date + INTERVAL 43 DAY FROM projects WHERE projects.id=38), 1578, 1578, 38, 8);
INSERT INTO orders (order_id, created_at, delivery_id, payment_id, supporting_project_id) VALUES (1578, (SELECT projects.start_date + INTERVAL 43 DAY FROM projects WHERE projects.id=38), 1, 1578, 1578);
INSERT INTO supporting_packages(id, option_list, package_count, order_id, project_package_id, supporting_project_id) VALUES (1578, '["2인"]', 2, 1578, 38, 1578);
INSERT INTO supporting_projects(supporting_project_id, supported_at, delivery_id, payment_id, project_id, user_id) VALUES (1579, (SELECT projects.start_date + INTERVAL 18 DAY FROM projects WHERE projects.id=38), 1579, 1579, 38, 21);
INSERT INTO orders (order_id, created_at, delivery_id, payment_id, supporting_project_id) VALUES (1579, (SELECT projects.start_date + INTERVAL 18 DAY FROM projects WHERE projects.id=38), 1, 1579, 1579);
INSERT INTO supporting_packages(id, option_list, package_count, order_id, project_package_id, supporting_project_id) VALUES (1579, '["1인"]', 5, 1579, 38, 1579);
INSERT INTO supporting_projects(supporting_project_id, supported_at, delivery_id, payment_id, project_id, user_id) VALUES (1580, (SELECT projects.start_date + INTERVAL 38 DAY FROM projects WHERE projects.id=39), 1580, 1580, 39, 31);
INSERT INTO orders (order_id, created_at, delivery_id, payment_id, supporting_project_id) VALUES (1580, (SELECT projects.start_date + INTERVAL 38 DAY FROM projects WHERE projects.id=39), 1, 1580, 1580);
INSERT INTO supporting_packages(id, option_list, package_count, order_id, project_package_id, supporting_project_id) VALUES (1580, '["마스터"]', 6, 1580, 39, 1580);
INSERT INTO supporting_projects(supporting_project_id, supported_at, delivery_id, payment_id, project_id, user_id) VALUES (1581, (SELECT projects.start_date + INTERVAL 24 DAY FROM projects WHERE projects.id=39), 1581, 1581, 39, 16);
INSERT INTO orders (order_id, created_at, delivery_id, payment_id, supporting_project_id) VALUES (1581, (SELECT projects.start_date + INTERVAL 24 DAY FROM projects WHERE projects.id=39), 1, 1581, 1581);
INSERT INTO supporting_packages(id, option_list, package_count, order_id, project_package_id, supporting_project_id) VALUES (1581, '["마스터"]', 5, 1581, 39, 1581);
INSERT INTO supporting_projects(supporting_project_id, supported_at, delivery_id, payment_id, project_id, user_id) VALUES (1582, (SELECT projects.start_date + INTERVAL 10 DAY FROM projects WHERE projects.id=39), 1582, 1582, 39, 4);
INSERT INTO orders (order_id, created_at, delivery_id, payment_id, supporting_project_id) VALUES (1582, (SELECT projects.start_date + INTERVAL 10 DAY FROM projects WHERE projects.id=39), 1, 1582, 1582);
INSERT INTO supporting_packages(id, option_list, package_count, order_id, project_package_id, supporting_project_id) VALUES (1582, '["기본"]', 8, 1582, 39, 1582);
INSERT INTO supporting_projects(supporting_project_id, supported_at, delivery_id, payment_id, project_id, user_id) VALUES (1583, (SELECT projects.start_date + INTERVAL 29 DAY FROM projects WHERE projects.id=39), 1583, 1583, 39, 23);
INSERT INTO orders (order_id, created_at, delivery_id, payment_id, supporting_project_id) VALUES (1583, (SELECT projects.start_date + INTERVAL 29 DAY FROM projects WHERE projects.id=39), 1, 1583, 1583);
INSERT INTO supporting_packages(id, option_list, package_count, order_id, project_package_id, supporting_project_id) VALUES (1583, '["심화"]', 7, 1583, 39, 1583);
INSERT INTO supporting_projects(supporting_project_id, supported_at, delivery_id, payment_id, project_id, user_id) VALUES (1584, (SELECT projects.start_date + INTERVAL 33 DAY FROM projects WHERE projects.id=39), 1584, 1584, 39, 40);
INSERT INTO orders (order_id, created_at, delivery_id, payment_id, supporting_project_id) VALUES (1584, (SELECT projects.start_date + INTERVAL 33 DAY FROM projects WHERE projects.id=39), 1, 1584, 1584);
INSERT INTO supporting_packages(id, option_list, package_count, order_id, project_package_id, supporting_project_id) VALUES (1584, '["심화"]', 3, 1584, 39, 1584);
INSERT INTO supporting_projects(supporting_project_id, supported_at, delivery_id, payment_id, project_id, user_id) VALUES (1585, (SELECT projects.start_date + INTERVAL 29 DAY FROM projects WHERE projects.id=39), 1585, 1585, 39, 27);
INSERT INTO orders (order_id, created_at, delivery_id, payment_id, supporting_project_id) VALUES (1585, (SELECT projects.start_date + INTERVAL 29 DAY FROM projects WHERE projects.id=39), 1, 1585, 1585);
INSERT INTO supporting_packages(id, option_list, package_count, order_id, project_package_id, supporting_project_id) VALUES (1585, '["마스터"]', 6, 1585, 39, 1585);
INSERT INTO supporting_projects(supporting_project_id, supported_at, delivery_id, payment_id, project_id, user_id) VALUES (1586, (SELECT projects.start_date + INTERVAL 31 DAY FROM projects WHERE projects.id=39), 1586, 1586, 39, 39);
INSERT INTO orders (order_id, created_at, delivery_id, payment_id, supporting_project_id) VALUES (1586, (SELECT projects.start_date + INTERVAL 31 DAY FROM projects WHERE projects.id=39), 1, 1586, 1586);
INSERT INTO supporting_packages(id, option_list, package_count, order_id, project_package_id, supporting_project_id) VALUES (1586, '["기본"]', 9, 1586, 39, 1586);
INSERT INTO supporting_projects(supporting_project_id, supported_at, delivery_id, payment_id, project_id, user_id) VALUES (1587, (SELECT projects.start_date + INTERVAL 32 DAY FROM projects WHERE projects.id=39), 1587, 1587, 39, 19);
INSERT INTO orders (order_id, created_at, delivery_id, payment_id, supporting_project_id) VALUES (1587, (SELECT projects.start_date + INTERVAL 32 DAY FROM projects WHERE projects.id=39), 1, 1587, 1587);
INSERT INTO supporting_packages(id, option_list, package_count, order_id, project_package_id, supporting_project_id) VALUES (1587, '["심화"]', 3, 1587, 39, 1587);
INSERT INTO supporting_projects(supporting_project_id, supported_at, delivery_id, payment_id, project_id, user_id) VALUES (1588, (SELECT projects.start_date + INTERVAL 46 DAY FROM projects WHERE projects.id=39), 1588, 1588, 39, 1);
INSERT INTO orders (order_id, created_at, delivery_id, payment_id, supporting_project_id) VALUES (1588, (SELECT projects.start_date + INTERVAL 46 DAY FROM projects WHERE projects.id=39), 1, 1588, 1588);
INSERT INTO supporting_packages(id, option_list, package_count, order_id, project_package_id, supporting_project_id) VALUES (1588, '["심화"]', 2, 1588, 39, 1588);
INSERT INTO supporting_projects(supporting_project_id, supported_at, delivery_id, payment_id, project_id, user_id) VALUES (1589, (SELECT projects.start_date + INTERVAL 35 DAY FROM projects WHERE projects.id=39), 1589, 1589, 39, 24);
INSERT INTO orders (order_id, created_at, delivery_id, payment_id, supporting_project_id) VALUES (1589, (SELECT projects.start_date + INTERVAL 35 DAY FROM projects WHERE projects.id=39), 1, 1589, 1589);
INSERT INTO supporting_packages(id, option_list, package_count, order_id, project_package_id, supporting_project_id) VALUES (1589, '["기본"]', 10, 1589, 39, 1589);
INSERT INTO supporting_projects(supporting_project_id, supported_at, delivery_id, payment_id, project_id, user_id) VALUES (1590, (SELECT projects.start_date + INTERVAL 22 DAY FROM projects WHERE projects.id=39), 1590, 1590, 39, 38);
INSERT INTO orders (order_id, created_at, delivery_id, payment_id, supporting_project_id) VALUES (1590, (SELECT projects.start_date + INTERVAL 22 DAY FROM projects WHERE projects.id=39), 1, 1590, 1590);
INSERT INTO supporting_packages(id, option_list, package_count, order_id, project_package_id, supporting_project_id) VALUES (1590, '["심화"]', 1, 1590, 39, 1590);
INSERT INTO supporting_projects(supporting_project_id, supported_at, delivery_id, payment_id, project_id, user_id) VALUES (1591, (SELECT projects.start_date + INTERVAL 12 DAY FROM projects WHERE projects.id=39), 1591, 1591, 39, 39);
INSERT INTO orders (order_id, created_at, delivery_id, payment_id, supporting_project_id) VALUES (1591, (SELECT projects.start_date + INTERVAL 12 DAY FROM projects WHERE projects.id=39), 1, 1591, 1591);
INSERT INTO supporting_packages(id, option_list, package_count, order_id, project_package_id, supporting_project_id) VALUES (1591, '["심화"]', 4, 1591, 39, 1591);
INSERT INTO supporting_projects(supporting_project_id, supported_at, delivery_id, payment_id, project_id, user_id) VALUES (1592, (SELECT projects.start_date + INTERVAL 25 DAY FROM projects WHERE projects.id=39), 1592, 1592, 39, 32);
INSERT INTO orders (order_id, created_at, delivery_id, payment_id, supporting_project_id) VALUES (1592, (SELECT projects.start_date + INTERVAL 25 DAY FROM projects WHERE projects.id=39), 1, 1592, 1592);
INSERT INTO supporting_packages(id, option_list, package_count, order_id, project_package_id, supporting_project_id) VALUES (1592, '["기본"]', 5, 1592, 39, 1592);
INSERT INTO supporting_projects(supporting_project_id, supported_at, delivery_id, payment_id, project_id, user_id) VALUES (1593, (SELECT projects.start_date + INTERVAL 20 DAY FROM projects WHERE projects.id=39), 1593, 1593, 39, 10);
INSERT INTO orders (order_id, created_at, delivery_id, payment_id, supporting_project_id) VALUES (1593, (SELECT projects.start_date + INTERVAL 20 DAY FROM projects WHERE projects.id=39), 1, 1593, 1593);
INSERT INTO supporting_packages(id, option_list, package_count, order_id, project_package_id, supporting_project_id) VALUES (1593, '["심화"]', 10, 1593, 39, 1593);
INSERT INTO supporting_projects(supporting_project_id, supported_at, delivery_id, payment_id, project_id, user_id) VALUES (1594, (SELECT projects.start_date + INTERVAL 11 DAY FROM projects WHERE projects.id=39), 1594, 1594, 39, 23);
INSERT INTO orders (order_id, created_at, delivery_id, payment_id, supporting_project_id) VALUES (1594, (SELECT projects.start_date + INTERVAL 11 DAY FROM projects WHERE projects.id=39), 1, 1594, 1594);
INSERT INTO supporting_packages(id, option_list, package_count, order_id, project_package_id, supporting_project_id) VALUES (1594, '["심화"]', 4, 1594, 39, 1594);
INSERT INTO supporting_projects(supporting_project_id, supported_at, delivery_id, payment_id, project_id, user_id) VALUES (1595, (SELECT projects.start_date + INTERVAL 21 DAY FROM projects WHERE projects.id=39), 1595, 1595, 39, 6);
INSERT INTO orders (order_id, created_at, delivery_id, payment_id, supporting_project_id) VALUES (1595, (SELECT projects.start_date + INTERVAL 21 DAY FROM projects WHERE projects.id=39), 1, 1595, 1595);
INSERT INTO supporting_packages(id, option_list, package_count, order_id, project_package_id, supporting_project_id) VALUES (1595, '["기본"]', 9, 1595, 39, 1595);
INSERT INTO supporting_projects(supporting_project_id, supported_at, delivery_id, payment_id, project_id, user_id) VALUES (1596, (SELECT projects.start_date + INTERVAL 10 DAY FROM projects WHERE projects.id=39), 1596, 1596, 39, 18);
INSERT INTO orders (order_id, created_at, delivery_id, payment_id, supporting_project_id) VALUES (1596, (SELECT projects.start_date + INTERVAL 10 DAY FROM projects WHERE projects.id=39), 1, 1596, 1596);
INSERT INTO supporting_packages(id, option_list, package_count, order_id, project_package_id, supporting_project_id) VALUES (1596, '["기본"]', 10, 1596, 39, 1596);
INSERT INTO supporting_projects(supporting_project_id, supported_at, delivery_id, payment_id, project_id, user_id) VALUES (1597, (SELECT projects.start_date + INTERVAL 3 DAY FROM projects WHERE projects.id=39), 1597, 1597, 39, 5);
INSERT INTO orders (order_id, created_at, delivery_id, payment_id, supporting_project_id) VALUES (1597, (SELECT projects.start_date + INTERVAL 3 DAY FROM projects WHERE projects.id=39), 1, 1597, 1597);
INSERT INTO supporting_packages(id, option_list, package_count, order_id, project_package_id, supporting_project_id) VALUES (1597, '["마스터"]', 3, 1597, 39, 1597);
INSERT INTO supporting_projects(supporting_project_id, supported_at, delivery_id, payment_id, project_id, user_id) VALUES (1598, (SELECT projects.start_date + INTERVAL 47 DAY FROM projects WHERE projects.id=39), 1598, 1598, 39, 18);
INSERT INTO orders (order_id, created_at, delivery_id, payment_id, supporting_project_id) VALUES (1598, (SELECT projects.start_date + INTERVAL 47 DAY FROM projects WHERE projects.id=39), 1, 1598, 1598);
INSERT INTO supporting_packages(id, option_list, package_count, order_id, project_package_id, supporting_project_id) VALUES (1598, '["심화"]', 5, 1598, 39, 1598);
INSERT INTO supporting_projects(supporting_project_id, supported_at, delivery_id, payment_id, project_id, user_id) VALUES (1599, (SELECT projects.start_date + INTERVAL 23 DAY FROM projects WHERE projects.id=39), 1599, 1599, 39, 21);
INSERT INTO orders (order_id, created_at, delivery_id, payment_id, supporting_project_id) VALUES (1599, (SELECT projects.start_date + INTERVAL 23 DAY FROM projects WHERE projects.id=39), 1, 1599, 1599);
INSERT INTO supporting_packages(id, option_list, package_count, order_id, project_package_id, supporting_project_id) VALUES (1599, '["기본"]', 2, 1599, 39, 1599);
INSERT INTO supporting_projects(supporting_project_id, supported_at, delivery_id, payment_id, project_id, user_id) VALUES (1600, (SELECT projects.start_date + INTERVAL 2 DAY FROM projects WHERE projects.id=39), 1600, 1600, 39, 23);
INSERT INTO orders (order_id, created_at, delivery_id, payment_id, supporting_project_id) VALUES (1600, (SELECT projects.start_date + INTERVAL 2 DAY FROM projects WHERE projects.id=39), 1, 1600, 1600);
INSERT INTO supporting_packages(id, option_list, package_count, order_id, project_package_id, supporting_project_id) VALUES (1600, '["마스터"]', 8, 1600, 39, 1600);
INSERT INTO supporting_projects(supporting_project_id, supported_at, delivery_id, payment_id, project_id, user_id) VALUES (1601, (SELECT projects.start_date + INTERVAL 34 DAY FROM projects WHERE projects.id=39), 1601, 1601, 39, 15);
INSERT INTO orders (order_id, created_at, delivery_id, payment_id, supporting_project_id) VALUES (1601, (SELECT projects.start_date + INTERVAL 34 DAY FROM projects WHERE projects.id=39), 1, 1601, 1601);
INSERT INTO supporting_packages(id, option_list, package_count, order_id, project_package_id, supporting_project_id) VALUES (1601, '["심화"]', 1, 1601, 39, 1601);
INSERT INTO supporting_projects(supporting_project_id, supported_at, delivery_id, payment_id, project_id, user_id) VALUES (1602, (SELECT projects.start_date + INTERVAL 45 DAY FROM projects WHERE projects.id=39), 1602, 1602, 39, 35);
INSERT INTO orders (order_id, created_at, delivery_id, payment_id, supporting_project_id) VALUES (1602, (SELECT projects.start_date + INTERVAL 45 DAY FROM projects WHERE projects.id=39), 1, 1602, 1602);
INSERT INTO supporting_packages(id, option_list, package_count, order_id, project_package_id, supporting_project_id) VALUES (1602, '["마스터"]', 5, 1602, 39, 1602);
INSERT INTO supporting_projects(supporting_project_id, supported_at, delivery_id, payment_id, project_id, user_id) VALUES (1603, (SELECT projects.start_date + INTERVAL 21 DAY FROM projects WHERE projects.id=39), 1603, 1603, 39, 28);
INSERT INTO orders (order_id, created_at, delivery_id, payment_id, supporting_project_id) VALUES (1603, (SELECT projects.start_date + INTERVAL 21 DAY FROM projects WHERE projects.id=39), 1, 1603, 1603);
INSERT INTO supporting_packages(id, option_list, package_count, order_id, project_package_id, supporting_project_id) VALUES (1603, '["기본"]', 9, 1603, 39, 1603);
INSERT INTO supporting_projects(supporting_project_id, supported_at, delivery_id, payment_id, project_id, user_id) VALUES (1604, (SELECT projects.start_date + INTERVAL 20 DAY FROM projects WHERE projects.id=39), 1604, 1604, 39, 39);
INSERT INTO orders (order_id, created_at, delivery_id, payment_id, supporting_project_id) VALUES (1604, (SELECT projects.start_date + INTERVAL 20 DAY FROM projects WHERE projects.id=39), 1, 1604, 1604);
INSERT INTO supporting_packages(id, option_list, package_count, order_id, project_package_id, supporting_project_id) VALUES (1604, '["심화"]', 3, 1604, 39, 1604);
INSERT INTO supporting_projects(supporting_project_id, supported_at, delivery_id, payment_id, project_id, user_id) VALUES (1605, (SELECT projects.start_date + INTERVAL 32 DAY FROM projects WHERE projects.id=39), 1605, 1605, 39, 40);
INSERT INTO orders (order_id, created_at, delivery_id, payment_id, supporting_project_id) VALUES (1605, (SELECT projects.start_date + INTERVAL 32 DAY FROM projects WHERE projects.id=39), 1, 1605, 1605);
INSERT INTO supporting_packages(id, option_list, package_count, order_id, project_package_id, supporting_project_id) VALUES (1605, '["기본"]', 7, 1605, 39, 1605);
INSERT INTO supporting_projects(supporting_project_id, supported_at, delivery_id, payment_id, project_id, user_id) VALUES (1606, (SELECT projects.start_date + INTERVAL 12 DAY FROM projects WHERE projects.id=39), 1606, 1606, 39, 12);
INSERT INTO orders (order_id, created_at, delivery_id, payment_id, supporting_project_id) VALUES (1606, (SELECT projects.start_date + INTERVAL 12 DAY FROM projects WHERE projects.id=39), 1, 1606, 1606);
INSERT INTO supporting_packages(id, option_list, package_count, order_id, project_package_id, supporting_project_id) VALUES (1606, '["기본"]', 2, 1606, 39, 1606);
INSERT INTO supporting_projects(supporting_project_id, supported_at, delivery_id, payment_id, project_id, user_id) VALUES (1607, (SELECT projects.start_date + INTERVAL 22 DAY FROM projects WHERE projects.id=39), 1607, 1607, 39, 9);
INSERT INTO orders (order_id, created_at, delivery_id, payment_id, supporting_project_id) VALUES (1607, (SELECT projects.start_date + INTERVAL 22 DAY FROM projects WHERE projects.id=39), 1, 1607, 1607);
INSERT INTO supporting_packages(id, option_list, package_count, order_id, project_package_id, supporting_project_id) VALUES (1607, '["기본"]', 3, 1607, 39, 1607);
INSERT INTO supporting_projects(supporting_project_id, supported_at, delivery_id, payment_id, project_id, user_id) VALUES (1608, (SELECT projects.start_date + INTERVAL 3 DAY FROM projects WHERE projects.id=39), 1608, 1608, 39, 15);
INSERT INTO orders (order_id, created_at, delivery_id, payment_id, supporting_project_id) VALUES (1608, (SELECT projects.start_date + INTERVAL 3 DAY FROM projects WHERE projects.id=39), 1, 1608, 1608);
INSERT INTO supporting_packages(id, option_list, package_count, order_id, project_package_id, supporting_project_id) VALUES (1608, '["심화"]', 4, 1608, 39, 1608);
INSERT INTO supporting_projects(supporting_project_id, supported_at, delivery_id, payment_id, project_id, user_id) VALUES (1609, (SELECT projects.start_date + INTERVAL 20 DAY FROM projects WHERE projects.id=39), 1609, 1609, 39, 20);
INSERT INTO orders (order_id, created_at, delivery_id, payment_id, supporting_project_id) VALUES (1609, (SELECT projects.start_date + INTERVAL 20 DAY FROM projects WHERE projects.id=39), 1, 1609, 1609);
INSERT INTO supporting_packages(id, option_list, package_count, order_id, project_package_id, supporting_project_id) VALUES (1609, '["기본"]', 10, 1609, 39, 1609);
INSERT INTO supporting_projects(supporting_project_id, supported_at, delivery_id, payment_id, project_id, user_id) VALUES (1610, (SELECT projects.start_date + INTERVAL 32 DAY FROM projects WHERE projects.id=39), 1610, 1610, 39, 3);
INSERT INTO orders (order_id, created_at, delivery_id, payment_id, supporting_project_id) VALUES (1610, (SELECT projects.start_date + INTERVAL 32 DAY FROM projects WHERE projects.id=39), 1, 1610, 1610);
INSERT INTO supporting_packages(id, option_list, package_count, order_id, project_package_id, supporting_project_id) VALUES (1610, '["마스터"]', 6, 1610, 39, 1610);
INSERT INTO supporting_projects(supporting_project_id, supported_at, delivery_id, payment_id, project_id, user_id) VALUES (1611, (SELECT projects.start_date + INTERVAL 36 DAY FROM projects WHERE projects.id=39), 1611, 1611, 39, 12);
INSERT INTO orders (order_id, created_at, delivery_id, payment_id, supporting_project_id) VALUES (1611, (SELECT projects.start_date + INTERVAL 36 DAY FROM projects WHERE projects.id=39), 1, 1611, 1611);
INSERT INTO supporting_packages(id, option_list, package_count, order_id, project_package_id, supporting_project_id) VALUES (1611, '["심화"]', 7, 1611, 39, 1611);
INSERT INTO supporting_projects(supporting_project_id, supported_at, delivery_id, payment_id, project_id, user_id) VALUES (1612, (SELECT projects.start_date + INTERVAL 15 DAY FROM projects WHERE projects.id=39), 1612, 1612, 39, 2);
INSERT INTO orders (order_id, created_at, delivery_id, payment_id, supporting_project_id) VALUES (1612, (SELECT projects.start_date + INTERVAL 15 DAY FROM projects WHERE projects.id=39), 1, 1612, 1612);
INSERT INTO supporting_packages(id, option_list, package_count, order_id, project_package_id, supporting_project_id) VALUES (1612, '["기본"]', 10, 1612, 39, 1612);
INSERT INTO supporting_projects(supporting_project_id, supported_at, delivery_id, payment_id, project_id, user_id) VALUES (1613, (SELECT projects.start_date + INTERVAL 20 DAY FROM projects WHERE projects.id=39), 1613, 1613, 39, 22);
INSERT INTO orders (order_id, created_at, delivery_id, payment_id, supporting_project_id) VALUES (1613, (SELECT projects.start_date + INTERVAL 20 DAY FROM projects WHERE projects.id=39), 1, 1613, 1613);
INSERT INTO supporting_packages(id, option_list, package_count, order_id, project_package_id, supporting_project_id) VALUES (1613, '["마스터"]', 9, 1613, 39, 1613);
INSERT INTO supporting_projects(supporting_project_id, supported_at, delivery_id, payment_id, project_id, user_id) VALUES (1614, (SELECT projects.start_date + INTERVAL 27 DAY FROM projects WHERE projects.id=39), 1614, 1614, 39, 40);
INSERT INTO orders (order_id, created_at, delivery_id, payment_id, supporting_project_id) VALUES (1614, (SELECT projects.start_date + INTERVAL 27 DAY FROM projects WHERE projects.id=39), 1, 1614, 1614);
INSERT INTO supporting_packages(id, option_list, package_count, order_id, project_package_id, supporting_project_id) VALUES (1614, '["심화"]', 5, 1614, 39, 1614);
INSERT INTO supporting_projects(supporting_project_id, supported_at, delivery_id, payment_id, project_id, user_id) VALUES (1615, (SELECT projects.start_date + INTERVAL 16 DAY FROM projects WHERE projects.id=39), 1615, 1615, 39, 5);
INSERT INTO orders (order_id, created_at, delivery_id, payment_id, supporting_project_id) VALUES (1615, (SELECT projects.start_date + INTERVAL 16 DAY FROM projects WHERE projects.id=39), 1, 1615, 1615);
INSERT INTO supporting_packages(id, option_list, package_count, order_id, project_package_id, supporting_project_id) VALUES (1615, '["기본"]', 1, 1615, 39, 1615);
INSERT INTO supporting_projects(supporting_project_id, supported_at, delivery_id, payment_id, project_id, user_id) VALUES (1616, (SELECT projects.start_date + INTERVAL 18 DAY FROM projects WHERE projects.id=39), 1616, 1616, 39, 34);
INSERT INTO orders (order_id, created_at, delivery_id, payment_id, supporting_project_id) VALUES (1616, (SELECT projects.start_date + INTERVAL 18 DAY FROM projects WHERE projects.id=39), 1, 1616, 1616);
INSERT INTO supporting_packages(id, option_list, package_count, order_id, project_package_id, supporting_project_id) VALUES (1616, '["마스터"]', 3, 1616, 39, 1616);
INSERT INTO supporting_projects(supporting_project_id, supported_at, delivery_id, payment_id, project_id, user_id) VALUES (1617, (SELECT projects.start_date + INTERVAL 7 DAY FROM projects WHERE projects.id=39), 1617, 1617, 39, 26);
INSERT INTO orders (order_id, created_at, delivery_id, payment_id, supporting_project_id) VALUES (1617, (SELECT projects.start_date + INTERVAL 7 DAY FROM projects WHERE projects.id=39), 1, 1617, 1617);
INSERT INTO supporting_packages(id, option_list, package_count, order_id, project_package_id, supporting_project_id) VALUES (1617, '["심화"]', 10, 1617, 39, 1617);
INSERT INTO supporting_projects(supporting_project_id, supported_at, delivery_id, payment_id, project_id, user_id) VALUES (1618, (SELECT projects.start_date + INTERVAL 9 DAY FROM projects WHERE projects.id=39), 1618, 1618, 39, 29);
INSERT INTO orders (order_id, created_at, delivery_id, payment_id, supporting_project_id) VALUES (1618, (SELECT projects.start_date + INTERVAL 9 DAY FROM projects WHERE projects.id=39), 1, 1618, 1618);
INSERT INTO supporting_packages(id, option_list, package_count, order_id, project_package_id, supporting_project_id) VALUES (1618, '["기본"]', 9, 1618, 39, 1618);
INSERT INTO supporting_projects(supporting_project_id, supported_at, delivery_id, payment_id, project_id, user_id) VALUES (1619, (SELECT projects.start_date + INTERVAL 27 DAY FROM projects WHERE projects.id=39), 1619, 1619, 39, 33);
INSERT INTO orders (order_id, created_at, delivery_id, payment_id, supporting_project_id) VALUES (1619, (SELECT projects.start_date + INTERVAL 27 DAY FROM projects WHERE projects.id=39), 1, 1619, 1619);
INSERT INTO supporting_packages(id, option_list, package_count, order_id, project_package_id, supporting_project_id) VALUES (1619, '["마스터"]', 8, 1619, 39, 1619);
INSERT INTO supporting_projects(supporting_project_id, supported_at, delivery_id, payment_id, project_id, user_id) VALUES (1620, (SELECT projects.start_date + INTERVAL 39 DAY FROM projects WHERE projects.id=39), 1620, 1620, 39, 13);
INSERT INTO orders (order_id, created_at, delivery_id, payment_id, supporting_project_id) VALUES (1620, (SELECT projects.start_date + INTERVAL 39 DAY FROM projects WHERE projects.id=39), 1, 1620, 1620);
INSERT INTO supporting_packages(id, option_list, package_count, order_id, project_package_id, supporting_project_id) VALUES (1620, '["마스터"]', 1, 1620, 39, 1620);
INSERT INTO supporting_projects(supporting_project_id, supported_at, delivery_id, payment_id, project_id, user_id) VALUES (1621, (SELECT projects.start_date + INTERVAL 42 DAY FROM projects WHERE projects.id=39), 1621, 1621, 39, 2);
INSERT INTO orders (order_id, created_at, delivery_id, payment_id, supporting_project_id) VALUES (1621, (SELECT projects.start_date + INTERVAL 42 DAY FROM projects WHERE projects.id=39), 1, 1621, 1621);
INSERT INTO supporting_packages(id, option_list, package_count, order_id, project_package_id, supporting_project_id) VALUES (1621, '["기본"]', 3, 1621, 39, 1621);
INSERT INTO supporting_projects(supporting_project_id, supported_at, delivery_id, payment_id, project_id, user_id) VALUES (1622, (SELECT projects.start_date + INTERVAL 10 DAY FROM projects WHERE projects.id=39), 1622, 1622, 39, 12);
INSERT INTO orders (order_id, created_at, delivery_id, payment_id, supporting_project_id) VALUES (1622, (SELECT projects.start_date + INTERVAL 10 DAY FROM projects WHERE projects.id=39), 1, 1622, 1622);
INSERT INTO supporting_packages(id, option_list, package_count, order_id, project_package_id, supporting_project_id) VALUES (1622, '["기본"]', 2, 1622, 39, 1622);
INSERT INTO supporting_projects(supporting_project_id, supported_at, delivery_id, payment_id, project_id, user_id) VALUES (1623, (SELECT projects.start_date + INTERVAL 19 DAY FROM projects WHERE projects.id=39), 1623, 1623, 39, 25);
INSERT INTO orders (order_id, created_at, delivery_id, payment_id, supporting_project_id) VALUES (1623, (SELECT projects.start_date + INTERVAL 19 DAY FROM projects WHERE projects.id=39), 1, 1623, 1623);
INSERT INTO supporting_packages(id, option_list, package_count, order_id, project_package_id, supporting_project_id) VALUES (1623, '["마스터"]', 5, 1623, 39, 1623);
INSERT INTO supporting_projects(supporting_project_id, supported_at, delivery_id, payment_id, project_id, user_id) VALUES (1624, (SELECT projects.start_date + INTERVAL 5 DAY FROM projects WHERE projects.id=39), 1624, 1624, 39, 35);
INSERT INTO orders (order_id, created_at, delivery_id, payment_id, supporting_project_id) VALUES (1624, (SELECT projects.start_date + INTERVAL 5 DAY FROM projects WHERE projects.id=39), 1, 1624, 1624);
INSERT INTO supporting_packages(id, option_list, package_count, order_id, project_package_id, supporting_project_id) VALUES (1624, '["마스터"]', 1, 1624, 39, 1624);
INSERT INTO supporting_projects(supporting_project_id, supported_at, delivery_id, payment_id, project_id, user_id) VALUES (1625, (SELECT projects.start_date + INTERVAL 44 DAY FROM projects WHERE projects.id=39), 1625, 1625, 39, 27);
INSERT INTO orders (order_id, created_at, delivery_id, payment_id, supporting_project_id) VALUES (1625, (SELECT projects.start_date + INTERVAL 44 DAY FROM projects WHERE projects.id=39), 1, 1625, 1625);
INSERT INTO supporting_packages(id, option_list, package_count, order_id, project_package_id, supporting_project_id) VALUES (1625, '["심화"]', 7, 1625, 39, 1625);
INSERT INTO supporting_projects(supporting_project_id, supported_at, delivery_id, payment_id, project_id, user_id) VALUES (1626, (SELECT projects.start_date + INTERVAL 19 DAY FROM projects WHERE projects.id=39), 1626, 1626, 39, 10);
INSERT INTO orders (order_id, created_at, delivery_id, payment_id, supporting_project_id) VALUES (1626, (SELECT projects.start_date + INTERVAL 19 DAY FROM projects WHERE projects.id=39), 1, 1626, 1626);
INSERT INTO supporting_packages(id, option_list, package_count, order_id, project_package_id, supporting_project_id) VALUES (1626, '["기본"]', 9, 1626, 39, 1626);
INSERT INTO supporting_projects(supporting_project_id, supported_at, delivery_id, payment_id, project_id, user_id) VALUES (1627, (SELECT projects.start_date + INTERVAL 13 DAY FROM projects WHERE projects.id=39), 1627, 1627, 39, 29);
INSERT INTO orders (order_id, created_at, delivery_id, payment_id, supporting_project_id) VALUES (1627, (SELECT projects.start_date + INTERVAL 13 DAY FROM projects WHERE projects.id=39), 1, 1627, 1627);
INSERT INTO supporting_packages(id, option_list, package_count, order_id, project_package_id, supporting_project_id) VALUES (1627, '["심화"]', 5, 1627, 39, 1627);
INSERT INTO supporting_projects(supporting_project_id, supported_at, delivery_id, payment_id, project_id, user_id) VALUES (1628, (SELECT projects.start_date + INTERVAL 3 DAY FROM projects WHERE projects.id=39), 1628, 1628, 39, 28);
INSERT INTO orders (order_id, created_at, delivery_id, payment_id, supporting_project_id) VALUES (1628, (SELECT projects.start_date + INTERVAL 3 DAY FROM projects WHERE projects.id=39), 1, 1628, 1628);
INSERT INTO supporting_packages(id, option_list, package_count, order_id, project_package_id, supporting_project_id) VALUES (1628, '["마스터"]', 9, 1628, 39, 1628);
INSERT INTO supporting_projects(supporting_project_id, supported_at, delivery_id, payment_id, project_id, user_id) VALUES (1629, (SELECT projects.start_date + INTERVAL 10 DAY FROM projects WHERE projects.id=39), 1629, 1629, 39, 28);
INSERT INTO orders (order_id, created_at, delivery_id, payment_id, supporting_project_id) VALUES (1629, (SELECT projects.start_date + INTERVAL 10 DAY FROM projects WHERE projects.id=39), 1, 1629, 1629);
INSERT INTO supporting_packages(id, option_list, package_count, order_id, project_package_id, supporting_project_id) VALUES (1629, '["마스터"]', 4, 1629, 39, 1629);
INSERT INTO supporting_projects(supporting_project_id, supported_at, delivery_id, payment_id, project_id, user_id) VALUES (1630, (SELECT projects.start_date + INTERVAL 15 DAY FROM projects WHERE projects.id=39), 1630, 1630, 39, 30);
INSERT INTO orders (order_id, created_at, delivery_id, payment_id, supporting_project_id) VALUES (1630, (SELECT projects.start_date + INTERVAL 15 DAY FROM projects WHERE projects.id=39), 1, 1630, 1630);
INSERT INTO supporting_packages(id, option_list, package_count, order_id, project_package_id, supporting_project_id) VALUES (1630, '["마스터"]', 4, 1630, 39, 1630);
INSERT INTO supporting_projects(supporting_project_id, supported_at, delivery_id, payment_id, project_id, user_id) VALUES (1631, (SELECT projects.start_date + INTERVAL 41 DAY FROM projects WHERE projects.id=39), 1631, 1631, 39, 28);
INSERT INTO orders (order_id, created_at, delivery_id, payment_id, supporting_project_id) VALUES (1631, (SELECT projects.start_date + INTERVAL 41 DAY FROM projects WHERE projects.id=39), 1, 1631, 1631);
INSERT INTO supporting_packages(id, option_list, package_count, order_id, project_package_id, supporting_project_id) VALUES (1631, '["심화"]', 4, 1631, 39, 1631);
INSERT INTO supporting_projects(supporting_project_id, supported_at, delivery_id, payment_id, project_id, user_id) VALUES (1632, (SELECT projects.start_date + INTERVAL 36 DAY FROM projects WHERE projects.id=39), 1632, 1632, 39, 32);
INSERT INTO orders (order_id, created_at, delivery_id, payment_id, supporting_project_id) VALUES (1632, (SELECT projects.start_date + INTERVAL 36 DAY FROM projects WHERE projects.id=39), 1, 1632, 1632);
INSERT INTO supporting_packages(id, option_list, package_count, order_id, project_package_id, supporting_project_id) VALUES (1632, '["기본"]', 8, 1632, 39, 1632);
INSERT INTO supporting_projects(supporting_project_id, supported_at, delivery_id, payment_id, project_id, user_id) VALUES (1633, (SELECT projects.start_date + INTERVAL 30 DAY FROM projects WHERE projects.id=39), 1633, 1633, 39, 33);
INSERT INTO orders (order_id, created_at, delivery_id, payment_id, supporting_project_id) VALUES (1633, (SELECT projects.start_date + INTERVAL 30 DAY FROM projects WHERE projects.id=39), 1, 1633, 1633);
INSERT INTO supporting_packages(id, option_list, package_count, order_id, project_package_id, supporting_project_id) VALUES (1633, '["심화"]', 3, 1633, 39, 1633);
INSERT INTO supporting_projects(supporting_project_id, supported_at, delivery_id, payment_id, project_id, user_id) VALUES (1634, (SELECT projects.start_date + INTERVAL 22 DAY FROM projects WHERE projects.id=39), 1634, 1634, 39, 6);
INSERT INTO orders (order_id, created_at, delivery_id, payment_id, supporting_project_id) VALUES (1634, (SELECT projects.start_date + INTERVAL 22 DAY FROM projects WHERE projects.id=39), 1, 1634, 1634);
INSERT INTO supporting_packages(id, option_list, package_count, order_id, project_package_id, supporting_project_id) VALUES (1634, '["기본"]', 9, 1634, 39, 1634);
INSERT INTO supporting_projects(supporting_project_id, supported_at, delivery_id, payment_id, project_id, user_id) VALUES (1635, (SELECT projects.start_date + INTERVAL 19 DAY FROM projects WHERE projects.id=39), 1635, 1635, 39, 23);
INSERT INTO orders (order_id, created_at, delivery_id, payment_id, supporting_project_id) VALUES (1635, (SELECT projects.start_date + INTERVAL 19 DAY FROM projects WHERE projects.id=39), 1, 1635, 1635);
INSERT INTO supporting_packages(id, option_list, package_count, order_id, project_package_id, supporting_project_id) VALUES (1635, '["심화"]', 2, 1635, 39, 1635);
INSERT INTO supporting_projects(supporting_project_id, supported_at, delivery_id, payment_id, project_id, user_id) VALUES (1636, (SELECT projects.start_date + INTERVAL 30 DAY FROM projects WHERE projects.id=39), 1636, 1636, 39, 31);
INSERT INTO orders (order_id, created_at, delivery_id, payment_id, supporting_project_id) VALUES (1636, (SELECT projects.start_date + INTERVAL 30 DAY FROM projects WHERE projects.id=39), 1, 1636, 1636);
INSERT INTO supporting_packages(id, option_list, package_count, order_id, project_package_id, supporting_project_id) VALUES (1636, '["기본"]', 6, 1636, 39, 1636);
INSERT INTO supporting_projects(supporting_project_id, supported_at, delivery_id, payment_id, project_id, user_id) VALUES (1637, (SELECT projects.start_date + INTERVAL 24 DAY FROM projects WHERE projects.id=39), 1637, 1637, 39, 26);
INSERT INTO orders (order_id, created_at, delivery_id, payment_id, supporting_project_id) VALUES (1637, (SELECT projects.start_date + INTERVAL 24 DAY FROM projects WHERE projects.id=39), 1, 1637, 1637);
INSERT INTO supporting_packages(id, option_list, package_count, order_id, project_package_id, supporting_project_id) VALUES (1637, '["기본"]', 2, 1637, 39, 1637);
INSERT INTO supporting_projects(supporting_project_id, supported_at, delivery_id, payment_id, project_id, user_id) VALUES (1638, (SELECT projects.start_date + INTERVAL 8 DAY FROM projects WHERE projects.id=39), 1638, 1638, 39, 12);
INSERT INTO orders (order_id, created_at, delivery_id, payment_id, supporting_project_id) VALUES (1638, (SELECT projects.start_date + INTERVAL 8 DAY FROM projects WHERE projects.id=39), 1, 1638, 1638);
INSERT INTO supporting_packages(id, option_list, package_count, order_id, project_package_id, supporting_project_id) VALUES (1638, '["심화"]', 1, 1638, 39, 1638);
INSERT INTO supporting_projects(supporting_project_id, supported_at, delivery_id, payment_id, project_id, user_id) VALUES (1639, (SELECT projects.start_date + INTERVAL 24 DAY FROM projects WHERE projects.id=39), 1639, 1639, 39, 21);
INSERT INTO orders (order_id, created_at, delivery_id, payment_id, supporting_project_id) VALUES (1639, (SELECT projects.start_date + INTERVAL 24 DAY FROM projects WHERE projects.id=39), 1, 1639, 1639);
INSERT INTO supporting_packages(id, option_list, package_count, order_id, project_package_id, supporting_project_id) VALUES (1639, '["심화"]', 7, 1639, 39, 1639);
INSERT INTO supporting_projects(supporting_project_id, supported_at, delivery_id, payment_id, project_id, user_id) VALUES (1640, (SELECT projects.start_date + INTERVAL 29 DAY FROM projects WHERE projects.id=39), 1640, 1640, 39, 26);
INSERT INTO orders (order_id, created_at, delivery_id, payment_id, supporting_project_id) VALUES (1640, (SELECT projects.start_date + INTERVAL 29 DAY FROM projects WHERE projects.id=39), 1, 1640, 1640);
INSERT INTO supporting_packages(id, option_list, package_count, order_id, project_package_id, supporting_project_id) VALUES (1640, '["마스터"]', 4, 1640, 39, 1640);
INSERT INTO supporting_projects(supporting_project_id, supported_at, delivery_id, payment_id, project_id, user_id) VALUES (1641, (SELECT projects.start_date + INTERVAL 8 DAY FROM projects WHERE projects.id=39), 1641, 1641, 39, 4);
INSERT INTO orders (order_id, created_at, delivery_id, payment_id, supporting_project_id) VALUES (1641, (SELECT projects.start_date + INTERVAL 8 DAY FROM projects WHERE projects.id=39), 1, 1641, 1641);
INSERT INTO supporting_packages(id, option_list, package_count, order_id, project_package_id, supporting_project_id) VALUES (1641, '["기본"]', 4, 1641, 39, 1641);
INSERT INTO supporting_projects(supporting_project_id, supported_at, delivery_id, payment_id, project_id, user_id) VALUES (1642, (SELECT projects.start_date + INTERVAL 15 DAY FROM projects WHERE projects.id=39), 1642, 1642, 39, 7);
INSERT INTO orders (order_id, created_at, delivery_id, payment_id, supporting_project_id) VALUES (1642, (SELECT projects.start_date + INTERVAL 15 DAY FROM projects WHERE projects.id=39), 1, 1642, 1642);
INSERT INTO supporting_packages(id, option_list, package_count, order_id, project_package_id, supporting_project_id) VALUES (1642, '["마스터"]', 4, 1642, 39, 1642);
INSERT INTO supporting_projects(supporting_project_id, supported_at, delivery_id, payment_id, project_id, user_id) VALUES (1643, (SELECT projects.start_date + INTERVAL 25 DAY FROM projects WHERE projects.id=39), 1643, 1643, 39, 25);
INSERT INTO orders (order_id, created_at, delivery_id, payment_id, supporting_project_id) VALUES (1643, (SELECT projects.start_date + INTERVAL 25 DAY FROM projects WHERE projects.id=39), 1, 1643, 1643);
INSERT INTO supporting_packages(id, option_list, package_count, order_id, project_package_id, supporting_project_id) VALUES (1643, '["심화"]', 5, 1643, 39, 1643);
INSERT INTO supporting_projects(supporting_project_id, supported_at, delivery_id, payment_id, project_id, user_id) VALUES (1644, (SELECT projects.start_date + INTERVAL 30 DAY FROM projects WHERE projects.id=39), 1644, 1644, 39, 34);
INSERT INTO orders (order_id, created_at, delivery_id, payment_id, supporting_project_id) VALUES (1644, (SELECT projects.start_date + INTERVAL 30 DAY FROM projects WHERE projects.id=39), 1, 1644, 1644);
INSERT INTO supporting_packages(id, option_list, package_count, order_id, project_package_id, supporting_project_id) VALUES (1644, '["심화"]', 9, 1644, 39, 1644);
INSERT INTO supporting_projects(supporting_project_id, supported_at, delivery_id, payment_id, project_id, user_id) VALUES (1645, (SELECT projects.start_date + INTERVAL 39 DAY FROM projects WHERE projects.id=39), 1645, 1645, 39, 4);
INSERT INTO orders (order_id, created_at, delivery_id, payment_id, supporting_project_id) VALUES (1645, (SELECT projects.start_date + INTERVAL 39 DAY FROM projects WHERE projects.id=39), 1, 1645, 1645);
INSERT INTO supporting_packages(id, option_list, package_count, order_id, project_package_id, supporting_project_id) VALUES (1645, '["기본"]', 1, 1645, 39, 1645);
INSERT INTO supporting_projects(supporting_project_id, supported_at, delivery_id, payment_id, project_id, user_id) VALUES (1646, (SELECT projects.start_date + INTERVAL 50 DAY FROM projects WHERE projects.id=39), 1646, 1646, 39, 11);
INSERT INTO orders (order_id, created_at, delivery_id, payment_id, supporting_project_id) VALUES (1646, (SELECT projects.start_date + INTERVAL 50 DAY FROM projects WHERE projects.id=39), 1, 1646, 1646);
INSERT INTO supporting_packages(id, option_list, package_count, order_id, project_package_id, supporting_project_id) VALUES (1646, '["마스터"]', 5, 1646, 39, 1646);
INSERT INTO supporting_projects(supporting_project_id, supported_at, delivery_id, payment_id, project_id, user_id) VALUES (1647, (SELECT projects.start_date + INTERVAL 24 DAY FROM projects WHERE projects.id=39), 1647, 1647, 39, 16);
INSERT INTO orders (order_id, created_at, delivery_id, payment_id, supporting_project_id) VALUES (1647, (SELECT projects.start_date + INTERVAL 24 DAY FROM projects WHERE projects.id=39), 1, 1647, 1647);
INSERT INTO supporting_packages(id, option_list, package_count, order_id, project_package_id, supporting_project_id) VALUES (1647, '["심화"]', 8, 1647, 39, 1647);
INSERT INTO supporting_projects(supporting_project_id, supported_at, delivery_id, payment_id, project_id, user_id) VALUES (1648, (SELECT projects.start_date + INTERVAL 9 DAY FROM projects WHERE projects.id=39), 1648, 1648, 39, 8);
INSERT INTO orders (order_id, created_at, delivery_id, payment_id, supporting_project_id) VALUES (1648, (SELECT projects.start_date + INTERVAL 9 DAY FROM projects WHERE projects.id=39), 1, 1648, 1648);
INSERT INTO supporting_packages(id, option_list, package_count, order_id, project_package_id, supporting_project_id) VALUES (1648, '["마스터"]', 10, 1648, 39, 1648);
INSERT INTO supporting_projects(supporting_project_id, supported_at, delivery_id, payment_id, project_id, user_id) VALUES (1649, (SELECT projects.start_date + INTERVAL 38 DAY FROM projects WHERE projects.id=39), 1649, 1649, 39, 12);
INSERT INTO orders (order_id, created_at, delivery_id, payment_id, supporting_project_id) VALUES (1649, (SELECT projects.start_date + INTERVAL 38 DAY FROM projects WHERE projects.id=39), 1, 1649, 1649);
INSERT INTO supporting_packages(id, option_list, package_count, order_id, project_package_id, supporting_project_id) VALUES (1649, '["기본"]', 4, 1649, 39, 1649);
INSERT INTO supporting_projects(supporting_project_id, supported_at, delivery_id, payment_id, project_id, user_id) VALUES (1650, (SELECT projects.start_date + INTERVAL 48 DAY FROM projects WHERE projects.id=39), 1650, 1650, 39, 5);
INSERT INTO orders (order_id, created_at, delivery_id, payment_id, supporting_project_id) VALUES (1650, (SELECT projects.start_date + INTERVAL 48 DAY FROM projects WHERE projects.id=39), 1, 1650, 1650);
INSERT INTO supporting_packages(id, option_list, package_count, order_id, project_package_id, supporting_project_id) VALUES (1650, '["심화"]', 10, 1650, 39, 1650);
INSERT INTO supporting_projects(supporting_project_id, supported_at, delivery_id, payment_id, project_id, user_id) VALUES (1651, (SELECT projects.start_date + INTERVAL 16 DAY FROM projects WHERE projects.id=39), 1651, 1651, 39, 25);
INSERT INTO orders (order_id, created_at, delivery_id, payment_id, supporting_project_id) VALUES (1651, (SELECT projects.start_date + INTERVAL 16 DAY FROM projects WHERE projects.id=39), 1, 1651, 1651);
INSERT INTO supporting_packages(id, option_list, package_count, order_id, project_package_id, supporting_project_id) VALUES (1651, '["기본"]', 3, 1651, 39, 1651);
INSERT INTO supporting_projects(supporting_project_id, supported_at, delivery_id, payment_id, project_id, user_id) VALUES (1652, (SELECT projects.start_date + INTERVAL 22 DAY FROM projects WHERE projects.id=39), 1652, 1652, 39, 33);
INSERT INTO orders (order_id, created_at, delivery_id, payment_id, supporting_project_id) VALUES (1652, (SELECT projects.start_date + INTERVAL 22 DAY FROM projects WHERE projects.id=39), 1, 1652, 1652);
INSERT INTO supporting_packages(id, option_list, package_count, order_id, project_package_id, supporting_project_id) VALUES (1652, '["마스터"]', 8, 1652, 39, 1652);
INSERT INTO supporting_projects(supporting_project_id, supported_at, delivery_id, payment_id, project_id, user_id) VALUES (1653, (SELECT projects.start_date + INTERVAL 12 DAY FROM projects WHERE projects.id=39), 1653, 1653, 39, 30);
INSERT INTO orders (order_id, created_at, delivery_id, payment_id, supporting_project_id) VALUES (1653, (SELECT projects.start_date + INTERVAL 12 DAY FROM projects WHERE projects.id=39), 1, 1653, 1653);
INSERT INTO supporting_packages(id, option_list, package_count, order_id, project_package_id, supporting_project_id) VALUES (1653, '["기본"]', 1, 1653, 39, 1653);
INSERT INTO supporting_projects(supporting_project_id, supported_at, delivery_id, payment_id, project_id, user_id) VALUES (1654, (SELECT projects.start_date + INTERVAL 3 DAY FROM projects WHERE projects.id=39), 1654, 1654, 39, 37);
INSERT INTO orders (order_id, created_at, delivery_id, payment_id, supporting_project_id) VALUES (1654, (SELECT projects.start_date + INTERVAL 3 DAY FROM projects WHERE projects.id=39), 1, 1654, 1654);
INSERT INTO supporting_packages(id, option_list, package_count, order_id, project_package_id, supporting_project_id) VALUES (1654, '["기본"]', 2, 1654, 39, 1654);
INSERT INTO supporting_projects(supporting_project_id, supported_at, delivery_id, payment_id, project_id, user_id) VALUES (1655, (SELECT projects.start_date + INTERVAL 33 DAY FROM projects WHERE projects.id=39), 1655, 1655, 39, 6);
INSERT INTO orders (order_id, created_at, delivery_id, payment_id, supporting_project_id) VALUES (1655, (SELECT projects.start_date + INTERVAL 33 DAY FROM projects WHERE projects.id=39), 1, 1655, 1655);
INSERT INTO supporting_packages(id, option_list, package_count, order_id, project_package_id, supporting_project_id) VALUES (1655, '["마스터"]', 5, 1655, 39, 1655);
INSERT INTO supporting_projects(supporting_project_id, supported_at, delivery_id, payment_id, project_id, user_id) VALUES (1656, (SELECT projects.start_date + INTERVAL 43 DAY FROM projects WHERE projects.id=39), 1656, 1656, 39, 33);
INSERT INTO orders (order_id, created_at, delivery_id, payment_id, supporting_project_id) VALUES (1656, (SELECT projects.start_date + INTERVAL 43 DAY FROM projects WHERE projects.id=39), 1, 1656, 1656);
INSERT INTO supporting_packages(id, option_list, package_count, order_id, project_package_id, supporting_project_id) VALUES (1656, '["기본"]', 2, 1656, 39, 1656);
INSERT INTO supporting_projects(supporting_project_id, supported_at, delivery_id, payment_id, project_id, user_id) VALUES (1657, (SELECT projects.start_date + INTERVAL 15 DAY FROM projects WHERE projects.id=39), 1657, 1657, 39, 7);
INSERT INTO orders (order_id, created_at, delivery_id, payment_id, supporting_project_id) VALUES (1657, (SELECT projects.start_date + INTERVAL 15 DAY FROM projects WHERE projects.id=39), 1, 1657, 1657);
INSERT INTO supporting_packages(id, option_list, package_count, order_id, project_package_id, supporting_project_id) VALUES (1657, '["마스터"]', 2, 1657, 39, 1657);
INSERT INTO supporting_projects(supporting_project_id, supported_at, delivery_id, payment_id, project_id, user_id) VALUES (1658, (SELECT projects.start_date + INTERVAL 23 DAY FROM projects WHERE projects.id=39), 1658, 1658, 39, 18);
INSERT INTO orders (order_id, created_at, delivery_id, payment_id, supporting_project_id) VALUES (1658, (SELECT projects.start_date + INTERVAL 23 DAY FROM projects WHERE projects.id=39), 1, 1658, 1658);
INSERT INTO supporting_packages(id, option_list, package_count, order_id, project_package_id, supporting_project_id) VALUES (1658, '["심화"]', 5, 1658, 39, 1658);
INSERT INTO supporting_projects(supporting_project_id, supported_at, delivery_id, payment_id, project_id, user_id) VALUES (1659, (SELECT projects.start_date + INTERVAL 21 DAY FROM projects WHERE projects.id=39), 1659, 1659, 39, 20);
INSERT INTO orders (order_id, created_at, delivery_id, payment_id, supporting_project_id) VALUES (1659, (SELECT projects.start_date + INTERVAL 21 DAY FROM projects WHERE projects.id=39), 1, 1659, 1659);
INSERT INTO supporting_packages(id, option_list, package_count, order_id, project_package_id, supporting_project_id) VALUES (1659, '["마스터"]', 7, 1659, 39, 1659);
INSERT INTO supporting_projects(supporting_project_id, supported_at, delivery_id, payment_id, project_id, user_id) VALUES (1660, (SELECT projects.start_date + INTERVAL 19 DAY FROM projects WHERE projects.id=39), 1660, 1660, 39, 8);
INSERT INTO orders (order_id, created_at, delivery_id, payment_id, supporting_project_id) VALUES (1660, (SELECT projects.start_date + INTERVAL 19 DAY FROM projects WHERE projects.id=39), 1, 1660, 1660);
INSERT INTO supporting_packages(id, option_list, package_count, order_id, project_package_id, supporting_project_id) VALUES (1660, '["기본"]', 5, 1660, 39, 1660);
INSERT INTO supporting_projects(supporting_project_id, supported_at, delivery_id, payment_id, project_id, user_id) VALUES (1661, (SELECT projects.start_date + INTERVAL 37 DAY FROM projects WHERE projects.id=39), 1661, 1661, 39, 30);
INSERT INTO orders (order_id, created_at, delivery_id, payment_id, supporting_project_id) VALUES (1661, (SELECT projects.start_date + INTERVAL 37 DAY FROM projects WHERE projects.id=39), 1, 1661, 1661);
INSERT INTO supporting_packages(id, option_list, package_count, order_id, project_package_id, supporting_project_id) VALUES (1661, '["기본"]', 5, 1661, 39, 1661);
INSERT INTO supporting_projects(supporting_project_id, supported_at, delivery_id, payment_id, project_id, user_id) VALUES (1662, (SELECT projects.start_date + INTERVAL 13 DAY FROM projects WHERE projects.id=39), 1662, 1662, 39, 22);
INSERT INTO orders (order_id, created_at, delivery_id, payment_id, supporting_project_id) VALUES (1662, (SELECT projects.start_date + INTERVAL 13 DAY FROM projects WHERE projects.id=39), 1, 1662, 1662);
INSERT INTO supporting_packages(id, option_list, package_count, order_id, project_package_id, supporting_project_id) VALUES (1662, '["기본"]', 9, 1662, 39, 1662);
INSERT INTO supporting_projects(supporting_project_id, supported_at, delivery_id, payment_id, project_id, user_id) VALUES (1663, (SELECT projects.start_date + INTERVAL 38 DAY FROM projects WHERE projects.id=39), 1663, 1663, 39, 11);
INSERT INTO orders (order_id, created_at, delivery_id, payment_id, supporting_project_id) VALUES (1663, (SELECT projects.start_date + INTERVAL 38 DAY FROM projects WHERE projects.id=39), 1, 1663, 1663);
INSERT INTO supporting_packages(id, option_list, package_count, order_id, project_package_id, supporting_project_id) VALUES (1663, '["마스터"]', 9, 1663, 39, 1663);
INSERT INTO supporting_projects(supporting_project_id, supported_at, delivery_id, payment_id, project_id, user_id) VALUES (1664, (SELECT projects.start_date + INTERVAL 16 DAY FROM projects WHERE projects.id=39), 1664, 1664, 39, 3);
INSERT INTO orders (order_id, created_at, delivery_id, payment_id, supporting_project_id) VALUES (1664, (SELECT projects.start_date + INTERVAL 16 DAY FROM projects WHERE projects.id=39), 1, 1664, 1664);
INSERT INTO supporting_packages(id, option_list, package_count, order_id, project_package_id, supporting_project_id) VALUES (1664, '["기본"]', 2, 1664, 39, 1664);
INSERT INTO supporting_projects(supporting_project_id, supported_at, delivery_id, payment_id, project_id, user_id) VALUES (1665, (SELECT projects.start_date + INTERVAL 8 DAY FROM projects WHERE projects.id=39), 1665, 1665, 39, 10);
INSERT INTO orders (order_id, created_at, delivery_id, payment_id, supporting_project_id) VALUES (1665, (SELECT projects.start_date + INTERVAL 8 DAY FROM projects WHERE projects.id=39), 1, 1665, 1665);
INSERT INTO supporting_packages(id, option_list, package_count, order_id, project_package_id, supporting_project_id) VALUES (1665, '["심화"]', 4, 1665, 39, 1665);
INSERT INTO supporting_projects(supporting_project_id, supported_at, delivery_id, payment_id, project_id, user_id) VALUES (1666, (SELECT projects.start_date + INTERVAL 48 DAY FROM projects WHERE projects.id=39), 1666, 1666, 39, 26);
INSERT INTO orders (order_id, created_at, delivery_id, payment_id, supporting_project_id) VALUES (1666, (SELECT projects.start_date + INTERVAL 48 DAY FROM projects WHERE projects.id=39), 1, 1666, 1666);
INSERT INTO supporting_packages(id, option_list, package_count, order_id, project_package_id, supporting_project_id) VALUES (1666, '["기본"]', 4, 1666, 39, 1666);
INSERT INTO supporting_projects(supporting_project_id, supported_at, delivery_id, payment_id, project_id, user_id) VALUES (1667, (SELECT projects.start_date + INTERVAL 27 DAY FROM projects WHERE projects.id=39), 1667, 1667, 39, 24);
INSERT INTO orders (order_id, created_at, delivery_id, payment_id, supporting_project_id) VALUES (1667, (SELECT projects.start_date + INTERVAL 27 DAY FROM projects WHERE projects.id=39), 1, 1667, 1667);
INSERT INTO supporting_packages(id, option_list, package_count, order_id, project_package_id, supporting_project_id) VALUES (1667, '["기본"]', 4, 1667, 39, 1667);
INSERT INTO supporting_projects(supporting_project_id, supported_at, delivery_id, payment_id, project_id, user_id) VALUES (1668, (SELECT projects.start_date + INTERVAL 46 DAY FROM projects WHERE projects.id=39), 1668, 1668, 39, 9);
INSERT INTO orders (order_id, created_at, delivery_id, payment_id, supporting_project_id) VALUES (1668, (SELECT projects.start_date + INTERVAL 46 DAY FROM projects WHERE projects.id=39), 1, 1668, 1668);
INSERT INTO supporting_packages(id, option_list, package_count, order_id, project_package_id, supporting_project_id) VALUES (1668, '["마스터"]', 5, 1668, 39, 1668);
INSERT INTO supporting_projects(supporting_project_id, supported_at, delivery_id, payment_id, project_id, user_id) VALUES (1669, (SELECT projects.start_date + INTERVAL 21 DAY FROM projects WHERE projects.id=39), 1669, 1669, 39, 8);
INSERT INTO orders (order_id, created_at, delivery_id, payment_id, supporting_project_id) VALUES (1669, (SELECT projects.start_date + INTERVAL 21 DAY FROM projects WHERE projects.id=39), 1, 1669, 1669);
INSERT INTO supporting_packages(id, option_list, package_count, order_id, project_package_id, supporting_project_id) VALUES (1669, '["기본"]', 1, 1669, 39, 1669);
INSERT INTO supporting_projects(supporting_project_id, supported_at, delivery_id, payment_id, project_id, user_id) VALUES (1670, (SELECT projects.start_date + INTERVAL 48 DAY FROM projects WHERE projects.id=39), 1670, 1670, 39, 33);
INSERT INTO orders (order_id, created_at, delivery_id, payment_id, supporting_project_id) VALUES (1670, (SELECT projects.start_date + INTERVAL 48 DAY FROM projects WHERE projects.id=39), 1, 1670, 1670);
INSERT INTO supporting_packages(id, option_list, package_count, order_id, project_package_id, supporting_project_id) VALUES (1670, '["심화"]', 10, 1670, 39, 1670);
INSERT INTO supporting_projects(supporting_project_id, supported_at, delivery_id, payment_id, project_id, user_id) VALUES (1671, (SELECT projects.start_date + INTERVAL 19 DAY FROM projects WHERE projects.id=39), 1671, 1671, 39, 11);
INSERT INTO orders (order_id, created_at, delivery_id, payment_id, supporting_project_id) VALUES (1671, (SELECT projects.start_date + INTERVAL 19 DAY FROM projects WHERE projects.id=39), 1, 1671, 1671);
INSERT INTO supporting_packages(id, option_list, package_count, order_id, project_package_id, supporting_project_id) VALUES (1671, '["심화"]', 7, 1671, 39, 1671);
INSERT INTO supporting_projects(supporting_project_id, supported_at, delivery_id, payment_id, project_id, user_id) VALUES (1672, (SELECT projects.start_date + INTERVAL 39 DAY FROM projects WHERE projects.id=39), 1672, 1672, 39, 9);
INSERT INTO orders (order_id, created_at, delivery_id, payment_id, supporting_project_id) VALUES (1672, (SELECT projects.start_date + INTERVAL 39 DAY FROM projects WHERE projects.id=39), 1, 1672, 1672);
INSERT INTO supporting_packages(id, option_list, package_count, order_id, project_package_id, supporting_project_id) VALUES (1672, '["심화"]', 6, 1672, 39, 1672);
INSERT INTO supporting_projects(supporting_project_id, supported_at, delivery_id, payment_id, project_id, user_id) VALUES (1673, (SELECT projects.start_date + INTERVAL 17 DAY FROM projects WHERE projects.id=39), 1673, 1673, 39, 39);
INSERT INTO orders (order_id, created_at, delivery_id, payment_id, supporting_project_id) VALUES (1673, (SELECT projects.start_date + INTERVAL 17 DAY FROM projects WHERE projects.id=39), 1, 1673, 1673);
INSERT INTO supporting_packages(id, option_list, package_count, order_id, project_package_id, supporting_project_id) VALUES (1673, '["기본"]', 7, 1673, 39, 1673);
INSERT INTO supporting_projects(supporting_project_id, supported_at, delivery_id, payment_id, project_id, user_id) VALUES (1674, (SELECT projects.start_date + INTERVAL 3 DAY FROM projects WHERE projects.id=39), 1674, 1674, 39, 13);
INSERT INTO orders (order_id, created_at, delivery_id, payment_id, supporting_project_id) VALUES (1674, (SELECT projects.start_date + INTERVAL 3 DAY FROM projects WHERE projects.id=39), 1, 1674, 1674);
INSERT INTO supporting_packages(id, option_list, package_count, order_id, project_package_id, supporting_project_id) VALUES (1674, '["심화"]', 6, 1674, 39, 1674);
INSERT INTO supporting_projects(supporting_project_id, supported_at, delivery_id, payment_id, project_id, user_id) VALUES (1675, (SELECT projects.start_date + INTERVAL 47 DAY FROM projects WHERE projects.id=39), 1675, 1675, 39, 33);
INSERT INTO orders (order_id, created_at, delivery_id, payment_id, supporting_project_id) VALUES (1675, (SELECT projects.start_date + INTERVAL 47 DAY FROM projects WHERE projects.id=39), 1, 1675, 1675);
INSERT INTO supporting_packages(id, option_list, package_count, order_id, project_package_id, supporting_project_id) VALUES (1675, '["기본"]', 5, 1675, 39, 1675);
INSERT INTO supporting_projects(supporting_project_id, supported_at, delivery_id, payment_id, project_id, user_id) VALUES (1676, (SELECT projects.start_date + INTERVAL 18 DAY FROM projects WHERE projects.id=39), 1676, 1676, 39, 25);
INSERT INTO orders (order_id, created_at, delivery_id, payment_id, supporting_project_id) VALUES (1676, (SELECT projects.start_date + INTERVAL 18 DAY FROM projects WHERE projects.id=39), 1, 1676, 1676);
INSERT INTO supporting_packages(id, option_list, package_count, order_id, project_package_id, supporting_project_id) VALUES (1676, '["심화"]', 5, 1676, 39, 1676);
INSERT INTO supporting_projects(supporting_project_id, supported_at, delivery_id, payment_id, project_id, user_id) VALUES (1677, (SELECT projects.start_date + INTERVAL 5 DAY FROM projects WHERE projects.id=39), 1677, 1677, 39, 35);
INSERT INTO orders (order_id, created_at, delivery_id, payment_id, supporting_project_id) VALUES (1677, (SELECT projects.start_date + INTERVAL 5 DAY FROM projects WHERE projects.id=39), 1, 1677, 1677);
INSERT INTO supporting_packages(id, option_list, package_count, order_id, project_package_id, supporting_project_id) VALUES (1677, '["심화"]', 6, 1677, 39, 1677);
INSERT INTO supporting_projects(supporting_project_id, supported_at, delivery_id, payment_id, project_id, user_id) VALUES (1678, (SELECT projects.start_date + INTERVAL 46 DAY FROM projects WHERE projects.id=39), 1678, 1678, 39, 33);
INSERT INTO orders (order_id, created_at, delivery_id, payment_id, supporting_project_id) VALUES (1678, (SELECT projects.start_date + INTERVAL 46 DAY FROM projects WHERE projects.id=39), 1, 1678, 1678);
INSERT INTO supporting_packages(id, option_list, package_count, order_id, project_package_id, supporting_project_id) VALUES (1678, '["마스터"]', 1, 1678, 39, 1678);
INSERT INTO supporting_projects(supporting_project_id, supported_at, delivery_id, payment_id, project_id, user_id) VALUES (1679, (SELECT projects.start_date + INTERVAL 43 DAY FROM projects WHERE projects.id=39), 1679, 1679, 39, 22);
INSERT INTO orders (order_id, created_at, delivery_id, payment_id, supporting_project_id) VALUES (1679, (SELECT projects.start_date + INTERVAL 43 DAY FROM projects WHERE projects.id=39), 1, 1679, 1679);
INSERT INTO supporting_packages(id, option_list, package_count, order_id, project_package_id, supporting_project_id) VALUES (1679, '["마스터"]', 5, 1679, 39, 1679);
INSERT INTO supporting_projects(supporting_project_id, supported_at, delivery_id, payment_id, project_id, user_id) VALUES (1680, (SELECT projects.start_date + INTERVAL 39 DAY FROM projects WHERE projects.id=39), 1680, 1680, 39, 32);
INSERT INTO orders (order_id, created_at, delivery_id, payment_id, supporting_project_id) VALUES (1680, (SELECT projects.start_date + INTERVAL 39 DAY FROM projects WHERE projects.id=39), 1, 1680, 1680);
INSERT INTO supporting_packages(id, option_list, package_count, order_id, project_package_id, supporting_project_id) VALUES (1680, '["심화"]', 8, 1680, 39, 1680);
INSERT INTO supporting_projects(supporting_project_id, supported_at, delivery_id, payment_id, project_id, user_id) VALUES (1681, (SELECT projects.start_date + INTERVAL 43 DAY FROM projects WHERE projects.id=39), 1681, 1681, 39, 2);
INSERT INTO orders (order_id, created_at, delivery_id, payment_id, supporting_project_id) VALUES (1681, (SELECT projects.start_date + INTERVAL 43 DAY FROM projects WHERE projects.id=39), 1, 1681, 1681);
INSERT INTO supporting_packages(id, option_list, package_count, order_id, project_package_id, supporting_project_id) VALUES (1681, '["마스터"]', 3, 1681, 39, 1681);
INSERT INTO supporting_projects(supporting_project_id, supported_at, delivery_id, payment_id, project_id, user_id) VALUES (1682, (SELECT projects.start_date + INTERVAL 34 DAY FROM projects WHERE projects.id=39), 1682, 1682, 39, 2);
INSERT INTO orders (order_id, created_at, delivery_id, payment_id, supporting_project_id) VALUES (1682, (SELECT projects.start_date + INTERVAL 34 DAY FROM projects WHERE projects.id=39), 1, 1682, 1682);
INSERT INTO supporting_packages(id, option_list, package_count, order_id, project_package_id, supporting_project_id) VALUES (1682, '["마스터"]', 1, 1682, 39, 1682);
INSERT INTO supporting_projects(supporting_project_id, supported_at, delivery_id, payment_id, project_id, user_id) VALUES (1683, (SELECT projects.start_date + INTERVAL 14 DAY FROM projects WHERE projects.id=39), 1683, 1683, 39, 33);
INSERT INTO orders (order_id, created_at, delivery_id, payment_id, supporting_project_id) VALUES (1683, (SELECT projects.start_date + INTERVAL 14 DAY FROM projects WHERE projects.id=39), 1, 1683, 1683);
INSERT INTO supporting_packages(id, option_list, package_count, order_id, project_package_id, supporting_project_id) VALUES (1683, '["마스터"]', 5, 1683, 39, 1683);
INSERT INTO supporting_projects(supporting_project_id, supported_at, delivery_id, payment_id, project_id, user_id) VALUES (1684, (SELECT projects.start_date + INTERVAL 8 DAY FROM projects WHERE projects.id=39), 1684, 1684, 39, 10);
INSERT INTO orders (order_id, created_at, delivery_id, payment_id, supporting_project_id) VALUES (1684, (SELECT projects.start_date + INTERVAL 8 DAY FROM projects WHERE projects.id=39), 1, 1684, 1684);
INSERT INTO supporting_packages(id, option_list, package_count, order_id, project_package_id, supporting_project_id) VALUES (1684, '["심화"]', 2, 1684, 39, 1684);
INSERT INTO supporting_projects(supporting_project_id, supported_at, delivery_id, payment_id, project_id, user_id) VALUES (1685, (SELECT projects.start_date + INTERVAL 27 DAY FROM projects WHERE projects.id=39), 1685, 1685, 39, 7);
INSERT INTO orders (order_id, created_at, delivery_id, payment_id, supporting_project_id) VALUES (1685, (SELECT projects.start_date + INTERVAL 27 DAY FROM projects WHERE projects.id=39), 1, 1685, 1685);
INSERT INTO supporting_packages(id, option_list, package_count, order_id, project_package_id, supporting_project_id) VALUES (1685, '["심화"]', 4, 1685, 39, 1685);
INSERT INTO supporting_projects(supporting_project_id, supported_at, delivery_id, payment_id, project_id, user_id) VALUES (1686, (SELECT projects.start_date + INTERVAL 35 DAY FROM projects WHERE projects.id=39), 1686, 1686, 39, 8);
INSERT INTO orders (order_id, created_at, delivery_id, payment_id, supporting_project_id) VALUES (1686, (SELECT projects.start_date + INTERVAL 35 DAY FROM projects WHERE projects.id=39), 1, 1686, 1686);
INSERT INTO supporting_packages(id, option_list, package_count, order_id, project_package_id, supporting_project_id) VALUES (1686, '["마스터"]', 9, 1686, 39, 1686);
INSERT INTO supporting_projects(supporting_project_id, supported_at, delivery_id, payment_id, project_id, user_id) VALUES (1687, (SELECT projects.start_date + INTERVAL 10 DAY FROM projects WHERE projects.id=39), 1687, 1687, 39, 14);
INSERT INTO orders (order_id, created_at, delivery_id, payment_id, supporting_project_id) VALUES (1687, (SELECT projects.start_date + INTERVAL 10 DAY FROM projects WHERE projects.id=39), 1, 1687, 1687);
INSERT INTO supporting_packages(id, option_list, package_count, order_id, project_package_id, supporting_project_id) VALUES (1687, '["심화"]', 1, 1687, 39, 1687);
INSERT INTO supporting_projects(supporting_project_id, supported_at, delivery_id, payment_id, project_id, user_id) VALUES (1688, (SELECT projects.start_date + INTERVAL 26 DAY FROM projects WHERE projects.id=39), 1688, 1688, 39, 32);
INSERT INTO orders (order_id, created_at, delivery_id, payment_id, supporting_project_id) VALUES (1688, (SELECT projects.start_date + INTERVAL 26 DAY FROM projects WHERE projects.id=39), 1, 1688, 1688);
INSERT INTO supporting_packages(id, option_list, package_count, order_id, project_package_id, supporting_project_id) VALUES (1688, '["마스터"]', 3, 1688, 39, 1688);
INSERT INTO supporting_projects(supporting_project_id, supported_at, delivery_id, payment_id, project_id, user_id) VALUES (1689, (SELECT projects.start_date + INTERVAL 8 DAY FROM projects WHERE projects.id=39), 1689, 1689, 39, 19);
INSERT INTO orders (order_id, created_at, delivery_id, payment_id, supporting_project_id) VALUES (1689, (SELECT projects.start_date + INTERVAL 8 DAY FROM projects WHERE projects.id=39), 1, 1689, 1689);
INSERT INTO supporting_packages(id, option_list, package_count, order_id, project_package_id, supporting_project_id) VALUES (1689, '["마스터"]', 10, 1689, 39, 1689);
INSERT INTO supporting_projects(supporting_project_id, supported_at, delivery_id, payment_id, project_id, user_id) VALUES (1690, (SELECT projects.start_date + INTERVAL 7 DAY FROM projects WHERE projects.id=39), 1690, 1690, 39, 38);
INSERT INTO orders (order_id, created_at, delivery_id, payment_id, supporting_project_id) VALUES (1690, (SELECT projects.start_date + INTERVAL 7 DAY FROM projects WHERE projects.id=39), 1, 1690, 1690);
INSERT INTO supporting_packages(id, option_list, package_count, order_id, project_package_id, supporting_project_id) VALUES (1690, '["심화"]', 1, 1690, 39, 1690);
INSERT INTO supporting_projects(supporting_project_id, supported_at, delivery_id, payment_id, project_id, user_id) VALUES (1691, (SELECT projects.start_date + INTERVAL 48 DAY FROM projects WHERE projects.id=39), 1691, 1691, 39, 36);
INSERT INTO orders (order_id, created_at, delivery_id, payment_id, supporting_project_id) VALUES (1691, (SELECT projects.start_date + INTERVAL 48 DAY FROM projects WHERE projects.id=39), 1, 1691, 1691);
INSERT INTO supporting_packages(id, option_list, package_count, order_id, project_package_id, supporting_project_id) VALUES (1691, '["마스터"]', 8, 1691, 39, 1691);
INSERT INTO supporting_projects(supporting_project_id, supported_at, delivery_id, payment_id, project_id, user_id) VALUES (1692, (SELECT projects.start_date + INTERVAL 1 DAY FROM projects WHERE projects.id=39), 1692, 1692, 39, 40);
INSERT INTO orders (order_id, created_at, delivery_id, payment_id, supporting_project_id) VALUES (1692, (SELECT projects.start_date + INTERVAL 1 DAY FROM projects WHERE projects.id=39), 1, 1692, 1692);
INSERT INTO supporting_packages(id, option_list, package_count, order_id, project_package_id, supporting_project_id) VALUES (1692, '["마스터"]', 9, 1692, 39, 1692);
INSERT INTO supporting_projects(supporting_project_id, supported_at, delivery_id, payment_id, project_id, user_id) VALUES (1693, (SELECT projects.start_date + INTERVAL 5 DAY FROM projects WHERE projects.id=39), 1693, 1693, 39, 19);
INSERT INTO orders (order_id, created_at, delivery_id, payment_id, supporting_project_id) VALUES (1693, (SELECT projects.start_date + INTERVAL 5 DAY FROM projects WHERE projects.id=39), 1, 1693, 1693);
INSERT INTO supporting_packages(id, option_list, package_count, order_id, project_package_id, supporting_project_id) VALUES (1693, '["기본"]', 5, 1693, 39, 1693);
INSERT INTO supporting_projects(supporting_project_id, supported_at, delivery_id, payment_id, project_id, user_id) VALUES (1694, (SELECT projects.start_date + INTERVAL 48 DAY FROM projects WHERE projects.id=39), 1694, 1694, 39, 6);
INSERT INTO orders (order_id, created_at, delivery_id, payment_id, supporting_project_id) VALUES (1694, (SELECT projects.start_date + INTERVAL 48 DAY FROM projects WHERE projects.id=39), 1, 1694, 1694);
INSERT INTO supporting_packages(id, option_list, package_count, order_id, project_package_id, supporting_project_id) VALUES (1694, '["마스터"]', 8, 1694, 39, 1694);
INSERT INTO supporting_projects(supporting_project_id, supported_at, delivery_id, payment_id, project_id, user_id) VALUES (1695, (SELECT projects.start_date + INTERVAL 35 DAY FROM projects WHERE projects.id=39), 1695, 1695, 39, 35);
INSERT INTO orders (order_id, created_at, delivery_id, payment_id, supporting_project_id) VALUES (1695, (SELECT projects.start_date + INTERVAL 35 DAY FROM projects WHERE projects.id=39), 1, 1695, 1695);
INSERT INTO supporting_packages(id, option_list, package_count, order_id, project_package_id, supporting_project_id) VALUES (1695, '["심화"]', 3, 1695, 39, 1695);
INSERT INTO supporting_projects(supporting_project_id, supported_at, delivery_id, payment_id, project_id, user_id) VALUES (1696, (SELECT projects.start_date + INTERVAL 16 DAY FROM projects WHERE projects.id=39), 1696, 1696, 39, 22);
INSERT INTO orders (order_id, created_at, delivery_id, payment_id, supporting_project_id) VALUES (1696, (SELECT projects.start_date + INTERVAL 16 DAY FROM projects WHERE projects.id=39), 1, 1696, 1696);
INSERT INTO supporting_packages(id, option_list, package_count, order_id, project_package_id, supporting_project_id) VALUES (1696, '["심화"]', 3, 1696, 39, 1696);
INSERT INTO supporting_projects(supporting_project_id, supported_at, delivery_id, payment_id, project_id, user_id) VALUES (1697, (SELECT projects.start_date + INTERVAL 42 DAY FROM projects WHERE projects.id=39), 1697, 1697, 39, 11);
INSERT INTO orders (order_id, created_at, delivery_id, payment_id, supporting_project_id) VALUES (1697, (SELECT projects.start_date + INTERVAL 42 DAY FROM projects WHERE projects.id=39), 1, 1697, 1697);
INSERT INTO supporting_packages(id, option_list, package_count, order_id, project_package_id, supporting_project_id) VALUES (1697, '["마스터"]', 6, 1697, 39, 1697);
INSERT INTO supporting_projects(supporting_project_id, supported_at, delivery_id, payment_id, project_id, user_id) VALUES (1698, (SELECT projects.start_date + INTERVAL 46 DAY FROM projects WHERE projects.id=39), 1698, 1698, 39, 24);
INSERT INTO orders (order_id, created_at, delivery_id, payment_id, supporting_project_id) VALUES (1698, (SELECT projects.start_date + INTERVAL 46 DAY FROM projects WHERE projects.id=39), 1, 1698, 1698);
INSERT INTO supporting_packages(id, option_list, package_count, order_id, project_package_id, supporting_project_id) VALUES (1698, '["심화"]', 8, 1698, 39, 1698);
INSERT INTO supporting_projects(supporting_project_id, supported_at, delivery_id, payment_id, project_id, user_id) VALUES (1699, (SELECT projects.start_date + INTERVAL 8 DAY FROM projects WHERE projects.id=39), 1699, 1699, 39, 35);
INSERT INTO orders (order_id, created_at, delivery_id, payment_id, supporting_project_id) VALUES (1699, (SELECT projects.start_date + INTERVAL 8 DAY FROM projects WHERE projects.id=39), 1, 1699, 1699);
INSERT INTO supporting_packages(id, option_list, package_count, order_id, project_package_id, supporting_project_id) VALUES (1699, '["마스터"]', 3, 1699, 39, 1699);
INSERT INTO supporting_projects(supporting_project_id, supported_at, delivery_id, payment_id, project_id, user_id) VALUES (1700, (SELECT projects.start_date + INTERVAL 40 DAY FROM projects WHERE projects.id=39), 1700, 1700, 39, 6);
INSERT INTO orders (order_id, created_at, delivery_id, payment_id, supporting_project_id) VALUES (1700, (SELECT projects.start_date + INTERVAL 40 DAY FROM projects WHERE projects.id=39), 1, 1700, 1700);
INSERT INTO supporting_packages(id, option_list, package_count, order_id, project_package_id, supporting_project_id) VALUES (1700, '["마스터"]', 1, 1700, 39, 1700);
INSERT INTO supporting_projects(supporting_project_id, supported_at, delivery_id, payment_id, project_id, user_id) VALUES (1701, (SELECT projects.start_date + INTERVAL 21 DAY FROM projects WHERE projects.id=39), 1701, 1701, 39, 15);
INSERT INTO orders (order_id, created_at, delivery_id, payment_id, supporting_project_id) VALUES (1701, (SELECT projects.start_date + INTERVAL 21 DAY FROM projects WHERE projects.id=39), 1, 1701, 1701);
INSERT INTO supporting_packages(id, option_list, package_count, order_id, project_package_id, supporting_project_id) VALUES (1701, '["마스터"]', 7, 1701, 39, 1701);
INSERT INTO supporting_projects(supporting_project_id, supported_at, delivery_id, payment_id, project_id, user_id) VALUES (1702, (SELECT projects.start_date + INTERVAL 1 DAY FROM projects WHERE projects.id=39), 1702, 1702, 39, 37);
INSERT INTO orders (order_id, created_at, delivery_id, payment_id, supporting_project_id) VALUES (1702, (SELECT projects.start_date + INTERVAL 1 DAY FROM projects WHERE projects.id=39), 1, 1702, 1702);
INSERT INTO supporting_packages(id, option_list, package_count, order_id, project_package_id, supporting_project_id) VALUES (1702, '["마스터"]', 4, 1702, 39, 1702);
INSERT INTO supporting_projects(supporting_project_id, supported_at, delivery_id, payment_id, project_id, user_id) VALUES (1703, (SELECT projects.start_date + INTERVAL 3 DAY FROM projects WHERE projects.id=39), 1703, 1703, 39, 28);
INSERT INTO orders (order_id, created_at, delivery_id, payment_id, supporting_project_id) VALUES (1703, (SELECT projects.start_date + INTERVAL 3 DAY FROM projects WHERE projects.id=39), 1, 1703, 1703);
INSERT INTO supporting_packages(id, option_list, package_count, order_id, project_package_id, supporting_project_id) VALUES (1703, '["마스터"]', 10, 1703, 39, 1703);
INSERT INTO supporting_projects(supporting_project_id, supported_at, delivery_id, payment_id, project_id, user_id) VALUES (1704, (SELECT projects.start_date + INTERVAL 9 DAY FROM projects WHERE projects.id=39), 1704, 1704, 39, 3);
INSERT INTO orders (order_id, created_at, delivery_id, payment_id, supporting_project_id) VALUES (1704, (SELECT projects.start_date + INTERVAL 9 DAY FROM projects WHERE projects.id=39), 1, 1704, 1704);
INSERT INTO supporting_packages(id, option_list, package_count, order_id, project_package_id, supporting_project_id) VALUES (1704, '["심화"]', 8, 1704, 39, 1704);
INSERT INTO supporting_projects(supporting_project_id, supported_at, delivery_id, payment_id, project_id, user_id) VALUES (1705, (SELECT projects.start_date + INTERVAL 39 DAY FROM projects WHERE projects.id=39), 1705, 1705, 39, 8);
INSERT INTO orders (order_id, created_at, delivery_id, payment_id, supporting_project_id) VALUES (1705, (SELECT projects.start_date + INTERVAL 39 DAY FROM projects WHERE projects.id=39), 1, 1705, 1705);
INSERT INTO supporting_packages(id, option_list, package_count, order_id, project_package_id, supporting_project_id) VALUES (1705, '["마스터"]', 5, 1705, 39, 1705);
INSERT INTO supporting_projects(supporting_project_id, supported_at, delivery_id, payment_id, project_id, user_id) VALUES (1706, (SELECT projects.start_date + INTERVAL 35 DAY FROM projects WHERE projects.id=39), 1706, 1706, 39, 24);
INSERT INTO orders (order_id, created_at, delivery_id, payment_id, supporting_project_id) VALUES (1706, (SELECT projects.start_date + INTERVAL 35 DAY FROM projects WHERE projects.id=39), 1, 1706, 1706);
INSERT INTO supporting_packages(id, option_list, package_count, order_id, project_package_id, supporting_project_id) VALUES (1706, '["기본"]', 2, 1706, 39, 1706);
INSERT INTO supporting_projects(supporting_project_id, supported_at, delivery_id, payment_id, project_id, user_id) VALUES (1707, (SELECT projects.start_date + INTERVAL 4 DAY FROM projects WHERE projects.id=39), 1707, 1707, 39, 26);
INSERT INTO orders (order_id, created_at, delivery_id, payment_id, supporting_project_id) VALUES (1707, (SELECT projects.start_date + INTERVAL 4 DAY FROM projects WHERE projects.id=39), 1, 1707, 1707);
INSERT INTO supporting_packages(id, option_list, package_count, order_id, project_package_id, supporting_project_id) VALUES (1707, '["기본"]', 7, 1707, 39, 1707);
INSERT INTO supporting_projects(supporting_project_id, supported_at, delivery_id, payment_id, project_id, user_id) VALUES (1708, (SELECT projects.start_date + INTERVAL 35 DAY FROM projects WHERE projects.id=39), 1708, 1708, 39, 26);
INSERT INTO orders (order_id, created_at, delivery_id, payment_id, supporting_project_id) VALUES (1708, (SELECT projects.start_date + INTERVAL 35 DAY FROM projects WHERE projects.id=39), 1, 1708, 1708);
INSERT INTO supporting_packages(id, option_list, package_count, order_id, project_package_id, supporting_project_id) VALUES (1708, '["기본"]', 5, 1708, 39, 1708);
INSERT INTO supporting_projects(supporting_project_id, supported_at, delivery_id, payment_id, project_id, user_id) VALUES (1709, (SELECT projects.start_date + INTERVAL 47 DAY FROM projects WHERE projects.id=39), 1709, 1709, 39, 39);
INSERT INTO orders (order_id, created_at, delivery_id, payment_id, supporting_project_id) VALUES (1709, (SELECT projects.start_date + INTERVAL 47 DAY FROM projects WHERE projects.id=39), 1, 1709, 1709);
INSERT INTO supporting_packages(id, option_list, package_count, order_id, project_package_id, supporting_project_id) VALUES (1709, '["마스터"]', 8, 1709, 39, 1709);
INSERT INTO supporting_projects(supporting_project_id, supported_at, delivery_id, payment_id, project_id, user_id) VALUES (1710, (SELECT projects.start_date + INTERVAL 49 DAY FROM projects WHERE projects.id=39), 1710, 1710, 39, 22);
INSERT INTO orders (order_id, created_at, delivery_id, payment_id, supporting_project_id) VALUES (1710, (SELECT projects.start_date + INTERVAL 49 DAY FROM projects WHERE projects.id=39), 1, 1710, 1710);
INSERT INTO supporting_packages(id, option_list, package_count, order_id, project_package_id, supporting_project_id) VALUES (1710, '["기본"]', 5, 1710, 39, 1710);
INSERT INTO supporting_projects(supporting_project_id, supported_at, delivery_id, payment_id, project_id, user_id) VALUES (1711, (SELECT projects.start_date + INTERVAL 34 DAY FROM projects WHERE projects.id=39), 1711, 1711, 39, 6);
INSERT INTO orders (order_id, created_at, delivery_id, payment_id, supporting_project_id) VALUES (1711, (SELECT projects.start_date + INTERVAL 34 DAY FROM projects WHERE projects.id=39), 1, 1711, 1711);
INSERT INTO supporting_packages(id, option_list, package_count, order_id, project_package_id, supporting_project_id) VALUES (1711, '["기본"]', 6, 1711, 39, 1711);
INSERT INTO supporting_projects(supporting_project_id, supported_at, delivery_id, payment_id, project_id, user_id) VALUES (1712, (SELECT projects.start_date + INTERVAL 22 DAY FROM projects WHERE projects.id=39), 1712, 1712, 39, 11);
INSERT INTO orders (order_id, created_at, delivery_id, payment_id, supporting_project_id) VALUES (1712, (SELECT projects.start_date + INTERVAL 22 DAY FROM projects WHERE projects.id=39), 1, 1712, 1712);
INSERT INTO supporting_packages(id, option_list, package_count, order_id, project_package_id, supporting_project_id) VALUES (1712, '["기본"]', 3, 1712, 39, 1712);
INSERT INTO supporting_projects(supporting_project_id, supported_at, delivery_id, payment_id, project_id, user_id) VALUES (1713, (SELECT projects.start_date + INTERVAL 41 DAY FROM projects WHERE projects.id=39), 1713, 1713, 39, 13);
INSERT INTO orders (order_id, created_at, delivery_id, payment_id, supporting_project_id) VALUES (1713, (SELECT projects.start_date + INTERVAL 41 DAY FROM projects WHERE projects.id=39), 1, 1713, 1713);
INSERT INTO supporting_packages(id, option_list, package_count, order_id, project_package_id, supporting_project_id) VALUES (1713, '["기본"]', 8, 1713, 39, 1713);
INSERT INTO supporting_projects(supporting_project_id, supported_at, delivery_id, payment_id, project_id, user_id) VALUES (1714, (SELECT projects.start_date + INTERVAL 36 DAY FROM projects WHERE projects.id=39), 1714, 1714, 39, 22);
INSERT INTO orders (order_id, created_at, delivery_id, payment_id, supporting_project_id) VALUES (1714, (SELECT projects.start_date + INTERVAL 36 DAY FROM projects WHERE projects.id=39), 1, 1714, 1714);
INSERT INTO supporting_packages(id, option_list, package_count, order_id, project_package_id, supporting_project_id) VALUES (1714, '["마스터"]', 5, 1714, 39, 1714);
INSERT INTO supporting_projects(supporting_project_id, supported_at, delivery_id, payment_id, project_id, user_id) VALUES (1715, (SELECT projects.start_date + INTERVAL 22 DAY FROM projects WHERE projects.id=39), 1715, 1715, 39, 6);
INSERT INTO orders (order_id, created_at, delivery_id, payment_id, supporting_project_id) VALUES (1715, (SELECT projects.start_date + INTERVAL 22 DAY FROM projects WHERE projects.id=39), 1, 1715, 1715);
INSERT INTO supporting_packages(id, option_list, package_count, order_id, project_package_id, supporting_project_id) VALUES (1715, '["기본"]', 7, 1715, 39, 1715);
INSERT INTO supporting_projects(supporting_project_id, supported_at, delivery_id, payment_id, project_id, user_id) VALUES (1716, (SELECT projects.start_date + INTERVAL 20 DAY FROM projects WHERE projects.id=39), 1716, 1716, 39, 40);
INSERT INTO orders (order_id, created_at, delivery_id, payment_id, supporting_project_id) VALUES (1716, (SELECT projects.start_date + INTERVAL 20 DAY FROM projects WHERE projects.id=39), 1, 1716, 1716);
INSERT INTO supporting_packages(id, option_list, package_count, order_id, project_package_id, supporting_project_id) VALUES (1716, '["마스터"]', 4, 1716, 39, 1716);
INSERT INTO supporting_projects(supporting_project_id, supported_at, delivery_id, payment_id, project_id, user_id) VALUES (1717, (SELECT projects.start_date + INTERVAL 1 DAY FROM projects WHERE projects.id=39), 1717, 1717, 39, 30);
INSERT INTO orders (order_id, created_at, delivery_id, payment_id, supporting_project_id) VALUES (1717, (SELECT projects.start_date + INTERVAL 1 DAY FROM projects WHERE projects.id=39), 1, 1717, 1717);
INSERT INTO supporting_packages(id, option_list, package_count, order_id, project_package_id, supporting_project_id) VALUES (1717, '["마스터"]', 1, 1717, 39, 1717);
INSERT INTO supporting_projects(supporting_project_id, supported_at, delivery_id, payment_id, project_id, user_id) VALUES (1718, (SELECT projects.start_date + INTERVAL 41 DAY FROM projects WHERE projects.id=43), 1718, 1718, 43, 20);
INSERT INTO orders (order_id, created_at, delivery_id, payment_id, supporting_project_id) VALUES (1718, (SELECT projects.start_date + INTERVAL 41 DAY FROM projects WHERE projects.id=43), 1, 1718, 1718);
INSERT INTO supporting_packages(id, option_list, package_count, order_id, project_package_id, supporting_project_id) VALUES (1718, '["LP"]', 1, 1718, 43, 1718);
INSERT INTO supporting_projects(supporting_project_id, supported_at, delivery_id, payment_id, project_id, user_id) VALUES (1719, (SELECT projects.start_date + INTERVAL 21 DAY FROM projects WHERE projects.id=43), 1719, 1719, 43, 17);
INSERT INTO orders (order_id, created_at, delivery_id, payment_id, supporting_project_id) VALUES (1719, (SELECT projects.start_date + INTERVAL 21 DAY FROM projects WHERE projects.id=43), 1, 1719, 1719);
INSERT INTO supporting_packages(id, option_list, package_count, order_id, project_package_id, supporting_project_id) VALUES (1719, '["디지털 다운로드"]', 2, 1719, 43, 1719);
INSERT INTO supporting_projects(supporting_project_id, supported_at, delivery_id, payment_id, project_id, user_id) VALUES (1720, (SELECT projects.start_date + INTERVAL 49 DAY FROM projects WHERE projects.id=43), 1720, 1720, 43, 26);
INSERT INTO orders (order_id, created_at, delivery_id, payment_id, supporting_project_id) VALUES (1720, (SELECT projects.start_date + INTERVAL 49 DAY FROM projects WHERE projects.id=43), 1, 1720, 1720);
INSERT INTO supporting_packages(id, option_list, package_count, order_id, project_package_id, supporting_project_id) VALUES (1720, '["LP"]', 3, 1720, 43, 1720);
INSERT INTO supporting_projects(supporting_project_id, supported_at, delivery_id, payment_id, project_id, user_id) VALUES (1721, (SELECT projects.start_date + INTERVAL 25 DAY FROM projects WHERE projects.id=43), 1721, 1721, 43, 19);
INSERT INTO orders (order_id, created_at, delivery_id, payment_id, supporting_project_id) VALUES (1721, (SELECT projects.start_date + INTERVAL 25 DAY FROM projects WHERE projects.id=43), 1, 1721, 1721);
INSERT INTO supporting_packages(id, option_list, package_count, order_id, project_package_id, supporting_project_id) VALUES (1721, '["CD"]', 4, 1721, 43, 1721);
INSERT INTO supporting_projects(supporting_project_id, supported_at, delivery_id, payment_id, project_id, user_id) VALUES (1722, (SELECT projects.start_date + INTERVAL 36 DAY FROM projects WHERE projects.id=43), 1722, 1722, 43, 13);
INSERT INTO orders (order_id, created_at, delivery_id, payment_id, supporting_project_id) VALUES (1722, (SELECT projects.start_date + INTERVAL 36 DAY FROM projects WHERE projects.id=43), 1, 1722, 1722);
INSERT INTO supporting_packages(id, option_list, package_count, order_id, project_package_id, supporting_project_id) VALUES (1722, '["CD"]', 7, 1722, 43, 1722);
INSERT INTO supporting_projects(supporting_project_id, supported_at, delivery_id, payment_id, project_id, user_id) VALUES (1723, (SELECT projects.start_date + INTERVAL 7 DAY FROM projects WHERE projects.id=43), 1723, 1723, 43, 10);
INSERT INTO orders (order_id, created_at, delivery_id, payment_id, supporting_project_id) VALUES (1723, (SELECT projects.start_date + INTERVAL 7 DAY FROM projects WHERE projects.id=43), 1, 1723, 1723);
INSERT INTO supporting_packages(id, option_list, package_count, order_id, project_package_id, supporting_project_id) VALUES (1723, '["CD"]', 4, 1723, 43, 1723);
INSERT INTO supporting_projects(supporting_project_id, supported_at, delivery_id, payment_id, project_id, user_id) VALUES (1724, (SELECT projects.start_date + INTERVAL 9 DAY FROM projects WHERE projects.id=43), 1724, 1724, 43, 10);
INSERT INTO orders (order_id, created_at, delivery_id, payment_id, supporting_project_id) VALUES (1724, (SELECT projects.start_date + INTERVAL 9 DAY FROM projects WHERE projects.id=43), 1, 1724, 1724);
INSERT INTO supporting_packages(id, option_list, package_count, order_id, project_package_id, supporting_project_id) VALUES (1724, '["LP"]', 3, 1724, 43, 1724);
INSERT INTO supporting_projects(supporting_project_id, supported_at, delivery_id, payment_id, project_id, user_id) VALUES (1725, (SELECT projects.start_date + INTERVAL 10 DAY FROM projects WHERE projects.id=43), 1725, 1725, 43, 24);
INSERT INTO orders (order_id, created_at, delivery_id, payment_id, supporting_project_id) VALUES (1725, (SELECT projects.start_date + INTERVAL 10 DAY FROM projects WHERE projects.id=43), 1, 1725, 1725);
INSERT INTO supporting_packages(id, option_list, package_count, order_id, project_package_id, supporting_project_id) VALUES (1725, '["디지털 다운로드"]', 7, 1725, 43, 1725);
INSERT INTO supporting_projects(supporting_project_id, supported_at, delivery_id, payment_id, project_id, user_id) VALUES (1726, (SELECT projects.start_date + INTERVAL 39 DAY FROM projects WHERE projects.id=43), 1726, 1726, 43, 17);
INSERT INTO orders (order_id, created_at, delivery_id, payment_id, supporting_project_id) VALUES (1726, (SELECT projects.start_date + INTERVAL 39 DAY FROM projects WHERE projects.id=43), 1, 1726, 1726);
INSERT INTO supporting_packages(id, option_list, package_count, order_id, project_package_id, supporting_project_id) VALUES (1726, '["디지털 다운로드"]', 1, 1726, 43, 1726);
INSERT INTO supporting_projects(supporting_project_id, supported_at, delivery_id, payment_id, project_id, user_id) VALUES (1727, (SELECT projects.start_date + INTERVAL 10 DAY FROM projects WHERE projects.id=43), 1727, 1727, 43, 8);
INSERT INTO orders (order_id, created_at, delivery_id, payment_id, supporting_project_id) VALUES (1727, (SELECT projects.start_date + INTERVAL 10 DAY FROM projects WHERE projects.id=43), 1, 1727, 1727);
INSERT INTO supporting_packages(id, option_list, package_count, order_id, project_package_id, supporting_project_id) VALUES (1727, '["디지털 다운로드"]', 6, 1727, 43, 1727);
INSERT INTO supporting_projects(supporting_project_id, supported_at, delivery_id, payment_id, project_id, user_id) VALUES (1728, (SELECT projects.start_date + INTERVAL 33 DAY FROM projects WHERE projects.id=43), 1728, 1728, 43, 29);
INSERT INTO orders (order_id, created_at, delivery_id, payment_id, supporting_project_id) VALUES (1728, (SELECT projects.start_date + INTERVAL 33 DAY FROM projects WHERE projects.id=43), 1, 1728, 1728);
INSERT INTO supporting_packages(id, option_list, package_count, order_id, project_package_id, supporting_project_id) VALUES (1728, '["디지털 다운로드"]', 3, 1728, 43, 1728);
INSERT INTO supporting_projects(supporting_project_id, supported_at, delivery_id, payment_id, project_id, user_id) VALUES (1729, (SELECT projects.start_date + INTERVAL 8 DAY FROM projects WHERE projects.id=43), 1729, 1729, 43, 19);
INSERT INTO orders (order_id, created_at, delivery_id, payment_id, supporting_project_id) VALUES (1729, (SELECT projects.start_date + INTERVAL 8 DAY FROM projects WHERE projects.id=43), 1, 1729, 1729);
INSERT INTO supporting_packages(id, option_list, package_count, order_id, project_package_id, supporting_project_id) VALUES (1729, '["디지털 다운로드"]', 4, 1729, 43, 1729);
INSERT INTO supporting_projects(supporting_project_id, supported_at, delivery_id, payment_id, project_id, user_id) VALUES (1730, (SELECT projects.start_date + INTERVAL 6 DAY FROM projects WHERE projects.id=43), 1730, 1730, 43, 3);
INSERT INTO orders (order_id, created_at, delivery_id, payment_id, supporting_project_id) VALUES (1730, (SELECT projects.start_date + INTERVAL 6 DAY FROM projects WHERE projects.id=43), 1, 1730, 1730);
INSERT INTO supporting_packages(id, option_list, package_count, order_id, project_package_id, supporting_project_id) VALUES (1730, '["CD"]', 4, 1730, 43, 1730);
INSERT INTO supporting_projects(supporting_project_id, supported_at, delivery_id, payment_id, project_id, user_id) VALUES (1731, (SELECT projects.start_date + INTERVAL 41 DAY FROM projects WHERE projects.id=43), 1731, 1731, 43, 17);
INSERT INTO orders (order_id, created_at, delivery_id, payment_id, supporting_project_id) VALUES (1731, (SELECT projects.start_date + INTERVAL 41 DAY FROM projects WHERE projects.id=43), 1, 1731, 1731);
INSERT INTO supporting_packages(id, option_list, package_count, order_id, project_package_id, supporting_project_id) VALUES (1731, '["디지털 다운로드"]', 7, 1731, 43, 1731);
INSERT INTO supporting_projects(supporting_project_id, supported_at, delivery_id, payment_id, project_id, user_id) VALUES (1732, (SELECT projects.start_date + INTERVAL 43 DAY FROM projects WHERE projects.id=43), 1732, 1732, 43, 13);
INSERT INTO orders (order_id, created_at, delivery_id, payment_id, supporting_project_id) VALUES (1732, (SELECT projects.start_date + INTERVAL 43 DAY FROM projects WHERE projects.id=43), 1, 1732, 1732);
INSERT INTO supporting_packages(id, option_list, package_count, order_id, project_package_id, supporting_project_id) VALUES (1732, '["디지털 다운로드"]', 2, 1732, 43, 1732);
INSERT INTO supporting_projects(supporting_project_id, supported_at, delivery_id, payment_id, project_id, user_id) VALUES (1733, (SELECT projects.start_date + INTERVAL 6 DAY FROM projects WHERE projects.id=43), 1733, 1733, 43, 5);
INSERT INTO orders (order_id, created_at, delivery_id, payment_id, supporting_project_id) VALUES (1733, (SELECT projects.start_date + INTERVAL 6 DAY FROM projects WHERE projects.id=43), 1, 1733, 1733);
INSERT INTO supporting_packages(id, option_list, package_count, order_id, project_package_id, supporting_project_id) VALUES (1733, '["디지털 다운로드"]', 9, 1733, 43, 1733);
INSERT INTO supporting_projects(supporting_project_id, supported_at, delivery_id, payment_id, project_id, user_id) VALUES (1734, (SELECT projects.start_date + INTERVAL 44 DAY FROM projects WHERE projects.id=43), 1734, 1734, 43, 32);
INSERT INTO orders (order_id, created_at, delivery_id, payment_id, supporting_project_id) VALUES (1734, (SELECT projects.start_date + INTERVAL 44 DAY FROM projects WHERE projects.id=43), 1, 1734, 1734);
INSERT INTO supporting_packages(id, option_list, package_count, order_id, project_package_id, supporting_project_id) VALUES (1734, '["디지털 다운로드"]', 2, 1734, 43, 1734);
INSERT INTO supporting_projects(supporting_project_id, supported_at, delivery_id, payment_id, project_id, user_id) VALUES (1735, (SELECT projects.start_date + INTERVAL 9 DAY FROM projects WHERE projects.id=43), 1735, 1735, 43, 26);
INSERT INTO orders (order_id, created_at, delivery_id, payment_id, supporting_project_id) VALUES (1735, (SELECT projects.start_date + INTERVAL 9 DAY FROM projects WHERE projects.id=43), 1, 1735, 1735);
INSERT INTO supporting_packages(id, option_list, package_count, order_id, project_package_id, supporting_project_id) VALUES (1735, '["디지털 다운로드"]', 1, 1735, 43, 1735);
INSERT INTO supporting_projects(supporting_project_id, supported_at, delivery_id, payment_id, project_id, user_id) VALUES (1736, (SELECT projects.start_date + INTERVAL 8 DAY FROM projects WHERE projects.id=43), 1736, 1736, 43, 4);
INSERT INTO orders (order_id, created_at, delivery_id, payment_id, supporting_project_id) VALUES (1736, (SELECT projects.start_date + INTERVAL 8 DAY FROM projects WHERE projects.id=43), 1, 1736, 1736);
INSERT INTO supporting_packages(id, option_list, package_count, order_id, project_package_id, supporting_project_id) VALUES (1736, '["CD"]', 8, 1736, 43, 1736);
INSERT INTO supporting_projects(supporting_project_id, supported_at, delivery_id, payment_id, project_id, user_id) VALUES (1737, (SELECT projects.start_date + INTERVAL 19 DAY FROM projects WHERE projects.id=43), 1737, 1737, 43, 33);
INSERT INTO orders (order_id, created_at, delivery_id, payment_id, supporting_project_id) VALUES (1737, (SELECT projects.start_date + INTERVAL 19 DAY FROM projects WHERE projects.id=43), 1, 1737, 1737);
INSERT INTO supporting_packages(id, option_list, package_count, order_id, project_package_id, supporting_project_id) VALUES (1737, '["CD"]', 6, 1737, 43, 1737);
INSERT INTO supporting_projects(supporting_project_id, supported_at, delivery_id, payment_id, project_id, user_id) VALUES (1738, (SELECT projects.start_date + INTERVAL 20 DAY FROM projects WHERE projects.id=43), 1738, 1738, 43, 3);
INSERT INTO orders (order_id, created_at, delivery_id, payment_id, supporting_project_id) VALUES (1738, (SELECT projects.start_date + INTERVAL 20 DAY FROM projects WHERE projects.id=43), 1, 1738, 1738);
INSERT INTO supporting_packages(id, option_list, package_count, order_id, project_package_id, supporting_project_id) VALUES (1738, '["디지털 다운로드"]', 10, 1738, 43, 1738);
INSERT INTO supporting_projects(supporting_project_id, supported_at, delivery_id, payment_id, project_id, user_id) VALUES (1739, (SELECT projects.start_date + INTERVAL 18 DAY FROM projects WHERE projects.id=43), 1739, 1739, 43, 4);
INSERT INTO orders (order_id, created_at, delivery_id, payment_id, supporting_project_id) VALUES (1739, (SELECT projects.start_date + INTERVAL 18 DAY FROM projects WHERE projects.id=43), 1, 1739, 1739);
INSERT INTO supporting_packages(id, option_list, package_count, order_id, project_package_id, supporting_project_id) VALUES (1739, '["LP"]', 1, 1739, 43, 1739);
INSERT INTO supporting_projects(supporting_project_id, supported_at, delivery_id, payment_id, project_id, user_id) VALUES (1740, (SELECT projects.start_date + INTERVAL 13 DAY FROM projects WHERE projects.id=43), 1740, 1740, 43, 5);
INSERT INTO orders (order_id, created_at, delivery_id, payment_id, supporting_project_id) VALUES (1740, (SELECT projects.start_date + INTERVAL 13 DAY FROM projects WHERE projects.id=43), 1, 1740, 1740);
INSERT INTO supporting_packages(id, option_list, package_count, order_id, project_package_id, supporting_project_id) VALUES (1740, '["LP"]', 7, 1740, 43, 1740);
INSERT INTO supporting_projects(supporting_project_id, supported_at, delivery_id, payment_id, project_id, user_id) VALUES (1741, (SELECT projects.start_date + INTERVAL 47 DAY FROM projects WHERE projects.id=43), 1741, 1741, 43, 18);
INSERT INTO orders (order_id, created_at, delivery_id, payment_id, supporting_project_id) VALUES (1741, (SELECT projects.start_date + INTERVAL 47 DAY FROM projects WHERE projects.id=43), 1, 1741, 1741);
INSERT INTO supporting_packages(id, option_list, package_count, order_id, project_package_id, supporting_project_id) VALUES (1741, '["디지털 다운로드"]', 2, 1741, 43, 1741);
INSERT INTO supporting_projects(supporting_project_id, supported_at, delivery_id, payment_id, project_id, user_id) VALUES (1742, (SELECT projects.start_date + INTERVAL 47 DAY FROM projects WHERE projects.id=43), 1742, 1742, 43, 4);
INSERT INTO orders (order_id, created_at, delivery_id, payment_id, supporting_project_id) VALUES (1742, (SELECT projects.start_date + INTERVAL 47 DAY FROM projects WHERE projects.id=43), 1, 1742, 1742);
INSERT INTO supporting_packages(id, option_list, package_count, order_id, project_package_id, supporting_project_id) VALUES (1742, '["CD"]', 4, 1742, 43, 1742);
INSERT INTO supporting_projects(supporting_project_id, supported_at, delivery_id, payment_id, project_id, user_id) VALUES (1743, (SELECT projects.start_date + INTERVAL 32 DAY FROM projects WHERE projects.id=43), 1743, 1743, 43, 30);
INSERT INTO orders (order_id, created_at, delivery_id, payment_id, supporting_project_id) VALUES (1743, (SELECT projects.start_date + INTERVAL 32 DAY FROM projects WHERE projects.id=43), 1, 1743, 1743);
INSERT INTO supporting_packages(id, option_list, package_count, order_id, project_package_id, supporting_project_id) VALUES (1743, '["CD"]', 10, 1743, 43, 1743);
INSERT INTO supporting_projects(supporting_project_id, supported_at, delivery_id, payment_id, project_id, user_id) VALUES (1744, (SELECT projects.start_date + INTERVAL 16 DAY FROM projects WHERE projects.id=43), 1744, 1744, 43, 19);
INSERT INTO orders (order_id, created_at, delivery_id, payment_id, supporting_project_id) VALUES (1744, (SELECT projects.start_date + INTERVAL 16 DAY FROM projects WHERE projects.id=43), 1, 1744, 1744);
INSERT INTO supporting_packages(id, option_list, package_count, order_id, project_package_id, supporting_project_id) VALUES (1744, '["디지털 다운로드"]', 1, 1744, 43, 1744);
INSERT INTO supporting_projects(supporting_project_id, supported_at, delivery_id, payment_id, project_id, user_id) VALUES (1745, (SELECT projects.start_date + INTERVAL 47 DAY FROM projects WHERE projects.id=43), 1745, 1745, 43, 39);
INSERT INTO orders (order_id, created_at, delivery_id, payment_id, supporting_project_id) VALUES (1745, (SELECT projects.start_date + INTERVAL 47 DAY FROM projects WHERE projects.id=43), 1, 1745, 1745);
INSERT INTO supporting_packages(id, option_list, package_count, order_id, project_package_id, supporting_project_id) VALUES (1745, '["LP"]', 6, 1745, 43, 1745);
INSERT INTO supporting_projects(supporting_project_id, supported_at, delivery_id, payment_id, project_id, user_id) VALUES (1746, (SELECT projects.start_date + INTERVAL 17 DAY FROM projects WHERE projects.id=43), 1746, 1746, 43, 10);
INSERT INTO orders (order_id, created_at, delivery_id, payment_id, supporting_project_id) VALUES (1746, (SELECT projects.start_date + INTERVAL 17 DAY FROM projects WHERE projects.id=43), 1, 1746, 1746);
INSERT INTO supporting_packages(id, option_list, package_count, order_id, project_package_id, supporting_project_id) VALUES (1746, '["LP"]', 2, 1746, 43, 1746);
INSERT INTO supporting_projects(supporting_project_id, supported_at, delivery_id, payment_id, project_id, user_id) VALUES (1747, (SELECT projects.start_date + INTERVAL 37 DAY FROM projects WHERE projects.id=43), 1747, 1747, 43, 22);
INSERT INTO orders (order_id, created_at, delivery_id, payment_id, supporting_project_id) VALUES (1747, (SELECT projects.start_date + INTERVAL 37 DAY FROM projects WHERE projects.id=43), 1, 1747, 1747);
INSERT INTO supporting_packages(id, option_list, package_count, order_id, project_package_id, supporting_project_id) VALUES (1747, '["CD"]', 1, 1747, 43, 1747);
INSERT INTO supporting_projects(supporting_project_id, supported_at, delivery_id, payment_id, project_id, user_id) VALUES (1748, (SELECT projects.start_date + INTERVAL 8 DAY FROM projects WHERE projects.id=43), 1748, 1748, 43, 31);
INSERT INTO orders (order_id, created_at, delivery_id, payment_id, supporting_project_id) VALUES (1748, (SELECT projects.start_date + INTERVAL 8 DAY FROM projects WHERE projects.id=43), 1, 1748, 1748);
INSERT INTO supporting_packages(id, option_list, package_count, order_id, project_package_id, supporting_project_id) VALUES (1748, '["디지털 다운로드"]', 10, 1748, 43, 1748);
INSERT INTO supporting_projects(supporting_project_id, supported_at, delivery_id, payment_id, project_id, user_id) VALUES (1749, (SELECT projects.start_date + INTERVAL 34 DAY FROM projects WHERE projects.id=43), 1749, 1749, 43, 19);
INSERT INTO orders (order_id, created_at, delivery_id, payment_id, supporting_project_id) VALUES (1749, (SELECT projects.start_date + INTERVAL 34 DAY FROM projects WHERE projects.id=43), 1, 1749, 1749);
INSERT INTO supporting_packages(id, option_list, package_count, order_id, project_package_id, supporting_project_id) VALUES (1749, '["LP"]', 5, 1749, 43, 1749);
INSERT INTO supporting_projects(supporting_project_id, supported_at, delivery_id, payment_id, project_id, user_id) VALUES (1750, (SELECT projects.start_date + INTERVAL 3 DAY FROM projects WHERE projects.id=43), 1750, 1750, 43, 17);
INSERT INTO orders (order_id, created_at, delivery_id, payment_id, supporting_project_id) VALUES (1750, (SELECT projects.start_date + INTERVAL 3 DAY FROM projects WHERE projects.id=43), 1, 1750, 1750);
INSERT INTO supporting_packages(id, option_list, package_count, order_id, project_package_id, supporting_project_id) VALUES (1750, '["CD"]', 7, 1750, 43, 1750);
INSERT INTO supporting_projects(supporting_project_id, supported_at, delivery_id, payment_id, project_id, user_id) VALUES (1751, (SELECT projects.start_date + INTERVAL 49 DAY FROM projects WHERE projects.id=43), 1751, 1751, 43, 6);
INSERT INTO orders (order_id, created_at, delivery_id, payment_id, supporting_project_id) VALUES (1751, (SELECT projects.start_date + INTERVAL 49 DAY FROM projects WHERE projects.id=43), 1, 1751, 1751);
INSERT INTO supporting_packages(id, option_list, package_count, order_id, project_package_id, supporting_project_id) VALUES (1751, '["CD"]', 3, 1751, 43, 1751);
INSERT INTO supporting_projects(supporting_project_id, supported_at, delivery_id, payment_id, project_id, user_id) VALUES (1752, (SELECT projects.start_date + INTERVAL 35 DAY FROM projects WHERE projects.id=43), 1752, 1752, 43, 40);
INSERT INTO orders (order_id, created_at, delivery_id, payment_id, supporting_project_id) VALUES (1752, (SELECT projects.start_date + INTERVAL 35 DAY FROM projects WHERE projects.id=43), 1, 1752, 1752);
INSERT INTO supporting_packages(id, option_list, package_count, order_id, project_package_id, supporting_project_id) VALUES (1752, '["CD"]', 6, 1752, 43, 1752);
INSERT INTO supporting_projects(supporting_project_id, supported_at, delivery_id, payment_id, project_id, user_id) VALUES (1753, (SELECT projects.start_date + INTERVAL 10 DAY FROM projects WHERE projects.id=43), 1753, 1753, 43, 32);
INSERT INTO orders (order_id, created_at, delivery_id, payment_id, supporting_project_id) VALUES (1753, (SELECT projects.start_date + INTERVAL 10 DAY FROM projects WHERE projects.id=43), 1, 1753, 1753);
INSERT INTO supporting_packages(id, option_list, package_count, order_id, project_package_id, supporting_project_id) VALUES (1753, '["LP"]', 4, 1753, 43, 1753);
INSERT INTO supporting_projects(supporting_project_id, supported_at, delivery_id, payment_id, project_id, user_id) VALUES (1754, (SELECT projects.start_date + INTERVAL 33 DAY FROM projects WHERE projects.id=43), 1754, 1754, 43, 19);
INSERT INTO orders (order_id, created_at, delivery_id, payment_id, supporting_project_id) VALUES (1754, (SELECT projects.start_date + INTERVAL 33 DAY FROM projects WHERE projects.id=43), 1, 1754, 1754);
INSERT INTO supporting_packages(id, option_list, package_count, order_id, project_package_id, supporting_project_id) VALUES (1754, '["CD"]', 9, 1754, 43, 1754);
INSERT INTO supporting_projects(supporting_project_id, supported_at, delivery_id, payment_id, project_id, user_id) VALUES (1755, (SELECT projects.start_date + INTERVAL 24 DAY FROM projects WHERE projects.id=43), 1755, 1755, 43, 14);
INSERT INTO orders (order_id, created_at, delivery_id, payment_id, supporting_project_id) VALUES (1755, (SELECT projects.start_date + INTERVAL 24 DAY FROM projects WHERE projects.id=43), 1, 1755, 1755);
INSERT INTO supporting_packages(id, option_list, package_count, order_id, project_package_id, supporting_project_id) VALUES (1755, '["LP"]', 6, 1755, 43, 1755);
INSERT INTO supporting_projects(supporting_project_id, supported_at, delivery_id, payment_id, project_id, user_id) VALUES (1756, (SELECT projects.start_date + INTERVAL 16 DAY FROM projects WHERE projects.id=43), 1756, 1756, 43, 9);
INSERT INTO orders (order_id, created_at, delivery_id, payment_id, supporting_project_id) VALUES (1756, (SELECT projects.start_date + INTERVAL 16 DAY FROM projects WHERE projects.id=43), 1, 1756, 1756);
INSERT INTO supporting_packages(id, option_list, package_count, order_id, project_package_id, supporting_project_id) VALUES (1756, '["LP"]', 5, 1756, 43, 1756);
INSERT INTO supporting_projects(supporting_project_id, supported_at, delivery_id, payment_id, project_id, user_id) VALUES (1757, (SELECT projects.start_date + INTERVAL 17 DAY FROM projects WHERE projects.id=43), 1757, 1757, 43, 6);
INSERT INTO orders (order_id, created_at, delivery_id, payment_id, supporting_project_id) VALUES (1757, (SELECT projects.start_date + INTERVAL 17 DAY FROM projects WHERE projects.id=43), 1, 1757, 1757);
INSERT INTO supporting_packages(id, option_list, package_count, order_id, project_package_id, supporting_project_id) VALUES (1757, '["CD"]', 1, 1757, 43, 1757);
INSERT INTO supporting_projects(supporting_project_id, supported_at, delivery_id, payment_id, project_id, user_id) VALUES (1758, (SELECT projects.start_date + INTERVAL 27 DAY FROM projects WHERE projects.id=43), 1758, 1758, 43, 39);
INSERT INTO orders (order_id, created_at, delivery_id, payment_id, supporting_project_id) VALUES (1758, (SELECT projects.start_date + INTERVAL 27 DAY FROM projects WHERE projects.id=43), 1, 1758, 1758);
INSERT INTO supporting_packages(id, option_list, package_count, order_id, project_package_id, supporting_project_id) VALUES (1758, '["CD"]', 3, 1758, 43, 1758);
INSERT INTO supporting_projects(supporting_project_id, supported_at, delivery_id, payment_id, project_id, user_id) VALUES (1759, (SELECT projects.start_date + INTERVAL 19 DAY FROM projects WHERE projects.id=43), 1759, 1759, 43, 31);
INSERT INTO orders (order_id, created_at, delivery_id, payment_id, supporting_project_id) VALUES (1759, (SELECT projects.start_date + INTERVAL 19 DAY FROM projects WHERE projects.id=43), 1, 1759, 1759);
INSERT INTO supporting_packages(id, option_list, package_count, order_id, project_package_id, supporting_project_id) VALUES (1759, '["LP"]', 7, 1759, 43, 1759);
INSERT INTO supporting_projects(supporting_project_id, supported_at, delivery_id, payment_id, project_id, user_id) VALUES (1760, (SELECT projects.start_date + INTERVAL 18 DAY FROM projects WHERE projects.id=43), 1760, 1760, 43, 33);
INSERT INTO orders (order_id, created_at, delivery_id, payment_id, supporting_project_id) VALUES (1760, (SELECT projects.start_date + INTERVAL 18 DAY FROM projects WHERE projects.id=43), 1, 1760, 1760);
INSERT INTO supporting_packages(id, option_list, package_count, order_id, project_package_id, supporting_project_id) VALUES (1760, '["디지털 다운로드"]', 9, 1760, 43, 1760);
INSERT INTO supporting_projects(supporting_project_id, supported_at, delivery_id, payment_id, project_id, user_id) VALUES (1761, (SELECT projects.start_date + INTERVAL 22 DAY FROM projects WHERE projects.id=43), 1761, 1761, 43, 39);
INSERT INTO orders (order_id, created_at, delivery_id, payment_id, supporting_project_id) VALUES (1761, (SELECT projects.start_date + INTERVAL 22 DAY FROM projects WHERE projects.id=43), 1, 1761, 1761);
INSERT INTO supporting_packages(id, option_list, package_count, order_id, project_package_id, supporting_project_id) VALUES (1761, '["디지털 다운로드"]', 4, 1761, 43, 1761);
INSERT INTO supporting_projects(supporting_project_id, supported_at, delivery_id, payment_id, project_id, user_id) VALUES (1762, (SELECT projects.start_date + INTERVAL 6 DAY FROM projects WHERE projects.id=43), 1762, 1762, 43, 1);
INSERT INTO orders (order_id, created_at, delivery_id, payment_id, supporting_project_id) VALUES (1762, (SELECT projects.start_date + INTERVAL 6 DAY FROM projects WHERE projects.id=43), 1, 1762, 1762);
INSERT INTO supporting_packages(id, option_list, package_count, order_id, project_package_id, supporting_project_id) VALUES (1762, '["LP"]', 6, 1762, 43, 1762);
INSERT INTO supporting_projects(supporting_project_id, supported_at, delivery_id, payment_id, project_id, user_id) VALUES (1763, (SELECT projects.start_date + INTERVAL 38 DAY FROM projects WHERE projects.id=43), 1763, 1763, 43, 16);
INSERT INTO orders (order_id, created_at, delivery_id, payment_id, supporting_project_id) VALUES (1763, (SELECT projects.start_date + INTERVAL 38 DAY FROM projects WHERE projects.id=43), 1, 1763, 1763);
INSERT INTO supporting_packages(id, option_list, package_count, order_id, project_package_id, supporting_project_id) VALUES (1763, '["CD"]', 3, 1763, 43, 1763);
INSERT INTO supporting_projects(supporting_project_id, supported_at, delivery_id, payment_id, project_id, user_id) VALUES (1764, (SELECT projects.start_date + INTERVAL 27 DAY FROM projects WHERE projects.id=43), 1764, 1764, 43, 8);
INSERT INTO orders (order_id, created_at, delivery_id, payment_id, supporting_project_id) VALUES (1764, (SELECT projects.start_date + INTERVAL 27 DAY FROM projects WHERE projects.id=43), 1, 1764, 1764);
INSERT INTO supporting_packages(id, option_list, package_count, order_id, project_package_id, supporting_project_id) VALUES (1764, '["LP"]', 7, 1764, 43, 1764);
INSERT INTO supporting_projects(supporting_project_id, supported_at, delivery_id, payment_id, project_id, user_id) VALUES (1765, (SELECT projects.start_date + INTERVAL 37 DAY FROM projects WHERE projects.id=43), 1765, 1765, 43, 38);
INSERT INTO orders (order_id, created_at, delivery_id, payment_id, supporting_project_id) VALUES (1765, (SELECT projects.start_date + INTERVAL 37 DAY FROM projects WHERE projects.id=43), 1, 1765, 1765);
INSERT INTO supporting_packages(id, option_list, package_count, order_id, project_package_id, supporting_project_id) VALUES (1765, '["LP"]', 2, 1765, 43, 1765);
INSERT INTO supporting_projects(supporting_project_id, supported_at, delivery_id, payment_id, project_id, user_id) VALUES (1766, (SELECT projects.start_date + INTERVAL 17 DAY FROM projects WHERE projects.id=43), 1766, 1766, 43, 3);
INSERT INTO orders (order_id, created_at, delivery_id, payment_id, supporting_project_id) VALUES (1766, (SELECT projects.start_date + INTERVAL 17 DAY FROM projects WHERE projects.id=43), 1, 1766, 1766);
INSERT INTO supporting_packages(id, option_list, package_count, order_id, project_package_id, supporting_project_id) VALUES (1766, '["LP"]', 5, 1766, 43, 1766);
INSERT INTO supporting_projects(supporting_project_id, supported_at, delivery_id, payment_id, project_id, user_id) VALUES (1767, (SELECT projects.start_date + INTERVAL 28 DAY FROM projects WHERE projects.id=43), 1767, 1767, 43, 33);
INSERT INTO orders (order_id, created_at, delivery_id, payment_id, supporting_project_id) VALUES (1767, (SELECT projects.start_date + INTERVAL 28 DAY FROM projects WHERE projects.id=43), 1, 1767, 1767);
INSERT INTO supporting_packages(id, option_list, package_count, order_id, project_package_id, supporting_project_id) VALUES (1767, '["LP"]', 1, 1767, 43, 1767);
INSERT INTO supporting_projects(supporting_project_id, supported_at, delivery_id, payment_id, project_id, user_id) VALUES (1768, (SELECT projects.start_date + INTERVAL 33 DAY FROM projects WHERE projects.id=43), 1768, 1768, 43, 4);
INSERT INTO orders (order_id, created_at, delivery_id, payment_id, supporting_project_id) VALUES (1768, (SELECT projects.start_date + INTERVAL 33 DAY FROM projects WHERE projects.id=43), 1, 1768, 1768);
INSERT INTO supporting_packages(id, option_list, package_count, order_id, project_package_id, supporting_project_id) VALUES (1768, '["디지털 다운로드"]', 2, 1768, 43, 1768);
INSERT INTO supporting_projects(supporting_project_id, supported_at, delivery_id, payment_id, project_id, user_id) VALUES (1769, (SELECT projects.start_date + INTERVAL 26 DAY FROM projects WHERE projects.id=43), 1769, 1769, 43, 4);
INSERT INTO orders (order_id, created_at, delivery_id, payment_id, supporting_project_id) VALUES (1769, (SELECT projects.start_date + INTERVAL 26 DAY FROM projects WHERE projects.id=43), 1, 1769, 1769);
INSERT INTO supporting_packages(id, option_list, package_count, order_id, project_package_id, supporting_project_id) VALUES (1769, '["CD"]', 9, 1769, 43, 1769);
INSERT INTO supporting_projects(supporting_project_id, supported_at, delivery_id, payment_id, project_id, user_id) VALUES (1770, (SELECT projects.start_date + INTERVAL 29 DAY FROM projects WHERE projects.id=43), 1770, 1770, 43, 27);
INSERT INTO orders (order_id, created_at, delivery_id, payment_id, supporting_project_id) VALUES (1770, (SELECT projects.start_date + INTERVAL 29 DAY FROM projects WHERE projects.id=43), 1, 1770, 1770);
INSERT INTO supporting_packages(id, option_list, package_count, order_id, project_package_id, supporting_project_id) VALUES (1770, '["디지털 다운로드"]', 9, 1770, 43, 1770);
INSERT INTO supporting_projects(supporting_project_id, supported_at, delivery_id, payment_id, project_id, user_id) VALUES (1771, (SELECT projects.start_date + INTERVAL 43 DAY FROM projects WHERE projects.id=43), 1771, 1771, 43, 32);
INSERT INTO orders (order_id, created_at, delivery_id, payment_id, supporting_project_id) VALUES (1771, (SELECT projects.start_date + INTERVAL 43 DAY FROM projects WHERE projects.id=43), 1, 1771, 1771);
INSERT INTO supporting_packages(id, option_list, package_count, order_id, project_package_id, supporting_project_id) VALUES (1771, '["LP"]', 10, 1771, 43, 1771);
INSERT INTO supporting_projects(supporting_project_id, supported_at, delivery_id, payment_id, project_id, user_id) VALUES (1772, (SELECT projects.start_date + INTERVAL 21 DAY FROM projects WHERE projects.id=43), 1772, 1772, 43, 11);
INSERT INTO orders (order_id, created_at, delivery_id, payment_id, supporting_project_id) VALUES (1772, (SELECT projects.start_date + INTERVAL 21 DAY FROM projects WHERE projects.id=43), 1, 1772, 1772);
INSERT INTO supporting_packages(id, option_list, package_count, order_id, project_package_id, supporting_project_id) VALUES (1772, '["LP"]', 6, 1772, 43, 1772);
INSERT INTO supporting_projects(supporting_project_id, supported_at, delivery_id, payment_id, project_id, user_id) VALUES (1773, (SELECT projects.start_date + INTERVAL 43 DAY FROM projects WHERE projects.id=43), 1773, 1773, 43, 15);
INSERT INTO orders (order_id, created_at, delivery_id, payment_id, supporting_project_id) VALUES (1773, (SELECT projects.start_date + INTERVAL 43 DAY FROM projects WHERE projects.id=43), 1, 1773, 1773);
INSERT INTO supporting_packages(id, option_list, package_count, order_id, project_package_id, supporting_project_id) VALUES (1773, '["CD"]', 4, 1773, 43, 1773);
INSERT INTO supporting_projects(supporting_project_id, supported_at, delivery_id, payment_id, project_id, user_id) VALUES (1774, (SELECT projects.start_date + INTERVAL 4 DAY FROM projects WHERE projects.id=43), 1774, 1774, 43, 35);
INSERT INTO orders (order_id, created_at, delivery_id, payment_id, supporting_project_id) VALUES (1774, (SELECT projects.start_date + INTERVAL 4 DAY FROM projects WHERE projects.id=43), 1, 1774, 1774);
INSERT INTO supporting_packages(id, option_list, package_count, order_id, project_package_id, supporting_project_id) VALUES (1774, '["디지털 다운로드"]', 5, 1774, 43, 1774);
INSERT INTO supporting_projects(supporting_project_id, supported_at, delivery_id, payment_id, project_id, user_id) VALUES (1775, (SELECT projects.start_date + INTERVAL 41 DAY FROM projects WHERE projects.id=43), 1775, 1775, 43, 28);
INSERT INTO orders (order_id, created_at, delivery_id, payment_id, supporting_project_id) VALUES (1775, (SELECT projects.start_date + INTERVAL 41 DAY FROM projects WHERE projects.id=43), 1, 1775, 1775);
INSERT INTO supporting_packages(id, option_list, package_count, order_id, project_package_id, supporting_project_id) VALUES (1775, '["LP"]', 8, 1775, 43, 1775);
INSERT INTO supporting_projects(supporting_project_id, supported_at, delivery_id, payment_id, project_id, user_id) VALUES (1776, (SELECT projects.start_date + INTERVAL 7 DAY FROM projects WHERE projects.id=43), 1776, 1776, 43, 38);
INSERT INTO orders (order_id, created_at, delivery_id, payment_id, supporting_project_id) VALUES (1776, (SELECT projects.start_date + INTERVAL 7 DAY FROM projects WHERE projects.id=43), 1, 1776, 1776);
INSERT INTO supporting_packages(id, option_list, package_count, order_id, project_package_id, supporting_project_id) VALUES (1776, '["LP"]', 7, 1776, 43, 1776);
INSERT INTO supporting_projects(supporting_project_id, supported_at, delivery_id, payment_id, project_id, user_id) VALUES (1777, (SELECT projects.start_date + INTERVAL 3 DAY FROM projects WHERE projects.id=43), 1777, 1777, 43, 20);
INSERT INTO orders (order_id, created_at, delivery_id, payment_id, supporting_project_id) VALUES (1777, (SELECT projects.start_date + INTERVAL 3 DAY FROM projects WHERE projects.id=43), 1, 1777, 1777);
INSERT INTO supporting_packages(id, option_list, package_count, order_id, project_package_id, supporting_project_id) VALUES (1777, '["CD"]', 2, 1777, 43, 1777);
INSERT INTO supporting_projects(supporting_project_id, supported_at, delivery_id, payment_id, project_id, user_id) VALUES (1778, (SELECT projects.start_date + INTERVAL 32 DAY FROM projects WHERE projects.id=43), 1778, 1778, 43, 28);
INSERT INTO orders (order_id, created_at, delivery_id, payment_id, supporting_project_id) VALUES (1778, (SELECT projects.start_date + INTERVAL 32 DAY FROM projects WHERE projects.id=43), 1, 1778, 1778);
INSERT INTO supporting_packages(id, option_list, package_count, order_id, project_package_id, supporting_project_id) VALUES (1778, '["CD"]', 10, 1778, 43, 1778);
INSERT INTO supporting_projects(supporting_project_id, supported_at, delivery_id, payment_id, project_id, user_id) VALUES (1779, (SELECT projects.start_date + INTERVAL 39 DAY FROM projects WHERE projects.id=43), 1779, 1779, 43, 32);
INSERT INTO orders (order_id, created_at, delivery_id, payment_id, supporting_project_id) VALUES (1779, (SELECT projects.start_date + INTERVAL 39 DAY FROM projects WHERE projects.id=43), 1, 1779, 1779);
INSERT INTO supporting_packages(id, option_list, package_count, order_id, project_package_id, supporting_project_id) VALUES (1779, '["디지털 다운로드"]', 2, 1779, 43, 1779);
INSERT INTO supporting_projects(supporting_project_id, supported_at, delivery_id, payment_id, project_id, user_id) VALUES (1780, (SELECT projects.start_date + INTERVAL 19 DAY FROM projects WHERE projects.id=43), 1780, 1780, 43, 15);
INSERT INTO orders (order_id, created_at, delivery_id, payment_id, supporting_project_id) VALUES (1780, (SELECT projects.start_date + INTERVAL 19 DAY FROM projects WHERE projects.id=43), 1, 1780, 1780);
INSERT INTO supporting_packages(id, option_list, package_count, order_id, project_package_id, supporting_project_id) VALUES (1780, '["LP"]', 4, 1780, 43, 1780);
INSERT INTO supporting_projects(supporting_project_id, supported_at, delivery_id, payment_id, project_id, user_id) VALUES (1781, (SELECT projects.start_date + INTERVAL 5 DAY FROM projects WHERE projects.id=43), 1781, 1781, 43, 1);
INSERT INTO orders (order_id, created_at, delivery_id, payment_id, supporting_project_id) VALUES (1781, (SELECT projects.start_date + INTERVAL 5 DAY FROM projects WHERE projects.id=43), 1, 1781, 1781);
INSERT INTO supporting_packages(id, option_list, package_count, order_id, project_package_id, supporting_project_id) VALUES (1781, '["디지털 다운로드"]', 5, 1781, 43, 1781);
INSERT INTO supporting_projects(supporting_project_id, supported_at, delivery_id, payment_id, project_id, user_id) VALUES (1782, (SELECT projects.start_date + INTERVAL 25 DAY FROM projects WHERE projects.id=43), 1782, 1782, 43, 30);
INSERT INTO orders (order_id, created_at, delivery_id, payment_id, supporting_project_id) VALUES (1782, (SELECT projects.start_date + INTERVAL 25 DAY FROM projects WHERE projects.id=43), 1, 1782, 1782);
INSERT INTO supporting_packages(id, option_list, package_count, order_id, project_package_id, supporting_project_id) VALUES (1782, '["CD"]', 2, 1782, 43, 1782);
INSERT INTO supporting_projects(supporting_project_id, supported_at, delivery_id, payment_id, project_id, user_id) VALUES (1783, (SELECT projects.start_date + INTERVAL 2 DAY FROM projects WHERE projects.id=43), 1783, 1783, 43, 19);
INSERT INTO orders (order_id, created_at, delivery_id, payment_id, supporting_project_id) VALUES (1783, (SELECT projects.start_date + INTERVAL 2 DAY FROM projects WHERE projects.id=43), 1, 1783, 1783);
INSERT INTO supporting_packages(id, option_list, package_count, order_id, project_package_id, supporting_project_id) VALUES (1783, '["CD"]', 1, 1783, 43, 1783);
INSERT INTO supporting_projects(supporting_project_id, supported_at, delivery_id, payment_id, project_id, user_id) VALUES (1784, (SELECT projects.start_date + INTERVAL 45 DAY FROM projects WHERE projects.id=43), 1784, 1784, 43, 13);
INSERT INTO orders (order_id, created_at, delivery_id, payment_id, supporting_project_id) VALUES (1784, (SELECT projects.start_date + INTERVAL 45 DAY FROM projects WHERE projects.id=43), 1, 1784, 1784);
INSERT INTO supporting_packages(id, option_list, package_count, order_id, project_package_id, supporting_project_id) VALUES (1784, '["디지털 다운로드"]', 1, 1784, 43, 1784);
INSERT INTO supporting_projects(supporting_project_id, supported_at, delivery_id, payment_id, project_id, user_id) VALUES (1785, (SELECT projects.start_date + INTERVAL 31 DAY FROM projects WHERE projects.id=43), 1785, 1785, 43, 14);
INSERT INTO orders (order_id, created_at, delivery_id, payment_id, supporting_project_id) VALUES (1785, (SELECT projects.start_date + INTERVAL 31 DAY FROM projects WHERE projects.id=43), 1, 1785, 1785);
INSERT INTO supporting_packages(id, option_list, package_count, order_id, project_package_id, supporting_project_id) VALUES (1785, '["CD"]', 7, 1785, 43, 1785);
INSERT INTO supporting_projects(supporting_project_id, supported_at, delivery_id, payment_id, project_id, user_id) VALUES (1786, (SELECT projects.start_date + INTERVAL 31 DAY FROM projects WHERE projects.id=43), 1786, 1786, 43, 27);
INSERT INTO orders (order_id, created_at, delivery_id, payment_id, supporting_project_id) VALUES (1786, (SELECT projects.start_date + INTERVAL 31 DAY FROM projects WHERE projects.id=43), 1, 1786, 1786);
INSERT INTO supporting_packages(id, option_list, package_count, order_id, project_package_id, supporting_project_id) VALUES (1786, '["LP"]', 7, 1786, 43, 1786);
INSERT INTO supporting_projects(supporting_project_id, supported_at, delivery_id, payment_id, project_id, user_id) VALUES (1787, (SELECT projects.start_date + INTERVAL 16 DAY FROM projects WHERE projects.id=43), 1787, 1787, 43, 8);
INSERT INTO orders (order_id, created_at, delivery_id, payment_id, supporting_project_id) VALUES (1787, (SELECT projects.start_date + INTERVAL 16 DAY FROM projects WHERE projects.id=43), 1, 1787, 1787);
INSERT INTO supporting_packages(id, option_list, package_count, order_id, project_package_id, supporting_project_id) VALUES (1787, '["LP"]', 1, 1787, 43, 1787);
INSERT INTO supporting_projects(supporting_project_id, supported_at, delivery_id, payment_id, project_id, user_id) VALUES (1788, (SELECT projects.start_date + INTERVAL 6 DAY FROM projects WHERE projects.id=43), 1788, 1788, 43, 3);
INSERT INTO orders (order_id, created_at, delivery_id, payment_id, supporting_project_id) VALUES (1788, (SELECT projects.start_date + INTERVAL 6 DAY FROM projects WHERE projects.id=43), 1, 1788, 1788);
INSERT INTO supporting_packages(id, option_list, package_count, order_id, project_package_id, supporting_project_id) VALUES (1788, '["CD"]', 8, 1788, 43, 1788);
INSERT INTO supporting_projects(supporting_project_id, supported_at, delivery_id, payment_id, project_id, user_id) VALUES (1789, (SELECT projects.start_date + INTERVAL 4 DAY FROM projects WHERE projects.id=43), 1789, 1789, 43, 4);
INSERT INTO orders (order_id, created_at, delivery_id, payment_id, supporting_project_id) VALUES (1789, (SELECT projects.start_date + INTERVAL 4 DAY FROM projects WHERE projects.id=43), 1, 1789, 1789);
INSERT INTO supporting_packages(id, option_list, package_count, order_id, project_package_id, supporting_project_id) VALUES (1789, '["CD"]', 8, 1789, 43, 1789);
INSERT INTO supporting_projects(supporting_project_id, supported_at, delivery_id, payment_id, project_id, user_id) VALUES (1790, (SELECT projects.start_date + INTERVAL 21 DAY FROM projects WHERE projects.id=43), 1790, 1790, 43, 16);
INSERT INTO orders (order_id, created_at, delivery_id, payment_id, supporting_project_id) VALUES (1790, (SELECT projects.start_date + INTERVAL 21 DAY FROM projects WHERE projects.id=43), 1, 1790, 1790);
INSERT INTO supporting_packages(id, option_list, package_count, order_id, project_package_id, supporting_project_id) VALUES (1790, '["CD"]', 9, 1790, 43, 1790);
INSERT INTO supporting_projects(supporting_project_id, supported_at, delivery_id, payment_id, project_id, user_id) VALUES (1791, (SELECT projects.start_date + INTERVAL 34 DAY FROM projects WHERE projects.id=43), 1791, 1791, 43, 6);
INSERT INTO orders (order_id, created_at, delivery_id, payment_id, supporting_project_id) VALUES (1791, (SELECT projects.start_date + INTERVAL 34 DAY FROM projects WHERE projects.id=43), 1, 1791, 1791);
INSERT INTO supporting_packages(id, option_list, package_count, order_id, project_package_id, supporting_project_id) VALUES (1791, '["CD"]', 6, 1791, 43, 1791);
INSERT INTO supporting_projects(supporting_project_id, supported_at, delivery_id, payment_id, project_id, user_id) VALUES (1792, (SELECT projects.start_date + INTERVAL 40 DAY FROM projects WHERE projects.id=43), 1792, 1792, 43, 24);
INSERT INTO orders (order_id, created_at, delivery_id, payment_id, supporting_project_id) VALUES (1792, (SELECT projects.start_date + INTERVAL 40 DAY FROM projects WHERE projects.id=43), 1, 1792, 1792);
INSERT INTO supporting_packages(id, option_list, package_count, order_id, project_package_id, supporting_project_id) VALUES (1792, '["LP"]', 10, 1792, 43, 1792);
INSERT INTO supporting_projects(supporting_project_id, supported_at, delivery_id, payment_id, project_id, user_id) VALUES (1793, (SELECT projects.start_date + INTERVAL 23 DAY FROM projects WHERE projects.id=43), 1793, 1793, 43, 13);
INSERT INTO orders (order_id, created_at, delivery_id, payment_id, supporting_project_id) VALUES (1793, (SELECT projects.start_date + INTERVAL 23 DAY FROM projects WHERE projects.id=43), 1, 1793, 1793);
INSERT INTO supporting_packages(id, option_list, package_count, order_id, project_package_id, supporting_project_id) VALUES (1793, '["디지털 다운로드"]', 8, 1793, 43, 1793);
INSERT INTO supporting_projects(supporting_project_id, supported_at, delivery_id, payment_id, project_id, user_id) VALUES (1794, (SELECT projects.start_date + INTERVAL 7 DAY FROM projects WHERE projects.id=43), 1794, 1794, 43, 10);
INSERT INTO orders (order_id, created_at, delivery_id, payment_id, supporting_project_id) VALUES (1794, (SELECT projects.start_date + INTERVAL 7 DAY FROM projects WHERE projects.id=43), 1, 1794, 1794);
INSERT INTO supporting_packages(id, option_list, package_count, order_id, project_package_id, supporting_project_id) VALUES (1794, '["LP"]', 3, 1794, 43, 1794);
INSERT INTO supporting_projects(supporting_project_id, supported_at, delivery_id, payment_id, project_id, user_id) VALUES (1795, (SELECT projects.start_date + INTERVAL 14 DAY FROM projects WHERE projects.id=43), 1795, 1795, 43, 31);
INSERT INTO orders (order_id, created_at, delivery_id, payment_id, supporting_project_id) VALUES (1795, (SELECT projects.start_date + INTERVAL 14 DAY FROM projects WHERE projects.id=43), 1, 1795, 1795);
INSERT INTO supporting_packages(id, option_list, package_count, order_id, project_package_id, supporting_project_id) VALUES (1795, '["LP"]', 2, 1795, 43, 1795);
INSERT INTO supporting_projects(supporting_project_id, supported_at, delivery_id, payment_id, project_id, user_id) VALUES (1796, (SELECT projects.start_date + INTERVAL 6 DAY FROM projects WHERE projects.id=43), 1796, 1796, 43, 14);
INSERT INTO orders (order_id, created_at, delivery_id, payment_id, supporting_project_id) VALUES (1796, (SELECT projects.start_date + INTERVAL 6 DAY FROM projects WHERE projects.id=43), 1, 1796, 1796);
INSERT INTO supporting_packages(id, option_list, package_count, order_id, project_package_id, supporting_project_id) VALUES (1796, '["디지털 다운로드"]', 4, 1796, 43, 1796);
INSERT INTO supporting_projects(supporting_project_id, supported_at, delivery_id, payment_id, project_id, user_id) VALUES (1797, (SELECT projects.start_date + INTERVAL 22 DAY FROM projects WHERE projects.id=43), 1797, 1797, 43, 34);
INSERT INTO orders (order_id, created_at, delivery_id, payment_id, supporting_project_id) VALUES (1797, (SELECT projects.start_date + INTERVAL 22 DAY FROM projects WHERE projects.id=43), 1, 1797, 1797);
INSERT INTO supporting_packages(id, option_list, package_count, order_id, project_package_id, supporting_project_id) VALUES (1797, '["디지털 다운로드"]', 9, 1797, 43, 1797);
INSERT INTO supporting_projects(supporting_project_id, supported_at, delivery_id, payment_id, project_id, user_id) VALUES (1798, (SELECT projects.start_date + INTERVAL 1 DAY FROM projects WHERE projects.id=43), 1798, 1798, 43, 9);
INSERT INTO orders (order_id, created_at, delivery_id, payment_id, supporting_project_id) VALUES (1798, (SELECT projects.start_date + INTERVAL 1 DAY FROM projects WHERE projects.id=43), 1, 1798, 1798);
INSERT INTO supporting_packages(id, option_list, package_count, order_id, project_package_id, supporting_project_id) VALUES (1798, '["디지털 다운로드"]', 5, 1798, 43, 1798);
INSERT INTO supporting_projects(supporting_project_id, supported_at, delivery_id, payment_id, project_id, user_id) VALUES (1799, (SELECT projects.start_date + INTERVAL 31 DAY FROM projects WHERE projects.id=43), 1799, 1799, 43, 8);
INSERT INTO orders (order_id, created_at, delivery_id, payment_id, supporting_project_id) VALUES (1799, (SELECT projects.start_date + INTERVAL 31 DAY FROM projects WHERE projects.id=43), 1, 1799, 1799);
INSERT INTO supporting_packages(id, option_list, package_count, order_id, project_package_id, supporting_project_id) VALUES (1799, '["디지털 다운로드"]', 10, 1799, 43, 1799);
INSERT INTO supporting_projects(supporting_project_id, supported_at, delivery_id, payment_id, project_id, user_id) VALUES (1800, (SELECT projects.start_date + INTERVAL 25 DAY FROM projects WHERE projects.id=43), 1800, 1800, 43, 11);
INSERT INTO orders (order_id, created_at, delivery_id, payment_id, supporting_project_id) VALUES (1800, (SELECT projects.start_date + INTERVAL 25 DAY FROM projects WHERE projects.id=43), 1, 1800, 1800);
INSERT INTO supporting_packages(id, option_list, package_count, order_id, project_package_id, supporting_project_id) VALUES (1800, '["CD"]', 1, 1800, 43, 1800);
INSERT INTO supporting_projects(supporting_project_id, supported_at, delivery_id, payment_id, project_id, user_id) VALUES (1801, (SELECT projects.start_date + INTERVAL 29 DAY FROM projects WHERE projects.id=43), 1801, 1801, 43, 7);
INSERT INTO orders (order_id, created_at, delivery_id, payment_id, supporting_project_id) VALUES (1801, (SELECT projects.start_date + INTERVAL 29 DAY FROM projects WHERE projects.id=43), 1, 1801, 1801);
INSERT INTO supporting_packages(id, option_list, package_count, order_id, project_package_id, supporting_project_id) VALUES (1801, '["디지털 다운로드"]', 3, 1801, 43, 1801);
INSERT INTO supporting_projects(supporting_project_id, supported_at, delivery_id, payment_id, project_id, user_id) VALUES (1802, (SELECT projects.start_date + INTERVAL 15 DAY FROM projects WHERE projects.id=43), 1802, 1802, 43, 14);
INSERT INTO orders (order_id, created_at, delivery_id, payment_id, supporting_project_id) VALUES (1802, (SELECT projects.start_date + INTERVAL 15 DAY FROM projects WHERE projects.id=43), 1, 1802, 1802);
INSERT INTO supporting_packages(id, option_list, package_count, order_id, project_package_id, supporting_project_id) VALUES (1802, '["LP"]', 3, 1802, 43, 1802);
INSERT INTO supporting_projects(supporting_project_id, supported_at, delivery_id, payment_id, project_id, user_id) VALUES (1803, (SELECT projects.start_date + INTERVAL 25 DAY FROM projects WHERE projects.id=43), 1803, 1803, 43, 23);
INSERT INTO orders (order_id, created_at, delivery_id, payment_id, supporting_project_id) VALUES (1803, (SELECT projects.start_date + INTERVAL 25 DAY FROM projects WHERE projects.id=43), 1, 1803, 1803);
INSERT INTO supporting_packages(id, option_list, package_count, order_id, project_package_id, supporting_project_id) VALUES (1803, '["디지털 다운로드"]', 9, 1803, 43, 1803);
INSERT INTO supporting_projects(supporting_project_id, supported_at, delivery_id, payment_id, project_id, user_id) VALUES (1804, (SELECT projects.start_date + INTERVAL 37 DAY FROM projects WHERE projects.id=43), 1804, 1804, 43, 36);
INSERT INTO orders (order_id, created_at, delivery_id, payment_id, supporting_project_id) VALUES (1804, (SELECT projects.start_date + INTERVAL 37 DAY FROM projects WHERE projects.id=43), 1, 1804, 1804);
INSERT INTO supporting_packages(id, option_list, package_count, order_id, project_package_id, supporting_project_id) VALUES (1804, '["CD"]', 8, 1804, 43, 1804);
INSERT INTO supporting_projects(supporting_project_id, supported_at, delivery_id, payment_id, project_id, user_id) VALUES (1805, (SELECT projects.start_date + INTERVAL 10 DAY FROM projects WHERE projects.id=43), 1805, 1805, 43, 32);
INSERT INTO orders (order_id, created_at, delivery_id, payment_id, supporting_project_id) VALUES (1805, (SELECT projects.start_date + INTERVAL 10 DAY FROM projects WHERE projects.id=43), 1, 1805, 1805);
INSERT INTO supporting_packages(id, option_list, package_count, order_id, project_package_id, supporting_project_id) VALUES (1805, '["CD"]', 10, 1805, 43, 1805);
INSERT INTO supporting_projects(supporting_project_id, supported_at, delivery_id, payment_id, project_id, user_id) VALUES (1806, (SELECT projects.start_date + INTERVAL 35 DAY FROM projects WHERE projects.id=43), 1806, 1806, 43, 34);
INSERT INTO orders (order_id, created_at, delivery_id, payment_id, supporting_project_id) VALUES (1806, (SELECT projects.start_date + INTERVAL 35 DAY FROM projects WHERE projects.id=43), 1, 1806, 1806);
INSERT INTO supporting_packages(id, option_list, package_count, order_id, project_package_id, supporting_project_id) VALUES (1806, '["CD"]', 5, 1806, 43, 1806);
INSERT INTO supporting_projects(supporting_project_id, supported_at, delivery_id, payment_id, project_id, user_id) VALUES (1807, (SELECT projects.start_date + INTERVAL 8 DAY FROM projects WHERE projects.id=43), 1807, 1807, 43, 32);
INSERT INTO orders (order_id, created_at, delivery_id, payment_id, supporting_project_id) VALUES (1807, (SELECT projects.start_date + INTERVAL 8 DAY FROM projects WHERE projects.id=43), 1, 1807, 1807);
INSERT INTO supporting_packages(id, option_list, package_count, order_id, project_package_id, supporting_project_id) VALUES (1807, '["디지털 다운로드"]', 3, 1807, 43, 1807);
INSERT INTO supporting_projects(supporting_project_id, supported_at, delivery_id, payment_id, project_id, user_id) VALUES (1808, (SELECT projects.start_date + INTERVAL 38 DAY FROM projects WHERE projects.id=43), 1808, 1808, 43, 7);
INSERT INTO orders (order_id, created_at, delivery_id, payment_id, supporting_project_id) VALUES (1808, (SELECT projects.start_date + INTERVAL 38 DAY FROM projects WHERE projects.id=43), 1, 1808, 1808);
INSERT INTO supporting_packages(id, option_list, package_count, order_id, project_package_id, supporting_project_id) VALUES (1808, '["디지털 다운로드"]', 4, 1808, 43, 1808);
INSERT INTO supporting_projects(supporting_project_id, supported_at, delivery_id, payment_id, project_id, user_id) VALUES (1809, (SELECT projects.start_date + INTERVAL 45 DAY FROM projects WHERE projects.id=43), 1809, 1809, 43, 24);
INSERT INTO orders (order_id, created_at, delivery_id, payment_id, supporting_project_id) VALUES (1809, (SELECT projects.start_date + INTERVAL 45 DAY FROM projects WHERE projects.id=43), 1, 1809, 1809);
INSERT INTO supporting_packages(id, option_list, package_count, order_id, project_package_id, supporting_project_id) VALUES (1809, '["디지털 다운로드"]', 3, 1809, 43, 1809);
INSERT INTO supporting_projects(supporting_project_id, supported_at, delivery_id, payment_id, project_id, user_id) VALUES (1810, (SELECT projects.start_date + INTERVAL 2 DAY FROM projects WHERE projects.id=43), 1810, 1810, 43, 30);
INSERT INTO orders (order_id, created_at, delivery_id, payment_id, supporting_project_id) VALUES (1810, (SELECT projects.start_date + INTERVAL 2 DAY FROM projects WHERE projects.id=43), 1, 1810, 1810);
INSERT INTO supporting_packages(id, option_list, package_count, order_id, project_package_id, supporting_project_id) VALUES (1810, '["디지털 다운로드"]', 7, 1810, 43, 1810);
INSERT INTO supporting_projects(supporting_project_id, supported_at, delivery_id, payment_id, project_id, user_id) VALUES (1811, (SELECT projects.start_date + INTERVAL 19 DAY FROM projects WHERE projects.id=43), 1811, 1811, 43, 24);
INSERT INTO orders (order_id, created_at, delivery_id, payment_id, supporting_project_id) VALUES (1811, (SELECT projects.start_date + INTERVAL 19 DAY FROM projects WHERE projects.id=43), 1, 1811, 1811);
INSERT INTO supporting_packages(id, option_list, package_count, order_id, project_package_id, supporting_project_id) VALUES (1811, '["LP"]', 9, 1811, 43, 1811);
INSERT INTO supporting_projects(supporting_project_id, supported_at, delivery_id, payment_id, project_id, user_id) VALUES (1812, (SELECT projects.start_date + INTERVAL 31 DAY FROM projects WHERE projects.id=43), 1812, 1812, 43, 26);
INSERT INTO orders (order_id, created_at, delivery_id, payment_id, supporting_project_id) VALUES (1812, (SELECT projects.start_date + INTERVAL 31 DAY FROM projects WHERE projects.id=43), 1, 1812, 1812);
INSERT INTO supporting_packages(id, option_list, package_count, order_id, project_package_id, supporting_project_id) VALUES (1812, '["LP"]', 10, 1812, 43, 1812);
INSERT INTO supporting_projects(supporting_project_id, supported_at, delivery_id, payment_id, project_id, user_id) VALUES (1813, (SELECT projects.start_date + INTERVAL 21 DAY FROM projects WHERE projects.id=43), 1813, 1813, 43, 35);
INSERT INTO orders (order_id, created_at, delivery_id, payment_id, supporting_project_id) VALUES (1813, (SELECT projects.start_date + INTERVAL 21 DAY FROM projects WHERE projects.id=43), 1, 1813, 1813);
INSERT INTO supporting_packages(id, option_list, package_count, order_id, project_package_id, supporting_project_id) VALUES (1813, '["LP"]', 9, 1813, 43, 1813);
INSERT INTO supporting_projects(supporting_project_id, supported_at, delivery_id, payment_id, project_id, user_id) VALUES (1814, (SELECT projects.start_date + INTERVAL 2 DAY FROM projects WHERE projects.id=43), 1814, 1814, 43, 27);
INSERT INTO orders (order_id, created_at, delivery_id, payment_id, supporting_project_id) VALUES (1814, (SELECT projects.start_date + INTERVAL 2 DAY FROM projects WHERE projects.id=43), 1, 1814, 1814);
INSERT INTO supporting_packages(id, option_list, package_count, order_id, project_package_id, supporting_project_id) VALUES (1814, '["디지털 다운로드"]', 2, 1814, 43, 1814);
INSERT INTO supporting_projects(supporting_project_id, supported_at, delivery_id, payment_id, project_id, user_id) VALUES (1815, (SELECT projects.start_date + INTERVAL 47 DAY FROM projects WHERE projects.id=43), 1815, 1815, 43, 36);
INSERT INTO orders (order_id, created_at, delivery_id, payment_id, supporting_project_id) VALUES (1815, (SELECT projects.start_date + INTERVAL 47 DAY FROM projects WHERE projects.id=43), 1, 1815, 1815);
INSERT INTO supporting_packages(id, option_list, package_count, order_id, project_package_id, supporting_project_id) VALUES (1815, '["CD"]', 10, 1815, 43, 1815);
INSERT INTO supporting_projects(supporting_project_id, supported_at, delivery_id, payment_id, project_id, user_id) VALUES (1816, (SELECT projects.start_date + INTERVAL 23 DAY FROM projects WHERE projects.id=43), 1816, 1816, 43, 9);
INSERT INTO orders (order_id, created_at, delivery_id, payment_id, supporting_project_id) VALUES (1816, (SELECT projects.start_date + INTERVAL 23 DAY FROM projects WHERE projects.id=43), 1, 1816, 1816);
INSERT INTO supporting_packages(id, option_list, package_count, order_id, project_package_id, supporting_project_id) VALUES (1816, '["CD"]', 7, 1816, 43, 1816);
INSERT INTO supporting_projects(supporting_project_id, supported_at, delivery_id, payment_id, project_id, user_id) VALUES (1817, (SELECT projects.start_date + INTERVAL 1 DAY FROM projects WHERE projects.id=43), 1817, 1817, 43, 22);
INSERT INTO orders (order_id, created_at, delivery_id, payment_id, supporting_project_id) VALUES (1817, (SELECT projects.start_date + INTERVAL 1 DAY FROM projects WHERE projects.id=43), 1, 1817, 1817);
INSERT INTO supporting_packages(id, option_list, package_count, order_id, project_package_id, supporting_project_id) VALUES (1817, '["CD"]', 7, 1817, 43, 1817);
INSERT INTO supporting_projects(supporting_project_id, supported_at, delivery_id, payment_id, project_id, user_id) VALUES (1818, (SELECT projects.start_date + INTERVAL 48 DAY FROM projects WHERE projects.id=43), 1818, 1818, 43, 32);
INSERT INTO orders (order_id, created_at, delivery_id, payment_id, supporting_project_id) VALUES (1818, (SELECT projects.start_date + INTERVAL 48 DAY FROM projects WHERE projects.id=43), 1, 1818, 1818);
INSERT INTO supporting_packages(id, option_list, package_count, order_id, project_package_id, supporting_project_id) VALUES (1818, '["디지털 다운로드"]', 3, 1818, 43, 1818);
INSERT INTO supporting_projects(supporting_project_id, supported_at, delivery_id, payment_id, project_id, user_id) VALUES (1819, (SELECT projects.start_date + INTERVAL 5 DAY FROM projects WHERE projects.id=43), 1819, 1819, 43, 16);
INSERT INTO orders (order_id, created_at, delivery_id, payment_id, supporting_project_id) VALUES (1819, (SELECT projects.start_date + INTERVAL 5 DAY FROM projects WHERE projects.id=43), 1, 1819, 1819);
INSERT INTO supporting_packages(id, option_list, package_count, order_id, project_package_id, supporting_project_id) VALUES (1819, '["CD"]', 2, 1819, 43, 1819);
INSERT INTO supporting_projects(supporting_project_id, supported_at, delivery_id, payment_id, project_id, user_id) VALUES (1820, (SELECT projects.start_date + INTERVAL 20 DAY FROM projects WHERE projects.id=43), 1820, 1820, 43, 17);
INSERT INTO orders (order_id, created_at, delivery_id, payment_id, supporting_project_id) VALUES (1820, (SELECT projects.start_date + INTERVAL 20 DAY FROM projects WHERE projects.id=43), 1, 1820, 1820);
INSERT INTO supporting_packages(id, option_list, package_count, order_id, project_package_id, supporting_project_id) VALUES (1820, '["디지털 다운로드"]', 5, 1820, 43, 1820);
INSERT INTO supporting_projects(supporting_project_id, supported_at, delivery_id, payment_id, project_id, user_id) VALUES (1821, (SELECT projects.start_date + INTERVAL 35 DAY FROM projects WHERE projects.id=43), 1821, 1821, 43, 9);
INSERT INTO orders (order_id, created_at, delivery_id, payment_id, supporting_project_id) VALUES (1821, (SELECT projects.start_date + INTERVAL 35 DAY FROM projects WHERE projects.id=43), 1, 1821, 1821);
INSERT INTO supporting_packages(id, option_list, package_count, order_id, project_package_id, supporting_project_id) VALUES (1821, '["디지털 다운로드"]', 10, 1821, 43, 1821);
INSERT INTO supporting_projects(supporting_project_id, supported_at, delivery_id, payment_id, project_id, user_id) VALUES (1822, (SELECT projects.start_date + INTERVAL 17 DAY FROM projects WHERE projects.id=43), 1822, 1822, 43, 21);
INSERT INTO orders (order_id, created_at, delivery_id, payment_id, supporting_project_id) VALUES (1822, (SELECT projects.start_date + INTERVAL 17 DAY FROM projects WHERE projects.id=43), 1, 1822, 1822);
INSERT INTO supporting_packages(id, option_list, package_count, order_id, project_package_id, supporting_project_id) VALUES (1822, '["디지털 다운로드"]', 2, 1822, 43, 1822);
INSERT INTO supporting_projects(supporting_project_id, supported_at, delivery_id, payment_id, project_id, user_id) VALUES (1823, (SELECT projects.start_date + INTERVAL 30 DAY FROM projects WHERE projects.id=43), 1823, 1823, 43, 19);
INSERT INTO orders (order_id, created_at, delivery_id, payment_id, supporting_project_id) VALUES (1823, (SELECT projects.start_date + INTERVAL 30 DAY FROM projects WHERE projects.id=43), 1, 1823, 1823);
INSERT INTO supporting_packages(id, option_list, package_count, order_id, project_package_id, supporting_project_id) VALUES (1823, '["CD"]', 5, 1823, 43, 1823);
INSERT INTO supporting_projects(supporting_project_id, supported_at, delivery_id, payment_id, project_id, user_id) VALUES (1824, (SELECT projects.start_date + INTERVAL 18 DAY FROM projects WHERE projects.id=43), 1824, 1824, 43, 30);
INSERT INTO orders (order_id, created_at, delivery_id, payment_id, supporting_project_id) VALUES (1824, (SELECT projects.start_date + INTERVAL 18 DAY FROM projects WHERE projects.id=43), 1, 1824, 1824);
INSERT INTO supporting_packages(id, option_list, package_count, order_id, project_package_id, supporting_project_id) VALUES (1824, '["LP"]', 3, 1824, 43, 1824);
INSERT INTO supporting_projects(supporting_project_id, supported_at, delivery_id, payment_id, project_id, user_id) VALUES (1825, (SELECT projects.start_date + INTERVAL 6 DAY FROM projects WHERE projects.id=43), 1825, 1825, 43, 27);
INSERT INTO orders (order_id, created_at, delivery_id, payment_id, supporting_project_id) VALUES (1825, (SELECT projects.start_date + INTERVAL 6 DAY FROM projects WHERE projects.id=43), 1, 1825, 1825);
INSERT INTO supporting_packages(id, option_list, package_count, order_id, project_package_id, supporting_project_id) VALUES (1825, '["LP"]', 10, 1825, 43, 1825);
INSERT INTO supporting_projects(supporting_project_id, supported_at, delivery_id, payment_id, project_id, user_id) VALUES (1826, (SELECT projects.start_date + INTERVAL 3 DAY FROM projects WHERE projects.id=43), 1826, 1826, 43, 23);
INSERT INTO orders (order_id, created_at, delivery_id, payment_id, supporting_project_id) VALUES (1826, (SELECT projects.start_date + INTERVAL 3 DAY FROM projects WHERE projects.id=43), 1, 1826, 1826);
INSERT INTO supporting_packages(id, option_list, package_count, order_id, project_package_id, supporting_project_id) VALUES (1826, '["디지털 다운로드"]', 3, 1826, 43, 1826);
INSERT INTO supporting_projects(supporting_project_id, supported_at, delivery_id, payment_id, project_id, user_id) VALUES (1827, (SELECT projects.start_date + INTERVAL 15 DAY FROM projects WHERE projects.id=43), 1827, 1827, 43, 32);
INSERT INTO orders (order_id, created_at, delivery_id, payment_id, supporting_project_id) VALUES (1827, (SELECT projects.start_date + INTERVAL 15 DAY FROM projects WHERE projects.id=43), 1, 1827, 1827);
INSERT INTO supporting_packages(id, option_list, package_count, order_id, project_package_id, supporting_project_id) VALUES (1827, '["디지털 다운로드"]', 1, 1827, 43, 1827);
INSERT INTO supporting_projects(supporting_project_id, supported_at, delivery_id, payment_id, project_id, user_id) VALUES (1828, (SELECT projects.start_date + INTERVAL 29 DAY FROM projects WHERE projects.id=43), 1828, 1828, 43, 17);
INSERT INTO orders (order_id, created_at, delivery_id, payment_id, supporting_project_id) VALUES (1828, (SELECT projects.start_date + INTERVAL 29 DAY FROM projects WHERE projects.id=43), 1, 1828, 1828);
INSERT INTO supporting_packages(id, option_list, package_count, order_id, project_package_id, supporting_project_id) VALUES (1828, '["디지털 다운로드"]', 5, 1828, 43, 1828);
INSERT INTO supporting_projects(supporting_project_id, supported_at, delivery_id, payment_id, project_id, user_id) VALUES (1829, (SELECT projects.start_date + INTERVAL 8 DAY FROM projects WHERE projects.id=43), 1829, 1829, 43, 25);
INSERT INTO orders (order_id, created_at, delivery_id, payment_id, supporting_project_id) VALUES (1829, (SELECT projects.start_date + INTERVAL 8 DAY FROM projects WHERE projects.id=43), 1, 1829, 1829);
INSERT INTO supporting_packages(id, option_list, package_count, order_id, project_package_id, supporting_project_id) VALUES (1829, '["CD"]', 6, 1829, 43, 1829);
INSERT INTO supporting_projects(supporting_project_id, supported_at, delivery_id, payment_id, project_id, user_id) VALUES (1830, (SELECT projects.start_date + INTERVAL 47 DAY FROM projects WHERE projects.id=43), 1830, 1830, 43, 24);
INSERT INTO orders (order_id, created_at, delivery_id, payment_id, supporting_project_id) VALUES (1830, (SELECT projects.start_date + INTERVAL 47 DAY FROM projects WHERE projects.id=43), 1, 1830, 1830);
INSERT INTO supporting_packages(id, option_list, package_count, order_id, project_package_id, supporting_project_id) VALUES (1830, '["디지털 다운로드"]', 3, 1830, 43, 1830);
INSERT INTO supporting_projects(supporting_project_id, supported_at, delivery_id, payment_id, project_id, user_id) VALUES (1831, (SELECT projects.start_date + INTERVAL 37 DAY FROM projects WHERE projects.id=43), 1831, 1831, 43, 35);
INSERT INTO orders (order_id, created_at, delivery_id, payment_id, supporting_project_id) VALUES (1831, (SELECT projects.start_date + INTERVAL 37 DAY FROM projects WHERE projects.id=43), 1, 1831, 1831);
INSERT INTO supporting_packages(id, option_list, package_count, order_id, project_package_id, supporting_project_id) VALUES (1831, '["CD"]', 2, 1831, 43, 1831);
INSERT INTO supporting_projects(supporting_project_id, supported_at, delivery_id, payment_id, project_id, user_id) VALUES (1832, (SELECT projects.start_date + INTERVAL 12 DAY FROM projects WHERE projects.id=43), 1832, 1832, 43, 31);
INSERT INTO orders (order_id, created_at, delivery_id, payment_id, supporting_project_id) VALUES (1832, (SELECT projects.start_date + INTERVAL 12 DAY FROM projects WHERE projects.id=43), 1, 1832, 1832);
INSERT INTO supporting_packages(id, option_list, package_count, order_id, project_package_id, supporting_project_id) VALUES (1832, '["LP"]', 9, 1832, 43, 1832);
INSERT INTO supporting_projects(supporting_project_id, supported_at, delivery_id, payment_id, project_id, user_id) VALUES (1833, (SELECT projects.start_date + INTERVAL 17 DAY FROM projects WHERE projects.id=43), 1833, 1833, 43, 19);
INSERT INTO orders (order_id, created_at, delivery_id, payment_id, supporting_project_id) VALUES (1833, (SELECT projects.start_date + INTERVAL 17 DAY FROM projects WHERE projects.id=43), 1, 1833, 1833);
INSERT INTO supporting_packages(id, option_list, package_count, order_id, project_package_id, supporting_project_id) VALUES (1833, '["디지털 다운로드"]', 1, 1833, 43, 1833);
INSERT INTO supporting_projects(supporting_project_id, supported_at, delivery_id, payment_id, project_id, user_id) VALUES (1834, (SELECT projects.start_date + INTERVAL 19 DAY FROM projects WHERE projects.id=43), 1834, 1834, 43, 2);
INSERT INTO orders (order_id, created_at, delivery_id, payment_id, supporting_project_id) VALUES (1834, (SELECT projects.start_date + INTERVAL 19 DAY FROM projects WHERE projects.id=43), 1, 1834, 1834);
INSERT INTO supporting_packages(id, option_list, package_count, order_id, project_package_id, supporting_project_id) VALUES (1834, '["LP"]', 10, 1834, 43, 1834);
INSERT INTO supporting_projects(supporting_project_id, supported_at, delivery_id, payment_id, project_id, user_id) VALUES (1835, (SELECT projects.start_date + INTERVAL 21 DAY FROM projects WHERE projects.id=43), 1835, 1835, 43, 20);
INSERT INTO orders (order_id, created_at, delivery_id, payment_id, supporting_project_id) VALUES (1835, (SELECT projects.start_date + INTERVAL 21 DAY FROM projects WHERE projects.id=43), 1, 1835, 1835);
INSERT INTO supporting_packages(id, option_list, package_count, order_id, project_package_id, supporting_project_id) VALUES (1835, '["디지털 다운로드"]', 5, 1835, 43, 1835);
INSERT INTO supporting_projects(supporting_project_id, supported_at, delivery_id, payment_id, project_id, user_id) VALUES (1836, (SELECT projects.start_date + INTERVAL 37 DAY FROM projects WHERE projects.id=43), 1836, 1836, 43, 33);
INSERT INTO orders (order_id, created_at, delivery_id, payment_id, supporting_project_id) VALUES (1836, (SELECT projects.start_date + INTERVAL 37 DAY FROM projects WHERE projects.id=43), 1, 1836, 1836);
INSERT INTO supporting_packages(id, option_list, package_count, order_id, project_package_id, supporting_project_id) VALUES (1836, '["CD"]', 5, 1836, 43, 1836);
INSERT INTO supporting_projects(supporting_project_id, supported_at, delivery_id, payment_id, project_id, user_id) VALUES (1837, (SELECT projects.start_date + INTERVAL 3 DAY FROM projects WHERE projects.id=43), 1837, 1837, 43, 40);
INSERT INTO orders (order_id, created_at, delivery_id, payment_id, supporting_project_id) VALUES (1837, (SELECT projects.start_date + INTERVAL 3 DAY FROM projects WHERE projects.id=43), 1, 1837, 1837);
INSERT INTO supporting_packages(id, option_list, package_count, order_id, project_package_id, supporting_project_id) VALUES (1837, '["CD"]', 8, 1837, 43, 1837);
INSERT INTO supporting_projects(supporting_project_id, supported_at, delivery_id, payment_id, project_id, user_id) VALUES (1838, (SELECT projects.start_date + INTERVAL 18 DAY FROM projects WHERE projects.id=43), 1838, 1838, 43, 30);
INSERT INTO orders (order_id, created_at, delivery_id, payment_id, supporting_project_id) VALUES (1838, (SELECT projects.start_date + INTERVAL 18 DAY FROM projects WHERE projects.id=43), 1, 1838, 1838);
INSERT INTO supporting_packages(id, option_list, package_count, order_id, project_package_id, supporting_project_id) VALUES (1838, '["CD"]', 5, 1838, 43, 1838);
INSERT INTO supporting_projects(supporting_project_id, supported_at, delivery_id, payment_id, project_id, user_id) VALUES (1839, (SELECT projects.start_date + INTERVAL 35 DAY FROM projects WHERE projects.id=43), 1839, 1839, 43, 12);
INSERT INTO orders (order_id, created_at, delivery_id, payment_id, supporting_project_id) VALUES (1839, (SELECT projects.start_date + INTERVAL 35 DAY FROM projects WHERE projects.id=43), 1, 1839, 1839);
INSERT INTO supporting_packages(id, option_list, package_count, order_id, project_package_id, supporting_project_id) VALUES (1839, '["디지털 다운로드"]', 8, 1839, 43, 1839);
INSERT INTO supporting_projects(supporting_project_id, supported_at, delivery_id, payment_id, project_id, user_id) VALUES (1840, (SELECT projects.start_date + INTERVAL 9 DAY FROM projects WHERE projects.id=43), 1840, 1840, 43, 36);
INSERT INTO orders (order_id, created_at, delivery_id, payment_id, supporting_project_id) VALUES (1840, (SELECT projects.start_date + INTERVAL 9 DAY FROM projects WHERE projects.id=43), 1, 1840, 1840);
INSERT INTO supporting_packages(id, option_list, package_count, order_id, project_package_id, supporting_project_id) VALUES (1840, '["디지털 다운로드"]', 8, 1840, 43, 1840);
INSERT INTO supporting_projects(supporting_project_id, supported_at, delivery_id, payment_id, project_id, user_id) VALUES (1841, (SELECT projects.start_date + INTERVAL 43 DAY FROM projects WHERE projects.id=43), 1841, 1841, 43, 18);
INSERT INTO orders (order_id, created_at, delivery_id, payment_id, supporting_project_id) VALUES (1841, (SELECT projects.start_date + INTERVAL 43 DAY FROM projects WHERE projects.id=43), 1, 1841, 1841);
INSERT INTO supporting_packages(id, option_list, package_count, order_id, project_package_id, supporting_project_id) VALUES (1841, '["LP"]', 1, 1841, 43, 1841);
INSERT INTO supporting_projects(supporting_project_id, supported_at, delivery_id, payment_id, project_id, user_id) VALUES (1842, (SELECT projects.start_date + INTERVAL 9 DAY FROM projects WHERE projects.id=43), 1842, 1842, 43, 19);
INSERT INTO orders (order_id, created_at, delivery_id, payment_id, supporting_project_id) VALUES (1842, (SELECT projects.start_date + INTERVAL 9 DAY FROM projects WHERE projects.id=43), 1, 1842, 1842);
INSERT INTO supporting_packages(id, option_list, package_count, order_id, project_package_id, supporting_project_id) VALUES (1842, '["LP"]', 2, 1842, 43, 1842);
INSERT INTO supporting_projects(supporting_project_id, supported_at, delivery_id, payment_id, project_id, user_id) VALUES (1843, (SELECT projects.start_date + INTERVAL 34 DAY FROM projects WHERE projects.id=43), 1843, 1843, 43, 40);
INSERT INTO orders (order_id, created_at, delivery_id, payment_id, supporting_project_id) VALUES (1843, (SELECT projects.start_date + INTERVAL 34 DAY FROM projects WHERE projects.id=43), 1, 1843, 1843);
INSERT INTO supporting_packages(id, option_list, package_count, order_id, project_package_id, supporting_project_id) VALUES (1843, '["디지털 다운로드"]', 4, 1843, 43, 1843);
INSERT INTO supporting_projects(supporting_project_id, supported_at, delivery_id, payment_id, project_id, user_id) VALUES (1844, (SELECT projects.start_date + INTERVAL 23 DAY FROM projects WHERE projects.id=43), 1844, 1844, 43, 35);
INSERT INTO orders (order_id, created_at, delivery_id, payment_id, supporting_project_id) VALUES (1844, (SELECT projects.start_date + INTERVAL 23 DAY FROM projects WHERE projects.id=43), 1, 1844, 1844);
INSERT INTO supporting_packages(id, option_list, package_count, order_id, project_package_id, supporting_project_id) VALUES (1844, '["디지털 다운로드"]', 2, 1844, 43, 1844);
INSERT INTO supporting_projects(supporting_project_id, supported_at, delivery_id, payment_id, project_id, user_id) VALUES (1845, (SELECT projects.start_date + INTERVAL 13 DAY FROM projects WHERE projects.id=43), 1845, 1845, 43, 33);
INSERT INTO orders (order_id, created_at, delivery_id, payment_id, supporting_project_id) VALUES (1845, (SELECT projects.start_date + INTERVAL 13 DAY FROM projects WHERE projects.id=43), 1, 1845, 1845);
INSERT INTO supporting_packages(id, option_list, package_count, order_id, project_package_id, supporting_project_id) VALUES (1845, '["CD"]', 7, 1845, 43, 1845);
INSERT INTO supporting_projects(supporting_project_id, supported_at, delivery_id, payment_id, project_id, user_id) VALUES (1846, (SELECT projects.start_date + INTERVAL 9 DAY FROM projects WHERE projects.id=43), 1846, 1846, 43, 17);
INSERT INTO orders (order_id, created_at, delivery_id, payment_id, supporting_project_id) VALUES (1846, (SELECT projects.start_date + INTERVAL 9 DAY FROM projects WHERE projects.id=43), 1, 1846, 1846);
INSERT INTO supporting_packages(id, option_list, package_count, order_id, project_package_id, supporting_project_id) VALUES (1846, '["CD"]', 7, 1846, 43, 1846);
INSERT INTO supporting_projects(supporting_project_id, supported_at, delivery_id, payment_id, project_id, user_id) VALUES (1847, (SELECT projects.start_date + INTERVAL 21 DAY FROM projects WHERE projects.id=43), 1847, 1847, 43, 15);
INSERT INTO orders (order_id, created_at, delivery_id, payment_id, supporting_project_id) VALUES (1847, (SELECT projects.start_date + INTERVAL 21 DAY FROM projects WHERE projects.id=43), 1, 1847, 1847);
INSERT INTO supporting_packages(id, option_list, package_count, order_id, project_package_id, supporting_project_id) VALUES (1847, '["디지털 다운로드"]', 6, 1847, 43, 1847);
INSERT INTO supporting_projects(supporting_project_id, supported_at, delivery_id, payment_id, project_id, user_id) VALUES (1848, (SELECT projects.start_date + INTERVAL 19 DAY FROM projects WHERE projects.id=43), 1848, 1848, 43, 30);
INSERT INTO orders (order_id, created_at, delivery_id, payment_id, supporting_project_id) VALUES (1848, (SELECT projects.start_date + INTERVAL 19 DAY FROM projects WHERE projects.id=43), 1, 1848, 1848);
INSERT INTO supporting_packages(id, option_list, package_count, order_id, project_package_id, supporting_project_id) VALUES (1848, '["CD"]', 8, 1848, 43, 1848);
INSERT INTO supporting_projects(supporting_project_id, supported_at, delivery_id, payment_id, project_id, user_id) VALUES (1849, (SELECT projects.start_date + INTERVAL 36 DAY FROM projects WHERE projects.id=43), 1849, 1849, 43, 26);
INSERT INTO orders (order_id, created_at, delivery_id, payment_id, supporting_project_id) VALUES (1849, (SELECT projects.start_date + INTERVAL 36 DAY FROM projects WHERE projects.id=43), 1, 1849, 1849);
INSERT INTO supporting_packages(id, option_list, package_count, order_id, project_package_id, supporting_project_id) VALUES (1849, '["디지털 다운로드"]', 4, 1849, 43, 1849);
INSERT INTO supporting_projects(supporting_project_id, supported_at, delivery_id, payment_id, project_id, user_id) VALUES (1850, (SELECT projects.start_date + INTERVAL 15 DAY FROM projects WHERE projects.id=43), 1850, 1850, 43, 3);
INSERT INTO orders (order_id, created_at, delivery_id, payment_id, supporting_project_id) VALUES (1850, (SELECT projects.start_date + INTERVAL 15 DAY FROM projects WHERE projects.id=43), 1, 1850, 1850);
INSERT INTO supporting_packages(id, option_list, package_count, order_id, project_package_id, supporting_project_id) VALUES (1850, '["디지털 다운로드"]', 8, 1850, 43, 1850);
INSERT INTO supporting_projects(supporting_project_id, supported_at, delivery_id, payment_id, project_id, user_id) VALUES (1851, (SELECT projects.start_date + INTERVAL 39 DAY FROM projects WHERE projects.id=43), 1851, 1851, 43, 6);
INSERT INTO orders (order_id, created_at, delivery_id, payment_id, supporting_project_id) VALUES (1851, (SELECT projects.start_date + INTERVAL 39 DAY FROM projects WHERE projects.id=43), 1, 1851, 1851);
INSERT INTO supporting_packages(id, option_list, package_count, order_id, project_package_id, supporting_project_id) VALUES (1851, '["디지털 다운로드"]', 2, 1851, 43, 1851);
INSERT INTO supporting_projects(supporting_project_id, supported_at, delivery_id, payment_id, project_id, user_id) VALUES (1852, (SELECT projects.start_date + INTERVAL 23 DAY FROM projects WHERE projects.id=43), 1852, 1852, 43, 16);
INSERT INTO orders (order_id, created_at, delivery_id, payment_id, supporting_project_id) VALUES (1852, (SELECT projects.start_date + INTERVAL 23 DAY FROM projects WHERE projects.id=43), 1, 1852, 1852);
INSERT INTO supporting_packages(id, option_list, package_count, order_id, project_package_id, supporting_project_id) VALUES (1852, '["LP"]', 10, 1852, 43, 1852);
INSERT INTO supporting_projects(supporting_project_id, supported_at, delivery_id, payment_id, project_id, user_id) VALUES (1853, (SELECT projects.start_date + INTERVAL 4 DAY FROM projects WHERE projects.id=43), 1853, 1853, 43, 21);
INSERT INTO orders (order_id, created_at, delivery_id, payment_id, supporting_project_id) VALUES (1853, (SELECT projects.start_date + INTERVAL 4 DAY FROM projects WHERE projects.id=43), 1, 1853, 1853);
INSERT INTO supporting_packages(id, option_list, package_count, order_id, project_package_id, supporting_project_id) VALUES (1853, '["LP"]', 4, 1853, 43, 1853);
INSERT INTO supporting_projects(supporting_project_id, supported_at, delivery_id, payment_id, project_id, user_id) VALUES (1854, (SELECT projects.start_date + INTERVAL 13 DAY FROM projects WHERE projects.id=43), 1854, 1854, 43, 6);
INSERT INTO orders (order_id, created_at, delivery_id, payment_id, supporting_project_id) VALUES (1854, (SELECT projects.start_date + INTERVAL 13 DAY FROM projects WHERE projects.id=43), 1, 1854, 1854);
INSERT INTO supporting_packages(id, option_list, package_count, order_id, project_package_id, supporting_project_id) VALUES (1854, '["디지털 다운로드"]', 8, 1854, 43, 1854);
INSERT INTO supporting_projects(supporting_project_id, supported_at, delivery_id, payment_id, project_id, user_id) VALUES (1855, (SELECT projects.start_date + INTERVAL 43 DAY FROM projects WHERE projects.id=43), 1855, 1855, 43, 7);
INSERT INTO orders (order_id, created_at, delivery_id, payment_id, supporting_project_id) VALUES (1855, (SELECT projects.start_date + INTERVAL 43 DAY FROM projects WHERE projects.id=43), 1, 1855, 1855);
INSERT INTO supporting_packages(id, option_list, package_count, order_id, project_package_id, supporting_project_id) VALUES (1855, '["디지털 다운로드"]', 9, 1855, 43, 1855);
INSERT INTO supporting_projects(supporting_project_id, supported_at, delivery_id, payment_id, project_id, user_id) VALUES (1856, (SELECT projects.start_date + INTERVAL 40 DAY FROM projects WHERE projects.id=43), 1856, 1856, 43, 38);
INSERT INTO orders (order_id, created_at, delivery_id, payment_id, supporting_project_id) VALUES (1856, (SELECT projects.start_date + INTERVAL 40 DAY FROM projects WHERE projects.id=43), 1, 1856, 1856);
INSERT INTO supporting_packages(id, option_list, package_count, order_id, project_package_id, supporting_project_id) VALUES (1856, '["디지털 다운로드"]', 1, 1856, 43, 1856);
INSERT INTO supporting_projects(supporting_project_id, supported_at, delivery_id, payment_id, project_id, user_id) VALUES (1857, (SELECT projects.start_date + INTERVAL 36 DAY FROM projects WHERE projects.id=43), 1857, 1857, 43, 24);
INSERT INTO orders (order_id, created_at, delivery_id, payment_id, supporting_project_id) VALUES (1857, (SELECT projects.start_date + INTERVAL 36 DAY FROM projects WHERE projects.id=43), 1, 1857, 1857);
INSERT INTO supporting_packages(id, option_list, package_count, order_id, project_package_id, supporting_project_id) VALUES (1857, '["디지털 다운로드"]', 1, 1857, 43, 1857);
INSERT INTO supporting_projects(supporting_project_id, supported_at, delivery_id, payment_id, project_id, user_id) VALUES (1858, (SELECT projects.start_date + INTERVAL 9 DAY FROM projects WHERE projects.id=43), 1858, 1858, 43, 10);
INSERT INTO orders (order_id, created_at, delivery_id, payment_id, supporting_project_id) VALUES (1858, (SELECT projects.start_date + INTERVAL 9 DAY FROM projects WHERE projects.id=43), 1, 1858, 1858);
INSERT INTO supporting_packages(id, option_list, package_count, order_id, project_package_id, supporting_project_id) VALUES (1858, '["디지털 다운로드"]', 10, 1858, 43, 1858);
INSERT INTO supporting_projects(supporting_project_id, supported_at, delivery_id, payment_id, project_id, user_id) VALUES (1859, (SELECT projects.start_date + INTERVAL 36 DAY FROM projects WHERE projects.id=43), 1859, 1859, 43, 37);
INSERT INTO orders (order_id, created_at, delivery_id, payment_id, supporting_project_id) VALUES (1859, (SELECT projects.start_date + INTERVAL 36 DAY FROM projects WHERE projects.id=43), 1, 1859, 1859);
INSERT INTO supporting_packages(id, option_list, package_count, order_id, project_package_id, supporting_project_id) VALUES (1859, '["LP"]', 1, 1859, 43, 1859);
INSERT INTO supporting_projects(supporting_project_id, supported_at, delivery_id, payment_id, project_id, user_id) VALUES (1860, (SELECT projects.start_date + INTERVAL 10 DAY FROM projects WHERE projects.id=43), 1860, 1860, 43, 38);
INSERT INTO orders (order_id, created_at, delivery_id, payment_id, supporting_project_id) VALUES (1860, (SELECT projects.start_date + INTERVAL 10 DAY FROM projects WHERE projects.id=43), 1, 1860, 1860);
INSERT INTO supporting_packages(id, option_list, package_count, order_id, project_package_id, supporting_project_id) VALUES (1860, '["LP"]', 4, 1860, 43, 1860);
INSERT INTO supporting_projects(supporting_project_id, supported_at, delivery_id, payment_id, project_id, user_id) VALUES (1861, (SELECT projects.start_date + INTERVAL 46 DAY FROM projects WHERE projects.id=43), 1861, 1861, 43, 3);
INSERT INTO orders (order_id, created_at, delivery_id, payment_id, supporting_project_id) VALUES (1861, (SELECT projects.start_date + INTERVAL 46 DAY FROM projects WHERE projects.id=43), 1, 1861, 1861);
INSERT INTO supporting_packages(id, option_list, package_count, order_id, project_package_id, supporting_project_id) VALUES (1861, '["디지털 다운로드"]', 6, 1861, 43, 1861);
INSERT INTO supporting_projects(supporting_project_id, supported_at, delivery_id, payment_id, project_id, user_id) VALUES (1862, (SELECT projects.start_date + INTERVAL 20 DAY FROM projects WHERE projects.id=43), 1862, 1862, 43, 2);
INSERT INTO orders (order_id, created_at, delivery_id, payment_id, supporting_project_id) VALUES (1862, (SELECT projects.start_date + INTERVAL 20 DAY FROM projects WHERE projects.id=43), 1, 1862, 1862);
INSERT INTO supporting_packages(id, option_list, package_count, order_id, project_package_id, supporting_project_id) VALUES (1862, '["디지털 다운로드"]', 2, 1862, 43, 1862);
INSERT INTO supporting_projects(supporting_project_id, supported_at, delivery_id, payment_id, project_id, user_id) VALUES (1863, (SELECT projects.start_date + INTERVAL 42 DAY FROM projects WHERE projects.id=44), 1863, 1863, 44, 23);
INSERT INTO orders (order_id, created_at, delivery_id, payment_id, supporting_project_id) VALUES (1863, (SELECT projects.start_date + INTERVAL 42 DAY FROM projects WHERE projects.id=44), 1, 1863, 1863);
INSERT INTO supporting_packages(id, option_list, package_count, order_id, project_package_id, supporting_project_id) VALUES (1863, '["키링"]', 6, 1863, 44, 1863);
INSERT INTO supporting_projects(supporting_project_id, supported_at, delivery_id, payment_id, project_id, user_id) VALUES (1864, (SELECT projects.start_date + INTERVAL 28 DAY FROM projects WHERE projects.id=44), 1864, 1864, 44, 22);
INSERT INTO orders (order_id, created_at, delivery_id, payment_id, supporting_project_id) VALUES (1864, (SELECT projects.start_date + INTERVAL 28 DAY FROM projects WHERE projects.id=44), 1, 1864, 1864);
INSERT INTO supporting_packages(id, option_list, package_count, order_id, project_package_id, supporting_project_id) VALUES (1864, '["에코백"]', 4, 1864, 44, 1864);
INSERT INTO supporting_projects(supporting_project_id, supported_at, delivery_id, payment_id, project_id, user_id) VALUES (1865, (SELECT projects.start_date + INTERVAL 24 DAY FROM projects WHERE projects.id=44), 1865, 1865, 44, 30);
INSERT INTO orders (order_id, created_at, delivery_id, payment_id, supporting_project_id) VALUES (1865, (SELECT projects.start_date + INTERVAL 24 DAY FROM projects WHERE projects.id=44), 1, 1865, 1865);
INSERT INTO supporting_packages(id, option_list, package_count, order_id, project_package_id, supporting_project_id) VALUES (1865, '["에코백"]', 6, 1865, 44, 1865);
INSERT INTO supporting_projects(supporting_project_id, supported_at, delivery_id, payment_id, project_id, user_id) VALUES (1866, (SELECT projects.start_date + INTERVAL 31 DAY FROM projects WHERE projects.id=44), 1866, 1866, 44, 28);
INSERT INTO orders (order_id, created_at, delivery_id, payment_id, supporting_project_id) VALUES (1866, (SELECT projects.start_date + INTERVAL 31 DAY FROM projects WHERE projects.id=44), 1, 1866, 1866);
INSERT INTO supporting_packages(id, option_list, package_count, order_id, project_package_id, supporting_project_id) VALUES (1866, '["키링"]', 1, 1866, 44, 1866);
INSERT INTO supporting_projects(supporting_project_id, supported_at, delivery_id, payment_id, project_id, user_id) VALUES (1867, (SELECT projects.start_date + INTERVAL 16 DAY FROM projects WHERE projects.id=44), 1867, 1867, 44, 25);
INSERT INTO orders (order_id, created_at, delivery_id, payment_id, supporting_project_id) VALUES (1867, (SELECT projects.start_date + INTERVAL 16 DAY FROM projects WHERE projects.id=44), 1, 1867, 1867);
INSERT INTO supporting_packages(id, option_list, package_count, order_id, project_package_id, supporting_project_id) VALUES (1867, '["키링"]', 2, 1867, 44, 1867);
INSERT INTO supporting_projects(supporting_project_id, supported_at, delivery_id, payment_id, project_id, user_id) VALUES (1868, (SELECT projects.start_date + INTERVAL 7 DAY FROM projects WHERE projects.id=44), 1868, 1868, 44, 34);
INSERT INTO orders (order_id, created_at, delivery_id, payment_id, supporting_project_id) VALUES (1868, (SELECT projects.start_date + INTERVAL 7 DAY FROM projects WHERE projects.id=44), 1, 1868, 1868);
INSERT INTO supporting_packages(id, option_list, package_count, order_id, project_package_id, supporting_project_id) VALUES (1868, '["에코백"]', 9, 1868, 44, 1868);
INSERT INTO supporting_projects(supporting_project_id, supported_at, delivery_id, payment_id, project_id, user_id) VALUES (1869, (SELECT projects.start_date + INTERVAL 24 DAY FROM projects WHERE projects.id=44), 1869, 1869, 44, 14);
INSERT INTO orders (order_id, created_at, delivery_id, payment_id, supporting_project_id) VALUES (1869, (SELECT projects.start_date + INTERVAL 24 DAY FROM projects WHERE projects.id=44), 1, 1869, 1869);
INSERT INTO supporting_packages(id, option_list, package_count, order_id, project_package_id, supporting_project_id) VALUES (1869, '["에코백"]', 7, 1869, 44, 1869);
INSERT INTO supporting_projects(supporting_project_id, supported_at, delivery_id, payment_id, project_id, user_id) VALUES (1870, (SELECT projects.start_date + INTERVAL 9 DAY FROM projects WHERE projects.id=44), 1870, 1870, 44, 23);
INSERT INTO orders (order_id, created_at, delivery_id, payment_id, supporting_project_id) VALUES (1870, (SELECT projects.start_date + INTERVAL 9 DAY FROM projects WHERE projects.id=44), 1, 1870, 1870);
INSERT INTO supporting_packages(id, option_list, package_count, order_id, project_package_id, supporting_project_id) VALUES (1870, '["머그컵"]', 9, 1870, 44, 1870);
INSERT INTO supporting_projects(supporting_project_id, supported_at, delivery_id, payment_id, project_id, user_id) VALUES (1871, (SELECT projects.start_date + INTERVAL 44 DAY FROM projects WHERE projects.id=44), 1871, 1871, 44, 28);
INSERT INTO orders (order_id, created_at, delivery_id, payment_id, supporting_project_id) VALUES (1871, (SELECT projects.start_date + INTERVAL 44 DAY FROM projects WHERE projects.id=44), 1, 1871, 1871);
INSERT INTO supporting_packages(id, option_list, package_count, order_id, project_package_id, supporting_project_id) VALUES (1871, '["에코백"]', 5, 1871, 44, 1871);
INSERT INTO supporting_projects(supporting_project_id, supported_at, delivery_id, payment_id, project_id, user_id) VALUES (1872, (SELECT projects.start_date + INTERVAL 30 DAY FROM projects WHERE projects.id=44), 1872, 1872, 44, 9);
INSERT INTO orders (order_id, created_at, delivery_id, payment_id, supporting_project_id) VALUES (1872, (SELECT projects.start_date + INTERVAL 30 DAY FROM projects WHERE projects.id=44), 1, 1872, 1872);
INSERT INTO supporting_packages(id, option_list, package_count, order_id, project_package_id, supporting_project_id) VALUES (1872, '["머그컵"]', 3, 1872, 44, 1872);
INSERT INTO supporting_projects(supporting_project_id, supported_at, delivery_id, payment_id, project_id, user_id) VALUES (1873, (SELECT projects.start_date + INTERVAL 6 DAY FROM projects WHERE projects.id=44), 1873, 1873, 44, 32);
INSERT INTO orders (order_id, created_at, delivery_id, payment_id, supporting_project_id) VALUES (1873, (SELECT projects.start_date + INTERVAL 6 DAY FROM projects WHERE projects.id=44), 1, 1873, 1873);
INSERT INTO supporting_packages(id, option_list, package_count, order_id, project_package_id, supporting_project_id) VALUES (1873, '["에코백"]', 7, 1873, 44, 1873);
INSERT INTO supporting_projects(supporting_project_id, supported_at, delivery_id, payment_id, project_id, user_id) VALUES (1874, (SELECT projects.start_date + INTERVAL 5 DAY FROM projects WHERE projects.id=44), 1874, 1874, 44, 37);
INSERT INTO orders (order_id, created_at, delivery_id, payment_id, supporting_project_id) VALUES (1874, (SELECT projects.start_date + INTERVAL 5 DAY FROM projects WHERE projects.id=44), 1, 1874, 1874);
INSERT INTO supporting_packages(id, option_list, package_count, order_id, project_package_id, supporting_project_id) VALUES (1874, '["에코백"]', 8, 1874, 44, 1874);
INSERT INTO supporting_projects(supporting_project_id, supported_at, delivery_id, payment_id, project_id, user_id) VALUES (1875, (SELECT projects.start_date + INTERVAL 3 DAY FROM projects WHERE projects.id=44), 1875, 1875, 44, 15);
INSERT INTO orders (order_id, created_at, delivery_id, payment_id, supporting_project_id) VALUES (1875, (SELECT projects.start_date + INTERVAL 3 DAY FROM projects WHERE projects.id=44), 1, 1875, 1875);
INSERT INTO supporting_packages(id, option_list, package_count, order_id, project_package_id, supporting_project_id) VALUES (1875, '["머그컵"]', 10, 1875, 44, 1875);
INSERT INTO supporting_projects(supporting_project_id, supported_at, delivery_id, payment_id, project_id, user_id) VALUES (1876, (SELECT projects.start_date + INTERVAL 5 DAY FROM projects WHERE projects.id=44), 1876, 1876, 44, 27);
INSERT INTO orders (order_id, created_at, delivery_id, payment_id, supporting_project_id) VALUES (1876, (SELECT projects.start_date + INTERVAL 5 DAY FROM projects WHERE projects.id=44), 1, 1876, 1876);
INSERT INTO supporting_packages(id, option_list, package_count, order_id, project_package_id, supporting_project_id) VALUES (1876, '["키링"]', 5, 1876, 44, 1876);
INSERT INTO supporting_projects(supporting_project_id, supported_at, delivery_id, payment_id, project_id, user_id) VALUES (1877, (SELECT projects.start_date + INTERVAL 14 DAY FROM projects WHERE projects.id=44), 1877, 1877, 44, 30);
INSERT INTO orders (order_id, created_at, delivery_id, payment_id, supporting_project_id) VALUES (1877, (SELECT projects.start_date + INTERVAL 14 DAY FROM projects WHERE projects.id=44), 1, 1877, 1877);
INSERT INTO supporting_packages(id, option_list, package_count, order_id, project_package_id, supporting_project_id) VALUES (1877, '["에코백"]', 4, 1877, 44, 1877);
INSERT INTO supporting_projects(supporting_project_id, supported_at, delivery_id, payment_id, project_id, user_id) VALUES (1878, (SELECT projects.start_date + INTERVAL 16 DAY FROM projects WHERE projects.id=44), 1878, 1878, 44, 18);
INSERT INTO orders (order_id, created_at, delivery_id, payment_id, supporting_project_id) VALUES (1878, (SELECT projects.start_date + INTERVAL 16 DAY FROM projects WHERE projects.id=44), 1, 1878, 1878);
INSERT INTO supporting_packages(id, option_list, package_count, order_id, project_package_id, supporting_project_id) VALUES (1878, '["키링"]', 7, 1878, 44, 1878);
INSERT INTO supporting_projects(supporting_project_id, supported_at, delivery_id, payment_id, project_id, user_id) VALUES (1879, (SELECT projects.start_date + INTERVAL 20 DAY FROM projects WHERE projects.id=44), 1879, 1879, 44, 23);
INSERT INTO orders (order_id, created_at, delivery_id, payment_id, supporting_project_id) VALUES (1879, (SELECT projects.start_date + INTERVAL 20 DAY FROM projects WHERE projects.id=44), 1, 1879, 1879);
INSERT INTO supporting_packages(id, option_list, package_count, order_id, project_package_id, supporting_project_id) VALUES (1879, '["에코백"]', 4, 1879, 44, 1879);
INSERT INTO supporting_projects(supporting_project_id, supported_at, delivery_id, payment_id, project_id, user_id) VALUES (1880, (SELECT projects.start_date + INTERVAL 25 DAY FROM projects WHERE projects.id=44), 1880, 1880, 44, 18);
INSERT INTO orders (order_id, created_at, delivery_id, payment_id, supporting_project_id) VALUES (1880, (SELECT projects.start_date + INTERVAL 25 DAY FROM projects WHERE projects.id=44), 1, 1880, 1880);
INSERT INTO supporting_packages(id, option_list, package_count, order_id, project_package_id, supporting_project_id) VALUES (1880, '["에코백"]', 9, 1880, 44, 1880);
INSERT INTO supporting_projects(supporting_project_id, supported_at, delivery_id, payment_id, project_id, user_id) VALUES (1881, (SELECT projects.start_date + INTERVAL 39 DAY FROM projects WHERE projects.id=44), 1881, 1881, 44, 6);
INSERT INTO orders (order_id, created_at, delivery_id, payment_id, supporting_project_id) VALUES (1881, (SELECT projects.start_date + INTERVAL 39 DAY FROM projects WHERE projects.id=44), 1, 1881, 1881);
INSERT INTO supporting_packages(id, option_list, package_count, order_id, project_package_id, supporting_project_id) VALUES (1881, '["에코백"]', 10, 1881, 44, 1881);
INSERT INTO supporting_projects(supporting_project_id, supported_at, delivery_id, payment_id, project_id, user_id) VALUES (1882, (SELECT projects.start_date + INTERVAL 28 DAY FROM projects WHERE projects.id=44), 1882, 1882, 44, 1);
INSERT INTO orders (order_id, created_at, delivery_id, payment_id, supporting_project_id) VALUES (1882, (SELECT projects.start_date + INTERVAL 28 DAY FROM projects WHERE projects.id=44), 1, 1882, 1882);
INSERT INTO supporting_packages(id, option_list, package_count, order_id, project_package_id, supporting_project_id) VALUES (1882, '["머그컵"]', 5, 1882, 44, 1882);
INSERT INTO supporting_projects(supporting_project_id, supported_at, delivery_id, payment_id, project_id, user_id) VALUES (1883, (SELECT projects.start_date + INTERVAL 9 DAY FROM projects WHERE projects.id=44), 1883, 1883, 44, 24);
INSERT INTO orders (order_id, created_at, delivery_id, payment_id, supporting_project_id) VALUES (1883, (SELECT projects.start_date + INTERVAL 9 DAY FROM projects WHERE projects.id=44), 1, 1883, 1883);
INSERT INTO supporting_packages(id, option_list, package_count, order_id, project_package_id, supporting_project_id) VALUES (1883, '["키링"]', 5, 1883, 44, 1883);
INSERT INTO supporting_projects(supporting_project_id, supported_at, delivery_id, payment_id, project_id, user_id) VALUES (1884, (SELECT projects.start_date + INTERVAL 36 DAY FROM projects WHERE projects.id=44), 1884, 1884, 44, 5);
INSERT INTO orders (order_id, created_at, delivery_id, payment_id, supporting_project_id) VALUES (1884, (SELECT projects.start_date + INTERVAL 36 DAY FROM projects WHERE projects.id=44), 1, 1884, 1884);
INSERT INTO supporting_packages(id, option_list, package_count, order_id, project_package_id, supporting_project_id) VALUES (1884, '["에코백"]', 8, 1884, 44, 1884);
INSERT INTO supporting_projects(supporting_project_id, supported_at, delivery_id, payment_id, project_id, user_id) VALUES (1885, (SELECT projects.start_date + INTERVAL 2 DAY FROM projects WHERE projects.id=44), 1885, 1885, 44, 38);
INSERT INTO orders (order_id, created_at, delivery_id, payment_id, supporting_project_id) VALUES (1885, (SELECT projects.start_date + INTERVAL 2 DAY FROM projects WHERE projects.id=44), 1, 1885, 1885);
INSERT INTO supporting_packages(id, option_list, package_count, order_id, project_package_id, supporting_project_id) VALUES (1885, '["에코백"]', 5, 1885, 44, 1885);
INSERT INTO supporting_projects(supporting_project_id, supported_at, delivery_id, payment_id, project_id, user_id) VALUES (1886, (SELECT projects.start_date + INTERVAL 28 DAY FROM projects WHERE projects.id=44), 1886, 1886, 44, 4);
INSERT INTO orders (order_id, created_at, delivery_id, payment_id, supporting_project_id) VALUES (1886, (SELECT projects.start_date + INTERVAL 28 DAY FROM projects WHERE projects.id=44), 1, 1886, 1886);
INSERT INTO supporting_packages(id, option_list, package_count, order_id, project_package_id, supporting_project_id) VALUES (1886, '["키링"]', 10, 1886, 44, 1886);
INSERT INTO supporting_projects(supporting_project_id, supported_at, delivery_id, payment_id, project_id, user_id) VALUES (1887, (SELECT projects.start_date + INTERVAL 41 DAY FROM projects WHERE projects.id=44), 1887, 1887, 44, 23);
INSERT INTO orders (order_id, created_at, delivery_id, payment_id, supporting_project_id) VALUES (1887, (SELECT projects.start_date + INTERVAL 41 DAY FROM projects WHERE projects.id=44), 1, 1887, 1887);
INSERT INTO supporting_packages(id, option_list, package_count, order_id, project_package_id, supporting_project_id) VALUES (1887, '["에코백"]', 3, 1887, 44, 1887);
INSERT INTO supporting_projects(supporting_project_id, supported_at, delivery_id, payment_id, project_id, user_id) VALUES (1888, (SELECT projects.start_date + INTERVAL 20 DAY FROM projects WHERE projects.id=44), 1888, 1888, 44, 15);
INSERT INTO orders (order_id, created_at, delivery_id, payment_id, supporting_project_id) VALUES (1888, (SELECT projects.start_date + INTERVAL 20 DAY FROM projects WHERE projects.id=44), 1, 1888, 1888);
INSERT INTO supporting_packages(id, option_list, package_count, order_id, project_package_id, supporting_project_id) VALUES (1888, '["머그컵"]', 5, 1888, 44, 1888);
INSERT INTO supporting_projects(supporting_project_id, supported_at, delivery_id, payment_id, project_id, user_id) VALUES (1889, (SELECT projects.start_date + INTERVAL 43 DAY FROM projects WHERE projects.id=44), 1889, 1889, 44, 18);
INSERT INTO orders (order_id, created_at, delivery_id, payment_id, supporting_project_id) VALUES (1889, (SELECT projects.start_date + INTERVAL 43 DAY FROM projects WHERE projects.id=44), 1, 1889, 1889);
INSERT INTO supporting_packages(id, option_list, package_count, order_id, project_package_id, supporting_project_id) VALUES (1889, '["에코백"]', 5, 1889, 44, 1889);
INSERT INTO supporting_projects(supporting_project_id, supported_at, delivery_id, payment_id, project_id, user_id) VALUES (1890, (SELECT projects.start_date + INTERVAL 12 DAY FROM projects WHERE projects.id=44), 1890, 1890, 44, 35);
INSERT INTO orders (order_id, created_at, delivery_id, payment_id, supporting_project_id) VALUES (1890, (SELECT projects.start_date + INTERVAL 12 DAY FROM projects WHERE projects.id=44), 1, 1890, 1890);
INSERT INTO supporting_packages(id, option_list, package_count, order_id, project_package_id, supporting_project_id) VALUES (1890, '["머그컵"]', 2, 1890, 44, 1890);
INSERT INTO supporting_projects(supporting_project_id, supported_at, delivery_id, payment_id, project_id, user_id) VALUES (1891, (SELECT projects.start_date + INTERVAL 26 DAY FROM projects WHERE projects.id=44), 1891, 1891, 44, 8);
INSERT INTO orders (order_id, created_at, delivery_id, payment_id, supporting_project_id) VALUES (1891, (SELECT projects.start_date + INTERVAL 26 DAY FROM projects WHERE projects.id=44), 1, 1891, 1891);
INSERT INTO supporting_packages(id, option_list, package_count, order_id, project_package_id, supporting_project_id) VALUES (1891, '["키링"]', 1, 1891, 44, 1891);
INSERT INTO supporting_projects(supporting_project_id, supported_at, delivery_id, payment_id, project_id, user_id) VALUES (1892, (SELECT projects.start_date + INTERVAL 12 DAY FROM projects WHERE projects.id=44), 1892, 1892, 44, 14);
INSERT INTO orders (order_id, created_at, delivery_id, payment_id, supporting_project_id) VALUES (1892, (SELECT projects.start_date + INTERVAL 12 DAY FROM projects WHERE projects.id=44), 1, 1892, 1892);
INSERT INTO supporting_packages(id, option_list, package_count, order_id, project_package_id, supporting_project_id) VALUES (1892, '["머그컵"]', 2, 1892, 44, 1892);
INSERT INTO supporting_projects(supporting_project_id, supported_at, delivery_id, payment_id, project_id, user_id) VALUES (1893, (SELECT projects.start_date + INTERVAL 22 DAY FROM projects WHERE projects.id=44), 1893, 1893, 44, 17);
INSERT INTO orders (order_id, created_at, delivery_id, payment_id, supporting_project_id) VALUES (1893, (SELECT projects.start_date + INTERVAL 22 DAY FROM projects WHERE projects.id=44), 1, 1893, 1893);
INSERT INTO supporting_packages(id, option_list, package_count, order_id, project_package_id, supporting_project_id) VALUES (1893, '["에코백"]', 5, 1893, 44, 1893);
INSERT INTO supporting_projects(supporting_project_id, supported_at, delivery_id, payment_id, project_id, user_id) VALUES (1894, (SELECT projects.start_date + INTERVAL 34 DAY FROM projects WHERE projects.id=44), 1894, 1894, 44, 39);
INSERT INTO orders (order_id, created_at, delivery_id, payment_id, supporting_project_id) VALUES (1894, (SELECT projects.start_date + INTERVAL 34 DAY FROM projects WHERE projects.id=44), 1, 1894, 1894);
INSERT INTO supporting_packages(id, option_list, package_count, order_id, project_package_id, supporting_project_id) VALUES (1894, '["에코백"]', 6, 1894, 44, 1894);
INSERT INTO supporting_projects(supporting_project_id, supported_at, delivery_id, payment_id, project_id, user_id) VALUES (1895, (SELECT projects.start_date + INTERVAL 17 DAY FROM projects WHERE projects.id=44), 1895, 1895, 44, 24);
INSERT INTO orders (order_id, created_at, delivery_id, payment_id, supporting_project_id) VALUES (1895, (SELECT projects.start_date + INTERVAL 17 DAY FROM projects WHERE projects.id=44), 1, 1895, 1895);
INSERT INTO supporting_packages(id, option_list, package_count, order_id, project_package_id, supporting_project_id) VALUES (1895, '["머그컵"]', 1, 1895, 44, 1895);
INSERT INTO supporting_projects(supporting_project_id, supported_at, delivery_id, payment_id, project_id, user_id) VALUES (1896, (SELECT projects.start_date + INTERVAL 44 DAY FROM projects WHERE projects.id=44), 1896, 1896, 44, 38);
INSERT INTO orders (order_id, created_at, delivery_id, payment_id, supporting_project_id) VALUES (1896, (SELECT projects.start_date + INTERVAL 44 DAY FROM projects WHERE projects.id=44), 1, 1896, 1896);
INSERT INTO supporting_packages(id, option_list, package_count, order_id, project_package_id, supporting_project_id) VALUES (1896, '["에코백"]', 9, 1896, 44, 1896);
INSERT INTO supporting_projects(supporting_project_id, supported_at, delivery_id, payment_id, project_id, user_id) VALUES (1897, (SELECT projects.start_date + INTERVAL 45 DAY FROM projects WHERE projects.id=44), 1897, 1897, 44, 5);
INSERT INTO orders (order_id, created_at, delivery_id, payment_id, supporting_project_id) VALUES (1897, (SELECT projects.start_date + INTERVAL 45 DAY FROM projects WHERE projects.id=44), 1, 1897, 1897);
INSERT INTO supporting_packages(id, option_list, package_count, order_id, project_package_id, supporting_project_id) VALUES (1897, '["키링"]', 10, 1897, 44, 1897);
INSERT INTO supporting_projects(supporting_project_id, supported_at, delivery_id, payment_id, project_id, user_id) VALUES (1898, (SELECT projects.start_date + INTERVAL 8 DAY FROM projects WHERE projects.id=44), 1898, 1898, 44, 20);
INSERT INTO orders (order_id, created_at, delivery_id, payment_id, supporting_project_id) VALUES (1898, (SELECT projects.start_date + INTERVAL 8 DAY FROM projects WHERE projects.id=44), 1, 1898, 1898);
INSERT INTO supporting_packages(id, option_list, package_count, order_id, project_package_id, supporting_project_id) VALUES (1898, '["에코백"]', 3, 1898, 44, 1898);
INSERT INTO supporting_projects(supporting_project_id, supported_at, delivery_id, payment_id, project_id, user_id) VALUES (1899, (SELECT projects.start_date + INTERVAL 32 DAY FROM projects WHERE projects.id=44), 1899, 1899, 44, 23);
INSERT INTO orders (order_id, created_at, delivery_id, payment_id, supporting_project_id) VALUES (1899, (SELECT projects.start_date + INTERVAL 32 DAY FROM projects WHERE projects.id=44), 1, 1899, 1899);
INSERT INTO supporting_packages(id, option_list, package_count, order_id, project_package_id, supporting_project_id) VALUES (1899, '["에코백"]', 2, 1899, 44, 1899);
INSERT INTO supporting_projects(supporting_project_id, supported_at, delivery_id, payment_id, project_id, user_id) VALUES (1900, (SELECT projects.start_date + INTERVAL 26 DAY FROM projects WHERE projects.id=44), 1900, 1900, 44, 10);
INSERT INTO orders (order_id, created_at, delivery_id, payment_id, supporting_project_id) VALUES (1900, (SELECT projects.start_date + INTERVAL 26 DAY FROM projects WHERE projects.id=44), 1, 1900, 1900);
INSERT INTO supporting_packages(id, option_list, package_count, order_id, project_package_id, supporting_project_id) VALUES (1900, '["에코백"]', 9, 1900, 44, 1900);
INSERT INTO supporting_projects(supporting_project_id, supported_at, delivery_id, payment_id, project_id, user_id) VALUES (1901, (SELECT projects.start_date + INTERVAL 47 DAY FROM projects WHERE projects.id=44), 1901, 1901, 44, 37);
INSERT INTO orders (order_id, created_at, delivery_id, payment_id, supporting_project_id) VALUES (1901, (SELECT projects.start_date + INTERVAL 47 DAY FROM projects WHERE projects.id=44), 1, 1901, 1901);
INSERT INTO supporting_packages(id, option_list, package_count, order_id, project_package_id, supporting_project_id) VALUES (1901, '["키링"]', 7, 1901, 44, 1901);
INSERT INTO supporting_projects(supporting_project_id, supported_at, delivery_id, payment_id, project_id, user_id) VALUES (1902, (SELECT projects.start_date + INTERVAL 7 DAY FROM projects WHERE projects.id=44), 1902, 1902, 44, 21);
INSERT INTO orders (order_id, created_at, delivery_id, payment_id, supporting_project_id) VALUES (1902, (SELECT projects.start_date + INTERVAL 7 DAY FROM projects WHERE projects.id=44), 1, 1902, 1902);
INSERT INTO supporting_packages(id, option_list, package_count, order_id, project_package_id, supporting_project_id) VALUES (1902, '["키링"]', 2, 1902, 44, 1902);
INSERT INTO supporting_projects(supporting_project_id, supported_at, delivery_id, payment_id, project_id, user_id) VALUES (1903, (SELECT projects.start_date + INTERVAL 24 DAY FROM projects WHERE projects.id=44), 1903, 1903, 44, 13);
INSERT INTO orders (order_id, created_at, delivery_id, payment_id, supporting_project_id) VALUES (1903, (SELECT projects.start_date + INTERVAL 24 DAY FROM projects WHERE projects.id=44), 1, 1903, 1903);
INSERT INTO supporting_packages(id, option_list, package_count, order_id, project_package_id, supporting_project_id) VALUES (1903, '["머그컵"]', 1, 1903, 44, 1903);
INSERT INTO supporting_projects(supporting_project_id, supported_at, delivery_id, payment_id, project_id, user_id) VALUES (1904, (SELECT projects.start_date + INTERVAL 18 DAY FROM projects WHERE projects.id=44), 1904, 1904, 44, 23);
INSERT INTO orders (order_id, created_at, delivery_id, payment_id, supporting_project_id) VALUES (1904, (SELECT projects.start_date + INTERVAL 18 DAY FROM projects WHERE projects.id=44), 1, 1904, 1904);
INSERT INTO supporting_packages(id, option_list, package_count, order_id, project_package_id, supporting_project_id) VALUES (1904, '["키링"]', 9, 1904, 44, 1904);
INSERT INTO supporting_projects(supporting_project_id, supported_at, delivery_id, payment_id, project_id, user_id) VALUES (1905, (SELECT projects.start_date + INTERVAL 18 DAY FROM projects WHERE projects.id=44), 1905, 1905, 44, 15);
INSERT INTO orders (order_id, created_at, delivery_id, payment_id, supporting_project_id) VALUES (1905, (SELECT projects.start_date + INTERVAL 18 DAY FROM projects WHERE projects.id=44), 1, 1905, 1905);
INSERT INTO supporting_packages(id, option_list, package_count, order_id, project_package_id, supporting_project_id) VALUES (1905, '["머그컵"]', 8, 1905, 44, 1905);
INSERT INTO supporting_projects(supporting_project_id, supported_at, delivery_id, payment_id, project_id, user_id) VALUES (1906, (SELECT projects.start_date + INTERVAL 42 DAY FROM projects WHERE projects.id=44), 1906, 1906, 44, 38);
INSERT INTO orders (order_id, created_at, delivery_id, payment_id, supporting_project_id) VALUES (1906, (SELECT projects.start_date + INTERVAL 42 DAY FROM projects WHERE projects.id=44), 1, 1906, 1906);
INSERT INTO supporting_packages(id, option_list, package_count, order_id, project_package_id, supporting_project_id) VALUES (1906, '["에코백"]', 6, 1906, 44, 1906);
INSERT INTO supporting_projects(supporting_project_id, supported_at, delivery_id, payment_id, project_id, user_id) VALUES (1907, (SELECT projects.start_date + INTERVAL 48 DAY FROM projects WHERE projects.id=44), 1907, 1907, 44, 15);
INSERT INTO orders (order_id, created_at, delivery_id, payment_id, supporting_project_id) VALUES (1907, (SELECT projects.start_date + INTERVAL 48 DAY FROM projects WHERE projects.id=44), 1, 1907, 1907);
INSERT INTO supporting_packages(id, option_list, package_count, order_id, project_package_id, supporting_project_id) VALUES (1907, '["키링"]', 5, 1907, 44, 1907);
INSERT INTO supporting_projects(supporting_project_id, supported_at, delivery_id, payment_id, project_id, user_id) VALUES (1908, (SELECT projects.start_date + INTERVAL 14 DAY FROM projects WHERE projects.id=44), 1908, 1908, 44, 10);
INSERT INTO orders (order_id, created_at, delivery_id, payment_id, supporting_project_id) VALUES (1908, (SELECT projects.start_date + INTERVAL 14 DAY FROM projects WHERE projects.id=44), 1, 1908, 1908);
INSERT INTO supporting_packages(id, option_list, package_count, order_id, project_package_id, supporting_project_id) VALUES (1908, '["에코백"]', 5, 1908, 44, 1908);
INSERT INTO supporting_projects(supporting_project_id, supported_at, delivery_id, payment_id, project_id, user_id) VALUES (1909, (SELECT projects.start_date + INTERVAL 45 DAY FROM projects WHERE projects.id=44), 1909, 1909, 44, 33);
INSERT INTO orders (order_id, created_at, delivery_id, payment_id, supporting_project_id) VALUES (1909, (SELECT projects.start_date + INTERVAL 45 DAY FROM projects WHERE projects.id=44), 1, 1909, 1909);
INSERT INTO supporting_packages(id, option_list, package_count, order_id, project_package_id, supporting_project_id) VALUES (1909, '["머그컵"]', 5, 1909, 44, 1909);
INSERT INTO supporting_projects(supporting_project_id, supported_at, delivery_id, payment_id, project_id, user_id) VALUES (1910, (SELECT projects.start_date + INTERVAL 13 DAY FROM projects WHERE projects.id=44), 1910, 1910, 44, 16);
INSERT INTO orders (order_id, created_at, delivery_id, payment_id, supporting_project_id) VALUES (1910, (SELECT projects.start_date + INTERVAL 13 DAY FROM projects WHERE projects.id=44), 1, 1910, 1910);
INSERT INTO supporting_packages(id, option_list, package_count, order_id, project_package_id, supporting_project_id) VALUES (1910, '["에코백"]', 6, 1910, 44, 1910);
INSERT INTO supporting_projects(supporting_project_id, supported_at, delivery_id, payment_id, project_id, user_id) VALUES (1911, (SELECT projects.start_date + INTERVAL 37 DAY FROM projects WHERE projects.id=44), 1911, 1911, 44, 27);
INSERT INTO orders (order_id, created_at, delivery_id, payment_id, supporting_project_id) VALUES (1911, (SELECT projects.start_date + INTERVAL 37 DAY FROM projects WHERE projects.id=44), 1, 1911, 1911);
INSERT INTO supporting_packages(id, option_list, package_count, order_id, project_package_id, supporting_project_id) VALUES (1911, '["에코백"]', 9, 1911, 44, 1911);
INSERT INTO supporting_projects(supporting_project_id, supported_at, delivery_id, payment_id, project_id, user_id) VALUES (1912, (SELECT projects.start_date + INTERVAL 46 DAY FROM projects WHERE projects.id=44), 1912, 1912, 44, 40);
INSERT INTO orders (order_id, created_at, delivery_id, payment_id, supporting_project_id) VALUES (1912, (SELECT projects.start_date + INTERVAL 46 DAY FROM projects WHERE projects.id=44), 1, 1912, 1912);
INSERT INTO supporting_packages(id, option_list, package_count, order_id, project_package_id, supporting_project_id) VALUES (1912, '["머그컵"]', 4, 1912, 44, 1912);
INSERT INTO supporting_projects(supporting_project_id, supported_at, delivery_id, payment_id, project_id, user_id) VALUES (1913, (SELECT projects.start_date + INTERVAL 39 DAY FROM projects WHERE projects.id=44), 1913, 1913, 44, 23);
INSERT INTO orders (order_id, created_at, delivery_id, payment_id, supporting_project_id) VALUES (1913, (SELECT projects.start_date + INTERVAL 39 DAY FROM projects WHERE projects.id=44), 1, 1913, 1913);
INSERT INTO supporting_packages(id, option_list, package_count, order_id, project_package_id, supporting_project_id) VALUES (1913, '["키링"]', 10, 1913, 44, 1913);
INSERT INTO supporting_projects(supporting_project_id, supported_at, delivery_id, payment_id, project_id, user_id) VALUES (1914, (SELECT projects.start_date + INTERVAL 42 DAY FROM projects WHERE projects.id=44), 1914, 1914, 44, 9);
INSERT INTO orders (order_id, created_at, delivery_id, payment_id, supporting_project_id) VALUES (1914, (SELECT projects.start_date + INTERVAL 42 DAY FROM projects WHERE projects.id=44), 1, 1914, 1914);
INSERT INTO supporting_packages(id, option_list, package_count, order_id, project_package_id, supporting_project_id) VALUES (1914, '["에코백"]', 6, 1914, 44, 1914);
INSERT INTO supporting_projects(supporting_project_id, supported_at, delivery_id, payment_id, project_id, user_id) VALUES (1915, (SELECT projects.start_date + INTERVAL 33 DAY FROM projects WHERE projects.id=44), 1915, 1915, 44, 23);
INSERT INTO orders (order_id, created_at, delivery_id, payment_id, supporting_project_id) VALUES (1915, (SELECT projects.start_date + INTERVAL 33 DAY FROM projects WHERE projects.id=44), 1, 1915, 1915);
INSERT INTO supporting_packages(id, option_list, package_count, order_id, project_package_id, supporting_project_id) VALUES (1915, '["키링"]', 3, 1915, 44, 1915);
INSERT INTO supporting_projects(supporting_project_id, supported_at, delivery_id, payment_id, project_id, user_id) VALUES (1916, (SELECT projects.start_date + INTERVAL 18 DAY FROM projects WHERE projects.id=44), 1916, 1916, 44, 36);
INSERT INTO orders (order_id, created_at, delivery_id, payment_id, supporting_project_id) VALUES (1916, (SELECT projects.start_date + INTERVAL 18 DAY FROM projects WHERE projects.id=44), 1, 1916, 1916);
INSERT INTO supporting_packages(id, option_list, package_count, order_id, project_package_id, supporting_project_id) VALUES (1916, '["머그컵"]', 1, 1916, 44, 1916);
INSERT INTO supporting_projects(supporting_project_id, supported_at, delivery_id, payment_id, project_id, user_id) VALUES (1917, (SELECT projects.start_date + INTERVAL 2 DAY FROM projects WHERE projects.id=44), 1917, 1917, 44, 12);
INSERT INTO orders (order_id, created_at, delivery_id, payment_id, supporting_project_id) VALUES (1917, (SELECT projects.start_date + INTERVAL 2 DAY FROM projects WHERE projects.id=44), 1, 1917, 1917);
INSERT INTO supporting_packages(id, option_list, package_count, order_id, project_package_id, supporting_project_id) VALUES (1917, '["에코백"]', 3, 1917, 44, 1917);
INSERT INTO supporting_projects(supporting_project_id, supported_at, delivery_id, payment_id, project_id, user_id) VALUES (1918, (SELECT projects.start_date + INTERVAL 45 DAY FROM projects WHERE projects.id=44), 1918, 1918, 44, 37);
INSERT INTO orders (order_id, created_at, delivery_id, payment_id, supporting_project_id) VALUES (1918, (SELECT projects.start_date + INTERVAL 45 DAY FROM projects WHERE projects.id=44), 1, 1918, 1918);
INSERT INTO supporting_packages(id, option_list, package_count, order_id, project_package_id, supporting_project_id) VALUES (1918, '["머그컵"]', 1, 1918, 44, 1918);
INSERT INTO supporting_projects(supporting_project_id, supported_at, delivery_id, payment_id, project_id, user_id) VALUES (1919, (SELECT projects.start_date + INTERVAL 25 DAY FROM projects WHERE projects.id=44), 1919, 1919, 44, 35);
INSERT INTO orders (order_id, created_at, delivery_id, payment_id, supporting_project_id) VALUES (1919, (SELECT projects.start_date + INTERVAL 25 DAY FROM projects WHERE projects.id=44), 1, 1919, 1919);
INSERT INTO supporting_packages(id, option_list, package_count, order_id, project_package_id, supporting_project_id) VALUES (1919, '["머그컵"]', 2, 1919, 44, 1919);
INSERT INTO supporting_projects(supporting_project_id, supported_at, delivery_id, payment_id, project_id, user_id) VALUES (1920, (SELECT projects.start_date + INTERVAL 40 DAY FROM projects WHERE projects.id=44), 1920, 1920, 44, 30);
INSERT INTO orders (order_id, created_at, delivery_id, payment_id, supporting_project_id) VALUES (1920, (SELECT projects.start_date + INTERVAL 40 DAY FROM projects WHERE projects.id=44), 1, 1920, 1920);
INSERT INTO supporting_packages(id, option_list, package_count, order_id, project_package_id, supporting_project_id) VALUES (1920, '["키링"]', 4, 1920, 44, 1920);
INSERT INTO supporting_projects(supporting_project_id, supported_at, delivery_id, payment_id, project_id, user_id) VALUES (1921, (SELECT projects.start_date + INTERVAL 12 DAY FROM projects WHERE projects.id=44), 1921, 1921, 44, 10);
INSERT INTO orders (order_id, created_at, delivery_id, payment_id, supporting_project_id) VALUES (1921, (SELECT projects.start_date + INTERVAL 12 DAY FROM projects WHERE projects.id=44), 1, 1921, 1921);
INSERT INTO supporting_packages(id, option_list, package_count, order_id, project_package_id, supporting_project_id) VALUES (1921, '["머그컵"]', 2, 1921, 44, 1921);
INSERT INTO supporting_projects(supporting_project_id, supported_at, delivery_id, payment_id, project_id, user_id) VALUES (1922, (SELECT projects.start_date + INTERVAL 14 DAY FROM projects WHERE projects.id=44), 1922, 1922, 44, 32);
INSERT INTO orders (order_id, created_at, delivery_id, payment_id, supporting_project_id) VALUES (1922, (SELECT projects.start_date + INTERVAL 14 DAY FROM projects WHERE projects.id=44), 1, 1922, 1922);
INSERT INTO supporting_packages(id, option_list, package_count, order_id, project_package_id, supporting_project_id) VALUES (1922, '["키링"]', 6, 1922, 44, 1922);
INSERT INTO supporting_projects(supporting_project_id, supported_at, delivery_id, payment_id, project_id, user_id) VALUES (1923, (SELECT projects.start_date + INTERVAL 20 DAY FROM projects WHERE projects.id=44), 1923, 1923, 44, 6);
INSERT INTO orders (order_id, created_at, delivery_id, payment_id, supporting_project_id) VALUES (1923, (SELECT projects.start_date + INTERVAL 20 DAY FROM projects WHERE projects.id=44), 1, 1923, 1923);
INSERT INTO supporting_packages(id, option_list, package_count, order_id, project_package_id, supporting_project_id) VALUES (1923, '["에코백"]', 1, 1923, 44, 1923);
INSERT INTO supporting_projects(supporting_project_id, supported_at, delivery_id, payment_id, project_id, user_id) VALUES (1924, (SELECT projects.start_date + INTERVAL 4 DAY FROM projects WHERE projects.id=44), 1924, 1924, 44, 32);
INSERT INTO orders (order_id, created_at, delivery_id, payment_id, supporting_project_id) VALUES (1924, (SELECT projects.start_date + INTERVAL 4 DAY FROM projects WHERE projects.id=44), 1, 1924, 1924);
INSERT INTO supporting_packages(id, option_list, package_count, order_id, project_package_id, supporting_project_id) VALUES (1924, '["에코백"]', 2, 1924, 44, 1924);
INSERT INTO supporting_projects(supporting_project_id, supported_at, delivery_id, payment_id, project_id, user_id) VALUES (1925, (SELECT projects.start_date + INTERVAL 4 DAY FROM projects WHERE projects.id=44), 1925, 1925, 44, 2);
INSERT INTO orders (order_id, created_at, delivery_id, payment_id, supporting_project_id) VALUES (1925, (SELECT projects.start_date + INTERVAL 4 DAY FROM projects WHERE projects.id=44), 1, 1925, 1925);
INSERT INTO supporting_packages(id, option_list, package_count, order_id, project_package_id, supporting_project_id) VALUES (1925, '["키링"]', 8, 1925, 44, 1925);
INSERT INTO supporting_projects(supporting_project_id, supported_at, delivery_id, payment_id, project_id, user_id) VALUES (1926, (SELECT projects.start_date + INTERVAL 7 DAY FROM projects WHERE projects.id=44), 1926, 1926, 44, 23);
INSERT INTO orders (order_id, created_at, delivery_id, payment_id, supporting_project_id) VALUES (1926, (SELECT projects.start_date + INTERVAL 7 DAY FROM projects WHERE projects.id=44), 1, 1926, 1926);
INSERT INTO supporting_packages(id, option_list, package_count, order_id, project_package_id, supporting_project_id) VALUES (1926, '["에코백"]', 5, 1926, 44, 1926);
INSERT INTO supporting_projects(supporting_project_id, supported_at, delivery_id, payment_id, project_id, user_id) VALUES (1927, (SELECT projects.start_date + INTERVAL 6 DAY FROM projects WHERE projects.id=44), 1927, 1927, 44, 9);
INSERT INTO orders (order_id, created_at, delivery_id, payment_id, supporting_project_id) VALUES (1927, (SELECT projects.start_date + INTERVAL 6 DAY FROM projects WHERE projects.id=44), 1, 1927, 1927);
INSERT INTO supporting_packages(id, option_list, package_count, order_id, project_package_id, supporting_project_id) VALUES (1927, '["에코백"]', 9, 1927, 44, 1927);
INSERT INTO supporting_projects(supporting_project_id, supported_at, delivery_id, payment_id, project_id, user_id) VALUES (1928, (SELECT projects.start_date + INTERVAL 5 DAY FROM projects WHERE projects.id=44), 1928, 1928, 44, 14);
INSERT INTO orders (order_id, created_at, delivery_id, payment_id, supporting_project_id) VALUES (1928, (SELECT projects.start_date + INTERVAL 5 DAY FROM projects WHERE projects.id=44), 1, 1928, 1928);
INSERT INTO supporting_packages(id, option_list, package_count, order_id, project_package_id, supporting_project_id) VALUES (1928, '["에코백"]', 1, 1928, 44, 1928);
INSERT INTO supporting_projects(supporting_project_id, supported_at, delivery_id, payment_id, project_id, user_id) VALUES (1929, (SELECT projects.start_date + INTERVAL 16 DAY FROM projects WHERE projects.id=44), 1929, 1929, 44, 12);
INSERT INTO orders (order_id, created_at, delivery_id, payment_id, supporting_project_id) VALUES (1929, (SELECT projects.start_date + INTERVAL 16 DAY FROM projects WHERE projects.id=44), 1, 1929, 1929);
INSERT INTO supporting_packages(id, option_list, package_count, order_id, project_package_id, supporting_project_id) VALUES (1929, '["에코백"]', 6, 1929, 44, 1929);
INSERT INTO supporting_projects(supporting_project_id, supported_at, delivery_id, payment_id, project_id, user_id) VALUES (1930, (SELECT projects.start_date + INTERVAL 47 DAY FROM projects WHERE projects.id=44), 1930, 1930, 44, 20);
INSERT INTO orders (order_id, created_at, delivery_id, payment_id, supporting_project_id) VALUES (1930, (SELECT projects.start_date + INTERVAL 47 DAY FROM projects WHERE projects.id=44), 1, 1930, 1930);
INSERT INTO supporting_packages(id, option_list, package_count, order_id, project_package_id, supporting_project_id) VALUES (1930, '["머그컵"]', 9, 1930, 44, 1930);
INSERT INTO supporting_projects(supporting_project_id, supported_at, delivery_id, payment_id, project_id, user_id) VALUES (1931, (SELECT projects.start_date + INTERVAL 8 DAY FROM projects WHERE projects.id=44), 1931, 1931, 44, 31);
INSERT INTO orders (order_id, created_at, delivery_id, payment_id, supporting_project_id) VALUES (1931, (SELECT projects.start_date + INTERVAL 8 DAY FROM projects WHERE projects.id=44), 1, 1931, 1931);
INSERT INTO supporting_packages(id, option_list, package_count, order_id, project_package_id, supporting_project_id) VALUES (1931, '["키링"]', 1, 1931, 44, 1931);
INSERT INTO supporting_projects(supporting_project_id, supported_at, delivery_id, payment_id, project_id, user_id) VALUES (1932, (SELECT projects.start_date + INTERVAL 3 DAY FROM projects WHERE projects.id=44), 1932, 1932, 44, 3);
INSERT INTO orders (order_id, created_at, delivery_id, payment_id, supporting_project_id) VALUES (1932, (SELECT projects.start_date + INTERVAL 3 DAY FROM projects WHERE projects.id=44), 1, 1932, 1932);
INSERT INTO supporting_packages(id, option_list, package_count, order_id, project_package_id, supporting_project_id) VALUES (1932, '["키링"]', 5, 1932, 44, 1932);
INSERT INTO supporting_projects(supporting_project_id, supported_at, delivery_id, payment_id, project_id, user_id) VALUES (1933, (SELECT projects.start_date + INTERVAL 24 DAY FROM projects WHERE projects.id=44), 1933, 1933, 44, 39);
INSERT INTO orders (order_id, created_at, delivery_id, payment_id, supporting_project_id) VALUES (1933, (SELECT projects.start_date + INTERVAL 24 DAY FROM projects WHERE projects.id=44), 1, 1933, 1933);
INSERT INTO supporting_packages(id, option_list, package_count, order_id, project_package_id, supporting_project_id) VALUES (1933, '["머그컵"]', 7, 1933, 44, 1933);
INSERT INTO supporting_projects(supporting_project_id, supported_at, delivery_id, payment_id, project_id, user_id) VALUES (1934, (SELECT projects.start_date + INTERVAL 23 DAY FROM projects WHERE projects.id=44), 1934, 1934, 44, 23);
INSERT INTO orders (order_id, created_at, delivery_id, payment_id, supporting_project_id) VALUES (1934, (SELECT projects.start_date + INTERVAL 23 DAY FROM projects WHERE projects.id=44), 1, 1934, 1934);
INSERT INTO supporting_packages(id, option_list, package_count, order_id, project_package_id, supporting_project_id) VALUES (1934, '["에코백"]', 10, 1934, 44, 1934);
INSERT INTO supporting_projects(supporting_project_id, supported_at, delivery_id, payment_id, project_id, user_id) VALUES (1935, (SELECT projects.start_date + INTERVAL 30 DAY FROM projects WHERE projects.id=44), 1935, 1935, 44, 17);
INSERT INTO orders (order_id, created_at, delivery_id, payment_id, supporting_project_id) VALUES (1935, (SELECT projects.start_date + INTERVAL 30 DAY FROM projects WHERE projects.id=44), 1, 1935, 1935);
INSERT INTO supporting_packages(id, option_list, package_count, order_id, project_package_id, supporting_project_id) VALUES (1935, '["에코백"]', 7, 1935, 44, 1935);
INSERT INTO supporting_projects(supporting_project_id, supported_at, delivery_id, payment_id, project_id, user_id) VALUES (1936, (SELECT projects.start_date + INTERVAL 33 DAY FROM projects WHERE projects.id=44), 1936, 1936, 44, 7);
INSERT INTO orders (order_id, created_at, delivery_id, payment_id, supporting_project_id) VALUES (1936, (SELECT projects.start_date + INTERVAL 33 DAY FROM projects WHERE projects.id=44), 1, 1936, 1936);
INSERT INTO supporting_packages(id, option_list, package_count, order_id, project_package_id, supporting_project_id) VALUES (1936, '["키링"]', 1, 1936, 44, 1936);
INSERT INTO supporting_projects(supporting_project_id, supported_at, delivery_id, payment_id, project_id, user_id) VALUES (1937, (SELECT projects.start_date + INTERVAL 7 DAY FROM projects WHERE projects.id=44), 1937, 1937, 44, 30);
INSERT INTO orders (order_id, created_at, delivery_id, payment_id, supporting_project_id) VALUES (1937, (SELECT projects.start_date + INTERVAL 7 DAY FROM projects WHERE projects.id=44), 1, 1937, 1937);
INSERT INTO supporting_packages(id, option_list, package_count, order_id, project_package_id, supporting_project_id) VALUES (1937, '["머그컵"]', 3, 1937, 44, 1937);
INSERT INTO supporting_projects(supporting_project_id, supported_at, delivery_id, payment_id, project_id, user_id) VALUES (1938, (SELECT projects.start_date + INTERVAL 40 DAY FROM projects WHERE projects.id=44), 1938, 1938, 44, 39);
INSERT INTO orders (order_id, created_at, delivery_id, payment_id, supporting_project_id) VALUES (1938, (SELECT projects.start_date + INTERVAL 40 DAY FROM projects WHERE projects.id=44), 1, 1938, 1938);
INSERT INTO supporting_packages(id, option_list, package_count, order_id, project_package_id, supporting_project_id) VALUES (1938, '["머그컵"]', 1, 1938, 44, 1938);
INSERT INTO supporting_projects(supporting_project_id, supported_at, delivery_id, payment_id, project_id, user_id) VALUES (1939, (SELECT projects.start_date + INTERVAL 18 DAY FROM projects WHERE projects.id=44), 1939, 1939, 44, 8);
INSERT INTO orders (order_id, created_at, delivery_id, payment_id, supporting_project_id) VALUES (1939, (SELECT projects.start_date + INTERVAL 18 DAY FROM projects WHERE projects.id=44), 1, 1939, 1939);
INSERT INTO supporting_packages(id, option_list, package_count, order_id, project_package_id, supporting_project_id) VALUES (1939, '["머그컵"]', 6, 1939, 44, 1939);
INSERT INTO supporting_projects(supporting_project_id, supported_at, delivery_id, payment_id, project_id, user_id) VALUES (1940, (SELECT projects.start_date + INTERVAL 41 DAY FROM projects WHERE projects.id=44), 1940, 1940, 44, 30);
INSERT INTO orders (order_id, created_at, delivery_id, payment_id, supporting_project_id) VALUES (1940, (SELECT projects.start_date + INTERVAL 41 DAY FROM projects WHERE projects.id=44), 1, 1940, 1940);
INSERT INTO supporting_packages(id, option_list, package_count, order_id, project_package_id, supporting_project_id) VALUES (1940, '["에코백"]', 9, 1940, 44, 1940);
INSERT INTO supporting_projects(supporting_project_id, supported_at, delivery_id, payment_id, project_id, user_id) VALUES (1941, (SELECT projects.start_date + INTERVAL 11 DAY FROM projects WHERE projects.id=44), 1941, 1941, 44, 25);
INSERT INTO orders (order_id, created_at, delivery_id, payment_id, supporting_project_id) VALUES (1941, (SELECT projects.start_date + INTERVAL 11 DAY FROM projects WHERE projects.id=44), 1, 1941, 1941);
INSERT INTO supporting_packages(id, option_list, package_count, order_id, project_package_id, supporting_project_id) VALUES (1941, '["머그컵"]', 6, 1941, 44, 1941);
INSERT INTO supporting_projects(supporting_project_id, supported_at, delivery_id, payment_id, project_id, user_id) VALUES (1942, (SELECT projects.start_date + INTERVAL 12 DAY FROM projects WHERE projects.id=44), 1942, 1942, 44, 25);
INSERT INTO orders (order_id, created_at, delivery_id, payment_id, supporting_project_id) VALUES (1942, (SELECT projects.start_date + INTERVAL 12 DAY FROM projects WHERE projects.id=44), 1, 1942, 1942);
INSERT INTO supporting_packages(id, option_list, package_count, order_id, project_package_id, supporting_project_id) VALUES (1942, '["머그컵"]', 10, 1942, 44, 1942);
INSERT INTO supporting_projects(supporting_project_id, supported_at, delivery_id, payment_id, project_id, user_id) VALUES (1943, (SELECT projects.start_date + INTERVAL 16 DAY FROM projects WHERE projects.id=44), 1943, 1943, 44, 22);
INSERT INTO orders (order_id, created_at, delivery_id, payment_id, supporting_project_id) VALUES (1943, (SELECT projects.start_date + INTERVAL 16 DAY FROM projects WHERE projects.id=44), 1, 1943, 1943);
INSERT INTO supporting_packages(id, option_list, package_count, order_id, project_package_id, supporting_project_id) VALUES (1943, '["키링"]', 2, 1943, 44, 1943);
INSERT INTO supporting_projects(supporting_project_id, supported_at, delivery_id, payment_id, project_id, user_id) VALUES (1944, (SELECT projects.start_date + INTERVAL 37 DAY FROM projects WHERE projects.id=44), 1944, 1944, 44, 20);
INSERT INTO orders (order_id, created_at, delivery_id, payment_id, supporting_project_id) VALUES (1944, (SELECT projects.start_date + INTERVAL 37 DAY FROM projects WHERE projects.id=44), 1, 1944, 1944);
INSERT INTO supporting_packages(id, option_list, package_count, order_id, project_package_id, supporting_project_id) VALUES (1944, '["에코백"]', 3, 1944, 44, 1944);
INSERT INTO supporting_projects(supporting_project_id, supported_at, delivery_id, payment_id, project_id, user_id) VALUES (1945, (SELECT projects.start_date + INTERVAL 32 DAY FROM projects WHERE projects.id=44), 1945, 1945, 44, 37);
INSERT INTO orders (order_id, created_at, delivery_id, payment_id, supporting_project_id) VALUES (1945, (SELECT projects.start_date + INTERVAL 32 DAY FROM projects WHERE projects.id=44), 1, 1945, 1945);
INSERT INTO supporting_packages(id, option_list, package_count, order_id, project_package_id, supporting_project_id) VALUES (1945, '["에코백"]', 3, 1945, 44, 1945);
INSERT INTO supporting_projects(supporting_project_id, supported_at, delivery_id, payment_id, project_id, user_id) VALUES (1946, (SELECT projects.start_date + INTERVAL 5 DAY FROM projects WHERE projects.id=44), 1946, 1946, 44, 19);
INSERT INTO orders (order_id, created_at, delivery_id, payment_id, supporting_project_id) VALUES (1946, (SELECT projects.start_date + INTERVAL 5 DAY FROM projects WHERE projects.id=44), 1, 1946, 1946);
INSERT INTO supporting_packages(id, option_list, package_count, order_id, project_package_id, supporting_project_id) VALUES (1946, '["에코백"]', 8, 1946, 44, 1946);
INSERT INTO supporting_projects(supporting_project_id, supported_at, delivery_id, payment_id, project_id, user_id) VALUES (1947, (SELECT projects.start_date + INTERVAL 40 DAY FROM projects WHERE projects.id=44), 1947, 1947, 44, 21);
INSERT INTO orders (order_id, created_at, delivery_id, payment_id, supporting_project_id) VALUES (1947, (SELECT projects.start_date + INTERVAL 40 DAY FROM projects WHERE projects.id=44), 1, 1947, 1947);
INSERT INTO supporting_packages(id, option_list, package_count, order_id, project_package_id, supporting_project_id) VALUES (1947, '["에코백"]', 8, 1947, 44, 1947);
INSERT INTO supporting_projects(supporting_project_id, supported_at, delivery_id, payment_id, project_id, user_id) VALUES (1948, (SELECT projects.start_date + INTERVAL 35 DAY FROM projects WHERE projects.id=44), 1948, 1948, 44, 16);
INSERT INTO orders (order_id, created_at, delivery_id, payment_id, supporting_project_id) VALUES (1948, (SELECT projects.start_date + INTERVAL 35 DAY FROM projects WHERE projects.id=44), 1, 1948, 1948);
INSERT INTO supporting_packages(id, option_list, package_count, order_id, project_package_id, supporting_project_id) VALUES (1948, '["키링"]', 4, 1948, 44, 1948);
INSERT INTO supporting_projects(supporting_project_id, supported_at, delivery_id, payment_id, project_id, user_id) VALUES (1949, (SELECT projects.start_date + INTERVAL 28 DAY FROM projects WHERE projects.id=44), 1949, 1949, 44, 13);
INSERT INTO orders (order_id, created_at, delivery_id, payment_id, supporting_project_id) VALUES (1949, (SELECT projects.start_date + INTERVAL 28 DAY FROM projects WHERE projects.id=44), 1, 1949, 1949);
INSERT INTO supporting_packages(id, option_list, package_count, order_id, project_package_id, supporting_project_id) VALUES (1949, '["에코백"]', 3, 1949, 44, 1949);
INSERT INTO supporting_projects(supporting_project_id, supported_at, delivery_id, payment_id, project_id, user_id) VALUES (1950, (SELECT projects.start_date + INTERVAL 1 DAY FROM projects WHERE projects.id=44), 1950, 1950, 44, 23);
INSERT INTO orders (order_id, created_at, delivery_id, payment_id, supporting_project_id) VALUES (1950, (SELECT projects.start_date + INTERVAL 1 DAY FROM projects WHERE projects.id=44), 1, 1950, 1950);
INSERT INTO supporting_packages(id, option_list, package_count, order_id, project_package_id, supporting_project_id) VALUES (1950, '["머그컵"]', 5, 1950, 44, 1950);
INSERT INTO supporting_projects(supporting_project_id, supported_at, delivery_id, payment_id, project_id, user_id) VALUES (1951, (SELECT projects.start_date + INTERVAL 7 DAY FROM projects WHERE projects.id=44), 1951, 1951, 44, 36);
INSERT INTO orders (order_id, created_at, delivery_id, payment_id, supporting_project_id) VALUES (1951, (SELECT projects.start_date + INTERVAL 7 DAY FROM projects WHERE projects.id=44), 1, 1951, 1951);
INSERT INTO supporting_packages(id, option_list, package_count, order_id, project_package_id, supporting_project_id) VALUES (1951, '["에코백"]', 8, 1951, 44, 1951);
INSERT INTO supporting_projects(supporting_project_id, supported_at, delivery_id, payment_id, project_id, user_id) VALUES (1952, (SELECT projects.start_date + INTERVAL 20 DAY FROM projects WHERE projects.id=44), 1952, 1952, 44, 20);
INSERT INTO orders (order_id, created_at, delivery_id, payment_id, supporting_project_id) VALUES (1952, (SELECT projects.start_date + INTERVAL 20 DAY FROM projects WHERE projects.id=44), 1, 1952, 1952);
INSERT INTO supporting_packages(id, option_list, package_count, order_id, project_package_id, supporting_project_id) VALUES (1952, '["머그컵"]', 4, 1952, 44, 1952);
INSERT INTO supporting_projects(supporting_project_id, supported_at, delivery_id, payment_id, project_id, user_id) VALUES (1953, (SELECT projects.start_date + INTERVAL 13 DAY FROM projects WHERE projects.id=44), 1953, 1953, 44, 31);
INSERT INTO orders (order_id, created_at, delivery_id, payment_id, supporting_project_id) VALUES (1953, (SELECT projects.start_date + INTERVAL 13 DAY FROM projects WHERE projects.id=44), 1, 1953, 1953);
INSERT INTO supporting_packages(id, option_list, package_count, order_id, project_package_id, supporting_project_id) VALUES (1953, '["머그컵"]', 2, 1953, 44, 1953);
INSERT INTO supporting_projects(supporting_project_id, supported_at, delivery_id, payment_id, project_id, user_id) VALUES (1954, (SELECT projects.start_date + INTERVAL 28 DAY FROM projects WHERE projects.id=44), 1954, 1954, 44, 38);
INSERT INTO orders (order_id, created_at, delivery_id, payment_id, supporting_project_id) VALUES (1954, (SELECT projects.start_date + INTERVAL 28 DAY FROM projects WHERE projects.id=44), 1, 1954, 1954);
INSERT INTO supporting_packages(id, option_list, package_count, order_id, project_package_id, supporting_project_id) VALUES (1954, '["에코백"]', 2, 1954, 44, 1954);
INSERT INTO supporting_projects(supporting_project_id, supported_at, delivery_id, payment_id, project_id, user_id) VALUES (1955, (SELECT projects.start_date + INTERVAL 49 DAY FROM projects WHERE projects.id=44), 1955, 1955, 44, 23);
INSERT INTO orders (order_id, created_at, delivery_id, payment_id, supporting_project_id) VALUES (1955, (SELECT projects.start_date + INTERVAL 49 DAY FROM projects WHERE projects.id=44), 1, 1955, 1955);
INSERT INTO supporting_packages(id, option_list, package_count, order_id, project_package_id, supporting_project_id) VALUES (1955, '["머그컵"]', 9, 1955, 44, 1955);
INSERT INTO supporting_projects(supporting_project_id, supported_at, delivery_id, payment_id, project_id, user_id) VALUES (1956, (SELECT projects.start_date + INTERVAL 14 DAY FROM projects WHERE projects.id=44), 1956, 1956, 44, 34);
INSERT INTO orders (order_id, created_at, delivery_id, payment_id, supporting_project_id) VALUES (1956, (SELECT projects.start_date + INTERVAL 14 DAY FROM projects WHERE projects.id=44), 1, 1956, 1956);
INSERT INTO supporting_packages(id, option_list, package_count, order_id, project_package_id, supporting_project_id) VALUES (1956, '["머그컵"]', 5, 1956, 44, 1956);
INSERT INTO supporting_projects(supporting_project_id, supported_at, delivery_id, payment_id, project_id, user_id) VALUES (1957, (SELECT projects.start_date + INTERVAL 49 DAY FROM projects WHERE projects.id=44), 1957, 1957, 44, 21);
INSERT INTO orders (order_id, created_at, delivery_id, payment_id, supporting_project_id) VALUES (1957, (SELECT projects.start_date + INTERVAL 49 DAY FROM projects WHERE projects.id=44), 1, 1957, 1957);
INSERT INTO supporting_packages(id, option_list, package_count, order_id, project_package_id, supporting_project_id) VALUES (1957, '["키링"]', 9, 1957, 44, 1957);
INSERT INTO supporting_projects(supporting_project_id, supported_at, delivery_id, payment_id, project_id, user_id) VALUES (1958, (SELECT projects.start_date + INTERVAL 32 DAY FROM projects WHERE projects.id=44), 1958, 1958, 44, 1);
INSERT INTO orders (order_id, created_at, delivery_id, payment_id, supporting_project_id) VALUES (1958, (SELECT projects.start_date + INTERVAL 32 DAY FROM projects WHERE projects.id=44), 1, 1958, 1958);
INSERT INTO supporting_packages(id, option_list, package_count, order_id, project_package_id, supporting_project_id) VALUES (1958, '["키링"]', 2, 1958, 44, 1958);
INSERT INTO supporting_projects(supporting_project_id, supported_at, delivery_id, payment_id, project_id, user_id) VALUES (1959, (SELECT projects.start_date + INTERVAL 41 DAY FROM projects WHERE projects.id=44), 1959, 1959, 44, 2);
INSERT INTO orders (order_id, created_at, delivery_id, payment_id, supporting_project_id) VALUES (1959, (SELECT projects.start_date + INTERVAL 41 DAY FROM projects WHERE projects.id=44), 1, 1959, 1959);
INSERT INTO supporting_packages(id, option_list, package_count, order_id, project_package_id, supporting_project_id) VALUES (1959, '["에코백"]', 4, 1959, 44, 1959);
INSERT INTO supporting_projects(supporting_project_id, supported_at, delivery_id, payment_id, project_id, user_id) VALUES (1960, (SELECT projects.start_date + INTERVAL 3 DAY FROM projects WHERE projects.id=44), 1960, 1960, 44, 38);
INSERT INTO orders (order_id, created_at, delivery_id, payment_id, supporting_project_id) VALUES (1960, (SELECT projects.start_date + INTERVAL 3 DAY FROM projects WHERE projects.id=44), 1, 1960, 1960);
INSERT INTO supporting_packages(id, option_list, package_count, order_id, project_package_id, supporting_project_id) VALUES (1960, '["머그컵"]', 5, 1960, 44, 1960);
INSERT INTO supporting_projects(supporting_project_id, supported_at, delivery_id, payment_id, project_id, user_id) VALUES (1961, (SELECT projects.start_date + INTERVAL 32 DAY FROM projects WHERE projects.id=44), 1961, 1961, 44, 5);
INSERT INTO orders (order_id, created_at, delivery_id, payment_id, supporting_project_id) VALUES (1961, (SELECT projects.start_date + INTERVAL 32 DAY FROM projects WHERE projects.id=44), 1, 1961, 1961);
INSERT INTO supporting_packages(id, option_list, package_count, order_id, project_package_id, supporting_project_id) VALUES (1961, '["키링"]', 3, 1961, 44, 1961);
INSERT INTO supporting_projects(supporting_project_id, supported_at, delivery_id, payment_id, project_id, user_id) VALUES (1962, (SELECT projects.start_date + INTERVAL 46 DAY FROM projects WHERE projects.id=44), 1962, 1962, 44, 19);
INSERT INTO orders (order_id, created_at, delivery_id, payment_id, supporting_project_id) VALUES (1962, (SELECT projects.start_date + INTERVAL 46 DAY FROM projects WHERE projects.id=44), 1, 1962, 1962);
INSERT INTO supporting_packages(id, option_list, package_count, order_id, project_package_id, supporting_project_id) VALUES (1962, '["에코백"]', 6, 1962, 44, 1962);
INSERT INTO supporting_projects(supporting_project_id, supported_at, delivery_id, payment_id, project_id, user_id) VALUES (1963, (SELECT projects.start_date + INTERVAL 48 DAY FROM projects WHERE projects.id=44), 1963, 1963, 44, 3);
INSERT INTO orders (order_id, created_at, delivery_id, payment_id, supporting_project_id) VALUES (1963, (SELECT projects.start_date + INTERVAL 48 DAY FROM projects WHERE projects.id=44), 1, 1963, 1963);
INSERT INTO supporting_packages(id, option_list, package_count, order_id, project_package_id, supporting_project_id) VALUES (1963, '["머그컵"]', 8, 1963, 44, 1963);
INSERT INTO supporting_projects(supporting_project_id, supported_at, delivery_id, payment_id, project_id, user_id) VALUES (1964, (SELECT projects.start_date + INTERVAL 7 DAY FROM projects WHERE projects.id=44), 1964, 1964, 44, 40);
INSERT INTO orders (order_id, created_at, delivery_id, payment_id, supporting_project_id) VALUES (1964, (SELECT projects.start_date + INTERVAL 7 DAY FROM projects WHERE projects.id=44), 1, 1964, 1964);
INSERT INTO supporting_packages(id, option_list, package_count, order_id, project_package_id, supporting_project_id) VALUES (1964, '["머그컵"]', 5, 1964, 44, 1964);
INSERT INTO supporting_projects(supporting_project_id, supported_at, delivery_id, payment_id, project_id, user_id) VALUES (1965, (SELECT projects.start_date + INTERVAL 4 DAY FROM projects WHERE projects.id=44), 1965, 1965, 44, 15);
INSERT INTO orders (order_id, created_at, delivery_id, payment_id, supporting_project_id) VALUES (1965, (SELECT projects.start_date + INTERVAL 4 DAY FROM projects WHERE projects.id=44), 1, 1965, 1965);
INSERT INTO supporting_packages(id, option_list, package_count, order_id, project_package_id, supporting_project_id) VALUES (1965, '["머그컵"]', 9, 1965, 44, 1965);
INSERT INTO supporting_projects(supporting_project_id, supported_at, delivery_id, payment_id, project_id, user_id) VALUES (1966, (SELECT projects.start_date + INTERVAL 14 DAY FROM projects WHERE projects.id=44), 1966, 1966, 44, 11);
INSERT INTO orders (order_id, created_at, delivery_id, payment_id, supporting_project_id) VALUES (1966, (SELECT projects.start_date + INTERVAL 14 DAY FROM projects WHERE projects.id=44), 1, 1966, 1966);
INSERT INTO supporting_packages(id, option_list, package_count, order_id, project_package_id, supporting_project_id) VALUES (1966, '["키링"]', 1, 1966, 44, 1966);
INSERT INTO supporting_projects(supporting_project_id, supported_at, delivery_id, payment_id, project_id, user_id) VALUES (1967, (SELECT projects.start_date + INTERVAL 29 DAY FROM projects WHERE projects.id=44), 1967, 1967, 44, 14);
INSERT INTO orders (order_id, created_at, delivery_id, payment_id, supporting_project_id) VALUES (1967, (SELECT projects.start_date + INTERVAL 29 DAY FROM projects WHERE projects.id=44), 1, 1967, 1967);
INSERT INTO supporting_packages(id, option_list, package_count, order_id, project_package_id, supporting_project_id) VALUES (1967, '["머그컵"]', 1, 1967, 44, 1967);
INSERT INTO supporting_projects(supporting_project_id, supported_at, delivery_id, payment_id, project_id, user_id) VALUES (1968, (SELECT projects.start_date + INTERVAL 23 DAY FROM projects WHERE projects.id=44), 1968, 1968, 44, 30);
INSERT INTO orders (order_id, created_at, delivery_id, payment_id, supporting_project_id) VALUES (1968, (SELECT projects.start_date + INTERVAL 23 DAY FROM projects WHERE projects.id=44), 1, 1968, 1968);
INSERT INTO supporting_packages(id, option_list, package_count, order_id, project_package_id, supporting_project_id) VALUES (1968, '["키링"]', 5, 1968, 44, 1968);
INSERT INTO supporting_projects(supporting_project_id, supported_at, delivery_id, payment_id, project_id, user_id) VALUES (1969, (SELECT projects.start_date + INTERVAL 13 DAY FROM projects WHERE projects.id=44), 1969, 1969, 44, 29);
INSERT INTO orders (order_id, created_at, delivery_id, payment_id, supporting_project_id) VALUES (1969, (SELECT projects.start_date + INTERVAL 13 DAY FROM projects WHERE projects.id=44), 1, 1969, 1969);
INSERT INTO supporting_packages(id, option_list, package_count, order_id, project_package_id, supporting_project_id) VALUES (1969, '["머그컵"]', 6, 1969, 44, 1969);
INSERT INTO supporting_projects(supporting_project_id, supported_at, delivery_id, payment_id, project_id, user_id) VALUES (1970, (SELECT projects.start_date + INTERVAL 12 DAY FROM projects WHERE projects.id=44), 1970, 1970, 44, 3);
INSERT INTO orders (order_id, created_at, delivery_id, payment_id, supporting_project_id) VALUES (1970, (SELECT projects.start_date + INTERVAL 12 DAY FROM projects WHERE projects.id=44), 1, 1970, 1970);
INSERT INTO supporting_packages(id, option_list, package_count, order_id, project_package_id, supporting_project_id) VALUES (1970, '["키링"]', 7, 1970, 44, 1970);
INSERT INTO supporting_projects(supporting_project_id, supported_at, delivery_id, payment_id, project_id, user_id) VALUES (1971, (SELECT projects.start_date + INTERVAL 7 DAY FROM projects WHERE projects.id=44), 1971, 1971, 44, 38);
INSERT INTO orders (order_id, created_at, delivery_id, payment_id, supporting_project_id) VALUES (1971, (SELECT projects.start_date + INTERVAL 7 DAY FROM projects WHERE projects.id=44), 1, 1971, 1971);
INSERT INTO supporting_packages(id, option_list, package_count, order_id, project_package_id, supporting_project_id) VALUES (1971, '["키링"]', 1, 1971, 44, 1971);
INSERT INTO supporting_projects(supporting_project_id, supported_at, delivery_id, payment_id, project_id, user_id) VALUES (1972, (SELECT projects.start_date + INTERVAL 46 DAY FROM projects WHERE projects.id=44), 1972, 1972, 44, 4);
INSERT INTO orders (order_id, created_at, delivery_id, payment_id, supporting_project_id) VALUES (1972, (SELECT projects.start_date + INTERVAL 46 DAY FROM projects WHERE projects.id=44), 1, 1972, 1972);
INSERT INTO supporting_packages(id, option_list, package_count, order_id, project_package_id, supporting_project_id) VALUES (1972, '["머그컵"]', 2, 1972, 44, 1972);
INSERT INTO supporting_projects(supporting_project_id, supported_at, delivery_id, payment_id, project_id, user_id) VALUES (1973, (SELECT projects.start_date + INTERVAL 11 DAY FROM projects WHERE projects.id=44), 1973, 1973, 44, 26);
INSERT INTO orders (order_id, created_at, delivery_id, payment_id, supporting_project_id) VALUES (1973, (SELECT projects.start_date + INTERVAL 11 DAY FROM projects WHERE projects.id=44), 1, 1973, 1973);
INSERT INTO supporting_packages(id, option_list, package_count, order_id, project_package_id, supporting_project_id) VALUES (1973, '["키링"]', 10, 1973, 44, 1973);
INSERT INTO supporting_projects(supporting_project_id, supported_at, delivery_id, payment_id, project_id, user_id) VALUES (1974, (SELECT projects.start_date + INTERVAL 23 DAY FROM projects WHERE projects.id=44), 1974, 1974, 44, 29);
INSERT INTO orders (order_id, created_at, delivery_id, payment_id, supporting_project_id) VALUES (1974, (SELECT projects.start_date + INTERVAL 23 DAY FROM projects WHERE projects.id=44), 1, 1974, 1974);
INSERT INTO supporting_packages(id, option_list, package_count, order_id, project_package_id, supporting_project_id) VALUES (1974, '["머그컵"]', 1, 1974, 44, 1974);
INSERT INTO supporting_projects(supporting_project_id, supported_at, delivery_id, payment_id, project_id, user_id) VALUES (1975, (SELECT projects.start_date + INTERVAL 21 DAY FROM projects WHERE projects.id=44), 1975, 1975, 44, 8);
INSERT INTO orders (order_id, created_at, delivery_id, payment_id, supporting_project_id) VALUES (1975, (SELECT projects.start_date + INTERVAL 21 DAY FROM projects WHERE projects.id=44), 1, 1975, 1975);
INSERT INTO supporting_packages(id, option_list, package_count, order_id, project_package_id, supporting_project_id) VALUES (1975, '["머그컵"]', 2, 1975, 44, 1975);
INSERT INTO supporting_projects(supporting_project_id, supported_at, delivery_id, payment_id, project_id, user_id) VALUES (1976, (SELECT projects.start_date + INTERVAL 43 DAY FROM projects WHERE projects.id=44), 1976, 1976, 44, 28);
INSERT INTO orders (order_id, created_at, delivery_id, payment_id, supporting_project_id) VALUES (1976, (SELECT projects.start_date + INTERVAL 43 DAY FROM projects WHERE projects.id=44), 1, 1976, 1976);
INSERT INTO supporting_packages(id, option_list, package_count, order_id, project_package_id, supporting_project_id) VALUES (1976, '["키링"]', 4, 1976, 44, 1976);
INSERT INTO supporting_projects(supporting_project_id, supported_at, delivery_id, payment_id, project_id, user_id) VALUES (1977, (SELECT projects.start_date + INTERVAL 8 DAY FROM projects WHERE projects.id=44), 1977, 1977, 44, 6);
INSERT INTO orders (order_id, created_at, delivery_id, payment_id, supporting_project_id) VALUES (1977, (SELECT projects.start_date + INTERVAL 8 DAY FROM projects WHERE projects.id=44), 1, 1977, 1977);
INSERT INTO supporting_packages(id, option_list, package_count, order_id, project_package_id, supporting_project_id) VALUES (1977, '["키링"]', 8, 1977, 44, 1977);
INSERT INTO supporting_projects(supporting_project_id, supported_at, delivery_id, payment_id, project_id, user_id) VALUES (1978, (SELECT projects.start_date + INTERVAL 39 DAY FROM projects WHERE projects.id=45), 1978, 1978, 45, 19);
INSERT INTO orders (order_id, created_at, delivery_id, payment_id, supporting_project_id) VALUES (1978, (SELECT projects.start_date + INTERVAL 39 DAY FROM projects WHERE projects.id=45), 1, 1978, 1978);
INSERT INTO supporting_packages(id, option_list, package_count, order_id, project_package_id, supporting_project_id) VALUES (1978, '["중형"]', 10, 1978, 45, 1978);
INSERT INTO supporting_projects(supporting_project_id, supported_at, delivery_id, payment_id, project_id, user_id) VALUES (1979, (SELECT projects.start_date + INTERVAL 31 DAY FROM projects WHERE projects.id=45), 1979, 1979, 45, 7);
INSERT INTO orders (order_id, created_at, delivery_id, payment_id, supporting_project_id) VALUES (1979, (SELECT projects.start_date + INTERVAL 31 DAY FROM projects WHERE projects.id=45), 1, 1979, 1979);
INSERT INTO supporting_packages(id, option_list, package_count, order_id, project_package_id, supporting_project_id) VALUES (1979, '["중형"]', 5, 1979, 45, 1979);
INSERT INTO supporting_projects(supporting_project_id, supported_at, delivery_id, payment_id, project_id, user_id) VALUES (1980, (SELECT projects.start_date + INTERVAL 14 DAY FROM projects WHERE projects.id=45), 1980, 1980, 45, 28);
INSERT INTO orders (order_id, created_at, delivery_id, payment_id, supporting_project_id) VALUES (1980, (SELECT projects.start_date + INTERVAL 14 DAY FROM projects WHERE projects.id=45), 1, 1980, 1980);
INSERT INTO supporting_packages(id, option_list, package_count, order_id, project_package_id, supporting_project_id) VALUES (1980, '["중형"]', 5, 1980, 45, 1980);
INSERT INTO supporting_projects(supporting_project_id, supported_at, delivery_id, payment_id, project_id, user_id) VALUES (1981, (SELECT projects.start_date + INTERVAL 31 DAY FROM projects WHERE projects.id=45), 1981, 1981, 45, 31);
INSERT INTO orders (order_id, created_at, delivery_id, payment_id, supporting_project_id) VALUES (1981, (SELECT projects.start_date + INTERVAL 31 DAY FROM projects WHERE projects.id=45), 1, 1981, 1981);
INSERT INTO supporting_packages(id, option_list, package_count, order_id, project_package_id, supporting_project_id) VALUES (1981, '["소형"]', 4, 1981, 45, 1981);
INSERT INTO supporting_projects(supporting_project_id, supported_at, delivery_id, payment_id, project_id, user_id) VALUES (1982, (SELECT projects.start_date + INTERVAL 22 DAY FROM projects WHERE projects.id=45), 1982, 1982, 45, 38);
INSERT INTO orders (order_id, created_at, delivery_id, payment_id, supporting_project_id) VALUES (1982, (SELECT projects.start_date + INTERVAL 22 DAY FROM projects WHERE projects.id=45), 1, 1982, 1982);
INSERT INTO supporting_packages(id, option_list, package_count, order_id, project_package_id, supporting_project_id) VALUES (1982, '["소형"]', 8, 1982, 45, 1982);
INSERT INTO supporting_projects(supporting_project_id, supported_at, delivery_id, payment_id, project_id, user_id) VALUES (1983, (SELECT projects.start_date + INTERVAL 31 DAY FROM projects WHERE projects.id=45), 1983, 1983, 45, 30);
INSERT INTO orders (order_id, created_at, delivery_id, payment_id, supporting_project_id) VALUES (1983, (SELECT projects.start_date + INTERVAL 31 DAY FROM projects WHERE projects.id=45), 1, 1983, 1983);
INSERT INTO supporting_packages(id, option_list, package_count, order_id, project_package_id, supporting_project_id) VALUES (1983, '["중형"]', 2, 1983, 45, 1983);
INSERT INTO supporting_projects(supporting_project_id, supported_at, delivery_id, payment_id, project_id, user_id) VALUES (1984, (SELECT projects.start_date + INTERVAL 1 DAY FROM projects WHERE projects.id=45), 1984, 1984, 45, 10);
INSERT INTO orders (order_id, created_at, delivery_id, payment_id, supporting_project_id) VALUES (1984, (SELECT projects.start_date + INTERVAL 1 DAY FROM projects WHERE projects.id=45), 1, 1984, 1984);
INSERT INTO supporting_packages(id, option_list, package_count, order_id, project_package_id, supporting_project_id) VALUES (1984, '["중형"]', 8, 1984, 45, 1984);
INSERT INTO supporting_projects(supporting_project_id, supported_at, delivery_id, payment_id, project_id, user_id) VALUES (1985, (SELECT projects.start_date + INTERVAL 25 DAY FROM projects WHERE projects.id=45), 1985, 1985, 45, 33);
INSERT INTO orders (order_id, created_at, delivery_id, payment_id, supporting_project_id) VALUES (1985, (SELECT projects.start_date + INTERVAL 25 DAY FROM projects WHERE projects.id=45), 1, 1985, 1985);
INSERT INTO supporting_packages(id, option_list, package_count, order_id, project_package_id, supporting_project_id) VALUES (1985, '["대형"]', 9, 1985, 45, 1985);
INSERT INTO supporting_projects(supporting_project_id, supported_at, delivery_id, payment_id, project_id, user_id) VALUES (1986, (SELECT projects.start_date + INTERVAL 42 DAY FROM projects WHERE projects.id=45), 1986, 1986, 45, 10);
INSERT INTO orders (order_id, created_at, delivery_id, payment_id, supporting_project_id) VALUES (1986, (SELECT projects.start_date + INTERVAL 42 DAY FROM projects WHERE projects.id=45), 1, 1986, 1986);
INSERT INTO supporting_packages(id, option_list, package_count, order_id, project_package_id, supporting_project_id) VALUES (1986, '["대형"]', 10, 1986, 45, 1986);
INSERT INTO supporting_projects(supporting_project_id, supported_at, delivery_id, payment_id, project_id, user_id) VALUES (1987, (SELECT projects.start_date + INTERVAL 9 DAY FROM projects WHERE projects.id=45), 1987, 1987, 45, 27);
INSERT INTO orders (order_id, created_at, delivery_id, payment_id, supporting_project_id) VALUES (1987, (SELECT projects.start_date + INTERVAL 9 DAY FROM projects WHERE projects.id=45), 1, 1987, 1987);
INSERT INTO supporting_packages(id, option_list, package_count, order_id, project_package_id, supporting_project_id) VALUES (1987, '["대형"]', 1, 1987, 45, 1987);
INSERT INTO supporting_projects(supporting_project_id, supported_at, delivery_id, payment_id, project_id, user_id) VALUES (1988, (SELECT projects.start_date + INTERVAL 5 DAY FROM projects WHERE projects.id=45), 1988, 1988, 45, 4);
INSERT INTO orders (order_id, created_at, delivery_id, payment_id, supporting_project_id) VALUES (1988, (SELECT projects.start_date + INTERVAL 5 DAY FROM projects WHERE projects.id=45), 1, 1988, 1988);
INSERT INTO supporting_packages(id, option_list, package_count, order_id, project_package_id, supporting_project_id) VALUES (1988, '["소형"]', 4, 1988, 45, 1988);
INSERT INTO supporting_projects(supporting_project_id, supported_at, delivery_id, payment_id, project_id, user_id) VALUES (1989, (SELECT projects.start_date + INTERVAL 37 DAY FROM projects WHERE projects.id=45), 1989, 1989, 45, 12);
INSERT INTO orders (order_id, created_at, delivery_id, payment_id, supporting_project_id) VALUES (1989, (SELECT projects.start_date + INTERVAL 37 DAY FROM projects WHERE projects.id=45), 1, 1989, 1989);
INSERT INTO supporting_packages(id, option_list, package_count, order_id, project_package_id, supporting_project_id) VALUES (1989, '["소형"]', 1, 1989, 45, 1989);
INSERT INTO supporting_projects(supporting_project_id, supported_at, delivery_id, payment_id, project_id, user_id) VALUES (1990, (SELECT projects.start_date + INTERVAL 46 DAY FROM projects WHERE projects.id=45), 1990, 1990, 45, 22);
INSERT INTO orders (order_id, created_at, delivery_id, payment_id, supporting_project_id) VALUES (1990, (SELECT projects.start_date + INTERVAL 46 DAY FROM projects WHERE projects.id=45), 1, 1990, 1990);
INSERT INTO supporting_packages(id, option_list, package_count, order_id, project_package_id, supporting_project_id) VALUES (1990, '["소형"]', 2, 1990, 45, 1990);
INSERT INTO supporting_projects(supporting_project_id, supported_at, delivery_id, payment_id, project_id, user_id) VALUES (1991, (SELECT projects.start_date + INTERVAL 13 DAY FROM projects WHERE projects.id=45), 1991, 1991, 45, 14);
INSERT INTO orders (order_id, created_at, delivery_id, payment_id, supporting_project_id) VALUES (1991, (SELECT projects.start_date + INTERVAL 13 DAY FROM projects WHERE projects.id=45), 1, 1991, 1991);
INSERT INTO supporting_packages(id, option_list, package_count, order_id, project_package_id, supporting_project_id) VALUES (1991, '["대형"]', 2, 1991, 45, 1991);
INSERT INTO supporting_projects(supporting_project_id, supported_at, delivery_id, payment_id, project_id, user_id) VALUES (1992, (SELECT projects.start_date + INTERVAL 3 DAY FROM projects WHERE projects.id=45), 1992, 1992, 45, 7);
INSERT INTO orders (order_id, created_at, delivery_id, payment_id, supporting_project_id) VALUES (1992, (SELECT projects.start_date + INTERVAL 3 DAY FROM projects WHERE projects.id=45), 1, 1992, 1992);
INSERT INTO supporting_packages(id, option_list, package_count, order_id, project_package_id, supporting_project_id) VALUES (1992, '["대형"]', 8, 1992, 45, 1992);
INSERT INTO supporting_projects(supporting_project_id, supported_at, delivery_id, payment_id, project_id, user_id) VALUES (1993, (SELECT projects.start_date + INTERVAL 5 DAY FROM projects WHERE projects.id=45), 1993, 1993, 45, 33);
INSERT INTO orders (order_id, created_at, delivery_id, payment_id, supporting_project_id) VALUES (1993, (SELECT projects.start_date + INTERVAL 5 DAY FROM projects WHERE projects.id=45), 1, 1993, 1993);
INSERT INTO supporting_packages(id, option_list, package_count, order_id, project_package_id, supporting_project_id) VALUES (1993, '["대형"]', 6, 1993, 45, 1993);
INSERT INTO supporting_projects(supporting_project_id, supported_at, delivery_id, payment_id, project_id, user_id) VALUES (1994, (SELECT projects.start_date + INTERVAL 1 DAY FROM projects WHERE projects.id=45), 1994, 1994, 45, 7);
INSERT INTO orders (order_id, created_at, delivery_id, payment_id, supporting_project_id) VALUES (1994, (SELECT projects.start_date + INTERVAL 1 DAY FROM projects WHERE projects.id=45), 1, 1994, 1994);
INSERT INTO supporting_packages(id, option_list, package_count, order_id, project_package_id, supporting_project_id) VALUES (1994, '["대형"]', 10, 1994, 45, 1994);
INSERT INTO supporting_projects(supporting_project_id, supported_at, delivery_id, payment_id, project_id, user_id) VALUES (1995, (SELECT projects.start_date + INTERVAL 26 DAY FROM projects WHERE projects.id=45), 1995, 1995, 45, 33);
INSERT INTO orders (order_id, created_at, delivery_id, payment_id, supporting_project_id) VALUES (1995, (SELECT projects.start_date + INTERVAL 26 DAY FROM projects WHERE projects.id=45), 1, 1995, 1995);
INSERT INTO supporting_packages(id, option_list, package_count, order_id, project_package_id, supporting_project_id) VALUES (1995, '["대형"]', 8, 1995, 45, 1995);
INSERT INTO supporting_projects(supporting_project_id, supported_at, delivery_id, payment_id, project_id, user_id) VALUES (1996, (SELECT projects.start_date + INTERVAL 33 DAY FROM projects WHERE projects.id=45), 1996, 1996, 45, 8);
INSERT INTO orders (order_id, created_at, delivery_id, payment_id, supporting_project_id) VALUES (1996, (SELECT projects.start_date + INTERVAL 33 DAY FROM projects WHERE projects.id=45), 1, 1996, 1996);
INSERT INTO supporting_packages(id, option_list, package_count, order_id, project_package_id, supporting_project_id) VALUES (1996, '["대형"]', 6, 1996, 45, 1996);
INSERT INTO supporting_projects(supporting_project_id, supported_at, delivery_id, payment_id, project_id, user_id) VALUES (1997, (SELECT projects.start_date + INTERVAL 35 DAY FROM projects WHERE projects.id=45), 1997, 1997, 45, 23);
INSERT INTO orders (order_id, created_at, delivery_id, payment_id, supporting_project_id) VALUES (1997, (SELECT projects.start_date + INTERVAL 35 DAY FROM projects WHERE projects.id=45), 1, 1997, 1997);
INSERT INTO supporting_packages(id, option_list, package_count, order_id, project_package_id, supporting_project_id) VALUES (1997, '["소형"]', 3, 1997, 45, 1997);
INSERT INTO supporting_projects(supporting_project_id, supported_at, delivery_id, payment_id, project_id, user_id) VALUES (1998, (SELECT projects.start_date + INTERVAL 17 DAY FROM projects WHERE projects.id=45), 1998, 1998, 45, 4);
INSERT INTO orders (order_id, created_at, delivery_id, payment_id, supporting_project_id) VALUES (1998, (SELECT projects.start_date + INTERVAL 17 DAY FROM projects WHERE projects.id=45), 1, 1998, 1998);
INSERT INTO supporting_packages(id, option_list, package_count, order_id, project_package_id, supporting_project_id) VALUES (1998, '["대형"]', 10, 1998, 45, 1998);
INSERT INTO supporting_projects(supporting_project_id, supported_at, delivery_id, payment_id, project_id, user_id) VALUES (1999, (SELECT projects.start_date + INTERVAL 25 DAY FROM projects WHERE projects.id=45), 1999, 1999, 45, 18);
INSERT INTO orders (order_id, created_at, delivery_id, payment_id, supporting_project_id) VALUES (1999, (SELECT projects.start_date + INTERVAL 25 DAY FROM projects WHERE projects.id=45), 1, 1999, 1999);
INSERT INTO supporting_packages(id, option_list, package_count, order_id, project_package_id, supporting_project_id) VALUES (1999, '["대형"]', 8, 1999, 45, 1999);
INSERT INTO supporting_projects(supporting_project_id, supported_at, delivery_id, payment_id, project_id, user_id) VALUES (2000, (SELECT projects.start_date + INTERVAL 25 DAY FROM projects WHERE projects.id=45), 2000, 2000, 45, 34);
INSERT INTO orders (order_id, created_at, delivery_id, payment_id, supporting_project_id) VALUES (2000, (SELECT projects.start_date + INTERVAL 25 DAY FROM projects WHERE projects.id=45), 1, 2000, 2000);
INSERT INTO supporting_packages(id, option_list, package_count, order_id, project_package_id, supporting_project_id) VALUES (2000, '["대형"]', 10, 2000, 45, 2000);
INSERT INTO supporting_projects(supporting_project_id, supported_at, delivery_id, payment_id, project_id, user_id) VALUES (2001, (SELECT projects.start_date + INTERVAL 30 DAY FROM projects WHERE projects.id=45), 2001, 2001, 45, 6);
INSERT INTO orders (order_id, created_at, delivery_id, payment_id, supporting_project_id) VALUES (2001, (SELECT projects.start_date + INTERVAL 30 DAY FROM projects WHERE projects.id=45), 1, 2001, 2001);
INSERT INTO supporting_packages(id, option_list, package_count, order_id, project_package_id, supporting_project_id) VALUES (2001, '["소형"]', 5, 2001, 45, 2001);
INSERT INTO supporting_projects(supporting_project_id, supported_at, delivery_id, payment_id, project_id, user_id) VALUES (2002, (SELECT projects.start_date + INTERVAL 49 DAY FROM projects WHERE projects.id=45), 2002, 2002, 45, 33);
INSERT INTO orders (order_id, created_at, delivery_id, payment_id, supporting_project_id) VALUES (2002, (SELECT projects.start_date + INTERVAL 49 DAY FROM projects WHERE projects.id=45), 1, 2002, 2002);
INSERT INTO supporting_packages(id, option_list, package_count, order_id, project_package_id, supporting_project_id) VALUES (2002, '["중형"]', 10, 2002, 45, 2002);
INSERT INTO supporting_projects(supporting_project_id, supported_at, delivery_id, payment_id, project_id, user_id) VALUES (2003, (SELECT projects.start_date + INTERVAL 12 DAY FROM projects WHERE projects.id=45), 2003, 2003, 45, 28);
INSERT INTO orders (order_id, created_at, delivery_id, payment_id, supporting_project_id) VALUES (2003, (SELECT projects.start_date + INTERVAL 12 DAY FROM projects WHERE projects.id=45), 1, 2003, 2003);
INSERT INTO supporting_packages(id, option_list, package_count, order_id, project_package_id, supporting_project_id) VALUES (2003, '["소형"]', 7, 2003, 45, 2003);
INSERT INTO supporting_projects(supporting_project_id, supported_at, delivery_id, payment_id, project_id, user_id) VALUES (2004, (SELECT projects.start_date + INTERVAL 38 DAY FROM projects WHERE projects.id=45), 2004, 2004, 45, 12);
INSERT INTO orders (order_id, created_at, delivery_id, payment_id, supporting_project_id) VALUES (2004, (SELECT projects.start_date + INTERVAL 38 DAY FROM projects WHERE projects.id=45), 1, 2004, 2004);
INSERT INTO supporting_packages(id, option_list, package_count, order_id, project_package_id, supporting_project_id) VALUES (2004, '["대형"]', 5, 2004, 45, 2004);
INSERT INTO supporting_projects(supporting_project_id, supported_at, delivery_id, payment_id, project_id, user_id) VALUES (2005, (SELECT projects.start_date + INTERVAL 29 DAY FROM projects WHERE projects.id=45), 2005, 2005, 45, 4);
INSERT INTO orders (order_id, created_at, delivery_id, payment_id, supporting_project_id) VALUES (2005, (SELECT projects.start_date + INTERVAL 29 DAY FROM projects WHERE projects.id=45), 1, 2005, 2005);
INSERT INTO supporting_packages(id, option_list, package_count, order_id, project_package_id, supporting_project_id) VALUES (2005, '["대형"]', 10, 2005, 45, 2005);
INSERT INTO supporting_projects(supporting_project_id, supported_at, delivery_id, payment_id, project_id, user_id) VALUES (2006, (SELECT projects.start_date + INTERVAL 1 DAY FROM projects WHERE projects.id=45), 2006, 2006, 45, 17);
INSERT INTO orders (order_id, created_at, delivery_id, payment_id, supporting_project_id) VALUES (2006, (SELECT projects.start_date + INTERVAL 1 DAY FROM projects WHERE projects.id=45), 1, 2006, 2006);
INSERT INTO supporting_packages(id, option_list, package_count, order_id, project_package_id, supporting_project_id) VALUES (2006, '["소형"]', 10, 2006, 45, 2006);
INSERT INTO supporting_projects(supporting_project_id, supported_at, delivery_id, payment_id, project_id, user_id) VALUES (2007, (SELECT projects.start_date + INTERVAL 45 DAY FROM projects WHERE projects.id=45), 2007, 2007, 45, 17);
INSERT INTO orders (order_id, created_at, delivery_id, payment_id, supporting_project_id) VALUES (2007, (SELECT projects.start_date + INTERVAL 45 DAY FROM projects WHERE projects.id=45), 1, 2007, 2007);
INSERT INTO supporting_packages(id, option_list, package_count, order_id, project_package_id, supporting_project_id) VALUES (2007, '["중형"]', 5, 2007, 45, 2007);
INSERT INTO supporting_projects(supporting_project_id, supported_at, delivery_id, payment_id, project_id, user_id) VALUES (2008, (SELECT projects.start_date + INTERVAL 35 DAY FROM projects WHERE projects.id=45), 2008, 2008, 45, 2);
INSERT INTO orders (order_id, created_at, delivery_id, payment_id, supporting_project_id) VALUES (2008, (SELECT projects.start_date + INTERVAL 35 DAY FROM projects WHERE projects.id=45), 1, 2008, 2008);
INSERT INTO supporting_packages(id, option_list, package_count, order_id, project_package_id, supporting_project_id) VALUES (2008, '["대형"]', 10, 2008, 45, 2008);
INSERT INTO supporting_projects(supporting_project_id, supported_at, delivery_id, payment_id, project_id, user_id) VALUES (2009, (SELECT projects.start_date + INTERVAL 43 DAY FROM projects WHERE projects.id=45), 2009, 2009, 45, 37);
INSERT INTO orders (order_id, created_at, delivery_id, payment_id, supporting_project_id) VALUES (2009, (SELECT projects.start_date + INTERVAL 43 DAY FROM projects WHERE projects.id=45), 1, 2009, 2009);
INSERT INTO supporting_packages(id, option_list, package_count, order_id, project_package_id, supporting_project_id) VALUES (2009, '["소형"]', 2, 2009, 45, 2009);
INSERT INTO supporting_projects(supporting_project_id, supported_at, delivery_id, payment_id, project_id, user_id) VALUES (2010, (SELECT projects.start_date + INTERVAL 20 DAY FROM projects WHERE projects.id=45), 2010, 2010, 45, 5);
INSERT INTO orders (order_id, created_at, delivery_id, payment_id, supporting_project_id) VALUES (2010, (SELECT projects.start_date + INTERVAL 20 DAY FROM projects WHERE projects.id=45), 1, 2010, 2010);
INSERT INTO supporting_packages(id, option_list, package_count, order_id, project_package_id, supporting_project_id) VALUES (2010, '["대형"]', 4, 2010, 45, 2010);
INSERT INTO supporting_projects(supporting_project_id, supported_at, delivery_id, payment_id, project_id, user_id) VALUES (2011, (SELECT projects.start_date + INTERVAL 34 DAY FROM projects WHERE projects.id=45), 2011, 2011, 45, 37);
INSERT INTO orders (order_id, created_at, delivery_id, payment_id, supporting_project_id) VALUES (2011, (SELECT projects.start_date + INTERVAL 34 DAY FROM projects WHERE projects.id=45), 1, 2011, 2011);
INSERT INTO supporting_packages(id, option_list, package_count, order_id, project_package_id, supporting_project_id) VALUES (2011, '["소형"]', 2, 2011, 45, 2011);
INSERT INTO supporting_projects(supporting_project_id, supported_at, delivery_id, payment_id, project_id, user_id) VALUES (2012, (SELECT projects.start_date + INTERVAL 1 DAY FROM projects WHERE projects.id=45), 2012, 2012, 45, 13);
INSERT INTO orders (order_id, created_at, delivery_id, payment_id, supporting_project_id) VALUES (2012, (SELECT projects.start_date + INTERVAL 1 DAY FROM projects WHERE projects.id=45), 1, 2012, 2012);
INSERT INTO supporting_packages(id, option_list, package_count, order_id, project_package_id, supporting_project_id) VALUES (2012, '["대형"]', 10, 2012, 45, 2012);
INSERT INTO supporting_projects(supporting_project_id, supported_at, delivery_id, payment_id, project_id, user_id) VALUES (2013, (SELECT projects.start_date + INTERVAL 42 DAY FROM projects WHERE projects.id=45), 2013, 2013, 45, 8);
INSERT INTO orders (order_id, created_at, delivery_id, payment_id, supporting_project_id) VALUES (2013, (SELECT projects.start_date + INTERVAL 42 DAY FROM projects WHERE projects.id=45), 1, 2013, 2013);
INSERT INTO supporting_packages(id, option_list, package_count, order_id, project_package_id, supporting_project_id) VALUES (2013, '["중형"]', 1, 2013, 45, 2013);
INSERT INTO supporting_projects(supporting_project_id, supported_at, delivery_id, payment_id, project_id, user_id) VALUES (2014, (SELECT projects.start_date + INTERVAL 47 DAY FROM projects WHERE projects.id=45), 2014, 2014, 45, 7);
INSERT INTO orders (order_id, created_at, delivery_id, payment_id, supporting_project_id) VALUES (2014, (SELECT projects.start_date + INTERVAL 47 DAY FROM projects WHERE projects.id=45), 1, 2014, 2014);
INSERT INTO supporting_packages(id, option_list, package_count, order_id, project_package_id, supporting_project_id) VALUES (2014, '["소형"]', 3, 2014, 45, 2014);
INSERT INTO supporting_projects(supporting_project_id, supported_at, delivery_id, payment_id, project_id, user_id) VALUES (2015, (SELECT projects.start_date + INTERVAL 5 DAY FROM projects WHERE projects.id=45), 2015, 2015, 45, 25);
INSERT INTO orders (order_id, created_at, delivery_id, payment_id, supporting_project_id) VALUES (2015, (SELECT projects.start_date + INTERVAL 5 DAY FROM projects WHERE projects.id=45), 1, 2015, 2015);
INSERT INTO supporting_packages(id, option_list, package_count, order_id, project_package_id, supporting_project_id) VALUES (2015, '["중형"]', 3, 2015, 45, 2015);
INSERT INTO supporting_projects(supporting_project_id, supported_at, delivery_id, payment_id, project_id, user_id) VALUES (2016, (SELECT projects.start_date + INTERVAL 5 DAY FROM projects WHERE projects.id=45), 2016, 2016, 45, 37);
INSERT INTO orders (order_id, created_at, delivery_id, payment_id, supporting_project_id) VALUES (2016, (SELECT projects.start_date + INTERVAL 5 DAY FROM projects WHERE projects.id=45), 1, 2016, 2016);
INSERT INTO supporting_packages(id, option_list, package_count, order_id, project_package_id, supporting_project_id) VALUES (2016, '["대형"]', 9, 2016, 45, 2016);
INSERT INTO supporting_projects(supporting_project_id, supported_at, delivery_id, payment_id, project_id, user_id) VALUES (2017, (SELECT projects.start_date + INTERVAL 49 DAY FROM projects WHERE projects.id=45), 2017, 2017, 45, 29);
INSERT INTO orders (order_id, created_at, delivery_id, payment_id, supporting_project_id) VALUES (2017, (SELECT projects.start_date + INTERVAL 49 DAY FROM projects WHERE projects.id=45), 1, 2017, 2017);
INSERT INTO supporting_packages(id, option_list, package_count, order_id, project_package_id, supporting_project_id) VALUES (2017, '["소형"]', 9, 2017, 45, 2017);
INSERT INTO supporting_projects(supporting_project_id, supported_at, delivery_id, payment_id, project_id, user_id) VALUES (2018, (SELECT projects.start_date + INTERVAL 38 DAY FROM projects WHERE projects.id=45), 2018, 2018, 45, 19);
INSERT INTO orders (order_id, created_at, delivery_id, payment_id, supporting_project_id) VALUES (2018, (SELECT projects.start_date + INTERVAL 38 DAY FROM projects WHERE projects.id=45), 1, 2018, 2018);
INSERT INTO supporting_packages(id, option_list, package_count, order_id, project_package_id, supporting_project_id) VALUES (2018, '["대형"]', 5, 2018, 45, 2018);
INSERT INTO supporting_projects(supporting_project_id, supported_at, delivery_id, payment_id, project_id, user_id) VALUES (2019, (SELECT projects.start_date + INTERVAL 34 DAY FROM projects WHERE projects.id=45), 2019, 2019, 45, 9);
INSERT INTO orders (order_id, created_at, delivery_id, payment_id, supporting_project_id) VALUES (2019, (SELECT projects.start_date + INTERVAL 34 DAY FROM projects WHERE projects.id=45), 1, 2019, 2019);
INSERT INTO supporting_packages(id, option_list, package_count, order_id, project_package_id, supporting_project_id) VALUES (2019, '["중형"]', 7, 2019, 45, 2019);
INSERT INTO supporting_projects(supporting_project_id, supported_at, delivery_id, payment_id, project_id, user_id) VALUES (2020, (SELECT projects.start_date + INTERVAL 33 DAY FROM projects WHERE projects.id=45), 2020, 2020, 45, 3);
INSERT INTO orders (order_id, created_at, delivery_id, payment_id, supporting_project_id) VALUES (2020, (SELECT projects.start_date + INTERVAL 33 DAY FROM projects WHERE projects.id=45), 1, 2020, 2020);
INSERT INTO supporting_packages(id, option_list, package_count, order_id, project_package_id, supporting_project_id) VALUES (2020, '["중형"]', 3, 2020, 45, 2020);
INSERT INTO supporting_projects(supporting_project_id, supported_at, delivery_id, payment_id, project_id, user_id) VALUES (2021, (SELECT projects.start_date + INTERVAL 13 DAY FROM projects WHERE projects.id=45), 2021, 2021, 45, 24);
INSERT INTO orders (order_id, created_at, delivery_id, payment_id, supporting_project_id) VALUES (2021, (SELECT projects.start_date + INTERVAL 13 DAY FROM projects WHERE projects.id=45), 1, 2021, 2021);
INSERT INTO supporting_packages(id, option_list, package_count, order_id, project_package_id, supporting_project_id) VALUES (2021, '["중형"]', 7, 2021, 45, 2021);
INSERT INTO supporting_projects(supporting_project_id, supported_at, delivery_id, payment_id, project_id, user_id) VALUES (2022, (SELECT projects.start_date + INTERVAL 6 DAY FROM projects WHERE projects.id=45), 2022, 2022, 45, 12);
INSERT INTO orders (order_id, created_at, delivery_id, payment_id, supporting_project_id) VALUES (2022, (SELECT projects.start_date + INTERVAL 6 DAY FROM projects WHERE projects.id=45), 1, 2022, 2022);
INSERT INTO supporting_packages(id, option_list, package_count, order_id, project_package_id, supporting_project_id) VALUES (2022, '["중형"]', 1, 2022, 45, 2022);
INSERT INTO supporting_projects(supporting_project_id, supported_at, delivery_id, payment_id, project_id, user_id) VALUES (2023, (SELECT projects.start_date + INTERVAL 20 DAY FROM projects WHERE projects.id=45), 2023, 2023, 45, 22);
INSERT INTO orders (order_id, created_at, delivery_id, payment_id, supporting_project_id) VALUES (2023, (SELECT projects.start_date + INTERVAL 20 DAY FROM projects WHERE projects.id=45), 1, 2023, 2023);
INSERT INTO supporting_packages(id, option_list, package_count, order_id, project_package_id, supporting_project_id) VALUES (2023, '["중형"]', 5, 2023, 45, 2023);
INSERT INTO supporting_projects(supporting_project_id, supported_at, delivery_id, payment_id, project_id, user_id) VALUES (2024, (SELECT projects.start_date + INTERVAL 26 DAY FROM projects WHERE projects.id=45), 2024, 2024, 45, 24);
INSERT INTO orders (order_id, created_at, delivery_id, payment_id, supporting_project_id) VALUES (2024, (SELECT projects.start_date + INTERVAL 26 DAY FROM projects WHERE projects.id=45), 1, 2024, 2024);
INSERT INTO supporting_packages(id, option_list, package_count, order_id, project_package_id, supporting_project_id) VALUES (2024, '["대형"]', 1, 2024, 45, 2024);
INSERT INTO supporting_projects(supporting_project_id, supported_at, delivery_id, payment_id, project_id, user_id) VALUES (2025, (SELECT projects.start_date + INTERVAL 3 DAY FROM projects WHERE projects.id=45), 2025, 2025, 45, 21);
INSERT INTO orders (order_id, created_at, delivery_id, payment_id, supporting_project_id) VALUES (2025, (SELECT projects.start_date + INTERVAL 3 DAY FROM projects WHERE projects.id=45), 1, 2025, 2025);
INSERT INTO supporting_packages(id, option_list, package_count, order_id, project_package_id, supporting_project_id) VALUES (2025, '["소형"]', 1, 2025, 45, 2025);
INSERT INTO supporting_projects(supporting_project_id, supported_at, delivery_id, payment_id, project_id, user_id) VALUES (2026, (SELECT projects.start_date + INTERVAL 17 DAY FROM projects WHERE projects.id=45), 2026, 2026, 45, 3);
INSERT INTO orders (order_id, created_at, delivery_id, payment_id, supporting_project_id) VALUES (2026, (SELECT projects.start_date + INTERVAL 17 DAY FROM projects WHERE projects.id=45), 1, 2026, 2026);
INSERT INTO supporting_packages(id, option_list, package_count, order_id, project_package_id, supporting_project_id) VALUES (2026, '["중형"]', 2, 2026, 45, 2026);
INSERT INTO supporting_projects(supporting_project_id, supported_at, delivery_id, payment_id, project_id, user_id) VALUES (2027, (SELECT projects.start_date + INTERVAL 13 DAY FROM projects WHERE projects.id=45), 2027, 2027, 45, 9);
INSERT INTO orders (order_id, created_at, delivery_id, payment_id, supporting_project_id) VALUES (2027, (SELECT projects.start_date + INTERVAL 13 DAY FROM projects WHERE projects.id=45), 1, 2027, 2027);
INSERT INTO supporting_packages(id, option_list, package_count, order_id, project_package_id, supporting_project_id) VALUES (2027, '["소형"]', 8, 2027, 45, 2027);
INSERT INTO supporting_projects(supporting_project_id, supported_at, delivery_id, payment_id, project_id, user_id) VALUES (2028, (SELECT projects.start_date + INTERVAL 10 DAY FROM projects WHERE projects.id=45), 2028, 2028, 45, 30);
INSERT INTO orders (order_id, created_at, delivery_id, payment_id, supporting_project_id) VALUES (2028, (SELECT projects.start_date + INTERVAL 10 DAY FROM projects WHERE projects.id=45), 1, 2028, 2028);
INSERT INTO supporting_packages(id, option_list, package_count, order_id, project_package_id, supporting_project_id) VALUES (2028, '["소형"]', 2, 2028, 45, 2028);
INSERT INTO supporting_projects(supporting_project_id, supported_at, delivery_id, payment_id, project_id, user_id) VALUES (2029, (SELECT projects.start_date + INTERVAL 11 DAY FROM projects WHERE projects.id=45), 2029, 2029, 45, 40);
INSERT INTO orders (order_id, created_at, delivery_id, payment_id, supporting_project_id) VALUES (2029, (SELECT projects.start_date + INTERVAL 11 DAY FROM projects WHERE projects.id=45), 1, 2029, 2029);
INSERT INTO supporting_packages(id, option_list, package_count, order_id, project_package_id, supporting_project_id) VALUES (2029, '["대형"]', 9, 2029, 45, 2029);
INSERT INTO supporting_projects(supporting_project_id, supported_at, delivery_id, payment_id, project_id, user_id) VALUES (2030, (SELECT projects.start_date + INTERVAL 11 DAY FROM projects WHERE projects.id=45), 2030, 2030, 45, 18);
INSERT INTO orders (order_id, created_at, delivery_id, payment_id, supporting_project_id) VALUES (2030, (SELECT projects.start_date + INTERVAL 11 DAY FROM projects WHERE projects.id=45), 1, 2030, 2030);
INSERT INTO supporting_packages(id, option_list, package_count, order_id, project_package_id, supporting_project_id) VALUES (2030, '["대형"]', 1, 2030, 45, 2030);
INSERT INTO supporting_projects(supporting_project_id, supported_at, delivery_id, payment_id, project_id, user_id) VALUES (2031, (SELECT projects.start_date + INTERVAL 31 DAY FROM projects WHERE projects.id=45), 2031, 2031, 45, 28);
INSERT INTO orders (order_id, created_at, delivery_id, payment_id, supporting_project_id) VALUES (2031, (SELECT projects.start_date + INTERVAL 31 DAY FROM projects WHERE projects.id=45), 1, 2031, 2031);
INSERT INTO supporting_packages(id, option_list, package_count, order_id, project_package_id, supporting_project_id) VALUES (2031, '["중형"]', 1, 2031, 45, 2031);
INSERT INTO supporting_projects(supporting_project_id, supported_at, delivery_id, payment_id, project_id, user_id) VALUES (2032, (SELECT projects.start_date + INTERVAL 8 DAY FROM projects WHERE projects.id=45), 2032, 2032, 45, 31);
INSERT INTO orders (order_id, created_at, delivery_id, payment_id, supporting_project_id) VALUES (2032, (SELECT projects.start_date + INTERVAL 8 DAY FROM projects WHERE projects.id=45), 1, 2032, 2032);
INSERT INTO supporting_packages(id, option_list, package_count, order_id, project_package_id, supporting_project_id) VALUES (2032, '["중형"]', 10, 2032, 45, 2032);
INSERT INTO supporting_projects(supporting_project_id, supported_at, delivery_id, payment_id, project_id, user_id) VALUES (2033, (SELECT projects.start_date + INTERVAL 47 DAY FROM projects WHERE projects.id=45), 2033, 2033, 45, 14);
INSERT INTO orders (order_id, created_at, delivery_id, payment_id, supporting_project_id) VALUES (2033, (SELECT projects.start_date + INTERVAL 47 DAY FROM projects WHERE projects.id=45), 1, 2033, 2033);
INSERT INTO supporting_packages(id, option_list, package_count, order_id, project_package_id, supporting_project_id) VALUES (2033, '["대형"]', 9, 2033, 45, 2033);
INSERT INTO supporting_projects(supporting_project_id, supported_at, delivery_id, payment_id, project_id, user_id) VALUES (2034, (SELECT projects.start_date + INTERVAL 50 DAY FROM projects WHERE projects.id=45), 2034, 2034, 45, 35);
INSERT INTO orders (order_id, created_at, delivery_id, payment_id, supporting_project_id) VALUES (2034, (SELECT projects.start_date + INTERVAL 50 DAY FROM projects WHERE projects.id=45), 1, 2034, 2034);
INSERT INTO supporting_packages(id, option_list, package_count, order_id, project_package_id, supporting_project_id) VALUES (2034, '["대형"]', 4, 2034, 45, 2034);
INSERT INTO supporting_projects(supporting_project_id, supported_at, delivery_id, payment_id, project_id, user_id) VALUES (2035, (SELECT projects.start_date + INTERVAL 33 DAY FROM projects WHERE projects.id=45), 2035, 2035, 45, 34);
INSERT INTO orders (order_id, created_at, delivery_id, payment_id, supporting_project_id) VALUES (2035, (SELECT projects.start_date + INTERVAL 33 DAY FROM projects WHERE projects.id=45), 1, 2035, 2035);
INSERT INTO supporting_packages(id, option_list, package_count, order_id, project_package_id, supporting_project_id) VALUES (2035, '["중형"]', 7, 2035, 45, 2035);
INSERT INTO supporting_projects(supporting_project_id, supported_at, delivery_id, payment_id, project_id, user_id) VALUES (2036, (SELECT projects.start_date + INTERVAL 39 DAY FROM projects WHERE projects.id=45), 2036, 2036, 45, 20);
INSERT INTO orders (order_id, created_at, delivery_id, payment_id, supporting_project_id) VALUES (2036, (SELECT projects.start_date + INTERVAL 39 DAY FROM projects WHERE projects.id=45), 1, 2036, 2036);
INSERT INTO supporting_packages(id, option_list, package_count, order_id, project_package_id, supporting_project_id) VALUES (2036, '["중형"]', 3, 2036, 45, 2036);
INSERT INTO supporting_projects(supporting_project_id, supported_at, delivery_id, payment_id, project_id, user_id) VALUES (2037, (SELECT projects.start_date + INTERVAL 32 DAY FROM projects WHERE projects.id=45), 2037, 2037, 45, 3);
INSERT INTO orders (order_id, created_at, delivery_id, payment_id, supporting_project_id) VALUES (2037, (SELECT projects.start_date + INTERVAL 32 DAY FROM projects WHERE projects.id=45), 1, 2037, 2037);
INSERT INTO supporting_packages(id, option_list, package_count, order_id, project_package_id, supporting_project_id) VALUES (2037, '["소형"]', 7, 2037, 45, 2037);
INSERT INTO supporting_projects(supporting_project_id, supported_at, delivery_id, payment_id, project_id, user_id) VALUES (2038, (SELECT projects.start_date + INTERVAL 37 DAY FROM projects WHERE projects.id=45), 2038, 2038, 45, 16);
INSERT INTO orders (order_id, created_at, delivery_id, payment_id, supporting_project_id) VALUES (2038, (SELECT projects.start_date + INTERVAL 37 DAY FROM projects WHERE projects.id=45), 1, 2038, 2038);
INSERT INTO supporting_packages(id, option_list, package_count, order_id, project_package_id, supporting_project_id) VALUES (2038, '["대형"]', 3, 2038, 45, 2038);
INSERT INTO supporting_projects(supporting_project_id, supported_at, delivery_id, payment_id, project_id, user_id) VALUES (2039, (SELECT projects.start_date + INTERVAL 36 DAY FROM projects WHERE projects.id=45), 2039, 2039, 45, 33);
INSERT INTO orders (order_id, created_at, delivery_id, payment_id, supporting_project_id) VALUES (2039, (SELECT projects.start_date + INTERVAL 36 DAY FROM projects WHERE projects.id=45), 1, 2039, 2039);
INSERT INTO supporting_packages(id, option_list, package_count, order_id, project_package_id, supporting_project_id) VALUES (2039, '["중형"]', 3, 2039, 45, 2039);
INSERT INTO supporting_projects(supporting_project_id, supported_at, delivery_id, payment_id, project_id, user_id) VALUES (2040, (SELECT projects.start_date + INTERVAL 7 DAY FROM projects WHERE projects.id=45), 2040, 2040, 45, 30);
INSERT INTO orders (order_id, created_at, delivery_id, payment_id, supporting_project_id) VALUES (2040, (SELECT projects.start_date + INTERVAL 7 DAY FROM projects WHERE projects.id=45), 1, 2040, 2040);
INSERT INTO supporting_packages(id, option_list, package_count, order_id, project_package_id, supporting_project_id) VALUES (2040, '["중형"]', 7, 2040, 45, 2040);
INSERT INTO supporting_projects(supporting_project_id, supported_at, delivery_id, payment_id, project_id, user_id) VALUES (2041, (SELECT projects.start_date + INTERVAL 31 DAY FROM projects WHERE projects.id=45), 2041, 2041, 45, 4);
INSERT INTO orders (order_id, created_at, delivery_id, payment_id, supporting_project_id) VALUES (2041, (SELECT projects.start_date + INTERVAL 31 DAY FROM projects WHERE projects.id=45), 1, 2041, 2041);
INSERT INTO supporting_packages(id, option_list, package_count, order_id, project_package_id, supporting_project_id) VALUES (2041, '["중형"]', 5, 2041, 45, 2041);
INSERT INTO supporting_projects(supporting_project_id, supported_at, delivery_id, payment_id, project_id, user_id) VALUES (2042, (SELECT projects.start_date + INTERVAL 38 DAY FROM projects WHERE projects.id=45), 2042, 2042, 45, 4);
INSERT INTO orders (order_id, created_at, delivery_id, payment_id, supporting_project_id) VALUES (2042, (SELECT projects.start_date + INTERVAL 38 DAY FROM projects WHERE projects.id=45), 1, 2042, 2042);
INSERT INTO supporting_packages(id, option_list, package_count, order_id, project_package_id, supporting_project_id) VALUES (2042, '["소형"]', 10, 2042, 45, 2042);
INSERT INTO supporting_projects(supporting_project_id, supported_at, delivery_id, payment_id, project_id, user_id) VALUES (2043, (SELECT projects.start_date + INTERVAL 17 DAY FROM projects WHERE projects.id=45), 2043, 2043, 45, 31);
INSERT INTO orders (order_id, created_at, delivery_id, payment_id, supporting_project_id) VALUES (2043, (SELECT projects.start_date + INTERVAL 17 DAY FROM projects WHERE projects.id=45), 1, 2043, 2043);
INSERT INTO supporting_packages(id, option_list, package_count, order_id, project_package_id, supporting_project_id) VALUES (2043, '["소형"]', 6, 2043, 45, 2043);
INSERT INTO supporting_projects(supporting_project_id, supported_at, delivery_id, payment_id, project_id, user_id) VALUES (2044, (SELECT projects.start_date + INTERVAL 22 DAY FROM projects WHERE projects.id=45), 2044, 2044, 45, 37);
INSERT INTO orders (order_id, created_at, delivery_id, payment_id, supporting_project_id) VALUES (2044, (SELECT projects.start_date + INTERVAL 22 DAY FROM projects WHERE projects.id=45), 1, 2044, 2044);
INSERT INTO supporting_packages(id, option_list, package_count, order_id, project_package_id, supporting_project_id) VALUES (2044, '["소형"]', 9, 2044, 45, 2044);
INSERT INTO supporting_projects(supporting_project_id, supported_at, delivery_id, payment_id, project_id, user_id) VALUES (2045, (SELECT projects.start_date + INTERVAL 35 DAY FROM projects WHERE projects.id=45), 2045, 2045, 45, 8);
INSERT INTO orders (order_id, created_at, delivery_id, payment_id, supporting_project_id) VALUES (2045, (SELECT projects.start_date + INTERVAL 35 DAY FROM projects WHERE projects.id=45), 1, 2045, 2045);
INSERT INTO supporting_packages(id, option_list, package_count, order_id, project_package_id, supporting_project_id) VALUES (2045, '["중형"]', 9, 2045, 45, 2045);
INSERT INTO supporting_projects(supporting_project_id, supported_at, delivery_id, payment_id, project_id, user_id) VALUES (2046, (SELECT projects.start_date + INTERVAL 27 DAY FROM projects WHERE projects.id=45), 2046, 2046, 45, 3);
INSERT INTO orders (order_id, created_at, delivery_id, payment_id, supporting_project_id) VALUES (2046, (SELECT projects.start_date + INTERVAL 27 DAY FROM projects WHERE projects.id=45), 1, 2046, 2046);
INSERT INTO supporting_packages(id, option_list, package_count, order_id, project_package_id, supporting_project_id) VALUES (2046, '["대형"]', 9, 2046, 45, 2046);
INSERT INTO supporting_projects(supporting_project_id, supported_at, delivery_id, payment_id, project_id, user_id) VALUES (2047, (SELECT projects.start_date + INTERVAL 37 DAY FROM projects WHERE projects.id=45), 2047, 2047, 45, 26);
INSERT INTO orders (order_id, created_at, delivery_id, payment_id, supporting_project_id) VALUES (2047, (SELECT projects.start_date + INTERVAL 37 DAY FROM projects WHERE projects.id=45), 1, 2047, 2047);
INSERT INTO supporting_packages(id, option_list, package_count, order_id, project_package_id, supporting_project_id) VALUES (2047, '["중형"]', 10, 2047, 45, 2047);
INSERT INTO supporting_projects(supporting_project_id, supported_at, delivery_id, payment_id, project_id, user_id) VALUES (2048, (SELECT projects.start_date + INTERVAL 31 DAY FROM projects WHERE projects.id=45), 2048, 2048, 45, 33);
INSERT INTO orders (order_id, created_at, delivery_id, payment_id, supporting_project_id) VALUES (2048, (SELECT projects.start_date + INTERVAL 31 DAY FROM projects WHERE projects.id=45), 1, 2048, 2048);
INSERT INTO supporting_packages(id, option_list, package_count, order_id, project_package_id, supporting_project_id) VALUES (2048, '["소형"]', 5, 2048, 45, 2048);
INSERT INTO supporting_projects(supporting_project_id, supported_at, delivery_id, payment_id, project_id, user_id) VALUES (2049, (SELECT projects.start_date + INTERVAL 28 DAY FROM projects WHERE projects.id=45), 2049, 2049, 45, 3);
INSERT INTO orders (order_id, created_at, delivery_id, payment_id, supporting_project_id) VALUES (2049, (SELECT projects.start_date + INTERVAL 28 DAY FROM projects WHERE projects.id=45), 1, 2049, 2049);
INSERT INTO supporting_packages(id, option_list, package_count, order_id, project_package_id, supporting_project_id) VALUES (2049, '["소형"]', 10, 2049, 45, 2049);
INSERT INTO supporting_projects(supporting_project_id, supported_at, delivery_id, payment_id, project_id, user_id) VALUES (2050, (SELECT projects.start_date + INTERVAL 3 DAY FROM projects WHERE projects.id=45), 2050, 2050, 45, 3);
INSERT INTO orders (order_id, created_at, delivery_id, payment_id, supporting_project_id) VALUES (2050, (SELECT projects.start_date + INTERVAL 3 DAY FROM projects WHERE projects.id=45), 1, 2050, 2050);
INSERT INTO supporting_packages(id, option_list, package_count, order_id, project_package_id, supporting_project_id) VALUES (2050, '["중형"]', 8, 2050, 45, 2050);
INSERT INTO supporting_projects(supporting_project_id, supported_at, delivery_id, payment_id, project_id, user_id) VALUES (2051, (SELECT projects.start_date + INTERVAL 50 DAY FROM projects WHERE projects.id=45), 2051, 2051, 45, 13);
INSERT INTO orders (order_id, created_at, delivery_id, payment_id, supporting_project_id) VALUES (2051, (SELECT projects.start_date + INTERVAL 50 DAY FROM projects WHERE projects.id=45), 1, 2051, 2051);
INSERT INTO supporting_packages(id, option_list, package_count, order_id, project_package_id, supporting_project_id) VALUES (2051, '["소형"]', 10, 2051, 45, 2051);
INSERT INTO supporting_projects(supporting_project_id, supported_at, delivery_id, payment_id, project_id, user_id) VALUES (2052, (SELECT projects.start_date + INTERVAL 5 DAY FROM projects WHERE projects.id=45), 2052, 2052, 45, 12);
INSERT INTO orders (order_id, created_at, delivery_id, payment_id, supporting_project_id) VALUES (2052, (SELECT projects.start_date + INTERVAL 5 DAY FROM projects WHERE projects.id=45), 1, 2052, 2052);
INSERT INTO supporting_packages(id, option_list, package_count, order_id, project_package_id, supporting_project_id) VALUES (2052, '["대형"]', 5, 2052, 45, 2052);
INSERT INTO supporting_projects(supporting_project_id, supported_at, delivery_id, payment_id, project_id, user_id) VALUES (2053, (SELECT projects.start_date + INTERVAL 42 DAY FROM projects WHERE projects.id=45), 2053, 2053, 45, 26);
INSERT INTO orders (order_id, created_at, delivery_id, payment_id, supporting_project_id) VALUES (2053, (SELECT projects.start_date + INTERVAL 42 DAY FROM projects WHERE projects.id=45), 1, 2053, 2053);
INSERT INTO supporting_packages(id, option_list, package_count, order_id, project_package_id, supporting_project_id) VALUES (2053, '["소형"]', 4, 2053, 45, 2053);
INSERT INTO supporting_projects(supporting_project_id, supported_at, delivery_id, payment_id, project_id, user_id) VALUES (2054, (SELECT projects.start_date + INTERVAL 8 DAY FROM projects WHERE projects.id=45), 2054, 2054, 45, 32);
INSERT INTO orders (order_id, created_at, delivery_id, payment_id, supporting_project_id) VALUES (2054, (SELECT projects.start_date + INTERVAL 8 DAY FROM projects WHERE projects.id=45), 1, 2054, 2054);
INSERT INTO supporting_packages(id, option_list, package_count, order_id, project_package_id, supporting_project_id) VALUES (2054, '["중형"]', 4, 2054, 45, 2054);
INSERT INTO supporting_projects(supporting_project_id, supported_at, delivery_id, payment_id, project_id, user_id) VALUES (2055, (SELECT projects.start_date + INTERVAL 50 DAY FROM projects WHERE projects.id=45), 2055, 2055, 45, 13);
INSERT INTO orders (order_id, created_at, delivery_id, payment_id, supporting_project_id) VALUES (2055, (SELECT projects.start_date + INTERVAL 50 DAY FROM projects WHERE projects.id=45), 1, 2055, 2055);
INSERT INTO supporting_packages(id, option_list, package_count, order_id, project_package_id, supporting_project_id) VALUES (2055, '["소형"]', 4, 2055, 45, 2055);
INSERT INTO supporting_projects(supporting_project_id, supported_at, delivery_id, payment_id, project_id, user_id) VALUES (2056, (SELECT projects.start_date + INTERVAL 15 DAY FROM projects WHERE projects.id=45), 2056, 2056, 45, 24);
INSERT INTO orders (order_id, created_at, delivery_id, payment_id, supporting_project_id) VALUES (2056, (SELECT projects.start_date + INTERVAL 15 DAY FROM projects WHERE projects.id=45), 1, 2056, 2056);
INSERT INTO supporting_packages(id, option_list, package_count, order_id, project_package_id, supporting_project_id) VALUES (2056, '["중형"]', 5, 2056, 45, 2056);
INSERT INTO supporting_projects(supporting_project_id, supported_at, delivery_id, payment_id, project_id, user_id) VALUES (2057, (SELECT projects.start_date + INTERVAL 21 DAY FROM projects WHERE projects.id=45), 2057, 2057, 45, 6);
INSERT INTO orders (order_id, created_at, delivery_id, payment_id, supporting_project_id) VALUES (2057, (SELECT projects.start_date + INTERVAL 21 DAY FROM projects WHERE projects.id=45), 1, 2057, 2057);
INSERT INTO supporting_packages(id, option_list, package_count, order_id, project_package_id, supporting_project_id) VALUES (2057, '["소형"]', 3, 2057, 45, 2057);
INSERT INTO supporting_projects(supporting_project_id, supported_at, delivery_id, payment_id, project_id, user_id) VALUES (2058, (SELECT projects.start_date + INTERVAL 6 DAY FROM projects WHERE projects.id=45), 2058, 2058, 45, 34);
INSERT INTO orders (order_id, created_at, delivery_id, payment_id, supporting_project_id) VALUES (2058, (SELECT projects.start_date + INTERVAL 6 DAY FROM projects WHERE projects.id=45), 1, 2058, 2058);
INSERT INTO supporting_packages(id, option_list, package_count, order_id, project_package_id, supporting_project_id) VALUES (2058, '["대형"]', 5, 2058, 45, 2058);
INSERT INTO supporting_projects(supporting_project_id, supported_at, delivery_id, payment_id, project_id, user_id) VALUES (2059, (SELECT projects.start_date + INTERVAL 49 DAY FROM projects WHERE projects.id=45), 2059, 2059, 45, 36);
INSERT INTO orders (order_id, created_at, delivery_id, payment_id, supporting_project_id) VALUES (2059, (SELECT projects.start_date + INTERVAL 49 DAY FROM projects WHERE projects.id=45), 1, 2059, 2059);
INSERT INTO supporting_packages(id, option_list, package_count, order_id, project_package_id, supporting_project_id) VALUES (2059, '["중형"]', 8, 2059, 45, 2059);
INSERT INTO supporting_projects(supporting_project_id, supported_at, delivery_id, payment_id, project_id, user_id) VALUES (2060, (SELECT projects.start_date + INTERVAL 4 DAY FROM projects WHERE projects.id=45), 2060, 2060, 45, 8);
INSERT INTO orders (order_id, created_at, delivery_id, payment_id, supporting_project_id) VALUES (2060, (SELECT projects.start_date + INTERVAL 4 DAY FROM projects WHERE projects.id=45), 1, 2060, 2060);
INSERT INTO supporting_packages(id, option_list, package_count, order_id, project_package_id, supporting_project_id) VALUES (2060, '["소형"]', 6, 2060, 45, 2060);
INSERT INTO supporting_projects(supporting_project_id, supported_at, delivery_id, payment_id, project_id, user_id) VALUES (2061, (SELECT projects.start_date + INTERVAL 48 DAY FROM projects WHERE projects.id=45), 2061, 2061, 45, 27);
INSERT INTO orders (order_id, created_at, delivery_id, payment_id, supporting_project_id) VALUES (2061, (SELECT projects.start_date + INTERVAL 48 DAY FROM projects WHERE projects.id=45), 1, 2061, 2061);
INSERT INTO supporting_packages(id, option_list, package_count, order_id, project_package_id, supporting_project_id) VALUES (2061, '["대형"]', 5, 2061, 45, 2061);
INSERT INTO supporting_projects(supporting_project_id, supported_at, delivery_id, payment_id, project_id, user_id) VALUES (2062, (SELECT projects.start_date + INTERVAL 42 DAY FROM projects WHERE projects.id=45), 2062, 2062, 45, 1);
INSERT INTO orders (order_id, created_at, delivery_id, payment_id, supporting_project_id) VALUES (2062, (SELECT projects.start_date + INTERVAL 42 DAY FROM projects WHERE projects.id=45), 1, 2062, 2062);
INSERT INTO supporting_packages(id, option_list, package_count, order_id, project_package_id, supporting_project_id) VALUES (2062, '["소형"]', 4, 2062, 45, 2062);
INSERT INTO supporting_projects(supporting_project_id, supported_at, delivery_id, payment_id, project_id, user_id) VALUES (2063, (SELECT projects.start_date + INTERVAL 2 DAY FROM projects WHERE projects.id=45), 2063, 2063, 45, 32);
INSERT INTO orders (order_id, created_at, delivery_id, payment_id, supporting_project_id) VALUES (2063, (SELECT projects.start_date + INTERVAL 2 DAY FROM projects WHERE projects.id=45), 1, 2063, 2063);
INSERT INTO supporting_packages(id, option_list, package_count, order_id, project_package_id, supporting_project_id) VALUES (2063, '["대형"]', 10, 2063, 45, 2063);
INSERT INTO supporting_projects(supporting_project_id, supported_at, delivery_id, payment_id, project_id, user_id) VALUES (2064, (SELECT projects.start_date + INTERVAL 27 DAY FROM projects WHERE projects.id=45), 2064, 2064, 45, 37);
INSERT INTO orders (order_id, created_at, delivery_id, payment_id, supporting_project_id) VALUES (2064, (SELECT projects.start_date + INTERVAL 27 DAY FROM projects WHERE projects.id=45), 1, 2064, 2064);
INSERT INTO supporting_packages(id, option_list, package_count, order_id, project_package_id, supporting_project_id) VALUES (2064, '["중형"]', 8, 2064, 45, 2064);
INSERT INTO supporting_projects(supporting_project_id, supported_at, delivery_id, payment_id, project_id, user_id) VALUES (2065, (SELECT projects.start_date + INTERVAL 6 DAY FROM projects WHERE projects.id=45), 2065, 2065, 45, 10);
INSERT INTO orders (order_id, created_at, delivery_id, payment_id, supporting_project_id) VALUES (2065, (SELECT projects.start_date + INTERVAL 6 DAY FROM projects WHERE projects.id=45), 1, 2065, 2065);
INSERT INTO supporting_packages(id, option_list, package_count, order_id, project_package_id, supporting_project_id) VALUES (2065, '["대형"]', 5, 2065, 45, 2065);
INSERT INTO supporting_projects(supporting_project_id, supported_at, delivery_id, payment_id, project_id, user_id) VALUES (2066, (SELECT projects.start_date + INTERVAL 24 DAY FROM projects WHERE projects.id=45), 2066, 2066, 45, 4);
INSERT INTO orders (order_id, created_at, delivery_id, payment_id, supporting_project_id) VALUES (2066, (SELECT projects.start_date + INTERVAL 24 DAY FROM projects WHERE projects.id=45), 1, 2066, 2066);
INSERT INTO supporting_packages(id, option_list, package_count, order_id, project_package_id, supporting_project_id) VALUES (2066, '["소형"]', 1, 2066, 45, 2066);
INSERT INTO supporting_projects(supporting_project_id, supported_at, delivery_id, payment_id, project_id, user_id) VALUES (2067, (SELECT projects.start_date + INTERVAL 47 DAY FROM projects WHERE projects.id=45), 2067, 2067, 45, 13);
INSERT INTO orders (order_id, created_at, delivery_id, payment_id, supporting_project_id) VALUES (2067, (SELECT projects.start_date + INTERVAL 47 DAY FROM projects WHERE projects.id=45), 1, 2067, 2067);
INSERT INTO supporting_packages(id, option_list, package_count, order_id, project_package_id, supporting_project_id) VALUES (2067, '["대형"]', 2, 2067, 45, 2067);
INSERT INTO supporting_projects(supporting_project_id, supported_at, delivery_id, payment_id, project_id, user_id) VALUES (2068, (SELECT projects.start_date + INTERVAL 41 DAY FROM projects WHERE projects.id=45), 2068, 2068, 45, 29);
INSERT INTO orders (order_id, created_at, delivery_id, payment_id, supporting_project_id) VALUES (2068, (SELECT projects.start_date + INTERVAL 41 DAY FROM projects WHERE projects.id=45), 1, 2068, 2068);
INSERT INTO supporting_packages(id, option_list, package_count, order_id, project_package_id, supporting_project_id) VALUES (2068, '["중형"]', 2, 2068, 45, 2068);
INSERT INTO supporting_projects(supporting_project_id, supported_at, delivery_id, payment_id, project_id, user_id) VALUES (2069, (SELECT projects.start_date + INTERVAL 29 DAY FROM projects WHERE projects.id=45), 2069, 2069, 45, 10);
INSERT INTO orders (order_id, created_at, delivery_id, payment_id, supporting_project_id) VALUES (2069, (SELECT projects.start_date + INTERVAL 29 DAY FROM projects WHERE projects.id=45), 1, 2069, 2069);
INSERT INTO supporting_packages(id, option_list, package_count, order_id, project_package_id, supporting_project_id) VALUES (2069, '["대형"]', 7, 2069, 45, 2069);
INSERT INTO supporting_projects(supporting_project_id, supported_at, delivery_id, payment_id, project_id, user_id) VALUES (2070, (SELECT projects.start_date + INTERVAL 37 DAY FROM projects WHERE projects.id=45), 2070, 2070, 45, 8);
INSERT INTO orders (order_id, created_at, delivery_id, payment_id, supporting_project_id) VALUES (2070, (SELECT projects.start_date + INTERVAL 37 DAY FROM projects WHERE projects.id=45), 1, 2070, 2070);
INSERT INTO supporting_packages(id, option_list, package_count, order_id, project_package_id, supporting_project_id) VALUES (2070, '["대형"]', 5, 2070, 45, 2070);
INSERT INTO supporting_projects(supporting_project_id, supported_at, delivery_id, payment_id, project_id, user_id) VALUES (2071, (SELECT projects.start_date + INTERVAL 15 DAY FROM projects WHERE projects.id=45), 2071, 2071, 45, 9);
INSERT INTO orders (order_id, created_at, delivery_id, payment_id, supporting_project_id) VALUES (2071, (SELECT projects.start_date + INTERVAL 15 DAY FROM projects WHERE projects.id=45), 1, 2071, 2071);
INSERT INTO supporting_packages(id, option_list, package_count, order_id, project_package_id, supporting_project_id) VALUES (2071, '["소형"]', 1, 2071, 45, 2071);
INSERT INTO supporting_projects(supporting_project_id, supported_at, delivery_id, payment_id, project_id, user_id) VALUES (2072, (SELECT projects.start_date + INTERVAL 4 DAY FROM projects WHERE projects.id=45), 2072, 2072, 45, 33);
INSERT INTO orders (order_id, created_at, delivery_id, payment_id, supporting_project_id) VALUES (2072, (SELECT projects.start_date + INTERVAL 4 DAY FROM projects WHERE projects.id=45), 1, 2072, 2072);
INSERT INTO supporting_packages(id, option_list, package_count, order_id, project_package_id, supporting_project_id) VALUES (2072, '["소형"]', 10, 2072, 45, 2072);
INSERT INTO supporting_projects(supporting_project_id, supported_at, delivery_id, payment_id, project_id, user_id) VALUES (2073, (SELECT projects.start_date + INTERVAL 8 DAY FROM projects WHERE projects.id=45), 2073, 2073, 45, 1);
INSERT INTO orders (order_id, created_at, delivery_id, payment_id, supporting_project_id) VALUES (2073, (SELECT projects.start_date + INTERVAL 8 DAY FROM projects WHERE projects.id=45), 1, 2073, 2073);
INSERT INTO supporting_packages(id, option_list, package_count, order_id, project_package_id, supporting_project_id) VALUES (2073, '["소형"]', 1, 2073, 45, 2073);
INSERT INTO supporting_projects(supporting_project_id, supported_at, delivery_id, payment_id, project_id, user_id) VALUES (2074, (SELECT projects.start_date + INTERVAL 13 DAY FROM projects WHERE projects.id=45), 2074, 2074, 45, 7);
INSERT INTO orders (order_id, created_at, delivery_id, payment_id, supporting_project_id) VALUES (2074, (SELECT projects.start_date + INTERVAL 13 DAY FROM projects WHERE projects.id=45), 1, 2074, 2074);
INSERT INTO supporting_packages(id, option_list, package_count, order_id, project_package_id, supporting_project_id) VALUES (2074, '["대형"]', 7, 2074, 45, 2074);
INSERT INTO supporting_projects(supporting_project_id, supported_at, delivery_id, payment_id, project_id, user_id) VALUES (2075, (SELECT projects.start_date + INTERVAL 23 DAY FROM projects WHERE projects.id=45), 2075, 2075, 45, 25);
INSERT INTO orders (order_id, created_at, delivery_id, payment_id, supporting_project_id) VALUES (2075, (SELECT projects.start_date + INTERVAL 23 DAY FROM projects WHERE projects.id=45), 1, 2075, 2075);
INSERT INTO supporting_packages(id, option_list, package_count, order_id, project_package_id, supporting_project_id) VALUES (2075, '["대형"]', 7, 2075, 45, 2075);
INSERT INTO supporting_projects(supporting_project_id, supported_at, delivery_id, payment_id, project_id, user_id) VALUES (2076, (SELECT projects.start_date + INTERVAL 8 DAY FROM projects WHERE projects.id=45), 2076, 2076, 45, 6);
INSERT INTO orders (order_id, created_at, delivery_id, payment_id, supporting_project_id) VALUES (2076, (SELECT projects.start_date + INTERVAL 8 DAY FROM projects WHERE projects.id=45), 1, 2076, 2076);
INSERT INTO supporting_packages(id, option_list, package_count, order_id, project_package_id, supporting_project_id) VALUES (2076, '["소형"]', 3, 2076, 45, 2076);
INSERT INTO supporting_projects(supporting_project_id, supported_at, delivery_id, payment_id, project_id, user_id) VALUES (2077, (SELECT projects.start_date + INTERVAL 40 DAY FROM projects WHERE projects.id=45), 2077, 2077, 45, 6);
INSERT INTO orders (order_id, created_at, delivery_id, payment_id, supporting_project_id) VALUES (2077, (SELECT projects.start_date + INTERVAL 40 DAY FROM projects WHERE projects.id=45), 1, 2077, 2077);
INSERT INTO supporting_packages(id, option_list, package_count, order_id, project_package_id, supporting_project_id) VALUES (2077, '["중형"]', 7, 2077, 45, 2077);
INSERT INTO supporting_projects(supporting_project_id, supported_at, delivery_id, payment_id, project_id, user_id) VALUES (2078, (SELECT projects.start_date + INTERVAL 26 DAY FROM projects WHERE projects.id=45), 2078, 2078, 45, 32);
INSERT INTO orders (order_id, created_at, delivery_id, payment_id, supporting_project_id) VALUES (2078, (SELECT projects.start_date + INTERVAL 26 DAY FROM projects WHERE projects.id=45), 1, 2078, 2078);
INSERT INTO supporting_packages(id, option_list, package_count, order_id, project_package_id, supporting_project_id) VALUES (2078, '["소형"]', 3, 2078, 45, 2078);
INSERT INTO supporting_projects(supporting_project_id, supported_at, delivery_id, payment_id, project_id, user_id) VALUES (2079, (SELECT projects.start_date + INTERVAL 15 DAY FROM projects WHERE projects.id=45), 2079, 2079, 45, 35);
INSERT INTO orders (order_id, created_at, delivery_id, payment_id, supporting_project_id) VALUES (2079, (SELECT projects.start_date + INTERVAL 15 DAY FROM projects WHERE projects.id=45), 1, 2079, 2079);
INSERT INTO supporting_packages(id, option_list, package_count, order_id, project_package_id, supporting_project_id) VALUES (2079, '["소형"]', 5, 2079, 45, 2079);
INSERT INTO supporting_projects(supporting_project_id, supported_at, delivery_id, payment_id, project_id, user_id) VALUES (2080, (SELECT projects.start_date + INTERVAL 37 DAY FROM projects WHERE projects.id=45), 2080, 2080, 45, 9);
INSERT INTO orders (order_id, created_at, delivery_id, payment_id, supporting_project_id) VALUES (2080, (SELECT projects.start_date + INTERVAL 37 DAY FROM projects WHERE projects.id=45), 1, 2080, 2080);
INSERT INTO supporting_packages(id, option_list, package_count, order_id, project_package_id, supporting_project_id) VALUES (2080, '["대형"]', 10, 2080, 45, 2080);
INSERT INTO supporting_projects(supporting_project_id, supported_at, delivery_id, payment_id, project_id, user_id) VALUES (2081, (SELECT projects.start_date + INTERVAL 5 DAY FROM projects WHERE projects.id=45), 2081, 2081, 45, 30);
INSERT INTO orders (order_id, created_at, delivery_id, payment_id, supporting_project_id) VALUES (2081, (SELECT projects.start_date + INTERVAL 5 DAY FROM projects WHERE projects.id=45), 1, 2081, 2081);
INSERT INTO supporting_packages(id, option_list, package_count, order_id, project_package_id, supporting_project_id) VALUES (2081, '["중형"]', 2, 2081, 45, 2081);
INSERT INTO supporting_projects(supporting_project_id, supported_at, delivery_id, payment_id, project_id, user_id) VALUES (2082, (SELECT projects.start_date + INTERVAL 21 DAY FROM projects WHERE projects.id=45), 2082, 2082, 45, 1);
INSERT INTO orders (order_id, created_at, delivery_id, payment_id, supporting_project_id) VALUES (2082, (SELECT projects.start_date + INTERVAL 21 DAY FROM projects WHERE projects.id=45), 1, 2082, 2082);
INSERT INTO supporting_packages(id, option_list, package_count, order_id, project_package_id, supporting_project_id) VALUES (2082, '["대형"]', 2, 2082, 45, 2082);
INSERT INTO supporting_projects(supporting_project_id, supported_at, delivery_id, payment_id, project_id, user_id) VALUES (2083, (SELECT projects.start_date + INTERVAL 30 DAY FROM projects WHERE projects.id=45), 2083, 2083, 45, 2);
INSERT INTO orders (order_id, created_at, delivery_id, payment_id, supporting_project_id) VALUES (2083, (SELECT projects.start_date + INTERVAL 30 DAY FROM projects WHERE projects.id=45), 1, 2083, 2083);
INSERT INTO supporting_packages(id, option_list, package_count, order_id, project_package_id, supporting_project_id) VALUES (2083, '["대형"]', 9, 2083, 45, 2083);
INSERT INTO supporting_projects(supporting_project_id, supported_at, delivery_id, payment_id, project_id, user_id) VALUES (2084, (SELECT projects.start_date + INTERVAL 6 DAY FROM projects WHERE projects.id=45), 2084, 2084, 45, 11);
INSERT INTO orders (order_id, created_at, delivery_id, payment_id, supporting_project_id) VALUES (2084, (SELECT projects.start_date + INTERVAL 6 DAY FROM projects WHERE projects.id=45), 1, 2084, 2084);
INSERT INTO supporting_packages(id, option_list, package_count, order_id, project_package_id, supporting_project_id) VALUES (2084, '["대형"]', 6, 2084, 45, 2084);
INSERT INTO supporting_projects(supporting_project_id, supported_at, delivery_id, payment_id, project_id, user_id) VALUES (2085, (SELECT projects.start_date + INTERVAL 26 DAY FROM projects WHERE projects.id=45), 2085, 2085, 45, 14);
INSERT INTO orders (order_id, created_at, delivery_id, payment_id, supporting_project_id) VALUES (2085, (SELECT projects.start_date + INTERVAL 26 DAY FROM projects WHERE projects.id=45), 1, 2085, 2085);
INSERT INTO supporting_packages(id, option_list, package_count, order_id, project_package_id, supporting_project_id) VALUES (2085, '["대형"]', 3, 2085, 45, 2085);
INSERT INTO supporting_projects(supporting_project_id, supported_at, delivery_id, payment_id, project_id, user_id) VALUES (2086, (SELECT projects.start_date + INTERVAL 31 DAY FROM projects WHERE projects.id=45), 2086, 2086, 45, 30);
INSERT INTO orders (order_id, created_at, delivery_id, payment_id, supporting_project_id) VALUES (2086, (SELECT projects.start_date + INTERVAL 31 DAY FROM projects WHERE projects.id=45), 1, 2086, 2086);
INSERT INTO supporting_packages(id, option_list, package_count, order_id, project_package_id, supporting_project_id) VALUES (2086, '["중형"]', 6, 2086, 45, 2086);
INSERT INTO supporting_projects(supporting_project_id, supported_at, delivery_id, payment_id, project_id, user_id) VALUES (2087, (SELECT projects.start_date + INTERVAL 22 DAY FROM projects WHERE projects.id=45), 2087, 2087, 45, 1);
INSERT INTO orders (order_id, created_at, delivery_id, payment_id, supporting_project_id) VALUES (2087, (SELECT projects.start_date + INTERVAL 22 DAY FROM projects WHERE projects.id=45), 1, 2087, 2087);
INSERT INTO supporting_packages(id, option_list, package_count, order_id, project_package_id, supporting_project_id) VALUES (2087, '["대형"]', 6, 2087, 45, 2087);
INSERT INTO supporting_projects(supporting_project_id, supported_at, delivery_id, payment_id, project_id, user_id) VALUES (2088, (SELECT projects.start_date + INTERVAL 10 DAY FROM projects WHERE projects.id=45), 2088, 2088, 45, 40);
INSERT INTO orders (order_id, created_at, delivery_id, payment_id, supporting_project_id) VALUES (2088, (SELECT projects.start_date + INTERVAL 10 DAY FROM projects WHERE projects.id=45), 1, 2088, 2088);
INSERT INTO supporting_packages(id, option_list, package_count, order_id, project_package_id, supporting_project_id) VALUES (2088, '["대형"]', 1, 2088, 45, 2088);
INSERT INTO supporting_projects(supporting_project_id, supported_at, delivery_id, payment_id, project_id, user_id) VALUES (2089, (SELECT projects.start_date + INTERVAL 21 DAY FROM projects WHERE projects.id=45), 2089, 2089, 45, 2);
INSERT INTO orders (order_id, created_at, delivery_id, payment_id, supporting_project_id) VALUES (2089, (SELECT projects.start_date + INTERVAL 21 DAY FROM projects WHERE projects.id=45), 1, 2089, 2089);
INSERT INTO supporting_packages(id, option_list, package_count, order_id, project_package_id, supporting_project_id) VALUES (2089, '["중형"]', 8, 2089, 45, 2089);
INSERT INTO supporting_projects(supporting_project_id, supported_at, delivery_id, payment_id, project_id, user_id) VALUES (2090, (SELECT projects.start_date + INTERVAL 22 DAY FROM projects WHERE projects.id=45), 2090, 2090, 45, 4);
INSERT INTO orders (order_id, created_at, delivery_id, payment_id, supporting_project_id) VALUES (2090, (SELECT projects.start_date + INTERVAL 22 DAY FROM projects WHERE projects.id=45), 1, 2090, 2090);
INSERT INTO supporting_packages(id, option_list, package_count, order_id, project_package_id, supporting_project_id) VALUES (2090, '["대형"]', 10, 2090, 45, 2090);
INSERT INTO supporting_projects(supporting_project_id, supported_at, delivery_id, payment_id, project_id, user_id) VALUES (2091, (SELECT projects.start_date + INTERVAL 27 DAY FROM projects WHERE projects.id=45), 2091, 2091, 45, 1);
INSERT INTO orders (order_id, created_at, delivery_id, payment_id, supporting_project_id) VALUES (2091, (SELECT projects.start_date + INTERVAL 27 DAY FROM projects WHERE projects.id=45), 1, 2091, 2091);
INSERT INTO supporting_packages(id, option_list, package_count, order_id, project_package_id, supporting_project_id) VALUES (2091, '["대형"]', 5, 2091, 45, 2091);
INSERT INTO supporting_projects(supporting_project_id, supported_at, delivery_id, payment_id, project_id, user_id) VALUES (2092, (SELECT projects.start_date + INTERVAL 42 DAY FROM projects WHERE projects.id=45), 2092, 2092, 45, 5);
INSERT INTO orders (order_id, created_at, delivery_id, payment_id, supporting_project_id) VALUES (2092, (SELECT projects.start_date + INTERVAL 42 DAY FROM projects WHERE projects.id=45), 1, 2092, 2092);
INSERT INTO supporting_packages(id, option_list, package_count, order_id, project_package_id, supporting_project_id) VALUES (2092, '["대형"]', 6, 2092, 45, 2092);
INSERT INTO supporting_projects(supporting_project_id, supported_at, delivery_id, payment_id, project_id, user_id) VALUES (2093, (SELECT projects.start_date + INTERVAL 38 DAY FROM projects WHERE projects.id=45), 2093, 2093, 45, 21);
INSERT INTO orders (order_id, created_at, delivery_id, payment_id, supporting_project_id) VALUES (2093, (SELECT projects.start_date + INTERVAL 38 DAY FROM projects WHERE projects.id=45), 1, 2093, 2093);
INSERT INTO supporting_packages(id, option_list, package_count, order_id, project_package_id, supporting_project_id) VALUES (2093, '["대형"]', 5, 2093, 45, 2093);
INSERT INTO supporting_projects(supporting_project_id, supported_at, delivery_id, payment_id, project_id, user_id) VALUES (2094, (SELECT projects.start_date + INTERVAL 25 DAY FROM projects WHERE projects.id=45), 2094, 2094, 45, 28);
INSERT INTO orders (order_id, created_at, delivery_id, payment_id, supporting_project_id) VALUES (2094, (SELECT projects.start_date + INTERVAL 25 DAY FROM projects WHERE projects.id=45), 1, 2094, 2094);
INSERT INTO supporting_packages(id, option_list, package_count, order_id, project_package_id, supporting_project_id) VALUES (2094, '["중형"]', 8, 2094, 45, 2094);
INSERT INTO supporting_projects(supporting_project_id, supported_at, delivery_id, payment_id, project_id, user_id) VALUES (2095, (SELECT projects.start_date + INTERVAL 10 DAY FROM projects WHERE projects.id=45), 2095, 2095, 45, 11);
INSERT INTO orders (order_id, created_at, delivery_id, payment_id, supporting_project_id) VALUES (2095, (SELECT projects.start_date + INTERVAL 10 DAY FROM projects WHERE projects.id=45), 1, 2095, 2095);
INSERT INTO supporting_packages(id, option_list, package_count, order_id, project_package_id, supporting_project_id) VALUES (2095, '["중형"]', 10, 2095, 45, 2095);
INSERT INTO supporting_projects(supporting_project_id, supported_at, delivery_id, payment_id, project_id, user_id) VALUES (2096, (SELECT projects.start_date + INTERVAL 15 DAY FROM projects WHERE projects.id=45), 2096, 2096, 45, 14);
INSERT INTO orders (order_id, created_at, delivery_id, payment_id, supporting_project_id) VALUES (2096, (SELECT projects.start_date + INTERVAL 15 DAY FROM projects WHERE projects.id=45), 1, 2096, 2096);
INSERT INTO supporting_packages(id, option_list, package_count, order_id, project_package_id, supporting_project_id) VALUES (2096, '["대형"]', 6, 2096, 45, 2096);
INSERT INTO supporting_projects(supporting_project_id, supported_at, delivery_id, payment_id, project_id, user_id) VALUES (2097, (SELECT projects.start_date + INTERVAL 41 DAY FROM projects WHERE projects.id=45), 2097, 2097, 45, 6);
INSERT INTO orders (order_id, created_at, delivery_id, payment_id, supporting_project_id) VALUES (2097, (SELECT projects.start_date + INTERVAL 41 DAY FROM projects WHERE projects.id=45), 1, 2097, 2097);
INSERT INTO supporting_packages(id, option_list, package_count, order_id, project_package_id, supporting_project_id) VALUES (2097, '["대형"]', 7, 2097, 45, 2097);
INSERT INTO supporting_projects(supporting_project_id, supported_at, delivery_id, payment_id, project_id, user_id) VALUES (2098, (SELECT projects.start_date + INTERVAL 23 DAY FROM projects WHERE projects.id=45), 2098, 2098, 45, 9);
INSERT INTO orders (order_id, created_at, delivery_id, payment_id, supporting_project_id) VALUES (2098, (SELECT projects.start_date + INTERVAL 23 DAY FROM projects WHERE projects.id=45), 1, 2098, 2098);
INSERT INTO supporting_packages(id, option_list, package_count, order_id, project_package_id, supporting_project_id) VALUES (2098, '["대형"]', 4, 2098, 45, 2098);
INSERT INTO supporting_projects(supporting_project_id, supported_at, delivery_id, payment_id, project_id, user_id) VALUES (2099, (SELECT projects.start_date + INTERVAL 39 DAY FROM projects WHERE projects.id=45), 2099, 2099, 45, 25);
INSERT INTO orders (order_id, created_at, delivery_id, payment_id, supporting_project_id) VALUES (2099, (SELECT projects.start_date + INTERVAL 39 DAY FROM projects WHERE projects.id=45), 1, 2099, 2099);
INSERT INTO supporting_packages(id, option_list, package_count, order_id, project_package_id, supporting_project_id) VALUES (2099, '["대형"]', 8, 2099, 45, 2099);
INSERT INTO supporting_projects(supporting_project_id, supported_at, delivery_id, payment_id, project_id, user_id) VALUES (2100, (SELECT projects.start_date + INTERVAL 35 DAY FROM projects WHERE projects.id=45), 2100, 2100, 45, 17);
INSERT INTO orders (order_id, created_at, delivery_id, payment_id, supporting_project_id) VALUES (2100, (SELECT projects.start_date + INTERVAL 35 DAY FROM projects WHERE projects.id=45), 1, 2100, 2100);
INSERT INTO supporting_packages(id, option_list, package_count, order_id, project_package_id, supporting_project_id) VALUES (2100, '["대형"]', 7, 2100, 45, 2100);
INSERT INTO supporting_projects(supporting_project_id, supported_at, delivery_id, payment_id, project_id, user_id) VALUES (2101, (SELECT projects.start_date + INTERVAL 43 DAY FROM projects WHERE projects.id=45), 2101, 2101, 45, 1);
INSERT INTO orders (order_id, created_at, delivery_id, payment_id, supporting_project_id) VALUES (2101, (SELECT projects.start_date + INTERVAL 43 DAY FROM projects WHERE projects.id=45), 1, 2101, 2101);
INSERT INTO supporting_packages(id, option_list, package_count, order_id, project_package_id, supporting_project_id) VALUES (2101, '["중형"]', 10, 2101, 45, 2101);
INSERT INTO supporting_projects(supporting_project_id, supported_at, delivery_id, payment_id, project_id, user_id) VALUES (2102, (SELECT projects.start_date + INTERVAL 14 DAY FROM projects WHERE projects.id=45), 2102, 2102, 45, 38);
INSERT INTO orders (order_id, created_at, delivery_id, payment_id, supporting_project_id) VALUES (2102, (SELECT projects.start_date + INTERVAL 14 DAY FROM projects WHERE projects.id=45), 1, 2102, 2102);
INSERT INTO supporting_packages(id, option_list, package_count, order_id, project_package_id, supporting_project_id) VALUES (2102, '["대형"]', 7, 2102, 45, 2102);
INSERT INTO supporting_projects(supporting_project_id, supported_at, delivery_id, payment_id, project_id, user_id) VALUES (2103, (SELECT projects.start_date + INTERVAL 2 DAY FROM projects WHERE projects.id=45), 2103, 2103, 45, 14);
INSERT INTO orders (order_id, created_at, delivery_id, payment_id, supporting_project_id) VALUES (2103, (SELECT projects.start_date + INTERVAL 2 DAY FROM projects WHERE projects.id=45), 1, 2103, 2103);
INSERT INTO supporting_packages(id, option_list, package_count, order_id, project_package_id, supporting_project_id) VALUES (2103, '["소형"]', 6, 2103, 45, 2103);
INSERT INTO supporting_projects(supporting_project_id, supported_at, delivery_id, payment_id, project_id, user_id) VALUES (2104, (SELECT projects.start_date + INTERVAL 38 DAY FROM projects WHERE projects.id=45), 2104, 2104, 45, 9);
INSERT INTO orders (order_id, created_at, delivery_id, payment_id, supporting_project_id) VALUES (2104, (SELECT projects.start_date + INTERVAL 38 DAY FROM projects WHERE projects.id=45), 1, 2104, 2104);
INSERT INTO supporting_packages(id, option_list, package_count, order_id, project_package_id, supporting_project_id) VALUES (2104, '["대형"]', 5, 2104, 45, 2104);
INSERT INTO supporting_projects(supporting_project_id, supported_at, delivery_id, payment_id, project_id, user_id) VALUES (2105, (SELECT projects.start_date + INTERVAL 1 DAY FROM projects WHERE projects.id=45), 2105, 2105, 45, 22);
INSERT INTO orders (order_id, created_at, delivery_id, payment_id, supporting_project_id) VALUES (2105, (SELECT projects.start_date + INTERVAL 1 DAY FROM projects WHERE projects.id=45), 1, 2105, 2105);
INSERT INTO supporting_packages(id, option_list, package_count, order_id, project_package_id, supporting_project_id) VALUES (2105, '["중형"]', 3, 2105, 45, 2105);
INSERT INTO supporting_projects(supporting_project_id, supported_at, delivery_id, payment_id, project_id, user_id) VALUES (2106, (SELECT projects.start_date + INTERVAL 32 DAY FROM projects WHERE projects.id=45), 2106, 2106, 45, 7);
INSERT INTO orders (order_id, created_at, delivery_id, payment_id, supporting_project_id) VALUES (2106, (SELECT projects.start_date + INTERVAL 32 DAY FROM projects WHERE projects.id=45), 1, 2106, 2106);
INSERT INTO supporting_packages(id, option_list, package_count, order_id, project_package_id, supporting_project_id) VALUES (2106, '["중형"]', 2, 2106, 45, 2106);
INSERT INTO supporting_projects(supporting_project_id, supported_at, delivery_id, payment_id, project_id, user_id) VALUES (2107, (SELECT projects.start_date + INTERVAL 7 DAY FROM projects WHERE projects.id=45), 2107, 2107, 45, 23);
INSERT INTO orders (order_id, created_at, delivery_id, payment_id, supporting_project_id) VALUES (2107, (SELECT projects.start_date + INTERVAL 7 DAY FROM projects WHERE projects.id=45), 1, 2107, 2107);
INSERT INTO supporting_packages(id, option_list, package_count, order_id, project_package_id, supporting_project_id) VALUES (2107, '["중형"]', 4, 2107, 45, 2107);
INSERT INTO supporting_projects(supporting_project_id, supported_at, delivery_id, payment_id, project_id, user_id) VALUES (2108, (SELECT projects.start_date + INTERVAL 11 DAY FROM projects WHERE projects.id=45), 2108, 2108, 45, 35);
INSERT INTO orders (order_id, created_at, delivery_id, payment_id, supporting_project_id) VALUES (2108, (SELECT projects.start_date + INTERVAL 11 DAY FROM projects WHERE projects.id=45), 1, 2108, 2108);
INSERT INTO supporting_packages(id, option_list, package_count, order_id, project_package_id, supporting_project_id) VALUES (2108, '["대형"]', 1, 2108, 45, 2108);
INSERT INTO supporting_projects(supporting_project_id, supported_at, delivery_id, payment_id, project_id, user_id) VALUES (2109, (SELECT projects.start_date + INTERVAL 27 DAY FROM projects WHERE projects.id=45), 2109, 2109, 45, 40);
INSERT INTO orders (order_id, created_at, delivery_id, payment_id, supporting_project_id) VALUES (2109, (SELECT projects.start_date + INTERVAL 27 DAY FROM projects WHERE projects.id=45), 1, 2109, 2109);
INSERT INTO supporting_packages(id, option_list, package_count, order_id, project_package_id, supporting_project_id) VALUES (2109, '["소형"]', 3, 2109, 45, 2109);
INSERT INTO supporting_projects(supporting_project_id, supported_at, delivery_id, payment_id, project_id, user_id) VALUES (2110, (SELECT projects.start_date + INTERVAL 35 DAY FROM projects WHERE projects.id=45), 2110, 2110, 45, 39);
INSERT INTO orders (order_id, created_at, delivery_id, payment_id, supporting_project_id) VALUES (2110, (SELECT projects.start_date + INTERVAL 35 DAY FROM projects WHERE projects.id=45), 1, 2110, 2110);
INSERT INTO supporting_packages(id, option_list, package_count, order_id, project_package_id, supporting_project_id) VALUES (2110, '["중형"]', 9, 2110, 45, 2110);
INSERT INTO supporting_projects(supporting_project_id, supported_at, delivery_id, payment_id, project_id, user_id) VALUES (2111, (SELECT projects.start_date + INTERVAL 29 DAY FROM projects WHERE projects.id=45), 2111, 2111, 45, 4);
INSERT INTO orders (order_id, created_at, delivery_id, payment_id, supporting_project_id) VALUES (2111, (SELECT projects.start_date + INTERVAL 29 DAY FROM projects WHERE projects.id=45), 1, 2111, 2111);
INSERT INTO supporting_packages(id, option_list, package_count, order_id, project_package_id, supporting_project_id) VALUES (2111, '["중형"]', 2, 2111, 45, 2111);
INSERT INTO supporting_projects(supporting_project_id, supported_at, delivery_id, payment_id, project_id, user_id) VALUES (2112, (SELECT projects.start_date + INTERVAL 38 DAY FROM projects WHERE projects.id=45), 2112, 2112, 45, 30);
INSERT INTO orders (order_id, created_at, delivery_id, payment_id, supporting_project_id) VALUES (2112, (SELECT projects.start_date + INTERVAL 38 DAY FROM projects WHERE projects.id=45), 1, 2112, 2112);
INSERT INTO supporting_packages(id, option_list, package_count, order_id, project_package_id, supporting_project_id) VALUES (2112, '["대형"]', 4, 2112, 45, 2112);
INSERT INTO supporting_projects(supporting_project_id, supported_at, delivery_id, payment_id, project_id, user_id) VALUES (2113, (SELECT projects.start_date + INTERVAL 13 DAY FROM projects WHERE projects.id=45), 2113, 2113, 45, 7);
INSERT INTO orders (order_id, created_at, delivery_id, payment_id, supporting_project_id) VALUES (2113, (SELECT projects.start_date + INTERVAL 13 DAY FROM projects WHERE projects.id=45), 1, 2113, 2113);
INSERT INTO supporting_packages(id, option_list, package_count, order_id, project_package_id, supporting_project_id) VALUES (2113, '["대형"]', 4, 2113, 45, 2113);
INSERT INTO supporting_projects(supporting_project_id, supported_at, delivery_id, payment_id, project_id, user_id) VALUES (2114, (SELECT projects.start_date + INTERVAL 4 DAY FROM projects WHERE projects.id=45), 2114, 2114, 45, 3);
INSERT INTO orders (order_id, created_at, delivery_id, payment_id, supporting_project_id) VALUES (2114, (SELECT projects.start_date + INTERVAL 4 DAY FROM projects WHERE projects.id=45), 1, 2114, 2114);
INSERT INTO supporting_packages(id, option_list, package_count, order_id, project_package_id, supporting_project_id) VALUES (2114, '["대형"]', 5, 2114, 45, 2114);
INSERT INTO supporting_projects(supporting_project_id, supported_at, delivery_id, payment_id, project_id, user_id) VALUES (2115, (SELECT projects.start_date + INTERVAL 7 DAY FROM projects WHERE projects.id=47), 2115, 2115, 47, 15);
INSERT INTO orders (order_id, created_at, delivery_id, payment_id, supporting_project_id) VALUES (2115, (SELECT projects.start_date + INTERVAL 7 DAY FROM projects WHERE projects.id=47), 1, 2115, 2115);
INSERT INTO supporting_packages(id, option_list, package_count, order_id, project_package_id, supporting_project_id) VALUES (2115, '["중급자용"]', 5, 2115, 47, 2115);
INSERT INTO supporting_projects(supporting_project_id, supported_at, delivery_id, payment_id, project_id, user_id) VALUES (2116, (SELECT projects.start_date + INTERVAL 42 DAY FROM projects WHERE projects.id=47), 2116, 2116, 47, 34);
INSERT INTO orders (order_id, created_at, delivery_id, payment_id, supporting_project_id) VALUES (2116, (SELECT projects.start_date + INTERVAL 42 DAY FROM projects WHERE projects.id=47), 1, 2116, 2116);
INSERT INTO supporting_packages(id, option_list, package_count, order_id, project_package_id, supporting_project_id) VALUES (2116, '["전문가용"]', 3, 2116, 47, 2116);
INSERT INTO supporting_projects(supporting_project_id, supported_at, delivery_id, payment_id, project_id, user_id) VALUES (2117, (SELECT projects.start_date + INTERVAL 34 DAY FROM projects WHERE projects.id=47), 2117, 2117, 47, 38);
INSERT INTO orders (order_id, created_at, delivery_id, payment_id, supporting_project_id) VALUES (2117, (SELECT projects.start_date + INTERVAL 34 DAY FROM projects WHERE projects.id=47), 1, 2117, 2117);
INSERT INTO supporting_packages(id, option_list, package_count, order_id, project_package_id, supporting_project_id) VALUES (2117, '["초급자용"]', 4, 2117, 47, 2117);
INSERT INTO supporting_projects(supporting_project_id, supported_at, delivery_id, payment_id, project_id, user_id) VALUES (2118, (SELECT projects.start_date + INTERVAL 10 DAY FROM projects WHERE projects.id=47), 2118, 2118, 47, 14);
INSERT INTO orders (order_id, created_at, delivery_id, payment_id, supporting_project_id) VALUES (2118, (SELECT projects.start_date + INTERVAL 10 DAY FROM projects WHERE projects.id=47), 1, 2118, 2118);
INSERT INTO supporting_packages(id, option_list, package_count, order_id, project_package_id, supporting_project_id) VALUES (2118, '["초급자용"]', 8, 2118, 47, 2118);
INSERT INTO supporting_projects(supporting_project_id, supported_at, delivery_id, payment_id, project_id, user_id) VALUES (2119, (SELECT projects.start_date + INTERVAL 48 DAY FROM projects WHERE projects.id=47), 2119, 2119, 47, 27);
INSERT INTO orders (order_id, created_at, delivery_id, payment_id, supporting_project_id) VALUES (2119, (SELECT projects.start_date + INTERVAL 48 DAY FROM projects WHERE projects.id=47), 1, 2119, 2119);
INSERT INTO supporting_packages(id, option_list, package_count, order_id, project_package_id, supporting_project_id) VALUES (2119, '["전문가용"]', 8, 2119, 47, 2119);
INSERT INTO supporting_projects(supporting_project_id, supported_at, delivery_id, payment_id, project_id, user_id) VALUES (2120, (SELECT projects.start_date + INTERVAL 40 DAY FROM projects WHERE projects.id=47), 2120, 2120, 47, 15);
INSERT INTO orders (order_id, created_at, delivery_id, payment_id, supporting_project_id) VALUES (2120, (SELECT projects.start_date + INTERVAL 40 DAY FROM projects WHERE projects.id=47), 1, 2120, 2120);
INSERT INTO supporting_packages(id, option_list, package_count, order_id, project_package_id, supporting_project_id) VALUES (2120, '["초급자용"]', 3, 2120, 47, 2120);
INSERT INTO supporting_projects(supporting_project_id, supported_at, delivery_id, payment_id, project_id, user_id) VALUES (2121, (SELECT projects.start_date + INTERVAL 11 DAY FROM projects WHERE projects.id=47), 2121, 2121, 47, 10);
INSERT INTO orders (order_id, created_at, delivery_id, payment_id, supporting_project_id) VALUES (2121, (SELECT projects.start_date + INTERVAL 11 DAY FROM projects WHERE projects.id=47), 1, 2121, 2121);
INSERT INTO supporting_packages(id, option_list, package_count, order_id, project_package_id, supporting_project_id) VALUES (2121, '["초급자용"]', 4, 2121, 47, 2121);
INSERT INTO supporting_projects(supporting_project_id, supported_at, delivery_id, payment_id, project_id, user_id) VALUES (2122, (SELECT projects.start_date + INTERVAL 11 DAY FROM projects WHERE projects.id=47), 2122, 2122, 47, 31);
INSERT INTO orders (order_id, created_at, delivery_id, payment_id, supporting_project_id) VALUES (2122, (SELECT projects.start_date + INTERVAL 11 DAY FROM projects WHERE projects.id=47), 1, 2122, 2122);
INSERT INTO supporting_packages(id, option_list, package_count, order_id, project_package_id, supporting_project_id) VALUES (2122, '["전문가용"]', 1, 2122, 47, 2122);
INSERT INTO supporting_projects(supporting_project_id, supported_at, delivery_id, payment_id, project_id, user_id) VALUES (2123, (SELECT projects.start_date + INTERVAL 22 DAY FROM projects WHERE projects.id=47), 2123, 2123, 47, 14);
INSERT INTO orders (order_id, created_at, delivery_id, payment_id, supporting_project_id) VALUES (2123, (SELECT projects.start_date + INTERVAL 22 DAY FROM projects WHERE projects.id=47), 1, 2123, 2123);
INSERT INTO supporting_packages(id, option_list, package_count, order_id, project_package_id, supporting_project_id) VALUES (2123, '["전문가용"]', 7, 2123, 47, 2123);
INSERT INTO supporting_projects(supporting_project_id, supported_at, delivery_id, payment_id, project_id, user_id) VALUES (2124, (SELECT projects.start_date + INTERVAL 18 DAY FROM projects WHERE projects.id=47), 2124, 2124, 47, 24);
INSERT INTO orders (order_id, created_at, delivery_id, payment_id, supporting_project_id) VALUES (2124, (SELECT projects.start_date + INTERVAL 18 DAY FROM projects WHERE projects.id=47), 1, 2124, 2124);
INSERT INTO supporting_packages(id, option_list, package_count, order_id, project_package_id, supporting_project_id) VALUES (2124, '["중급자용"]', 10, 2124, 47, 2124);
INSERT INTO supporting_projects(supporting_project_id, supported_at, delivery_id, payment_id, project_id, user_id) VALUES (2125, (SELECT projects.start_date + INTERVAL 13 DAY FROM projects WHERE projects.id=47), 2125, 2125, 47, 11);
INSERT INTO orders (order_id, created_at, delivery_id, payment_id, supporting_project_id) VALUES (2125, (SELECT projects.start_date + INTERVAL 13 DAY FROM projects WHERE projects.id=47), 1, 2125, 2125);
INSERT INTO supporting_packages(id, option_list, package_count, order_id, project_package_id, supporting_project_id) VALUES (2125, '["전문가용"]', 8, 2125, 47, 2125);
INSERT INTO supporting_projects(supporting_project_id, supported_at, delivery_id, payment_id, project_id, user_id) VALUES (2126, (SELECT projects.start_date + INTERVAL 4 DAY FROM projects WHERE projects.id=47), 2126, 2126, 47, 2);
INSERT INTO orders (order_id, created_at, delivery_id, payment_id, supporting_project_id) VALUES (2126, (SELECT projects.start_date + INTERVAL 4 DAY FROM projects WHERE projects.id=47), 1, 2126, 2126);
INSERT INTO supporting_packages(id, option_list, package_count, order_id, project_package_id, supporting_project_id) VALUES (2126, '["중급자용"]', 3, 2126, 47, 2126);
INSERT INTO supporting_projects(supporting_project_id, supported_at, delivery_id, payment_id, project_id, user_id) VALUES (2127, (SELECT projects.start_date + INTERVAL 1 DAY FROM projects WHERE projects.id=47), 2127, 2127, 47, 13);
INSERT INTO orders (order_id, created_at, delivery_id, payment_id, supporting_project_id) VALUES (2127, (SELECT projects.start_date + INTERVAL 1 DAY FROM projects WHERE projects.id=47), 1, 2127, 2127);
INSERT INTO supporting_packages(id, option_list, package_count, order_id, project_package_id, supporting_project_id) VALUES (2127, '["초급자용"]', 9, 2127, 47, 2127);
INSERT INTO supporting_projects(supporting_project_id, supported_at, delivery_id, payment_id, project_id, user_id) VALUES (2128, (SELECT projects.start_date + INTERVAL 38 DAY FROM projects WHERE projects.id=47), 2128, 2128, 47, 14);
INSERT INTO orders (order_id, created_at, delivery_id, payment_id, supporting_project_id) VALUES (2128, (SELECT projects.start_date + INTERVAL 38 DAY FROM projects WHERE projects.id=47), 1, 2128, 2128);
INSERT INTO supporting_packages(id, option_list, package_count, order_id, project_package_id, supporting_project_id) VALUES (2128, '["중급자용"]', 5, 2128, 47, 2128);
INSERT INTO supporting_projects(supporting_project_id, supported_at, delivery_id, payment_id, project_id, user_id) VALUES (2129, (SELECT projects.start_date + INTERVAL 19 DAY FROM projects WHERE projects.id=47), 2129, 2129, 47, 7);
INSERT INTO orders (order_id, created_at, delivery_id, payment_id, supporting_project_id) VALUES (2129, (SELECT projects.start_date + INTERVAL 19 DAY FROM projects WHERE projects.id=47), 1, 2129, 2129);
INSERT INTO supporting_packages(id, option_list, package_count, order_id, project_package_id, supporting_project_id) VALUES (2129, '["초급자용"]', 7, 2129, 47, 2129);
INSERT INTO supporting_projects(supporting_project_id, supported_at, delivery_id, payment_id, project_id, user_id) VALUES (2130, (SELECT projects.start_date + INTERVAL 35 DAY FROM projects WHERE projects.id=47), 2130, 2130, 47, 27);
INSERT INTO orders (order_id, created_at, delivery_id, payment_id, supporting_project_id) VALUES (2130, (SELECT projects.start_date + INTERVAL 35 DAY FROM projects WHERE projects.id=47), 1, 2130, 2130);
INSERT INTO supporting_packages(id, option_list, package_count, order_id, project_package_id, supporting_project_id) VALUES (2130, '["초급자용"]', 8, 2130, 47, 2130);
INSERT INTO supporting_projects(supporting_project_id, supported_at, delivery_id, payment_id, project_id, user_id) VALUES (2131, (SELECT projects.start_date + INTERVAL 4 DAY FROM projects WHERE projects.id=47), 2131, 2131, 47, 34);
INSERT INTO orders (order_id, created_at, delivery_id, payment_id, supporting_project_id) VALUES (2131, (SELECT projects.start_date + INTERVAL 4 DAY FROM projects WHERE projects.id=47), 1, 2131, 2131);
INSERT INTO supporting_packages(id, option_list, package_count, order_id, project_package_id, supporting_project_id) VALUES (2131, '["전문가용"]', 8, 2131, 47, 2131);
INSERT INTO supporting_projects(supporting_project_id, supported_at, delivery_id, payment_id, project_id, user_id) VALUES (2132, (SELECT projects.start_date + INTERVAL 49 DAY FROM projects WHERE projects.id=47), 2132, 2132, 47, 33);
INSERT INTO orders (order_id, created_at, delivery_id, payment_id, supporting_project_id) VALUES (2132, (SELECT projects.start_date + INTERVAL 49 DAY FROM projects WHERE projects.id=47), 1, 2132, 2132);
INSERT INTO supporting_packages(id, option_list, package_count, order_id, project_package_id, supporting_project_id) VALUES (2132, '["초급자용"]', 2, 2132, 47, 2132);
INSERT INTO supporting_projects(supporting_project_id, supported_at, delivery_id, payment_id, project_id, user_id) VALUES (2133, (SELECT projects.start_date + INTERVAL 25 DAY FROM projects WHERE projects.id=47), 2133, 2133, 47, 36);
INSERT INTO orders (order_id, created_at, delivery_id, payment_id, supporting_project_id) VALUES (2133, (SELECT projects.start_date + INTERVAL 25 DAY FROM projects WHERE projects.id=47), 1, 2133, 2133);
INSERT INTO supporting_packages(id, option_list, package_count, order_id, project_package_id, supporting_project_id) VALUES (2133, '["전문가용"]', 10, 2133, 47, 2133);
INSERT INTO supporting_projects(supporting_project_id, supported_at, delivery_id, payment_id, project_id, user_id) VALUES (2134, (SELECT projects.start_date + INTERVAL 12 DAY FROM projects WHERE projects.id=47), 2134, 2134, 47, 2);
INSERT INTO orders (order_id, created_at, delivery_id, payment_id, supporting_project_id) VALUES (2134, (SELECT projects.start_date + INTERVAL 12 DAY FROM projects WHERE projects.id=47), 1, 2134, 2134);
INSERT INTO supporting_packages(id, option_list, package_count, order_id, project_package_id, supporting_project_id) VALUES (2134, '["전문가용"]', 7, 2134, 47, 2134);
INSERT INTO supporting_projects(supporting_project_id, supported_at, delivery_id, payment_id, project_id, user_id) VALUES (2135, (SELECT projects.start_date + INTERVAL 5 DAY FROM projects WHERE projects.id=47), 2135, 2135, 47, 22);
INSERT INTO orders (order_id, created_at, delivery_id, payment_id, supporting_project_id) VALUES (2135, (SELECT projects.start_date + INTERVAL 5 DAY FROM projects WHERE projects.id=47), 1, 2135, 2135);
INSERT INTO supporting_packages(id, option_list, package_count, order_id, project_package_id, supporting_project_id) VALUES (2135, '["전문가용"]', 2, 2135, 47, 2135);
INSERT INTO supporting_projects(supporting_project_id, supported_at, delivery_id, payment_id, project_id, user_id) VALUES (2136, (SELECT projects.start_date + INTERVAL 25 DAY FROM projects WHERE projects.id=47), 2136, 2136, 47, 11);
INSERT INTO orders (order_id, created_at, delivery_id, payment_id, supporting_project_id) VALUES (2136, (SELECT projects.start_date + INTERVAL 25 DAY FROM projects WHERE projects.id=47), 1, 2136, 2136);
INSERT INTO supporting_packages(id, option_list, package_count, order_id, project_package_id, supporting_project_id) VALUES (2136, '["전문가용"]', 9, 2136, 47, 2136);
INSERT INTO supporting_projects(supporting_project_id, supported_at, delivery_id, payment_id, project_id, user_id) VALUES (2137, (SELECT projects.start_date + INTERVAL 8 DAY FROM projects WHERE projects.id=47), 2137, 2137, 47, 28);
INSERT INTO orders (order_id, created_at, delivery_id, payment_id, supporting_project_id) VALUES (2137, (SELECT projects.start_date + INTERVAL 8 DAY FROM projects WHERE projects.id=47), 1, 2137, 2137);
INSERT INTO supporting_packages(id, option_list, package_count, order_id, project_package_id, supporting_project_id) VALUES (2137, '["전문가용"]', 8, 2137, 47, 2137);
INSERT INTO supporting_projects(supporting_project_id, supported_at, delivery_id, payment_id, project_id, user_id) VALUES (2138, (SELECT projects.start_date + INTERVAL 16 DAY FROM projects WHERE projects.id=47), 2138, 2138, 47, 28);
INSERT INTO orders (order_id, created_at, delivery_id, payment_id, supporting_project_id) VALUES (2138, (SELECT projects.start_date + INTERVAL 16 DAY FROM projects WHERE projects.id=47), 1, 2138, 2138);
INSERT INTO supporting_packages(id, option_list, package_count, order_id, project_package_id, supporting_project_id) VALUES (2138, '["중급자용"]', 8, 2138, 47, 2138);
INSERT INTO supporting_projects(supporting_project_id, supported_at, delivery_id, payment_id, project_id, user_id) VALUES (2139, (SELECT projects.start_date + INTERVAL 42 DAY FROM projects WHERE projects.id=47), 2139, 2139, 47, 20);
INSERT INTO orders (order_id, created_at, delivery_id, payment_id, supporting_project_id) VALUES (2139, (SELECT projects.start_date + INTERVAL 42 DAY FROM projects WHERE projects.id=47), 1, 2139, 2139);
INSERT INTO supporting_packages(id, option_list, package_count, order_id, project_package_id, supporting_project_id) VALUES (2139, '["전문가용"]', 4, 2139, 47, 2139);
INSERT INTO supporting_projects(supporting_project_id, supported_at, delivery_id, payment_id, project_id, user_id) VALUES (2140, (SELECT projects.start_date + INTERVAL 44 DAY FROM projects WHERE projects.id=47), 2140, 2140, 47, 21);
INSERT INTO orders (order_id, created_at, delivery_id, payment_id, supporting_project_id) VALUES (2140, (SELECT projects.start_date + INTERVAL 44 DAY FROM projects WHERE projects.id=47), 1, 2140, 2140);
INSERT INTO supporting_packages(id, option_list, package_count, order_id, project_package_id, supporting_project_id) VALUES (2140, '["전문가용"]', 1, 2140, 47, 2140);
INSERT INTO supporting_projects(supporting_project_id, supported_at, delivery_id, payment_id, project_id, user_id) VALUES (2141, (SELECT projects.start_date + INTERVAL 16 DAY FROM projects WHERE projects.id=47), 2141, 2141, 47, 29);
INSERT INTO orders (order_id, created_at, delivery_id, payment_id, supporting_project_id) VALUES (2141, (SELECT projects.start_date + INTERVAL 16 DAY FROM projects WHERE projects.id=47), 1, 2141, 2141);
INSERT INTO supporting_packages(id, option_list, package_count, order_id, project_package_id, supporting_project_id) VALUES (2141, '["초급자용"]', 4, 2141, 47, 2141);
INSERT INTO supporting_projects(supporting_project_id, supported_at, delivery_id, payment_id, project_id, user_id) VALUES (2142, (SELECT projects.start_date + INTERVAL 19 DAY FROM projects WHERE projects.id=47), 2142, 2142, 47, 15);
INSERT INTO orders (order_id, created_at, delivery_id, payment_id, supporting_project_id) VALUES (2142, (SELECT projects.start_date + INTERVAL 19 DAY FROM projects WHERE projects.id=47), 1, 2142, 2142);
INSERT INTO supporting_packages(id, option_list, package_count, order_id, project_package_id, supporting_project_id) VALUES (2142, '["중급자용"]', 8, 2142, 47, 2142);
INSERT INTO supporting_projects(supporting_project_id, supported_at, delivery_id, payment_id, project_id, user_id) VALUES (2143, (SELECT projects.start_date + INTERVAL 7 DAY FROM projects WHERE projects.id=47), 2143, 2143, 47, 33);
INSERT INTO orders (order_id, created_at, delivery_id, payment_id, supporting_project_id) VALUES (2143, (SELECT projects.start_date + INTERVAL 7 DAY FROM projects WHERE projects.id=47), 1, 2143, 2143);
INSERT INTO supporting_packages(id, option_list, package_count, order_id, project_package_id, supporting_project_id) VALUES (2143, '["중급자용"]', 9, 2143, 47, 2143);
INSERT INTO supporting_projects(supporting_project_id, supported_at, delivery_id, payment_id, project_id, user_id) VALUES (2144, (SELECT projects.start_date + INTERVAL 19 DAY FROM projects WHERE projects.id=47), 2144, 2144, 47, 6);
INSERT INTO orders (order_id, created_at, delivery_id, payment_id, supporting_project_id) VALUES (2144, (SELECT projects.start_date + INTERVAL 19 DAY FROM projects WHERE projects.id=47), 1, 2144, 2144);
INSERT INTO supporting_packages(id, option_list, package_count, order_id, project_package_id, supporting_project_id) VALUES (2144, '["초급자용"]', 5, 2144, 47, 2144);
INSERT INTO supporting_projects(supporting_project_id, supported_at, delivery_id, payment_id, project_id, user_id) VALUES (2145, (SELECT projects.start_date + INTERVAL 46 DAY FROM projects WHERE projects.id=47), 2145, 2145, 47, 30);
INSERT INTO orders (order_id, created_at, delivery_id, payment_id, supporting_project_id) VALUES (2145, (SELECT projects.start_date + INTERVAL 46 DAY FROM projects WHERE projects.id=47), 1, 2145, 2145);
INSERT INTO supporting_packages(id, option_list, package_count, order_id, project_package_id, supporting_project_id) VALUES (2145, '["초급자용"]', 6, 2145, 47, 2145);
INSERT INTO supporting_projects(supporting_project_id, supported_at, delivery_id, payment_id, project_id, user_id) VALUES (2146, (SELECT projects.start_date + INTERVAL 25 DAY FROM projects WHERE projects.id=47), 2146, 2146, 47, 28);
INSERT INTO orders (order_id, created_at, delivery_id, payment_id, supporting_project_id) VALUES (2146, (SELECT projects.start_date + INTERVAL 25 DAY FROM projects WHERE projects.id=47), 1, 2146, 2146);
INSERT INTO supporting_packages(id, option_list, package_count, order_id, project_package_id, supporting_project_id) VALUES (2146, '["초급자용"]', 1, 2146, 47, 2146);
INSERT INTO supporting_projects(supporting_project_id, supported_at, delivery_id, payment_id, project_id, user_id) VALUES (2147, (SELECT projects.start_date + INTERVAL 40 DAY FROM projects WHERE projects.id=47), 2147, 2147, 47, 28);
INSERT INTO orders (order_id, created_at, delivery_id, payment_id, supporting_project_id) VALUES (2147, (SELECT projects.start_date + INTERVAL 40 DAY FROM projects WHERE projects.id=47), 1, 2147, 2147);
INSERT INTO supporting_packages(id, option_list, package_count, order_id, project_package_id, supporting_project_id) VALUES (2147, '["초급자용"]', 10, 2147, 47, 2147);
INSERT INTO supporting_projects(supporting_project_id, supported_at, delivery_id, payment_id, project_id, user_id) VALUES (2148, (SELECT projects.start_date + INTERVAL 38 DAY FROM projects WHERE projects.id=47), 2148, 2148, 47, 6);
INSERT INTO orders (order_id, created_at, delivery_id, payment_id, supporting_project_id) VALUES (2148, (SELECT projects.start_date + INTERVAL 38 DAY FROM projects WHERE projects.id=47), 1, 2148, 2148);
INSERT INTO supporting_packages(id, option_list, package_count, order_id, project_package_id, supporting_project_id) VALUES (2148, '["초급자용"]', 4, 2148, 47, 2148);
INSERT INTO supporting_projects(supporting_project_id, supported_at, delivery_id, payment_id, project_id, user_id) VALUES (2149, (SELECT projects.start_date + INTERVAL 29 DAY FROM projects WHERE projects.id=47), 2149, 2149, 47, 32);
INSERT INTO orders (order_id, created_at, delivery_id, payment_id, supporting_project_id) VALUES (2149, (SELECT projects.start_date + INTERVAL 29 DAY FROM projects WHERE projects.id=47), 1, 2149, 2149);
INSERT INTO supporting_packages(id, option_list, package_count, order_id, project_package_id, supporting_project_id) VALUES (2149, '["초급자용"]', 7, 2149, 47, 2149);
INSERT INTO supporting_projects(supporting_project_id, supported_at, delivery_id, payment_id, project_id, user_id) VALUES (2150, (SELECT projects.start_date + INTERVAL 47 DAY FROM projects WHERE projects.id=47), 2150, 2150, 47, 33);
INSERT INTO orders (order_id, created_at, delivery_id, payment_id, supporting_project_id) VALUES (2150, (SELECT projects.start_date + INTERVAL 47 DAY FROM projects WHERE projects.id=47), 1, 2150, 2150);
INSERT INTO supporting_packages(id, option_list, package_count, order_id, project_package_id, supporting_project_id) VALUES (2150, '["중급자용"]', 10, 2150, 47, 2150);
INSERT INTO supporting_projects(supporting_project_id, supported_at, delivery_id, payment_id, project_id, user_id) VALUES (2151, (SELECT projects.start_date + INTERVAL 23 DAY FROM projects WHERE projects.id=47), 2151, 2151, 47, 38);
INSERT INTO orders (order_id, created_at, delivery_id, payment_id, supporting_project_id) VALUES (2151, (SELECT projects.start_date + INTERVAL 23 DAY FROM projects WHERE projects.id=47), 1, 2151, 2151);
INSERT INTO supporting_packages(id, option_list, package_count, order_id, project_package_id, supporting_project_id) VALUES (2151, '["전문가용"]', 1, 2151, 47, 2151);
INSERT INTO supporting_projects(supporting_project_id, supported_at, delivery_id, payment_id, project_id, user_id) VALUES (2152, (SELECT projects.start_date + INTERVAL 7 DAY FROM projects WHERE projects.id=47), 2152, 2152, 47, 7);
INSERT INTO orders (order_id, created_at, delivery_id, payment_id, supporting_project_id) VALUES (2152, (SELECT projects.start_date + INTERVAL 7 DAY FROM projects WHERE projects.id=47), 1, 2152, 2152);
INSERT INTO supporting_packages(id, option_list, package_count, order_id, project_package_id, supporting_project_id) VALUES (2152, '["전문가용"]', 9, 2152, 47, 2152);
INSERT INTO supporting_projects(supporting_project_id, supported_at, delivery_id, payment_id, project_id, user_id) VALUES (2153, (SELECT projects.start_date + INTERVAL 42 DAY FROM projects WHERE projects.id=47), 2153, 2153, 47, 37);
INSERT INTO orders (order_id, created_at, delivery_id, payment_id, supporting_project_id) VALUES (2153, (SELECT projects.start_date + INTERVAL 42 DAY FROM projects WHERE projects.id=47), 1, 2153, 2153);
INSERT INTO supporting_packages(id, option_list, package_count, order_id, project_package_id, supporting_project_id) VALUES (2153, '["전문가용"]', 6, 2153, 47, 2153);
INSERT INTO supporting_projects(supporting_project_id, supported_at, delivery_id, payment_id, project_id, user_id) VALUES (2154, (SELECT projects.start_date + INTERVAL 27 DAY FROM projects WHERE projects.id=47), 2154, 2154, 47, 4);
INSERT INTO orders (order_id, created_at, delivery_id, payment_id, supporting_project_id) VALUES (2154, (SELECT projects.start_date + INTERVAL 27 DAY FROM projects WHERE projects.id=47), 1, 2154, 2154);
INSERT INTO supporting_packages(id, option_list, package_count, order_id, project_package_id, supporting_project_id) VALUES (2154, '["전문가용"]', 7, 2154, 47, 2154);
INSERT INTO supporting_projects(supporting_project_id, supported_at, delivery_id, payment_id, project_id, user_id) VALUES (2155, (SELECT projects.start_date + INTERVAL 30 DAY FROM projects WHERE projects.id=47), 2155, 2155, 47, 34);
INSERT INTO orders (order_id, created_at, delivery_id, payment_id, supporting_project_id) VALUES (2155, (SELECT projects.start_date + INTERVAL 30 DAY FROM projects WHERE projects.id=47), 1, 2155, 2155);
INSERT INTO supporting_packages(id, option_list, package_count, order_id, project_package_id, supporting_project_id) VALUES (2155, '["중급자용"]', 6, 2155, 47, 2155);
INSERT INTO supporting_projects(supporting_project_id, supported_at, delivery_id, payment_id, project_id, user_id) VALUES (2156, (SELECT projects.start_date + INTERVAL 46 DAY FROM projects WHERE projects.id=47), 2156, 2156, 47, 15);
INSERT INTO orders (order_id, created_at, delivery_id, payment_id, supporting_project_id) VALUES (2156, (SELECT projects.start_date + INTERVAL 46 DAY FROM projects WHERE projects.id=47), 1, 2156, 2156);
INSERT INTO supporting_packages(id, option_list, package_count, order_id, project_package_id, supporting_project_id) VALUES (2156, '["초급자용"]', 10, 2156, 47, 2156);
INSERT INTO supporting_projects(supporting_project_id, supported_at, delivery_id, payment_id, project_id, user_id) VALUES (2157, (SELECT projects.start_date + INTERVAL 22 DAY FROM projects WHERE projects.id=47), 2157, 2157, 47, 38);
INSERT INTO orders (order_id, created_at, delivery_id, payment_id, supporting_project_id) VALUES (2157, (SELECT projects.start_date + INTERVAL 22 DAY FROM projects WHERE projects.id=47), 1, 2157, 2157);
INSERT INTO supporting_packages(id, option_list, package_count, order_id, project_package_id, supporting_project_id) VALUES (2157, '["전문가용"]', 4, 2157, 47, 2157);
INSERT INTO supporting_projects(supporting_project_id, supported_at, delivery_id, payment_id, project_id, user_id) VALUES (2158, (SELECT projects.start_date + INTERVAL 48 DAY FROM projects WHERE projects.id=47), 2158, 2158, 47, 4);
INSERT INTO orders (order_id, created_at, delivery_id, payment_id, supporting_project_id) VALUES (2158, (SELECT projects.start_date + INTERVAL 48 DAY FROM projects WHERE projects.id=47), 1, 2158, 2158);
INSERT INTO supporting_packages(id, option_list, package_count, order_id, project_package_id, supporting_project_id) VALUES (2158, '["전문가용"]', 9, 2158, 47, 2158);
INSERT INTO supporting_projects(supporting_project_id, supported_at, delivery_id, payment_id, project_id, user_id) VALUES (2159, (SELECT projects.start_date + INTERVAL 23 DAY FROM projects WHERE projects.id=47), 2159, 2159, 47, 28);
INSERT INTO orders (order_id, created_at, delivery_id, payment_id, supporting_project_id) VALUES (2159, (SELECT projects.start_date + INTERVAL 23 DAY FROM projects WHERE projects.id=47), 1, 2159, 2159);
INSERT INTO supporting_packages(id, option_list, package_count, order_id, project_package_id, supporting_project_id) VALUES (2159, '["전문가용"]', 9, 2159, 47, 2159);
INSERT INTO supporting_projects(supporting_project_id, supported_at, delivery_id, payment_id, project_id, user_id) VALUES (2160, (SELECT projects.start_date + INTERVAL 25 DAY FROM projects WHERE projects.id=47), 2160, 2160, 47, 13);
INSERT INTO orders (order_id, created_at, delivery_id, payment_id, supporting_project_id) VALUES (2160, (SELECT projects.start_date + INTERVAL 25 DAY FROM projects WHERE projects.id=47), 1, 2160, 2160);
INSERT INTO supporting_packages(id, option_list, package_count, order_id, project_package_id, supporting_project_id) VALUES (2160, '["중급자용"]', 4, 2160, 47, 2160);
INSERT INTO supporting_projects(supporting_project_id, supported_at, delivery_id, payment_id, project_id, user_id) VALUES (2161, (SELECT projects.start_date + INTERVAL 49 DAY FROM projects WHERE projects.id=47), 2161, 2161, 47, 19);
INSERT INTO orders (order_id, created_at, delivery_id, payment_id, supporting_project_id) VALUES (2161, (SELECT projects.start_date + INTERVAL 49 DAY FROM projects WHERE projects.id=47), 1, 2161, 2161);
INSERT INTO supporting_packages(id, option_list, package_count, order_id, project_package_id, supporting_project_id) VALUES (2161, '["중급자용"]', 7, 2161, 47, 2161);
INSERT INTO supporting_projects(supporting_project_id, supported_at, delivery_id, payment_id, project_id, user_id) VALUES (2162, (SELECT projects.start_date + INTERVAL 14 DAY FROM projects WHERE projects.id=47), 2162, 2162, 47, 6);
INSERT INTO orders (order_id, created_at, delivery_id, payment_id, supporting_project_id) VALUES (2162, (SELECT projects.start_date + INTERVAL 14 DAY FROM projects WHERE projects.id=47), 1, 2162, 2162);
INSERT INTO supporting_packages(id, option_list, package_count, order_id, project_package_id, supporting_project_id) VALUES (2162, '["중급자용"]', 4, 2162, 47, 2162);
INSERT INTO supporting_projects(supporting_project_id, supported_at, delivery_id, payment_id, project_id, user_id) VALUES (2163, (SELECT projects.start_date + INTERVAL 31 DAY FROM projects WHERE projects.id=47), 2163, 2163, 47, 1);
INSERT INTO orders (order_id, created_at, delivery_id, payment_id, supporting_project_id) VALUES (2163, (SELECT projects.start_date + INTERVAL 31 DAY FROM projects WHERE projects.id=47), 1, 2163, 2163);
INSERT INTO supporting_packages(id, option_list, package_count, order_id, project_package_id, supporting_project_id) VALUES (2163, '["중급자용"]', 10, 2163, 47, 2163);
INSERT INTO supporting_projects(supporting_project_id, supported_at, delivery_id, payment_id, project_id, user_id) VALUES (2164, (SELECT projects.start_date + INTERVAL 41 DAY FROM projects WHERE projects.id=47), 2164, 2164, 47, 14);
INSERT INTO orders (order_id, created_at, delivery_id, payment_id, supporting_project_id) VALUES (2164, (SELECT projects.start_date + INTERVAL 41 DAY FROM projects WHERE projects.id=47), 1, 2164, 2164);
INSERT INTO supporting_packages(id, option_list, package_count, order_id, project_package_id, supporting_project_id) VALUES (2164, '["초급자용"]', 1, 2164, 47, 2164);
INSERT INTO supporting_projects(supporting_project_id, supported_at, delivery_id, payment_id, project_id, user_id) VALUES (2165, (SELECT projects.start_date + INTERVAL 27 DAY FROM projects WHERE projects.id=47), 2165, 2165, 47, 29);
INSERT INTO orders (order_id, created_at, delivery_id, payment_id, supporting_project_id) VALUES (2165, (SELECT projects.start_date + INTERVAL 27 DAY FROM projects WHERE projects.id=47), 1, 2165, 2165);
INSERT INTO supporting_packages(id, option_list, package_count, order_id, project_package_id, supporting_project_id) VALUES (2165, '["중급자용"]', 9, 2165, 47, 2165);
INSERT INTO supporting_projects(supporting_project_id, supported_at, delivery_id, payment_id, project_id, user_id) VALUES (2166, (SELECT projects.start_date + INTERVAL 45 DAY FROM projects WHERE projects.id=47), 2166, 2166, 47, 22);
INSERT INTO orders (order_id, created_at, delivery_id, payment_id, supporting_project_id) VALUES (2166, (SELECT projects.start_date + INTERVAL 45 DAY FROM projects WHERE projects.id=47), 1, 2166, 2166);
INSERT INTO supporting_packages(id, option_list, package_count, order_id, project_package_id, supporting_project_id) VALUES (2166, '["초급자용"]', 8, 2166, 47, 2166);
INSERT INTO supporting_projects(supporting_project_id, supported_at, delivery_id, payment_id, project_id, user_id) VALUES (2167, (SELECT projects.start_date + INTERVAL 13 DAY FROM projects WHERE projects.id=47), 2167, 2167, 47, 6);
INSERT INTO orders (order_id, created_at, delivery_id, payment_id, supporting_project_id) VALUES (2167, (SELECT projects.start_date + INTERVAL 13 DAY FROM projects WHERE projects.id=47), 1, 2167, 2167);
INSERT INTO supporting_packages(id, option_list, package_count, order_id, project_package_id, supporting_project_id) VALUES (2167, '["중급자용"]', 7, 2167, 47, 2167);
INSERT INTO supporting_projects(supporting_project_id, supported_at, delivery_id, payment_id, project_id, user_id) VALUES (2168, (SELECT projects.start_date + INTERVAL 27 DAY FROM projects WHERE projects.id=47), 2168, 2168, 47, 9);
INSERT INTO orders (order_id, created_at, delivery_id, payment_id, supporting_project_id) VALUES (2168, (SELECT projects.start_date + INTERVAL 27 DAY FROM projects WHERE projects.id=47), 1, 2168, 2168);
INSERT INTO supporting_packages(id, option_list, package_count, order_id, project_package_id, supporting_project_id) VALUES (2168, '["초급자용"]', 6, 2168, 47, 2168);
INSERT INTO supporting_projects(supporting_project_id, supported_at, delivery_id, payment_id, project_id, user_id) VALUES (2169, (SELECT projects.start_date + INTERVAL 5 DAY FROM projects WHERE projects.id=47), 2169, 2169, 47, 40);
INSERT INTO orders (order_id, created_at, delivery_id, payment_id, supporting_project_id) VALUES (2169, (SELECT projects.start_date + INTERVAL 5 DAY FROM projects WHERE projects.id=47), 1, 2169, 2169);
INSERT INTO supporting_packages(id, option_list, package_count, order_id, project_package_id, supporting_project_id) VALUES (2169, '["초급자용"]', 9, 2169, 47, 2169);
INSERT INTO supporting_projects(supporting_project_id, supported_at, delivery_id, payment_id, project_id, user_id) VALUES (2170, (SELECT projects.start_date + INTERVAL 46 DAY FROM projects WHERE projects.id=47), 2170, 2170, 47, 12);
INSERT INTO orders (order_id, created_at, delivery_id, payment_id, supporting_project_id) VALUES (2170, (SELECT projects.start_date + INTERVAL 46 DAY FROM projects WHERE projects.id=47), 1, 2170, 2170);
INSERT INTO supporting_packages(id, option_list, package_count, order_id, project_package_id, supporting_project_id) VALUES (2170, '["중급자용"]', 1, 2170, 47, 2170);
INSERT INTO supporting_projects(supporting_project_id, supported_at, delivery_id, payment_id, project_id, user_id) VALUES (2171, (SELECT projects.start_date + INTERVAL 16 DAY FROM projects WHERE projects.id=47), 2171, 2171, 47, 19);
INSERT INTO orders (order_id, created_at, delivery_id, payment_id, supporting_project_id) VALUES (2171, (SELECT projects.start_date + INTERVAL 16 DAY FROM projects WHERE projects.id=47), 1, 2171, 2171);
INSERT INTO supporting_packages(id, option_list, package_count, order_id, project_package_id, supporting_project_id) VALUES (2171, '["중급자용"]', 7, 2171, 47, 2171);
INSERT INTO supporting_projects(supporting_project_id, supported_at, delivery_id, payment_id, project_id, user_id) VALUES (2172, (SELECT projects.start_date + INTERVAL 22 DAY FROM projects WHERE projects.id=47), 2172, 2172, 47, 15);
INSERT INTO orders (order_id, created_at, delivery_id, payment_id, supporting_project_id) VALUES (2172, (SELECT projects.start_date + INTERVAL 22 DAY FROM projects WHERE projects.id=47), 1, 2172, 2172);
INSERT INTO supporting_packages(id, option_list, package_count, order_id, project_package_id, supporting_project_id) VALUES (2172, '["전문가용"]', 1, 2172, 47, 2172);
INSERT INTO supporting_projects(supporting_project_id, supported_at, delivery_id, payment_id, project_id, user_id) VALUES (2173, (SELECT projects.start_date + INTERVAL 9 DAY FROM projects WHERE projects.id=47), 2173, 2173, 47, 35);
INSERT INTO orders (order_id, created_at, delivery_id, payment_id, supporting_project_id) VALUES (2173, (SELECT projects.start_date + INTERVAL 9 DAY FROM projects WHERE projects.id=47), 1, 2173, 2173);
INSERT INTO supporting_packages(id, option_list, package_count, order_id, project_package_id, supporting_project_id) VALUES (2173, '["초급자용"]', 8, 2173, 47, 2173);
INSERT INTO supporting_projects(supporting_project_id, supported_at, delivery_id, payment_id, project_id, user_id) VALUES (2174, (SELECT projects.start_date + INTERVAL 31 DAY FROM projects WHERE projects.id=47), 2174, 2174, 47, 19);
INSERT INTO orders (order_id, created_at, delivery_id, payment_id, supporting_project_id) VALUES (2174, (SELECT projects.start_date + INTERVAL 31 DAY FROM projects WHERE projects.id=47), 1, 2174, 2174);
INSERT INTO supporting_packages(id, option_list, package_count, order_id, project_package_id, supporting_project_id) VALUES (2174, '["중급자용"]', 9, 2174, 47, 2174);
INSERT INTO supporting_projects(supporting_project_id, supported_at, delivery_id, payment_id, project_id, user_id) VALUES (2175, (SELECT projects.start_date + INTERVAL 26 DAY FROM projects WHERE projects.id=47), 2175, 2175, 47, 11);
INSERT INTO orders (order_id, created_at, delivery_id, payment_id, supporting_project_id) VALUES (2175, (SELECT projects.start_date + INTERVAL 26 DAY FROM projects WHERE projects.id=47), 1, 2175, 2175);
INSERT INTO supporting_packages(id, option_list, package_count, order_id, project_package_id, supporting_project_id) VALUES (2175, '["전문가용"]', 8, 2175, 47, 2175);
INSERT INTO supporting_projects(supporting_project_id, supported_at, delivery_id, payment_id, project_id, user_id) VALUES (2176, (SELECT projects.start_date + INTERVAL 17 DAY FROM projects WHERE projects.id=47), 2176, 2176, 47, 8);
INSERT INTO orders (order_id, created_at, delivery_id, payment_id, supporting_project_id) VALUES (2176, (SELECT projects.start_date + INTERVAL 17 DAY FROM projects WHERE projects.id=47), 1, 2176, 2176);
INSERT INTO supporting_packages(id, option_list, package_count, order_id, project_package_id, supporting_project_id) VALUES (2176, '["초급자용"]', 9, 2176, 47, 2176);
INSERT INTO supporting_projects(supporting_project_id, supported_at, delivery_id, payment_id, project_id, user_id) VALUES (2177, (SELECT projects.start_date + INTERVAL 28 DAY FROM projects WHERE projects.id=47), 2177, 2177, 47, 29);
INSERT INTO orders (order_id, created_at, delivery_id, payment_id, supporting_project_id) VALUES (2177, (SELECT projects.start_date + INTERVAL 28 DAY FROM projects WHERE projects.id=47), 1, 2177, 2177);
INSERT INTO supporting_packages(id, option_list, package_count, order_id, project_package_id, supporting_project_id) VALUES (2177, '["초급자용"]', 6, 2177, 47, 2177);
INSERT INTO supporting_projects(supporting_project_id, supported_at, delivery_id, payment_id, project_id, user_id) VALUES (2178, (SELECT projects.start_date + INTERVAL 31 DAY FROM projects WHERE projects.id=47), 2178, 2178, 47, 1);
INSERT INTO orders (order_id, created_at, delivery_id, payment_id, supporting_project_id) VALUES (2178, (SELECT projects.start_date + INTERVAL 31 DAY FROM projects WHERE projects.id=47), 1, 2178, 2178);
INSERT INTO supporting_packages(id, option_list, package_count, order_id, project_package_id, supporting_project_id) VALUES (2178, '["전문가용"]', 1, 2178, 47, 2178);
INSERT INTO supporting_projects(supporting_project_id, supported_at, delivery_id, payment_id, project_id, user_id) VALUES (2179, (SELECT projects.start_date + INTERVAL 47 DAY FROM projects WHERE projects.id=47), 2179, 2179, 47, 8);
INSERT INTO orders (order_id, created_at, delivery_id, payment_id, supporting_project_id) VALUES (2179, (SELECT projects.start_date + INTERVAL 47 DAY FROM projects WHERE projects.id=47), 1, 2179, 2179);
INSERT INTO supporting_packages(id, option_list, package_count, order_id, project_package_id, supporting_project_id) VALUES (2179, '["초급자용"]', 5, 2179, 47, 2179);
INSERT INTO supporting_projects(supporting_project_id, supported_at, delivery_id, payment_id, project_id, user_id) VALUES (2180, (SELECT projects.start_date + INTERVAL 43 DAY FROM projects WHERE projects.id=47), 2180, 2180, 47, 39);
INSERT INTO orders (order_id, created_at, delivery_id, payment_id, supporting_project_id) VALUES (2180, (SELECT projects.start_date + INTERVAL 43 DAY FROM projects WHERE projects.id=47), 1, 2180, 2180);
INSERT INTO supporting_packages(id, option_list, package_count, order_id, project_package_id, supporting_project_id) VALUES (2180, '["전문가용"]', 4, 2180, 47, 2180);
INSERT INTO supporting_projects(supporting_project_id, supported_at, delivery_id, payment_id, project_id, user_id) VALUES (2181, (SELECT projects.start_date + INTERVAL 18 DAY FROM projects WHERE projects.id=47), 2181, 2181, 47, 26);
INSERT INTO orders (order_id, created_at, delivery_id, payment_id, supporting_project_id) VALUES (2181, (SELECT projects.start_date + INTERVAL 18 DAY FROM projects WHERE projects.id=47), 1, 2181, 2181);
INSERT INTO supporting_packages(id, option_list, package_count, order_id, project_package_id, supporting_project_id) VALUES (2181, '["초급자용"]', 5, 2181, 47, 2181);
INSERT INTO supporting_projects(supporting_project_id, supported_at, delivery_id, payment_id, project_id, user_id) VALUES (2182, (SELECT projects.start_date + INTERVAL 25 DAY FROM projects WHERE projects.id=47), 2182, 2182, 47, 11);
INSERT INTO orders (order_id, created_at, delivery_id, payment_id, supporting_project_id) VALUES (2182, (SELECT projects.start_date + INTERVAL 25 DAY FROM projects WHERE projects.id=47), 1, 2182, 2182);
INSERT INTO supporting_packages(id, option_list, package_count, order_id, project_package_id, supporting_project_id) VALUES (2182, '["초급자용"]', 5, 2182, 47, 2182);
INSERT INTO supporting_projects(supporting_project_id, supported_at, delivery_id, payment_id, project_id, user_id) VALUES (2183, (SELECT projects.start_date + INTERVAL 28 DAY FROM projects WHERE projects.id=47), 2183, 2183, 47, 10);
INSERT INTO orders (order_id, created_at, delivery_id, payment_id, supporting_project_id) VALUES (2183, (SELECT projects.start_date + INTERVAL 28 DAY FROM projects WHERE projects.id=47), 1, 2183, 2183);
INSERT INTO supporting_packages(id, option_list, package_count, order_id, project_package_id, supporting_project_id) VALUES (2183, '["중급자용"]', 8, 2183, 47, 2183);
INSERT INTO supporting_projects(supporting_project_id, supported_at, delivery_id, payment_id, project_id, user_id) VALUES (2184, (SELECT projects.start_date + INTERVAL 37 DAY FROM projects WHERE projects.id=47), 2184, 2184, 47, 27);
INSERT INTO orders (order_id, created_at, delivery_id, payment_id, supporting_project_id) VALUES (2184, (SELECT projects.start_date + INTERVAL 37 DAY FROM projects WHERE projects.id=47), 1, 2184, 2184);
INSERT INTO supporting_packages(id, option_list, package_count, order_id, project_package_id, supporting_project_id) VALUES (2184, '["중급자용"]', 5, 2184, 47, 2184);
INSERT INTO supporting_projects(supporting_project_id, supported_at, delivery_id, payment_id, project_id, user_id) VALUES (2185, (SELECT projects.start_date + INTERVAL 38 DAY FROM projects WHERE projects.id=47), 2185, 2185, 47, 12);
INSERT INTO orders (order_id, created_at, delivery_id, payment_id, supporting_project_id) VALUES (2185, (SELECT projects.start_date + INTERVAL 38 DAY FROM projects WHERE projects.id=47), 1, 2185, 2185);
INSERT INTO supporting_packages(id, option_list, package_count, order_id, project_package_id, supporting_project_id) VALUES (2185, '["초급자용"]', 3, 2185, 47, 2185);
INSERT INTO supporting_projects(supporting_project_id, supported_at, delivery_id, payment_id, project_id, user_id) VALUES (2186, (SELECT projects.start_date + INTERVAL 18 DAY FROM projects WHERE projects.id=47), 2186, 2186, 47, 22);
INSERT INTO orders (order_id, created_at, delivery_id, payment_id, supporting_project_id) VALUES (2186, (SELECT projects.start_date + INTERVAL 18 DAY FROM projects WHERE projects.id=47), 1, 2186, 2186);
INSERT INTO supporting_packages(id, option_list, package_count, order_id, project_package_id, supporting_project_id) VALUES (2186, '["초급자용"]', 3, 2186, 47, 2186);
INSERT INTO supporting_projects(supporting_project_id, supported_at, delivery_id, payment_id, project_id, user_id) VALUES (2187, (SELECT projects.start_date + INTERVAL 42 DAY FROM projects WHERE projects.id=47), 2187, 2187, 47, 5);
INSERT INTO orders (order_id, created_at, delivery_id, payment_id, supporting_project_id) VALUES (2187, (SELECT projects.start_date + INTERVAL 42 DAY FROM projects WHERE projects.id=47), 1, 2187, 2187);
INSERT INTO supporting_packages(id, option_list, package_count, order_id, project_package_id, supporting_project_id) VALUES (2187, '["초급자용"]', 7, 2187, 47, 2187);
INSERT INTO supporting_projects(supporting_project_id, supported_at, delivery_id, payment_id, project_id, user_id) VALUES (2188, (SELECT projects.start_date + INTERVAL 35 DAY FROM projects WHERE projects.id=47), 2188, 2188, 47, 38);
INSERT INTO orders (order_id, created_at, delivery_id, payment_id, supporting_project_id) VALUES (2188, (SELECT projects.start_date + INTERVAL 35 DAY FROM projects WHERE projects.id=47), 1, 2188, 2188);
INSERT INTO supporting_packages(id, option_list, package_count, order_id, project_package_id, supporting_project_id) VALUES (2188, '["중급자용"]', 4, 2188, 47, 2188);
INSERT INTO supporting_projects(supporting_project_id, supported_at, delivery_id, payment_id, project_id, user_id) VALUES (2189, (SELECT projects.start_date + INTERVAL 49 DAY FROM projects WHERE projects.id=47), 2189, 2189, 47, 18);
INSERT INTO orders (order_id, created_at, delivery_id, payment_id, supporting_project_id) VALUES (2189, (SELECT projects.start_date + INTERVAL 49 DAY FROM projects WHERE projects.id=47), 1, 2189, 2189);
INSERT INTO supporting_packages(id, option_list, package_count, order_id, project_package_id, supporting_project_id) VALUES (2189, '["초급자용"]', 10, 2189, 47, 2189);
INSERT INTO supporting_projects(supporting_project_id, supported_at, delivery_id, payment_id, project_id, user_id) VALUES (2190, (SELECT projects.start_date + INTERVAL 22 DAY FROM projects WHERE projects.id=47), 2190, 2190, 47, 37);
INSERT INTO orders (order_id, created_at, delivery_id, payment_id, supporting_project_id) VALUES (2190, (SELECT projects.start_date + INTERVAL 22 DAY FROM projects WHERE projects.id=47), 1, 2190, 2190);
INSERT INTO supporting_packages(id, option_list, package_count, order_id, project_package_id, supporting_project_id) VALUES (2190, '["중급자용"]', 2, 2190, 47, 2190);
INSERT INTO supporting_projects(supporting_project_id, supported_at, delivery_id, payment_id, project_id, user_id) VALUES (2191, (SELECT projects.start_date + INTERVAL 41 DAY FROM projects WHERE projects.id=47), 2191, 2191, 47, 8);
INSERT INTO orders (order_id, created_at, delivery_id, payment_id, supporting_project_id) VALUES (2191, (SELECT projects.start_date + INTERVAL 41 DAY FROM projects WHERE projects.id=47), 1, 2191, 2191);
INSERT INTO supporting_packages(id, option_list, package_count, order_id, project_package_id, supporting_project_id) VALUES (2191, '["중급자용"]', 8, 2191, 47, 2191);
INSERT INTO supporting_projects(supporting_project_id, supported_at, delivery_id, payment_id, project_id, user_id) VALUES (2192, (SELECT projects.start_date + INTERVAL 44 DAY FROM projects WHERE projects.id=47), 2192, 2192, 47, 14);
INSERT INTO orders (order_id, created_at, delivery_id, payment_id, supporting_project_id) VALUES (2192, (SELECT projects.start_date + INTERVAL 44 DAY FROM projects WHERE projects.id=47), 1, 2192, 2192);
INSERT INTO supporting_packages(id, option_list, package_count, order_id, project_package_id, supporting_project_id) VALUES (2192, '["전문가용"]', 7, 2192, 47, 2192);
INSERT INTO supporting_projects(supporting_project_id, supported_at, delivery_id, payment_id, project_id, user_id) VALUES (2193, (SELECT projects.start_date + INTERVAL 9 DAY FROM projects WHERE projects.id=47), 2193, 2193, 47, 39);
INSERT INTO orders (order_id, created_at, delivery_id, payment_id, supporting_project_id) VALUES (2193, (SELECT projects.start_date + INTERVAL 9 DAY FROM projects WHERE projects.id=47), 1, 2193, 2193);
INSERT INTO supporting_packages(id, option_list, package_count, order_id, project_package_id, supporting_project_id) VALUES (2193, '["중급자용"]', 7, 2193, 47, 2193);
INSERT INTO supporting_projects(supporting_project_id, supported_at, delivery_id, payment_id, project_id, user_id) VALUES (2194, (SELECT projects.start_date + INTERVAL 26 DAY FROM projects WHERE projects.id=47), 2194, 2194, 47, 25);
INSERT INTO orders (order_id, created_at, delivery_id, payment_id, supporting_project_id) VALUES (2194, (SELECT projects.start_date + INTERVAL 26 DAY FROM projects WHERE projects.id=47), 1, 2194, 2194);
INSERT INTO supporting_packages(id, option_list, package_count, order_id, project_package_id, supporting_project_id) VALUES (2194, '["중급자용"]', 5, 2194, 47, 2194);
INSERT INTO supporting_projects(supporting_project_id, supported_at, delivery_id, payment_id, project_id, user_id) VALUES (2195, (SELECT projects.start_date + INTERVAL 29 DAY FROM projects WHERE projects.id=47), 2195, 2195, 47, 31);
INSERT INTO orders (order_id, created_at, delivery_id, payment_id, supporting_project_id) VALUES (2195, (SELECT projects.start_date + INTERVAL 29 DAY FROM projects WHERE projects.id=47), 1, 2195, 2195);
INSERT INTO supporting_packages(id, option_list, package_count, order_id, project_package_id, supporting_project_id) VALUES (2195, '["중급자용"]', 5, 2195, 47, 2195);
INSERT INTO supporting_projects(supporting_project_id, supported_at, delivery_id, payment_id, project_id, user_id) VALUES (2196, (SELECT projects.start_date + INTERVAL 50 DAY FROM projects WHERE projects.id=47), 2196, 2196, 47, 4);
INSERT INTO orders (order_id, created_at, delivery_id, payment_id, supporting_project_id) VALUES (2196, (SELECT projects.start_date + INTERVAL 50 DAY FROM projects WHERE projects.id=47), 1, 2196, 2196);
INSERT INTO supporting_packages(id, option_list, package_count, order_id, project_package_id, supporting_project_id) VALUES (2196, '["중급자용"]', 3, 2196, 47, 2196);
INSERT INTO supporting_projects(supporting_project_id, supported_at, delivery_id, payment_id, project_id, user_id) VALUES (2197, (SELECT projects.start_date + INTERVAL 34 DAY FROM projects WHERE projects.id=47), 2197, 2197, 47, 36);
INSERT INTO orders (order_id, created_at, delivery_id, payment_id, supporting_project_id) VALUES (2197, (SELECT projects.start_date + INTERVAL 34 DAY FROM projects WHERE projects.id=47), 1, 2197, 2197);
INSERT INTO supporting_packages(id, option_list, package_count, order_id, project_package_id, supporting_project_id) VALUES (2197, '["중급자용"]', 7, 2197, 47, 2197);
INSERT INTO supporting_projects(supporting_project_id, supported_at, delivery_id, payment_id, project_id, user_id) VALUES (2198, (SELECT projects.start_date + INTERVAL 37 DAY FROM projects WHERE projects.id=47), 2198, 2198, 47, 32);
INSERT INTO orders (order_id, created_at, delivery_id, payment_id, supporting_project_id) VALUES (2198, (SELECT projects.start_date + INTERVAL 37 DAY FROM projects WHERE projects.id=47), 1, 2198, 2198);
INSERT INTO supporting_packages(id, option_list, package_count, order_id, project_package_id, supporting_project_id) VALUES (2198, '["초급자용"]', 6, 2198, 47, 2198);
INSERT INTO supporting_projects(supporting_project_id, supported_at, delivery_id, payment_id, project_id, user_id) VALUES (2199, (SELECT projects.start_date + INTERVAL 37 DAY FROM projects WHERE projects.id=47), 2199, 2199, 47, 15);
INSERT INTO orders (order_id, created_at, delivery_id, payment_id, supporting_project_id) VALUES (2199, (SELECT projects.start_date + INTERVAL 37 DAY FROM projects WHERE projects.id=47), 1, 2199, 2199);
INSERT INTO supporting_packages(id, option_list, package_count, order_id, project_package_id, supporting_project_id) VALUES (2199, '["중급자용"]', 5, 2199, 47, 2199);
INSERT INTO supporting_projects(supporting_project_id, supported_at, delivery_id, payment_id, project_id, user_id) VALUES (2200, (SELECT projects.start_date + INTERVAL 21 DAY FROM projects WHERE projects.id=47), 2200, 2200, 47, 38);
INSERT INTO orders (order_id, created_at, delivery_id, payment_id, supporting_project_id) VALUES (2200, (SELECT projects.start_date + INTERVAL 21 DAY FROM projects WHERE projects.id=47), 1, 2200, 2200);
INSERT INTO supporting_packages(id, option_list, package_count, order_id, project_package_id, supporting_project_id) VALUES (2200, '["전문가용"]', 10, 2200, 47, 2200);
INSERT INTO supporting_projects(supporting_project_id, supported_at, delivery_id, payment_id, project_id, user_id) VALUES (2201, (SELECT projects.start_date + INTERVAL 2 DAY FROM projects WHERE projects.id=47), 2201, 2201, 47, 24);
INSERT INTO orders (order_id, created_at, delivery_id, payment_id, supporting_project_id) VALUES (2201, (SELECT projects.start_date + INTERVAL 2 DAY FROM projects WHERE projects.id=47), 1, 2201, 2201);
INSERT INTO supporting_packages(id, option_list, package_count, order_id, project_package_id, supporting_project_id) VALUES (2201, '["초급자용"]', 6, 2201, 47, 2201);
INSERT INTO supporting_projects(supporting_project_id, supported_at, delivery_id, payment_id, project_id, user_id) VALUES (2202, (SELECT projects.start_date + INTERVAL 39 DAY FROM projects WHERE projects.id=47), 2202, 2202, 47, 22);
INSERT INTO orders (order_id, created_at, delivery_id, payment_id, supporting_project_id) VALUES (2202, (SELECT projects.start_date + INTERVAL 39 DAY FROM projects WHERE projects.id=47), 1, 2202, 2202);
INSERT INTO supporting_packages(id, option_list, package_count, order_id, project_package_id, supporting_project_id) VALUES (2202, '["초급자용"]', 9, 2202, 47, 2202);
INSERT INTO supporting_projects(supporting_project_id, supported_at, delivery_id, payment_id, project_id, user_id) VALUES (2203, (SELECT projects.start_date + INTERVAL 28 DAY FROM projects WHERE projects.id=47), 2203, 2203, 47, 20);
INSERT INTO orders (order_id, created_at, delivery_id, payment_id, supporting_project_id) VALUES (2203, (SELECT projects.start_date + INTERVAL 28 DAY FROM projects WHERE projects.id=47), 1, 2203, 2203);
INSERT INTO supporting_packages(id, option_list, package_count, order_id, project_package_id, supporting_project_id) VALUES (2203, '["초급자용"]', 10, 2203, 47, 2203);
INSERT INTO supporting_projects(supporting_project_id, supported_at, delivery_id, payment_id, project_id, user_id) VALUES (2204, (SELECT projects.start_date + INTERVAL 44 DAY FROM projects WHERE projects.id=47), 2204, 2204, 47, 15);
INSERT INTO orders (order_id, created_at, delivery_id, payment_id, supporting_project_id) VALUES (2204, (SELECT projects.start_date + INTERVAL 44 DAY FROM projects WHERE projects.id=47), 1, 2204, 2204);
INSERT INTO supporting_packages(id, option_list, package_count, order_id, project_package_id, supporting_project_id) VALUES (2204, '["초급자용"]', 5, 2204, 47, 2204);
INSERT INTO supporting_projects(supporting_project_id, supported_at, delivery_id, payment_id, project_id, user_id) VALUES (2205, (SELECT projects.start_date + INTERVAL 12 DAY FROM projects WHERE projects.id=47), 2205, 2205, 47, 9);
INSERT INTO orders (order_id, created_at, delivery_id, payment_id, supporting_project_id) VALUES (2205, (SELECT projects.start_date + INTERVAL 12 DAY FROM projects WHERE projects.id=47), 1, 2205, 2205);
INSERT INTO supporting_packages(id, option_list, package_count, order_id, project_package_id, supporting_project_id) VALUES (2205, '["전문가용"]', 9, 2205, 47, 2205);
INSERT INTO supporting_projects(supporting_project_id, supported_at, delivery_id, payment_id, project_id, user_id) VALUES (2206, (SELECT projects.start_date + INTERVAL 22 DAY FROM projects WHERE projects.id=47), 2206, 2206, 47, 23);
INSERT INTO orders (order_id, created_at, delivery_id, payment_id, supporting_project_id) VALUES (2206, (SELECT projects.start_date + INTERVAL 22 DAY FROM projects WHERE projects.id=47), 1, 2206, 2206);
INSERT INTO supporting_packages(id, option_list, package_count, order_id, project_package_id, supporting_project_id) VALUES (2206, '["초급자용"]', 8, 2206, 47, 2206);
INSERT INTO supporting_projects(supporting_project_id, supported_at, delivery_id, payment_id, project_id, user_id) VALUES (2207, (SELECT projects.start_date + INTERVAL 40 DAY FROM projects WHERE projects.id=47), 2207, 2207, 47, 7);
INSERT INTO orders (order_id, created_at, delivery_id, payment_id, supporting_project_id) VALUES (2207, (SELECT projects.start_date + INTERVAL 40 DAY FROM projects WHERE projects.id=47), 1, 2207, 2207);
INSERT INTO supporting_packages(id, option_list, package_count, order_id, project_package_id, supporting_project_id) VALUES (2207, '["초급자용"]', 1, 2207, 47, 2207);
INSERT INTO supporting_projects(supporting_project_id, supported_at, delivery_id, payment_id, project_id, user_id) VALUES (2208, (SELECT projects.start_date + INTERVAL 37 DAY FROM projects WHERE projects.id=47), 2208, 2208, 47, 21);
INSERT INTO orders (order_id, created_at, delivery_id, payment_id, supporting_project_id) VALUES (2208, (SELECT projects.start_date + INTERVAL 37 DAY FROM projects WHERE projects.id=47), 1, 2208, 2208);
INSERT INTO supporting_packages(id, option_list, package_count, order_id, project_package_id, supporting_project_id) VALUES (2208, '["전문가용"]', 3, 2208, 47, 2208);
INSERT INTO supporting_projects(supporting_project_id, supported_at, delivery_id, payment_id, project_id, user_id) VALUES (2209, (SELECT projects.start_date + INTERVAL 44 DAY FROM projects WHERE projects.id=47), 2209, 2209, 47, 21);
INSERT INTO orders (order_id, created_at, delivery_id, payment_id, supporting_project_id) VALUES (2209, (SELECT projects.start_date + INTERVAL 44 DAY FROM projects WHERE projects.id=47), 1, 2209, 2209);
INSERT INTO supporting_packages(id, option_list, package_count, order_id, project_package_id, supporting_project_id) VALUES (2209, '["전문가용"]', 1, 2209, 47, 2209);
INSERT INTO supporting_projects(supporting_project_id, supported_at, delivery_id, payment_id, project_id, user_id) VALUES (2210, (SELECT projects.start_date + INTERVAL 32 DAY FROM projects WHERE projects.id=47), 2210, 2210, 47, 35);
INSERT INTO orders (order_id, created_at, delivery_id, payment_id, supporting_project_id) VALUES (2210, (SELECT projects.start_date + INTERVAL 32 DAY FROM projects WHERE projects.id=47), 1, 2210, 2210);
INSERT INTO supporting_packages(id, option_list, package_count, order_id, project_package_id, supporting_project_id) VALUES (2210, '["전문가용"]', 9, 2210, 47, 2210);
INSERT INTO supporting_projects(supporting_project_id, supported_at, delivery_id, payment_id, project_id, user_id) VALUES (2211, (SELECT projects.start_date + INTERVAL 18 DAY FROM projects WHERE projects.id=47), 2211, 2211, 47, 6);
INSERT INTO orders (order_id, created_at, delivery_id, payment_id, supporting_project_id) VALUES (2211, (SELECT projects.start_date + INTERVAL 18 DAY FROM projects WHERE projects.id=47), 1, 2211, 2211);
INSERT INTO supporting_packages(id, option_list, package_count, order_id, project_package_id, supporting_project_id) VALUES (2211, '["초급자용"]', 3, 2211, 47, 2211);
INSERT INTO supporting_projects(supporting_project_id, supported_at, delivery_id, payment_id, project_id, user_id) VALUES (2212, (SELECT projects.start_date + INTERVAL 10 DAY FROM projects WHERE projects.id=47), 2212, 2212, 47, 14);
INSERT INTO orders (order_id, created_at, delivery_id, payment_id, supporting_project_id) VALUES (2212, (SELECT projects.start_date + INTERVAL 10 DAY FROM projects WHERE projects.id=47), 1, 2212, 2212);
INSERT INTO supporting_packages(id, option_list, package_count, order_id, project_package_id, supporting_project_id) VALUES (2212, '["중급자용"]', 3, 2212, 47, 2212);
INSERT INTO supporting_projects(supporting_project_id, supported_at, delivery_id, payment_id, project_id, user_id) VALUES (2213, (SELECT projects.start_date + INTERVAL 8 DAY FROM projects WHERE projects.id=47), 2213, 2213, 47, 16);
INSERT INTO orders (order_id, created_at, delivery_id, payment_id, supporting_project_id) VALUES (2213, (SELECT projects.start_date + INTERVAL 8 DAY FROM projects WHERE projects.id=47), 1, 2213, 2213);
INSERT INTO supporting_packages(id, option_list, package_count, order_id, project_package_id, supporting_project_id) VALUES (2213, '["중급자용"]', 9, 2213, 47, 2213);
INSERT INTO supporting_projects(supporting_project_id, supported_at, delivery_id, payment_id, project_id, user_id) VALUES (2214, (SELECT projects.start_date + INTERVAL 46 DAY FROM projects WHERE projects.id=47), 2214, 2214, 47, 1);
INSERT INTO orders (order_id, created_at, delivery_id, payment_id, supporting_project_id) VALUES (2214, (SELECT projects.start_date + INTERVAL 46 DAY FROM projects WHERE projects.id=47), 1, 2214, 2214);
INSERT INTO supporting_packages(id, option_list, package_count, order_id, project_package_id, supporting_project_id) VALUES (2214, '["전문가용"]', 4, 2214, 47, 2214);
INSERT INTO supporting_projects(supporting_project_id, supported_at, delivery_id, payment_id, project_id, user_id) VALUES (2215, (SELECT projects.start_date + INTERVAL 23 DAY FROM projects WHERE projects.id=47), 2215, 2215, 47, 17);
INSERT INTO orders (order_id, created_at, delivery_id, payment_id, supporting_project_id) VALUES (2215, (SELECT projects.start_date + INTERVAL 23 DAY FROM projects WHERE projects.id=47), 1, 2215, 2215);
INSERT INTO supporting_packages(id, option_list, package_count, order_id, project_package_id, supporting_project_id) VALUES (2215, '["전문가용"]', 2, 2215, 47, 2215);
INSERT INTO supporting_projects(supporting_project_id, supported_at, delivery_id, payment_id, project_id, user_id) VALUES (2216, (SELECT projects.start_date + INTERVAL 10 DAY FROM projects WHERE projects.id=47), 2216, 2216, 47, 10);
INSERT INTO orders (order_id, created_at, delivery_id, payment_id, supporting_project_id) VALUES (2216, (SELECT projects.start_date + INTERVAL 10 DAY FROM projects WHERE projects.id=47), 1, 2216, 2216);
INSERT INTO supporting_packages(id, option_list, package_count, order_id, project_package_id, supporting_project_id) VALUES (2216, '["초급자용"]', 4, 2216, 47, 2216);
INSERT INTO supporting_projects(supporting_project_id, supported_at, delivery_id, payment_id, project_id, user_id) VALUES (2217, (SELECT projects.start_date + INTERVAL 11 DAY FROM projects WHERE projects.id=47), 2217, 2217, 47, 29);
INSERT INTO orders (order_id, created_at, delivery_id, payment_id, supporting_project_id) VALUES (2217, (SELECT projects.start_date + INTERVAL 11 DAY FROM projects WHERE projects.id=47), 1, 2217, 2217);
INSERT INTO supporting_packages(id, option_list, package_count, order_id, project_package_id, supporting_project_id) VALUES (2217, '["중급자용"]', 1, 2217, 47, 2217);
INSERT INTO supporting_projects(supporting_project_id, supported_at, delivery_id, payment_id, project_id, user_id) VALUES (2218, (SELECT projects.start_date + INTERVAL 1 DAY FROM projects WHERE projects.id=47), 2218, 2218, 47, 40);
INSERT INTO orders (order_id, created_at, delivery_id, payment_id, supporting_project_id) VALUES (2218, (SELECT projects.start_date + INTERVAL 1 DAY FROM projects WHERE projects.id=47), 1, 2218, 2218);
INSERT INTO supporting_packages(id, option_list, package_count, order_id, project_package_id, supporting_project_id) VALUES (2218, '["중급자용"]', 2, 2218, 47, 2218);
INSERT INTO supporting_projects(supporting_project_id, supported_at, delivery_id, payment_id, project_id, user_id) VALUES (2219, (SELECT projects.start_date + INTERVAL 17 DAY FROM projects WHERE projects.id=47), 2219, 2219, 47, 21);
INSERT INTO orders (order_id, created_at, delivery_id, payment_id, supporting_project_id) VALUES (2219, (SELECT projects.start_date + INTERVAL 17 DAY FROM projects WHERE projects.id=47), 1, 2219, 2219);
INSERT INTO supporting_packages(id, option_list, package_count, order_id, project_package_id, supporting_project_id) VALUES (2219, '["초급자용"]', 8, 2219, 47, 2219);
INSERT INTO supporting_projects(supporting_project_id, supported_at, delivery_id, payment_id, project_id, user_id) VALUES (2220, (SELECT projects.start_date + INTERVAL 22 DAY FROM projects WHERE projects.id=47), 2220, 2220, 47, 35);
INSERT INTO orders (order_id, created_at, delivery_id, payment_id, supporting_project_id) VALUES (2220, (SELECT projects.start_date + INTERVAL 22 DAY FROM projects WHERE projects.id=47), 1, 2220, 2220);
INSERT INTO supporting_packages(id, option_list, package_count, order_id, project_package_id, supporting_project_id) VALUES (2220, '["중급자용"]', 2, 2220, 47, 2220);
INSERT INTO supporting_projects(supporting_project_id, supported_at, delivery_id, payment_id, project_id, user_id) VALUES (2221, (SELECT projects.start_date + INTERVAL 34 DAY FROM projects WHERE projects.id=47), 2221, 2221, 47, 8);
INSERT INTO orders (order_id, created_at, delivery_id, payment_id, supporting_project_id) VALUES (2221, (SELECT projects.start_date + INTERVAL 34 DAY FROM projects WHERE projects.id=47), 1, 2221, 2221);
INSERT INTO supporting_packages(id, option_list, package_count, order_id, project_package_id, supporting_project_id) VALUES (2221, '["초급자용"]', 10, 2221, 47, 2221);
INSERT INTO supporting_projects(supporting_project_id, supported_at, delivery_id, payment_id, project_id, user_id) VALUES (2222, (SELECT projects.start_date + INTERVAL 31 DAY FROM projects WHERE projects.id=47), 2222, 2222, 47, 2);
INSERT INTO orders (order_id, created_at, delivery_id, payment_id, supporting_project_id) VALUES (2222, (SELECT projects.start_date + INTERVAL 31 DAY FROM projects WHERE projects.id=47), 1, 2222, 2222);
INSERT INTO supporting_packages(id, option_list, package_count, order_id, project_package_id, supporting_project_id) VALUES (2222, '["중급자용"]', 6, 2222, 47, 2222);
INSERT INTO supporting_projects(supporting_project_id, supported_at, delivery_id, payment_id, project_id, user_id) VALUES (2223, (SELECT projects.start_date + INTERVAL 27 DAY FROM projects WHERE projects.id=47), 2223, 2223, 47, 13);
INSERT INTO orders (order_id, created_at, delivery_id, payment_id, supporting_project_id) VALUES (2223, (SELECT projects.start_date + INTERVAL 27 DAY FROM projects WHERE projects.id=47), 1, 2223, 2223);
INSERT INTO supporting_packages(id, option_list, package_count, order_id, project_package_id, supporting_project_id) VALUES (2223, '["중급자용"]', 3, 2223, 47, 2223);
INSERT INTO supporting_projects(supporting_project_id, supported_at, delivery_id, payment_id, project_id, user_id) VALUES (2224, (SELECT projects.start_date + INTERVAL 10 DAY FROM projects WHERE projects.id=47), 2224, 2224, 47, 4);
INSERT INTO orders (order_id, created_at, delivery_id, payment_id, supporting_project_id) VALUES (2224, (SELECT projects.start_date + INTERVAL 10 DAY FROM projects WHERE projects.id=47), 1, 2224, 2224);
INSERT INTO supporting_packages(id, option_list, package_count, order_id, project_package_id, supporting_project_id) VALUES (2224, '["중급자용"]', 3, 2224, 47, 2224);
INSERT INTO supporting_projects(supporting_project_id, supported_at, delivery_id, payment_id, project_id, user_id) VALUES (2225, (SELECT projects.start_date + INTERVAL 47 DAY FROM projects WHERE projects.id=47), 2225, 2225, 47, 2);
INSERT INTO orders (order_id, created_at, delivery_id, payment_id, supporting_project_id) VALUES (2225, (SELECT projects.start_date + INTERVAL 47 DAY FROM projects WHERE projects.id=47), 1, 2225, 2225);
INSERT INTO supporting_packages(id, option_list, package_count, order_id, project_package_id, supporting_project_id) VALUES (2225, '["초급자용"]', 9, 2225, 47, 2225);
INSERT INTO supporting_projects(supporting_project_id, supported_at, delivery_id, payment_id, project_id, user_id) VALUES (2226, (SELECT projects.start_date + INTERVAL 11 DAY FROM projects WHERE projects.id=47), 2226, 2226, 47, 10);
INSERT INTO orders (order_id, created_at, delivery_id, payment_id, supporting_project_id) VALUES (2226, (SELECT projects.start_date + INTERVAL 11 DAY FROM projects WHERE projects.id=47), 1, 2226, 2226);
INSERT INTO supporting_packages(id, option_list, package_count, order_id, project_package_id, supporting_project_id) VALUES (2226, '["중급자용"]', 10, 2226, 47, 2226);
INSERT INTO supporting_projects(supporting_project_id, supported_at, delivery_id, payment_id, project_id, user_id) VALUES (2227, (SELECT projects.start_date + INTERVAL 38 DAY FROM projects WHERE projects.id=47), 2227, 2227, 47, 34);
INSERT INTO orders (order_id, created_at, delivery_id, payment_id, supporting_project_id) VALUES (2227, (SELECT projects.start_date + INTERVAL 38 DAY FROM projects WHERE projects.id=47), 1, 2227, 2227);
INSERT INTO supporting_packages(id, option_list, package_count, order_id, project_package_id, supporting_project_id) VALUES (2227, '["초급자용"]', 8, 2227, 47, 2227);
INSERT INTO supporting_projects(supporting_project_id, supported_at, delivery_id, payment_id, project_id, user_id) VALUES (2228, (SELECT projects.start_date + INTERVAL 27 DAY FROM projects WHERE projects.id=48), 2228, 2228, 48, 9);
INSERT INTO orders (order_id, created_at, delivery_id, payment_id, supporting_project_id) VALUES (2228, (SELECT projects.start_date + INTERVAL 27 DAY FROM projects WHERE projects.id=48), 1, 2228, 2228);
INSERT INTO supporting_packages(id, option_list, package_count, order_id, project_package_id, supporting_project_id) VALUES (2228, '["기본"]', 7, 2228, 48, 2228);
INSERT INTO supporting_projects(supporting_project_id, supported_at, delivery_id, payment_id, project_id, user_id) VALUES (2229, (SELECT projects.start_date + INTERVAL 30 DAY FROM projects WHERE projects.id=48), 2229, 2229, 48, 15);
INSERT INTO orders (order_id, created_at, delivery_id, payment_id, supporting_project_id) VALUES (2229, (SELECT projects.start_date + INTERVAL 30 DAY FROM projects WHERE projects.id=48), 1, 2229, 2229);
INSERT INTO supporting_packages(id, option_list, package_count, order_id, project_package_id, supporting_project_id) VALUES (2229, '["프리미엄"]', 9, 2229, 48, 2229);
INSERT INTO supporting_projects(supporting_project_id, supported_at, delivery_id, payment_id, project_id, user_id) VALUES (2230, (SELECT projects.start_date + INTERVAL 1 DAY FROM projects WHERE projects.id=48), 2230, 2230, 48, 37);
INSERT INTO orders (order_id, created_at, delivery_id, payment_id, supporting_project_id) VALUES (2230, (SELECT projects.start_date + INTERVAL 1 DAY FROM projects WHERE projects.id=48), 1, 2230, 2230);
INSERT INTO supporting_packages(id, option_list, package_count, order_id, project_package_id, supporting_project_id) VALUES (2230, '["프리미엄"]', 6, 2230, 48, 2230);
INSERT INTO supporting_projects(supporting_project_id, supported_at, delivery_id, payment_id, project_id, user_id) VALUES (2231, (SELECT projects.start_date + INTERVAL 17 DAY FROM projects WHERE projects.id=48), 2231, 2231, 48, 10);
INSERT INTO orders (order_id, created_at, delivery_id, payment_id, supporting_project_id) VALUES (2231, (SELECT projects.start_date + INTERVAL 17 DAY FROM projects WHERE projects.id=48), 1, 2231, 2231);
INSERT INTO supporting_packages(id, option_list, package_count, order_id, project_package_id, supporting_project_id) VALUES (2231, '["기본"]', 8, 2231, 48, 2231);
INSERT INTO supporting_projects(supporting_project_id, supported_at, delivery_id, payment_id, project_id, user_id) VALUES (2232, (SELECT projects.start_date + INTERVAL 1 DAY FROM projects WHERE projects.id=48), 2232, 2232, 48, 36);
INSERT INTO orders (order_id, created_at, delivery_id, payment_id, supporting_project_id) VALUES (2232, (SELECT projects.start_date + INTERVAL 1 DAY FROM projects WHERE projects.id=48), 1, 2232, 2232);
INSERT INTO supporting_packages(id, option_list, package_count, order_id, project_package_id, supporting_project_id) VALUES (2232, '["궁중 요리"]', 1, 2232, 48, 2232);
INSERT INTO supporting_projects(supporting_project_id, supported_at, delivery_id, payment_id, project_id, user_id) VALUES (2233, (SELECT projects.start_date + INTERVAL 21 DAY FROM projects WHERE projects.id=48), 2233, 2233, 48, 24);
INSERT INTO orders (order_id, created_at, delivery_id, payment_id, supporting_project_id) VALUES (2233, (SELECT projects.start_date + INTERVAL 21 DAY FROM projects WHERE projects.id=48), 1, 2233, 2233);
INSERT INTO supporting_packages(id, option_list, package_count, order_id, project_package_id, supporting_project_id) VALUES (2233, '["궁중 요리"]', 9, 2233, 48, 2233);
INSERT INTO supporting_projects(supporting_project_id, supported_at, delivery_id, payment_id, project_id, user_id) VALUES (2234, (SELECT projects.start_date + INTERVAL 13 DAY FROM projects WHERE projects.id=48), 2234, 2234, 48, 27);
INSERT INTO orders (order_id, created_at, delivery_id, payment_id, supporting_project_id) VALUES (2234, (SELECT projects.start_date + INTERVAL 13 DAY FROM projects WHERE projects.id=48), 1, 2234, 2234);
INSERT INTO supporting_packages(id, option_list, package_count, order_id, project_package_id, supporting_project_id) VALUES (2234, '["궁중 요리"]', 4, 2234, 48, 2234);
INSERT INTO supporting_projects(supporting_project_id, supported_at, delivery_id, payment_id, project_id, user_id) VALUES (2235, (SELECT projects.start_date + INTERVAL 20 DAY FROM projects WHERE projects.id=48), 2235, 2235, 48, 30);
INSERT INTO orders (order_id, created_at, delivery_id, payment_id, supporting_project_id) VALUES (2235, (SELECT projects.start_date + INTERVAL 20 DAY FROM projects WHERE projects.id=48), 1, 2235, 2235);
INSERT INTO supporting_packages(id, option_list, package_count, order_id, project_package_id, supporting_project_id) VALUES (2235, '["프리미엄"]', 9, 2235, 48, 2235);
INSERT INTO supporting_projects(supporting_project_id, supported_at, delivery_id, payment_id, project_id, user_id) VALUES (2236, (SELECT projects.start_date + INTERVAL 28 DAY FROM projects WHERE projects.id=48), 2236, 2236, 48, 6);
INSERT INTO orders (order_id, created_at, delivery_id, payment_id, supporting_project_id) VALUES (2236, (SELECT projects.start_date + INTERVAL 28 DAY FROM projects WHERE projects.id=48), 1, 2236, 2236);
INSERT INTO supporting_packages(id, option_list, package_count, order_id, project_package_id, supporting_project_id) VALUES (2236, '["궁중 요리"]', 3, 2236, 48, 2236);
INSERT INTO supporting_projects(supporting_project_id, supported_at, delivery_id, payment_id, project_id, user_id) VALUES (2237, (SELECT projects.start_date + INTERVAL 31 DAY FROM projects WHERE projects.id=48), 2237, 2237, 48, 38);
INSERT INTO orders (order_id, created_at, delivery_id, payment_id, supporting_project_id) VALUES (2237, (SELECT projects.start_date + INTERVAL 31 DAY FROM projects WHERE projects.id=48), 1, 2237, 2237);
INSERT INTO supporting_packages(id, option_list, package_count, order_id, project_package_id, supporting_project_id) VALUES (2237, '["기본"]', 7, 2237, 48, 2237);
INSERT INTO supporting_projects(supporting_project_id, supported_at, delivery_id, payment_id, project_id, user_id) VALUES (2238, (SELECT projects.start_date + INTERVAL 31 DAY FROM projects WHERE projects.id=48), 2238, 2238, 48, 2);
INSERT INTO orders (order_id, created_at, delivery_id, payment_id, supporting_project_id) VALUES (2238, (SELECT projects.start_date + INTERVAL 31 DAY FROM projects WHERE projects.id=48), 1, 2238, 2238);
INSERT INTO supporting_packages(id, option_list, package_count, order_id, project_package_id, supporting_project_id) VALUES (2238, '["기본"]', 9, 2238, 48, 2238);
INSERT INTO supporting_projects(supporting_project_id, supported_at, delivery_id, payment_id, project_id, user_id) VALUES (2239, (SELECT projects.start_date + INTERVAL 2 DAY FROM projects WHERE projects.id=48), 2239, 2239, 48, 20);
INSERT INTO orders (order_id, created_at, delivery_id, payment_id, supporting_project_id) VALUES (2239, (SELECT projects.start_date + INTERVAL 2 DAY FROM projects WHERE projects.id=48), 1, 2239, 2239);
INSERT INTO supporting_packages(id, option_list, package_count, order_id, project_package_id, supporting_project_id) VALUES (2239, '["프리미엄"]', 4, 2239, 48, 2239);
INSERT INTO supporting_projects(supporting_project_id, supported_at, delivery_id, payment_id, project_id, user_id) VALUES (2240, (SELECT projects.start_date + INTERVAL 9 DAY FROM projects WHERE projects.id=48), 2240, 2240, 48, 4);
INSERT INTO orders (order_id, created_at, delivery_id, payment_id, supporting_project_id) VALUES (2240, (SELECT projects.start_date + INTERVAL 9 DAY FROM projects WHERE projects.id=48), 1, 2240, 2240);
INSERT INTO supporting_packages(id, option_list, package_count, order_id, project_package_id, supporting_project_id) VALUES (2240, '["프리미엄"]', 6, 2240, 48, 2240);
INSERT INTO supporting_projects(supporting_project_id, supported_at, delivery_id, payment_id, project_id, user_id) VALUES (2241, (SELECT projects.start_date + INTERVAL 19 DAY FROM projects WHERE projects.id=48), 2241, 2241, 48, 17);
INSERT INTO orders (order_id, created_at, delivery_id, payment_id, supporting_project_id) VALUES (2241, (SELECT projects.start_date + INTERVAL 19 DAY FROM projects WHERE projects.id=48), 1, 2241, 2241);
INSERT INTO supporting_packages(id, option_list, package_count, order_id, project_package_id, supporting_project_id) VALUES (2241, '["기본"]', 8, 2241, 48, 2241);
INSERT INTO supporting_projects(supporting_project_id, supported_at, delivery_id, payment_id, project_id, user_id) VALUES (2242, (SELECT projects.start_date + INTERVAL 35 DAY FROM projects WHERE projects.id=48), 2242, 2242, 48, 27);
INSERT INTO orders (order_id, created_at, delivery_id, payment_id, supporting_project_id) VALUES (2242, (SELECT projects.start_date + INTERVAL 35 DAY FROM projects WHERE projects.id=48), 1, 2242, 2242);
INSERT INTO supporting_packages(id, option_list, package_count, order_id, project_package_id, supporting_project_id) VALUES (2242, '["프리미엄"]', 4, 2242, 48, 2242);
INSERT INTO supporting_projects(supporting_project_id, supported_at, delivery_id, payment_id, project_id, user_id) VALUES (2243, (SELECT projects.start_date + INTERVAL 4 DAY FROM projects WHERE projects.id=48), 2243, 2243, 48, 19);
INSERT INTO orders (order_id, created_at, delivery_id, payment_id, supporting_project_id) VALUES (2243, (SELECT projects.start_date + INTERVAL 4 DAY FROM projects WHERE projects.id=48), 1, 2243, 2243);
INSERT INTO supporting_packages(id, option_list, package_count, order_id, project_package_id, supporting_project_id) VALUES (2243, '["기본"]', 10, 2243, 48, 2243);
INSERT INTO supporting_projects(supporting_project_id, supported_at, delivery_id, payment_id, project_id, user_id) VALUES (2244, (SELECT projects.start_date + INTERVAL 1 DAY FROM projects WHERE projects.id=48), 2244, 2244, 48, 11);
INSERT INTO orders (order_id, created_at, delivery_id, payment_id, supporting_project_id) VALUES (2244, (SELECT projects.start_date + INTERVAL 1 DAY FROM projects WHERE projects.id=48), 1, 2244, 2244);
INSERT INTO supporting_packages(id, option_list, package_count, order_id, project_package_id, supporting_project_id) VALUES (2244, '["궁중 요리"]', 7, 2244, 48, 2244);
INSERT INTO supporting_projects(supporting_project_id, supported_at, delivery_id, payment_id, project_id, user_id) VALUES (2245, (SELECT projects.start_date + INTERVAL 34 DAY FROM projects WHERE projects.id=48), 2245, 2245, 48, 31);
INSERT INTO orders (order_id, created_at, delivery_id, payment_id, supporting_project_id) VALUES (2245, (SELECT projects.start_date + INTERVAL 34 DAY FROM projects WHERE projects.id=48), 1, 2245, 2245);
INSERT INTO supporting_packages(id, option_list, package_count, order_id, project_package_id, supporting_project_id) VALUES (2245, '["궁중 요리"]', 8, 2245, 48, 2245);
INSERT INTO supporting_projects(supporting_project_id, supported_at, delivery_id, payment_id, project_id, user_id) VALUES (2246, (SELECT projects.start_date + INTERVAL 28 DAY FROM projects WHERE projects.id=48), 2246, 2246, 48, 9);
INSERT INTO orders (order_id, created_at, delivery_id, payment_id, supporting_project_id) VALUES (2246, (SELECT projects.start_date + INTERVAL 28 DAY FROM projects WHERE projects.id=48), 1, 2246, 2246);
INSERT INTO supporting_packages(id, option_list, package_count, order_id, project_package_id, supporting_project_id) VALUES (2246, '["궁중 요리"]', 8, 2246, 48, 2246);
INSERT INTO supporting_projects(supporting_project_id, supported_at, delivery_id, payment_id, project_id, user_id) VALUES (2247, (SELECT projects.start_date + INTERVAL 31 DAY FROM projects WHERE projects.id=48), 2247, 2247, 48, 15);
INSERT INTO orders (order_id, created_at, delivery_id, payment_id, supporting_project_id) VALUES (2247, (SELECT projects.start_date + INTERVAL 31 DAY FROM projects WHERE projects.id=48), 1, 2247, 2247);
INSERT INTO supporting_packages(id, option_list, package_count, order_id, project_package_id, supporting_project_id) VALUES (2247, '["프리미엄"]', 8, 2247, 48, 2247);
INSERT INTO supporting_projects(supporting_project_id, supported_at, delivery_id, payment_id, project_id, user_id) VALUES (2248, (SELECT projects.start_date + INTERVAL 30 DAY FROM projects WHERE projects.id=48), 2248, 2248, 48, 2);
INSERT INTO orders (order_id, created_at, delivery_id, payment_id, supporting_project_id) VALUES (2248, (SELECT projects.start_date + INTERVAL 30 DAY FROM projects WHERE projects.id=48), 1, 2248, 2248);
INSERT INTO supporting_packages(id, option_list, package_count, order_id, project_package_id, supporting_project_id) VALUES (2248, '["기본"]', 9, 2248, 48, 2248);
INSERT INTO supporting_projects(supporting_project_id, supported_at, delivery_id, payment_id, project_id, user_id) VALUES (2249, (SELECT projects.start_date + INTERVAL 49 DAY FROM projects WHERE projects.id=48), 2249, 2249, 48, 24);
INSERT INTO orders (order_id, created_at, delivery_id, payment_id, supporting_project_id) VALUES (2249, (SELECT projects.start_date + INTERVAL 49 DAY FROM projects WHERE projects.id=48), 1, 2249, 2249);
INSERT INTO supporting_packages(id, option_list, package_count, order_id, project_package_id, supporting_project_id) VALUES (2249, '["기본"]', 8, 2249, 48, 2249);
INSERT INTO supporting_projects(supporting_project_id, supported_at, delivery_id, payment_id, project_id, user_id) VALUES (2250, (SELECT projects.start_date + INTERVAL 47 DAY FROM projects WHERE projects.id=48), 2250, 2250, 48, 34);
INSERT INTO orders (order_id, created_at, delivery_id, payment_id, supporting_project_id) VALUES (2250, (SELECT projects.start_date + INTERVAL 47 DAY FROM projects WHERE projects.id=48), 1, 2250, 2250);
INSERT INTO supporting_packages(id, option_list, package_count, order_id, project_package_id, supporting_project_id) VALUES (2250, '["기본"]', 10, 2250, 48, 2250);
INSERT INTO supporting_projects(supporting_project_id, supported_at, delivery_id, payment_id, project_id, user_id) VALUES (2251, (SELECT projects.start_date + INTERVAL 40 DAY FROM projects WHERE projects.id=48), 2251, 2251, 48, 16);
INSERT INTO orders (order_id, created_at, delivery_id, payment_id, supporting_project_id) VALUES (2251, (SELECT projects.start_date + INTERVAL 40 DAY FROM projects WHERE projects.id=48), 1, 2251, 2251);
INSERT INTO supporting_packages(id, option_list, package_count, order_id, project_package_id, supporting_project_id) VALUES (2251, '["프리미엄"]', 4, 2251, 48, 2251);
INSERT INTO supporting_projects(supporting_project_id, supported_at, delivery_id, payment_id, project_id, user_id) VALUES (2252, (SELECT projects.start_date + INTERVAL 29 DAY FROM projects WHERE projects.id=48), 2252, 2252, 48, 21);
INSERT INTO orders (order_id, created_at, delivery_id, payment_id, supporting_project_id) VALUES (2252, (SELECT projects.start_date + INTERVAL 29 DAY FROM projects WHERE projects.id=48), 1, 2252, 2252);
INSERT INTO supporting_packages(id, option_list, package_count, order_id, project_package_id, supporting_project_id) VALUES (2252, '["궁중 요리"]', 8, 2252, 48, 2252);
INSERT INTO supporting_projects(supporting_project_id, supported_at, delivery_id, payment_id, project_id, user_id) VALUES (2253, (SELECT projects.start_date + INTERVAL 29 DAY FROM projects WHERE projects.id=48), 2253, 2253, 48, 36);
INSERT INTO orders (order_id, created_at, delivery_id, payment_id, supporting_project_id) VALUES (2253, (SELECT projects.start_date + INTERVAL 29 DAY FROM projects WHERE projects.id=48), 1, 2253, 2253);
INSERT INTO supporting_packages(id, option_list, package_count, order_id, project_package_id, supporting_project_id) VALUES (2253, '["기본"]', 10, 2253, 48, 2253);
INSERT INTO supporting_projects(supporting_project_id, supported_at, delivery_id, payment_id, project_id, user_id) VALUES (2254, (SELECT projects.start_date + INTERVAL 11 DAY FROM projects WHERE projects.id=48), 2254, 2254, 48, 24);
INSERT INTO orders (order_id, created_at, delivery_id, payment_id, supporting_project_id) VALUES (2254, (SELECT projects.start_date + INTERVAL 11 DAY FROM projects WHERE projects.id=48), 1, 2254, 2254);
INSERT INTO supporting_packages(id, option_list, package_count, order_id, project_package_id, supporting_project_id) VALUES (2254, '["프리미엄"]', 4, 2254, 48, 2254);
INSERT INTO supporting_projects(supporting_project_id, supported_at, delivery_id, payment_id, project_id, user_id) VALUES (2255, (SELECT projects.start_date + INTERVAL 28 DAY FROM projects WHERE projects.id=48), 2255, 2255, 48, 33);
INSERT INTO orders (order_id, created_at, delivery_id, payment_id, supporting_project_id) VALUES (2255, (SELECT projects.start_date + INTERVAL 28 DAY FROM projects WHERE projects.id=48), 1, 2255, 2255);
INSERT INTO supporting_packages(id, option_list, package_count, order_id, project_package_id, supporting_project_id) VALUES (2255, '["프리미엄"]', 9, 2255, 48, 2255);
INSERT INTO supporting_projects(supporting_project_id, supported_at, delivery_id, payment_id, project_id, user_id) VALUES (2256, (SELECT projects.start_date + INTERVAL 1 DAY FROM projects WHERE projects.id=48), 2256, 2256, 48, 18);
INSERT INTO orders (order_id, created_at, delivery_id, payment_id, supporting_project_id) VALUES (2256, (SELECT projects.start_date + INTERVAL 1 DAY FROM projects WHERE projects.id=48), 1, 2256, 2256);
INSERT INTO supporting_packages(id, option_list, package_count, order_id, project_package_id, supporting_project_id) VALUES (2256, '["궁중 요리"]', 8, 2256, 48, 2256);
INSERT INTO supporting_projects(supporting_project_id, supported_at, delivery_id, payment_id, project_id, user_id) VALUES (2257, (SELECT projects.start_date + INTERVAL 21 DAY FROM projects WHERE projects.id=48), 2257, 2257, 48, 32);
INSERT INTO orders (order_id, created_at, delivery_id, payment_id, supporting_project_id) VALUES (2257, (SELECT projects.start_date + INTERVAL 21 DAY FROM projects WHERE projects.id=48), 1, 2257, 2257);
INSERT INTO supporting_packages(id, option_list, package_count, order_id, project_package_id, supporting_project_id) VALUES (2257, '["프리미엄"]', 9, 2257, 48, 2257);
INSERT INTO supporting_projects(supporting_project_id, supported_at, delivery_id, payment_id, project_id, user_id) VALUES (2258, (SELECT projects.start_date + INTERVAL 22 DAY FROM projects WHERE projects.id=48), 2258, 2258, 48, 28);
INSERT INTO orders (order_id, created_at, delivery_id, payment_id, supporting_project_id) VALUES (2258, (SELECT projects.start_date + INTERVAL 22 DAY FROM projects WHERE projects.id=48), 1, 2258, 2258);
INSERT INTO supporting_packages(id, option_list, package_count, order_id, project_package_id, supporting_project_id) VALUES (2258, '["궁중 요리"]', 5, 2258, 48, 2258);
INSERT INTO supporting_projects(supporting_project_id, supported_at, delivery_id, payment_id, project_id, user_id) VALUES (2259, (SELECT projects.start_date + INTERVAL 15 DAY FROM projects WHERE projects.id=48), 2259, 2259, 48, 20);
INSERT INTO orders (order_id, created_at, delivery_id, payment_id, supporting_project_id) VALUES (2259, (SELECT projects.start_date + INTERVAL 15 DAY FROM projects WHERE projects.id=48), 1, 2259, 2259);
INSERT INTO supporting_packages(id, option_list, package_count, order_id, project_package_id, supporting_project_id) VALUES (2259, '["프리미엄"]', 7, 2259, 48, 2259);
INSERT INTO supporting_projects(supporting_project_id, supported_at, delivery_id, payment_id, project_id, user_id) VALUES (2260, (SELECT projects.start_date + INTERVAL 6 DAY FROM projects WHERE projects.id=48), 2260, 2260, 48, 22);
INSERT INTO orders (order_id, created_at, delivery_id, payment_id, supporting_project_id) VALUES (2260, (SELECT projects.start_date + INTERVAL 6 DAY FROM projects WHERE projects.id=48), 1, 2260, 2260);
INSERT INTO supporting_packages(id, option_list, package_count, order_id, project_package_id, supporting_project_id) VALUES (2260, '["기본"]', 6, 2260, 48, 2260);
INSERT INTO supporting_projects(supporting_project_id, supported_at, delivery_id, payment_id, project_id, user_id) VALUES (2261, (SELECT projects.start_date + INTERVAL 11 DAY FROM projects WHERE projects.id=48), 2261, 2261, 48, 23);
INSERT INTO orders (order_id, created_at, delivery_id, payment_id, supporting_project_id) VALUES (2261, (SELECT projects.start_date + INTERVAL 11 DAY FROM projects WHERE projects.id=48), 1, 2261, 2261);
INSERT INTO supporting_packages(id, option_list, package_count, order_id, project_package_id, supporting_project_id) VALUES (2261, '["궁중 요리"]', 9, 2261, 48, 2261);
INSERT INTO supporting_projects(supporting_project_id, supported_at, delivery_id, payment_id, project_id, user_id) VALUES (2262, (SELECT projects.start_date + INTERVAL 3 DAY FROM projects WHERE projects.id=48), 2262, 2262, 48, 2);
INSERT INTO orders (order_id, created_at, delivery_id, payment_id, supporting_project_id) VALUES (2262, (SELECT projects.start_date + INTERVAL 3 DAY FROM projects WHERE projects.id=48), 1, 2262, 2262);
INSERT INTO supporting_packages(id, option_list, package_count, order_id, project_package_id, supporting_project_id) VALUES (2262, '["궁중 요리"]', 6, 2262, 48, 2262);
INSERT INTO supporting_projects(supporting_project_id, supported_at, delivery_id, payment_id, project_id, user_id) VALUES (2263, (SELECT projects.start_date + INTERVAL 39 DAY FROM projects WHERE projects.id=48), 2263, 2263, 48, 5);
INSERT INTO orders (order_id, created_at, delivery_id, payment_id, supporting_project_id) VALUES (2263, (SELECT projects.start_date + INTERVAL 39 DAY FROM projects WHERE projects.id=48), 1, 2263, 2263);
INSERT INTO supporting_packages(id, option_list, package_count, order_id, project_package_id, supporting_project_id) VALUES (2263, '["궁중 요리"]', 7, 2263, 48, 2263);
INSERT INTO supporting_projects(supporting_project_id, supported_at, delivery_id, payment_id, project_id, user_id) VALUES (2264, (SELECT projects.start_date + INTERVAL 30 DAY FROM projects WHERE projects.id=48), 2264, 2264, 48, 31);
INSERT INTO orders (order_id, created_at, delivery_id, payment_id, supporting_project_id) VALUES (2264, (SELECT projects.start_date + INTERVAL 30 DAY FROM projects WHERE projects.id=48), 1, 2264, 2264);
INSERT INTO supporting_packages(id, option_list, package_count, order_id, project_package_id, supporting_project_id) VALUES (2264, '["기본"]', 3, 2264, 48, 2264);
INSERT INTO supporting_projects(supporting_project_id, supported_at, delivery_id, payment_id, project_id, user_id) VALUES (2265, (SELECT projects.start_date + INTERVAL 22 DAY FROM projects WHERE projects.id=48), 2265, 2265, 48, 13);
INSERT INTO orders (order_id, created_at, delivery_id, payment_id, supporting_project_id) VALUES (2265, (SELECT projects.start_date + INTERVAL 22 DAY FROM projects WHERE projects.id=48), 1, 2265, 2265);
INSERT INTO supporting_packages(id, option_list, package_count, order_id, project_package_id, supporting_project_id) VALUES (2265, '["궁중 요리"]', 4, 2265, 48, 2265);
INSERT INTO supporting_projects(supporting_project_id, supported_at, delivery_id, payment_id, project_id, user_id) VALUES (2266, (SELECT projects.start_date + INTERVAL 47 DAY FROM projects WHERE projects.id=48), 2266, 2266, 48, 32);
INSERT INTO orders (order_id, created_at, delivery_id, payment_id, supporting_project_id) VALUES (2266, (SELECT projects.start_date + INTERVAL 47 DAY FROM projects WHERE projects.id=48), 1, 2266, 2266);
INSERT INTO supporting_packages(id, option_list, package_count, order_id, project_package_id, supporting_project_id) VALUES (2266, '["궁중 요리"]', 9, 2266, 48, 2266);
INSERT INTO supporting_projects(supporting_project_id, supported_at, delivery_id, payment_id, project_id, user_id) VALUES (2267, (SELECT projects.start_date + INTERVAL 16 DAY FROM projects WHERE projects.id=48), 2267, 2267, 48, 17);
INSERT INTO orders (order_id, created_at, delivery_id, payment_id, supporting_project_id) VALUES (2267, (SELECT projects.start_date + INTERVAL 16 DAY FROM projects WHERE projects.id=48), 1, 2267, 2267);
INSERT INTO supporting_packages(id, option_list, package_count, order_id, project_package_id, supporting_project_id) VALUES (2267, '["궁중 요리"]', 3, 2267, 48, 2267);
INSERT INTO supporting_projects(supporting_project_id, supported_at, delivery_id, payment_id, project_id, user_id) VALUES (2268, (SELECT projects.start_date + INTERVAL 31 DAY FROM projects WHERE projects.id=48), 2268, 2268, 48, 13);
INSERT INTO orders (order_id, created_at, delivery_id, payment_id, supporting_project_id) VALUES (2268, (SELECT projects.start_date + INTERVAL 31 DAY FROM projects WHERE projects.id=48), 1, 2268, 2268);
INSERT INTO supporting_packages(id, option_list, package_count, order_id, project_package_id, supporting_project_id) VALUES (2268, '["기본"]', 3, 2268, 48, 2268);
INSERT INTO supporting_projects(supporting_project_id, supported_at, delivery_id, payment_id, project_id, user_id) VALUES (2269, (SELECT projects.start_date + INTERVAL 36 DAY FROM projects WHERE projects.id=48), 2269, 2269, 48, 20);
INSERT INTO orders (order_id, created_at, delivery_id, payment_id, supporting_project_id) VALUES (2269, (SELECT projects.start_date + INTERVAL 36 DAY FROM projects WHERE projects.id=48), 1, 2269, 2269);
INSERT INTO supporting_packages(id, option_list, package_count, order_id, project_package_id, supporting_project_id) VALUES (2269, '["프리미엄"]', 6, 2269, 48, 2269);
INSERT INTO supporting_projects(supporting_project_id, supported_at, delivery_id, payment_id, project_id, user_id) VALUES (2270, (SELECT projects.start_date + INTERVAL 1 DAY FROM projects WHERE projects.id=48), 2270, 2270, 48, 13);
INSERT INTO orders (order_id, created_at, delivery_id, payment_id, supporting_project_id) VALUES (2270, (SELECT projects.start_date + INTERVAL 1 DAY FROM projects WHERE projects.id=48), 1, 2270, 2270);
INSERT INTO supporting_packages(id, option_list, package_count, order_id, project_package_id, supporting_project_id) VALUES (2270, '["기본"]', 4, 2270, 48, 2270);
INSERT INTO supporting_projects(supporting_project_id, supported_at, delivery_id, payment_id, project_id, user_id) VALUES (2271, (SELECT projects.start_date + INTERVAL 27 DAY FROM projects WHERE projects.id=48), 2271, 2271, 48, 38);
INSERT INTO orders (order_id, created_at, delivery_id, payment_id, supporting_project_id) VALUES (2271, (SELECT projects.start_date + INTERVAL 27 DAY FROM projects WHERE projects.id=48), 1, 2271, 2271);
INSERT INTO supporting_packages(id, option_list, package_count, order_id, project_package_id, supporting_project_id) VALUES (2271, '["기본"]', 8, 2271, 48, 2271);
INSERT INTO supporting_projects(supporting_project_id, supported_at, delivery_id, payment_id, project_id, user_id) VALUES (2272, (SELECT projects.start_date + INTERVAL 33 DAY FROM projects WHERE projects.id=48), 2272, 2272, 48, 9);
INSERT INTO orders (order_id, created_at, delivery_id, payment_id, supporting_project_id) VALUES (2272, (SELECT projects.start_date + INTERVAL 33 DAY FROM projects WHERE projects.id=48), 1, 2272, 2272);
INSERT INTO supporting_packages(id, option_list, package_count, order_id, project_package_id, supporting_project_id) VALUES (2272, '["프리미엄"]', 1, 2272, 48, 2272);
INSERT INTO supporting_projects(supporting_project_id, supported_at, delivery_id, payment_id, project_id, user_id) VALUES (2273, (SELECT projects.start_date + INTERVAL 31 DAY FROM projects WHERE projects.id=48), 2273, 2273, 48, 13);
INSERT INTO orders (order_id, created_at, delivery_id, payment_id, supporting_project_id) VALUES (2273, (SELECT projects.start_date + INTERVAL 31 DAY FROM projects WHERE projects.id=48), 1, 2273, 2273);
INSERT INTO supporting_packages(id, option_list, package_count, order_id, project_package_id, supporting_project_id) VALUES (2273, '["궁중 요리"]', 7, 2273, 48, 2273);
INSERT INTO supporting_projects(supporting_project_id, supported_at, delivery_id, payment_id, project_id, user_id) VALUES (2274, (SELECT projects.start_date + INTERVAL 2 DAY FROM projects WHERE projects.id=48), 2274, 2274, 48, 6);
INSERT INTO orders (order_id, created_at, delivery_id, payment_id, supporting_project_id) VALUES (2274, (SELECT projects.start_date + INTERVAL 2 DAY FROM projects WHERE projects.id=48), 1, 2274, 2274);
INSERT INTO supporting_packages(id, option_list, package_count, order_id, project_package_id, supporting_project_id) VALUES (2274, '["기본"]', 10, 2274, 48, 2274);
INSERT INTO supporting_projects(supporting_project_id, supported_at, delivery_id, payment_id, project_id, user_id) VALUES (2275, (SELECT projects.start_date + INTERVAL 4 DAY FROM projects WHERE projects.id=51), 2275, 2275, 51, 25);
INSERT INTO orders (order_id, created_at, delivery_id, payment_id, supporting_project_id) VALUES (2275, (SELECT projects.start_date + INTERVAL 4 DAY FROM projects WHERE projects.id=51), 1, 2275, 2275);
INSERT INTO supporting_packages(id, option_list, package_count, order_id, project_package_id, supporting_project_id) VALUES (2275, '["일반석"]', 6, 2275, 51, 2275);
INSERT INTO supporting_projects(supporting_project_id, supported_at, delivery_id, payment_id, project_id, user_id) VALUES (2276, (SELECT projects.start_date + INTERVAL 13 DAY FROM projects WHERE projects.id=51), 2276, 2276, 51, 39);
INSERT INTO orders (order_id, created_at, delivery_id, payment_id, supporting_project_id) VALUES (2276, (SELECT projects.start_date + INTERVAL 13 DAY FROM projects WHERE projects.id=51), 1, 2276, 2276);
INSERT INTO supporting_packages(id, option_list, package_count, order_id, project_package_id, supporting_project_id) VALUES (2276, '["일반석"]', 2, 2276, 51, 2276);
INSERT INTO supporting_projects(supporting_project_id, supported_at, delivery_id, payment_id, project_id, user_id) VALUES (2277, (SELECT projects.start_date + INTERVAL 23 DAY FROM projects WHERE projects.id=51), 2277, 2277, 51, 23);
INSERT INTO orders (order_id, created_at, delivery_id, payment_id, supporting_project_id) VALUES (2277, (SELECT projects.start_date + INTERVAL 23 DAY FROM projects WHERE projects.id=51), 1, 2277, 2277);
INSERT INTO supporting_packages(id, option_list, package_count, order_id, project_package_id, supporting_project_id) VALUES (2277, '["온라인 관람"]', 5, 2277, 51, 2277);
INSERT INTO supporting_projects(supporting_project_id, supported_at, delivery_id, payment_id, project_id, user_id) VALUES (2278, (SELECT projects.start_date + INTERVAL 7 DAY FROM projects WHERE projects.id=51), 2278, 2278, 51, 8);
INSERT INTO orders (order_id, created_at, delivery_id, payment_id, supporting_project_id) VALUES (2278, (SELECT projects.start_date + INTERVAL 7 DAY FROM projects WHERE projects.id=51), 1, 2278, 2278);
INSERT INTO supporting_packages(id, option_list, package_count, order_id, project_package_id, supporting_project_id) VALUES (2278, '["VIP석"]', 7, 2278, 51, 2278);
INSERT INTO supporting_projects(supporting_project_id, supported_at, delivery_id, payment_id, project_id, user_id) VALUES (2279, (SELECT projects.start_date + INTERVAL 24 DAY FROM projects WHERE projects.id=51), 2279, 2279, 51, 15);
INSERT INTO orders (order_id, created_at, delivery_id, payment_id, supporting_project_id) VALUES (2279, (SELECT projects.start_date + INTERVAL 24 DAY FROM projects WHERE projects.id=51), 1, 2279, 2279);
INSERT INTO supporting_packages(id, option_list, package_count, order_id, project_package_id, supporting_project_id) VALUES (2279, '["VIP석"]', 7, 2279, 51, 2279);
INSERT INTO supporting_projects(supporting_project_id, supported_at, delivery_id, payment_id, project_id, user_id) VALUES (2280, (SELECT projects.start_date + INTERVAL 25 DAY FROM projects WHERE projects.id=51), 2280, 2280, 51, 20);
INSERT INTO orders (order_id, created_at, delivery_id, payment_id, supporting_project_id) VALUES (2280, (SELECT projects.start_date + INTERVAL 25 DAY FROM projects WHERE projects.id=51), 1, 2280, 2280);
INSERT INTO supporting_packages(id, option_list, package_count, order_id, project_package_id, supporting_project_id) VALUES (2280, '["일반석"]', 2, 2280, 51, 2280);
INSERT INTO supporting_projects(supporting_project_id, supported_at, delivery_id, payment_id, project_id, user_id) VALUES (2281, (SELECT projects.start_date + INTERVAL 48 DAY FROM projects WHERE projects.id=51), 2281, 2281, 51, 33);
INSERT INTO orders (order_id, created_at, delivery_id, payment_id, supporting_project_id) VALUES (2281, (SELECT projects.start_date + INTERVAL 48 DAY FROM projects WHERE projects.id=51), 1, 2281, 2281);
INSERT INTO supporting_packages(id, option_list, package_count, order_id, project_package_id, supporting_project_id) VALUES (2281, '["일반석"]', 10, 2281, 51, 2281);
INSERT INTO supporting_projects(supporting_project_id, supported_at, delivery_id, payment_id, project_id, user_id) VALUES (2282, (SELECT projects.start_date + INTERVAL 20 DAY FROM projects WHERE projects.id=51), 2282, 2282, 51, 39);
INSERT INTO orders (order_id, created_at, delivery_id, payment_id, supporting_project_id) VALUES (2282, (SELECT projects.start_date + INTERVAL 20 DAY FROM projects WHERE projects.id=51), 1, 2282, 2282);
INSERT INTO supporting_packages(id, option_list, package_count, order_id, project_package_id, supporting_project_id) VALUES (2282, '["온라인 관람"]', 4, 2282, 51, 2282);
INSERT INTO supporting_projects(supporting_project_id, supported_at, delivery_id, payment_id, project_id, user_id) VALUES (2283, (SELECT projects.start_date + INTERVAL 19 DAY FROM projects WHERE projects.id=51), 2283, 2283, 51, 8);
INSERT INTO orders (order_id, created_at, delivery_id, payment_id, supporting_project_id) VALUES (2283, (SELECT projects.start_date + INTERVAL 19 DAY FROM projects WHERE projects.id=51), 1, 2283, 2283);
INSERT INTO supporting_packages(id, option_list, package_count, order_id, project_package_id, supporting_project_id) VALUES (2283, '["온라인 관람"]', 10, 2283, 51, 2283);
INSERT INTO supporting_projects(supporting_project_id, supported_at, delivery_id, payment_id, project_id, user_id) VALUES (2284, (SELECT projects.start_date + INTERVAL 9 DAY FROM projects WHERE projects.id=51), 2284, 2284, 51, 5);
INSERT INTO orders (order_id, created_at, delivery_id, payment_id, supporting_project_id) VALUES (2284, (SELECT projects.start_date + INTERVAL 9 DAY FROM projects WHERE projects.id=51), 1, 2284, 2284);
INSERT INTO supporting_packages(id, option_list, package_count, order_id, project_package_id, supporting_project_id) VALUES (2284, '["일반석"]', 6, 2284, 51, 2284);
INSERT INTO supporting_projects(supporting_project_id, supported_at, delivery_id, payment_id, project_id, user_id) VALUES (2285, (SELECT projects.start_date + INTERVAL 47 DAY FROM projects WHERE projects.id=51), 2285, 2285, 51, 3);
INSERT INTO orders (order_id, created_at, delivery_id, payment_id, supporting_project_id) VALUES (2285, (SELECT projects.start_date + INTERVAL 47 DAY FROM projects WHERE projects.id=51), 1, 2285, 2285);
INSERT INTO supporting_packages(id, option_list, package_count, order_id, project_package_id, supporting_project_id) VALUES (2285, '["온라인 관람"]', 8, 2285, 51, 2285);
INSERT INTO supporting_projects(supporting_project_id, supported_at, delivery_id, payment_id, project_id, user_id) VALUES (2286, (SELECT projects.start_date + INTERVAL 39 DAY FROM projects WHERE projects.id=51), 2286, 2286, 51, 4);
INSERT INTO orders (order_id, created_at, delivery_id, payment_id, supporting_project_id) VALUES (2286, (SELECT projects.start_date + INTERVAL 39 DAY FROM projects WHERE projects.id=51), 1, 2286, 2286);
INSERT INTO supporting_packages(id, option_list, package_count, order_id, project_package_id, supporting_project_id) VALUES (2286, '["VIP석"]', 10, 2286, 51, 2286);
INSERT INTO supporting_projects(supporting_project_id, supported_at, delivery_id, payment_id, project_id, user_id) VALUES (2287, (SELECT projects.start_date + INTERVAL 45 DAY FROM projects WHERE projects.id=51), 2287, 2287, 51, 36);
INSERT INTO orders (order_id, created_at, delivery_id, payment_id, supporting_project_id) VALUES (2287, (SELECT projects.start_date + INTERVAL 45 DAY FROM projects WHERE projects.id=51), 1, 2287, 2287);
INSERT INTO supporting_packages(id, option_list, package_count, order_id, project_package_id, supporting_project_id) VALUES (2287, '["VIP석"]', 2, 2287, 51, 2287);
INSERT INTO supporting_projects(supporting_project_id, supported_at, delivery_id, payment_id, project_id, user_id) VALUES (2288, (SELECT projects.start_date + INTERVAL 18 DAY FROM projects WHERE projects.id=51), 2288, 2288, 51, 22);
INSERT INTO orders (order_id, created_at, delivery_id, payment_id, supporting_project_id) VALUES (2288, (SELECT projects.start_date + INTERVAL 18 DAY FROM projects WHERE projects.id=51), 1, 2288, 2288);
INSERT INTO supporting_packages(id, option_list, package_count, order_id, project_package_id, supporting_project_id) VALUES (2288, '["온라인 관람"]', 5, 2288, 51, 2288);
INSERT INTO supporting_projects(supporting_project_id, supported_at, delivery_id, payment_id, project_id, user_id) VALUES (2289, (SELECT projects.start_date + INTERVAL 11 DAY FROM projects WHERE projects.id=51), 2289, 2289, 51, 26);
INSERT INTO orders (order_id, created_at, delivery_id, payment_id, supporting_project_id) VALUES (2289, (SELECT projects.start_date + INTERVAL 11 DAY FROM projects WHERE projects.id=51), 1, 2289, 2289);
INSERT INTO supporting_packages(id, option_list, package_count, order_id, project_package_id, supporting_project_id) VALUES (2289, '["VIP석"]', 4, 2289, 51, 2289);
INSERT INTO supporting_projects(supporting_project_id, supported_at, delivery_id, payment_id, project_id, user_id) VALUES (2290, (SELECT projects.start_date + INTERVAL 5 DAY FROM projects WHERE projects.id=51), 2290, 2290, 51, 6);
INSERT INTO orders (order_id, created_at, delivery_id, payment_id, supporting_project_id) VALUES (2290, (SELECT projects.start_date + INTERVAL 5 DAY FROM projects WHERE projects.id=51), 1, 2290, 2290);
INSERT INTO supporting_packages(id, option_list, package_count, order_id, project_package_id, supporting_project_id) VALUES (2290, '["일반석"]', 10, 2290, 51, 2290);
INSERT INTO supporting_projects(supporting_project_id, supported_at, delivery_id, payment_id, project_id, user_id) VALUES (2291, (SELECT projects.start_date + INTERVAL 48 DAY FROM projects WHERE projects.id=51), 2291, 2291, 51, 27);
INSERT INTO orders (order_id, created_at, delivery_id, payment_id, supporting_project_id) VALUES (2291, (SELECT projects.start_date + INTERVAL 48 DAY FROM projects WHERE projects.id=51), 1, 2291, 2291);
INSERT INTO supporting_packages(id, option_list, package_count, order_id, project_package_id, supporting_project_id) VALUES (2291, '["온라인 관람"]', 8, 2291, 51, 2291);
INSERT INTO supporting_projects(supporting_project_id, supported_at, delivery_id, payment_id, project_id, user_id) VALUES (2292, (SELECT projects.start_date + INTERVAL 50 DAY FROM projects WHERE projects.id=51), 2292, 2292, 51, 12);
INSERT INTO orders (order_id, created_at, delivery_id, payment_id, supporting_project_id) VALUES (2292, (SELECT projects.start_date + INTERVAL 50 DAY FROM projects WHERE projects.id=51), 1, 2292, 2292);
INSERT INTO supporting_packages(id, option_list, package_count, order_id, project_package_id, supporting_project_id) VALUES (2292, '["일반석"]', 5, 2292, 51, 2292);
INSERT INTO supporting_projects(supporting_project_id, supported_at, delivery_id, payment_id, project_id, user_id) VALUES (2293, (SELECT projects.start_date + INTERVAL 47 DAY FROM projects WHERE projects.id=51), 2293, 2293, 51, 26);
INSERT INTO orders (order_id, created_at, delivery_id, payment_id, supporting_project_id) VALUES (2293, (SELECT projects.start_date + INTERVAL 47 DAY FROM projects WHERE projects.id=51), 1, 2293, 2293);
INSERT INTO supporting_packages(id, option_list, package_count, order_id, project_package_id, supporting_project_id) VALUES (2293, '["일반석"]', 7, 2293, 51, 2293);
INSERT INTO supporting_projects(supporting_project_id, supported_at, delivery_id, payment_id, project_id, user_id) VALUES (2294, (SELECT projects.start_date + INTERVAL 32 DAY FROM projects WHERE projects.id=51), 2294, 2294, 51, 11);
INSERT INTO orders (order_id, created_at, delivery_id, payment_id, supporting_project_id) VALUES (2294, (SELECT projects.start_date + INTERVAL 32 DAY FROM projects WHERE projects.id=51), 1, 2294, 2294);
INSERT INTO supporting_packages(id, option_list, package_count, order_id, project_package_id, supporting_project_id) VALUES (2294, '["일반석"]', 6, 2294, 51, 2294);
INSERT INTO supporting_projects(supporting_project_id, supported_at, delivery_id, payment_id, project_id, user_id) VALUES (2295, (SELECT projects.start_date + INTERVAL 49 DAY FROM projects WHERE projects.id=51), 2295, 2295, 51, 23);
INSERT INTO orders (order_id, created_at, delivery_id, payment_id, supporting_project_id) VALUES (2295, (SELECT projects.start_date + INTERVAL 49 DAY FROM projects WHERE projects.id=51), 1, 2295, 2295);
INSERT INTO supporting_packages(id, option_list, package_count, order_id, project_package_id, supporting_project_id) VALUES (2295, '["온라인 관람"]', 7, 2295, 51, 2295);
INSERT INTO supporting_projects(supporting_project_id, supported_at, delivery_id, payment_id, project_id, user_id) VALUES (2296, (SELECT projects.start_date + INTERVAL 28 DAY FROM projects WHERE projects.id=51), 2296, 2296, 51, 39);
INSERT INTO orders (order_id, created_at, delivery_id, payment_id, supporting_project_id) VALUES (2296, (SELECT projects.start_date + INTERVAL 28 DAY FROM projects WHERE projects.id=51), 1, 2296, 2296);
INSERT INTO supporting_packages(id, option_list, package_count, order_id, project_package_id, supporting_project_id) VALUES (2296, '["VIP석"]', 5, 2296, 51, 2296);
INSERT INTO supporting_projects(supporting_project_id, supported_at, delivery_id, payment_id, project_id, user_id) VALUES (2297, (SELECT projects.start_date + INTERVAL 43 DAY FROM projects WHERE projects.id=51), 2297, 2297, 51, 28);
INSERT INTO orders (order_id, created_at, delivery_id, payment_id, supporting_project_id) VALUES (2297, (SELECT projects.start_date + INTERVAL 43 DAY FROM projects WHERE projects.id=51), 1, 2297, 2297);
INSERT INTO supporting_packages(id, option_list, package_count, order_id, project_package_id, supporting_project_id) VALUES (2297, '["일반석"]', 5, 2297, 51, 2297);
INSERT INTO supporting_projects(supporting_project_id, supported_at, delivery_id, payment_id, project_id, user_id) VALUES (2298, (SELECT projects.start_date + INTERVAL 16 DAY FROM projects WHERE projects.id=51), 2298, 2298, 51, 22);
INSERT INTO orders (order_id, created_at, delivery_id, payment_id, supporting_project_id) VALUES (2298, (SELECT projects.start_date + INTERVAL 16 DAY FROM projects WHERE projects.id=51), 1, 2298, 2298);
INSERT INTO supporting_packages(id, option_list, package_count, order_id, project_package_id, supporting_project_id) VALUES (2298, '["온라인 관람"]', 1, 2298, 51, 2298);
INSERT INTO supporting_projects(supporting_project_id, supported_at, delivery_id, payment_id, project_id, user_id) VALUES (2299, (SELECT projects.start_date + INTERVAL 34 DAY FROM projects WHERE projects.id=51), 2299, 2299, 51, 12);
INSERT INTO orders (order_id, created_at, delivery_id, payment_id, supporting_project_id) VALUES (2299, (SELECT projects.start_date + INTERVAL 34 DAY FROM projects WHERE projects.id=51), 1, 2299, 2299);
INSERT INTO supporting_packages(id, option_list, package_count, order_id, project_package_id, supporting_project_id) VALUES (2299, '["일반석"]', 2, 2299, 51, 2299);
INSERT INTO supporting_projects(supporting_project_id, supported_at, delivery_id, payment_id, project_id, user_id) VALUES (2300, (SELECT projects.start_date + INTERVAL 35 DAY FROM projects WHERE projects.id=51), 2300, 2300, 51, 39);
INSERT INTO orders (order_id, created_at, delivery_id, payment_id, supporting_project_id) VALUES (2300, (SELECT projects.start_date + INTERVAL 35 DAY FROM projects WHERE projects.id=51), 1, 2300, 2300);
INSERT INTO supporting_packages(id, option_list, package_count, order_id, project_package_id, supporting_project_id) VALUES (2300, '["온라인 관람"]', 5, 2300, 51, 2300);
INSERT INTO supporting_projects(supporting_project_id, supported_at, delivery_id, payment_id, project_id, user_id) VALUES (2301, (SELECT projects.start_date + INTERVAL 25 DAY FROM projects WHERE projects.id=51), 2301, 2301, 51, 18);
INSERT INTO orders (order_id, created_at, delivery_id, payment_id, supporting_project_id) VALUES (2301, (SELECT projects.start_date + INTERVAL 25 DAY FROM projects WHERE projects.id=51), 1, 2301, 2301);
INSERT INTO supporting_packages(id, option_list, package_count, order_id, project_package_id, supporting_project_id) VALUES (2301, '["일반석"]', 3, 2301, 51, 2301);
INSERT INTO supporting_projects(supporting_project_id, supported_at, delivery_id, payment_id, project_id, user_id) VALUES (2302, (SELECT projects.start_date + INTERVAL 25 DAY FROM projects WHERE projects.id=51), 2302, 2302, 51, 16);
INSERT INTO orders (order_id, created_at, delivery_id, payment_id, supporting_project_id) VALUES (2302, (SELECT projects.start_date + INTERVAL 25 DAY FROM projects WHERE projects.id=51), 1, 2302, 2302);
INSERT INTO supporting_packages(id, option_list, package_count, order_id, project_package_id, supporting_project_id) VALUES (2302, '["VIP석"]', 6, 2302, 51, 2302);
INSERT INTO supporting_projects(supporting_project_id, supported_at, delivery_id, payment_id, project_id, user_id) VALUES (2303, (SELECT projects.start_date + INTERVAL 35 DAY FROM projects WHERE projects.id=51), 2303, 2303, 51, 9);
INSERT INTO orders (order_id, created_at, delivery_id, payment_id, supporting_project_id) VALUES (2303, (SELECT projects.start_date + INTERVAL 35 DAY FROM projects WHERE projects.id=51), 1, 2303, 2303);
INSERT INTO supporting_packages(id, option_list, package_count, order_id, project_package_id, supporting_project_id) VALUES (2303, '["일반석"]', 3, 2303, 51, 2303);
INSERT INTO supporting_projects(supporting_project_id, supported_at, delivery_id, payment_id, project_id, user_id) VALUES (2304, (SELECT projects.start_date + INTERVAL 12 DAY FROM projects WHERE projects.id=51), 2304, 2304, 51, 17);
INSERT INTO orders (order_id, created_at, delivery_id, payment_id, supporting_project_id) VALUES (2304, (SELECT projects.start_date + INTERVAL 12 DAY FROM projects WHERE projects.id=51), 1, 2304, 2304);
INSERT INTO supporting_packages(id, option_list, package_count, order_id, project_package_id, supporting_project_id) VALUES (2304, '["VIP석"]', 10, 2304, 51, 2304);
INSERT INTO supporting_projects(supporting_project_id, supported_at, delivery_id, payment_id, project_id, user_id) VALUES (2305, (SELECT projects.start_date + INTERVAL 23 DAY FROM projects WHERE projects.id=51), 2305, 2305, 51, 28);
INSERT INTO orders (order_id, created_at, delivery_id, payment_id, supporting_project_id) VALUES (2305, (SELECT projects.start_date + INTERVAL 23 DAY FROM projects WHERE projects.id=51), 1, 2305, 2305);
INSERT INTO supporting_packages(id, option_list, package_count, order_id, project_package_id, supporting_project_id) VALUES (2305, '["VIP석"]', 6, 2305, 51, 2305);
INSERT INTO supporting_projects(supporting_project_id, supported_at, delivery_id, payment_id, project_id, user_id) VALUES (2306, (SELECT projects.start_date + INTERVAL 31 DAY FROM projects WHERE projects.id=51), 2306, 2306, 51, 6);
INSERT INTO orders (order_id, created_at, delivery_id, payment_id, supporting_project_id) VALUES (2306, (SELECT projects.start_date + INTERVAL 31 DAY FROM projects WHERE projects.id=51), 1, 2306, 2306);
INSERT INTO supporting_packages(id, option_list, package_count, order_id, project_package_id, supporting_project_id) VALUES (2306, '["VIP석"]', 3, 2306, 51, 2306);
INSERT INTO supporting_projects(supporting_project_id, supported_at, delivery_id, payment_id, project_id, user_id) VALUES (2307, (SELECT projects.start_date + INTERVAL 4 DAY FROM projects WHERE projects.id=51), 2307, 2307, 51, 34);
INSERT INTO orders (order_id, created_at, delivery_id, payment_id, supporting_project_id) VALUES (2307, (SELECT projects.start_date + INTERVAL 4 DAY FROM projects WHERE projects.id=51), 1, 2307, 2307);
INSERT INTO supporting_packages(id, option_list, package_count, order_id, project_package_id, supporting_project_id) VALUES (2307, '["일반석"]', 1, 2307, 51, 2307);
INSERT INTO supporting_projects(supporting_project_id, supported_at, delivery_id, payment_id, project_id, user_id) VALUES (2308, (SELECT projects.start_date + INTERVAL 6 DAY FROM projects WHERE projects.id=51), 2308, 2308, 51, 32);
INSERT INTO orders (order_id, created_at, delivery_id, payment_id, supporting_project_id) VALUES (2308, (SELECT projects.start_date + INTERVAL 6 DAY FROM projects WHERE projects.id=51), 1, 2308, 2308);
INSERT INTO supporting_packages(id, option_list, package_count, order_id, project_package_id, supporting_project_id) VALUES (2308, '["일반석"]', 10, 2308, 51, 2308);
INSERT INTO supporting_projects(supporting_project_id, supported_at, delivery_id, payment_id, project_id, user_id) VALUES (2309, (SELECT projects.start_date + INTERVAL 40 DAY FROM projects WHERE projects.id=51), 2309, 2309, 51, 14);
INSERT INTO orders (order_id, created_at, delivery_id, payment_id, supporting_project_id) VALUES (2309, (SELECT projects.start_date + INTERVAL 40 DAY FROM projects WHERE projects.id=51), 1, 2309, 2309);
INSERT INTO supporting_packages(id, option_list, package_count, order_id, project_package_id, supporting_project_id) VALUES (2309, '["VIP석"]', 6, 2309, 51, 2309);
INSERT INTO supporting_projects(supporting_project_id, supported_at, delivery_id, payment_id, project_id, user_id) VALUES (2310, (SELECT projects.start_date + INTERVAL 23 DAY FROM projects WHERE projects.id=51), 2310, 2310, 51, 3);
INSERT INTO orders (order_id, created_at, delivery_id, payment_id, supporting_project_id) VALUES (2310, (SELECT projects.start_date + INTERVAL 23 DAY FROM projects WHERE projects.id=51), 1, 2310, 2310);
INSERT INTO supporting_packages(id, option_list, package_count, order_id, project_package_id, supporting_project_id) VALUES (2310, '["온라인 관람"]', 2, 2310, 51, 2310);
INSERT INTO supporting_projects(supporting_project_id, supported_at, delivery_id, payment_id, project_id, user_id) VALUES (2311, (SELECT projects.start_date + INTERVAL 19 DAY FROM projects WHERE projects.id=51), 2311, 2311, 51, 7);
INSERT INTO orders (order_id, created_at, delivery_id, payment_id, supporting_project_id) VALUES (2311, (SELECT projects.start_date + INTERVAL 19 DAY FROM projects WHERE projects.id=51), 1, 2311, 2311);
INSERT INTO supporting_packages(id, option_list, package_count, order_id, project_package_id, supporting_project_id) VALUES (2311, '["일반석"]', 5, 2311, 51, 2311);
INSERT INTO supporting_projects(supporting_project_id, supported_at, delivery_id, payment_id, project_id, user_id) VALUES (2312, (SELECT projects.start_date + INTERVAL 48 DAY FROM projects WHERE projects.id=51), 2312, 2312, 51, 19);
INSERT INTO orders (order_id, created_at, delivery_id, payment_id, supporting_project_id) VALUES (2312, (SELECT projects.start_date + INTERVAL 48 DAY FROM projects WHERE projects.id=51), 1, 2312, 2312);
INSERT INTO supporting_packages(id, option_list, package_count, order_id, project_package_id, supporting_project_id) VALUES (2312, '["일반석"]', 8, 2312, 51, 2312);
INSERT INTO supporting_projects(supporting_project_id, supported_at, delivery_id, payment_id, project_id, user_id) VALUES (2313, (SELECT projects.start_date + INTERVAL 40 DAY FROM projects WHERE projects.id=51), 2313, 2313, 51, 2);
INSERT INTO orders (order_id, created_at, delivery_id, payment_id, supporting_project_id) VALUES (2313, (SELECT projects.start_date + INTERVAL 40 DAY FROM projects WHERE projects.id=51), 1, 2313, 2313);
INSERT INTO supporting_packages(id, option_list, package_count, order_id, project_package_id, supporting_project_id) VALUES (2313, '["일반석"]', 1, 2313, 51, 2313);
INSERT INTO supporting_projects(supporting_project_id, supported_at, delivery_id, payment_id, project_id, user_id) VALUES (2314, (SELECT projects.start_date + INTERVAL 45 DAY FROM projects WHERE projects.id=51), 2314, 2314, 51, 38);
INSERT INTO orders (order_id, created_at, delivery_id, payment_id, supporting_project_id) VALUES (2314, (SELECT projects.start_date + INTERVAL 45 DAY FROM projects WHERE projects.id=51), 1, 2314, 2314);
INSERT INTO supporting_packages(id, option_list, package_count, order_id, project_package_id, supporting_project_id) VALUES (2314, '["일반석"]', 2, 2314, 51, 2314);
INSERT INTO supporting_projects(supporting_project_id, supported_at, delivery_id, payment_id, project_id, user_id) VALUES (2315, (SELECT projects.start_date + INTERVAL 44 DAY FROM projects WHERE projects.id=51), 2315, 2315, 51, 28);
INSERT INTO orders (order_id, created_at, delivery_id, payment_id, supporting_project_id) VALUES (2315, (SELECT projects.start_date + INTERVAL 44 DAY FROM projects WHERE projects.id=51), 1, 2315, 2315);
INSERT INTO supporting_packages(id, option_list, package_count, order_id, project_package_id, supporting_project_id) VALUES (2315, '["VIP석"]', 1, 2315, 51, 2315);
INSERT INTO supporting_projects(supporting_project_id, supported_at, delivery_id, payment_id, project_id, user_id) VALUES (2316, (SELECT projects.start_date + INTERVAL 31 DAY FROM projects WHERE projects.id=51), 2316, 2316, 51, 13);
INSERT INTO orders (order_id, created_at, delivery_id, payment_id, supporting_project_id) VALUES (2316, (SELECT projects.start_date + INTERVAL 31 DAY FROM projects WHERE projects.id=51), 1, 2316, 2316);
INSERT INTO supporting_packages(id, option_list, package_count, order_id, project_package_id, supporting_project_id) VALUES (2316, '["일반석"]', 9, 2316, 51, 2316);
INSERT INTO supporting_projects(supporting_project_id, supported_at, delivery_id, payment_id, project_id, user_id) VALUES (2317, (SELECT projects.start_date + INTERVAL 10 DAY FROM projects WHERE projects.id=51), 2317, 2317, 51, 18);
INSERT INTO orders (order_id, created_at, delivery_id, payment_id, supporting_project_id) VALUES (2317, (SELECT projects.start_date + INTERVAL 10 DAY FROM projects WHERE projects.id=51), 1, 2317, 2317);
INSERT INTO supporting_packages(id, option_list, package_count, order_id, project_package_id, supporting_project_id) VALUES (2317, '["일반석"]', 5, 2317, 51, 2317);
INSERT INTO supporting_projects(supporting_project_id, supported_at, delivery_id, payment_id, project_id, user_id) VALUES (2318, (SELECT projects.start_date + INTERVAL 41 DAY FROM projects WHERE projects.id=51), 2318, 2318, 51, 19);
INSERT INTO orders (order_id, created_at, delivery_id, payment_id, supporting_project_id) VALUES (2318, (SELECT projects.start_date + INTERVAL 41 DAY FROM projects WHERE projects.id=51), 1, 2318, 2318);
INSERT INTO supporting_packages(id, option_list, package_count, order_id, project_package_id, supporting_project_id) VALUES (2318, '["VIP석"]', 9, 2318, 51, 2318);
INSERT INTO supporting_projects(supporting_project_id, supported_at, delivery_id, payment_id, project_id, user_id) VALUES (2319, (SELECT projects.start_date + INTERVAL 2 DAY FROM projects WHERE projects.id=51), 2319, 2319, 51, 22);
INSERT INTO orders (order_id, created_at, delivery_id, payment_id, supporting_project_id) VALUES (2319, (SELECT projects.start_date + INTERVAL 2 DAY FROM projects WHERE projects.id=51), 1, 2319, 2319);
INSERT INTO supporting_packages(id, option_list, package_count, order_id, project_package_id, supporting_project_id) VALUES (2319, '["온라인 관람"]', 5, 2319, 51, 2319);
INSERT INTO supporting_projects(supporting_project_id, supported_at, delivery_id, payment_id, project_id, user_id) VALUES (2320, (SELECT projects.start_date + INTERVAL 43 DAY FROM projects WHERE projects.id=51), 2320, 2320, 51, 18);
INSERT INTO orders (order_id, created_at, delivery_id, payment_id, supporting_project_id) VALUES (2320, (SELECT projects.start_date + INTERVAL 43 DAY FROM projects WHERE projects.id=51), 1, 2320, 2320);
INSERT INTO supporting_packages(id, option_list, package_count, order_id, project_package_id, supporting_project_id) VALUES (2320, '["온라인 관람"]', 4, 2320, 51, 2320);
INSERT INTO supporting_projects(supporting_project_id, supported_at, delivery_id, payment_id, project_id, user_id) VALUES (2321, (SELECT projects.start_date + INTERVAL 36 DAY FROM projects WHERE projects.id=51), 2321, 2321, 51, 34);
INSERT INTO orders (order_id, created_at, delivery_id, payment_id, supporting_project_id) VALUES (2321, (SELECT projects.start_date + INTERVAL 36 DAY FROM projects WHERE projects.id=51), 1, 2321, 2321);
INSERT INTO supporting_packages(id, option_list, package_count, order_id, project_package_id, supporting_project_id) VALUES (2321, '["일반석"]', 9, 2321, 51, 2321);
INSERT INTO supporting_projects(supporting_project_id, supported_at, delivery_id, payment_id, project_id, user_id) VALUES (2322, (SELECT projects.start_date + INTERVAL 34 DAY FROM projects WHERE projects.id=51), 2322, 2322, 51, 17);
INSERT INTO orders (order_id, created_at, delivery_id, payment_id, supporting_project_id) VALUES (2322, (SELECT projects.start_date + INTERVAL 34 DAY FROM projects WHERE projects.id=51), 1, 2322, 2322);
INSERT INTO supporting_packages(id, option_list, package_count, order_id, project_package_id, supporting_project_id) VALUES (2322, '["VIP석"]', 3, 2322, 51, 2322);
INSERT INTO supporting_projects(supporting_project_id, supported_at, delivery_id, payment_id, project_id, user_id) VALUES (2323, (SELECT projects.start_date + INTERVAL 43 DAY FROM projects WHERE projects.id=51), 2323, 2323, 51, 17);
INSERT INTO orders (order_id, created_at, delivery_id, payment_id, supporting_project_id) VALUES (2323, (SELECT projects.start_date + INTERVAL 43 DAY FROM projects WHERE projects.id=51), 1, 2323, 2323);
INSERT INTO supporting_packages(id, option_list, package_count, order_id, project_package_id, supporting_project_id) VALUES (2323, '["온라인 관람"]', 8, 2323, 51, 2323);
INSERT INTO supporting_projects(supporting_project_id, supported_at, delivery_id, payment_id, project_id, user_id) VALUES (2324, (SELECT projects.start_date + INTERVAL 22 DAY FROM projects WHERE projects.id=51), 2324, 2324, 51, 39);
INSERT INTO orders (order_id, created_at, delivery_id, payment_id, supporting_project_id) VALUES (2324, (SELECT projects.start_date + INTERVAL 22 DAY FROM projects WHERE projects.id=51), 1, 2324, 2324);
INSERT INTO supporting_packages(id, option_list, package_count, order_id, project_package_id, supporting_project_id) VALUES (2324, '["온라인 관람"]', 1, 2324, 51, 2324);
INSERT INTO supporting_projects(supporting_project_id, supported_at, delivery_id, payment_id, project_id, user_id) VALUES (2325, (SELECT projects.start_date + INTERVAL 45 DAY FROM projects WHERE projects.id=51), 2325, 2325, 51, 18);
INSERT INTO orders (order_id, created_at, delivery_id, payment_id, supporting_project_id) VALUES (2325, (SELECT projects.start_date + INTERVAL 45 DAY FROM projects WHERE projects.id=51), 1, 2325, 2325);
INSERT INTO supporting_packages(id, option_list, package_count, order_id, project_package_id, supporting_project_id) VALUES (2325, '["온라인 관람"]', 4, 2325, 51, 2325);
INSERT INTO supporting_projects(supporting_project_id, supported_at, delivery_id, payment_id, project_id, user_id) VALUES (2326, (SELECT projects.start_date + INTERVAL 10 DAY FROM projects WHERE projects.id=51), 2326, 2326, 51, 26);
INSERT INTO orders (order_id, created_at, delivery_id, payment_id, supporting_project_id) VALUES (2326, (SELECT projects.start_date + INTERVAL 10 DAY FROM projects WHERE projects.id=51), 1, 2326, 2326);
INSERT INTO supporting_packages(id, option_list, package_count, order_id, project_package_id, supporting_project_id) VALUES (2326, '["온라인 관람"]', 6, 2326, 51, 2326);
INSERT INTO supporting_projects(supporting_project_id, supported_at, delivery_id, payment_id, project_id, user_id) VALUES (2327, (SELECT projects.start_date + INTERVAL 11 DAY FROM projects WHERE projects.id=51), 2327, 2327, 51, 11);
INSERT INTO orders (order_id, created_at, delivery_id, payment_id, supporting_project_id) VALUES (2327, (SELECT projects.start_date + INTERVAL 11 DAY FROM projects WHERE projects.id=51), 1, 2327, 2327);
INSERT INTO supporting_packages(id, option_list, package_count, order_id, project_package_id, supporting_project_id) VALUES (2327, '["온라인 관람"]', 4, 2327, 51, 2327);
INSERT INTO supporting_projects(supporting_project_id, supported_at, delivery_id, payment_id, project_id, user_id) VALUES (2328, (SELECT projects.start_date + INTERVAL 29 DAY FROM projects WHERE projects.id=51), 2328, 2328, 51, 39);
INSERT INTO orders (order_id, created_at, delivery_id, payment_id, supporting_project_id) VALUES (2328, (SELECT projects.start_date + INTERVAL 29 DAY FROM projects WHERE projects.id=51), 1, 2328, 2328);
INSERT INTO supporting_packages(id, option_list, package_count, order_id, project_package_id, supporting_project_id) VALUES (2328, '["온라인 관람"]', 4, 2328, 51, 2328);
INSERT INTO supporting_projects(supporting_project_id, supported_at, delivery_id, payment_id, project_id, user_id) VALUES (2329, (SELECT projects.start_date + INTERVAL 13 DAY FROM projects WHERE projects.id=51), 2329, 2329, 51, 18);
INSERT INTO orders (order_id, created_at, delivery_id, payment_id, supporting_project_id) VALUES (2329, (SELECT projects.start_date + INTERVAL 13 DAY FROM projects WHERE projects.id=51), 1, 2329, 2329);
INSERT INTO supporting_packages(id, option_list, package_count, order_id, project_package_id, supporting_project_id) VALUES (2329, '["온라인 관람"]', 3, 2329, 51, 2329);
INSERT INTO supporting_projects(supporting_project_id, supported_at, delivery_id, payment_id, project_id, user_id) VALUES (2330, (SELECT projects.start_date + INTERVAL 4 DAY FROM projects WHERE projects.id=51), 2330, 2330, 51, 24);
INSERT INTO orders (order_id, created_at, delivery_id, payment_id, supporting_project_id) VALUES (2330, (SELECT projects.start_date + INTERVAL 4 DAY FROM projects WHERE projects.id=51), 1, 2330, 2330);
INSERT INTO supporting_packages(id, option_list, package_count, order_id, project_package_id, supporting_project_id) VALUES (2330, '["VIP석"]', 5, 2330, 51, 2330);
INSERT INTO supporting_projects(supporting_project_id, supported_at, delivery_id, payment_id, project_id, user_id) VALUES (2331, (SELECT projects.start_date + INTERVAL 3 DAY FROM projects WHERE projects.id=51), 2331, 2331, 51, 8);
INSERT INTO orders (order_id, created_at, delivery_id, payment_id, supporting_project_id) VALUES (2331, (SELECT projects.start_date + INTERVAL 3 DAY FROM projects WHERE projects.id=51), 1, 2331, 2331);
INSERT INTO supporting_packages(id, option_list, package_count, order_id, project_package_id, supporting_project_id) VALUES (2331, '["일반석"]', 6, 2331, 51, 2331);
INSERT INTO supporting_projects(supporting_project_id, supported_at, delivery_id, payment_id, project_id, user_id) VALUES (2332, (SELECT projects.start_date + INTERVAL 1 DAY FROM projects WHERE projects.id=51), 2332, 2332, 51, 10);
INSERT INTO orders (order_id, created_at, delivery_id, payment_id, supporting_project_id) VALUES (2332, (SELECT projects.start_date + INTERVAL 1 DAY FROM projects WHERE projects.id=51), 1, 2332, 2332);
INSERT INTO supporting_packages(id, option_list, package_count, order_id, project_package_id, supporting_project_id) VALUES (2332, '["VIP석"]', 8, 2332, 51, 2332);
INSERT INTO supporting_projects(supporting_project_id, supported_at, delivery_id, payment_id, project_id, user_id) VALUES (2333, (SELECT projects.start_date + INTERVAL 27 DAY FROM projects WHERE projects.id=51), 2333, 2333, 51, 28);
INSERT INTO orders (order_id, created_at, delivery_id, payment_id, supporting_project_id) VALUES (2333, (SELECT projects.start_date + INTERVAL 27 DAY FROM projects WHERE projects.id=51), 1, 2333, 2333);
INSERT INTO supporting_packages(id, option_list, package_count, order_id, project_package_id, supporting_project_id) VALUES (2333, '["일반석"]', 1, 2333, 51, 2333);
INSERT INTO supporting_projects(supporting_project_id, supported_at, delivery_id, payment_id, project_id, user_id) VALUES (2334, (SELECT projects.start_date + INTERVAL 13 DAY FROM projects WHERE projects.id=51), 2334, 2334, 51, 29);
INSERT INTO orders (order_id, created_at, delivery_id, payment_id, supporting_project_id) VALUES (2334, (SELECT projects.start_date + INTERVAL 13 DAY FROM projects WHERE projects.id=51), 1, 2334, 2334);
INSERT INTO supporting_packages(id, option_list, package_count, order_id, project_package_id, supporting_project_id) VALUES (2334, '["온라인 관람"]', 9, 2334, 51, 2334);
INSERT INTO supporting_projects(supporting_project_id, supported_at, delivery_id, payment_id, project_id, user_id) VALUES (2335, (SELECT projects.start_date + INTERVAL 9 DAY FROM projects WHERE projects.id=51), 2335, 2335, 51, 8);
INSERT INTO orders (order_id, created_at, delivery_id, payment_id, supporting_project_id) VALUES (2335, (SELECT projects.start_date + INTERVAL 9 DAY FROM projects WHERE projects.id=51), 1, 2335, 2335);
INSERT INTO supporting_packages(id, option_list, package_count, order_id, project_package_id, supporting_project_id) VALUES (2335, '["일반석"]', 10, 2335, 51, 2335);
INSERT INTO supporting_projects(supporting_project_id, supported_at, delivery_id, payment_id, project_id, user_id) VALUES (2336, (SELECT projects.start_date + INTERVAL 40 DAY FROM projects WHERE projects.id=51), 2336, 2336, 51, 6);
INSERT INTO orders (order_id, created_at, delivery_id, payment_id, supporting_project_id) VALUES (2336, (SELECT projects.start_date + INTERVAL 40 DAY FROM projects WHERE projects.id=51), 1, 2336, 2336);
INSERT INTO supporting_packages(id, option_list, package_count, order_id, project_package_id, supporting_project_id) VALUES (2336, '["일반석"]', 9, 2336, 51, 2336);
INSERT INTO supporting_projects(supporting_project_id, supported_at, delivery_id, payment_id, project_id, user_id) VALUES (2337, (SELECT projects.start_date + INTERVAL 31 DAY FROM projects WHERE projects.id=51), 2337, 2337, 51, 37);
INSERT INTO orders (order_id, created_at, delivery_id, payment_id, supporting_project_id) VALUES (2337, (SELECT projects.start_date + INTERVAL 31 DAY FROM projects WHERE projects.id=51), 1, 2337, 2337);
INSERT INTO supporting_packages(id, option_list, package_count, order_id, project_package_id, supporting_project_id) VALUES (2337, '["VIP석"]', 1, 2337, 51, 2337);
INSERT INTO supporting_projects(supporting_project_id, supported_at, delivery_id, payment_id, project_id, user_id) VALUES (2338, (SELECT projects.start_date + INTERVAL 39 DAY FROM projects WHERE projects.id=51), 2338, 2338, 51, 23);
INSERT INTO orders (order_id, created_at, delivery_id, payment_id, supporting_project_id) VALUES (2338, (SELECT projects.start_date + INTERVAL 39 DAY FROM projects WHERE projects.id=51), 1, 2338, 2338);
INSERT INTO supporting_packages(id, option_list, package_count, order_id, project_package_id, supporting_project_id) VALUES (2338, '["온라인 관람"]', 2, 2338, 51, 2338);
INSERT INTO supporting_projects(supporting_project_id, supported_at, delivery_id, payment_id, project_id, user_id) VALUES (2339, (SELECT projects.start_date + INTERVAL 8 DAY FROM projects WHERE projects.id=51), 2339, 2339, 51, 24);
INSERT INTO orders (order_id, created_at, delivery_id, payment_id, supporting_project_id) VALUES (2339, (SELECT projects.start_date + INTERVAL 8 DAY FROM projects WHERE projects.id=51), 1, 2339, 2339);
INSERT INTO supporting_packages(id, option_list, package_count, order_id, project_package_id, supporting_project_id) VALUES (2339, '["온라인 관람"]', 8, 2339, 51, 2339);
INSERT INTO supporting_projects(supporting_project_id, supported_at, delivery_id, payment_id, project_id, user_id) VALUES (2340, (SELECT projects.start_date + INTERVAL 26 DAY FROM projects WHERE projects.id=51), 2340, 2340, 51, 15);
INSERT INTO orders (order_id, created_at, delivery_id, payment_id, supporting_project_id) VALUES (2340, (SELECT projects.start_date + INTERVAL 26 DAY FROM projects WHERE projects.id=51), 1, 2340, 2340);
INSERT INTO supporting_packages(id, option_list, package_count, order_id, project_package_id, supporting_project_id) VALUES (2340, '["일반석"]', 6, 2340, 51, 2340);
INSERT INTO supporting_projects(supporting_project_id, supported_at, delivery_id, payment_id, project_id, user_id) VALUES (2341, (SELECT projects.start_date + INTERVAL 43 DAY FROM projects WHERE projects.id=51), 2341, 2341, 51, 20);
INSERT INTO orders (order_id, created_at, delivery_id, payment_id, supporting_project_id) VALUES (2341, (SELECT projects.start_date + INTERVAL 43 DAY FROM projects WHERE projects.id=51), 1, 2341, 2341);
INSERT INTO supporting_packages(id, option_list, package_count, order_id, project_package_id, supporting_project_id) VALUES (2341, '["온라인 관람"]', 6, 2341, 51, 2341);
INSERT INTO supporting_projects(supporting_project_id, supported_at, delivery_id, payment_id, project_id, user_id) VALUES (2342, (SELECT projects.start_date + INTERVAL 34 DAY FROM projects WHERE projects.id=51), 2342, 2342, 51, 32);
INSERT INTO orders (order_id, created_at, delivery_id, payment_id, supporting_project_id) VALUES (2342, (SELECT projects.start_date + INTERVAL 34 DAY FROM projects WHERE projects.id=51), 1, 2342, 2342);
INSERT INTO supporting_packages(id, option_list, package_count, order_id, project_package_id, supporting_project_id) VALUES (2342, '["일반석"]', 6, 2342, 51, 2342);
INSERT INTO supporting_projects(supporting_project_id, supported_at, delivery_id, payment_id, project_id, user_id) VALUES (2343, (SELECT projects.start_date + INTERVAL 25 DAY FROM projects WHERE projects.id=51), 2343, 2343, 51, 18);
INSERT INTO orders (order_id, created_at, delivery_id, payment_id, supporting_project_id) VALUES (2343, (SELECT projects.start_date + INTERVAL 25 DAY FROM projects WHERE projects.id=51), 1, 2343, 2343);
INSERT INTO supporting_packages(id, option_list, package_count, order_id, project_package_id, supporting_project_id) VALUES (2343, '["일반석"]', 5, 2343, 51, 2343);
INSERT INTO supporting_projects(supporting_project_id, supported_at, delivery_id, payment_id, project_id, user_id) VALUES (2344, (SELECT projects.start_date + INTERVAL 21 DAY FROM projects WHERE projects.id=51), 2344, 2344, 51, 6);
INSERT INTO orders (order_id, created_at, delivery_id, payment_id, supporting_project_id) VALUES (2344, (SELECT projects.start_date + INTERVAL 21 DAY FROM projects WHERE projects.id=51), 1, 2344, 2344);
INSERT INTO supporting_packages(id, option_list, package_count, order_id, project_package_id, supporting_project_id) VALUES (2344, '["VIP석"]', 2, 2344, 51, 2344);
INSERT INTO supporting_projects(supporting_project_id, supported_at, delivery_id, payment_id, project_id, user_id) VALUES (2345, (SELECT projects.start_date + INTERVAL 3 DAY FROM projects WHERE projects.id=51), 2345, 2345, 51, 6);
INSERT INTO orders (order_id, created_at, delivery_id, payment_id, supporting_project_id) VALUES (2345, (SELECT projects.start_date + INTERVAL 3 DAY FROM projects WHERE projects.id=51), 1, 2345, 2345);
INSERT INTO supporting_packages(id, option_list, package_count, order_id, project_package_id, supporting_project_id) VALUES (2345, '["온라인 관람"]', 9, 2345, 51, 2345);
INSERT INTO supporting_projects(supporting_project_id, supported_at, delivery_id, payment_id, project_id, user_id) VALUES (2346, (SELECT projects.start_date + INTERVAL 25 DAY FROM projects WHERE projects.id=51), 2346, 2346, 51, 10);
INSERT INTO orders (order_id, created_at, delivery_id, payment_id, supporting_project_id) VALUES (2346, (SELECT projects.start_date + INTERVAL 25 DAY FROM projects WHERE projects.id=51), 1, 2346, 2346);
INSERT INTO supporting_packages(id, option_list, package_count, order_id, project_package_id, supporting_project_id) VALUES (2346, '["VIP석"]', 7, 2346, 51, 2346);
INSERT INTO supporting_projects(supporting_project_id, supported_at, delivery_id, payment_id, project_id, user_id) VALUES (2347, (SELECT projects.start_date + INTERVAL 43 DAY FROM projects WHERE projects.id=51), 2347, 2347, 51, 40);
INSERT INTO orders (order_id, created_at, delivery_id, payment_id, supporting_project_id) VALUES (2347, (SELECT projects.start_date + INTERVAL 43 DAY FROM projects WHERE projects.id=51), 1, 2347, 2347);
INSERT INTO supporting_packages(id, option_list, package_count, order_id, project_package_id, supporting_project_id) VALUES (2347, '["일반석"]', 1, 2347, 51, 2347);
INSERT INTO supporting_projects(supporting_project_id, supported_at, delivery_id, payment_id, project_id, user_id) VALUES (2348, (SELECT projects.start_date + INTERVAL 49 DAY FROM projects WHERE projects.id=51), 2348, 2348, 51, 18);
INSERT INTO orders (order_id, created_at, delivery_id, payment_id, supporting_project_id) VALUES (2348, (SELECT projects.start_date + INTERVAL 49 DAY FROM projects WHERE projects.id=51), 1, 2348, 2348);
INSERT INTO supporting_packages(id, option_list, package_count, order_id, project_package_id, supporting_project_id) VALUES (2348, '["VIP석"]', 1, 2348, 51, 2348);
INSERT INTO supporting_projects(supporting_project_id, supported_at, delivery_id, payment_id, project_id, user_id) VALUES (2349, (SELECT projects.start_date + INTERVAL 14 DAY FROM projects WHERE projects.id=51), 2349, 2349, 51, 3);
INSERT INTO orders (order_id, created_at, delivery_id, payment_id, supporting_project_id) VALUES (2349, (SELECT projects.start_date + INTERVAL 14 DAY FROM projects WHERE projects.id=51), 1, 2349, 2349);
INSERT INTO supporting_packages(id, option_list, package_count, order_id, project_package_id, supporting_project_id) VALUES (2349, '["온라인 관람"]', 8, 2349, 51, 2349);
INSERT INTO supporting_projects(supporting_project_id, supported_at, delivery_id, payment_id, project_id, user_id) VALUES (2350, (SELECT projects.start_date + INTERVAL 6 DAY FROM projects WHERE projects.id=51), 2350, 2350, 51, 12);
INSERT INTO orders (order_id, created_at, delivery_id, payment_id, supporting_project_id) VALUES (2350, (SELECT projects.start_date + INTERVAL 6 DAY FROM projects WHERE projects.id=51), 1, 2350, 2350);
INSERT INTO supporting_packages(id, option_list, package_count, order_id, project_package_id, supporting_project_id) VALUES (2350, '["온라인 관람"]', 10, 2350, 51, 2350);
INSERT INTO supporting_projects(supporting_project_id, supported_at, delivery_id, payment_id, project_id, user_id) VALUES (2351, (SELECT projects.start_date + INTERVAL 40 DAY FROM projects WHERE projects.id=51), 2351, 2351, 51, 20);
INSERT INTO orders (order_id, created_at, delivery_id, payment_id, supporting_project_id) VALUES (2351, (SELECT projects.start_date + INTERVAL 40 DAY FROM projects WHERE projects.id=51), 1, 2351, 2351);
INSERT INTO supporting_packages(id, option_list, package_count, order_id, project_package_id, supporting_project_id) VALUES (2351, '["일반석"]', 2, 2351, 51, 2351);
INSERT INTO supporting_projects(supporting_project_id, supported_at, delivery_id, payment_id, project_id, user_id) VALUES (2352, (SELECT projects.start_date + INTERVAL 16 DAY FROM projects WHERE projects.id=51), 2352, 2352, 51, 35);
INSERT INTO orders (order_id, created_at, delivery_id, payment_id, supporting_project_id) VALUES (2352, (SELECT projects.start_date + INTERVAL 16 DAY FROM projects WHERE projects.id=51), 1, 2352, 2352);
INSERT INTO supporting_packages(id, option_list, package_count, order_id, project_package_id, supporting_project_id) VALUES (2352, '["일반석"]', 7, 2352, 51, 2352);
INSERT INTO supporting_projects(supporting_project_id, supported_at, delivery_id, payment_id, project_id, user_id) VALUES (2353, (SELECT projects.start_date + INTERVAL 31 DAY FROM projects WHERE projects.id=51), 2353, 2353, 51, 9);
INSERT INTO orders (order_id, created_at, delivery_id, payment_id, supporting_project_id) VALUES (2353, (SELECT projects.start_date + INTERVAL 31 DAY FROM projects WHERE projects.id=51), 1, 2353, 2353);
INSERT INTO supporting_packages(id, option_list, package_count, order_id, project_package_id, supporting_project_id) VALUES (2353, '["VIP석"]', 2, 2353, 51, 2353);
INSERT INTO supporting_projects(supporting_project_id, supported_at, delivery_id, payment_id, project_id, user_id) VALUES (2354, (SELECT projects.start_date + INTERVAL 31 DAY FROM projects WHERE projects.id=51), 2354, 2354, 51, 5);
INSERT INTO orders (order_id, created_at, delivery_id, payment_id, supporting_project_id) VALUES (2354, (SELECT projects.start_date + INTERVAL 31 DAY FROM projects WHERE projects.id=51), 1, 2354, 2354);
INSERT INTO supporting_packages(id, option_list, package_count, order_id, project_package_id, supporting_project_id) VALUES (2354, '["일반석"]', 2, 2354, 51, 2354);
INSERT INTO supporting_projects(supporting_project_id, supported_at, delivery_id, payment_id, project_id, user_id) VALUES (2355, (SELECT projects.start_date + INTERVAL 8 DAY FROM projects WHERE projects.id=51), 2355, 2355, 51, 9);
INSERT INTO orders (order_id, created_at, delivery_id, payment_id, supporting_project_id) VALUES (2355, (SELECT projects.start_date + INTERVAL 8 DAY FROM projects WHERE projects.id=51), 1, 2355, 2355);
INSERT INTO supporting_packages(id, option_list, package_count, order_id, project_package_id, supporting_project_id) VALUES (2355, '["일반석"]', 8, 2355, 51, 2355);
INSERT INTO supporting_projects(supporting_project_id, supported_at, delivery_id, payment_id, project_id, user_id) VALUES (2356, (SELECT projects.start_date + INTERVAL 32 DAY FROM projects WHERE projects.id=51), 2356, 2356, 51, 7);
INSERT INTO orders (order_id, created_at, delivery_id, payment_id, supporting_project_id) VALUES (2356, (SELECT projects.start_date + INTERVAL 32 DAY FROM projects WHERE projects.id=51), 1, 2356, 2356);
INSERT INTO supporting_packages(id, option_list, package_count, order_id, project_package_id, supporting_project_id) VALUES (2356, '["VIP석"]', 1, 2356, 51, 2356);
INSERT INTO supporting_projects(supporting_project_id, supported_at, delivery_id, payment_id, project_id, user_id) VALUES (2357, (SELECT projects.start_date + INTERVAL 43 DAY FROM projects WHERE projects.id=51), 2357, 2357, 51, 5);
INSERT INTO orders (order_id, created_at, delivery_id, payment_id, supporting_project_id) VALUES (2357, (SELECT projects.start_date + INTERVAL 43 DAY FROM projects WHERE projects.id=51), 1, 2357, 2357);
INSERT INTO supporting_packages(id, option_list, package_count, order_id, project_package_id, supporting_project_id) VALUES (2357, '["VIP석"]', 2, 2357, 51, 2357);
INSERT INTO supporting_projects(supporting_project_id, supported_at, delivery_id, payment_id, project_id, user_id) VALUES (2358, (SELECT projects.start_date + INTERVAL 38 DAY FROM projects WHERE projects.id=51), 2358, 2358, 51, 31);
INSERT INTO orders (order_id, created_at, delivery_id, payment_id, supporting_project_id) VALUES (2358, (SELECT projects.start_date + INTERVAL 38 DAY FROM projects WHERE projects.id=51), 1, 2358, 2358);
INSERT INTO supporting_packages(id, option_list, package_count, order_id, project_package_id, supporting_project_id) VALUES (2358, '["온라인 관람"]', 6, 2358, 51, 2358);
INSERT INTO supporting_projects(supporting_project_id, supported_at, delivery_id, payment_id, project_id, user_id) VALUES (2359, (SELECT projects.start_date + INTERVAL 20 DAY FROM projects WHERE projects.id=51), 2359, 2359, 51, 22);
INSERT INTO orders (order_id, created_at, delivery_id, payment_id, supporting_project_id) VALUES (2359, (SELECT projects.start_date + INTERVAL 20 DAY FROM projects WHERE projects.id=51), 1, 2359, 2359);
INSERT INTO supporting_packages(id, option_list, package_count, order_id, project_package_id, supporting_project_id) VALUES (2359, '["일반석"]', 1, 2359, 51, 2359);
INSERT INTO supporting_projects(supporting_project_id, supported_at, delivery_id, payment_id, project_id, user_id) VALUES (2360, (SELECT projects.start_date + INTERVAL 34 DAY FROM projects WHERE projects.id=51), 2360, 2360, 51, 19);
INSERT INTO orders (order_id, created_at, delivery_id, payment_id, supporting_project_id) VALUES (2360, (SELECT projects.start_date + INTERVAL 34 DAY FROM projects WHERE projects.id=51), 1, 2360, 2360);
INSERT INTO supporting_packages(id, option_list, package_count, order_id, project_package_id, supporting_project_id) VALUES (2360, '["VIP석"]', 10, 2360, 51, 2360);
INSERT INTO supporting_projects(supporting_project_id, supported_at, delivery_id, payment_id, project_id, user_id) VALUES (2361, (SELECT projects.start_date + INTERVAL 7 DAY FROM projects WHERE projects.id=51), 2361, 2361, 51, 28);
INSERT INTO orders (order_id, created_at, delivery_id, payment_id, supporting_project_id) VALUES (2361, (SELECT projects.start_date + INTERVAL 7 DAY FROM projects WHERE projects.id=51), 1, 2361, 2361);
INSERT INTO supporting_packages(id, option_list, package_count, order_id, project_package_id, supporting_project_id) VALUES (2361, '["온라인 관람"]', 1, 2361, 51, 2361);
INSERT INTO supporting_projects(supporting_project_id, supported_at, delivery_id, payment_id, project_id, user_id) VALUES (2362, (SELECT projects.start_date + INTERVAL 11 DAY FROM projects WHERE projects.id=51), 2362, 2362, 51, 34);
INSERT INTO orders (order_id, created_at, delivery_id, payment_id, supporting_project_id) VALUES (2362, (SELECT projects.start_date + INTERVAL 11 DAY FROM projects WHERE projects.id=51), 1, 2362, 2362);
INSERT INTO supporting_packages(id, option_list, package_count, order_id, project_package_id, supporting_project_id) VALUES (2362, '["온라인 관람"]', 5, 2362, 51, 2362);
INSERT INTO supporting_projects(supporting_project_id, supported_at, delivery_id, payment_id, project_id, user_id) VALUES (2363, (SELECT projects.start_date + INTERVAL 7 DAY FROM projects WHERE projects.id=51), 2363, 2363, 51, 19);
INSERT INTO orders (order_id, created_at, delivery_id, payment_id, supporting_project_id) VALUES (2363, (SELECT projects.start_date + INTERVAL 7 DAY FROM projects WHERE projects.id=51), 1, 2363, 2363);
INSERT INTO supporting_packages(id, option_list, package_count, order_id, project_package_id, supporting_project_id) VALUES (2363, '["일반석"]', 9, 2363, 51, 2363);
INSERT INTO supporting_projects(supporting_project_id, supported_at, delivery_id, payment_id, project_id, user_id) VALUES (2364, (SELECT projects.start_date + INTERVAL 15 DAY FROM projects WHERE projects.id=51), 2364, 2364, 51, 22);
INSERT INTO orders (order_id, created_at, delivery_id, payment_id, supporting_project_id) VALUES (2364, (SELECT projects.start_date + INTERVAL 15 DAY FROM projects WHERE projects.id=51), 1, 2364, 2364);
INSERT INTO supporting_packages(id, option_list, package_count, order_id, project_package_id, supporting_project_id) VALUES (2364, '["일반석"]', 10, 2364, 51, 2364);
INSERT INTO supporting_projects(supporting_project_id, supported_at, delivery_id, payment_id, project_id, user_id) VALUES (2365, (SELECT projects.start_date + INTERVAL 39 DAY FROM projects WHERE projects.id=51), 2365, 2365, 51, 3);
INSERT INTO orders (order_id, created_at, delivery_id, payment_id, supporting_project_id) VALUES (2365, (SELECT projects.start_date + INTERVAL 39 DAY FROM projects WHERE projects.id=51), 1, 2365, 2365);
INSERT INTO supporting_packages(id, option_list, package_count, order_id, project_package_id, supporting_project_id) VALUES (2365, '["일반석"]', 7, 2365, 51, 2365);
INSERT INTO supporting_projects(supporting_project_id, supported_at, delivery_id, payment_id, project_id, user_id) VALUES (2366, (SELECT projects.start_date + INTERVAL 32 DAY FROM projects WHERE projects.id=51), 2366, 2366, 51, 28);
INSERT INTO orders (order_id, created_at, delivery_id, payment_id, supporting_project_id) VALUES (2366, (SELECT projects.start_date + INTERVAL 32 DAY FROM projects WHERE projects.id=51), 1, 2366, 2366);
INSERT INTO supporting_packages(id, option_list, package_count, order_id, project_package_id, supporting_project_id) VALUES (2366, '["일반석"]', 8, 2366, 51, 2366);
INSERT INTO supporting_projects(supporting_project_id, supported_at, delivery_id, payment_id, project_id, user_id) VALUES (2367, (SELECT projects.start_date + INTERVAL 1 DAY FROM projects WHERE projects.id=51), 2367, 2367, 51, 32);
INSERT INTO orders (order_id, created_at, delivery_id, payment_id, supporting_project_id) VALUES (2367, (SELECT projects.start_date + INTERVAL 1 DAY FROM projects WHERE projects.id=51), 1, 2367, 2367);
INSERT INTO supporting_packages(id, option_list, package_count, order_id, project_package_id, supporting_project_id) VALUES (2367, '["일반석"]', 2, 2367, 51, 2367);
INSERT INTO supporting_projects(supporting_project_id, supported_at, delivery_id, payment_id, project_id, user_id) VALUES (2368, (SELECT projects.start_date + INTERVAL 3 DAY FROM projects WHERE projects.id=51), 2368, 2368, 51, 31);
INSERT INTO orders (order_id, created_at, delivery_id, payment_id, supporting_project_id) VALUES (2368, (SELECT projects.start_date + INTERVAL 3 DAY FROM projects WHERE projects.id=51), 1, 2368, 2368);
INSERT INTO supporting_packages(id, option_list, package_count, order_id, project_package_id, supporting_project_id) VALUES (2368, '["온라인 관람"]', 10, 2368, 51, 2368);
INSERT INTO supporting_projects(supporting_project_id, supported_at, delivery_id, payment_id, project_id, user_id) VALUES (2369, (SELECT projects.start_date + INTERVAL 34 DAY FROM projects WHERE projects.id=51), 2369, 2369, 51, 10);
INSERT INTO orders (order_id, created_at, delivery_id, payment_id, supporting_project_id) VALUES (2369, (SELECT projects.start_date + INTERVAL 34 DAY FROM projects WHERE projects.id=51), 1, 2369, 2369);
INSERT INTO supporting_packages(id, option_list, package_count, order_id, project_package_id, supporting_project_id) VALUES (2369, '["일반석"]', 8, 2369, 51, 2369);
INSERT INTO supporting_projects(supporting_project_id, supported_at, delivery_id, payment_id, project_id, user_id) VALUES (2370, (SELECT projects.start_date + INTERVAL 41 DAY FROM projects WHERE projects.id=51), 2370, 2370, 51, 10);
INSERT INTO orders (order_id, created_at, delivery_id, payment_id, supporting_project_id) VALUES (2370, (SELECT projects.start_date + INTERVAL 41 DAY FROM projects WHERE projects.id=51), 1, 2370, 2370);
INSERT INTO supporting_packages(id, option_list, package_count, order_id, project_package_id, supporting_project_id) VALUES (2370, '["일반석"]', 9, 2370, 51, 2370);
INSERT INTO supporting_projects(supporting_project_id, supported_at, delivery_id, payment_id, project_id, user_id) VALUES (2371, (SELECT projects.start_date + INTERVAL 3 DAY FROM projects WHERE projects.id=51), 2371, 2371, 51, 8);
INSERT INTO orders (order_id, created_at, delivery_id, payment_id, supporting_project_id) VALUES (2371, (SELECT projects.start_date + INTERVAL 3 DAY FROM projects WHERE projects.id=51), 1, 2371, 2371);
INSERT INTO supporting_packages(id, option_list, package_count, order_id, project_package_id, supporting_project_id) VALUES (2371, '["VIP석"]', 4, 2371, 51, 2371);
INSERT INTO supporting_projects(supporting_project_id, supported_at, delivery_id, payment_id, project_id, user_id) VALUES (2372, (SELECT projects.start_date + INTERVAL 40 DAY FROM projects WHERE projects.id=51), 2372, 2372, 51, 40);
INSERT INTO orders (order_id, created_at, delivery_id, payment_id, supporting_project_id) VALUES (2372, (SELECT projects.start_date + INTERVAL 40 DAY FROM projects WHERE projects.id=51), 1, 2372, 2372);
INSERT INTO supporting_packages(id, option_list, package_count, order_id, project_package_id, supporting_project_id) VALUES (2372, '["VIP석"]', 10, 2372, 51, 2372);
INSERT INTO supporting_projects(supporting_project_id, supported_at, delivery_id, payment_id, project_id, user_id) VALUES (2373, (SELECT projects.start_date + INTERVAL 32 DAY FROM projects WHERE projects.id=51), 2373, 2373, 51, 16);
INSERT INTO orders (order_id, created_at, delivery_id, payment_id, supporting_project_id) VALUES (2373, (SELECT projects.start_date + INTERVAL 32 DAY FROM projects WHERE projects.id=51), 1, 2373, 2373);
INSERT INTO supporting_packages(id, option_list, package_count, order_id, project_package_id, supporting_project_id) VALUES (2373, '["온라인 관람"]', 3, 2373, 51, 2373);
INSERT INTO supporting_projects(supporting_project_id, supported_at, delivery_id, payment_id, project_id, user_id) VALUES (2374, (SELECT projects.start_date + INTERVAL 8 DAY FROM projects WHERE projects.id=51), 2374, 2374, 51, 16);
INSERT INTO orders (order_id, created_at, delivery_id, payment_id, supporting_project_id) VALUES (2374, (SELECT projects.start_date + INTERVAL 8 DAY FROM projects WHERE projects.id=51), 1, 2374, 2374);
INSERT INTO supporting_packages(id, option_list, package_count, order_id, project_package_id, supporting_project_id) VALUES (2374, '["일반석"]', 4, 2374, 51, 2374);
INSERT INTO supporting_projects(supporting_project_id, supported_at, delivery_id, payment_id, project_id, user_id) VALUES (2375, (SELECT projects.start_date + INTERVAL 2 DAY FROM projects WHERE projects.id=51), 2375, 2375, 51, 17);
INSERT INTO orders (order_id, created_at, delivery_id, payment_id, supporting_project_id) VALUES (2375, (SELECT projects.start_date + INTERVAL 2 DAY FROM projects WHERE projects.id=51), 1, 2375, 2375);
INSERT INTO supporting_packages(id, option_list, package_count, order_id, project_package_id, supporting_project_id) VALUES (2375, '["온라인 관람"]', 8, 2375, 51, 2375);
INSERT INTO supporting_projects(supporting_project_id, supported_at, delivery_id, payment_id, project_id, user_id) VALUES (2376, (SELECT projects.start_date + INTERVAL 24 DAY FROM projects WHERE projects.id=51), 2376, 2376, 51, 7);
INSERT INTO orders (order_id, created_at, delivery_id, payment_id, supporting_project_id) VALUES (2376, (SELECT projects.start_date + INTERVAL 24 DAY FROM projects WHERE projects.id=51), 1, 2376, 2376);
INSERT INTO supporting_packages(id, option_list, package_count, order_id, project_package_id, supporting_project_id) VALUES (2376, '["일반석"]', 4, 2376, 51, 2376);
INSERT INTO supporting_projects(supporting_project_id, supported_at, delivery_id, payment_id, project_id, user_id) VALUES (2377, (SELECT projects.start_date + INTERVAL 14 DAY FROM projects WHERE projects.id=51), 2377, 2377, 51, 1);
INSERT INTO orders (order_id, created_at, delivery_id, payment_id, supporting_project_id) VALUES (2377, (SELECT projects.start_date + INTERVAL 14 DAY FROM projects WHERE projects.id=51), 1, 2377, 2377);
INSERT INTO supporting_packages(id, option_list, package_count, order_id, project_package_id, supporting_project_id) VALUES (2377, '["일반석"]', 10, 2377, 51, 2377);
INSERT INTO supporting_projects(supporting_project_id, supported_at, delivery_id, payment_id, project_id, user_id) VALUES (2378, (SELECT projects.start_date + INTERVAL 23 DAY FROM projects WHERE projects.id=51), 2378, 2378, 51, 25);
INSERT INTO orders (order_id, created_at, delivery_id, payment_id, supporting_project_id) VALUES (2378, (SELECT projects.start_date + INTERVAL 23 DAY FROM projects WHERE projects.id=51), 1, 2378, 2378);
INSERT INTO supporting_packages(id, option_list, package_count, order_id, project_package_id, supporting_project_id) VALUES (2378, '["일반석"]', 4, 2378, 51, 2378);
INSERT INTO supporting_projects(supporting_project_id, supported_at, delivery_id, payment_id, project_id, user_id) VALUES (2379, (SELECT projects.start_date + INTERVAL 10 DAY FROM projects WHERE projects.id=51), 2379, 2379, 51, 29);
INSERT INTO orders (order_id, created_at, delivery_id, payment_id, supporting_project_id) VALUES (2379, (SELECT projects.start_date + INTERVAL 10 DAY FROM projects WHERE projects.id=51), 1, 2379, 2379);
INSERT INTO supporting_packages(id, option_list, package_count, order_id, project_package_id, supporting_project_id) VALUES (2379, '["일반석"]', 6, 2379, 51, 2379);
INSERT INTO supporting_projects(supporting_project_id, supported_at, delivery_id, payment_id, project_id, user_id) VALUES (2380, (SELECT projects.start_date + INTERVAL 16 DAY FROM projects WHERE projects.id=51), 2380, 2380, 51, 37);
INSERT INTO orders (order_id, created_at, delivery_id, payment_id, supporting_project_id) VALUES (2380, (SELECT projects.start_date + INTERVAL 16 DAY FROM projects WHERE projects.id=51), 1, 2380, 2380);
INSERT INTO supporting_packages(id, option_list, package_count, order_id, project_package_id, supporting_project_id) VALUES (2380, '["온라인 관람"]', 10, 2380, 51, 2380);
INSERT INTO supporting_projects(supporting_project_id, supported_at, delivery_id, payment_id, project_id, user_id) VALUES (2381, (SELECT projects.start_date + INTERVAL 1 DAY FROM projects WHERE projects.id=51), 2381, 2381, 51, 14);
INSERT INTO orders (order_id, created_at, delivery_id, payment_id, supporting_project_id) VALUES (2381, (SELECT projects.start_date + INTERVAL 1 DAY FROM projects WHERE projects.id=51), 1, 2381, 2381);
INSERT INTO supporting_packages(id, option_list, package_count, order_id, project_package_id, supporting_project_id) VALUES (2381, '["일반석"]', 1, 2381, 51, 2381);
INSERT INTO supporting_projects(supporting_project_id, supported_at, delivery_id, payment_id, project_id, user_id) VALUES (2382, (SELECT projects.start_date + INTERVAL 13 DAY FROM projects WHERE projects.id=51), 2382, 2382, 51, 6);
INSERT INTO orders (order_id, created_at, delivery_id, payment_id, supporting_project_id) VALUES (2382, (SELECT projects.start_date + INTERVAL 13 DAY FROM projects WHERE projects.id=51), 1, 2382, 2382);
INSERT INTO supporting_packages(id, option_list, package_count, order_id, project_package_id, supporting_project_id) VALUES (2382, '["온라인 관람"]', 10, 2382, 51, 2382);
INSERT INTO supporting_projects(supporting_project_id, supported_at, delivery_id, payment_id, project_id, user_id) VALUES (2383, (SELECT projects.start_date + INTERVAL 31 DAY FROM projects WHERE projects.id=51), 2383, 2383, 51, 10);
INSERT INTO orders (order_id, created_at, delivery_id, payment_id, supporting_project_id) VALUES (2383, (SELECT projects.start_date + INTERVAL 31 DAY FROM projects WHERE projects.id=51), 1, 2383, 2383);
INSERT INTO supporting_packages(id, option_list, package_count, order_id, project_package_id, supporting_project_id) VALUES (2383, '["일반석"]', 5, 2383, 51, 2383);
INSERT INTO supporting_projects(supporting_project_id, supported_at, delivery_id, payment_id, project_id, user_id) VALUES (2384, (SELECT projects.start_date + INTERVAL 33 DAY FROM projects WHERE projects.id=51), 2384, 2384, 51, 11);
INSERT INTO orders (order_id, created_at, delivery_id, payment_id, supporting_project_id) VALUES (2384, (SELECT projects.start_date + INTERVAL 33 DAY FROM projects WHERE projects.id=51), 1, 2384, 2384);
INSERT INTO supporting_packages(id, option_list, package_count, order_id, project_package_id, supporting_project_id) VALUES (2384, '["온라인 관람"]', 9, 2384, 51, 2384);
INSERT INTO supporting_projects(supporting_project_id, supported_at, delivery_id, payment_id, project_id, user_id) VALUES (2385, (SELECT projects.start_date + INTERVAL 25 DAY FROM projects WHERE projects.id=51), 2385, 2385, 51, 35);
INSERT INTO orders (order_id, created_at, delivery_id, payment_id, supporting_project_id) VALUES (2385, (SELECT projects.start_date + INTERVAL 25 DAY FROM projects WHERE projects.id=51), 1, 2385, 2385);
INSERT INTO supporting_packages(id, option_list, package_count, order_id, project_package_id, supporting_project_id) VALUES (2385, '["일반석"]', 7, 2385, 51, 2385);
INSERT INTO supporting_projects(supporting_project_id, supported_at, delivery_id, payment_id, project_id, user_id) VALUES (2386, (SELECT projects.start_date + INTERVAL 28 DAY FROM projects WHERE projects.id=51), 2386, 2386, 51, 10);
INSERT INTO orders (order_id, created_at, delivery_id, payment_id, supporting_project_id) VALUES (2386, (SELECT projects.start_date + INTERVAL 28 DAY FROM projects WHERE projects.id=51), 1, 2386, 2386);
INSERT INTO supporting_packages(id, option_list, package_count, order_id, project_package_id, supporting_project_id) VALUES (2386, '["일반석"]', 9, 2386, 51, 2386);
INSERT INTO supporting_projects(supporting_project_id, supported_at, delivery_id, payment_id, project_id, user_id) VALUES (2387, (SELECT projects.start_date + INTERVAL 8 DAY FROM projects WHERE projects.id=51), 2387, 2387, 51, 22);
INSERT INTO orders (order_id, created_at, delivery_id, payment_id, supporting_project_id) VALUES (2387, (SELECT projects.start_date + INTERVAL 8 DAY FROM projects WHERE projects.id=51), 1, 2387, 2387);
INSERT INTO supporting_packages(id, option_list, package_count, order_id, project_package_id, supporting_project_id) VALUES (2387, '["VIP석"]', 5, 2387, 51, 2387);
INSERT INTO supporting_projects(supporting_project_id, supported_at, delivery_id, payment_id, project_id, user_id) VALUES (2388, (SELECT projects.start_date + INTERVAL 27 DAY FROM projects WHERE projects.id=51), 2388, 2388, 51, 30);
INSERT INTO orders (order_id, created_at, delivery_id, payment_id, supporting_project_id) VALUES (2388, (SELECT projects.start_date + INTERVAL 27 DAY FROM projects WHERE projects.id=51), 1, 2388, 2388);
INSERT INTO supporting_packages(id, option_list, package_count, order_id, project_package_id, supporting_project_id) VALUES (2388, '["VIP석"]', 9, 2388, 51, 2388);
INSERT INTO supporting_projects(supporting_project_id, supported_at, delivery_id, payment_id, project_id, user_id) VALUES (2389, (SELECT projects.start_date + INTERVAL 33 DAY FROM projects WHERE projects.id=51), 2389, 2389, 51, 1);
INSERT INTO orders (order_id, created_at, delivery_id, payment_id, supporting_project_id) VALUES (2389, (SELECT projects.start_date + INTERVAL 33 DAY FROM projects WHERE projects.id=51), 1, 2389, 2389);
INSERT INTO supporting_packages(id, option_list, package_count, order_id, project_package_id, supporting_project_id) VALUES (2389, '["VIP석"]', 1, 2389, 51, 2389);
INSERT INTO supporting_projects(supporting_project_id, supported_at, delivery_id, payment_id, project_id, user_id) VALUES (2390, (SELECT projects.start_date + INTERVAL 47 DAY FROM projects WHERE projects.id=51), 2390, 2390, 51, 35);
INSERT INTO orders (order_id, created_at, delivery_id, payment_id, supporting_project_id) VALUES (2390, (SELECT projects.start_date + INTERVAL 47 DAY FROM projects WHERE projects.id=51), 1, 2390, 2390);
INSERT INTO supporting_packages(id, option_list, package_count, order_id, project_package_id, supporting_project_id) VALUES (2390, '["일반석"]', 6, 2390, 51, 2390);
INSERT INTO supporting_projects(supporting_project_id, supported_at, delivery_id, payment_id, project_id, user_id) VALUES (2391, (SELECT projects.start_date + INTERVAL 48 DAY FROM projects WHERE projects.id=51), 2391, 2391, 51, 10);
INSERT INTO orders (order_id, created_at, delivery_id, payment_id, supporting_project_id) VALUES (2391, (SELECT projects.start_date + INTERVAL 48 DAY FROM projects WHERE projects.id=51), 1, 2391, 2391);
INSERT INTO supporting_packages(id, option_list, package_count, order_id, project_package_id, supporting_project_id) VALUES (2391, '["온라인 관람"]', 2, 2391, 51, 2391);
INSERT INTO supporting_projects(supporting_project_id, supported_at, delivery_id, payment_id, project_id, user_id) VALUES (2392, (SELECT projects.start_date + INTERVAL 36 DAY FROM projects WHERE projects.id=51), 2392, 2392, 51, 10);
INSERT INTO orders (order_id, created_at, delivery_id, payment_id, supporting_project_id) VALUES (2392, (SELECT projects.start_date + INTERVAL 36 DAY FROM projects WHERE projects.id=51), 1, 2392, 2392);
INSERT INTO supporting_packages(id, option_list, package_count, order_id, project_package_id, supporting_project_id) VALUES (2392, '["VIP석"]', 3, 2392, 51, 2392);
INSERT INTO supporting_projects(supporting_project_id, supported_at, delivery_id, payment_id, project_id, user_id) VALUES (2393, (SELECT projects.start_date + INTERVAL 33 DAY FROM projects WHERE projects.id=51), 2393, 2393, 51, 22);
INSERT INTO orders (order_id, created_at, delivery_id, payment_id, supporting_project_id) VALUES (2393, (SELECT projects.start_date + INTERVAL 33 DAY FROM projects WHERE projects.id=51), 1, 2393, 2393);
INSERT INTO supporting_packages(id, option_list, package_count, order_id, project_package_id, supporting_project_id) VALUES (2393, '["VIP석"]', 7, 2393, 51, 2393);
INSERT INTO supporting_projects(supporting_project_id, supported_at, delivery_id, payment_id, project_id, user_id) VALUES (2394, (SELECT projects.start_date + INTERVAL 48 DAY FROM projects WHERE projects.id=51), 2394, 2394, 51, 27);
INSERT INTO orders (order_id, created_at, delivery_id, payment_id, supporting_project_id) VALUES (2394, (SELECT projects.start_date + INTERVAL 48 DAY FROM projects WHERE projects.id=51), 1, 2394, 2394);
INSERT INTO supporting_packages(id, option_list, package_count, order_id, project_package_id, supporting_project_id) VALUES (2394, '["온라인 관람"]', 3, 2394, 51, 2394);
INSERT INTO supporting_projects(supporting_project_id, supported_at, delivery_id, payment_id, project_id, user_id) VALUES (2395, (SELECT projects.start_date + INTERVAL 33 DAY FROM projects WHERE projects.id=51), 2395, 2395, 51, 37);
INSERT INTO orders (order_id, created_at, delivery_id, payment_id, supporting_project_id) VALUES (2395, (SELECT projects.start_date + INTERVAL 33 DAY FROM projects WHERE projects.id=51), 1, 2395, 2395);
INSERT INTO supporting_packages(id, option_list, package_count, order_id, project_package_id, supporting_project_id) VALUES (2395, '["온라인 관람"]', 5, 2395, 51, 2395);
INSERT INTO supporting_projects(supporting_project_id, supported_at, delivery_id, payment_id, project_id, user_id) VALUES (2396, (SELECT projects.start_date + INTERVAL 10 DAY FROM projects WHERE projects.id=51), 2396, 2396, 51, 15);
INSERT INTO orders (order_id, created_at, delivery_id, payment_id, supporting_project_id) VALUES (2396, (SELECT projects.start_date + INTERVAL 10 DAY FROM projects WHERE projects.id=51), 1, 2396, 2396);
INSERT INTO supporting_packages(id, option_list, package_count, order_id, project_package_id, supporting_project_id) VALUES (2396, '["일반석"]', 9, 2396, 51, 2396);
INSERT INTO supporting_projects(supporting_project_id, supported_at, delivery_id, payment_id, project_id, user_id) VALUES (2397, (SELECT projects.start_date + INTERVAL 15 DAY FROM projects WHERE projects.id=51), 2397, 2397, 51, 15);
INSERT INTO orders (order_id, created_at, delivery_id, payment_id, supporting_project_id) VALUES (2397, (SELECT projects.start_date + INTERVAL 15 DAY FROM projects WHERE projects.id=51), 1, 2397, 2397);
INSERT INTO supporting_packages(id, option_list, package_count, order_id, project_package_id, supporting_project_id) VALUES (2397, '["일반석"]', 3, 2397, 51, 2397);
INSERT INTO supporting_projects(supporting_project_id, supported_at, delivery_id, payment_id, project_id, user_id) VALUES (2398, (SELECT projects.start_date + INTERVAL 47 DAY FROM projects WHERE projects.id=51), 2398, 2398, 51, 8);
INSERT INTO orders (order_id, created_at, delivery_id, payment_id, supporting_project_id) VALUES (2398, (SELECT projects.start_date + INTERVAL 47 DAY FROM projects WHERE projects.id=51), 1, 2398, 2398);
INSERT INTO supporting_packages(id, option_list, package_count, order_id, project_package_id, supporting_project_id) VALUES (2398, '["VIP석"]', 2, 2398, 51, 2398);
INSERT INTO supporting_projects(supporting_project_id, supported_at, delivery_id, payment_id, project_id, user_id) VALUES (2399, (SELECT projects.start_date + INTERVAL 8 DAY FROM projects WHERE projects.id=52), 2399, 2399, 52, 13);
INSERT INTO orders (order_id, created_at, delivery_id, payment_id, supporting_project_id) VALUES (2399, (SELECT projects.start_date + INTERVAL 8 DAY FROM projects WHERE projects.id=52), 1, 2399, 2399);
INSERT INTO supporting_packages(id, option_list, package_count, order_id, project_package_id, supporting_project_id) VALUES (2399, '["한복 스타일"]', 8, 2399, 52, 2399);
INSERT INTO supporting_projects(supporting_project_id, supported_at, delivery_id, payment_id, project_id, user_id) VALUES (2400, (SELECT projects.start_date + INTERVAL 47 DAY FROM projects WHERE projects.id=52), 2400, 2400, 52, 1);
INSERT INTO orders (order_id, created_at, delivery_id, payment_id, supporting_project_id) VALUES (2400, (SELECT projects.start_date + INTERVAL 47 DAY FROM projects WHERE projects.id=52), 1, 2400, 2400);
INSERT INTO supporting_packages(id, option_list, package_count, order_id, project_package_id, supporting_project_id) VALUES (2400, '["티셔츠"]', 10, 2400, 52, 2400);
INSERT INTO supporting_projects(supporting_project_id, supported_at, delivery_id, payment_id, project_id, user_id) VALUES (2401, (SELECT projects.start_date + INTERVAL 21 DAY FROM projects WHERE projects.id=52), 2401, 2401, 52, 33);
INSERT INTO orders (order_id, created_at, delivery_id, payment_id, supporting_project_id) VALUES (2401, (SELECT projects.start_date + INTERVAL 21 DAY FROM projects WHERE projects.id=52), 1, 2401, 2401);
INSERT INTO supporting_packages(id, option_list, package_count, order_id, project_package_id, supporting_project_id) VALUES (2401, '["재킷"]', 1, 2401, 52, 2401);
INSERT INTO supporting_projects(supporting_project_id, supported_at, delivery_id, payment_id, project_id, user_id) VALUES (2402, (SELECT projects.start_date + INTERVAL 43 DAY FROM projects WHERE projects.id=52), 2402, 2402, 52, 12);
INSERT INTO orders (order_id, created_at, delivery_id, payment_id, supporting_project_id) VALUES (2402, (SELECT projects.start_date + INTERVAL 43 DAY FROM projects WHERE projects.id=52), 1, 2402, 2402);
INSERT INTO supporting_packages(id, option_list, package_count, order_id, project_package_id, supporting_project_id) VALUES (2402, '["한복 스타일"]', 1, 2402, 52, 2402);
INSERT INTO supporting_projects(supporting_project_id, supported_at, delivery_id, payment_id, project_id, user_id) VALUES (2403, (SELECT projects.start_date + INTERVAL 27 DAY FROM projects WHERE projects.id=52), 2403, 2403, 52, 36);
INSERT INTO orders (order_id, created_at, delivery_id, payment_id, supporting_project_id) VALUES (2403, (SELECT projects.start_date + INTERVAL 27 DAY FROM projects WHERE projects.id=52), 1, 2403, 2403);
INSERT INTO supporting_packages(id, option_list, package_count, order_id, project_package_id, supporting_project_id) VALUES (2403, '["한복 스타일"]', 10, 2403, 52, 2403);
INSERT INTO supporting_projects(supporting_project_id, supported_at, delivery_id, payment_id, project_id, user_id) VALUES (2404, (SELECT projects.start_date + INTERVAL 46 DAY FROM projects WHERE projects.id=52), 2404, 2404, 52, 38);
INSERT INTO orders (order_id, created_at, delivery_id, payment_id, supporting_project_id) VALUES (2404, (SELECT projects.start_date + INTERVAL 46 DAY FROM projects WHERE projects.id=52), 1, 2404, 2404);
INSERT INTO supporting_packages(id, option_list, package_count, order_id, project_package_id, supporting_project_id) VALUES (2404, '["한복 스타일"]', 3, 2404, 52, 2404);
INSERT INTO supporting_projects(supporting_project_id, supported_at, delivery_id, payment_id, project_id, user_id) VALUES (2405, (SELECT projects.start_date + INTERVAL 46 DAY FROM projects WHERE projects.id=52), 2405, 2405, 52, 19);
INSERT INTO orders (order_id, created_at, delivery_id, payment_id, supporting_project_id) VALUES (2405, (SELECT projects.start_date + INTERVAL 46 DAY FROM projects WHERE projects.id=52), 1, 2405, 2405);
INSERT INTO supporting_packages(id, option_list, package_count, order_id, project_package_id, supporting_project_id) VALUES (2405, '["티셔츠"]', 8, 2405, 52, 2405);
INSERT INTO supporting_projects(supporting_project_id, supported_at, delivery_id, payment_id, project_id, user_id) VALUES (2406, (SELECT projects.start_date + INTERVAL 27 DAY FROM projects WHERE projects.id=52), 2406, 2406, 52, 18);
INSERT INTO orders (order_id, created_at, delivery_id, payment_id, supporting_project_id) VALUES (2406, (SELECT projects.start_date + INTERVAL 27 DAY FROM projects WHERE projects.id=52), 1, 2406, 2406);
INSERT INTO supporting_packages(id, option_list, package_count, order_id, project_package_id, supporting_project_id) VALUES (2406, '["재킷"]', 7, 2406, 52, 2406);
INSERT INTO supporting_projects(supporting_project_id, supported_at, delivery_id, payment_id, project_id, user_id) VALUES (2407, (SELECT projects.start_date + INTERVAL 12 DAY FROM projects WHERE projects.id=52), 2407, 2407, 52, 23);
INSERT INTO orders (order_id, created_at, delivery_id, payment_id, supporting_project_id) VALUES (2407, (SELECT projects.start_date + INTERVAL 12 DAY FROM projects WHERE projects.id=52), 1, 2407, 2407);
INSERT INTO supporting_packages(id, option_list, package_count, order_id, project_package_id, supporting_project_id) VALUES (2407, '["재킷"]', 7, 2407, 52, 2407);
INSERT INTO supporting_projects(supporting_project_id, supported_at, delivery_id, payment_id, project_id, user_id) VALUES (2408, (SELECT projects.start_date + INTERVAL 34 DAY FROM projects WHERE projects.id=52), 2408, 2408, 52, 2);
INSERT INTO orders (order_id, created_at, delivery_id, payment_id, supporting_project_id) VALUES (2408, (SELECT projects.start_date + INTERVAL 34 DAY FROM projects WHERE projects.id=52), 1, 2408, 2408);
INSERT INTO supporting_packages(id, option_list, package_count, order_id, project_package_id, supporting_project_id) VALUES (2408, '["재킷"]', 9, 2408, 52, 2408);
INSERT INTO supporting_projects(supporting_project_id, supported_at, delivery_id, payment_id, project_id, user_id) VALUES (2409, (SELECT projects.start_date + INTERVAL 35 DAY FROM projects WHERE projects.id=52), 2409, 2409, 52, 20);
INSERT INTO orders (order_id, created_at, delivery_id, payment_id, supporting_project_id) VALUES (2409, (SELECT projects.start_date + INTERVAL 35 DAY FROM projects WHERE projects.id=52), 1, 2409, 2409);
INSERT INTO supporting_packages(id, option_list, package_count, order_id, project_package_id, supporting_project_id) VALUES (2409, '["재킷"]', 1, 2409, 52, 2409);
INSERT INTO supporting_projects(supporting_project_id, supported_at, delivery_id, payment_id, project_id, user_id) VALUES (2410, (SELECT projects.start_date + INTERVAL 18 DAY FROM projects WHERE projects.id=52), 2410, 2410, 52, 33);
INSERT INTO orders (order_id, created_at, delivery_id, payment_id, supporting_project_id) VALUES (2410, (SELECT projects.start_date + INTERVAL 18 DAY FROM projects WHERE projects.id=52), 1, 2410, 2410);
INSERT INTO supporting_packages(id, option_list, package_count, order_id, project_package_id, supporting_project_id) VALUES (2410, '["한복 스타일"]', 10, 2410, 52, 2410);
INSERT INTO supporting_projects(supporting_project_id, supported_at, delivery_id, payment_id, project_id, user_id) VALUES (2411, (SELECT projects.start_date + INTERVAL 38 DAY FROM projects WHERE projects.id=52), 2411, 2411, 52, 33);
INSERT INTO orders (order_id, created_at, delivery_id, payment_id, supporting_project_id) VALUES (2411, (SELECT projects.start_date + INTERVAL 38 DAY FROM projects WHERE projects.id=52), 1, 2411, 2411);
INSERT INTO supporting_packages(id, option_list, package_count, order_id, project_package_id, supporting_project_id) VALUES (2411, '["티셔츠"]', 8, 2411, 52, 2411);
INSERT INTO supporting_projects(supporting_project_id, supported_at, delivery_id, payment_id, project_id, user_id) VALUES (2412, (SELECT projects.start_date + INTERVAL 33 DAY FROM projects WHERE projects.id=52), 2412, 2412, 52, 33);
INSERT INTO orders (order_id, created_at, delivery_id, payment_id, supporting_project_id) VALUES (2412, (SELECT projects.start_date + INTERVAL 33 DAY FROM projects WHERE projects.id=52), 1, 2412, 2412);
INSERT INTO supporting_packages(id, option_list, package_count, order_id, project_package_id, supporting_project_id) VALUES (2412, '["재킷"]', 3, 2412, 52, 2412);
INSERT INTO supporting_projects(supporting_project_id, supported_at, delivery_id, payment_id, project_id, user_id) VALUES (2413, (SELECT projects.start_date + INTERVAL 24 DAY FROM projects WHERE projects.id=52), 2413, 2413, 52, 37);
INSERT INTO orders (order_id, created_at, delivery_id, payment_id, supporting_project_id) VALUES (2413, (SELECT projects.start_date + INTERVAL 24 DAY FROM projects WHERE projects.id=52), 1, 2413, 2413);
INSERT INTO supporting_packages(id, option_list, package_count, order_id, project_package_id, supporting_project_id) VALUES (2413, '["티셔츠"]', 1, 2413, 52, 2413);
INSERT INTO supporting_projects(supporting_project_id, supported_at, delivery_id, payment_id, project_id, user_id) VALUES (2414, (SELECT projects.start_date + INTERVAL 28 DAY FROM projects WHERE projects.id=52), 2414, 2414, 52, 20);
INSERT INTO orders (order_id, created_at, delivery_id, payment_id, supporting_project_id) VALUES (2414, (SELECT projects.start_date + INTERVAL 28 DAY FROM projects WHERE projects.id=52), 1, 2414, 2414);
INSERT INTO supporting_packages(id, option_list, package_count, order_id, project_package_id, supporting_project_id) VALUES (2414, '["티셔츠"]', 6, 2414, 52, 2414);
INSERT INTO supporting_projects(supporting_project_id, supported_at, delivery_id, payment_id, project_id, user_id) VALUES (2415, (SELECT projects.start_date + INTERVAL 44 DAY FROM projects WHERE projects.id=52), 2415, 2415, 52, 12);
INSERT INTO orders (order_id, created_at, delivery_id, payment_id, supporting_project_id) VALUES (2415, (SELECT projects.start_date + INTERVAL 44 DAY FROM projects WHERE projects.id=52), 1, 2415, 2415);
INSERT INTO supporting_packages(id, option_list, package_count, order_id, project_package_id, supporting_project_id) VALUES (2415, '["티셔츠"]', 1, 2415, 52, 2415);
INSERT INTO supporting_projects(supporting_project_id, supported_at, delivery_id, payment_id, project_id, user_id) VALUES (2416, (SELECT projects.start_date + INTERVAL 19 DAY FROM projects WHERE projects.id=52), 2416, 2416, 52, 8);
INSERT INTO orders (order_id, created_at, delivery_id, payment_id, supporting_project_id) VALUES (2416, (SELECT projects.start_date + INTERVAL 19 DAY FROM projects WHERE projects.id=52), 1, 2416, 2416);
INSERT INTO supporting_packages(id, option_list, package_count, order_id, project_package_id, supporting_project_id) VALUES (2416, '["한복 스타일"]', 9, 2416, 52, 2416);
INSERT INTO supporting_projects(supporting_project_id, supported_at, delivery_id, payment_id, project_id, user_id) VALUES (2417, (SELECT projects.start_date + INTERVAL 36 DAY FROM projects WHERE projects.id=52), 2417, 2417, 52, 37);
INSERT INTO orders (order_id, created_at, delivery_id, payment_id, supporting_project_id) VALUES (2417, (SELECT projects.start_date + INTERVAL 36 DAY FROM projects WHERE projects.id=52), 1, 2417, 2417);
INSERT INTO supporting_packages(id, option_list, package_count, order_id, project_package_id, supporting_project_id) VALUES (2417, '["티셔츠"]', 3, 2417, 52, 2417);
INSERT INTO supporting_projects(supporting_project_id, supported_at, delivery_id, payment_id, project_id, user_id) VALUES (2418, (SELECT projects.start_date + INTERVAL 3 DAY FROM projects WHERE projects.id=52), 2418, 2418, 52, 40);
INSERT INTO orders (order_id, created_at, delivery_id, payment_id, supporting_project_id) VALUES (2418, (SELECT projects.start_date + INTERVAL 3 DAY FROM projects WHERE projects.id=52), 1, 2418, 2418);
INSERT INTO supporting_packages(id, option_list, package_count, order_id, project_package_id, supporting_project_id) VALUES (2418, '["티셔츠"]', 3, 2418, 52, 2418);
INSERT INTO supporting_projects(supporting_project_id, supported_at, delivery_id, payment_id, project_id, user_id) VALUES (2419, (SELECT projects.start_date + INTERVAL 24 DAY FROM projects WHERE projects.id=52), 2419, 2419, 52, 22);
INSERT INTO orders (order_id, created_at, delivery_id, payment_id, supporting_project_id) VALUES (2419, (SELECT projects.start_date + INTERVAL 24 DAY FROM projects WHERE projects.id=52), 1, 2419, 2419);
INSERT INTO supporting_packages(id, option_list, package_count, order_id, project_package_id, supporting_project_id) VALUES (2419, '["티셔츠"]', 9, 2419, 52, 2419);
INSERT INTO supporting_projects(supporting_project_id, supported_at, delivery_id, payment_id, project_id, user_id) VALUES (2420, (SELECT projects.start_date + INTERVAL 11 DAY FROM projects WHERE projects.id=52), 2420, 2420, 52, 28);
INSERT INTO orders (order_id, created_at, delivery_id, payment_id, supporting_project_id) VALUES (2420, (SELECT projects.start_date + INTERVAL 11 DAY FROM projects WHERE projects.id=52), 1, 2420, 2420);
INSERT INTO supporting_packages(id, option_list, package_count, order_id, project_package_id, supporting_project_id) VALUES (2420, '["한복 스타일"]', 1, 2420, 52, 2420);
INSERT INTO supporting_projects(supporting_project_id, supported_at, delivery_id, payment_id, project_id, user_id) VALUES (2421, (SELECT projects.start_date + INTERVAL 22 DAY FROM projects WHERE projects.id=52), 2421, 2421, 52, 16);
INSERT INTO orders (order_id, created_at, delivery_id, payment_id, supporting_project_id) VALUES (2421, (SELECT projects.start_date + INTERVAL 22 DAY FROM projects WHERE projects.id=52), 1, 2421, 2421);
INSERT INTO supporting_packages(id, option_list, package_count, order_id, project_package_id, supporting_project_id) VALUES (2421, '["재킷"]', 3, 2421, 52, 2421);
INSERT INTO supporting_projects(supporting_project_id, supported_at, delivery_id, payment_id, project_id, user_id) VALUES (2422, (SELECT projects.start_date + INTERVAL 10 DAY FROM projects WHERE projects.id=52), 2422, 2422, 52, 20);
INSERT INTO orders (order_id, created_at, delivery_id, payment_id, supporting_project_id) VALUES (2422, (SELECT projects.start_date + INTERVAL 10 DAY FROM projects WHERE projects.id=52), 1, 2422, 2422);
INSERT INTO supporting_packages(id, option_list, package_count, order_id, project_package_id, supporting_project_id) VALUES (2422, '["한복 스타일"]', 3, 2422, 52, 2422);
INSERT INTO supporting_projects(supporting_project_id, supported_at, delivery_id, payment_id, project_id, user_id) VALUES (2423, (SELECT projects.start_date + INTERVAL 9 DAY FROM projects WHERE projects.id=52), 2423, 2423, 52, 4);
INSERT INTO orders (order_id, created_at, delivery_id, payment_id, supporting_project_id) VALUES (2423, (SELECT projects.start_date + INTERVAL 9 DAY FROM projects WHERE projects.id=52), 1, 2423, 2423);
INSERT INTO supporting_packages(id, option_list, package_count, order_id, project_package_id, supporting_project_id) VALUES (2423, '["한복 스타일"]', 9, 2423, 52, 2423);
INSERT INTO supporting_projects(supporting_project_id, supported_at, delivery_id, payment_id, project_id, user_id) VALUES (2424, (SELECT projects.start_date + INTERVAL 12 DAY FROM projects WHERE projects.id=52), 2424, 2424, 52, 2);
INSERT INTO orders (order_id, created_at, delivery_id, payment_id, supporting_project_id) VALUES (2424, (SELECT projects.start_date + INTERVAL 12 DAY FROM projects WHERE projects.id=52), 1, 2424, 2424);
INSERT INTO supporting_packages(id, option_list, package_count, order_id, project_package_id, supporting_project_id) VALUES (2424, '["재킷"]', 7, 2424, 52, 2424);
INSERT INTO supporting_projects(supporting_project_id, supported_at, delivery_id, payment_id, project_id, user_id) VALUES (2425, (SELECT projects.start_date + INTERVAL 42 DAY FROM projects WHERE projects.id=52), 2425, 2425, 52, 20);
INSERT INTO orders (order_id, created_at, delivery_id, payment_id, supporting_project_id) VALUES (2425, (SELECT projects.start_date + INTERVAL 42 DAY FROM projects WHERE projects.id=52), 1, 2425, 2425);
INSERT INTO supporting_packages(id, option_list, package_count, order_id, project_package_id, supporting_project_id) VALUES (2425, '["한복 스타일"]', 8, 2425, 52, 2425);
INSERT INTO supporting_projects(supporting_project_id, supported_at, delivery_id, payment_id, project_id, user_id) VALUES (2426, (SELECT projects.start_date + INTERVAL 36 DAY FROM projects WHERE projects.id=52), 2426, 2426, 52, 30);
INSERT INTO orders (order_id, created_at, delivery_id, payment_id, supporting_project_id) VALUES (2426, (SELECT projects.start_date + INTERVAL 36 DAY FROM projects WHERE projects.id=52), 1, 2426, 2426);
INSERT INTO supporting_packages(id, option_list, package_count, order_id, project_package_id, supporting_project_id) VALUES (2426, '["한복 스타일"]', 9, 2426, 52, 2426);
INSERT INTO supporting_projects(supporting_project_id, supported_at, delivery_id, payment_id, project_id, user_id) VALUES (2427, (SELECT projects.start_date + INTERVAL 49 DAY FROM projects WHERE projects.id=52), 2427, 2427, 52, 14);
INSERT INTO orders (order_id, created_at, delivery_id, payment_id, supporting_project_id) VALUES (2427, (SELECT projects.start_date + INTERVAL 49 DAY FROM projects WHERE projects.id=52), 1, 2427, 2427);
INSERT INTO supporting_packages(id, option_list, package_count, order_id, project_package_id, supporting_project_id) VALUES (2427, '["티셔츠"]', 2, 2427, 52, 2427);
INSERT INTO supporting_projects(supporting_project_id, supported_at, delivery_id, payment_id, project_id, user_id) VALUES (2428, (SELECT projects.start_date + INTERVAL 39 DAY FROM projects WHERE projects.id=52), 2428, 2428, 52, 13);
INSERT INTO orders (order_id, created_at, delivery_id, payment_id, supporting_project_id) VALUES (2428, (SELECT projects.start_date + INTERVAL 39 DAY FROM projects WHERE projects.id=52), 1, 2428, 2428);
INSERT INTO supporting_packages(id, option_list, package_count, order_id, project_package_id, supporting_project_id) VALUES (2428, '["티셔츠"]', 10, 2428, 52, 2428);
INSERT INTO supporting_projects(supporting_project_id, supported_at, delivery_id, payment_id, project_id, user_id) VALUES (2429, (SELECT projects.start_date + INTERVAL 13 DAY FROM projects WHERE projects.id=52), 2429, 2429, 52, 10);
INSERT INTO orders (order_id, created_at, delivery_id, payment_id, supporting_project_id) VALUES (2429, (SELECT projects.start_date + INTERVAL 13 DAY FROM projects WHERE projects.id=52), 1, 2429, 2429);
INSERT INTO supporting_packages(id, option_list, package_count, order_id, project_package_id, supporting_project_id) VALUES (2429, '["재킷"]', 4, 2429, 52, 2429);
INSERT INTO supporting_projects(supporting_project_id, supported_at, delivery_id, payment_id, project_id, user_id) VALUES (2430, (SELECT projects.start_date + INTERVAL 5 DAY FROM projects WHERE projects.id=52), 2430, 2430, 52, 3);
INSERT INTO orders (order_id, created_at, delivery_id, payment_id, supporting_project_id) VALUES (2430, (SELECT projects.start_date + INTERVAL 5 DAY FROM projects WHERE projects.id=52), 1, 2430, 2430);
INSERT INTO supporting_packages(id, option_list, package_count, order_id, project_package_id, supporting_project_id) VALUES (2430, '["재킷"]', 6, 2430, 52, 2430);
INSERT INTO supporting_projects(supporting_project_id, supported_at, delivery_id, payment_id, project_id, user_id) VALUES (2431, (SELECT projects.start_date + INTERVAL 38 DAY FROM projects WHERE projects.id=52), 2431, 2431, 52, 7);
INSERT INTO orders (order_id, created_at, delivery_id, payment_id, supporting_project_id) VALUES (2431, (SELECT projects.start_date + INTERVAL 38 DAY FROM projects WHERE projects.id=52), 1, 2431, 2431);
INSERT INTO supporting_packages(id, option_list, package_count, order_id, project_package_id, supporting_project_id) VALUES (2431, '["티셔츠"]', 6, 2431, 52, 2431);
INSERT INTO supporting_projects(supporting_project_id, supported_at, delivery_id, payment_id, project_id, user_id) VALUES (2432, (SELECT projects.start_date + INTERVAL 35 DAY FROM projects WHERE projects.id=52), 2432, 2432, 52, 38);
INSERT INTO orders (order_id, created_at, delivery_id, payment_id, supporting_project_id) VALUES (2432, (SELECT projects.start_date + INTERVAL 35 DAY FROM projects WHERE projects.id=52), 1, 2432, 2432);
INSERT INTO supporting_packages(id, option_list, package_count, order_id, project_package_id, supporting_project_id) VALUES (2432, '["한복 스타일"]', 3, 2432, 52, 2432);
INSERT INTO supporting_projects(supporting_project_id, supported_at, delivery_id, payment_id, project_id, user_id) VALUES (2433, (SELECT projects.start_date + INTERVAL 18 DAY FROM projects WHERE projects.id=52), 2433, 2433, 52, 17);
INSERT INTO orders (order_id, created_at, delivery_id, payment_id, supporting_project_id) VALUES (2433, (SELECT projects.start_date + INTERVAL 18 DAY FROM projects WHERE projects.id=52), 1, 2433, 2433);
INSERT INTO supporting_packages(id, option_list, package_count, order_id, project_package_id, supporting_project_id) VALUES (2433, '["한복 스타일"]', 6, 2433, 52, 2433);
INSERT INTO supporting_projects(supporting_project_id, supported_at, delivery_id, payment_id, project_id, user_id) VALUES (2434, (SELECT projects.start_date + INTERVAL 36 DAY FROM projects WHERE projects.id=52), 2434, 2434, 52, 11);
INSERT INTO orders (order_id, created_at, delivery_id, payment_id, supporting_project_id) VALUES (2434, (SELECT projects.start_date + INTERVAL 36 DAY FROM projects WHERE projects.id=52), 1, 2434, 2434);
INSERT INTO supporting_packages(id, option_list, package_count, order_id, project_package_id, supporting_project_id) VALUES (2434, '["한복 스타일"]', 2, 2434, 52, 2434);
INSERT INTO supporting_projects(supporting_project_id, supported_at, delivery_id, payment_id, project_id, user_id) VALUES (2435, (SELECT projects.start_date + INTERVAL 37 DAY FROM projects WHERE projects.id=52), 2435, 2435, 52, 23);
INSERT INTO orders (order_id, created_at, delivery_id, payment_id, supporting_project_id) VALUES (2435, (SELECT projects.start_date + INTERVAL 37 DAY FROM projects WHERE projects.id=52), 1, 2435, 2435);
INSERT INTO supporting_packages(id, option_list, package_count, order_id, project_package_id, supporting_project_id) VALUES (2435, '["한복 스타일"]', 10, 2435, 52, 2435);
INSERT INTO supporting_projects(supporting_project_id, supported_at, delivery_id, payment_id, project_id, user_id) VALUES (2436, (SELECT projects.start_date + INTERVAL 38 DAY FROM projects WHERE projects.id=52), 2436, 2436, 52, 36);
INSERT INTO orders (order_id, created_at, delivery_id, payment_id, supporting_project_id) VALUES (2436, (SELECT projects.start_date + INTERVAL 38 DAY FROM projects WHERE projects.id=52), 1, 2436, 2436);
INSERT INTO supporting_packages(id, option_list, package_count, order_id, project_package_id, supporting_project_id) VALUES (2436, '["티셔츠"]', 4, 2436, 52, 2436);
INSERT INTO supporting_projects(supporting_project_id, supported_at, delivery_id, payment_id, project_id, user_id) VALUES (2437, (SELECT projects.start_date + INTERVAL 1 DAY FROM projects WHERE projects.id=52), 2437, 2437, 52, 22);
INSERT INTO orders (order_id, created_at, delivery_id, payment_id, supporting_project_id) VALUES (2437, (SELECT projects.start_date + INTERVAL 1 DAY FROM projects WHERE projects.id=52), 1, 2437, 2437);
INSERT INTO supporting_packages(id, option_list, package_count, order_id, project_package_id, supporting_project_id) VALUES (2437, '["재킷"]', 2, 2437, 52, 2437);
INSERT INTO supporting_projects(supporting_project_id, supported_at, delivery_id, payment_id, project_id, user_id) VALUES (2438, (SELECT projects.start_date + INTERVAL 42 DAY FROM projects WHERE projects.id=52), 2438, 2438, 52, 38);
INSERT INTO orders (order_id, created_at, delivery_id, payment_id, supporting_project_id) VALUES (2438, (SELECT projects.start_date + INTERVAL 42 DAY FROM projects WHERE projects.id=52), 1, 2438, 2438);
INSERT INTO supporting_packages(id, option_list, package_count, order_id, project_package_id, supporting_project_id) VALUES (2438, '["재킷"]', 7, 2438, 52, 2438);
INSERT INTO supporting_projects(supporting_project_id, supported_at, delivery_id, payment_id, project_id, user_id) VALUES (2439, (SELECT projects.start_date + INTERVAL 20 DAY FROM projects WHERE projects.id=52), 2439, 2439, 52, 3);
INSERT INTO orders (order_id, created_at, delivery_id, payment_id, supporting_project_id) VALUES (2439, (SELECT projects.start_date + INTERVAL 20 DAY FROM projects WHERE projects.id=52), 1, 2439, 2439);
INSERT INTO supporting_packages(id, option_list, package_count, order_id, project_package_id, supporting_project_id) VALUES (2439, '["티셔츠"]', 5, 2439, 52, 2439);
INSERT INTO supporting_projects(supporting_project_id, supported_at, delivery_id, payment_id, project_id, user_id) VALUES (2440, (SELECT projects.start_date + INTERVAL 39 DAY FROM projects WHERE projects.id=52), 2440, 2440, 52, 10);
INSERT INTO orders (order_id, created_at, delivery_id, payment_id, supporting_project_id) VALUES (2440, (SELECT projects.start_date + INTERVAL 39 DAY FROM projects WHERE projects.id=52), 1, 2440, 2440);
INSERT INTO supporting_packages(id, option_list, package_count, order_id, project_package_id, supporting_project_id) VALUES (2440, '["티셔츠"]', 7, 2440, 52, 2440);
INSERT INTO supporting_projects(supporting_project_id, supported_at, delivery_id, payment_id, project_id, user_id) VALUES (2441, (SELECT projects.start_date + INTERVAL 28 DAY FROM projects WHERE projects.id=52), 2441, 2441, 52, 20);
INSERT INTO orders (order_id, created_at, delivery_id, payment_id, supporting_project_id) VALUES (2441, (SELECT projects.start_date + INTERVAL 28 DAY FROM projects WHERE projects.id=52), 1, 2441, 2441);
INSERT INTO supporting_packages(id, option_list, package_count, order_id, project_package_id, supporting_project_id) VALUES (2441, '["티셔츠"]', 6, 2441, 52, 2441);
INSERT INTO supporting_projects(supporting_project_id, supported_at, delivery_id, payment_id, project_id, user_id) VALUES (2442, (SELECT projects.start_date + INTERVAL 37 DAY FROM projects WHERE projects.id=52), 2442, 2442, 52, 9);
INSERT INTO orders (order_id, created_at, delivery_id, payment_id, supporting_project_id) VALUES (2442, (SELECT projects.start_date + INTERVAL 37 DAY FROM projects WHERE projects.id=52), 1, 2442, 2442);
INSERT INTO supporting_packages(id, option_list, package_count, order_id, project_package_id, supporting_project_id) VALUES (2442, '["한복 스타일"]', 6, 2442, 52, 2442);
INSERT INTO supporting_projects(supporting_project_id, supported_at, delivery_id, payment_id, project_id, user_id) VALUES (2443, (SELECT projects.start_date + INTERVAL 12 DAY FROM projects WHERE projects.id=52), 2443, 2443, 52, 32);
INSERT INTO orders (order_id, created_at, delivery_id, payment_id, supporting_project_id) VALUES (2443, (SELECT projects.start_date + INTERVAL 12 DAY FROM projects WHERE projects.id=52), 1, 2443, 2443);
INSERT INTO supporting_packages(id, option_list, package_count, order_id, project_package_id, supporting_project_id) VALUES (2443, '["티셔츠"]', 8, 2443, 52, 2443);
INSERT INTO supporting_projects(supporting_project_id, supported_at, delivery_id, payment_id, project_id, user_id) VALUES (2444, (SELECT projects.start_date + INTERVAL 16 DAY FROM projects WHERE projects.id=52), 2444, 2444, 52, 27);
INSERT INTO orders (order_id, created_at, delivery_id, payment_id, supporting_project_id) VALUES (2444, (SELECT projects.start_date + INTERVAL 16 DAY FROM projects WHERE projects.id=52), 1, 2444, 2444);
INSERT INTO supporting_packages(id, option_list, package_count, order_id, project_package_id, supporting_project_id) VALUES (2444, '["티셔츠"]', 10, 2444, 52, 2444);
INSERT INTO supporting_projects(supporting_project_id, supported_at, delivery_id, payment_id, project_id, user_id) VALUES (2445, (SELECT projects.start_date + INTERVAL 2 DAY FROM projects WHERE projects.id=52), 2445, 2445, 52, 36);
INSERT INTO orders (order_id, created_at, delivery_id, payment_id, supporting_project_id) VALUES (2445, (SELECT projects.start_date + INTERVAL 2 DAY FROM projects WHERE projects.id=52), 1, 2445, 2445);
INSERT INTO supporting_packages(id, option_list, package_count, order_id, project_package_id, supporting_project_id) VALUES (2445, '["한복 스타일"]', 7, 2445, 52, 2445);
INSERT INTO supporting_projects(supporting_project_id, supported_at, delivery_id, payment_id, project_id, user_id) VALUES (2446, (SELECT projects.start_date + INTERVAL 20 DAY FROM projects WHERE projects.id=52), 2446, 2446, 52, 20);
INSERT INTO orders (order_id, created_at, delivery_id, payment_id, supporting_project_id) VALUES (2446, (SELECT projects.start_date + INTERVAL 20 DAY FROM projects WHERE projects.id=52), 1, 2446, 2446);
INSERT INTO supporting_packages(id, option_list, package_count, order_id, project_package_id, supporting_project_id) VALUES (2446, '["한복 스타일"]', 6, 2446, 52, 2446);
INSERT INTO supporting_projects(supporting_project_id, supported_at, delivery_id, payment_id, project_id, user_id) VALUES (2447, (SELECT projects.start_date + INTERVAL 17 DAY FROM projects WHERE projects.id=52), 2447, 2447, 52, 26);
INSERT INTO orders (order_id, created_at, delivery_id, payment_id, supporting_project_id) VALUES (2447, (SELECT projects.start_date + INTERVAL 17 DAY FROM projects WHERE projects.id=52), 1, 2447, 2447);
INSERT INTO supporting_packages(id, option_list, package_count, order_id, project_package_id, supporting_project_id) VALUES (2447, '["한복 스타일"]', 9, 2447, 52, 2447);
INSERT INTO supporting_projects(supporting_project_id, supported_at, delivery_id, payment_id, project_id, user_id) VALUES (2448, (SELECT projects.start_date + INTERVAL 49 DAY FROM projects WHERE projects.id=52), 2448, 2448, 52, 2);
INSERT INTO orders (order_id, created_at, delivery_id, payment_id, supporting_project_id) VALUES (2448, (SELECT projects.start_date + INTERVAL 49 DAY FROM projects WHERE projects.id=52), 1, 2448, 2448);
INSERT INTO supporting_packages(id, option_list, package_count, order_id, project_package_id, supporting_project_id) VALUES (2448, '["한복 스타일"]', 2, 2448, 52, 2448);
INSERT INTO supporting_projects(supporting_project_id, supported_at, delivery_id, payment_id, project_id, user_id) VALUES (2449, (SELECT projects.start_date + INTERVAL 32 DAY FROM projects WHERE projects.id=52), 2449, 2449, 52, 25);
INSERT INTO orders (order_id, created_at, delivery_id, payment_id, supporting_project_id) VALUES (2449, (SELECT projects.start_date + INTERVAL 32 DAY FROM projects WHERE projects.id=52), 1, 2449, 2449);
INSERT INTO supporting_packages(id, option_list, package_count, order_id, project_package_id, supporting_project_id) VALUES (2449, '["한복 스타일"]', 8, 2449, 52, 2449);
INSERT INTO supporting_projects(supporting_project_id, supported_at, delivery_id, payment_id, project_id, user_id) VALUES (2450, (SELECT projects.start_date + INTERVAL 26 DAY FROM projects WHERE projects.id=52), 2450, 2450, 52, 24);
INSERT INTO orders (order_id, created_at, delivery_id, payment_id, supporting_project_id) VALUES (2450, (SELECT projects.start_date + INTERVAL 26 DAY FROM projects WHERE projects.id=52), 1, 2450, 2450);
INSERT INTO supporting_packages(id, option_list, package_count, order_id, project_package_id, supporting_project_id) VALUES (2450, '["한복 스타일"]', 2, 2450, 52, 2450);
INSERT INTO supporting_projects(supporting_project_id, supported_at, delivery_id, payment_id, project_id, user_id) VALUES (2451, (SELECT projects.start_date + INTERVAL 8 DAY FROM projects WHERE projects.id=52), 2451, 2451, 52, 1);
INSERT INTO orders (order_id, created_at, delivery_id, payment_id, supporting_project_id) VALUES (2451, (SELECT projects.start_date + INTERVAL 8 DAY FROM projects WHERE projects.id=52), 1, 2451, 2451);
INSERT INTO supporting_packages(id, option_list, package_count, order_id, project_package_id, supporting_project_id) VALUES (2451, '["한복 스타일"]', 8, 2451, 52, 2451);
INSERT INTO supporting_projects(supporting_project_id, supported_at, delivery_id, payment_id, project_id, user_id) VALUES (2452, (SELECT projects.start_date + INTERVAL 8 DAY FROM projects WHERE projects.id=52), 2452, 2452, 52, 20);
INSERT INTO orders (order_id, created_at, delivery_id, payment_id, supporting_project_id) VALUES (2452, (SELECT projects.start_date + INTERVAL 8 DAY FROM projects WHERE projects.id=52), 1, 2452, 2452);
INSERT INTO supporting_packages(id, option_list, package_count, order_id, project_package_id, supporting_project_id) VALUES (2452, '["한복 스타일"]', 2, 2452, 52, 2452);
INSERT INTO supporting_projects(supporting_project_id, supported_at, delivery_id, payment_id, project_id, user_id) VALUES (2453, (SELECT projects.start_date + INTERVAL 11 DAY FROM projects WHERE projects.id=52), 2453, 2453, 52, 38);
INSERT INTO orders (order_id, created_at, delivery_id, payment_id, supporting_project_id) VALUES (2453, (SELECT projects.start_date + INTERVAL 11 DAY FROM projects WHERE projects.id=52), 1, 2453, 2453);
INSERT INTO supporting_packages(id, option_list, package_count, order_id, project_package_id, supporting_project_id) VALUES (2453, '["한복 스타일"]', 10, 2453, 52, 2453);
INSERT INTO supporting_projects(supporting_project_id, supported_at, delivery_id, payment_id, project_id, user_id) VALUES (2454, (SELECT projects.start_date + INTERVAL 48 DAY FROM projects WHERE projects.id=52), 2454, 2454, 52, 24);
INSERT INTO orders (order_id, created_at, delivery_id, payment_id, supporting_project_id) VALUES (2454, (SELECT projects.start_date + INTERVAL 48 DAY FROM projects WHERE projects.id=52), 1, 2454, 2454);
INSERT INTO supporting_packages(id, option_list, package_count, order_id, project_package_id, supporting_project_id) VALUES (2454, '["재킷"]', 10, 2454, 52, 2454);
INSERT INTO supporting_projects(supporting_project_id, supported_at, delivery_id, payment_id, project_id, user_id) VALUES (2455, (SELECT projects.start_date + INTERVAL 6 DAY FROM projects WHERE projects.id=52), 2455, 2455, 52, 8);
INSERT INTO orders (order_id, created_at, delivery_id, payment_id, supporting_project_id) VALUES (2455, (SELECT projects.start_date + INTERVAL 6 DAY FROM projects WHERE projects.id=52), 1, 2455, 2455);
INSERT INTO supporting_packages(id, option_list, package_count, order_id, project_package_id, supporting_project_id) VALUES (2455, '["한복 스타일"]', 8, 2455, 52, 2455);
INSERT INTO supporting_projects(supporting_project_id, supported_at, delivery_id, payment_id, project_id, user_id) VALUES (2456, (SELECT projects.start_date + INTERVAL 21 DAY FROM projects WHERE projects.id=52), 2456, 2456, 52, 17);
INSERT INTO orders (order_id, created_at, delivery_id, payment_id, supporting_project_id) VALUES (2456, (SELECT projects.start_date + INTERVAL 21 DAY FROM projects WHERE projects.id=52), 1, 2456, 2456);
INSERT INTO supporting_packages(id, option_list, package_count, order_id, project_package_id, supporting_project_id) VALUES (2456, '["한복 스타일"]', 6, 2456, 52, 2456);
INSERT INTO supporting_projects(supporting_project_id, supported_at, delivery_id, payment_id, project_id, user_id) VALUES (2457, (SELECT projects.start_date + INTERVAL 48 DAY FROM projects WHERE projects.id=52), 2457, 2457, 52, 15);
INSERT INTO orders (order_id, created_at, delivery_id, payment_id, supporting_project_id) VALUES (2457, (SELECT projects.start_date + INTERVAL 48 DAY FROM projects WHERE projects.id=52), 1, 2457, 2457);
INSERT INTO supporting_packages(id, option_list, package_count, order_id, project_package_id, supporting_project_id) VALUES (2457, '["티셔츠"]', 5, 2457, 52, 2457);
INSERT INTO supporting_projects(supporting_project_id, supported_at, delivery_id, payment_id, project_id, user_id) VALUES (2458, (SELECT projects.start_date + INTERVAL 18 DAY FROM projects WHERE projects.id=52), 2458, 2458, 52, 14);
INSERT INTO orders (order_id, created_at, delivery_id, payment_id, supporting_project_id) VALUES (2458, (SELECT projects.start_date + INTERVAL 18 DAY FROM projects WHERE projects.id=52), 1, 2458, 2458);
INSERT INTO supporting_packages(id, option_list, package_count, order_id, project_package_id, supporting_project_id) VALUES (2458, '["재킷"]', 4, 2458, 52, 2458);
INSERT INTO supporting_projects(supporting_project_id, supported_at, delivery_id, payment_id, project_id, user_id) VALUES (2459, (SELECT projects.start_date + INTERVAL 49 DAY FROM projects WHERE projects.id=52), 2459, 2459, 52, 14);
INSERT INTO orders (order_id, created_at, delivery_id, payment_id, supporting_project_id) VALUES (2459, (SELECT projects.start_date + INTERVAL 49 DAY FROM projects WHERE projects.id=52), 1, 2459, 2459);
INSERT INTO supporting_packages(id, option_list, package_count, order_id, project_package_id, supporting_project_id) VALUES (2459, '["재킷"]', 2, 2459, 52, 2459);
INSERT INTO supporting_projects(supporting_project_id, supported_at, delivery_id, payment_id, project_id, user_id) VALUES (2460, (SELECT projects.start_date + INTERVAL 28 DAY FROM projects WHERE projects.id=52), 2460, 2460, 52, 9);
INSERT INTO orders (order_id, created_at, delivery_id, payment_id, supporting_project_id) VALUES (2460, (SELECT projects.start_date + INTERVAL 28 DAY FROM projects WHERE projects.id=52), 1, 2460, 2460);
INSERT INTO supporting_packages(id, option_list, package_count, order_id, project_package_id, supporting_project_id) VALUES (2460, '["재킷"]', 10, 2460, 52, 2460);
INSERT INTO supporting_projects(supporting_project_id, supported_at, delivery_id, payment_id, project_id, user_id) VALUES (2461, (SELECT projects.start_date + INTERVAL 44 DAY FROM projects WHERE projects.id=52), 2461, 2461, 52, 40);
INSERT INTO orders (order_id, created_at, delivery_id, payment_id, supporting_project_id) VALUES (2461, (SELECT projects.start_date + INTERVAL 44 DAY FROM projects WHERE projects.id=52), 1, 2461, 2461);
INSERT INTO supporting_packages(id, option_list, package_count, order_id, project_package_id, supporting_project_id) VALUES (2461, '["재킷"]', 8, 2461, 52, 2461);
INSERT INTO supporting_projects(supporting_project_id, supported_at, delivery_id, payment_id, project_id, user_id) VALUES (2462, (SELECT projects.start_date + INTERVAL 26 DAY FROM projects WHERE projects.id=52), 2462, 2462, 52, 19);
INSERT INTO orders (order_id, created_at, delivery_id, payment_id, supporting_project_id) VALUES (2462, (SELECT projects.start_date + INTERVAL 26 DAY FROM projects WHERE projects.id=52), 1, 2462, 2462);
INSERT INTO supporting_packages(id, option_list, package_count, order_id, project_package_id, supporting_project_id) VALUES (2462, '["한복 스타일"]', 3, 2462, 52, 2462);
INSERT INTO supporting_projects(supporting_project_id, supported_at, delivery_id, payment_id, project_id, user_id) VALUES (2463, (SELECT projects.start_date + INTERVAL 6 DAY FROM projects WHERE projects.id=52), 2463, 2463, 52, 36);
INSERT INTO orders (order_id, created_at, delivery_id, payment_id, supporting_project_id) VALUES (2463, (SELECT projects.start_date + INTERVAL 6 DAY FROM projects WHERE projects.id=52), 1, 2463, 2463);
INSERT INTO supporting_packages(id, option_list, package_count, order_id, project_package_id, supporting_project_id) VALUES (2463, '["재킷"]', 10, 2463, 52, 2463);
INSERT INTO supporting_projects(supporting_project_id, supported_at, delivery_id, payment_id, project_id, user_id) VALUES (2464, (SELECT projects.start_date + INTERVAL 6 DAY FROM projects WHERE projects.id=52), 2464, 2464, 52, 39);
INSERT INTO orders (order_id, created_at, delivery_id, payment_id, supporting_project_id) VALUES (2464, (SELECT projects.start_date + INTERVAL 6 DAY FROM projects WHERE projects.id=52), 1, 2464, 2464);
INSERT INTO supporting_packages(id, option_list, package_count, order_id, project_package_id, supporting_project_id) VALUES (2464, '["티셔츠"]', 2, 2464, 52, 2464);
INSERT INTO supporting_projects(supporting_project_id, supported_at, delivery_id, payment_id, project_id, user_id) VALUES (2465, (SELECT projects.start_date + INTERVAL 1 DAY FROM projects WHERE projects.id=52), 2465, 2465, 52, 12);
INSERT INTO orders (order_id, created_at, delivery_id, payment_id, supporting_project_id) VALUES (2465, (SELECT projects.start_date + INTERVAL 1 DAY FROM projects WHERE projects.id=52), 1, 2465, 2465);
INSERT INTO supporting_packages(id, option_list, package_count, order_id, project_package_id, supporting_project_id) VALUES (2465, '["한복 스타일"]', 2, 2465, 52, 2465);
INSERT INTO supporting_projects(supporting_project_id, supported_at, delivery_id, payment_id, project_id, user_id) VALUES (2466, (SELECT projects.start_date + INTERVAL 38 DAY FROM projects WHERE projects.id=52), 2466, 2466, 52, 9);
INSERT INTO orders (order_id, created_at, delivery_id, payment_id, supporting_project_id) VALUES (2466, (SELECT projects.start_date + INTERVAL 38 DAY FROM projects WHERE projects.id=52), 1, 2466, 2466);
INSERT INTO supporting_packages(id, option_list, package_count, order_id, project_package_id, supporting_project_id) VALUES (2466, '["재킷"]', 6, 2466, 52, 2466);
INSERT INTO supporting_projects(supporting_project_id, supported_at, delivery_id, payment_id, project_id, user_id) VALUES (2467, (SELECT projects.start_date + INTERVAL 1 DAY FROM projects WHERE projects.id=52), 2467, 2467, 52, 24);
INSERT INTO orders (order_id, created_at, delivery_id, payment_id, supporting_project_id) VALUES (2467, (SELECT projects.start_date + INTERVAL 1 DAY FROM projects WHERE projects.id=52), 1, 2467, 2467);
INSERT INTO supporting_packages(id, option_list, package_count, order_id, project_package_id, supporting_project_id) VALUES (2467, '["재킷"]', 8, 2467, 52, 2467);
INSERT INTO supporting_projects(supporting_project_id, supported_at, delivery_id, payment_id, project_id, user_id) VALUES (2468, (SELECT projects.start_date + INTERVAL 42 DAY FROM projects WHERE projects.id=52), 2468, 2468, 52, 18);
INSERT INTO orders (order_id, created_at, delivery_id, payment_id, supporting_project_id) VALUES (2468, (SELECT projects.start_date + INTERVAL 42 DAY FROM projects WHERE projects.id=52), 1, 2468, 2468);
INSERT INTO supporting_packages(id, option_list, package_count, order_id, project_package_id, supporting_project_id) VALUES (2468, '["한복 스타일"]', 10, 2468, 52, 2468);
INSERT INTO supporting_projects(supporting_project_id, supported_at, delivery_id, payment_id, project_id, user_id) VALUES (2469, (SELECT projects.start_date + INTERVAL 14 DAY FROM projects WHERE projects.id=52), 2469, 2469, 52, 23);
INSERT INTO orders (order_id, created_at, delivery_id, payment_id, supporting_project_id) VALUES (2469, (SELECT projects.start_date + INTERVAL 14 DAY FROM projects WHERE projects.id=52), 1, 2469, 2469);
INSERT INTO supporting_packages(id, option_list, package_count, order_id, project_package_id, supporting_project_id) VALUES (2469, '["티셔츠"]', 7, 2469, 52, 2469);
INSERT INTO supporting_projects(supporting_project_id, supported_at, delivery_id, payment_id, project_id, user_id) VALUES (2470, (SELECT projects.start_date + INTERVAL 32 DAY FROM projects WHERE projects.id=52), 2470, 2470, 52, 9);
INSERT INTO orders (order_id, created_at, delivery_id, payment_id, supporting_project_id) VALUES (2470, (SELECT projects.start_date + INTERVAL 32 DAY FROM projects WHERE projects.id=52), 1, 2470, 2470);
INSERT INTO supporting_packages(id, option_list, package_count, order_id, project_package_id, supporting_project_id) VALUES (2470, '["재킷"]', 2, 2470, 52, 2470);
INSERT INTO supporting_projects(supporting_project_id, supported_at, delivery_id, payment_id, project_id, user_id) VALUES (2471, (SELECT projects.start_date + INTERVAL 50 DAY FROM projects WHERE projects.id=52), 2471, 2471, 52, 19);
INSERT INTO orders (order_id, created_at, delivery_id, payment_id, supporting_project_id) VALUES (2471, (SELECT projects.start_date + INTERVAL 50 DAY FROM projects WHERE projects.id=52), 1, 2471, 2471);
INSERT INTO supporting_packages(id, option_list, package_count, order_id, project_package_id, supporting_project_id) VALUES (2471, '["티셔츠"]', 2, 2471, 52, 2471);
INSERT INTO supporting_projects(supporting_project_id, supported_at, delivery_id, payment_id, project_id, user_id) VALUES (2472, (SELECT projects.start_date + INTERVAL 39 DAY FROM projects WHERE projects.id=52), 2472, 2472, 52, 7);
INSERT INTO orders (order_id, created_at, delivery_id, payment_id, supporting_project_id) VALUES (2472, (SELECT projects.start_date + INTERVAL 39 DAY FROM projects WHERE projects.id=52), 1, 2472, 2472);
INSERT INTO supporting_packages(id, option_list, package_count, order_id, project_package_id, supporting_project_id) VALUES (2472, '["한복 스타일"]', 2, 2472, 52, 2472);
INSERT INTO supporting_projects(supporting_project_id, supported_at, delivery_id, payment_id, project_id, user_id) VALUES (2473, (SELECT projects.start_date + INTERVAL 41 DAY FROM projects WHERE projects.id=52), 2473, 2473, 52, 1);
INSERT INTO orders (order_id, created_at, delivery_id, payment_id, supporting_project_id) VALUES (2473, (SELECT projects.start_date + INTERVAL 41 DAY FROM projects WHERE projects.id=52), 1, 2473, 2473);
INSERT INTO supporting_packages(id, option_list, package_count, order_id, project_package_id, supporting_project_id) VALUES (2473, '["한복 스타일"]', 9, 2473, 52, 2473);
INSERT INTO supporting_projects(supporting_project_id, supported_at, delivery_id, payment_id, project_id, user_id) VALUES (2474, (SELECT projects.start_date + INTERVAL 16 DAY FROM projects WHERE projects.id=52), 2474, 2474, 52, 25);
INSERT INTO orders (order_id, created_at, delivery_id, payment_id, supporting_project_id) VALUES (2474, (SELECT projects.start_date + INTERVAL 16 DAY FROM projects WHERE projects.id=52), 1, 2474, 2474);
INSERT INTO supporting_packages(id, option_list, package_count, order_id, project_package_id, supporting_project_id) VALUES (2474, '["한복 스타일"]', 10, 2474, 52, 2474);
INSERT INTO supporting_projects(supporting_project_id, supported_at, delivery_id, payment_id, project_id, user_id) VALUES (2475, (SELECT projects.start_date + INTERVAL 46 DAY FROM projects WHERE projects.id=52), 2475, 2475, 52, 13);
INSERT INTO orders (order_id, created_at, delivery_id, payment_id, supporting_project_id) VALUES (2475, (SELECT projects.start_date + INTERVAL 46 DAY FROM projects WHERE projects.id=52), 1, 2475, 2475);
INSERT INTO supporting_packages(id, option_list, package_count, order_id, project_package_id, supporting_project_id) VALUES (2475, '["재킷"]', 7, 2475, 52, 2475);
INSERT INTO supporting_projects(supporting_project_id, supported_at, delivery_id, payment_id, project_id, user_id) VALUES (2476, (SELECT projects.start_date + INTERVAL 42 DAY FROM projects WHERE projects.id=52), 2476, 2476, 52, 3);
INSERT INTO orders (order_id, created_at, delivery_id, payment_id, supporting_project_id) VALUES (2476, (SELECT projects.start_date + INTERVAL 42 DAY FROM projects WHERE projects.id=52), 1, 2476, 2476);
INSERT INTO supporting_packages(id, option_list, package_count, order_id, project_package_id, supporting_project_id) VALUES (2476, '["티셔츠"]', 2, 2476, 52, 2476);
INSERT INTO supporting_projects(supporting_project_id, supported_at, delivery_id, payment_id, project_id, user_id) VALUES (2477, (SELECT projects.start_date + INTERVAL 48 DAY FROM projects WHERE projects.id=52), 2477, 2477, 52, 3);
INSERT INTO orders (order_id, created_at, delivery_id, payment_id, supporting_project_id) VALUES (2477, (SELECT projects.start_date + INTERVAL 48 DAY FROM projects WHERE projects.id=52), 1, 2477, 2477);
INSERT INTO supporting_packages(id, option_list, package_count, order_id, project_package_id, supporting_project_id) VALUES (2477, '["한복 스타일"]', 2, 2477, 52, 2477);
INSERT INTO supporting_projects(supporting_project_id, supported_at, delivery_id, payment_id, project_id, user_id) VALUES (2478, (SELECT projects.start_date + INTERVAL 41 DAY FROM projects WHERE projects.id=52), 2478, 2478, 52, 24);
INSERT INTO orders (order_id, created_at, delivery_id, payment_id, supporting_project_id) VALUES (2478, (SELECT projects.start_date + INTERVAL 41 DAY FROM projects WHERE projects.id=52), 1, 2478, 2478);
INSERT INTO supporting_packages(id, option_list, package_count, order_id, project_package_id, supporting_project_id) VALUES (2478, '["한복 스타일"]', 9, 2478, 52, 2478);
INSERT INTO supporting_projects(supporting_project_id, supported_at, delivery_id, payment_id, project_id, user_id) VALUES (2479, (SELECT projects.start_date + INTERVAL 16 DAY FROM projects WHERE projects.id=52), 2479, 2479, 52, 36);
INSERT INTO orders (order_id, created_at, delivery_id, payment_id, supporting_project_id) VALUES (2479, (SELECT projects.start_date + INTERVAL 16 DAY FROM projects WHERE projects.id=52), 1, 2479, 2479);
INSERT INTO supporting_packages(id, option_list, package_count, order_id, project_package_id, supporting_project_id) VALUES (2479, '["재킷"]', 10, 2479, 52, 2479);
INSERT INTO supporting_projects(supporting_project_id, supported_at, delivery_id, payment_id, project_id, user_id) VALUES (2480, (SELECT projects.start_date + INTERVAL 33 DAY FROM projects WHERE projects.id=52), 2480, 2480, 52, 3);
INSERT INTO orders (order_id, created_at, delivery_id, payment_id, supporting_project_id) VALUES (2480, (SELECT projects.start_date + INTERVAL 33 DAY FROM projects WHERE projects.id=52), 1, 2480, 2480);
INSERT INTO supporting_packages(id, option_list, package_count, order_id, project_package_id, supporting_project_id) VALUES (2480, '["티셔츠"]', 3, 2480, 52, 2480);
INSERT INTO supporting_projects(supporting_project_id, supported_at, delivery_id, payment_id, project_id, user_id) VALUES (2481, (SELECT projects.start_date + INTERVAL 20 DAY FROM projects WHERE projects.id=52), 2481, 2481, 52, 7);
INSERT INTO orders (order_id, created_at, delivery_id, payment_id, supporting_project_id) VALUES (2481, (SELECT projects.start_date + INTERVAL 20 DAY FROM projects WHERE projects.id=52), 1, 2481, 2481);
INSERT INTO supporting_packages(id, option_list, package_count, order_id, project_package_id, supporting_project_id) VALUES (2481, '["한복 스타일"]', 3, 2481, 52, 2481);
INSERT INTO supporting_projects(supporting_project_id, supported_at, delivery_id, payment_id, project_id, user_id) VALUES (2482, (SELECT projects.start_date + INTERVAL 2 DAY FROM projects WHERE projects.id=52), 2482, 2482, 52, 13);
INSERT INTO orders (order_id, created_at, delivery_id, payment_id, supporting_project_id) VALUES (2482, (SELECT projects.start_date + INTERVAL 2 DAY FROM projects WHERE projects.id=52), 1, 2482, 2482);
INSERT INTO supporting_packages(id, option_list, package_count, order_id, project_package_id, supporting_project_id) VALUES (2482, '["재킷"]', 4, 2482, 52, 2482);
INSERT INTO supporting_projects(supporting_project_id, supported_at, delivery_id, payment_id, project_id, user_id) VALUES (2483, (SELECT projects.start_date + INTERVAL 18 DAY FROM projects WHERE projects.id=52), 2483, 2483, 52, 12);
INSERT INTO orders (order_id, created_at, delivery_id, payment_id, supporting_project_id) VALUES (2483, (SELECT projects.start_date + INTERVAL 18 DAY FROM projects WHERE projects.id=52), 1, 2483, 2483);
INSERT INTO supporting_packages(id, option_list, package_count, order_id, project_package_id, supporting_project_id) VALUES (2483, '["티셔츠"]', 8, 2483, 52, 2483);
INSERT INTO supporting_projects(supporting_project_id, supported_at, delivery_id, payment_id, project_id, user_id) VALUES (2484, (SELECT projects.start_date + INTERVAL 9 DAY FROM projects WHERE projects.id=52), 2484, 2484, 52, 27);
INSERT INTO orders (order_id, created_at, delivery_id, payment_id, supporting_project_id) VALUES (2484, (SELECT projects.start_date + INTERVAL 9 DAY FROM projects WHERE projects.id=52), 1, 2484, 2484);
INSERT INTO supporting_packages(id, option_list, package_count, order_id, project_package_id, supporting_project_id) VALUES (2484, '["재킷"]', 6, 2484, 52, 2484);
INSERT INTO supporting_projects(supporting_project_id, supported_at, delivery_id, payment_id, project_id, user_id) VALUES (2485, (SELECT projects.start_date + INTERVAL 38 DAY FROM projects WHERE projects.id=52), 2485, 2485, 52, 14);
INSERT INTO orders (order_id, created_at, delivery_id, payment_id, supporting_project_id) VALUES (2485, (SELECT projects.start_date + INTERVAL 38 DAY FROM projects WHERE projects.id=52), 1, 2485, 2485);
INSERT INTO supporting_packages(id, option_list, package_count, order_id, project_package_id, supporting_project_id) VALUES (2485, '["한복 스타일"]', 3, 2485, 52, 2485);
INSERT INTO supporting_projects(supporting_project_id, supported_at, delivery_id, payment_id, project_id, user_id) VALUES (2486, (SELECT projects.start_date + INTERVAL 39 DAY FROM projects WHERE projects.id=52), 2486, 2486, 52, 14);
INSERT INTO orders (order_id, created_at, delivery_id, payment_id, supporting_project_id) VALUES (2486, (SELECT projects.start_date + INTERVAL 39 DAY FROM projects WHERE projects.id=52), 1, 2486, 2486);
INSERT INTO supporting_packages(id, option_list, package_count, order_id, project_package_id, supporting_project_id) VALUES (2486, '["한복 스타일"]', 9, 2486, 52, 2486);
INSERT INTO supporting_projects(supporting_project_id, supported_at, delivery_id, payment_id, project_id, user_id) VALUES (2487, (SELECT projects.start_date + INTERVAL 49 DAY FROM projects WHERE projects.id=52), 2487, 2487, 52, 12);
INSERT INTO orders (order_id, created_at, delivery_id, payment_id, supporting_project_id) VALUES (2487, (SELECT projects.start_date + INTERVAL 49 DAY FROM projects WHERE projects.id=52), 1, 2487, 2487);
INSERT INTO supporting_packages(id, option_list, package_count, order_id, project_package_id, supporting_project_id) VALUES (2487, '["티셔츠"]', 8, 2487, 52, 2487);
INSERT INTO supporting_projects(supporting_project_id, supported_at, delivery_id, payment_id, project_id, user_id) VALUES (2488, (SELECT projects.start_date + INTERVAL 15 DAY FROM projects WHERE projects.id=52), 2488, 2488, 52, 3);
INSERT INTO orders (order_id, created_at, delivery_id, payment_id, supporting_project_id) VALUES (2488, (SELECT projects.start_date + INTERVAL 15 DAY FROM projects WHERE projects.id=52), 1, 2488, 2488);
INSERT INTO supporting_packages(id, option_list, package_count, order_id, project_package_id, supporting_project_id) VALUES (2488, '["재킷"]', 1, 2488, 52, 2488);
INSERT INTO supporting_projects(supporting_project_id, supported_at, delivery_id, payment_id, project_id, user_id) VALUES (2489, (SELECT projects.start_date + INTERVAL 49 DAY FROM projects WHERE projects.id=52), 2489, 2489, 52, 18);
INSERT INTO orders (order_id, created_at, delivery_id, payment_id, supporting_project_id) VALUES (2489, (SELECT projects.start_date + INTERVAL 49 DAY FROM projects WHERE projects.id=52), 1, 2489, 2489);
INSERT INTO supporting_packages(id, option_list, package_count, order_id, project_package_id, supporting_project_id) VALUES (2489, '["한복 스타일"]', 10, 2489, 52, 2489);
INSERT INTO supporting_projects(supporting_project_id, supported_at, delivery_id, payment_id, project_id, user_id) VALUES (2490, (SELECT projects.start_date + INTERVAL 2 DAY FROM projects WHERE projects.id=52), 2490, 2490, 52, 27);
INSERT INTO orders (order_id, created_at, delivery_id, payment_id, supporting_project_id) VALUES (2490, (SELECT projects.start_date + INTERVAL 2 DAY FROM projects WHERE projects.id=52), 1, 2490, 2490);
INSERT INTO supporting_packages(id, option_list, package_count, order_id, project_package_id, supporting_project_id) VALUES (2490, '["한복 스타일"]', 9, 2490, 52, 2490);
INSERT INTO supporting_projects(supporting_project_id, supported_at, delivery_id, payment_id, project_id, user_id) VALUES (2491, (SELECT projects.start_date + INTERVAL 16 DAY FROM projects WHERE projects.id=52), 2491, 2491, 52, 7);
INSERT INTO orders (order_id, created_at, delivery_id, payment_id, supporting_project_id) VALUES (2491, (SELECT projects.start_date + INTERVAL 16 DAY FROM projects WHERE projects.id=52), 1, 2491, 2491);
INSERT INTO supporting_packages(id, option_list, package_count, order_id, project_package_id, supporting_project_id) VALUES (2491, '["재킷"]', 10, 2491, 52, 2491);
INSERT INTO supporting_projects(supporting_project_id, supported_at, delivery_id, payment_id, project_id, user_id) VALUES (2492, (SELECT projects.start_date + INTERVAL 2 DAY FROM projects WHERE projects.id=52), 2492, 2492, 52, 26);
INSERT INTO orders (order_id, created_at, delivery_id, payment_id, supporting_project_id) VALUES (2492, (SELECT projects.start_date + INTERVAL 2 DAY FROM projects WHERE projects.id=52), 1, 2492, 2492);
INSERT INTO supporting_packages(id, option_list, package_count, order_id, project_package_id, supporting_project_id) VALUES (2492, '["한복 스타일"]', 9, 2492, 52, 2492);
INSERT INTO supporting_projects(supporting_project_id, supported_at, delivery_id, payment_id, project_id, user_id) VALUES (2493, (SELECT projects.start_date + INTERVAL 20 DAY FROM projects WHERE projects.id=52), 2493, 2493, 52, 12);
INSERT INTO orders (order_id, created_at, delivery_id, payment_id, supporting_project_id) VALUES (2493, (SELECT projects.start_date + INTERVAL 20 DAY FROM projects WHERE projects.id=52), 1, 2493, 2493);
INSERT INTO supporting_packages(id, option_list, package_count, order_id, project_package_id, supporting_project_id) VALUES (2493, '["재킷"]', 7, 2493, 52, 2493);
INSERT INTO supporting_projects(supporting_project_id, supported_at, delivery_id, payment_id, project_id, user_id) VALUES (2494, (SELECT projects.start_date + INTERVAL 9 DAY FROM projects WHERE projects.id=52), 2494, 2494, 52, 8);
INSERT INTO orders (order_id, created_at, delivery_id, payment_id, supporting_project_id) VALUES (2494, (SELECT projects.start_date + INTERVAL 9 DAY FROM projects WHERE projects.id=52), 1, 2494, 2494);
INSERT INTO supporting_packages(id, option_list, package_count, order_id, project_package_id, supporting_project_id) VALUES (2494, '["티셔츠"]', 10, 2494, 52, 2494);
INSERT INTO supporting_projects(supporting_project_id, supported_at, delivery_id, payment_id, project_id, user_id) VALUES (2495, (SELECT projects.start_date + INTERVAL 9 DAY FROM projects WHERE projects.id=52), 2495, 2495, 52, 30);
INSERT INTO orders (order_id, created_at, delivery_id, payment_id, supporting_project_id) VALUES (2495, (SELECT projects.start_date + INTERVAL 9 DAY FROM projects WHERE projects.id=52), 1, 2495, 2495);
INSERT INTO supporting_packages(id, option_list, package_count, order_id, project_package_id, supporting_project_id) VALUES (2495, '["한복 스타일"]', 3, 2495, 52, 2495);
INSERT INTO supporting_projects(supporting_project_id, supported_at, delivery_id, payment_id, project_id, user_id) VALUES (2496, (SELECT projects.start_date + INTERVAL 36 DAY FROM projects WHERE projects.id=52), 2496, 2496, 52, 11);
INSERT INTO orders (order_id, created_at, delivery_id, payment_id, supporting_project_id) VALUES (2496, (SELECT projects.start_date + INTERVAL 36 DAY FROM projects WHERE projects.id=52), 1, 2496, 2496);
INSERT INTO supporting_packages(id, option_list, package_count, order_id, project_package_id, supporting_project_id) VALUES (2496, '["한복 스타일"]', 5, 2496, 52, 2496);
INSERT INTO supporting_projects(supporting_project_id, supported_at, delivery_id, payment_id, project_id, user_id) VALUES (2497, (SELECT projects.start_date + INTERVAL 14 DAY FROM projects WHERE projects.id=52), 2497, 2497, 52, 21);
INSERT INTO orders (order_id, created_at, delivery_id, payment_id, supporting_project_id) VALUES (2497, (SELECT projects.start_date + INTERVAL 14 DAY FROM projects WHERE projects.id=52), 1, 2497, 2497);
INSERT INTO supporting_packages(id, option_list, package_count, order_id, project_package_id, supporting_project_id) VALUES (2497, '["한복 스타일"]', 1, 2497, 52, 2497);
INSERT INTO supporting_projects(supporting_project_id, supported_at, delivery_id, payment_id, project_id, user_id) VALUES (2498, (SELECT projects.start_date + INTERVAL 14 DAY FROM projects WHERE projects.id=52), 2498, 2498, 52, 30);
INSERT INTO orders (order_id, created_at, delivery_id, payment_id, supporting_project_id) VALUES (2498, (SELECT projects.start_date + INTERVAL 14 DAY FROM projects WHERE projects.id=52), 1, 2498, 2498);
INSERT INTO supporting_packages(id, option_list, package_count, order_id, project_package_id, supporting_project_id) VALUES (2498, '["티셔츠"]', 9, 2498, 52, 2498);
INSERT INTO supporting_projects(supporting_project_id, supported_at, delivery_id, payment_id, project_id, user_id) VALUES (2499, (SELECT projects.start_date + INTERVAL 38 DAY FROM projects WHERE projects.id=52), 2499, 2499, 52, 30);
INSERT INTO orders (order_id, created_at, delivery_id, payment_id, supporting_project_id) VALUES (2499, (SELECT projects.start_date + INTERVAL 38 DAY FROM projects WHERE projects.id=52), 1, 2499, 2499);
INSERT INTO supporting_packages(id, option_list, package_count, order_id, project_package_id, supporting_project_id) VALUES (2499, '["티셔츠"]', 1, 2499, 52, 2499);
INSERT INTO supporting_projects(supporting_project_id, supported_at, delivery_id, payment_id, project_id, user_id) VALUES (2500, (SELECT projects.start_date + INTERVAL 6 DAY FROM projects WHERE projects.id=52), 2500, 2500, 52, 28);
INSERT INTO orders (order_id, created_at, delivery_id, payment_id, supporting_project_id) VALUES (2500, (SELECT projects.start_date + INTERVAL 6 DAY FROM projects WHERE projects.id=52), 1, 2500, 2500);
INSERT INTO supporting_packages(id, option_list, package_count, order_id, project_package_id, supporting_project_id) VALUES (2500, '["재킷"]', 6, 2500, 52, 2500);
INSERT INTO supporting_projects(supporting_project_id, supported_at, delivery_id, payment_id, project_id, user_id) VALUES (2501, (SELECT projects.start_date + INTERVAL 11 DAY FROM projects WHERE projects.id=52), 2501, 2501, 52, 12);
INSERT INTO orders (order_id, created_at, delivery_id, payment_id, supporting_project_id) VALUES (2501, (SELECT projects.start_date + INTERVAL 11 DAY FROM projects WHERE projects.id=52), 1, 2501, 2501);
INSERT INTO supporting_packages(id, option_list, package_count, order_id, project_package_id, supporting_project_id) VALUES (2501, '["한복 스타일"]', 5, 2501, 52, 2501);
INSERT INTO supporting_projects(supporting_project_id, supported_at, delivery_id, payment_id, project_id, user_id) VALUES (2502, (SELECT projects.start_date + INTERVAL 36 DAY FROM projects WHERE projects.id=52), 2502, 2502, 52, 19);
INSERT INTO orders (order_id, created_at, delivery_id, payment_id, supporting_project_id) VALUES (2502, (SELECT projects.start_date + INTERVAL 36 DAY FROM projects WHERE projects.id=52), 1, 2502, 2502);
INSERT INTO supporting_packages(id, option_list, package_count, order_id, project_package_id, supporting_project_id) VALUES (2502, '["한복 스타일"]', 4, 2502, 52, 2502);
INSERT INTO supporting_projects(supporting_project_id, supported_at, delivery_id, payment_id, project_id, user_id) VALUES (2503, (SELECT projects.start_date + INTERVAL 28 DAY FROM projects WHERE projects.id=52), 2503, 2503, 52, 21);
INSERT INTO orders (order_id, created_at, delivery_id, payment_id, supporting_project_id) VALUES (2503, (SELECT projects.start_date + INTERVAL 28 DAY FROM projects WHERE projects.id=52), 1, 2503, 2503);
INSERT INTO supporting_packages(id, option_list, package_count, order_id, project_package_id, supporting_project_id) VALUES (2503, '["티셔츠"]', 3, 2503, 52, 2503);
INSERT INTO supporting_projects(supporting_project_id, supported_at, delivery_id, payment_id, project_id, user_id) VALUES (2504, (SELECT projects.start_date + INTERVAL 17 DAY FROM projects WHERE projects.id=52), 2504, 2504, 52, 9);
INSERT INTO orders (order_id, created_at, delivery_id, payment_id, supporting_project_id) VALUES (2504, (SELECT projects.start_date + INTERVAL 17 DAY FROM projects WHERE projects.id=52), 1, 2504, 2504);
INSERT INTO supporting_packages(id, option_list, package_count, order_id, project_package_id, supporting_project_id) VALUES (2504, '["재킷"]', 9, 2504, 52, 2504);
INSERT INTO supporting_projects(supporting_project_id, supported_at, delivery_id, payment_id, project_id, user_id) VALUES (2505, (SELECT projects.start_date + INTERVAL 25 DAY FROM projects WHERE projects.id=52), 2505, 2505, 52, 35);
INSERT INTO orders (order_id, created_at, delivery_id, payment_id, supporting_project_id) VALUES (2505, (SELECT projects.start_date + INTERVAL 25 DAY FROM projects WHERE projects.id=52), 1, 2505, 2505);
INSERT INTO supporting_packages(id, option_list, package_count, order_id, project_package_id, supporting_project_id) VALUES (2505, '["재킷"]', 4, 2505, 52, 2505);
INSERT INTO supporting_projects(supporting_project_id, supported_at, delivery_id, payment_id, project_id, user_id) VALUES (2506, (SELECT projects.start_date + INTERVAL 41 DAY FROM projects WHERE projects.id=52), 2506, 2506, 52, 6);
INSERT INTO orders (order_id, created_at, delivery_id, payment_id, supporting_project_id) VALUES (2506, (SELECT projects.start_date + INTERVAL 41 DAY FROM projects WHERE projects.id=52), 1, 2506, 2506);
INSERT INTO supporting_packages(id, option_list, package_count, order_id, project_package_id, supporting_project_id) VALUES (2506, '["재킷"]', 3, 2506, 52, 2506);
INSERT INTO supporting_projects(supporting_project_id, supported_at, delivery_id, payment_id, project_id, user_id) VALUES (2507, (SELECT projects.start_date + INTERVAL 16 DAY FROM projects WHERE projects.id=52), 2507, 2507, 52, 7);
INSERT INTO orders (order_id, created_at, delivery_id, payment_id, supporting_project_id) VALUES (2507, (SELECT projects.start_date + INTERVAL 16 DAY FROM projects WHERE projects.id=52), 1, 2507, 2507);
INSERT INTO supporting_packages(id, option_list, package_count, order_id, project_package_id, supporting_project_id) VALUES (2507, '["한복 스타일"]', 3, 2507, 52, 2507);
INSERT INTO supporting_projects(supporting_project_id, supported_at, delivery_id, payment_id, project_id, user_id) VALUES (2508, (SELECT projects.start_date + INTERVAL 1 DAY FROM projects WHERE projects.id=52), 2508, 2508, 52, 17);
INSERT INTO orders (order_id, created_at, delivery_id, payment_id, supporting_project_id) VALUES (2508, (SELECT projects.start_date + INTERVAL 1 DAY FROM projects WHERE projects.id=52), 1, 2508, 2508);
INSERT INTO supporting_packages(id, option_list, package_count, order_id, project_package_id, supporting_project_id) VALUES (2508, '["한복 스타일"]', 4, 2508, 52, 2508);
INSERT INTO supporting_projects(supporting_project_id, supported_at, delivery_id, payment_id, project_id, user_id) VALUES (2509, (SELECT projects.start_date + INTERVAL 27 DAY FROM projects WHERE projects.id=52), 2509, 2509, 52, 9);
INSERT INTO orders (order_id, created_at, delivery_id, payment_id, supporting_project_id) VALUES (2509, (SELECT projects.start_date + INTERVAL 27 DAY FROM projects WHERE projects.id=52), 1, 2509, 2509);
INSERT INTO supporting_packages(id, option_list, package_count, order_id, project_package_id, supporting_project_id) VALUES (2509, '["한복 스타일"]', 5, 2509, 52, 2509);
INSERT INTO supporting_projects(supporting_project_id, supported_at, delivery_id, payment_id, project_id, user_id) VALUES (2510, (SELECT projects.start_date + INTERVAL 7 DAY FROM projects WHERE projects.id=52), 2510, 2510, 52, 3);
INSERT INTO orders (order_id, created_at, delivery_id, payment_id, supporting_project_id) VALUES (2510, (SELECT projects.start_date + INTERVAL 7 DAY FROM projects WHERE projects.id=52), 1, 2510, 2510);
INSERT INTO supporting_packages(id, option_list, package_count, order_id, project_package_id, supporting_project_id) VALUES (2510, '["재킷"]', 8, 2510, 52, 2510);
INSERT INTO supporting_projects(supporting_project_id, supported_at, delivery_id, payment_id, project_id, user_id) VALUES (2511, (SELECT projects.start_date + INTERVAL 22 DAY FROM projects WHERE projects.id=52), 2511, 2511, 52, 12);
INSERT INTO orders (order_id, created_at, delivery_id, payment_id, supporting_project_id) VALUES (2511, (SELECT projects.start_date + INTERVAL 22 DAY FROM projects WHERE projects.id=52), 1, 2511, 2511);
INSERT INTO supporting_packages(id, option_list, package_count, order_id, project_package_id, supporting_project_id) VALUES (2511, '["한복 스타일"]', 7, 2511, 52, 2511);
INSERT INTO supporting_projects(supporting_project_id, supported_at, delivery_id, payment_id, project_id, user_id) VALUES (2512, (SELECT projects.start_date + INTERVAL 23 DAY FROM projects WHERE projects.id=52), 2512, 2512, 52, 24);
INSERT INTO orders (order_id, created_at, delivery_id, payment_id, supporting_project_id) VALUES (2512, (SELECT projects.start_date + INTERVAL 23 DAY FROM projects WHERE projects.id=52), 1, 2512, 2512);
INSERT INTO supporting_packages(id, option_list, package_count, order_id, project_package_id, supporting_project_id) VALUES (2512, '["한복 스타일"]', 5, 2512, 52, 2512);
INSERT INTO supporting_projects(supporting_project_id, supported_at, delivery_id, payment_id, project_id, user_id) VALUES (2513, (SELECT projects.start_date + INTERVAL 24 DAY FROM projects WHERE projects.id=52), 2513, 2513, 52, 20);
INSERT INTO orders (order_id, created_at, delivery_id, payment_id, supporting_project_id) VALUES (2513, (SELECT projects.start_date + INTERVAL 24 DAY FROM projects WHERE projects.id=52), 1, 2513, 2513);
INSERT INTO supporting_packages(id, option_list, package_count, order_id, project_package_id, supporting_project_id) VALUES (2513, '["한복 스타일"]', 6, 2513, 52, 2513);
INSERT INTO supporting_projects(supporting_project_id, supported_at, delivery_id, payment_id, project_id, user_id) VALUES (2514, (SELECT projects.start_date + INTERVAL 29 DAY FROM projects WHERE projects.id=52), 2514, 2514, 52, 35);
INSERT INTO orders (order_id, created_at, delivery_id, payment_id, supporting_project_id) VALUES (2514, (SELECT projects.start_date + INTERVAL 29 DAY FROM projects WHERE projects.id=52), 1, 2514, 2514);
INSERT INTO supporting_packages(id, option_list, package_count, order_id, project_package_id, supporting_project_id) VALUES (2514, '["티셔츠"]', 9, 2514, 52, 2514);
INSERT INTO supporting_projects(supporting_project_id, supported_at, delivery_id, payment_id, project_id, user_id) VALUES (2515, (SELECT projects.start_date + INTERVAL 43 DAY FROM projects WHERE projects.id=52), 2515, 2515, 52, 20);
INSERT INTO orders (order_id, created_at, delivery_id, payment_id, supporting_project_id) VALUES (2515, (SELECT projects.start_date + INTERVAL 43 DAY FROM projects WHERE projects.id=52), 1, 2515, 2515);
INSERT INTO supporting_packages(id, option_list, package_count, order_id, project_package_id, supporting_project_id) VALUES (2515, '["티셔츠"]', 4, 2515, 52, 2515);
INSERT INTO supporting_projects(supporting_project_id, supported_at, delivery_id, payment_id, project_id, user_id) VALUES (2516, (SELECT projects.start_date + INTERVAL 1 DAY FROM projects WHERE projects.id=52), 2516, 2516, 52, 3);
INSERT INTO orders (order_id, created_at, delivery_id, payment_id, supporting_project_id) VALUES (2516, (SELECT projects.start_date + INTERVAL 1 DAY FROM projects WHERE projects.id=52), 1, 2516, 2516);
INSERT INTO supporting_packages(id, option_list, package_count, order_id, project_package_id, supporting_project_id) VALUES (2516, '["재킷"]', 6, 2516, 52, 2516);
INSERT INTO supporting_projects(supporting_project_id, supported_at, delivery_id, payment_id, project_id, user_id) VALUES (2517, (SELECT projects.start_date + INTERVAL 32 DAY FROM projects WHERE projects.id=52), 2517, 2517, 52, 5);
INSERT INTO orders (order_id, created_at, delivery_id, payment_id, supporting_project_id) VALUES (2517, (SELECT projects.start_date + INTERVAL 32 DAY FROM projects WHERE projects.id=52), 1, 2517, 2517);
INSERT INTO supporting_packages(id, option_list, package_count, order_id, project_package_id, supporting_project_id) VALUES (2517, '["티셔츠"]', 9, 2517, 52, 2517);
INSERT INTO supporting_projects(supporting_project_id, supported_at, delivery_id, payment_id, project_id, user_id) VALUES (2518, (SELECT projects.start_date + INTERVAL 33 DAY FROM projects WHERE projects.id=53), 2518, 2518, 53, 7);
INSERT INTO orders (order_id, created_at, delivery_id, payment_id, supporting_project_id) VALUES (2518, (SELECT projects.start_date + INTERVAL 33 DAY FROM projects WHERE projects.id=53), 1, 2518, 2518);
INSERT INTO supporting_packages(id, option_list, package_count, order_id, project_package_id, supporting_project_id) VALUES (2518, '["전문가용"]', 9, 2518, 53, 2518);
INSERT INTO supporting_projects(supporting_project_id, supported_at, delivery_id, payment_id, project_id, user_id) VALUES (2519, (SELECT projects.start_date + INTERVAL 42 DAY FROM projects WHERE projects.id=53), 2519, 2519, 53, 33);
INSERT INTO orders (order_id, created_at, delivery_id, payment_id, supporting_project_id) VALUES (2519, (SELECT projects.start_date + INTERVAL 42 DAY FROM projects WHERE projects.id=53), 1, 2519, 2519);
INSERT INTO supporting_packages(id, option_list, package_count, order_id, project_package_id, supporting_project_id) VALUES (2519, '["팀용"]', 7, 2519, 53, 2519);
INSERT INTO supporting_projects(supporting_project_id, supported_at, delivery_id, payment_id, project_id, user_id) VALUES (2520, (SELECT projects.start_date + INTERVAL 36 DAY FROM projects WHERE projects.id=53), 2520, 2520, 53, 36);
INSERT INTO orders (order_id, created_at, delivery_id, payment_id, supporting_project_id) VALUES (2520, (SELECT projects.start_date + INTERVAL 36 DAY FROM projects WHERE projects.id=53), 1, 2520, 2520);
INSERT INTO supporting_packages(id, option_list, package_count, order_id, project_package_id, supporting_project_id) VALUES (2520, '["팀용"]', 2, 2520, 53, 2520);
INSERT INTO supporting_projects(supporting_project_id, supported_at, delivery_id, payment_id, project_id, user_id) VALUES (2521, (SELECT projects.start_date + INTERVAL 1 DAY FROM projects WHERE projects.id=53), 2521, 2521, 53, 10);
INSERT INTO orders (order_id, created_at, delivery_id, payment_id, supporting_project_id) VALUES (2521, (SELECT projects.start_date + INTERVAL 1 DAY FROM projects WHERE projects.id=53), 1, 2521, 2521);
INSERT INTO supporting_packages(id, option_list, package_count, order_id, project_package_id, supporting_project_id) VALUES (2521, '["전문가용"]', 2, 2521, 53, 2521);
INSERT INTO supporting_projects(supporting_project_id, supported_at, delivery_id, payment_id, project_id, user_id) VALUES (2522, (SELECT projects.start_date + INTERVAL 36 DAY FROM projects WHERE projects.id=53), 2522, 2522, 53, 34);
INSERT INTO orders (order_id, created_at, delivery_id, payment_id, supporting_project_id) VALUES (2522, (SELECT projects.start_date + INTERVAL 36 DAY FROM projects WHERE projects.id=53), 1, 2522, 2522);
INSERT INTO supporting_packages(id, option_list, package_count, order_id, project_package_id, supporting_project_id) VALUES (2522, '["전문가용"]', 7, 2522, 53, 2522);
INSERT INTO supporting_projects(supporting_project_id, supported_at, delivery_id, payment_id, project_id, user_id) VALUES (2523, (SELECT projects.start_date + INTERVAL 31 DAY FROM projects WHERE projects.id=53), 2523, 2523, 53, 40);
INSERT INTO orders (order_id, created_at, delivery_id, payment_id, supporting_project_id) VALUES (2523, (SELECT projects.start_date + INTERVAL 31 DAY FROM projects WHERE projects.id=53), 1, 2523, 2523);
INSERT INTO supporting_packages(id, option_list, package_count, order_id, project_package_id, supporting_project_id) VALUES (2523, '["전문가용"]', 9, 2523, 53, 2523);
INSERT INTO supporting_projects(supporting_project_id, supported_at, delivery_id, payment_id, project_id, user_id) VALUES (2524, (SELECT projects.start_date + INTERVAL 32 DAY FROM projects WHERE projects.id=53), 2524, 2524, 53, 22);
INSERT INTO orders (order_id, created_at, delivery_id, payment_id, supporting_project_id) VALUES (2524, (SELECT projects.start_date + INTERVAL 32 DAY FROM projects WHERE projects.id=53), 1, 2524, 2524);
INSERT INTO supporting_packages(id, option_list, package_count, order_id, project_package_id, supporting_project_id) VALUES (2524, '["팀용"]', 8, 2524, 53, 2524);
INSERT INTO supporting_projects(supporting_project_id, supported_at, delivery_id, payment_id, project_id, user_id) VALUES (2525, (SELECT projects.start_date + INTERVAL 25 DAY FROM projects WHERE projects.id=53), 2525, 2525, 53, 10);
INSERT INTO orders (order_id, created_at, delivery_id, payment_id, supporting_project_id) VALUES (2525, (SELECT projects.start_date + INTERVAL 25 DAY FROM projects WHERE projects.id=53), 1, 2525, 2525);
INSERT INTO supporting_packages(id, option_list, package_count, order_id, project_package_id, supporting_project_id) VALUES (2525, '["전문가용"]', 8, 2525, 53, 2525);
INSERT INTO supporting_projects(supporting_project_id, supported_at, delivery_id, payment_id, project_id, user_id) VALUES (2526, (SELECT projects.start_date + INTERVAL 9 DAY FROM projects WHERE projects.id=53), 2526, 2526, 53, 24);
INSERT INTO orders (order_id, created_at, delivery_id, payment_id, supporting_project_id) VALUES (2526, (SELECT projects.start_date + INTERVAL 9 DAY FROM projects WHERE projects.id=53), 1, 2526, 2526);
INSERT INTO supporting_packages(id, option_list, package_count, order_id, project_package_id, supporting_project_id) VALUES (2526, '["팀용"]', 6, 2526, 53, 2526);
INSERT INTO supporting_projects(supporting_project_id, supported_at, delivery_id, payment_id, project_id, user_id) VALUES (2527, (SELECT projects.start_date + INTERVAL 25 DAY FROM projects WHERE projects.id=53), 2527, 2527, 53, 36);
INSERT INTO orders (order_id, created_at, delivery_id, payment_id, supporting_project_id) VALUES (2527, (SELECT projects.start_date + INTERVAL 25 DAY FROM projects WHERE projects.id=53), 1, 2527, 2527);
INSERT INTO supporting_packages(id, option_list, package_count, order_id, project_package_id, supporting_project_id) VALUES (2527, '["개인용"]', 7, 2527, 53, 2527);
INSERT INTO supporting_projects(supporting_project_id, supported_at, delivery_id, payment_id, project_id, user_id) VALUES (2528, (SELECT projects.start_date + INTERVAL 50 DAY FROM projects WHERE projects.id=53), 2528, 2528, 53, 40);
INSERT INTO orders (order_id, created_at, delivery_id, payment_id, supporting_project_id) VALUES (2528, (SELECT projects.start_date + INTERVAL 50 DAY FROM projects WHERE projects.id=53), 1, 2528, 2528);
INSERT INTO supporting_packages(id, option_list, package_count, order_id, project_package_id, supporting_project_id) VALUES (2528, '["전문가용"]', 7, 2528, 53, 2528);
INSERT INTO supporting_projects(supporting_project_id, supported_at, delivery_id, payment_id, project_id, user_id) VALUES (2529, (SELECT projects.start_date + INTERVAL 9 DAY FROM projects WHERE projects.id=53), 2529, 2529, 53, 14);
INSERT INTO orders (order_id, created_at, delivery_id, payment_id, supporting_project_id) VALUES (2529, (SELECT projects.start_date + INTERVAL 9 DAY FROM projects WHERE projects.id=53), 1, 2529, 2529);
INSERT INTO supporting_packages(id, option_list, package_count, order_id, project_package_id, supporting_project_id) VALUES (2529, '["개인용"]', 3, 2529, 53, 2529);
INSERT INTO supporting_projects(supporting_project_id, supported_at, delivery_id, payment_id, project_id, user_id) VALUES (2530, (SELECT projects.start_date + INTERVAL 13 DAY FROM projects WHERE projects.id=53), 2530, 2530, 53, 26);
INSERT INTO orders (order_id, created_at, delivery_id, payment_id, supporting_project_id) VALUES (2530, (SELECT projects.start_date + INTERVAL 13 DAY FROM projects WHERE projects.id=53), 1, 2530, 2530);
INSERT INTO supporting_packages(id, option_list, package_count, order_id, project_package_id, supporting_project_id) VALUES (2530, '["전문가용"]', 5, 2530, 53, 2530);
INSERT INTO supporting_projects(supporting_project_id, supported_at, delivery_id, payment_id, project_id, user_id) VALUES (2531, (SELECT projects.start_date + INTERVAL 12 DAY FROM projects WHERE projects.id=53), 2531, 2531, 53, 15);
INSERT INTO orders (order_id, created_at, delivery_id, payment_id, supporting_project_id) VALUES (2531, (SELECT projects.start_date + INTERVAL 12 DAY FROM projects WHERE projects.id=53), 1, 2531, 2531);
INSERT INTO supporting_packages(id, option_list, package_count, order_id, project_package_id, supporting_project_id) VALUES (2531, '["전문가용"]', 3, 2531, 53, 2531);
INSERT INTO supporting_projects(supporting_project_id, supported_at, delivery_id, payment_id, project_id, user_id) VALUES (2532, (SELECT projects.start_date + INTERVAL 28 DAY FROM projects WHERE projects.id=53), 2532, 2532, 53, 3);
INSERT INTO orders (order_id, created_at, delivery_id, payment_id, supporting_project_id) VALUES (2532, (SELECT projects.start_date + INTERVAL 28 DAY FROM projects WHERE projects.id=53), 1, 2532, 2532);
INSERT INTO supporting_packages(id, option_list, package_count, order_id, project_package_id, supporting_project_id) VALUES (2532, '["개인용"]', 2, 2532, 53, 2532);
INSERT INTO supporting_projects(supporting_project_id, supported_at, delivery_id, payment_id, project_id, user_id) VALUES (2533, (SELECT projects.start_date + INTERVAL 48 DAY FROM projects WHERE projects.id=53), 2533, 2533, 53, 18);
INSERT INTO orders (order_id, created_at, delivery_id, payment_id, supporting_project_id) VALUES (2533, (SELECT projects.start_date + INTERVAL 48 DAY FROM projects WHERE projects.id=53), 1, 2533, 2533);
INSERT INTO supporting_packages(id, option_list, package_count, order_id, project_package_id, supporting_project_id) VALUES (2533, '["전문가용"]', 3, 2533, 53, 2533);
INSERT INTO supporting_projects(supporting_project_id, supported_at, delivery_id, payment_id, project_id, user_id) VALUES (2534, (SELECT projects.start_date + INTERVAL 12 DAY FROM projects WHERE projects.id=53), 2534, 2534, 53, 3);
INSERT INTO orders (order_id, created_at, delivery_id, payment_id, supporting_project_id) VALUES (2534, (SELECT projects.start_date + INTERVAL 12 DAY FROM projects WHERE projects.id=53), 1, 2534, 2534);
INSERT INTO supporting_packages(id, option_list, package_count, order_id, project_package_id, supporting_project_id) VALUES (2534, '["개인용"]', 8, 2534, 53, 2534);
INSERT INTO supporting_projects(supporting_project_id, supported_at, delivery_id, payment_id, project_id, user_id) VALUES (2535, (SELECT projects.start_date + INTERVAL 27 DAY FROM projects WHERE projects.id=53), 2535, 2535, 53, 34);
INSERT INTO orders (order_id, created_at, delivery_id, payment_id, supporting_project_id) VALUES (2535, (SELECT projects.start_date + INTERVAL 27 DAY FROM projects WHERE projects.id=53), 1, 2535, 2535);
INSERT INTO supporting_packages(id, option_list, package_count, order_id, project_package_id, supporting_project_id) VALUES (2535, '["개인용"]', 6, 2535, 53, 2535);
INSERT INTO supporting_projects(supporting_project_id, supported_at, delivery_id, payment_id, project_id, user_id) VALUES (2536, (SELECT projects.start_date + INTERVAL 15 DAY FROM projects WHERE projects.id=53), 2536, 2536, 53, 8);
INSERT INTO orders (order_id, created_at, delivery_id, payment_id, supporting_project_id) VALUES (2536, (SELECT projects.start_date + INTERVAL 15 DAY FROM projects WHERE projects.id=53), 1, 2536, 2536);
INSERT INTO supporting_packages(id, option_list, package_count, order_id, project_package_id, supporting_project_id) VALUES (2536, '["전문가용"]', 9, 2536, 53, 2536);
INSERT INTO supporting_projects(supporting_project_id, supported_at, delivery_id, payment_id, project_id, user_id) VALUES (2537, (SELECT projects.start_date + INTERVAL 16 DAY FROM projects WHERE projects.id=53), 2537, 2537, 53, 11);
INSERT INTO orders (order_id, created_at, delivery_id, payment_id, supporting_project_id) VALUES (2537, (SELECT projects.start_date + INTERVAL 16 DAY FROM projects WHERE projects.id=53), 1, 2537, 2537);
INSERT INTO supporting_packages(id, option_list, package_count, order_id, project_package_id, supporting_project_id) VALUES (2537, '["전문가용"]', 7, 2537, 53, 2537);
INSERT INTO supporting_projects(supporting_project_id, supported_at, delivery_id, payment_id, project_id, user_id) VALUES (2538, (SELECT projects.start_date + INTERVAL 5 DAY FROM projects WHERE projects.id=53), 2538, 2538, 53, 36);
INSERT INTO orders (order_id, created_at, delivery_id, payment_id, supporting_project_id) VALUES (2538, (SELECT projects.start_date + INTERVAL 5 DAY FROM projects WHERE projects.id=53), 1, 2538, 2538);
INSERT INTO supporting_packages(id, option_list, package_count, order_id, project_package_id, supporting_project_id) VALUES (2538, '["전문가용"]', 2, 2538, 53, 2538);
INSERT INTO supporting_projects(supporting_project_id, supported_at, delivery_id, payment_id, project_id, user_id) VALUES (2539, (SELECT projects.start_date + INTERVAL 16 DAY FROM projects WHERE projects.id=53), 2539, 2539, 53, 31);
INSERT INTO orders (order_id, created_at, delivery_id, payment_id, supporting_project_id) VALUES (2539, (SELECT projects.start_date + INTERVAL 16 DAY FROM projects WHERE projects.id=53), 1, 2539, 2539);
INSERT INTO supporting_packages(id, option_list, package_count, order_id, project_package_id, supporting_project_id) VALUES (2539, '["개인용"]', 3, 2539, 53, 2539);
INSERT INTO supporting_projects(supporting_project_id, supported_at, delivery_id, payment_id, project_id, user_id) VALUES (2540, (SELECT projects.start_date + INTERVAL 11 DAY FROM projects WHERE projects.id=53), 2540, 2540, 53, 25);
INSERT INTO orders (order_id, created_at, delivery_id, payment_id, supporting_project_id) VALUES (2540, (SELECT projects.start_date + INTERVAL 11 DAY FROM projects WHERE projects.id=53), 1, 2540, 2540);
INSERT INTO supporting_packages(id, option_list, package_count, order_id, project_package_id, supporting_project_id) VALUES (2540, '["개인용"]', 9, 2540, 53, 2540);
INSERT INTO supporting_projects(supporting_project_id, supported_at, delivery_id, payment_id, project_id, user_id) VALUES (2541, (SELECT projects.start_date + INTERVAL 2 DAY FROM projects WHERE projects.id=53), 2541, 2541, 53, 39);
INSERT INTO orders (order_id, created_at, delivery_id, payment_id, supporting_project_id) VALUES (2541, (SELECT projects.start_date + INTERVAL 2 DAY FROM projects WHERE projects.id=53), 1, 2541, 2541);
INSERT INTO supporting_packages(id, option_list, package_count, order_id, project_package_id, supporting_project_id) VALUES (2541, '["팀용"]', 10, 2541, 53, 2541);
INSERT INTO supporting_projects(supporting_project_id, supported_at, delivery_id, payment_id, project_id, user_id) VALUES (2542, (SELECT projects.start_date + INTERVAL 30 DAY FROM projects WHERE projects.id=53), 2542, 2542, 53, 35);
INSERT INTO orders (order_id, created_at, delivery_id, payment_id, supporting_project_id) VALUES (2542, (SELECT projects.start_date + INTERVAL 30 DAY FROM projects WHERE projects.id=53), 1, 2542, 2542);
INSERT INTO supporting_packages(id, option_list, package_count, order_id, project_package_id, supporting_project_id) VALUES (2542, '["개인용"]', 5, 2542, 53, 2542);
INSERT INTO supporting_projects(supporting_project_id, supported_at, delivery_id, payment_id, project_id, user_id) VALUES (2543, (SELECT projects.start_date + INTERVAL 49 DAY FROM projects WHERE projects.id=53), 2543, 2543, 53, 9);
INSERT INTO orders (order_id, created_at, delivery_id, payment_id, supporting_project_id) VALUES (2543, (SELECT projects.start_date + INTERVAL 49 DAY FROM projects WHERE projects.id=53), 1, 2543, 2543);
INSERT INTO supporting_packages(id, option_list, package_count, order_id, project_package_id, supporting_project_id) VALUES (2543, '["전문가용"]', 9, 2543, 53, 2543);
INSERT INTO supporting_projects(supporting_project_id, supported_at, delivery_id, payment_id, project_id, user_id) VALUES (2544, (SELECT projects.start_date + INTERVAL 46 DAY FROM projects WHERE projects.id=53), 2544, 2544, 53, 16);
INSERT INTO orders (order_id, created_at, delivery_id, payment_id, supporting_project_id) VALUES (2544, (SELECT projects.start_date + INTERVAL 46 DAY FROM projects WHERE projects.id=53), 1, 2544, 2544);
INSERT INTO supporting_packages(id, option_list, package_count, order_id, project_package_id, supporting_project_id) VALUES (2544, '["전문가용"]', 1, 2544, 53, 2544);
INSERT INTO supporting_projects(supporting_project_id, supported_at, delivery_id, payment_id, project_id, user_id) VALUES (2545, (SELECT projects.start_date + INTERVAL 38 DAY FROM projects WHERE projects.id=53), 2545, 2545, 53, 21);
INSERT INTO orders (order_id, created_at, delivery_id, payment_id, supporting_project_id) VALUES (2545, (SELECT projects.start_date + INTERVAL 38 DAY FROM projects WHERE projects.id=53), 1, 2545, 2545);
INSERT INTO supporting_packages(id, option_list, package_count, order_id, project_package_id, supporting_project_id) VALUES (2545, '["개인용"]', 9, 2545, 53, 2545);
INSERT INTO supporting_projects(supporting_project_id, supported_at, delivery_id, payment_id, project_id, user_id) VALUES (2546, (SELECT projects.start_date + INTERVAL 17 DAY FROM projects WHERE projects.id=53), 2546, 2546, 53, 9);
INSERT INTO orders (order_id, created_at, delivery_id, payment_id, supporting_project_id) VALUES (2546, (SELECT projects.start_date + INTERVAL 17 DAY FROM projects WHERE projects.id=53), 1, 2546, 2546);
INSERT INTO supporting_packages(id, option_list, package_count, order_id, project_package_id, supporting_project_id) VALUES (2546, '["개인용"]', 10, 2546, 53, 2546);
INSERT INTO supporting_projects(supporting_project_id, supported_at, delivery_id, payment_id, project_id, user_id) VALUES (2547, (SELECT projects.start_date + INTERVAL 9 DAY FROM projects WHERE projects.id=53), 2547, 2547, 53, 20);
INSERT INTO orders (order_id, created_at, delivery_id, payment_id, supporting_project_id) VALUES (2547, (SELECT projects.start_date + INTERVAL 9 DAY FROM projects WHERE projects.id=53), 1, 2547, 2547);
INSERT INTO supporting_packages(id, option_list, package_count, order_id, project_package_id, supporting_project_id) VALUES (2547, '["팀용"]', 4, 2547, 53, 2547);
INSERT INTO supporting_projects(supporting_project_id, supported_at, delivery_id, payment_id, project_id, user_id) VALUES (2548, (SELECT projects.start_date + INTERVAL 19 DAY FROM projects WHERE projects.id=53), 2548, 2548, 53, 26);
INSERT INTO orders (order_id, created_at, delivery_id, payment_id, supporting_project_id) VALUES (2548, (SELECT projects.start_date + INTERVAL 19 DAY FROM projects WHERE projects.id=53), 1, 2548, 2548);
INSERT INTO supporting_packages(id, option_list, package_count, order_id, project_package_id, supporting_project_id) VALUES (2548, '["팀용"]', 3, 2548, 53, 2548);
INSERT INTO supporting_projects(supporting_project_id, supported_at, delivery_id, payment_id, project_id, user_id) VALUES (2549, (SELECT projects.start_date + INTERVAL 13 DAY FROM projects WHERE projects.id=53), 2549, 2549, 53, 33);
INSERT INTO orders (order_id, created_at, delivery_id, payment_id, supporting_project_id) VALUES (2549, (SELECT projects.start_date + INTERVAL 13 DAY FROM projects WHERE projects.id=53), 1, 2549, 2549);
INSERT INTO supporting_packages(id, option_list, package_count, order_id, project_package_id, supporting_project_id) VALUES (2549, '["전문가용"]', 3, 2549, 53, 2549);
INSERT INTO supporting_projects(supporting_project_id, supported_at, delivery_id, payment_id, project_id, user_id) VALUES (2550, (SELECT projects.start_date + INTERVAL 9 DAY FROM projects WHERE projects.id=53), 2550, 2550, 53, 32);
INSERT INTO orders (order_id, created_at, delivery_id, payment_id, supporting_project_id) VALUES (2550, (SELECT projects.start_date + INTERVAL 9 DAY FROM projects WHERE projects.id=53), 1, 2550, 2550);
INSERT INTO supporting_packages(id, option_list, package_count, order_id, project_package_id, supporting_project_id) VALUES (2550, '["개인용"]', 8, 2550, 53, 2550);
INSERT INTO supporting_projects(supporting_project_id, supported_at, delivery_id, payment_id, project_id, user_id) VALUES (2551, (SELECT projects.start_date + INTERVAL 4 DAY FROM projects WHERE projects.id=53), 2551, 2551, 53, 13);
INSERT INTO orders (order_id, created_at, delivery_id, payment_id, supporting_project_id) VALUES (2551, (SELECT projects.start_date + INTERVAL 4 DAY FROM projects WHERE projects.id=53), 1, 2551, 2551);
INSERT INTO supporting_packages(id, option_list, package_count, order_id, project_package_id, supporting_project_id) VALUES (2551, '["전문가용"]', 8, 2551, 53, 2551);
INSERT INTO supporting_projects(supporting_project_id, supported_at, delivery_id, payment_id, project_id, user_id) VALUES (2552, (SELECT projects.start_date + INTERVAL 47 DAY FROM projects WHERE projects.id=53), 2552, 2552, 53, 35);
INSERT INTO orders (order_id, created_at, delivery_id, payment_id, supporting_project_id) VALUES (2552, (SELECT projects.start_date + INTERVAL 47 DAY FROM projects WHERE projects.id=53), 1, 2552, 2552);
INSERT INTO supporting_packages(id, option_list, package_count, order_id, project_package_id, supporting_project_id) VALUES (2552, '["전문가용"]', 6, 2552, 53, 2552);
INSERT INTO supporting_projects(supporting_project_id, supported_at, delivery_id, payment_id, project_id, user_id) VALUES (2553, (SELECT projects.start_date + INTERVAL 49 DAY FROM projects WHERE projects.id=53), 2553, 2553, 53, 39);
INSERT INTO orders (order_id, created_at, delivery_id, payment_id, supporting_project_id) VALUES (2553, (SELECT projects.start_date + INTERVAL 49 DAY FROM projects WHERE projects.id=53), 1, 2553, 2553);
INSERT INTO supporting_packages(id, option_list, package_count, order_id, project_package_id, supporting_project_id) VALUES (2553, '["개인용"]', 1, 2553, 53, 2553);
INSERT INTO supporting_projects(supporting_project_id, supported_at, delivery_id, payment_id, project_id, user_id) VALUES (2554, (SELECT projects.start_date + INTERVAL 20 DAY FROM projects WHERE projects.id=53), 2554, 2554, 53, 33);
INSERT INTO orders (order_id, created_at, delivery_id, payment_id, supporting_project_id) VALUES (2554, (SELECT projects.start_date + INTERVAL 20 DAY FROM projects WHERE projects.id=53), 1, 2554, 2554);
INSERT INTO supporting_packages(id, option_list, package_count, order_id, project_package_id, supporting_project_id) VALUES (2554, '["개인용"]', 7, 2554, 53, 2554);
INSERT INTO supporting_projects(supporting_project_id, supported_at, delivery_id, payment_id, project_id, user_id) VALUES (2555, (SELECT projects.start_date + INTERVAL 18 DAY FROM projects WHERE projects.id=53), 2555, 2555, 53, 9);
INSERT INTO orders (order_id, created_at, delivery_id, payment_id, supporting_project_id) VALUES (2555, (SELECT projects.start_date + INTERVAL 18 DAY FROM projects WHERE projects.id=53), 1, 2555, 2555);
INSERT INTO supporting_packages(id, option_list, package_count, order_id, project_package_id, supporting_project_id) VALUES (2555, '["전문가용"]', 10, 2555, 53, 2555);
INSERT INTO supporting_projects(supporting_project_id, supported_at, delivery_id, payment_id, project_id, user_id) VALUES (2556, (SELECT projects.start_date + INTERVAL 34 DAY FROM projects WHERE projects.id=53), 2556, 2556, 53, 13);
INSERT INTO orders (order_id, created_at, delivery_id, payment_id, supporting_project_id) VALUES (2556, (SELECT projects.start_date + INTERVAL 34 DAY FROM projects WHERE projects.id=53), 1, 2556, 2556);
INSERT INTO supporting_packages(id, option_list, package_count, order_id, project_package_id, supporting_project_id) VALUES (2556, '["개인용"]', 1, 2556, 53, 2556);
INSERT INTO supporting_projects(supporting_project_id, supported_at, delivery_id, payment_id, project_id, user_id) VALUES (2557, (SELECT projects.start_date + INTERVAL 38 DAY FROM projects WHERE projects.id=53), 2557, 2557, 53, 5);
INSERT INTO orders (order_id, created_at, delivery_id, payment_id, supporting_project_id) VALUES (2557, (SELECT projects.start_date + INTERVAL 38 DAY FROM projects WHERE projects.id=53), 1, 2557, 2557);
INSERT INTO supporting_packages(id, option_list, package_count, order_id, project_package_id, supporting_project_id) VALUES (2557, '["개인용"]', 3, 2557, 53, 2557);
INSERT INTO supporting_projects(supporting_project_id, supported_at, delivery_id, payment_id, project_id, user_id) VALUES (2558, (SELECT projects.start_date + INTERVAL 40 DAY FROM projects WHERE projects.id=53), 2558, 2558, 53, 26);
INSERT INTO orders (order_id, created_at, delivery_id, payment_id, supporting_project_id) VALUES (2558, (SELECT projects.start_date + INTERVAL 40 DAY FROM projects WHERE projects.id=53), 1, 2558, 2558);
INSERT INTO supporting_packages(id, option_list, package_count, order_id, project_package_id, supporting_project_id) VALUES (2558, '["팀용"]', 9, 2558, 53, 2558);
INSERT INTO supporting_projects(supporting_project_id, supported_at, delivery_id, payment_id, project_id, user_id) VALUES (2559, (SELECT projects.start_date + INTERVAL 11 DAY FROM projects WHERE projects.id=53), 2559, 2559, 53, 37);
INSERT INTO orders (order_id, created_at, delivery_id, payment_id, supporting_project_id) VALUES (2559, (SELECT projects.start_date + INTERVAL 11 DAY FROM projects WHERE projects.id=53), 1, 2559, 2559);
INSERT INTO supporting_packages(id, option_list, package_count, order_id, project_package_id, supporting_project_id) VALUES (2559, '["전문가용"]', 9, 2559, 53, 2559);
INSERT INTO supporting_projects(supporting_project_id, supported_at, delivery_id, payment_id, project_id, user_id) VALUES (2560, (SELECT projects.start_date + INTERVAL 39 DAY FROM projects WHERE projects.id=53), 2560, 2560, 53, 36);
INSERT INTO orders (order_id, created_at, delivery_id, payment_id, supporting_project_id) VALUES (2560, (SELECT projects.start_date + INTERVAL 39 DAY FROM projects WHERE projects.id=53), 1, 2560, 2560);
INSERT INTO supporting_packages(id, option_list, package_count, order_id, project_package_id, supporting_project_id) VALUES (2560, '["전문가용"]', 1, 2560, 53, 2560);
INSERT INTO supporting_projects(supporting_project_id, supported_at, delivery_id, payment_id, project_id, user_id) VALUES (2561, (SELECT projects.start_date + INTERVAL 3 DAY FROM projects WHERE projects.id=53), 2561, 2561, 53, 16);
INSERT INTO orders (order_id, created_at, delivery_id, payment_id, supporting_project_id) VALUES (2561, (SELECT projects.start_date + INTERVAL 3 DAY FROM projects WHERE projects.id=53), 1, 2561, 2561);
INSERT INTO supporting_packages(id, option_list, package_count, order_id, project_package_id, supporting_project_id) VALUES (2561, '["개인용"]', 9, 2561, 53, 2561);
INSERT INTO supporting_projects(supporting_project_id, supported_at, delivery_id, payment_id, project_id, user_id) VALUES (2562, (SELECT projects.start_date + INTERVAL 14 DAY FROM projects WHERE projects.id=53), 2562, 2562, 53, 15);
INSERT INTO orders (order_id, created_at, delivery_id, payment_id, supporting_project_id) VALUES (2562, (SELECT projects.start_date + INTERVAL 14 DAY FROM projects WHERE projects.id=53), 1, 2562, 2562);
INSERT INTO supporting_packages(id, option_list, package_count, order_id, project_package_id, supporting_project_id) VALUES (2562, '["전문가용"]', 9, 2562, 53, 2562);
INSERT INTO supporting_projects(supporting_project_id, supported_at, delivery_id, payment_id, project_id, user_id) VALUES (2563, (SELECT projects.start_date + INTERVAL 29 DAY FROM projects WHERE projects.id=53), 2563, 2563, 53, 39);
INSERT INTO orders (order_id, created_at, delivery_id, payment_id, supporting_project_id) VALUES (2563, (SELECT projects.start_date + INTERVAL 29 DAY FROM projects WHERE projects.id=53), 1, 2563, 2563);
INSERT INTO supporting_packages(id, option_list, package_count, order_id, project_package_id, supporting_project_id) VALUES (2563, '["전문가용"]', 7, 2563, 53, 2563);
INSERT INTO supporting_projects(supporting_project_id, supported_at, delivery_id, payment_id, project_id, user_id) VALUES (2564, (SELECT projects.start_date + INTERVAL 5 DAY FROM projects WHERE projects.id=53), 2564, 2564, 53, 16);
INSERT INTO orders (order_id, created_at, delivery_id, payment_id, supporting_project_id) VALUES (2564, (SELECT projects.start_date + INTERVAL 5 DAY FROM projects WHERE projects.id=53), 1, 2564, 2564);
INSERT INTO supporting_packages(id, option_list, package_count, order_id, project_package_id, supporting_project_id) VALUES (2564, '["개인용"]', 4, 2564, 53, 2564);
INSERT INTO supporting_projects(supporting_project_id, supported_at, delivery_id, payment_id, project_id, user_id) VALUES (2565, (SELECT projects.start_date + INTERVAL 7 DAY FROM projects WHERE projects.id=53), 2565, 2565, 53, 8);
INSERT INTO orders (order_id, created_at, delivery_id, payment_id, supporting_project_id) VALUES (2565, (SELECT projects.start_date + INTERVAL 7 DAY FROM projects WHERE projects.id=53), 1, 2565, 2565);
INSERT INTO supporting_packages(id, option_list, package_count, order_id, project_package_id, supporting_project_id) VALUES (2565, '["전문가용"]', 5, 2565, 53, 2565);
INSERT INTO supporting_projects(supporting_project_id, supported_at, delivery_id, payment_id, project_id, user_id) VALUES (2566, (SELECT projects.start_date + INTERVAL 29 DAY FROM projects WHERE projects.id=53), 2566, 2566, 53, 9);
INSERT INTO orders (order_id, created_at, delivery_id, payment_id, supporting_project_id) VALUES (2566, (SELECT projects.start_date + INTERVAL 29 DAY FROM projects WHERE projects.id=53), 1, 2566, 2566);
INSERT INTO supporting_packages(id, option_list, package_count, order_id, project_package_id, supporting_project_id) VALUES (2566, '["개인용"]', 1, 2566, 53, 2566);
INSERT INTO supporting_projects(supporting_project_id, supported_at, delivery_id, payment_id, project_id, user_id) VALUES (2567, (SELECT projects.start_date + INTERVAL 18 DAY FROM projects WHERE projects.id=53), 2567, 2567, 53, 17);
INSERT INTO orders (order_id, created_at, delivery_id, payment_id, supporting_project_id) VALUES (2567, (SELECT projects.start_date + INTERVAL 18 DAY FROM projects WHERE projects.id=53), 1, 2567, 2567);
INSERT INTO supporting_packages(id, option_list, package_count, order_id, project_package_id, supporting_project_id) VALUES (2567, '["전문가용"]', 2, 2567, 53, 2567);
INSERT INTO supporting_projects(supporting_project_id, supported_at, delivery_id, payment_id, project_id, user_id) VALUES (2568, (SELECT projects.start_date + INTERVAL 11 DAY FROM projects WHERE projects.id=53), 2568, 2568, 53, 2);
INSERT INTO orders (order_id, created_at, delivery_id, payment_id, supporting_project_id) VALUES (2568, (SELECT projects.start_date + INTERVAL 11 DAY FROM projects WHERE projects.id=53), 1, 2568, 2568);
INSERT INTO supporting_packages(id, option_list, package_count, order_id, project_package_id, supporting_project_id) VALUES (2568, '["개인용"]', 2, 2568, 53, 2568);
INSERT INTO supporting_projects(supporting_project_id, supported_at, delivery_id, payment_id, project_id, user_id) VALUES (2569, (SELECT projects.start_date + INTERVAL 36 DAY FROM projects WHERE projects.id=53), 2569, 2569, 53, 4);
INSERT INTO orders (order_id, created_at, delivery_id, payment_id, supporting_project_id) VALUES (2569, (SELECT projects.start_date + INTERVAL 36 DAY FROM projects WHERE projects.id=53), 1, 2569, 2569);
INSERT INTO supporting_packages(id, option_list, package_count, order_id, project_package_id, supporting_project_id) VALUES (2569, '["개인용"]', 10, 2569, 53, 2569);
INSERT INTO supporting_projects(supporting_project_id, supported_at, delivery_id, payment_id, project_id, user_id) VALUES (2570, (SELECT projects.start_date + INTERVAL 8 DAY FROM projects WHERE projects.id=53), 2570, 2570, 53, 14);
INSERT INTO orders (order_id, created_at, delivery_id, payment_id, supporting_project_id) VALUES (2570, (SELECT projects.start_date + INTERVAL 8 DAY FROM projects WHERE projects.id=53), 1, 2570, 2570);
INSERT INTO supporting_packages(id, option_list, package_count, order_id, project_package_id, supporting_project_id) VALUES (2570, '["전문가용"]', 4, 2570, 53, 2570);
INSERT INTO supporting_projects(supporting_project_id, supported_at, delivery_id, payment_id, project_id, user_id) VALUES (2571, (SELECT projects.start_date + INTERVAL 30 DAY FROM projects WHERE projects.id=53), 2571, 2571, 53, 11);
INSERT INTO orders (order_id, created_at, delivery_id, payment_id, supporting_project_id) VALUES (2571, (SELECT projects.start_date + INTERVAL 30 DAY FROM projects WHERE projects.id=53), 1, 2571, 2571);
INSERT INTO supporting_packages(id, option_list, package_count, order_id, project_package_id, supporting_project_id) VALUES (2571, '["전문가용"]', 7, 2571, 53, 2571);
INSERT INTO supporting_projects(supporting_project_id, supported_at, delivery_id, payment_id, project_id, user_id) VALUES (2572, (SELECT projects.start_date + INTERVAL 38 DAY FROM projects WHERE projects.id=53), 2572, 2572, 53, 26);
INSERT INTO orders (order_id, created_at, delivery_id, payment_id, supporting_project_id) VALUES (2572, (SELECT projects.start_date + INTERVAL 38 DAY FROM projects WHERE projects.id=53), 1, 2572, 2572);
INSERT INTO supporting_packages(id, option_list, package_count, order_id, project_package_id, supporting_project_id) VALUES (2572, '["개인용"]', 10, 2572, 53, 2572);
INSERT INTO supporting_projects(supporting_project_id, supported_at, delivery_id, payment_id, project_id, user_id) VALUES (2573, (SELECT projects.start_date + INTERVAL 21 DAY FROM projects WHERE projects.id=53), 2573, 2573, 53, 11);
INSERT INTO orders (order_id, created_at, delivery_id, payment_id, supporting_project_id) VALUES (2573, (SELECT projects.start_date + INTERVAL 21 DAY FROM projects WHERE projects.id=53), 1, 2573, 2573);
INSERT INTO supporting_packages(id, option_list, package_count, order_id, project_package_id, supporting_project_id) VALUES (2573, '["개인용"]', 1, 2573, 53, 2573);
INSERT INTO supporting_projects(supporting_project_id, supported_at, delivery_id, payment_id, project_id, user_id) VALUES (2574, (SELECT projects.start_date + INTERVAL 4 DAY FROM projects WHERE projects.id=53), 2574, 2574, 53, 3);
INSERT INTO orders (order_id, created_at, delivery_id, payment_id, supporting_project_id) VALUES (2574, (SELECT projects.start_date + INTERVAL 4 DAY FROM projects WHERE projects.id=53), 1, 2574, 2574);
INSERT INTO supporting_packages(id, option_list, package_count, order_id, project_package_id, supporting_project_id) VALUES (2574, '["개인용"]', 7, 2574, 53, 2574);
INSERT INTO supporting_projects(supporting_project_id, supported_at, delivery_id, payment_id, project_id, user_id) VALUES (2575, (SELECT projects.start_date + INTERVAL 4 DAY FROM projects WHERE projects.id=53), 2575, 2575, 53, 30);
INSERT INTO orders (order_id, created_at, delivery_id, payment_id, supporting_project_id) VALUES (2575, (SELECT projects.start_date + INTERVAL 4 DAY FROM projects WHERE projects.id=53), 1, 2575, 2575);
INSERT INTO supporting_packages(id, option_list, package_count, order_id, project_package_id, supporting_project_id) VALUES (2575, '["개인용"]', 5, 2575, 53, 2575);
INSERT INTO supporting_projects(supporting_project_id, supported_at, delivery_id, payment_id, project_id, user_id) VALUES (2576, (SELECT projects.start_date + INTERVAL 38 DAY FROM projects WHERE projects.id=53), 2576, 2576, 53, 23);
INSERT INTO orders (order_id, created_at, delivery_id, payment_id, supporting_project_id) VALUES (2576, (SELECT projects.start_date + INTERVAL 38 DAY FROM projects WHERE projects.id=53), 1, 2576, 2576);
INSERT INTO supporting_packages(id, option_list, package_count, order_id, project_package_id, supporting_project_id) VALUES (2576, '["개인용"]', 10, 2576, 53, 2576);
INSERT INTO supporting_projects(supporting_project_id, supported_at, delivery_id, payment_id, project_id, user_id) VALUES (2577, (SELECT projects.start_date + INTERVAL 4 DAY FROM projects WHERE projects.id=53), 2577, 2577, 53, 5);
INSERT INTO orders (order_id, created_at, delivery_id, payment_id, supporting_project_id) VALUES (2577, (SELECT projects.start_date + INTERVAL 4 DAY FROM projects WHERE projects.id=53), 1, 2577, 2577);
INSERT INTO supporting_packages(id, option_list, package_count, order_id, project_package_id, supporting_project_id) VALUES (2577, '["전문가용"]', 6, 2577, 53, 2577);
INSERT INTO supporting_projects(supporting_project_id, supported_at, delivery_id, payment_id, project_id, user_id) VALUES (2578, (SELECT projects.start_date + INTERVAL 50 DAY FROM projects WHERE projects.id=53), 2578, 2578, 53, 24);
INSERT INTO orders (order_id, created_at, delivery_id, payment_id, supporting_project_id) VALUES (2578, (SELECT projects.start_date + INTERVAL 50 DAY FROM projects WHERE projects.id=53), 1, 2578, 2578);
INSERT INTO supporting_packages(id, option_list, package_count, order_id, project_package_id, supporting_project_id) VALUES (2578, '["전문가용"]', 4, 2578, 53, 2578);
INSERT INTO supporting_projects(supporting_project_id, supported_at, delivery_id, payment_id, project_id, user_id) VALUES (2579, (SELECT projects.start_date + INTERVAL 22 DAY FROM projects WHERE projects.id=53), 2579, 2579, 53, 25);
INSERT INTO orders (order_id, created_at, delivery_id, payment_id, supporting_project_id) VALUES (2579, (SELECT projects.start_date + INTERVAL 22 DAY FROM projects WHERE projects.id=53), 1, 2579, 2579);
INSERT INTO supporting_packages(id, option_list, package_count, order_id, project_package_id, supporting_project_id) VALUES (2579, '["팀용"]', 5, 2579, 53, 2579);
INSERT INTO supporting_projects(supporting_project_id, supported_at, delivery_id, payment_id, project_id, user_id) VALUES (2580, (SELECT projects.start_date + INTERVAL 49 DAY FROM projects WHERE projects.id=53), 2580, 2580, 53, 22);
INSERT INTO orders (order_id, created_at, delivery_id, payment_id, supporting_project_id) VALUES (2580, (SELECT projects.start_date + INTERVAL 49 DAY FROM projects WHERE projects.id=53), 1, 2580, 2580);
INSERT INTO supporting_packages(id, option_list, package_count, order_id, project_package_id, supporting_project_id) VALUES (2580, '["전문가용"]', 3, 2580, 53, 2580);
INSERT INTO supporting_projects(supporting_project_id, supported_at, delivery_id, payment_id, project_id, user_id) VALUES (2581, (SELECT projects.start_date + INTERVAL 42 DAY FROM projects WHERE projects.id=53), 2581, 2581, 53, 13);
INSERT INTO orders (order_id, created_at, delivery_id, payment_id, supporting_project_id) VALUES (2581, (SELECT projects.start_date + INTERVAL 42 DAY FROM projects WHERE projects.id=53), 1, 2581, 2581);
INSERT INTO supporting_packages(id, option_list, package_count, order_id, project_package_id, supporting_project_id) VALUES (2581, '["팀용"]', 8, 2581, 53, 2581);
INSERT INTO supporting_projects(supporting_project_id, supported_at, delivery_id, payment_id, project_id, user_id) VALUES (2582, (SELECT projects.start_date + INTERVAL 33 DAY FROM projects WHERE projects.id=53), 2582, 2582, 53, 10);
INSERT INTO orders (order_id, created_at, delivery_id, payment_id, supporting_project_id) VALUES (2582, (SELECT projects.start_date + INTERVAL 33 DAY FROM projects WHERE projects.id=53), 1, 2582, 2582);
INSERT INTO supporting_packages(id, option_list, package_count, order_id, project_package_id, supporting_project_id) VALUES (2582, '["팀용"]', 8, 2582, 53, 2582);
INSERT INTO supporting_projects(supporting_project_id, supported_at, delivery_id, payment_id, project_id, user_id) VALUES (2583, (SELECT projects.start_date + INTERVAL 6 DAY FROM projects WHERE projects.id=53), 2583, 2583, 53, 25);
INSERT INTO orders (order_id, created_at, delivery_id, payment_id, supporting_project_id) VALUES (2583, (SELECT projects.start_date + INTERVAL 6 DAY FROM projects WHERE projects.id=53), 1, 2583, 2583);
INSERT INTO supporting_packages(id, option_list, package_count, order_id, project_package_id, supporting_project_id) VALUES (2583, '["개인용"]', 6, 2583, 53, 2583);
INSERT INTO supporting_projects(supporting_project_id, supported_at, delivery_id, payment_id, project_id, user_id) VALUES (2584, (SELECT projects.start_date + INTERVAL 21 DAY FROM projects WHERE projects.id=53), 2584, 2584, 53, 25);
INSERT INTO orders (order_id, created_at, delivery_id, payment_id, supporting_project_id) VALUES (2584, (SELECT projects.start_date + INTERVAL 21 DAY FROM projects WHERE projects.id=53), 1, 2584, 2584);
INSERT INTO supporting_packages(id, option_list, package_count, order_id, project_package_id, supporting_project_id) VALUES (2584, '["팀용"]', 5, 2584, 53, 2584);
INSERT INTO supporting_projects(supporting_project_id, supported_at, delivery_id, payment_id, project_id, user_id) VALUES (2585, (SELECT projects.start_date + INTERVAL 25 DAY FROM projects WHERE projects.id=53), 2585, 2585, 53, 33);
INSERT INTO orders (order_id, created_at, delivery_id, payment_id, supporting_project_id) VALUES (2585, (SELECT projects.start_date + INTERVAL 25 DAY FROM projects WHERE projects.id=53), 1, 2585, 2585);
INSERT INTO supporting_packages(id, option_list, package_count, order_id, project_package_id, supporting_project_id) VALUES (2585, '["팀용"]', 5, 2585, 53, 2585);
INSERT INTO supporting_projects(supporting_project_id, supported_at, delivery_id, payment_id, project_id, user_id) VALUES (2586, (SELECT projects.start_date + INTERVAL 2 DAY FROM projects WHERE projects.id=53), 2586, 2586, 53, 29);
INSERT INTO orders (order_id, created_at, delivery_id, payment_id, supporting_project_id) VALUES (2586, (SELECT projects.start_date + INTERVAL 2 DAY FROM projects WHERE projects.id=53), 1, 2586, 2586);
INSERT INTO supporting_packages(id, option_list, package_count, order_id, project_package_id, supporting_project_id) VALUES (2586, '["개인용"]', 1, 2586, 53, 2586);
INSERT INTO supporting_projects(supporting_project_id, supported_at, delivery_id, payment_id, project_id, user_id) VALUES (2587, (SELECT projects.start_date + INTERVAL 9 DAY FROM projects WHERE projects.id=53), 2587, 2587, 53, 13);
INSERT INTO orders (order_id, created_at, delivery_id, payment_id, supporting_project_id) VALUES (2587, (SELECT projects.start_date + INTERVAL 9 DAY FROM projects WHERE projects.id=53), 1, 2587, 2587);
INSERT INTO supporting_packages(id, option_list, package_count, order_id, project_package_id, supporting_project_id) VALUES (2587, '["팀용"]', 2, 2587, 53, 2587);
INSERT INTO supporting_projects(supporting_project_id, supported_at, delivery_id, payment_id, project_id, user_id) VALUES (2588, (SELECT projects.start_date + INTERVAL 49 DAY FROM projects WHERE projects.id=53), 2588, 2588, 53, 25);
INSERT INTO orders (order_id, created_at, delivery_id, payment_id, supporting_project_id) VALUES (2588, (SELECT projects.start_date + INTERVAL 49 DAY FROM projects WHERE projects.id=53), 1, 2588, 2588);
INSERT INTO supporting_packages(id, option_list, package_count, order_id, project_package_id, supporting_project_id) VALUES (2588, '["전문가용"]', 5, 2588, 53, 2588);
INSERT INTO supporting_projects(supporting_project_id, supported_at, delivery_id, payment_id, project_id, user_id) VALUES (2589, (SELECT projects.start_date + INTERVAL 14 DAY FROM projects WHERE projects.id=53), 2589, 2589, 53, 10);
INSERT INTO orders (order_id, created_at, delivery_id, payment_id, supporting_project_id) VALUES (2589, (SELECT projects.start_date + INTERVAL 14 DAY FROM projects WHERE projects.id=53), 1, 2589, 2589);
INSERT INTO supporting_packages(id, option_list, package_count, order_id, project_package_id, supporting_project_id) VALUES (2589, '["팀용"]', 3, 2589, 53, 2589);
INSERT INTO supporting_projects(supporting_project_id, supported_at, delivery_id, payment_id, project_id, user_id) VALUES (2590, (SELECT projects.start_date + INTERVAL 25 DAY FROM projects WHERE projects.id=53), 2590, 2590, 53, 3);
INSERT INTO orders (order_id, created_at, delivery_id, payment_id, supporting_project_id) VALUES (2590, (SELECT projects.start_date + INTERVAL 25 DAY FROM projects WHERE projects.id=53), 1, 2590, 2590);
INSERT INTO supporting_packages(id, option_list, package_count, order_id, project_package_id, supporting_project_id) VALUES (2590, '["개인용"]', 1, 2590, 53, 2590);
INSERT INTO supporting_projects(supporting_project_id, supported_at, delivery_id, payment_id, project_id, user_id) VALUES (2591, (SELECT projects.start_date + INTERVAL 37 DAY FROM projects WHERE projects.id=53), 2591, 2591, 53, 8);
INSERT INTO orders (order_id, created_at, delivery_id, payment_id, supporting_project_id) VALUES (2591, (SELECT projects.start_date + INTERVAL 37 DAY FROM projects WHERE projects.id=53), 1, 2591, 2591);
INSERT INTO supporting_packages(id, option_list, package_count, order_id, project_package_id, supporting_project_id) VALUES (2591, '["팀용"]', 1, 2591, 53, 2591);
INSERT INTO supporting_projects(supporting_project_id, supported_at, delivery_id, payment_id, project_id, user_id) VALUES (2592, (SELECT projects.start_date + INTERVAL 25 DAY FROM projects WHERE projects.id=53), 2592, 2592, 53, 11);
INSERT INTO orders (order_id, created_at, delivery_id, payment_id, supporting_project_id) VALUES (2592, (SELECT projects.start_date + INTERVAL 25 DAY FROM projects WHERE projects.id=53), 1, 2592, 2592);
INSERT INTO supporting_packages(id, option_list, package_count, order_id, project_package_id, supporting_project_id) VALUES (2592, '["팀용"]', 9, 2592, 53, 2592);
INSERT INTO supporting_projects(supporting_project_id, supported_at, delivery_id, payment_id, project_id, user_id) VALUES (2593, (SELECT projects.start_date + INTERVAL 42 DAY FROM projects WHERE projects.id=53), 2593, 2593, 53, 14);
INSERT INTO orders (order_id, created_at, delivery_id, payment_id, supporting_project_id) VALUES (2593, (SELECT projects.start_date + INTERVAL 42 DAY FROM projects WHERE projects.id=53), 1, 2593, 2593);
INSERT INTO supporting_packages(id, option_list, package_count, order_id, project_package_id, supporting_project_id) VALUES (2593, '["개인용"]', 5, 2593, 53, 2593);
INSERT INTO supporting_projects(supporting_project_id, supported_at, delivery_id, payment_id, project_id, user_id) VALUES (2594, (SELECT projects.start_date + INTERVAL 34 DAY FROM projects WHERE projects.id=53), 2594, 2594, 53, 10);
INSERT INTO orders (order_id, created_at, delivery_id, payment_id, supporting_project_id) VALUES (2594, (SELECT projects.start_date + INTERVAL 34 DAY FROM projects WHERE projects.id=53), 1, 2594, 2594);
INSERT INTO supporting_packages(id, option_list, package_count, order_id, project_package_id, supporting_project_id) VALUES (2594, '["전문가용"]', 8, 2594, 53, 2594);
INSERT INTO supporting_projects(supporting_project_id, supported_at, delivery_id, payment_id, project_id, user_id) VALUES (2595, (SELECT projects.start_date + INTERVAL 28 DAY FROM projects WHERE projects.id=53), 2595, 2595, 53, 34);
INSERT INTO orders (order_id, created_at, delivery_id, payment_id, supporting_project_id) VALUES (2595, (SELECT projects.start_date + INTERVAL 28 DAY FROM projects WHERE projects.id=53), 1, 2595, 2595);
INSERT INTO supporting_packages(id, option_list, package_count, order_id, project_package_id, supporting_project_id) VALUES (2595, '["팀용"]', 8, 2595, 53, 2595);
INSERT INTO supporting_projects(supporting_project_id, supported_at, delivery_id, payment_id, project_id, user_id) VALUES (2596, (SELECT projects.start_date + INTERVAL 12 DAY FROM projects WHERE projects.id=53), 2596, 2596, 53, 28);
INSERT INTO orders (order_id, created_at, delivery_id, payment_id, supporting_project_id) VALUES (2596, (SELECT projects.start_date + INTERVAL 12 DAY FROM projects WHERE projects.id=53), 1, 2596, 2596);
INSERT INTO supporting_packages(id, option_list, package_count, order_id, project_package_id, supporting_project_id) VALUES (2596, '["팀용"]', 8, 2596, 53, 2596);
INSERT INTO supporting_projects(supporting_project_id, supported_at, delivery_id, payment_id, project_id, user_id) VALUES (2597, (SELECT projects.start_date + INTERVAL 14 DAY FROM projects WHERE projects.id=53), 2597, 2597, 53, 15);
INSERT INTO orders (order_id, created_at, delivery_id, payment_id, supporting_project_id) VALUES (2597, (SELECT projects.start_date + INTERVAL 14 DAY FROM projects WHERE projects.id=53), 1, 2597, 2597);
INSERT INTO supporting_packages(id, option_list, package_count, order_id, project_package_id, supporting_project_id) VALUES (2597, '["팀용"]', 7, 2597, 53, 2597);
INSERT INTO supporting_projects(supporting_project_id, supported_at, delivery_id, payment_id, project_id, user_id) VALUES (2598, (SELECT projects.start_date + INTERVAL 5 DAY FROM projects WHERE projects.id=53), 2598, 2598, 53, 13);
INSERT INTO orders (order_id, created_at, delivery_id, payment_id, supporting_project_id) VALUES (2598, (SELECT projects.start_date + INTERVAL 5 DAY FROM projects WHERE projects.id=53), 1, 2598, 2598);
INSERT INTO supporting_packages(id, option_list, package_count, order_id, project_package_id, supporting_project_id) VALUES (2598, '["팀용"]', 10, 2598, 53, 2598);
INSERT INTO supporting_projects(supporting_project_id, supported_at, delivery_id, payment_id, project_id, user_id) VALUES (2599, (SELECT projects.start_date + INTERVAL 23 DAY FROM projects WHERE projects.id=53), 2599, 2599, 53, 28);
INSERT INTO orders (order_id, created_at, delivery_id, payment_id, supporting_project_id) VALUES (2599, (SELECT projects.start_date + INTERVAL 23 DAY FROM projects WHERE projects.id=53), 1, 2599, 2599);
INSERT INTO supporting_packages(id, option_list, package_count, order_id, project_package_id, supporting_project_id) VALUES (2599, '["팀용"]', 3, 2599, 53, 2599);
INSERT INTO supporting_projects(supporting_project_id, supported_at, delivery_id, payment_id, project_id, user_id) VALUES (2600, (SELECT projects.start_date + INTERVAL 39 DAY FROM projects WHERE projects.id=53), 2600, 2600, 53, 19);
INSERT INTO orders (order_id, created_at, delivery_id, payment_id, supporting_project_id) VALUES (2600, (SELECT projects.start_date + INTERVAL 39 DAY FROM projects WHERE projects.id=53), 1, 2600, 2600);
INSERT INTO supporting_packages(id, option_list, package_count, order_id, project_package_id, supporting_project_id) VALUES (2600, '["팀용"]', 1, 2600, 53, 2600);
INSERT INTO supporting_projects(supporting_project_id, supported_at, delivery_id, payment_id, project_id, user_id) VALUES (2601, (SELECT projects.start_date + INTERVAL 16 DAY FROM projects WHERE projects.id=53), 2601, 2601, 53, 12);
INSERT INTO orders (order_id, created_at, delivery_id, payment_id, supporting_project_id) VALUES (2601, (SELECT projects.start_date + INTERVAL 16 DAY FROM projects WHERE projects.id=53), 1, 2601, 2601);
INSERT INTO supporting_packages(id, option_list, package_count, order_id, project_package_id, supporting_project_id) VALUES (2601, '["개인용"]', 3, 2601, 53, 2601);
INSERT INTO supporting_projects(supporting_project_id, supported_at, delivery_id, payment_id, project_id, user_id) VALUES (2602, (SELECT projects.start_date + INTERVAL 21 DAY FROM projects WHERE projects.id=53), 2602, 2602, 53, 21);
INSERT INTO orders (order_id, created_at, delivery_id, payment_id, supporting_project_id) VALUES (2602, (SELECT projects.start_date + INTERVAL 21 DAY FROM projects WHERE projects.id=53), 1, 2602, 2602);
INSERT INTO supporting_packages(id, option_list, package_count, order_id, project_package_id, supporting_project_id) VALUES (2602, '["전문가용"]', 9, 2602, 53, 2602);
INSERT INTO supporting_projects(supporting_project_id, supported_at, delivery_id, payment_id, project_id, user_id) VALUES (2603, (SELECT projects.start_date + INTERVAL 26 DAY FROM projects WHERE projects.id=53), 2603, 2603, 53, 37);
INSERT INTO orders (order_id, created_at, delivery_id, payment_id, supporting_project_id) VALUES (2603, (SELECT projects.start_date + INTERVAL 26 DAY FROM projects WHERE projects.id=53), 1, 2603, 2603);
INSERT INTO supporting_packages(id, option_list, package_count, order_id, project_package_id, supporting_project_id) VALUES (2603, '["팀용"]', 7, 2603, 53, 2603);
INSERT INTO supporting_projects(supporting_project_id, supported_at, delivery_id, payment_id, project_id, user_id) VALUES (2604, (SELECT projects.start_date + INTERVAL 2 DAY FROM projects WHERE projects.id=53), 2604, 2604, 53, 27);
INSERT INTO orders (order_id, created_at, delivery_id, payment_id, supporting_project_id) VALUES (2604, (SELECT projects.start_date + INTERVAL 2 DAY FROM projects WHERE projects.id=53), 1, 2604, 2604);
INSERT INTO supporting_packages(id, option_list, package_count, order_id, project_package_id, supporting_project_id) VALUES (2604, '["전문가용"]', 9, 2604, 53, 2604);
INSERT INTO supporting_projects(supporting_project_id, supported_at, delivery_id, payment_id, project_id, user_id) VALUES (2605, (SELECT projects.start_date + INTERVAL 10 DAY FROM projects WHERE projects.id=53), 2605, 2605, 53, 30);
INSERT INTO orders (order_id, created_at, delivery_id, payment_id, supporting_project_id) VALUES (2605, (SELECT projects.start_date + INTERVAL 10 DAY FROM projects WHERE projects.id=53), 1, 2605, 2605);
INSERT INTO supporting_packages(id, option_list, package_count, order_id, project_package_id, supporting_project_id) VALUES (2605, '["개인용"]', 5, 2605, 53, 2605);
INSERT INTO supporting_projects(supporting_project_id, supported_at, delivery_id, payment_id, project_id, user_id) VALUES (2606, (SELECT projects.start_date + INTERVAL 13 DAY FROM projects WHERE projects.id=53), 2606, 2606, 53, 39);
INSERT INTO orders (order_id, created_at, delivery_id, payment_id, supporting_project_id) VALUES (2606, (SELECT projects.start_date + INTERVAL 13 DAY FROM projects WHERE projects.id=53), 1, 2606, 2606);
INSERT INTO supporting_packages(id, option_list, package_count, order_id, project_package_id, supporting_project_id) VALUES (2606, '["전문가용"]', 4, 2606, 53, 2606);
INSERT INTO supporting_projects(supporting_project_id, supported_at, delivery_id, payment_id, project_id, user_id) VALUES (2607, (SELECT projects.start_date + INTERVAL 42 DAY FROM projects WHERE projects.id=53), 2607, 2607, 53, 23);
INSERT INTO orders (order_id, created_at, delivery_id, payment_id, supporting_project_id) VALUES (2607, (SELECT projects.start_date + INTERVAL 42 DAY FROM projects WHERE projects.id=53), 1, 2607, 2607);
INSERT INTO supporting_packages(id, option_list, package_count, order_id, project_package_id, supporting_project_id) VALUES (2607, '["팀용"]', 8, 2607, 53, 2607);
INSERT INTO supporting_projects(supporting_project_id, supported_at, delivery_id, payment_id, project_id, user_id) VALUES (2608, (SELECT projects.start_date + INTERVAL 45 DAY FROM projects WHERE projects.id=53), 2608, 2608, 53, 3);
INSERT INTO orders (order_id, created_at, delivery_id, payment_id, supporting_project_id) VALUES (2608, (SELECT projects.start_date + INTERVAL 45 DAY FROM projects WHERE projects.id=53), 1, 2608, 2608);
INSERT INTO supporting_packages(id, option_list, package_count, order_id, project_package_id, supporting_project_id) VALUES (2608, '["전문가용"]', 6, 2608, 53, 2608);
INSERT INTO supporting_projects(supporting_project_id, supported_at, delivery_id, payment_id, project_id, user_id) VALUES (2609, (SELECT projects.start_date + INTERVAL 28 DAY FROM projects WHERE projects.id=53), 2609, 2609, 53, 15);
INSERT INTO orders (order_id, created_at, delivery_id, payment_id, supporting_project_id) VALUES (2609, (SELECT projects.start_date + INTERVAL 28 DAY FROM projects WHERE projects.id=53), 1, 2609, 2609);
INSERT INTO supporting_packages(id, option_list, package_count, order_id, project_package_id, supporting_project_id) VALUES (2609, '["개인용"]', 6, 2609, 53, 2609);
INSERT INTO supporting_projects(supporting_project_id, supported_at, delivery_id, payment_id, project_id, user_id) VALUES (2610, (SELECT projects.start_date + INTERVAL 30 DAY FROM projects WHERE projects.id=53), 2610, 2610, 53, 18);
INSERT INTO orders (order_id, created_at, delivery_id, payment_id, supporting_project_id) VALUES (2610, (SELECT projects.start_date + INTERVAL 30 DAY FROM projects WHERE projects.id=53), 1, 2610, 2610);
INSERT INTO supporting_packages(id, option_list, package_count, order_id, project_package_id, supporting_project_id) VALUES (2610, '["팀용"]', 6, 2610, 53, 2610);
INSERT INTO supporting_projects(supporting_project_id, supported_at, delivery_id, payment_id, project_id, user_id) VALUES (2611, (SELECT projects.start_date + INTERVAL 49 DAY FROM projects WHERE projects.id=53), 2611, 2611, 53, 27);
INSERT INTO orders (order_id, created_at, delivery_id, payment_id, supporting_project_id) VALUES (2611, (SELECT projects.start_date + INTERVAL 49 DAY FROM projects WHERE projects.id=53), 1, 2611, 2611);
INSERT INTO supporting_packages(id, option_list, package_count, order_id, project_package_id, supporting_project_id) VALUES (2611, '["전문가용"]', 7, 2611, 53, 2611);
INSERT INTO supporting_projects(supporting_project_id, supported_at, delivery_id, payment_id, project_id, user_id) VALUES (2612, (SELECT projects.start_date + INTERVAL 9 DAY FROM projects WHERE projects.id=53), 2612, 2612, 53, 6);
INSERT INTO orders (order_id, created_at, delivery_id, payment_id, supporting_project_id) VALUES (2612, (SELECT projects.start_date + INTERVAL 9 DAY FROM projects WHERE projects.id=53), 1, 2612, 2612);
INSERT INTO supporting_packages(id, option_list, package_count, order_id, project_package_id, supporting_project_id) VALUES (2612, '["개인용"]', 1, 2612, 53, 2612);
INSERT INTO supporting_projects(supporting_project_id, supported_at, delivery_id, payment_id, project_id, user_id) VALUES (2613, (SELECT projects.start_date + INTERVAL 21 DAY FROM projects WHERE projects.id=53), 2613, 2613, 53, 10);
INSERT INTO orders (order_id, created_at, delivery_id, payment_id, supporting_project_id) VALUES (2613, (SELECT projects.start_date + INTERVAL 21 DAY FROM projects WHERE projects.id=53), 1, 2613, 2613);
INSERT INTO supporting_packages(id, option_list, package_count, order_id, project_package_id, supporting_project_id) VALUES (2613, '["팀용"]', 3, 2613, 53, 2613);
INSERT INTO supporting_projects(supporting_project_id, supported_at, delivery_id, payment_id, project_id, user_id) VALUES (2614, (SELECT projects.start_date + INTERVAL 24 DAY FROM projects WHERE projects.id=53), 2614, 2614, 53, 17);
INSERT INTO orders (order_id, created_at, delivery_id, payment_id, supporting_project_id) VALUES (2614, (SELECT projects.start_date + INTERVAL 24 DAY FROM projects WHERE projects.id=53), 1, 2614, 2614);
INSERT INTO supporting_packages(id, option_list, package_count, order_id, project_package_id, supporting_project_id) VALUES (2614, '["개인용"]', 7, 2614, 53, 2614);
INSERT INTO supporting_projects(supporting_project_id, supported_at, delivery_id, payment_id, project_id, user_id) VALUES (2615, (SELECT projects.start_date + INTERVAL 37 DAY FROM projects WHERE projects.id=53), 2615, 2615, 53, 39);
INSERT INTO orders (order_id, created_at, delivery_id, payment_id, supporting_project_id) VALUES (2615, (SELECT projects.start_date + INTERVAL 37 DAY FROM projects WHERE projects.id=53), 1, 2615, 2615);
INSERT INTO supporting_packages(id, option_list, package_count, order_id, project_package_id, supporting_project_id) VALUES (2615, '["전문가용"]', 1, 2615, 53, 2615);
INSERT INTO supporting_projects(supporting_project_id, supported_at, delivery_id, payment_id, project_id, user_id) VALUES (2616, (SELECT projects.start_date + INTERVAL 35 DAY FROM projects WHERE projects.id=53), 2616, 2616, 53, 8);
INSERT INTO orders (order_id, created_at, delivery_id, payment_id, supporting_project_id) VALUES (2616, (SELECT projects.start_date + INTERVAL 35 DAY FROM projects WHERE projects.id=53), 1, 2616, 2616);
INSERT INTO supporting_packages(id, option_list, package_count, order_id, project_package_id, supporting_project_id) VALUES (2616, '["개인용"]', 7, 2616, 53, 2616);
INSERT INTO supporting_projects(supporting_project_id, supported_at, delivery_id, payment_id, project_id, user_id) VALUES (2617, (SELECT projects.start_date + INTERVAL 34 DAY FROM projects WHERE projects.id=54), 2617, 2617, 54, 37);
INSERT INTO orders (order_id, created_at, delivery_id, payment_id, supporting_project_id) VALUES (2617, (SELECT projects.start_date + INTERVAL 34 DAY FROM projects WHERE projects.id=54), 1, 2617, 2617);
INSERT INTO supporting_packages(id, option_list, package_count, order_id, project_package_id, supporting_project_id) VALUES (2617, '["메이크업"]', 6, 2617, 54, 2617);
INSERT INTO supporting_projects(supporting_project_id, supported_at, delivery_id, payment_id, project_id, user_id) VALUES (2618, (SELECT projects.start_date + INTERVAL 44 DAY FROM projects WHERE projects.id=54), 2618, 2618, 54, 32);
INSERT INTO orders (order_id, created_at, delivery_id, payment_id, supporting_project_id) VALUES (2618, (SELECT projects.start_date + INTERVAL 44 DAY FROM projects WHERE projects.id=54), 1, 2618, 2618);
INSERT INTO supporting_packages(id, option_list, package_count, order_id, project_package_id, supporting_project_id) VALUES (2618, '["패션 콜라보"]', 3, 2618, 54, 2618);
INSERT INTO supporting_projects(supporting_project_id, supported_at, delivery_id, payment_id, project_id, user_id) VALUES (2619, (SELECT projects.start_date + INTERVAL 40 DAY FROM projects WHERE projects.id=54), 2619, 2619, 54, 4);
INSERT INTO orders (order_id, created_at, delivery_id, payment_id, supporting_project_id) VALUES (2619, (SELECT projects.start_date + INTERVAL 40 DAY FROM projects WHERE projects.id=54), 1, 2619, 2619);
INSERT INTO supporting_packages(id, option_list, package_count, order_id, project_package_id, supporting_project_id) VALUES (2619, '["패션 콜라보"]', 3, 2619, 54, 2619);
INSERT INTO supporting_projects(supporting_project_id, supported_at, delivery_id, payment_id, project_id, user_id) VALUES (2620, (SELECT projects.start_date + INTERVAL 5 DAY FROM projects WHERE projects.id=54), 2620, 2620, 54, 23);
INSERT INTO orders (order_id, created_at, delivery_id, payment_id, supporting_project_id) VALUES (2620, (SELECT projects.start_date + INTERVAL 5 DAY FROM projects WHERE projects.id=54), 1, 2620, 2620);
INSERT INTO supporting_packages(id, option_list, package_count, order_id, project_package_id, supporting_project_id) VALUES (2620, '["메이크업"]', 2, 2620, 54, 2620);
INSERT INTO supporting_projects(supporting_project_id, supported_at, delivery_id, payment_id, project_id, user_id) VALUES (2621, (SELECT projects.start_date + INTERVAL 17 DAY FROM projects WHERE projects.id=54), 2621, 2621, 54, 30);
INSERT INTO orders (order_id, created_at, delivery_id, payment_id, supporting_project_id) VALUES (2621, (SELECT projects.start_date + INTERVAL 17 DAY FROM projects WHERE projects.id=54), 1, 2621, 2621);
INSERT INTO supporting_packages(id, option_list, package_count, order_id, project_package_id, supporting_project_id) VALUES (2621, '["메이크업"]', 9, 2621, 54, 2621);
INSERT INTO supporting_projects(supporting_project_id, supported_at, delivery_id, payment_id, project_id, user_id) VALUES (2622, (SELECT projects.start_date + INTERVAL 44 DAY FROM projects WHERE projects.id=54), 2622, 2622, 54, 33);
INSERT INTO orders (order_id, created_at, delivery_id, payment_id, supporting_project_id) VALUES (2622, (SELECT projects.start_date + INTERVAL 44 DAY FROM projects WHERE projects.id=54), 1, 2622, 2622);
INSERT INTO supporting_packages(id, option_list, package_count, order_id, project_package_id, supporting_project_id) VALUES (2622, '["스킨케어"]', 3, 2622, 54, 2622);
INSERT INTO supporting_projects(supporting_project_id, supported_at, delivery_id, payment_id, project_id, user_id) VALUES (2623, (SELECT projects.start_date + INTERVAL 48 DAY FROM projects WHERE projects.id=54), 2623, 2623, 54, 38);
INSERT INTO orders (order_id, created_at, delivery_id, payment_id, supporting_project_id) VALUES (2623, (SELECT projects.start_date + INTERVAL 48 DAY FROM projects WHERE projects.id=54), 1, 2623, 2623);
INSERT INTO supporting_packages(id, option_list, package_count, order_id, project_package_id, supporting_project_id) VALUES (2623, '["스킨케어"]', 5, 2623, 54, 2623);
INSERT INTO supporting_projects(supporting_project_id, supported_at, delivery_id, payment_id, project_id, user_id) VALUES (2624, (SELECT projects.start_date + INTERVAL 43 DAY FROM projects WHERE projects.id=54), 2624, 2624, 54, 15);
INSERT INTO orders (order_id, created_at, delivery_id, payment_id, supporting_project_id) VALUES (2624, (SELECT projects.start_date + INTERVAL 43 DAY FROM projects WHERE projects.id=54), 1, 2624, 2624);
INSERT INTO supporting_packages(id, option_list, package_count, order_id, project_package_id, supporting_project_id) VALUES (2624, '["스킨케어"]', 6, 2624, 54, 2624);
INSERT INTO supporting_projects(supporting_project_id, supported_at, delivery_id, payment_id, project_id, user_id) VALUES (2625, (SELECT projects.start_date + INTERVAL 11 DAY FROM projects WHERE projects.id=54), 2625, 2625, 54, 28);
INSERT INTO orders (order_id, created_at, delivery_id, payment_id, supporting_project_id) VALUES (2625, (SELECT projects.start_date + INTERVAL 11 DAY FROM projects WHERE projects.id=54), 1, 2625, 2625);
INSERT INTO supporting_packages(id, option_list, package_count, order_id, project_package_id, supporting_project_id) VALUES (2625, '["스킨케어"]', 2, 2625, 54, 2625);
INSERT INTO supporting_projects(supporting_project_id, supported_at, delivery_id, payment_id, project_id, user_id) VALUES (2626, (SELECT projects.start_date + INTERVAL 4 DAY FROM projects WHERE projects.id=54), 2626, 2626, 54, 34);
INSERT INTO orders (order_id, created_at, delivery_id, payment_id, supporting_project_id) VALUES (2626, (SELECT projects.start_date + INTERVAL 4 DAY FROM projects WHERE projects.id=54), 1, 2626, 2626);
INSERT INTO supporting_packages(id, option_list, package_count, order_id, project_package_id, supporting_project_id) VALUES (2626, '["스킨케어"]', 8, 2626, 54, 2626);
INSERT INTO supporting_projects(supporting_project_id, supported_at, delivery_id, payment_id, project_id, user_id) VALUES (2627, (SELECT projects.start_date + INTERVAL 9 DAY FROM projects WHERE projects.id=54), 2627, 2627, 54, 2);
INSERT INTO orders (order_id, created_at, delivery_id, payment_id, supporting_project_id) VALUES (2627, (SELECT projects.start_date + INTERVAL 9 DAY FROM projects WHERE projects.id=54), 1, 2627, 2627);
INSERT INTO supporting_packages(id, option_list, package_count, order_id, project_package_id, supporting_project_id) VALUES (2627, '["패션 콜라보"]', 8, 2627, 54, 2627);
INSERT INTO supporting_projects(supporting_project_id, supported_at, delivery_id, payment_id, project_id, user_id) VALUES (2628, (SELECT projects.start_date + INTERVAL 25 DAY FROM projects WHERE projects.id=54), 2628, 2628, 54, 32);
INSERT INTO orders (order_id, created_at, delivery_id, payment_id, supporting_project_id) VALUES (2628, (SELECT projects.start_date + INTERVAL 25 DAY FROM projects WHERE projects.id=54), 1, 2628, 2628);
INSERT INTO supporting_packages(id, option_list, package_count, order_id, project_package_id, supporting_project_id) VALUES (2628, '["메이크업"]', 2, 2628, 54, 2628);
INSERT INTO supporting_projects(supporting_project_id, supported_at, delivery_id, payment_id, project_id, user_id) VALUES (2629, (SELECT projects.start_date + INTERVAL 7 DAY FROM projects WHERE projects.id=54), 2629, 2629, 54, 13);
INSERT INTO orders (order_id, created_at, delivery_id, payment_id, supporting_project_id) VALUES (2629, (SELECT projects.start_date + INTERVAL 7 DAY FROM projects WHERE projects.id=54), 1, 2629, 2629);
INSERT INTO supporting_packages(id, option_list, package_count, order_id, project_package_id, supporting_project_id) VALUES (2629, '["패션 콜라보"]', 8, 2629, 54, 2629);
INSERT INTO supporting_projects(supporting_project_id, supported_at, delivery_id, payment_id, project_id, user_id) VALUES (2630, (SELECT projects.start_date + INTERVAL 47 DAY FROM projects WHERE projects.id=54), 2630, 2630, 54, 1);
INSERT INTO orders (order_id, created_at, delivery_id, payment_id, supporting_project_id) VALUES (2630, (SELECT projects.start_date + INTERVAL 47 DAY FROM projects WHERE projects.id=54), 1, 2630, 2630);
INSERT INTO supporting_packages(id, option_list, package_count, order_id, project_package_id, supporting_project_id) VALUES (2630, '["메이크업"]', 3, 2630, 54, 2630);
INSERT INTO supporting_projects(supporting_project_id, supported_at, delivery_id, payment_id, project_id, user_id) VALUES (2631, (SELECT projects.start_date + INTERVAL 9 DAY FROM projects WHERE projects.id=54), 2631, 2631, 54, 14);
INSERT INTO orders (order_id, created_at, delivery_id, payment_id, supporting_project_id) VALUES (2631, (SELECT projects.start_date + INTERVAL 9 DAY FROM projects WHERE projects.id=54), 1, 2631, 2631);
INSERT INTO supporting_packages(id, option_list, package_count, order_id, project_package_id, supporting_project_id) VALUES (2631, '["스킨케어"]', 9, 2631, 54, 2631);
INSERT INTO supporting_projects(supporting_project_id, supported_at, delivery_id, payment_id, project_id, user_id) VALUES (2632, (SELECT projects.start_date + INTERVAL 45 DAY FROM projects WHERE projects.id=54), 2632, 2632, 54, 1);
INSERT INTO orders (order_id, created_at, delivery_id, payment_id, supporting_project_id) VALUES (2632, (SELECT projects.start_date + INTERVAL 45 DAY FROM projects WHERE projects.id=54), 1, 2632, 2632);
INSERT INTO supporting_packages(id, option_list, package_count, order_id, project_package_id, supporting_project_id) VALUES (2632, '["스킨케어"]', 10, 2632, 54, 2632);
INSERT INTO supporting_projects(supporting_project_id, supported_at, delivery_id, payment_id, project_id, user_id) VALUES (2633, (SELECT projects.start_date + INTERVAL 9 DAY FROM projects WHERE projects.id=54), 2633, 2633, 54, 35);
INSERT INTO orders (order_id, created_at, delivery_id, payment_id, supporting_project_id) VALUES (2633, (SELECT projects.start_date + INTERVAL 9 DAY FROM projects WHERE projects.id=54), 1, 2633, 2633);
INSERT INTO supporting_packages(id, option_list, package_count, order_id, project_package_id, supporting_project_id) VALUES (2633, '["패션 콜라보"]', 10, 2633, 54, 2633);
INSERT INTO supporting_projects(supporting_project_id, supported_at, delivery_id, payment_id, project_id, user_id) VALUES (2634, (SELECT projects.start_date + INTERVAL 36 DAY FROM projects WHERE projects.id=54), 2634, 2634, 54, 19);
INSERT INTO orders (order_id, created_at, delivery_id, payment_id, supporting_project_id) VALUES (2634, (SELECT projects.start_date + INTERVAL 36 DAY FROM projects WHERE projects.id=54), 1, 2634, 2634);
INSERT INTO supporting_packages(id, option_list, package_count, order_id, project_package_id, supporting_project_id) VALUES (2634, '["스킨케어"]', 7, 2634, 54, 2634);
INSERT INTO supporting_projects(supporting_project_id, supported_at, delivery_id, payment_id, project_id, user_id) VALUES (2635, (SELECT projects.start_date + INTERVAL 43 DAY FROM projects WHERE projects.id=54), 2635, 2635, 54, 36);
INSERT INTO orders (order_id, created_at, delivery_id, payment_id, supporting_project_id) VALUES (2635, (SELECT projects.start_date + INTERVAL 43 DAY FROM projects WHERE projects.id=54), 1, 2635, 2635);
INSERT INTO supporting_packages(id, option_list, package_count, order_id, project_package_id, supporting_project_id) VALUES (2635, '["메이크업"]', 6, 2635, 54, 2635);
INSERT INTO supporting_projects(supporting_project_id, supported_at, delivery_id, payment_id, project_id, user_id) VALUES (2636, (SELECT projects.start_date + INTERVAL 35 DAY FROM projects WHERE projects.id=54), 2636, 2636, 54, 35);
INSERT INTO orders (order_id, created_at, delivery_id, payment_id, supporting_project_id) VALUES (2636, (SELECT projects.start_date + INTERVAL 35 DAY FROM projects WHERE projects.id=54), 1, 2636, 2636);
INSERT INTO supporting_packages(id, option_list, package_count, order_id, project_package_id, supporting_project_id) VALUES (2636, '["스킨케어"]', 3, 2636, 54, 2636);
INSERT INTO supporting_projects(supporting_project_id, supported_at, delivery_id, payment_id, project_id, user_id) VALUES (2637, (SELECT projects.start_date + INTERVAL 6 DAY FROM projects WHERE projects.id=54), 2637, 2637, 54, 15);
INSERT INTO orders (order_id, created_at, delivery_id, payment_id, supporting_project_id) VALUES (2637, (SELECT projects.start_date + INTERVAL 6 DAY FROM projects WHERE projects.id=54), 1, 2637, 2637);
INSERT INTO supporting_packages(id, option_list, package_count, order_id, project_package_id, supporting_project_id) VALUES (2637, '["스킨케어"]', 2, 2637, 54, 2637);
INSERT INTO supporting_projects(supporting_project_id, supported_at, delivery_id, payment_id, project_id, user_id) VALUES (2638, (SELECT projects.start_date + INTERVAL 39 DAY FROM projects WHERE projects.id=54), 2638, 2638, 54, 23);
INSERT INTO orders (order_id, created_at, delivery_id, payment_id, supporting_project_id) VALUES (2638, (SELECT projects.start_date + INTERVAL 39 DAY FROM projects WHERE projects.id=54), 1, 2638, 2638);
INSERT INTO supporting_packages(id, option_list, package_count, order_id, project_package_id, supporting_project_id) VALUES (2638, '["스킨케어"]', 6, 2638, 54, 2638);
INSERT INTO supporting_projects(supporting_project_id, supported_at, delivery_id, payment_id, project_id, user_id) VALUES (2639, (SELECT projects.start_date + INTERVAL 34 DAY FROM projects WHERE projects.id=54), 2639, 2639, 54, 27);
INSERT INTO orders (order_id, created_at, delivery_id, payment_id, supporting_project_id) VALUES (2639, (SELECT projects.start_date + INTERVAL 34 DAY FROM projects WHERE projects.id=54), 1, 2639, 2639);
INSERT INTO supporting_packages(id, option_list, package_count, order_id, project_package_id, supporting_project_id) VALUES (2639, '["메이크업"]', 2, 2639, 54, 2639);
INSERT INTO supporting_projects(supporting_project_id, supported_at, delivery_id, payment_id, project_id, user_id) VALUES (2640, (SELECT projects.start_date + INTERVAL 45 DAY FROM projects WHERE projects.id=54), 2640, 2640, 54, 34);
INSERT INTO orders (order_id, created_at, delivery_id, payment_id, supporting_project_id) VALUES (2640, (SELECT projects.start_date + INTERVAL 45 DAY FROM projects WHERE projects.id=54), 1, 2640, 2640);
INSERT INTO supporting_packages(id, option_list, package_count, order_id, project_package_id, supporting_project_id) VALUES (2640, '["메이크업"]', 2, 2640, 54, 2640);
INSERT INTO supporting_projects(supporting_project_id, supported_at, delivery_id, payment_id, project_id, user_id) VALUES (2641, (SELECT projects.start_date + INTERVAL 32 DAY FROM projects WHERE projects.id=54), 2641, 2641, 54, 11);
INSERT INTO orders (order_id, created_at, delivery_id, payment_id, supporting_project_id) VALUES (2641, (SELECT projects.start_date + INTERVAL 32 DAY FROM projects WHERE projects.id=54), 1, 2641, 2641);
INSERT INTO supporting_packages(id, option_list, package_count, order_id, project_package_id, supporting_project_id) VALUES (2641, '["패션 콜라보"]', 10, 2641, 54, 2641);
INSERT INTO supporting_projects(supporting_project_id, supported_at, delivery_id, payment_id, project_id, user_id) VALUES (2642, (SELECT projects.start_date + INTERVAL 35 DAY FROM projects WHERE projects.id=54), 2642, 2642, 54, 39);
INSERT INTO orders (order_id, created_at, delivery_id, payment_id, supporting_project_id) VALUES (2642, (SELECT projects.start_date + INTERVAL 35 DAY FROM projects WHERE projects.id=54), 1, 2642, 2642);
INSERT INTO supporting_packages(id, option_list, package_count, order_id, project_package_id, supporting_project_id) VALUES (2642, '["메이크업"]', 6, 2642, 54, 2642);
INSERT INTO supporting_projects(supporting_project_id, supported_at, delivery_id, payment_id, project_id, user_id) VALUES (2643, (SELECT projects.start_date + INTERVAL 22 DAY FROM projects WHERE projects.id=54), 2643, 2643, 54, 4);
INSERT INTO orders (order_id, created_at, delivery_id, payment_id, supporting_project_id) VALUES (2643, (SELECT projects.start_date + INTERVAL 22 DAY FROM projects WHERE projects.id=54), 1, 2643, 2643);
INSERT INTO supporting_packages(id, option_list, package_count, order_id, project_package_id, supporting_project_id) VALUES (2643, '["메이크업"]', 3, 2643, 54, 2643);
INSERT INTO supporting_projects(supporting_project_id, supported_at, delivery_id, payment_id, project_id, user_id) VALUES (2644, (SELECT projects.start_date + INTERVAL 1 DAY FROM projects WHERE projects.id=54), 2644, 2644, 54, 18);
INSERT INTO orders (order_id, created_at, delivery_id, payment_id, supporting_project_id) VALUES (2644, (SELECT projects.start_date + INTERVAL 1 DAY FROM projects WHERE projects.id=54), 1, 2644, 2644);
INSERT INTO supporting_packages(id, option_list, package_count, order_id, project_package_id, supporting_project_id) VALUES (2644, '["메이크업"]', 6, 2644, 54, 2644);
INSERT INTO supporting_projects(supporting_project_id, supported_at, delivery_id, payment_id, project_id, user_id) VALUES (2645, (SELECT projects.start_date + INTERVAL 38 DAY FROM projects WHERE projects.id=54), 2645, 2645, 54, 24);
INSERT INTO orders (order_id, created_at, delivery_id, payment_id, supporting_project_id) VALUES (2645, (SELECT projects.start_date + INTERVAL 38 DAY FROM projects WHERE projects.id=54), 1, 2645, 2645);
INSERT INTO supporting_packages(id, option_list, package_count, order_id, project_package_id, supporting_project_id) VALUES (2645, '["스킨케어"]', 7, 2645, 54, 2645);
INSERT INTO supporting_projects(supporting_project_id, supported_at, delivery_id, payment_id, project_id, user_id) VALUES (2646, (SELECT projects.start_date + INTERVAL 43 DAY FROM projects WHERE projects.id=54), 2646, 2646, 54, 3);
INSERT INTO orders (order_id, created_at, delivery_id, payment_id, supporting_project_id) VALUES (2646, (SELECT projects.start_date + INTERVAL 43 DAY FROM projects WHERE projects.id=54), 1, 2646, 2646);
INSERT INTO supporting_packages(id, option_list, package_count, order_id, project_package_id, supporting_project_id) VALUES (2646, '["패션 콜라보"]', 5, 2646, 54, 2646);
INSERT INTO supporting_projects(supporting_project_id, supported_at, delivery_id, payment_id, project_id, user_id) VALUES (2647, (SELECT projects.start_date + INTERVAL 38 DAY FROM projects WHERE projects.id=54), 2647, 2647, 54, 37);
INSERT INTO orders (order_id, created_at, delivery_id, payment_id, supporting_project_id) VALUES (2647, (SELECT projects.start_date + INTERVAL 38 DAY FROM projects WHERE projects.id=54), 1, 2647, 2647);
INSERT INTO supporting_packages(id, option_list, package_count, order_id, project_package_id, supporting_project_id) VALUES (2647, '["메이크업"]', 1, 2647, 54, 2647);
INSERT INTO supporting_projects(supporting_project_id, supported_at, delivery_id, payment_id, project_id, user_id) VALUES (2648, (SELECT projects.start_date + INTERVAL 11 DAY FROM projects WHERE projects.id=54), 2648, 2648, 54, 17);
INSERT INTO orders (order_id, created_at, delivery_id, payment_id, supporting_project_id) VALUES (2648, (SELECT projects.start_date + INTERVAL 11 DAY FROM projects WHERE projects.id=54), 1, 2648, 2648);
INSERT INTO supporting_packages(id, option_list, package_count, order_id, project_package_id, supporting_project_id) VALUES (2648, '["패션 콜라보"]', 3, 2648, 54, 2648);
INSERT INTO supporting_projects(supporting_project_id, supported_at, delivery_id, payment_id, project_id, user_id) VALUES (2649, (SELECT projects.start_date + INTERVAL 23 DAY FROM projects WHERE projects.id=54), 2649, 2649, 54, 2);
INSERT INTO orders (order_id, created_at, delivery_id, payment_id, supporting_project_id) VALUES (2649, (SELECT projects.start_date + INTERVAL 23 DAY FROM projects WHERE projects.id=54), 1, 2649, 2649);
INSERT INTO supporting_packages(id, option_list, package_count, order_id, project_package_id, supporting_project_id) VALUES (2649, '["패션 콜라보"]', 1, 2649, 54, 2649);
INSERT INTO supporting_projects(supporting_project_id, supported_at, delivery_id, payment_id, project_id, user_id) VALUES (2650, (SELECT projects.start_date + INTERVAL 11 DAY FROM projects WHERE projects.id=54), 2650, 2650, 54, 2);
INSERT INTO orders (order_id, created_at, delivery_id, payment_id, supporting_project_id) VALUES (2650, (SELECT projects.start_date + INTERVAL 11 DAY FROM projects WHERE projects.id=54), 1, 2650, 2650);
INSERT INTO supporting_packages(id, option_list, package_count, order_id, project_package_id, supporting_project_id) VALUES (2650, '["패션 콜라보"]', 3, 2650, 54, 2650);
INSERT INTO supporting_projects(supporting_project_id, supported_at, delivery_id, payment_id, project_id, user_id) VALUES (2651, (SELECT projects.start_date + INTERVAL 19 DAY FROM projects WHERE projects.id=54), 2651, 2651, 54, 35);
INSERT INTO orders (order_id, created_at, delivery_id, payment_id, supporting_project_id) VALUES (2651, (SELECT projects.start_date + INTERVAL 19 DAY FROM projects WHERE projects.id=54), 1, 2651, 2651);
INSERT INTO supporting_packages(id, option_list, package_count, order_id, project_package_id, supporting_project_id) VALUES (2651, '["메이크업"]', 5, 2651, 54, 2651);
INSERT INTO supporting_projects(supporting_project_id, supported_at, delivery_id, payment_id, project_id, user_id) VALUES (2652, (SELECT projects.start_date + INTERVAL 31 DAY FROM projects WHERE projects.id=54), 2652, 2652, 54, 21);
INSERT INTO orders (order_id, created_at, delivery_id, payment_id, supporting_project_id) VALUES (2652, (SELECT projects.start_date + INTERVAL 31 DAY FROM projects WHERE projects.id=54), 1, 2652, 2652);
INSERT INTO supporting_packages(id, option_list, package_count, order_id, project_package_id, supporting_project_id) VALUES (2652, '["메이크업"]', 5, 2652, 54, 2652);
INSERT INTO supporting_projects(supporting_project_id, supported_at, delivery_id, payment_id, project_id, user_id) VALUES (2653, (SELECT projects.start_date + INTERVAL 25 DAY FROM projects WHERE projects.id=54), 2653, 2653, 54, 32);
INSERT INTO orders (order_id, created_at, delivery_id, payment_id, supporting_project_id) VALUES (2653, (SELECT projects.start_date + INTERVAL 25 DAY FROM projects WHERE projects.id=54), 1, 2653, 2653);
INSERT INTO supporting_packages(id, option_list, package_count, order_id, project_package_id, supporting_project_id) VALUES (2653, '["스킨케어"]', 2, 2653, 54, 2653);
INSERT INTO supporting_projects(supporting_project_id, supported_at, delivery_id, payment_id, project_id, user_id) VALUES (2654, (SELECT projects.start_date + INTERVAL 41 DAY FROM projects WHERE projects.id=54), 2654, 2654, 54, 21);
INSERT INTO orders (order_id, created_at, delivery_id, payment_id, supporting_project_id) VALUES (2654, (SELECT projects.start_date + INTERVAL 41 DAY FROM projects WHERE projects.id=54), 1, 2654, 2654);
INSERT INTO supporting_packages(id, option_list, package_count, order_id, project_package_id, supporting_project_id) VALUES (2654, '["스킨케어"]', 7, 2654, 54, 2654);
INSERT INTO supporting_projects(supporting_project_id, supported_at, delivery_id, payment_id, project_id, user_id) VALUES (2655, (SELECT projects.start_date + INTERVAL 7 DAY FROM projects WHERE projects.id=54), 2655, 2655, 54, 10);
INSERT INTO orders (order_id, created_at, delivery_id, payment_id, supporting_project_id) VALUES (2655, (SELECT projects.start_date + INTERVAL 7 DAY FROM projects WHERE projects.id=54), 1, 2655, 2655);
INSERT INTO supporting_packages(id, option_list, package_count, order_id, project_package_id, supporting_project_id) VALUES (2655, '["패션 콜라보"]', 5, 2655, 54, 2655);
INSERT INTO supporting_projects(supporting_project_id, supported_at, delivery_id, payment_id, project_id, user_id) VALUES (2656, (SELECT projects.start_date + INTERVAL 25 DAY FROM projects WHERE projects.id=54), 2656, 2656, 54, 14);
INSERT INTO orders (order_id, created_at, delivery_id, payment_id, supporting_project_id) VALUES (2656, (SELECT projects.start_date + INTERVAL 25 DAY FROM projects WHERE projects.id=54), 1, 2656, 2656);
INSERT INTO supporting_packages(id, option_list, package_count, order_id, project_package_id, supporting_project_id) VALUES (2656, '["패션 콜라보"]', 3, 2656, 54, 2656);
INSERT INTO supporting_projects(supporting_project_id, supported_at, delivery_id, payment_id, project_id, user_id) VALUES (2657, (SELECT projects.start_date + INTERVAL 41 DAY FROM projects WHERE projects.id=54), 2657, 2657, 54, 35);
INSERT INTO orders (order_id, created_at, delivery_id, payment_id, supporting_project_id) VALUES (2657, (SELECT projects.start_date + INTERVAL 41 DAY FROM projects WHERE projects.id=54), 1, 2657, 2657);
INSERT INTO supporting_packages(id, option_list, package_count, order_id, project_package_id, supporting_project_id) VALUES (2657, '["패션 콜라보"]', 1, 2657, 54, 2657);
INSERT INTO supporting_projects(supporting_project_id, supported_at, delivery_id, payment_id, project_id, user_id) VALUES (2658, (SELECT projects.start_date + INTERVAL 35 DAY FROM projects WHERE projects.id=54), 2658, 2658, 54, 2);
INSERT INTO orders (order_id, created_at, delivery_id, payment_id, supporting_project_id) VALUES (2658, (SELECT projects.start_date + INTERVAL 35 DAY FROM projects WHERE projects.id=54), 1, 2658, 2658);
INSERT INTO supporting_packages(id, option_list, package_count, order_id, project_package_id, supporting_project_id) VALUES (2658, '["스킨케어"]', 4, 2658, 54, 2658);
INSERT INTO supporting_projects(supporting_project_id, supported_at, delivery_id, payment_id, project_id, user_id) VALUES (2659, (SELECT projects.start_date + INTERVAL 50 DAY FROM projects WHERE projects.id=54), 2659, 2659, 54, 21);
INSERT INTO orders (order_id, created_at, delivery_id, payment_id, supporting_project_id) VALUES (2659, (SELECT projects.start_date + INTERVAL 50 DAY FROM projects WHERE projects.id=54), 1, 2659, 2659);
INSERT INTO supporting_packages(id, option_list, package_count, order_id, project_package_id, supporting_project_id) VALUES (2659, '["패션 콜라보"]', 10, 2659, 54, 2659);
INSERT INTO supporting_projects(supporting_project_id, supported_at, delivery_id, payment_id, project_id, user_id) VALUES (2660, (SELECT projects.start_date + INTERVAL 29 DAY FROM projects WHERE projects.id=54), 2660, 2660, 54, 34);
INSERT INTO orders (order_id, created_at, delivery_id, payment_id, supporting_project_id) VALUES (2660, (SELECT projects.start_date + INTERVAL 29 DAY FROM projects WHERE projects.id=54), 1, 2660, 2660);
INSERT INTO supporting_packages(id, option_list, package_count, order_id, project_package_id, supporting_project_id) VALUES (2660, '["패션 콜라보"]', 4, 2660, 54, 2660);
INSERT INTO supporting_projects(supporting_project_id, supported_at, delivery_id, payment_id, project_id, user_id) VALUES (2661, (SELECT projects.start_date + INTERVAL 1 DAY FROM projects WHERE projects.id=54), 2661, 2661, 54, 20);
INSERT INTO orders (order_id, created_at, delivery_id, payment_id, supporting_project_id) VALUES (2661, (SELECT projects.start_date + INTERVAL 1 DAY FROM projects WHERE projects.id=54), 1, 2661, 2661);
INSERT INTO supporting_packages(id, option_list, package_count, order_id, project_package_id, supporting_project_id) VALUES (2661, '["메이크업"]', 5, 2661, 54, 2661);
INSERT INTO supporting_projects(supporting_project_id, supported_at, delivery_id, payment_id, project_id, user_id) VALUES (2662, (SELECT projects.start_date + INTERVAL 7 DAY FROM projects WHERE projects.id=54), 2662, 2662, 54, 26);
INSERT INTO orders (order_id, created_at, delivery_id, payment_id, supporting_project_id) VALUES (2662, (SELECT projects.start_date + INTERVAL 7 DAY FROM projects WHERE projects.id=54), 1, 2662, 2662);
INSERT INTO supporting_packages(id, option_list, package_count, order_id, project_package_id, supporting_project_id) VALUES (2662, '["메이크업"]', 1, 2662, 54, 2662);
INSERT INTO supporting_projects(supporting_project_id, supported_at, delivery_id, payment_id, project_id, user_id) VALUES (2663, (SELECT projects.start_date + INTERVAL 6 DAY FROM projects WHERE projects.id=54), 2663, 2663, 54, 15);
INSERT INTO orders (order_id, created_at, delivery_id, payment_id, supporting_project_id) VALUES (2663, (SELECT projects.start_date + INTERVAL 6 DAY FROM projects WHERE projects.id=54), 1, 2663, 2663);
INSERT INTO supporting_packages(id, option_list, package_count, order_id, project_package_id, supporting_project_id) VALUES (2663, '["스킨케어"]', 8, 2663, 54, 2663);
INSERT INTO supporting_projects(supporting_project_id, supported_at, delivery_id, payment_id, project_id, user_id) VALUES (2664, (SELECT projects.start_date + INTERVAL 42 DAY FROM projects WHERE projects.id=54), 2664, 2664, 54, 26);
INSERT INTO orders (order_id, created_at, delivery_id, payment_id, supporting_project_id) VALUES (2664, (SELECT projects.start_date + INTERVAL 42 DAY FROM projects WHERE projects.id=54), 1, 2664, 2664);
INSERT INTO supporting_packages(id, option_list, package_count, order_id, project_package_id, supporting_project_id) VALUES (2664, '["패션 콜라보"]', 7, 2664, 54, 2664);
INSERT INTO supporting_projects(supporting_project_id, supported_at, delivery_id, payment_id, project_id, user_id) VALUES (2665, (SELECT projects.start_date + INTERVAL 44 DAY FROM projects WHERE projects.id=54), 2665, 2665, 54, 11);
INSERT INTO orders (order_id, created_at, delivery_id, payment_id, supporting_project_id) VALUES (2665, (SELECT projects.start_date + INTERVAL 44 DAY FROM projects WHERE projects.id=54), 1, 2665, 2665);
INSERT INTO supporting_packages(id, option_list, package_count, order_id, project_package_id, supporting_project_id) VALUES (2665, '["메이크업"]', 2, 2665, 54, 2665);
INSERT INTO supporting_projects(supporting_project_id, supported_at, delivery_id, payment_id, project_id, user_id) VALUES (2666, (SELECT projects.start_date + INTERVAL 32 DAY FROM projects WHERE projects.id=54), 2666, 2666, 54, 40);
INSERT INTO orders (order_id, created_at, delivery_id, payment_id, supporting_project_id) VALUES (2666, (SELECT projects.start_date + INTERVAL 32 DAY FROM projects WHERE projects.id=54), 1, 2666, 2666);
INSERT INTO supporting_packages(id, option_list, package_count, order_id, project_package_id, supporting_project_id) VALUES (2666, '["메이크업"]', 10, 2666, 54, 2666);
INSERT INTO supporting_projects(supporting_project_id, supported_at, delivery_id, payment_id, project_id, user_id) VALUES (2667, (SELECT projects.start_date + INTERVAL 10 DAY FROM projects WHERE projects.id=54), 2667, 2667, 54, 23);
INSERT INTO orders (order_id, created_at, delivery_id, payment_id, supporting_project_id) VALUES (2667, (SELECT projects.start_date + INTERVAL 10 DAY FROM projects WHERE projects.id=54), 1, 2667, 2667);
INSERT INTO supporting_packages(id, option_list, package_count, order_id, project_package_id, supporting_project_id) VALUES (2667, '["패션 콜라보"]', 3, 2667, 54, 2667);
INSERT INTO supporting_projects(supporting_project_id, supported_at, delivery_id, payment_id, project_id, user_id) VALUES (2668, (SELECT projects.start_date + INTERVAL 20 DAY FROM projects WHERE projects.id=54), 2668, 2668, 54, 39);
INSERT INTO orders (order_id, created_at, delivery_id, payment_id, supporting_project_id) VALUES (2668, (SELECT projects.start_date + INTERVAL 20 DAY FROM projects WHERE projects.id=54), 1, 2668, 2668);
INSERT INTO supporting_packages(id, option_list, package_count, order_id, project_package_id, supporting_project_id) VALUES (2668, '["스킨케어"]', 9, 2668, 54, 2668);
INSERT INTO supporting_projects(supporting_project_id, supported_at, delivery_id, payment_id, project_id, user_id) VALUES (2669, (SELECT projects.start_date + INTERVAL 36 DAY FROM projects WHERE projects.id=54), 2669, 2669, 54, 31);
INSERT INTO orders (order_id, created_at, delivery_id, payment_id, supporting_project_id) VALUES (2669, (SELECT projects.start_date + INTERVAL 36 DAY FROM projects WHERE projects.id=54), 1, 2669, 2669);
INSERT INTO supporting_packages(id, option_list, package_count, order_id, project_package_id, supporting_project_id) VALUES (2669, '["메이크업"]', 2, 2669, 54, 2669);
INSERT INTO supporting_projects(supporting_project_id, supported_at, delivery_id, payment_id, project_id, user_id) VALUES (2670, (SELECT projects.start_date + INTERVAL 8 DAY FROM projects WHERE projects.id=54), 2670, 2670, 54, 30);
INSERT INTO orders (order_id, created_at, delivery_id, payment_id, supporting_project_id) VALUES (2670, (SELECT projects.start_date + INTERVAL 8 DAY FROM projects WHERE projects.id=54), 1, 2670, 2670);
INSERT INTO supporting_packages(id, option_list, package_count, order_id, project_package_id, supporting_project_id) VALUES (2670, '["패션 콜라보"]', 10, 2670, 54, 2670);
INSERT INTO supporting_projects(supporting_project_id, supported_at, delivery_id, payment_id, project_id, user_id) VALUES (2671, (SELECT projects.start_date + INTERVAL 43 DAY FROM projects WHERE projects.id=54), 2671, 2671, 54, 5);
INSERT INTO orders (order_id, created_at, delivery_id, payment_id, supporting_project_id) VALUES (2671, (SELECT projects.start_date + INTERVAL 43 DAY FROM projects WHERE projects.id=54), 1, 2671, 2671);
INSERT INTO supporting_packages(id, option_list, package_count, order_id, project_package_id, supporting_project_id) VALUES (2671, '["메이크업"]', 5, 2671, 54, 2671);
INSERT INTO supporting_projects(supporting_project_id, supported_at, delivery_id, payment_id, project_id, user_id) VALUES (2672, (SELECT projects.start_date + INTERVAL 33 DAY FROM projects WHERE projects.id=54), 2672, 2672, 54, 30);
INSERT INTO orders (order_id, created_at, delivery_id, payment_id, supporting_project_id) VALUES (2672, (SELECT projects.start_date + INTERVAL 33 DAY FROM projects WHERE projects.id=54), 1, 2672, 2672);
INSERT INTO supporting_packages(id, option_list, package_count, order_id, project_package_id, supporting_project_id) VALUES (2672, '["스킨케어"]', 5, 2672, 54, 2672);
INSERT INTO supporting_projects(supporting_project_id, supported_at, delivery_id, payment_id, project_id, user_id) VALUES (2673, (SELECT projects.start_date + INTERVAL 29 DAY FROM projects WHERE projects.id=54), 2673, 2673, 54, 11);
INSERT INTO orders (order_id, created_at, delivery_id, payment_id, supporting_project_id) VALUES (2673, (SELECT projects.start_date + INTERVAL 29 DAY FROM projects WHERE projects.id=54), 1, 2673, 2673);
INSERT INTO supporting_packages(id, option_list, package_count, order_id, project_package_id, supporting_project_id) VALUES (2673, '["메이크업"]', 4, 2673, 54, 2673);
INSERT INTO supporting_projects(supporting_project_id, supported_at, delivery_id, payment_id, project_id, user_id) VALUES (2674, (SELECT projects.start_date + INTERVAL 42 DAY FROM projects WHERE projects.id=54), 2674, 2674, 54, 1);
INSERT INTO orders (order_id, created_at, delivery_id, payment_id, supporting_project_id) VALUES (2674, (SELECT projects.start_date + INTERVAL 42 DAY FROM projects WHERE projects.id=54), 1, 2674, 2674);
INSERT INTO supporting_packages(id, option_list, package_count, order_id, project_package_id, supporting_project_id) VALUES (2674, '["스킨케어"]', 8, 2674, 54, 2674);
INSERT INTO supporting_projects(supporting_project_id, supported_at, delivery_id, payment_id, project_id, user_id) VALUES (2675, (SELECT projects.start_date + INTERVAL 11 DAY FROM projects WHERE projects.id=54), 2675, 2675, 54, 13);
INSERT INTO orders (order_id, created_at, delivery_id, payment_id, supporting_project_id) VALUES (2675, (SELECT projects.start_date + INTERVAL 11 DAY FROM projects WHERE projects.id=54), 1, 2675, 2675);
INSERT INTO supporting_packages(id, option_list, package_count, order_id, project_package_id, supporting_project_id) VALUES (2675, '["스킨케어"]', 3, 2675, 54, 2675);
INSERT INTO supporting_projects(supporting_project_id, supported_at, delivery_id, payment_id, project_id, user_id) VALUES (2676, (SELECT projects.start_date + INTERVAL 12 DAY FROM projects WHERE projects.id=54), 2676, 2676, 54, 28);
INSERT INTO orders (order_id, created_at, delivery_id, payment_id, supporting_project_id) VALUES (2676, (SELECT projects.start_date + INTERVAL 12 DAY FROM projects WHERE projects.id=54), 1, 2676, 2676);
INSERT INTO supporting_packages(id, option_list, package_count, order_id, project_package_id, supporting_project_id) VALUES (2676, '["메이크업"]', 3, 2676, 54, 2676);
INSERT INTO supporting_projects(supporting_project_id, supported_at, delivery_id, payment_id, project_id, user_id) VALUES (2677, (SELECT projects.start_date + INTERVAL 13 DAY FROM projects WHERE projects.id=54), 2677, 2677, 54, 11);
INSERT INTO orders (order_id, created_at, delivery_id, payment_id, supporting_project_id) VALUES (2677, (SELECT projects.start_date + INTERVAL 13 DAY FROM projects WHERE projects.id=54), 1, 2677, 2677);
INSERT INTO supporting_packages(id, option_list, package_count, order_id, project_package_id, supporting_project_id) VALUES (2677, '["메이크업"]', 10, 2677, 54, 2677);
INSERT INTO supporting_projects(supporting_project_id, supported_at, delivery_id, payment_id, project_id, user_id) VALUES (2678, (SELECT projects.start_date + INTERVAL 34 DAY FROM projects WHERE projects.id=54), 2678, 2678, 54, 16);
INSERT INTO orders (order_id, created_at, delivery_id, payment_id, supporting_project_id) VALUES (2678, (SELECT projects.start_date + INTERVAL 34 DAY FROM projects WHERE projects.id=54), 1, 2678, 2678);
INSERT INTO supporting_packages(id, option_list, package_count, order_id, project_package_id, supporting_project_id) VALUES (2678, '["메이크업"]', 10, 2678, 54, 2678);
INSERT INTO supporting_projects(supporting_project_id, supported_at, delivery_id, payment_id, project_id, user_id) VALUES (2679, (SELECT projects.start_date + INTERVAL 49 DAY FROM projects WHERE projects.id=54), 2679, 2679, 54, 6);
INSERT INTO orders (order_id, created_at, delivery_id, payment_id, supporting_project_id) VALUES (2679, (SELECT projects.start_date + INTERVAL 49 DAY FROM projects WHERE projects.id=54), 1, 2679, 2679);
INSERT INTO supporting_packages(id, option_list, package_count, order_id, project_package_id, supporting_project_id) VALUES (2679, '["패션 콜라보"]', 8, 2679, 54, 2679);
INSERT INTO supporting_projects(supporting_project_id, supported_at, delivery_id, payment_id, project_id, user_id) VALUES (2680, (SELECT projects.start_date + INTERVAL 27 DAY FROM projects WHERE projects.id=54), 2680, 2680, 54, 1);
INSERT INTO orders (order_id, created_at, delivery_id, payment_id, supporting_project_id) VALUES (2680, (SELECT projects.start_date + INTERVAL 27 DAY FROM projects WHERE projects.id=54), 1, 2680, 2680);
INSERT INTO supporting_packages(id, option_list, package_count, order_id, project_package_id, supporting_project_id) VALUES (2680, '["메이크업"]', 6, 2680, 54, 2680);
INSERT INTO supporting_projects(supporting_project_id, supported_at, delivery_id, payment_id, project_id, user_id) VALUES (2681, (SELECT projects.start_date + INTERVAL 11 DAY FROM projects WHERE projects.id=54), 2681, 2681, 54, 10);
INSERT INTO orders (order_id, created_at, delivery_id, payment_id, supporting_project_id) VALUES (2681, (SELECT projects.start_date + INTERVAL 11 DAY FROM projects WHERE projects.id=54), 1, 2681, 2681);
INSERT INTO supporting_packages(id, option_list, package_count, order_id, project_package_id, supporting_project_id) VALUES (2681, '["패션 콜라보"]', 2, 2681, 54, 2681);
INSERT INTO supporting_projects(supporting_project_id, supported_at, delivery_id, payment_id, project_id, user_id) VALUES (2682, (SELECT projects.start_date + INTERVAL 49 DAY FROM projects WHERE projects.id=54), 2682, 2682, 54, 15);
INSERT INTO orders (order_id, created_at, delivery_id, payment_id, supporting_project_id) VALUES (2682, (SELECT projects.start_date + INTERVAL 49 DAY FROM projects WHERE projects.id=54), 1, 2682, 2682);
INSERT INTO supporting_packages(id, option_list, package_count, order_id, project_package_id, supporting_project_id) VALUES (2682, '["스킨케어"]', 3, 2682, 54, 2682);
INSERT INTO supporting_projects(supporting_project_id, supported_at, delivery_id, payment_id, project_id, user_id) VALUES (2683, (SELECT projects.start_date + INTERVAL 13 DAY FROM projects WHERE projects.id=54), 2683, 2683, 54, 32);
INSERT INTO orders (order_id, created_at, delivery_id, payment_id, supporting_project_id) VALUES (2683, (SELECT projects.start_date + INTERVAL 13 DAY FROM projects WHERE projects.id=54), 1, 2683, 2683);
INSERT INTO supporting_packages(id, option_list, package_count, order_id, project_package_id, supporting_project_id) VALUES (2683, '["스킨케어"]', 7, 2683, 54, 2683);
INSERT INTO supporting_projects(supporting_project_id, supported_at, delivery_id, payment_id, project_id, user_id) VALUES (2684, (SELECT projects.start_date + INTERVAL 26 DAY FROM projects WHERE projects.id=54), 2684, 2684, 54, 25);
INSERT INTO orders (order_id, created_at, delivery_id, payment_id, supporting_project_id) VALUES (2684, (SELECT projects.start_date + INTERVAL 26 DAY FROM projects WHERE projects.id=54), 1, 2684, 2684);
INSERT INTO supporting_packages(id, option_list, package_count, order_id, project_package_id, supporting_project_id) VALUES (2684, '["메이크업"]', 9, 2684, 54, 2684);
INSERT INTO supporting_projects(supporting_project_id, supported_at, delivery_id, payment_id, project_id, user_id) VALUES (2685, (SELECT projects.start_date + INTERVAL 43 DAY FROM projects WHERE projects.id=54), 2685, 2685, 54, 27);
INSERT INTO orders (order_id, created_at, delivery_id, payment_id, supporting_project_id) VALUES (2685, (SELECT projects.start_date + INTERVAL 43 DAY FROM projects WHERE projects.id=54), 1, 2685, 2685);
INSERT INTO supporting_packages(id, option_list, package_count, order_id, project_package_id, supporting_project_id) VALUES (2685, '["스킨케어"]', 1, 2685, 54, 2685);
INSERT INTO supporting_projects(supporting_project_id, supported_at, delivery_id, payment_id, project_id, user_id) VALUES (2686, (SELECT projects.start_date + INTERVAL 1 DAY FROM projects WHERE projects.id=54), 2686, 2686, 54, 38);
INSERT INTO orders (order_id, created_at, delivery_id, payment_id, supporting_project_id) VALUES (2686, (SELECT projects.start_date + INTERVAL 1 DAY FROM projects WHERE projects.id=54), 1, 2686, 2686);
INSERT INTO supporting_packages(id, option_list, package_count, order_id, project_package_id, supporting_project_id) VALUES (2686, '["패션 콜라보"]', 8, 2686, 54, 2686);
INSERT INTO supporting_projects(supporting_project_id, supported_at, delivery_id, payment_id, project_id, user_id) VALUES (2687, (SELECT projects.start_date + INTERVAL 35 DAY FROM projects WHERE projects.id=54), 2687, 2687, 54, 1);
INSERT INTO orders (order_id, created_at, delivery_id, payment_id, supporting_project_id) VALUES (2687, (SELECT projects.start_date + INTERVAL 35 DAY FROM projects WHERE projects.id=54), 1, 2687, 2687);
INSERT INTO supporting_packages(id, option_list, package_count, order_id, project_package_id, supporting_project_id) VALUES (2687, '["패션 콜라보"]', 10, 2687, 54, 2687);
INSERT INTO supporting_projects(supporting_project_id, supported_at, delivery_id, payment_id, project_id, user_id) VALUES (2688, (SELECT projects.start_date + INTERVAL 8 DAY FROM projects WHERE projects.id=54), 2688, 2688, 54, 36);
INSERT INTO orders (order_id, created_at, delivery_id, payment_id, supporting_project_id) VALUES (2688, (SELECT projects.start_date + INTERVAL 8 DAY FROM projects WHERE projects.id=54), 1, 2688, 2688);
INSERT INTO supporting_packages(id, option_list, package_count, order_id, project_package_id, supporting_project_id) VALUES (2688, '["스킨케어"]', 4, 2688, 54, 2688);
INSERT INTO supporting_projects(supporting_project_id, supported_at, delivery_id, payment_id, project_id, user_id) VALUES (2689, (SELECT projects.start_date + INTERVAL 27 DAY FROM projects WHERE projects.id=54), 2689, 2689, 54, 23);
INSERT INTO orders (order_id, created_at, delivery_id, payment_id, supporting_project_id) VALUES (2689, (SELECT projects.start_date + INTERVAL 27 DAY FROM projects WHERE projects.id=54), 1, 2689, 2689);
INSERT INTO supporting_packages(id, option_list, package_count, order_id, project_package_id, supporting_project_id) VALUES (2689, '["메이크업"]', 7, 2689, 54, 2689);
INSERT INTO supporting_projects(supporting_project_id, supported_at, delivery_id, payment_id, project_id, user_id) VALUES (2690, (SELECT projects.start_date + INTERVAL 43 DAY FROM projects WHERE projects.id=54), 2690, 2690, 54, 13);
INSERT INTO orders (order_id, created_at, delivery_id, payment_id, supporting_project_id) VALUES (2690, (SELECT projects.start_date + INTERVAL 43 DAY FROM projects WHERE projects.id=54), 1, 2690, 2690);
INSERT INTO supporting_packages(id, option_list, package_count, order_id, project_package_id, supporting_project_id) VALUES (2690, '["패션 콜라보"]', 10, 2690, 54, 2690);
INSERT INTO supporting_projects(supporting_project_id, supported_at, delivery_id, payment_id, project_id, user_id) VALUES (2691, (SELECT projects.start_date + INTERVAL 44 DAY FROM projects WHERE projects.id=54), 2691, 2691, 54, 36);
INSERT INTO orders (order_id, created_at, delivery_id, payment_id, supporting_project_id) VALUES (2691, (SELECT projects.start_date + INTERVAL 44 DAY FROM projects WHERE projects.id=54), 1, 2691, 2691);
INSERT INTO supporting_packages(id, option_list, package_count, order_id, project_package_id, supporting_project_id) VALUES (2691, '["메이크업"]', 10, 2691, 54, 2691);
INSERT INTO supporting_projects(supporting_project_id, supported_at, delivery_id, payment_id, project_id, user_id) VALUES (2692, (SELECT projects.start_date + INTERVAL 44 DAY FROM projects WHERE projects.id=54), 2692, 2692, 54, 3);
INSERT INTO orders (order_id, created_at, delivery_id, payment_id, supporting_project_id) VALUES (2692, (SELECT projects.start_date + INTERVAL 44 DAY FROM projects WHERE projects.id=54), 1, 2692, 2692);
INSERT INTO supporting_packages(id, option_list, package_count, order_id, project_package_id, supporting_project_id) VALUES (2692, '["메이크업"]', 4, 2692, 54, 2692);
INSERT INTO supporting_projects(supporting_project_id, supported_at, delivery_id, payment_id, project_id, user_id) VALUES (2693, (SELECT projects.start_date + INTERVAL 41 DAY FROM projects WHERE projects.id=54), 2693, 2693, 54, 31);
INSERT INTO orders (order_id, created_at, delivery_id, payment_id, supporting_project_id) VALUES (2693, (SELECT projects.start_date + INTERVAL 41 DAY FROM projects WHERE projects.id=54), 1, 2693, 2693);
INSERT INTO supporting_packages(id, option_list, package_count, order_id, project_package_id, supporting_project_id) VALUES (2693, '["스킨케어"]', 6, 2693, 54, 2693);
INSERT INTO supporting_projects(supporting_project_id, supported_at, delivery_id, payment_id, project_id, user_id) VALUES (2694, (SELECT projects.start_date + INTERVAL 47 DAY FROM projects WHERE projects.id=54), 2694, 2694, 54, 33);
INSERT INTO orders (order_id, created_at, delivery_id, payment_id, supporting_project_id) VALUES (2694, (SELECT projects.start_date + INTERVAL 47 DAY FROM projects WHERE projects.id=54), 1, 2694, 2694);
INSERT INTO supporting_packages(id, option_list, package_count, order_id, project_package_id, supporting_project_id) VALUES (2694, '["패션 콜라보"]', 5, 2694, 54, 2694);
INSERT INTO supporting_projects(supporting_project_id, supported_at, delivery_id, payment_id, project_id, user_id) VALUES (2695, (SELECT projects.start_date + INTERVAL 9 DAY FROM projects WHERE projects.id=54), 2695, 2695, 54, 39);
INSERT INTO orders (order_id, created_at, delivery_id, payment_id, supporting_project_id) VALUES (2695, (SELECT projects.start_date + INTERVAL 9 DAY FROM projects WHERE projects.id=54), 1, 2695, 2695);
INSERT INTO supporting_packages(id, option_list, package_count, order_id, project_package_id, supporting_project_id) VALUES (2695, '["메이크업"]', 6, 2695, 54, 2695);
INSERT INTO supporting_projects(supporting_project_id, supported_at, delivery_id, payment_id, project_id, user_id) VALUES (2696, (SELECT projects.start_date + INTERVAL 47 DAY FROM projects WHERE projects.id=54), 2696, 2696, 54, 24);
INSERT INTO orders (order_id, created_at, delivery_id, payment_id, supporting_project_id) VALUES (2696, (SELECT projects.start_date + INTERVAL 47 DAY FROM projects WHERE projects.id=54), 1, 2696, 2696);
INSERT INTO supporting_packages(id, option_list, package_count, order_id, project_package_id, supporting_project_id) VALUES (2696, '["스킨케어"]', 5, 2696, 54, 2696);
INSERT INTO supporting_projects(supporting_project_id, supported_at, delivery_id, payment_id, project_id, user_id) VALUES (2697, (SELECT projects.start_date + INTERVAL 38 DAY FROM projects WHERE projects.id=54), 2697, 2697, 54, 26);
INSERT INTO orders (order_id, created_at, delivery_id, payment_id, supporting_project_id) VALUES (2697, (SELECT projects.start_date + INTERVAL 38 DAY FROM projects WHERE projects.id=54), 1, 2697, 2697);
INSERT INTO supporting_packages(id, option_list, package_count, order_id, project_package_id, supporting_project_id) VALUES (2697, '["패션 콜라보"]', 3, 2697, 54, 2697);
INSERT INTO supporting_projects(supporting_project_id, supported_at, delivery_id, payment_id, project_id, user_id) VALUES (2698, (SELECT projects.start_date + INTERVAL 25 DAY FROM projects WHERE projects.id=54), 2698, 2698, 54, 32);
INSERT INTO orders (order_id, created_at, delivery_id, payment_id, supporting_project_id) VALUES (2698, (SELECT projects.start_date + INTERVAL 25 DAY FROM projects WHERE projects.id=54), 1, 2698, 2698);
INSERT INTO supporting_packages(id, option_list, package_count, order_id, project_package_id, supporting_project_id) VALUES (2698, '["패션 콜라보"]', 6, 2698, 54, 2698);
INSERT INTO supporting_projects(supporting_project_id, supported_at, delivery_id, payment_id, project_id, user_id) VALUES (2699, (SELECT projects.start_date + INTERVAL 7 DAY FROM projects WHERE projects.id=54), 2699, 2699, 54, 20);
INSERT INTO orders (order_id, created_at, delivery_id, payment_id, supporting_project_id) VALUES (2699, (SELECT projects.start_date + INTERVAL 7 DAY FROM projects WHERE projects.id=54), 1, 2699, 2699);
INSERT INTO supporting_packages(id, option_list, package_count, order_id, project_package_id, supporting_project_id) VALUES (2699, '["스킨케어"]', 3, 2699, 54, 2699);
INSERT INTO supporting_projects(supporting_project_id, supported_at, delivery_id, payment_id, project_id, user_id) VALUES (2700, (SELECT projects.start_date + INTERVAL 17 DAY FROM projects WHERE projects.id=54), 2700, 2700, 54, 35);
INSERT INTO orders (order_id, created_at, delivery_id, payment_id, supporting_project_id) VALUES (2700, (SELECT projects.start_date + INTERVAL 17 DAY FROM projects WHERE projects.id=54), 1, 2700, 2700);
INSERT INTO supporting_packages(id, option_list, package_count, order_id, project_package_id, supporting_project_id) VALUES (2700, '["메이크업"]', 10, 2700, 54, 2700);
INSERT INTO supporting_projects(supporting_project_id, supported_at, delivery_id, payment_id, project_id, user_id) VALUES (2701, (SELECT projects.start_date + INTERVAL 6 DAY FROM projects WHERE projects.id=54), 2701, 2701, 54, 16);
INSERT INTO orders (order_id, created_at, delivery_id, payment_id, supporting_project_id) VALUES (2701, (SELECT projects.start_date + INTERVAL 6 DAY FROM projects WHERE projects.id=54), 1, 2701, 2701);
INSERT INTO supporting_packages(id, option_list, package_count, order_id, project_package_id, supporting_project_id) VALUES (2701, '["메이크업"]', 2, 2701, 54, 2701);
INSERT INTO supporting_projects(supporting_project_id, supported_at, delivery_id, payment_id, project_id, user_id) VALUES (2702, (SELECT projects.start_date + INTERVAL 27 DAY FROM projects WHERE projects.id=54), 2702, 2702, 54, 4);
INSERT INTO orders (order_id, created_at, delivery_id, payment_id, supporting_project_id) VALUES (2702, (SELECT projects.start_date + INTERVAL 27 DAY FROM projects WHERE projects.id=54), 1, 2702, 2702);
INSERT INTO supporting_packages(id, option_list, package_count, order_id, project_package_id, supporting_project_id) VALUES (2702, '["패션 콜라보"]', 9, 2702, 54, 2702);
INSERT INTO supporting_projects(supporting_project_id, supported_at, delivery_id, payment_id, project_id, user_id) VALUES (2703, (SELECT projects.start_date + INTERVAL 20 DAY FROM projects WHERE projects.id=54), 2703, 2703, 54, 17);
INSERT INTO orders (order_id, created_at, delivery_id, payment_id, supporting_project_id) VALUES (2703, (SELECT projects.start_date + INTERVAL 20 DAY FROM projects WHERE projects.id=54), 1, 2703, 2703);
INSERT INTO supporting_packages(id, option_list, package_count, order_id, project_package_id, supporting_project_id) VALUES (2703, '["메이크업"]', 3, 2703, 54, 2703);
INSERT INTO supporting_projects(supporting_project_id, supported_at, delivery_id, payment_id, project_id, user_id) VALUES (2704, (SELECT projects.start_date + INTERVAL 27 DAY FROM projects WHERE projects.id=54), 2704, 2704, 54, 4);
INSERT INTO orders (order_id, created_at, delivery_id, payment_id, supporting_project_id) VALUES (2704, (SELECT projects.start_date + INTERVAL 27 DAY FROM projects WHERE projects.id=54), 1, 2704, 2704);
INSERT INTO supporting_packages(id, option_list, package_count, order_id, project_package_id, supporting_project_id) VALUES (2704, '["메이크업"]', 1, 2704, 54, 2704);
INSERT INTO supporting_projects(supporting_project_id, supported_at, delivery_id, payment_id, project_id, user_id) VALUES (2705, (SELECT projects.start_date + INTERVAL 14 DAY FROM projects WHERE projects.id=54), 2705, 2705, 54, 38);
INSERT INTO orders (order_id, created_at, delivery_id, payment_id, supporting_project_id) VALUES (2705, (SELECT projects.start_date + INTERVAL 14 DAY FROM projects WHERE projects.id=54), 1, 2705, 2705);
INSERT INTO supporting_packages(id, option_list, package_count, order_id, project_package_id, supporting_project_id) VALUES (2705, '["메이크업"]', 2, 2705, 54, 2705);
INSERT INTO supporting_projects(supporting_project_id, supported_at, delivery_id, payment_id, project_id, user_id) VALUES (2706, (SELECT projects.start_date + INTERVAL 15 DAY FROM projects WHERE projects.id=54), 2706, 2706, 54, 21);
INSERT INTO orders (order_id, created_at, delivery_id, payment_id, supporting_project_id) VALUES (2706, (SELECT projects.start_date + INTERVAL 15 DAY FROM projects WHERE projects.id=54), 1, 2706, 2706);
INSERT INTO supporting_packages(id, option_list, package_count, order_id, project_package_id, supporting_project_id) VALUES (2706, '["스킨케어"]', 10, 2706, 54, 2706);
INSERT INTO supporting_projects(supporting_project_id, supported_at, delivery_id, payment_id, project_id, user_id) VALUES (2707, (SELECT projects.start_date + INTERVAL 3 DAY FROM projects WHERE projects.id=54), 2707, 2707, 54, 27);
INSERT INTO orders (order_id, created_at, delivery_id, payment_id, supporting_project_id) VALUES (2707, (SELECT projects.start_date + INTERVAL 3 DAY FROM projects WHERE projects.id=54), 1, 2707, 2707);
INSERT INTO supporting_packages(id, option_list, package_count, order_id, project_package_id, supporting_project_id) VALUES (2707, '["스킨케어"]', 9, 2707, 54, 2707);
INSERT INTO supporting_projects(supporting_project_id, supported_at, delivery_id, payment_id, project_id, user_id) VALUES (2708, (SELECT projects.start_date + INTERVAL 25 DAY FROM projects WHERE projects.id=54), 2708, 2708, 54, 34);
INSERT INTO orders (order_id, created_at, delivery_id, payment_id, supporting_project_id) VALUES (2708, (SELECT projects.start_date + INTERVAL 25 DAY FROM projects WHERE projects.id=54), 1, 2708, 2708);
INSERT INTO supporting_packages(id, option_list, package_count, order_id, project_package_id, supporting_project_id) VALUES (2708, '["메이크업"]', 2, 2708, 54, 2708);
INSERT INTO supporting_projects(supporting_project_id, supported_at, delivery_id, payment_id, project_id, user_id) VALUES (2709, (SELECT projects.start_date + INTERVAL 38 DAY FROM projects WHERE projects.id=54), 2709, 2709, 54, 15);
INSERT INTO orders (order_id, created_at, delivery_id, payment_id, supporting_project_id) VALUES (2709, (SELECT projects.start_date + INTERVAL 38 DAY FROM projects WHERE projects.id=54), 1, 2709, 2709);
INSERT INTO supporting_packages(id, option_list, package_count, order_id, project_package_id, supporting_project_id) VALUES (2709, '["메이크업"]', 2, 2709, 54, 2709);
INSERT INTO supporting_projects(supporting_project_id, supported_at, delivery_id, payment_id, project_id, user_id) VALUES (2710, (SELECT projects.start_date + INTERVAL 8 DAY FROM projects WHERE projects.id=54), 2710, 2710, 54, 2);
INSERT INTO orders (order_id, created_at, delivery_id, payment_id, supporting_project_id) VALUES (2710, (SELECT projects.start_date + INTERVAL 8 DAY FROM projects WHERE projects.id=54), 1, 2710, 2710);
INSERT INTO supporting_packages(id, option_list, package_count, order_id, project_package_id, supporting_project_id) VALUES (2710, '["메이크업"]', 8, 2710, 54, 2710);
INSERT INTO supporting_projects(supporting_project_id, supported_at, delivery_id, payment_id, project_id, user_id) VALUES (2711, (SELECT projects.start_date + INTERVAL 1 DAY FROM projects WHERE projects.id=54), 2711, 2711, 54, 3);
INSERT INTO orders (order_id, created_at, delivery_id, payment_id, supporting_project_id) VALUES (2711, (SELECT projects.start_date + INTERVAL 1 DAY FROM projects WHERE projects.id=54), 1, 2711, 2711);
INSERT INTO supporting_packages(id, option_list, package_count, order_id, project_package_id, supporting_project_id) VALUES (2711, '["스킨케어"]', 3, 2711, 54, 2711);
INSERT INTO supporting_projects(supporting_project_id, supported_at, delivery_id, payment_id, project_id, user_id) VALUES (2712, (SELECT projects.start_date + INTERVAL 16 DAY FROM projects WHERE projects.id=54), 2712, 2712, 54, 3);
INSERT INTO orders (order_id, created_at, delivery_id, payment_id, supporting_project_id) VALUES (2712, (SELECT projects.start_date + INTERVAL 16 DAY FROM projects WHERE projects.id=54), 1, 2712, 2712);
INSERT INTO supporting_packages(id, option_list, package_count, order_id, project_package_id, supporting_project_id) VALUES (2712, '["스킨케어"]', 7, 2712, 54, 2712);
INSERT INTO supporting_projects(supporting_project_id, supported_at, delivery_id, payment_id, project_id, user_id) VALUES (2713, (SELECT projects.start_date + INTERVAL 14 DAY FROM projects WHERE projects.id=54), 2713, 2713, 54, 22);
INSERT INTO orders (order_id, created_at, delivery_id, payment_id, supporting_project_id) VALUES (2713, (SELECT projects.start_date + INTERVAL 14 DAY FROM projects WHERE projects.id=54), 1, 2713, 2713);
INSERT INTO supporting_packages(id, option_list, package_count, order_id, project_package_id, supporting_project_id) VALUES (2713, '["패션 콜라보"]', 2, 2713, 54, 2713);
INSERT INTO supporting_projects(supporting_project_id, supported_at, delivery_id, payment_id, project_id, user_id) VALUES (2714, (SELECT projects.start_date + INTERVAL 50 DAY FROM projects WHERE projects.id=54), 2714, 2714, 54, 25);
INSERT INTO orders (order_id, created_at, delivery_id, payment_id, supporting_project_id) VALUES (2714, (SELECT projects.start_date + INTERVAL 50 DAY FROM projects WHERE projects.id=54), 1, 2714, 2714);
INSERT INTO supporting_packages(id, option_list, package_count, order_id, project_package_id, supporting_project_id) VALUES (2714, '["메이크업"]', 9, 2714, 54, 2714);
INSERT INTO supporting_projects(supporting_project_id, supported_at, delivery_id, payment_id, project_id, user_id) VALUES (2715, (SELECT projects.start_date + INTERVAL 39 DAY FROM projects WHERE projects.id=54), 2715, 2715, 54, 20);
INSERT INTO orders (order_id, created_at, delivery_id, payment_id, supporting_project_id) VALUES (2715, (SELECT projects.start_date + INTERVAL 39 DAY FROM projects WHERE projects.id=54), 1, 2715, 2715);
INSERT INTO supporting_packages(id, option_list, package_count, order_id, project_package_id, supporting_project_id) VALUES (2715, '["스킨케어"]', 8, 2715, 54, 2715);
INSERT INTO supporting_projects(supporting_project_id, supported_at, delivery_id, payment_id, project_id, user_id) VALUES (2716, (SELECT projects.start_date + INTERVAL 3 DAY FROM projects WHERE projects.id=54), 2716, 2716, 54, 23);
INSERT INTO orders (order_id, created_at, delivery_id, payment_id, supporting_project_id) VALUES (2716, (SELECT projects.start_date + INTERVAL 3 DAY FROM projects WHERE projects.id=54), 1, 2716, 2716);
INSERT INTO supporting_packages(id, option_list, package_count, order_id, project_package_id, supporting_project_id) VALUES (2716, '["스킨케어"]', 1, 2716, 54, 2716);
INSERT INTO supporting_projects(supporting_project_id, supported_at, delivery_id, payment_id, project_id, user_id) VALUES (2717, (SELECT projects.start_date + INTERVAL 34 DAY FROM projects WHERE projects.id=54), 2717, 2717, 54, 29);
INSERT INTO orders (order_id, created_at, delivery_id, payment_id, supporting_project_id) VALUES (2717, (SELECT projects.start_date + INTERVAL 34 DAY FROM projects WHERE projects.id=54), 1, 2717, 2717);
INSERT INTO supporting_packages(id, option_list, package_count, order_id, project_package_id, supporting_project_id) VALUES (2717, '["메이크업"]', 5, 2717, 54, 2717);
INSERT INTO supporting_projects(supporting_project_id, supported_at, delivery_id, payment_id, project_id, user_id) VALUES (2718, (SELECT projects.start_date + INTERVAL 19 DAY FROM projects WHERE projects.id=54), 2718, 2718, 54, 2);
INSERT INTO orders (order_id, created_at, delivery_id, payment_id, supporting_project_id) VALUES (2718, (SELECT projects.start_date + INTERVAL 19 DAY FROM projects WHERE projects.id=54), 1, 2718, 2718);
INSERT INTO supporting_packages(id, option_list, package_count, order_id, project_package_id, supporting_project_id) VALUES (2718, '["패션 콜라보"]', 5, 2718, 54, 2718);
INSERT INTO supporting_projects(supporting_project_id, supported_at, delivery_id, payment_id, project_id, user_id) VALUES (2719, (SELECT projects.start_date + INTERVAL 3 DAY FROM projects WHERE projects.id=54), 2719, 2719, 54, 39);
INSERT INTO orders (order_id, created_at, delivery_id, payment_id, supporting_project_id) VALUES (2719, (SELECT projects.start_date + INTERVAL 3 DAY FROM projects WHERE projects.id=54), 1, 2719, 2719);
INSERT INTO supporting_packages(id, option_list, package_count, order_id, project_package_id, supporting_project_id) VALUES (2719, '["스킨케어"]', 8, 2719, 54, 2719);
INSERT INTO supporting_projects(supporting_project_id, supported_at, delivery_id, payment_id, project_id, user_id) VALUES (2720, (SELECT projects.start_date + INTERVAL 14 DAY FROM projects WHERE projects.id=54), 2720, 2720, 54, 6);
INSERT INTO orders (order_id, created_at, delivery_id, payment_id, supporting_project_id) VALUES (2720, (SELECT projects.start_date + INTERVAL 14 DAY FROM projects WHERE projects.id=54), 1, 2720, 2720);
INSERT INTO supporting_packages(id, option_list, package_count, order_id, project_package_id, supporting_project_id) VALUES (2720, '["스킨케어"]', 7, 2720, 54, 2720);
INSERT INTO supporting_projects(supporting_project_id, supported_at, delivery_id, payment_id, project_id, user_id) VALUES (2721, (SELECT projects.start_date + INTERVAL 23 DAY FROM projects WHERE projects.id=54), 2721, 2721, 54, 8);
INSERT INTO orders (order_id, created_at, delivery_id, payment_id, supporting_project_id) VALUES (2721, (SELECT projects.start_date + INTERVAL 23 DAY FROM projects WHERE projects.id=54), 1, 2721, 2721);
INSERT INTO supporting_packages(id, option_list, package_count, order_id, project_package_id, supporting_project_id) VALUES (2721, '["스킨케어"]', 6, 2721, 54, 2721);
INSERT INTO supporting_projects(supporting_project_id, supported_at, delivery_id, payment_id, project_id, user_id) VALUES (2722, (SELECT projects.start_date + INTERVAL 35 DAY FROM projects WHERE projects.id=54), 2722, 2722, 54, 18);
INSERT INTO orders (order_id, created_at, delivery_id, payment_id, supporting_project_id) VALUES (2722, (SELECT projects.start_date + INTERVAL 35 DAY FROM projects WHERE projects.id=54), 1, 2722, 2722);
INSERT INTO supporting_packages(id, option_list, package_count, order_id, project_package_id, supporting_project_id) VALUES (2722, '["메이크업"]', 4, 2722, 54, 2722);
INSERT INTO supporting_projects(supporting_project_id, supported_at, delivery_id, payment_id, project_id, user_id) VALUES (2723, (SELECT projects.start_date + INTERVAL 15 DAY FROM projects WHERE projects.id=54), 2723, 2723, 54, 26);
INSERT INTO orders (order_id, created_at, delivery_id, payment_id, supporting_project_id) VALUES (2723, (SELECT projects.start_date + INTERVAL 15 DAY FROM projects WHERE projects.id=54), 1, 2723, 2723);
INSERT INTO supporting_packages(id, option_list, package_count, order_id, project_package_id, supporting_project_id) VALUES (2723, '["패션 콜라보"]', 4, 2723, 54, 2723);
INSERT INTO supporting_projects(supporting_project_id, supported_at, delivery_id, payment_id, project_id, user_id) VALUES (2724, (SELECT projects.start_date + INTERVAL 1 DAY FROM projects WHERE projects.id=54), 2724, 2724, 54, 6);
INSERT INTO orders (order_id, created_at, delivery_id, payment_id, supporting_project_id) VALUES (2724, (SELECT projects.start_date + INTERVAL 1 DAY FROM projects WHERE projects.id=54), 1, 2724, 2724);
INSERT INTO supporting_packages(id, option_list, package_count, order_id, project_package_id, supporting_project_id) VALUES (2724, '["스킨케어"]', 1, 2724, 54, 2724);
INSERT INTO supporting_projects(supporting_project_id, supported_at, delivery_id, payment_id, project_id, user_id) VALUES (2725, (SELECT projects.start_date + INTERVAL 25 DAY FROM projects WHERE projects.id=54), 2725, 2725, 54, 5);
INSERT INTO orders (order_id, created_at, delivery_id, payment_id, supporting_project_id) VALUES (2725, (SELECT projects.start_date + INTERVAL 25 DAY FROM projects WHERE projects.id=54), 1, 2725, 2725);
INSERT INTO supporting_packages(id, option_list, package_count, order_id, project_package_id, supporting_project_id) VALUES (2725, '["패션 콜라보"]', 3, 2725, 54, 2725);
INSERT INTO supporting_projects(supporting_project_id, supported_at, delivery_id, payment_id, project_id, user_id) VALUES (2726, (SELECT projects.start_date + INTERVAL 30 DAY FROM projects WHERE projects.id=54), 2726, 2726, 54, 34);
INSERT INTO orders (order_id, created_at, delivery_id, payment_id, supporting_project_id) VALUES (2726, (SELECT projects.start_date + INTERVAL 30 DAY FROM projects WHERE projects.id=54), 1, 2726, 2726);
INSERT INTO supporting_packages(id, option_list, package_count, order_id, project_package_id, supporting_project_id) VALUES (2726, '["메이크업"]', 10, 2726, 54, 2726);
INSERT INTO supporting_projects(supporting_project_id, supported_at, delivery_id, payment_id, project_id, user_id) VALUES (2727, (SELECT projects.start_date + INTERVAL 19 DAY FROM projects WHERE projects.id=54), 2727, 2727, 54, 12);
INSERT INTO orders (order_id, created_at, delivery_id, payment_id, supporting_project_id) VALUES (2727, (SELECT projects.start_date + INTERVAL 19 DAY FROM projects WHERE projects.id=54), 1, 2727, 2727);
INSERT INTO supporting_packages(id, option_list, package_count, order_id, project_package_id, supporting_project_id) VALUES (2727, '["메이크업"]', 7, 2727, 54, 2727);
INSERT INTO supporting_projects(supporting_project_id, supported_at, delivery_id, payment_id, project_id, user_id) VALUES (2728, (SELECT projects.start_date + INTERVAL 8 DAY FROM projects WHERE projects.id=54), 2728, 2728, 54, 25);
INSERT INTO orders (order_id, created_at, delivery_id, payment_id, supporting_project_id) VALUES (2728, (SELECT projects.start_date + INTERVAL 8 DAY FROM projects WHERE projects.id=54), 1, 2728, 2728);
INSERT INTO supporting_packages(id, option_list, package_count, order_id, project_package_id, supporting_project_id) VALUES (2728, '["패션 콜라보"]', 2, 2728, 54, 2728);
INSERT INTO supporting_projects(supporting_project_id, supported_at, delivery_id, payment_id, project_id, user_id) VALUES (2729, (SELECT projects.start_date + INTERVAL 37 DAY FROM projects WHERE projects.id=54), 2729, 2729, 54, 22);
INSERT INTO orders (order_id, created_at, delivery_id, payment_id, supporting_project_id) VALUES (2729, (SELECT projects.start_date + INTERVAL 37 DAY FROM projects WHERE projects.id=54), 1, 2729, 2729);
INSERT INTO supporting_packages(id, option_list, package_count, order_id, project_package_id, supporting_project_id) VALUES (2729, '["스킨케어"]', 1, 2729, 54, 2729);
INSERT INTO supporting_projects(supporting_project_id, supported_at, delivery_id, payment_id, project_id, user_id) VALUES (2730, (SELECT projects.start_date + INTERVAL 48 DAY FROM projects WHERE projects.id=54), 2730, 2730, 54, 24);
INSERT INTO orders (order_id, created_at, delivery_id, payment_id, supporting_project_id) VALUES (2730, (SELECT projects.start_date + INTERVAL 48 DAY FROM projects WHERE projects.id=54), 1, 2730, 2730);
INSERT INTO supporting_packages(id, option_list, package_count, order_id, project_package_id, supporting_project_id) VALUES (2730, '["메이크업"]', 6, 2730, 54, 2730);
INSERT INTO supporting_projects(supporting_project_id, supported_at, delivery_id, payment_id, project_id, user_id) VALUES (2731, (SELECT projects.start_date + INTERVAL 39 DAY FROM projects WHERE projects.id=54), 2731, 2731, 54, 37);
INSERT INTO orders (order_id, created_at, delivery_id, payment_id, supporting_project_id) VALUES (2731, (SELECT projects.start_date + INTERVAL 39 DAY FROM projects WHERE projects.id=54), 1, 2731, 2731);
INSERT INTO supporting_packages(id, option_list, package_count, order_id, project_package_id, supporting_project_id) VALUES (2731, '["메이크업"]', 9, 2731, 54, 2731);
INSERT INTO supporting_projects(supporting_project_id, supported_at, delivery_id, payment_id, project_id, user_id) VALUES (2732, (SELECT projects.start_date + INTERVAL 6 DAY FROM projects WHERE projects.id=54), 2732, 2732, 54, 8);
INSERT INTO orders (order_id, created_at, delivery_id, payment_id, supporting_project_id) VALUES (2732, (SELECT projects.start_date + INTERVAL 6 DAY FROM projects WHERE projects.id=54), 1, 2732, 2732);
INSERT INTO supporting_packages(id, option_list, package_count, order_id, project_package_id, supporting_project_id) VALUES (2732, '["패션 콜라보"]', 6, 2732, 54, 2732);
INSERT INTO supporting_projects(supporting_project_id, supported_at, delivery_id, payment_id, project_id, user_id) VALUES (2733, (SELECT projects.start_date + INTERVAL 14 DAY FROM projects WHERE projects.id=54), 2733, 2733, 54, 4);
INSERT INTO orders (order_id, created_at, delivery_id, payment_id, supporting_project_id) VALUES (2733, (SELECT projects.start_date + INTERVAL 14 DAY FROM projects WHERE projects.id=54), 1, 2733, 2733);
INSERT INTO supporting_packages(id, option_list, package_count, order_id, project_package_id, supporting_project_id) VALUES (2733, '["메이크업"]', 7, 2733, 54, 2733);
INSERT INTO supporting_projects(supporting_project_id, supported_at, delivery_id, payment_id, project_id, user_id) VALUES (2734, (SELECT projects.start_date + INTERVAL 14 DAY FROM projects WHERE projects.id=54), 2734, 2734, 54, 36);
INSERT INTO orders (order_id, created_at, delivery_id, payment_id, supporting_project_id) VALUES (2734, (SELECT projects.start_date + INTERVAL 14 DAY FROM projects WHERE projects.id=54), 1, 2734, 2734);
INSERT INTO supporting_packages(id, option_list, package_count, order_id, project_package_id, supporting_project_id) VALUES (2734, '["패션 콜라보"]', 1, 2734, 54, 2734);
INSERT INTO supporting_projects(supporting_project_id, supported_at, delivery_id, payment_id, project_id, user_id) VALUES (2735, (SELECT projects.start_date + INTERVAL 31 DAY FROM projects WHERE projects.id=54), 2735, 2735, 54, 31);
INSERT INTO orders (order_id, created_at, delivery_id, payment_id, supporting_project_id) VALUES (2735, (SELECT projects.start_date + INTERVAL 31 DAY FROM projects WHERE projects.id=54), 1, 2735, 2735);
INSERT INTO supporting_packages(id, option_list, package_count, order_id, project_package_id, supporting_project_id) VALUES (2735, '["스킨케어"]', 4, 2735, 54, 2735);
INSERT INTO supporting_projects(supporting_project_id, supported_at, delivery_id, payment_id, project_id, user_id) VALUES (2736, (SELECT projects.start_date + INTERVAL 6 DAY FROM projects WHERE projects.id=54), 2736, 2736, 54, 16);
INSERT INTO orders (order_id, created_at, delivery_id, payment_id, supporting_project_id) VALUES (2736, (SELECT projects.start_date + INTERVAL 6 DAY FROM projects WHERE projects.id=54), 1, 2736, 2736);
INSERT INTO supporting_packages(id, option_list, package_count, order_id, project_package_id, supporting_project_id) VALUES (2736, '["패션 콜라보"]', 7, 2736, 54, 2736);
INSERT INTO supporting_projects(supporting_project_id, supported_at, delivery_id, payment_id, project_id, user_id) VALUES (2737, (SELECT projects.start_date + INTERVAL 24 DAY FROM projects WHERE projects.id=54), 2737, 2737, 54, 33);
INSERT INTO orders (order_id, created_at, delivery_id, payment_id, supporting_project_id) VALUES (2737, (SELECT projects.start_date + INTERVAL 24 DAY FROM projects WHERE projects.id=54), 1, 2737, 2737);
INSERT INTO supporting_packages(id, option_list, package_count, order_id, project_package_id, supporting_project_id) VALUES (2737, '["메이크업"]', 8, 2737, 54, 2737);
INSERT INTO supporting_projects(supporting_project_id, supported_at, delivery_id, payment_id, project_id, user_id) VALUES (2738, (SELECT projects.start_date + INTERVAL 19 DAY FROM projects WHERE projects.id=54), 2738, 2738, 54, 10);
INSERT INTO orders (order_id, created_at, delivery_id, payment_id, supporting_project_id) VALUES (2738, (SELECT projects.start_date + INTERVAL 19 DAY FROM projects WHERE projects.id=54), 1, 2738, 2738);
INSERT INTO supporting_packages(id, option_list, package_count, order_id, project_package_id, supporting_project_id) VALUES (2738, '["패션 콜라보"]', 6, 2738, 54, 2738);
INSERT INTO supporting_projects(supporting_project_id, supported_at, delivery_id, payment_id, project_id, user_id) VALUES (2739, (SELECT projects.start_date + INTERVAL 7 DAY FROM projects WHERE projects.id=54), 2739, 2739, 54, 8);
INSERT INTO orders (order_id, created_at, delivery_id, payment_id, supporting_project_id) VALUES (2739, (SELECT projects.start_date + INTERVAL 7 DAY FROM projects WHERE projects.id=54), 1, 2739, 2739);
INSERT INTO supporting_packages(id, option_list, package_count, order_id, project_package_id, supporting_project_id) VALUES (2739, '["패션 콜라보"]', 7, 2739, 54, 2739);
INSERT INTO supporting_projects(supporting_project_id, supported_at, delivery_id, payment_id, project_id, user_id) VALUES (2740, (SELECT projects.start_date + INTERVAL 34 DAY FROM projects WHERE projects.id=54), 2740, 2740, 54, 31);
INSERT INTO orders (order_id, created_at, delivery_id, payment_id, supporting_project_id) VALUES (2740, (SELECT projects.start_date + INTERVAL 34 DAY FROM projects WHERE projects.id=54), 1, 2740, 2740);
INSERT INTO supporting_packages(id, option_list, package_count, order_id, project_package_id, supporting_project_id) VALUES (2740, '["스킨케어"]', 5, 2740, 54, 2740);
INSERT INTO supporting_projects(supporting_project_id, supported_at, delivery_id, payment_id, project_id, user_id) VALUES (2741, (SELECT projects.start_date + INTERVAL 2 DAY FROM projects WHERE projects.id=54), 2741, 2741, 54, 17);
INSERT INTO orders (order_id, created_at, delivery_id, payment_id, supporting_project_id) VALUES (2741, (SELECT projects.start_date + INTERVAL 2 DAY FROM projects WHERE projects.id=54), 1, 2741, 2741);
INSERT INTO supporting_packages(id, option_list, package_count, order_id, project_package_id, supporting_project_id) VALUES (2741, '["패션 콜라보"]', 5, 2741, 54, 2741);
INSERT INTO supporting_projects(supporting_project_id, supported_at, delivery_id, payment_id, project_id, user_id) VALUES (2742, (SELECT projects.start_date + INTERVAL 1 DAY FROM projects WHERE projects.id=54), 2742, 2742, 54, 3);
INSERT INTO orders (order_id, created_at, delivery_id, payment_id, supporting_project_id) VALUES (2742, (SELECT projects.start_date + INTERVAL 1 DAY FROM projects WHERE projects.id=54), 1, 2742, 2742);
INSERT INTO supporting_packages(id, option_list, package_count, order_id, project_package_id, supporting_project_id) VALUES (2742, '["스킨케어"]', 2, 2742, 54, 2742);
INSERT INTO supporting_projects(supporting_project_id, supported_at, delivery_id, payment_id, project_id, user_id) VALUES (2743, (SELECT projects.start_date + INTERVAL 13 DAY FROM projects WHERE projects.id=54), 2743, 2743, 54, 28);
INSERT INTO orders (order_id, created_at, delivery_id, payment_id, supporting_project_id) VALUES (2743, (SELECT projects.start_date + INTERVAL 13 DAY FROM projects WHERE projects.id=54), 1, 2743, 2743);
INSERT INTO supporting_packages(id, option_list, package_count, order_id, project_package_id, supporting_project_id) VALUES (2743, '["메이크업"]', 10, 2743, 54, 2743);
INSERT INTO supporting_projects(supporting_project_id, supported_at, delivery_id, payment_id, project_id, user_id) VALUES (2744, (SELECT projects.start_date + INTERVAL 42 DAY FROM projects WHERE projects.id=54), 2744, 2744, 54, 17);
INSERT INTO orders (order_id, created_at, delivery_id, payment_id, supporting_project_id) VALUES (2744, (SELECT projects.start_date + INTERVAL 42 DAY FROM projects WHERE projects.id=54), 1, 2744, 2744);
INSERT INTO supporting_packages(id, option_list, package_count, order_id, project_package_id, supporting_project_id) VALUES (2744, '["패션 콜라보"]', 3, 2744, 54, 2744);
INSERT INTO supporting_projects(supporting_project_id, supported_at, delivery_id, payment_id, project_id, user_id) VALUES (2745, (SELECT projects.start_date + INTERVAL 43 DAY FROM projects WHERE projects.id=54), 2745, 2745, 54, 29);
INSERT INTO orders (order_id, created_at, delivery_id, payment_id, supporting_project_id) VALUES (2745, (SELECT projects.start_date + INTERVAL 43 DAY FROM projects WHERE projects.id=54), 1, 2745, 2745);
INSERT INTO supporting_packages(id, option_list, package_count, order_id, project_package_id, supporting_project_id) VALUES (2745, '["스킨케어"]', 1, 2745, 54, 2745);
INSERT INTO supporting_projects(supporting_project_id, supported_at, delivery_id, payment_id, project_id, user_id) VALUES (2746, (SELECT projects.start_date + INTERVAL 21 DAY FROM projects WHERE projects.id=54), 2746, 2746, 54, 20);
INSERT INTO orders (order_id, created_at, delivery_id, payment_id, supporting_project_id) VALUES (2746, (SELECT projects.start_date + INTERVAL 21 DAY FROM projects WHERE projects.id=54), 1, 2746, 2746);
INSERT INTO supporting_packages(id, option_list, package_count, order_id, project_package_id, supporting_project_id) VALUES (2746, '["메이크업"]', 4, 2746, 54, 2746);
INSERT INTO supporting_projects(supporting_project_id, supported_at, delivery_id, payment_id, project_id, user_id) VALUES (2747, (SELECT projects.start_date + INTERVAL 19 DAY FROM projects WHERE projects.id=54), 2747, 2747, 54, 6);
INSERT INTO orders (order_id, created_at, delivery_id, payment_id, supporting_project_id) VALUES (2747, (SELECT projects.start_date + INTERVAL 19 DAY FROM projects WHERE projects.id=54), 1, 2747, 2747);
INSERT INTO supporting_packages(id, option_list, package_count, order_id, project_package_id, supporting_project_id) VALUES (2747, '["스킨케어"]', 9, 2747, 54, 2747);
INSERT INTO supporting_projects(supporting_project_id, supported_at, delivery_id, payment_id, project_id, user_id) VALUES (2748, (SELECT projects.start_date + INTERVAL 43 DAY FROM projects WHERE projects.id=54), 2748, 2748, 54, 9);
INSERT INTO orders (order_id, created_at, delivery_id, payment_id, supporting_project_id) VALUES (2748, (SELECT projects.start_date + INTERVAL 43 DAY FROM projects WHERE projects.id=54), 1, 2748, 2748);
INSERT INTO supporting_packages(id, option_list, package_count, order_id, project_package_id, supporting_project_id) VALUES (2748, '["스킨케어"]', 6, 2748, 54, 2748);
INSERT INTO supporting_projects(supporting_project_id, supported_at, delivery_id, payment_id, project_id, user_id) VALUES (2749, (SELECT projects.start_date + INTERVAL 43 DAY FROM projects WHERE projects.id=54), 2749, 2749, 54, 24);
INSERT INTO orders (order_id, created_at, delivery_id, payment_id, supporting_project_id) VALUES (2749, (SELECT projects.start_date + INTERVAL 43 DAY FROM projects WHERE projects.id=54), 1, 2749, 2749);
INSERT INTO supporting_packages(id, option_list, package_count, order_id, project_package_id, supporting_project_id) VALUES (2749, '["스킨케어"]', 8, 2749, 54, 2749);
INSERT INTO supporting_projects(supporting_project_id, supported_at, delivery_id, payment_id, project_id, user_id) VALUES (2750, (SELECT projects.start_date + INTERVAL 15 DAY FROM projects WHERE projects.id=54), 2750, 2750, 54, 18);
INSERT INTO orders (order_id, created_at, delivery_id, payment_id, supporting_project_id) VALUES (2750, (SELECT projects.start_date + INTERVAL 15 DAY FROM projects WHERE projects.id=54), 1, 2750, 2750);
INSERT INTO supporting_packages(id, option_list, package_count, order_id, project_package_id, supporting_project_id) VALUES (2750, '["스킨케어"]', 10, 2750, 54, 2750);
INSERT INTO supporting_projects(supporting_project_id, supported_at, delivery_id, payment_id, project_id, user_id) VALUES (2751, (SELECT projects.start_date + INTERVAL 4 DAY FROM projects WHERE projects.id=54), 2751, 2751, 54, 21);
INSERT INTO orders (order_id, created_at, delivery_id, payment_id, supporting_project_id) VALUES (2751, (SELECT projects.start_date + INTERVAL 4 DAY FROM projects WHERE projects.id=54), 1, 2751, 2751);
INSERT INTO supporting_packages(id, option_list, package_count, order_id, project_package_id, supporting_project_id) VALUES (2751, '["패션 콜라보"]', 6, 2751, 54, 2751);
INSERT INTO supporting_projects(supporting_project_id, supported_at, delivery_id, payment_id, project_id, user_id) VALUES (2752, (SELECT projects.start_date + INTERVAL 13 DAY FROM projects WHERE projects.id=54), 2752, 2752, 54, 39);
INSERT INTO orders (order_id, created_at, delivery_id, payment_id, supporting_project_id) VALUES (2752, (SELECT projects.start_date + INTERVAL 13 DAY FROM projects WHERE projects.id=54), 1, 2752, 2752);
INSERT INTO supporting_packages(id, option_list, package_count, order_id, project_package_id, supporting_project_id) VALUES (2752, '["메이크업"]', 6, 2752, 54, 2752);
INSERT INTO supporting_projects(supporting_project_id, supported_at, delivery_id, payment_id, project_id, user_id) VALUES (2753, (SELECT projects.start_date + INTERVAL 17 DAY FROM projects WHERE projects.id=54), 2753, 2753, 54, 8);
INSERT INTO orders (order_id, created_at, delivery_id, payment_id, supporting_project_id) VALUES (2753, (SELECT projects.start_date + INTERVAL 17 DAY FROM projects WHERE projects.id=54), 1, 2753, 2753);
INSERT INTO supporting_packages(id, option_list, package_count, order_id, project_package_id, supporting_project_id) VALUES (2753, '["메이크업"]', 3, 2753, 54, 2753);
INSERT INTO supporting_projects(supporting_project_id, supported_at, delivery_id, payment_id, project_id, user_id) VALUES (2754, (SELECT projects.start_date + INTERVAL 28 DAY FROM projects WHERE projects.id=54), 2754, 2754, 54, 2);
INSERT INTO orders (order_id, created_at, delivery_id, payment_id, supporting_project_id) VALUES (2754, (SELECT projects.start_date + INTERVAL 28 DAY FROM projects WHERE projects.id=54), 1, 2754, 2754);
INSERT INTO supporting_packages(id, option_list, package_count, order_id, project_package_id, supporting_project_id) VALUES (2754, '["패션 콜라보"]', 10, 2754, 54, 2754);
INSERT INTO supporting_projects(supporting_project_id, supported_at, delivery_id, payment_id, project_id, user_id) VALUES (2755, (SELECT projects.start_date + INTERVAL 50 DAY FROM projects WHERE projects.id=56), 2755, 2755, 56, 22);
INSERT INTO orders (order_id, created_at, delivery_id, payment_id, supporting_project_id) VALUES (2755, (SELECT projects.start_date + INTERVAL 50 DAY FROM projects WHERE projects.id=56), 1, 2755, 2755);
INSERT INTO supporting_packages(id, option_list, package_count, order_id, project_package_id, supporting_project_id) VALUES (2755, '["한정판"]', 2, 2755, 56, 2755);
INSERT INTO supporting_projects(supporting_project_id, supported_at, delivery_id, payment_id, project_id, user_id) VALUES (2756, (SELECT projects.start_date + INTERVAL 19 DAY FROM projects WHERE projects.id=56), 2756, 2756, 56, 12);
INSERT INTO orders (order_id, created_at, delivery_id, payment_id, supporting_project_id) VALUES (2756, (SELECT projects.start_date + INTERVAL 19 DAY FROM projects WHERE projects.id=56), 1, 2756, 2756);
INSERT INTO supporting_packages(id, option_list, package_count, order_id, project_package_id, supporting_project_id) VALUES (2756, '["아우터"]', 7, 2756, 56, 2756);
INSERT INTO supporting_projects(supporting_project_id, supported_at, delivery_id, payment_id, project_id, user_id) VALUES (2757, (SELECT projects.start_date + INTERVAL 45 DAY FROM projects WHERE projects.id=56), 2757, 2757, 56, 10);
INSERT INTO orders (order_id, created_at, delivery_id, payment_id, supporting_project_id) VALUES (2757, (SELECT projects.start_date + INTERVAL 45 DAY FROM projects WHERE projects.id=56), 1, 2757, 2757);
INSERT INTO supporting_packages(id, option_list, package_count, order_id, project_package_id, supporting_project_id) VALUES (2757, '["한정판"]', 1, 2757, 56, 2757);
INSERT INTO supporting_projects(supporting_project_id, supported_at, delivery_id, payment_id, project_id, user_id) VALUES (2758, (SELECT projects.start_date + INTERVAL 34 DAY FROM projects WHERE projects.id=56), 2758, 2758, 56, 39);
INSERT INTO orders (order_id, created_at, delivery_id, payment_id, supporting_project_id) VALUES (2758, (SELECT projects.start_date + INTERVAL 34 DAY FROM projects WHERE projects.id=56), 1, 2758, 2758);
INSERT INTO supporting_packages(id, option_list, package_count, order_id, project_package_id, supporting_project_id) VALUES (2758, '["티셔츠"]', 7, 2758, 56, 2758);
INSERT INTO supporting_projects(supporting_project_id, supported_at, delivery_id, payment_id, project_id, user_id) VALUES (2759, (SELECT projects.start_date + INTERVAL 33 DAY FROM projects WHERE projects.id=56), 2759, 2759, 56, 13);
INSERT INTO orders (order_id, created_at, delivery_id, payment_id, supporting_project_id) VALUES (2759, (SELECT projects.start_date + INTERVAL 33 DAY FROM projects WHERE projects.id=56), 1, 2759, 2759);
INSERT INTO supporting_packages(id, option_list, package_count, order_id, project_package_id, supporting_project_id) VALUES (2759, '["한정판"]', 7, 2759, 56, 2759);
INSERT INTO supporting_projects(supporting_project_id, supported_at, delivery_id, payment_id, project_id, user_id) VALUES (2760, (SELECT projects.start_date + INTERVAL 24 DAY FROM projects WHERE projects.id=56), 2760, 2760, 56, 37);
INSERT INTO orders (order_id, created_at, delivery_id, payment_id, supporting_project_id) VALUES (2760, (SELECT projects.start_date + INTERVAL 24 DAY FROM projects WHERE projects.id=56), 1, 2760, 2760);
INSERT INTO supporting_packages(id, option_list, package_count, order_id, project_package_id, supporting_project_id) VALUES (2760, '["한정판"]', 8, 2760, 56, 2760);
INSERT INTO supporting_projects(supporting_project_id, supported_at, delivery_id, payment_id, project_id, user_id) VALUES (2761, (SELECT projects.start_date + INTERVAL 39 DAY FROM projects WHERE projects.id=56), 2761, 2761, 56, 8);
INSERT INTO orders (order_id, created_at, delivery_id, payment_id, supporting_project_id) VALUES (2761, (SELECT projects.start_date + INTERVAL 39 DAY FROM projects WHERE projects.id=56), 1, 2761, 2761);
INSERT INTO supporting_packages(id, option_list, package_count, order_id, project_package_id, supporting_project_id) VALUES (2761, '["아우터"]', 7, 2761, 56, 2761);
INSERT INTO supporting_projects(supporting_project_id, supported_at, delivery_id, payment_id, project_id, user_id) VALUES (2762, (SELECT projects.start_date + INTERVAL 45 DAY FROM projects WHERE projects.id=56), 2762, 2762, 56, 24);
INSERT INTO orders (order_id, created_at, delivery_id, payment_id, supporting_project_id) VALUES (2762, (SELECT projects.start_date + INTERVAL 45 DAY FROM projects WHERE projects.id=56), 1, 2762, 2762);
INSERT INTO supporting_packages(id, option_list, package_count, order_id, project_package_id, supporting_project_id) VALUES (2762, '["티셔츠"]', 2, 2762, 56, 2762);
INSERT INTO supporting_projects(supporting_project_id, supported_at, delivery_id, payment_id, project_id, user_id) VALUES (2763, (SELECT projects.start_date + INTERVAL 34 DAY FROM projects WHERE projects.id=56), 2763, 2763, 56, 4);
INSERT INTO orders (order_id, created_at, delivery_id, payment_id, supporting_project_id) VALUES (2763, (SELECT projects.start_date + INTERVAL 34 DAY FROM projects WHERE projects.id=56), 1, 2763, 2763);
INSERT INTO supporting_packages(id, option_list, package_count, order_id, project_package_id, supporting_project_id) VALUES (2763, '["아우터"]', 2, 2763, 56, 2763);
INSERT INTO supporting_projects(supporting_project_id, supported_at, delivery_id, payment_id, project_id, user_id) VALUES (2764, (SELECT projects.start_date + INTERVAL 9 DAY FROM projects WHERE projects.id=56), 2764, 2764, 56, 37);
INSERT INTO orders (order_id, created_at, delivery_id, payment_id, supporting_project_id) VALUES (2764, (SELECT projects.start_date + INTERVAL 9 DAY FROM projects WHERE projects.id=56), 1, 2764, 2764);
INSERT INTO supporting_packages(id, option_list, package_count, order_id, project_package_id, supporting_project_id) VALUES (2764, '["아우터"]', 2, 2764, 56, 2764);
INSERT INTO supporting_projects(supporting_project_id, supported_at, delivery_id, payment_id, project_id, user_id) VALUES (2765, (SELECT projects.start_date + INTERVAL 3 DAY FROM projects WHERE projects.id=56), 2765, 2765, 56, 10);
INSERT INTO orders (order_id, created_at, delivery_id, payment_id, supporting_project_id) VALUES (2765, (SELECT projects.start_date + INTERVAL 3 DAY FROM projects WHERE projects.id=56), 1, 2765, 2765);
INSERT INTO supporting_packages(id, option_list, package_count, order_id, project_package_id, supporting_project_id) VALUES (2765, '["한정판"]', 6, 2765, 56, 2765);
INSERT INTO supporting_projects(supporting_project_id, supported_at, delivery_id, payment_id, project_id, user_id) VALUES (2766, (SELECT projects.start_date + INTERVAL 12 DAY FROM projects WHERE projects.id=56), 2766, 2766, 56, 36);
INSERT INTO orders (order_id, created_at, delivery_id, payment_id, supporting_project_id) VALUES (2766, (SELECT projects.start_date + INTERVAL 12 DAY FROM projects WHERE projects.id=56), 1, 2766, 2766);
INSERT INTO supporting_packages(id, option_list, package_count, order_id, project_package_id, supporting_project_id) VALUES (2766, '["한정판"]', 10, 2766, 56, 2766);
INSERT INTO supporting_projects(supporting_project_id, supported_at, delivery_id, payment_id, project_id, user_id) VALUES (2767, (SELECT projects.start_date + INTERVAL 18 DAY FROM projects WHERE projects.id=56), 2767, 2767, 56, 38);
INSERT INTO orders (order_id, created_at, delivery_id, payment_id, supporting_project_id) VALUES (2767, (SELECT projects.start_date + INTERVAL 18 DAY FROM projects WHERE projects.id=56), 1, 2767, 2767);
INSERT INTO supporting_packages(id, option_list, package_count, order_id, project_package_id, supporting_project_id) VALUES (2767, '["한정판"]', 8, 2767, 56, 2767);
INSERT INTO supporting_projects(supporting_project_id, supported_at, delivery_id, payment_id, project_id, user_id) VALUES (2768, (SELECT projects.start_date + INTERVAL 43 DAY FROM projects WHERE projects.id=56), 2768, 2768, 56, 30);
INSERT INTO orders (order_id, created_at, delivery_id, payment_id, supporting_project_id) VALUES (2768, (SELECT projects.start_date + INTERVAL 43 DAY FROM projects WHERE projects.id=56), 1, 2768, 2768);
INSERT INTO supporting_packages(id, option_list, package_count, order_id, project_package_id, supporting_project_id) VALUES (2768, '["아우터"]', 2, 2768, 56, 2768);
INSERT INTO supporting_projects(supporting_project_id, supported_at, delivery_id, payment_id, project_id, user_id) VALUES (2769, (SELECT projects.start_date + INTERVAL 10 DAY FROM projects WHERE projects.id=56), 2769, 2769, 56, 34);
INSERT INTO orders (order_id, created_at, delivery_id, payment_id, supporting_project_id) VALUES (2769, (SELECT projects.start_date + INTERVAL 10 DAY FROM projects WHERE projects.id=56), 1, 2769, 2769);
INSERT INTO supporting_packages(id, option_list, package_count, order_id, project_package_id, supporting_project_id) VALUES (2769, '["티셔츠"]', 9, 2769, 56, 2769);
INSERT INTO supporting_projects(supporting_project_id, supported_at, delivery_id, payment_id, project_id, user_id) VALUES (2770, (SELECT projects.start_date + INTERVAL 28 DAY FROM projects WHERE projects.id=56), 2770, 2770, 56, 31);
INSERT INTO orders (order_id, created_at, delivery_id, payment_id, supporting_project_id) VALUES (2770, (SELECT projects.start_date + INTERVAL 28 DAY FROM projects WHERE projects.id=56), 1, 2770, 2770);
INSERT INTO supporting_packages(id, option_list, package_count, order_id, project_package_id, supporting_project_id) VALUES (2770, '["한정판"]', 7, 2770, 56, 2770);
INSERT INTO supporting_projects(supporting_project_id, supported_at, delivery_id, payment_id, project_id, user_id) VALUES (2771, (SELECT projects.start_date + INTERVAL 7 DAY FROM projects WHERE projects.id=56), 2771, 2771, 56, 35);
INSERT INTO orders (order_id, created_at, delivery_id, payment_id, supporting_project_id) VALUES (2771, (SELECT projects.start_date + INTERVAL 7 DAY FROM projects WHERE projects.id=56), 1, 2771, 2771);
INSERT INTO supporting_packages(id, option_list, package_count, order_id, project_package_id, supporting_project_id) VALUES (2771, '["티셔츠"]', 5, 2771, 56, 2771);
INSERT INTO supporting_projects(supporting_project_id, supported_at, delivery_id, payment_id, project_id, user_id) VALUES (2772, (SELECT projects.start_date + INTERVAL 38 DAY FROM projects WHERE projects.id=56), 2772, 2772, 56, 33);
INSERT INTO orders (order_id, created_at, delivery_id, payment_id, supporting_project_id) VALUES (2772, (SELECT projects.start_date + INTERVAL 38 DAY FROM projects WHERE projects.id=56), 1, 2772, 2772);
INSERT INTO supporting_packages(id, option_list, package_count, order_id, project_package_id, supporting_project_id) VALUES (2772, '["한정판"]', 4, 2772, 56, 2772);
INSERT INTO supporting_projects(supporting_project_id, supported_at, delivery_id, payment_id, project_id, user_id) VALUES (2773, (SELECT projects.start_date + INTERVAL 12 DAY FROM projects WHERE projects.id=56), 2773, 2773, 56, 20);
INSERT INTO orders (order_id, created_at, delivery_id, payment_id, supporting_project_id) VALUES (2773, (SELECT projects.start_date + INTERVAL 12 DAY FROM projects WHERE projects.id=56), 1, 2773, 2773);
INSERT INTO supporting_packages(id, option_list, package_count, order_id, project_package_id, supporting_project_id) VALUES (2773, '["아우터"]', 2, 2773, 56, 2773);
INSERT INTO supporting_projects(supporting_project_id, supported_at, delivery_id, payment_id, project_id, user_id) VALUES (2774, (SELECT projects.start_date + INTERVAL 25 DAY FROM projects WHERE projects.id=56), 2774, 2774, 56, 11);
INSERT INTO orders (order_id, created_at, delivery_id, payment_id, supporting_project_id) VALUES (2774, (SELECT projects.start_date + INTERVAL 25 DAY FROM projects WHERE projects.id=56), 1, 2774, 2774);
INSERT INTO supporting_packages(id, option_list, package_count, order_id, project_package_id, supporting_project_id) VALUES (2774, '["티셔츠"]', 8, 2774, 56, 2774);
INSERT INTO supporting_projects(supporting_project_id, supported_at, delivery_id, payment_id, project_id, user_id) VALUES (2775, (SELECT projects.start_date + INTERVAL 31 DAY FROM projects WHERE projects.id=56), 2775, 2775, 56, 26);
INSERT INTO orders (order_id, created_at, delivery_id, payment_id, supporting_project_id) VALUES (2775, (SELECT projects.start_date + INTERVAL 31 DAY FROM projects WHERE projects.id=56), 1, 2775, 2775);
INSERT INTO supporting_packages(id, option_list, package_count, order_id, project_package_id, supporting_project_id) VALUES (2775, '["아우터"]', 7, 2775, 56, 2775);
INSERT INTO supporting_projects(supporting_project_id, supported_at, delivery_id, payment_id, project_id, user_id) VALUES (2776, (SELECT projects.start_date + INTERVAL 12 DAY FROM projects WHERE projects.id=56), 2776, 2776, 56, 2);
INSERT INTO orders (order_id, created_at, delivery_id, payment_id, supporting_project_id) VALUES (2776, (SELECT projects.start_date + INTERVAL 12 DAY FROM projects WHERE projects.id=56), 1, 2776, 2776);
INSERT INTO supporting_packages(id, option_list, package_count, order_id, project_package_id, supporting_project_id) VALUES (2776, '["한정판"]', 8, 2776, 56, 2776);
INSERT INTO supporting_projects(supporting_project_id, supported_at, delivery_id, payment_id, project_id, user_id) VALUES (2777, (SELECT projects.start_date + INTERVAL 33 DAY FROM projects WHERE projects.id=56), 2777, 2777, 56, 9);
INSERT INTO orders (order_id, created_at, delivery_id, payment_id, supporting_project_id) VALUES (2777, (SELECT projects.start_date + INTERVAL 33 DAY FROM projects WHERE projects.id=56), 1, 2777, 2777);
INSERT INTO supporting_packages(id, option_list, package_count, order_id, project_package_id, supporting_project_id) VALUES (2777, '["티셔츠"]', 6, 2777, 56, 2777);
INSERT INTO supporting_projects(supporting_project_id, supported_at, delivery_id, payment_id, project_id, user_id) VALUES (2778, (SELECT projects.start_date + INTERVAL 28 DAY FROM projects WHERE projects.id=56), 2778, 2778, 56, 18);
INSERT INTO orders (order_id, created_at, delivery_id, payment_id, supporting_project_id) VALUES (2778, (SELECT projects.start_date + INTERVAL 28 DAY FROM projects WHERE projects.id=56), 1, 2778, 2778);
INSERT INTO supporting_packages(id, option_list, package_count, order_id, project_package_id, supporting_project_id) VALUES (2778, '["한정판"]', 10, 2778, 56, 2778);
INSERT INTO supporting_projects(supporting_project_id, supported_at, delivery_id, payment_id, project_id, user_id) VALUES (2779, (SELECT projects.start_date + INTERVAL 45 DAY FROM projects WHERE projects.id=56), 2779, 2779, 56, 11);
INSERT INTO orders (order_id, created_at, delivery_id, payment_id, supporting_project_id) VALUES (2779, (SELECT projects.start_date + INTERVAL 45 DAY FROM projects WHERE projects.id=56), 1, 2779, 2779);
INSERT INTO supporting_packages(id, option_list, package_count, order_id, project_package_id, supporting_project_id) VALUES (2779, '["한정판"]', 6, 2779, 56, 2779);
INSERT INTO supporting_projects(supporting_project_id, supported_at, delivery_id, payment_id, project_id, user_id) VALUES (2780, (SELECT projects.start_date + INTERVAL 29 DAY FROM projects WHERE projects.id=56), 2780, 2780, 56, 4);
INSERT INTO orders (order_id, created_at, delivery_id, payment_id, supporting_project_id) VALUES (2780, (SELECT projects.start_date + INTERVAL 29 DAY FROM projects WHERE projects.id=56), 1, 2780, 2780);
INSERT INTO supporting_packages(id, option_list, package_count, order_id, project_package_id, supporting_project_id) VALUES (2780, '["아우터"]', 7, 2780, 56, 2780);
INSERT INTO supporting_projects(supporting_project_id, supported_at, delivery_id, payment_id, project_id, user_id) VALUES (2781, (SELECT projects.start_date + INTERVAL 12 DAY FROM projects WHERE projects.id=56), 2781, 2781, 56, 23);
INSERT INTO orders (order_id, created_at, delivery_id, payment_id, supporting_project_id) VALUES (2781, (SELECT projects.start_date + INTERVAL 12 DAY FROM projects WHERE projects.id=56), 1, 2781, 2781);
INSERT INTO supporting_packages(id, option_list, package_count, order_id, project_package_id, supporting_project_id) VALUES (2781, '["티셔츠"]', 5, 2781, 56, 2781);
INSERT INTO supporting_projects(supporting_project_id, supported_at, delivery_id, payment_id, project_id, user_id) VALUES (2782, (SELECT projects.start_date + INTERVAL 34 DAY FROM projects WHERE projects.id=56), 2782, 2782, 56, 23);
INSERT INTO orders (order_id, created_at, delivery_id, payment_id, supporting_project_id) VALUES (2782, (SELECT projects.start_date + INTERVAL 34 DAY FROM projects WHERE projects.id=56), 1, 2782, 2782);
INSERT INTO supporting_packages(id, option_list, package_count, order_id, project_package_id, supporting_project_id) VALUES (2782, '["티셔츠"]', 6, 2782, 56, 2782);
INSERT INTO supporting_projects(supporting_project_id, supported_at, delivery_id, payment_id, project_id, user_id) VALUES (2783, (SELECT projects.start_date + INTERVAL 9 DAY FROM projects WHERE projects.id=56), 2783, 2783, 56, 26);
INSERT INTO orders (order_id, created_at, delivery_id, payment_id, supporting_project_id) VALUES (2783, (SELECT projects.start_date + INTERVAL 9 DAY FROM projects WHERE projects.id=56), 1, 2783, 2783);
INSERT INTO supporting_packages(id, option_list, package_count, order_id, project_package_id, supporting_project_id) VALUES (2783, '["아우터"]', 1, 2783, 56, 2783);
INSERT INTO supporting_projects(supporting_project_id, supported_at, delivery_id, payment_id, project_id, user_id) VALUES (2784, (SELECT projects.start_date + INTERVAL 39 DAY FROM projects WHERE projects.id=56), 2784, 2784, 56, 2);
INSERT INTO orders (order_id, created_at, delivery_id, payment_id, supporting_project_id) VALUES (2784, (SELECT projects.start_date + INTERVAL 39 DAY FROM projects WHERE projects.id=56), 1, 2784, 2784);
INSERT INTO supporting_packages(id, option_list, package_count, order_id, project_package_id, supporting_project_id) VALUES (2784, '["한정판"]', 4, 2784, 56, 2784);
INSERT INTO supporting_projects(supporting_project_id, supported_at, delivery_id, payment_id, project_id, user_id) VALUES (2785, (SELECT projects.start_date + INTERVAL 12 DAY FROM projects WHERE projects.id=56), 2785, 2785, 56, 27);
INSERT INTO orders (order_id, created_at, delivery_id, payment_id, supporting_project_id) VALUES (2785, (SELECT projects.start_date + INTERVAL 12 DAY FROM projects WHERE projects.id=56), 1, 2785, 2785);
INSERT INTO supporting_packages(id, option_list, package_count, order_id, project_package_id, supporting_project_id) VALUES (2785, '["한정판"]', 9, 2785, 56, 2785);
INSERT INTO supporting_projects(supporting_project_id, supported_at, delivery_id, payment_id, project_id, user_id) VALUES (2786, (SELECT projects.start_date + INTERVAL 25 DAY FROM projects WHERE projects.id=56), 2786, 2786, 56, 10);
INSERT INTO orders (order_id, created_at, delivery_id, payment_id, supporting_project_id) VALUES (2786, (SELECT projects.start_date + INTERVAL 25 DAY FROM projects WHERE projects.id=56), 1, 2786, 2786);
INSERT INTO supporting_packages(id, option_list, package_count, order_id, project_package_id, supporting_project_id) VALUES (2786, '["티셔츠"]', 3, 2786, 56, 2786);
INSERT INTO supporting_projects(supporting_project_id, supported_at, delivery_id, payment_id, project_id, user_id) VALUES (2787, (SELECT projects.start_date + INTERVAL 38 DAY FROM projects WHERE projects.id=56), 2787, 2787, 56, 37);
INSERT INTO orders (order_id, created_at, delivery_id, payment_id, supporting_project_id) VALUES (2787, (SELECT projects.start_date + INTERVAL 38 DAY FROM projects WHERE projects.id=56), 1, 2787, 2787);
INSERT INTO supporting_packages(id, option_list, package_count, order_id, project_package_id, supporting_project_id) VALUES (2787, '["아우터"]', 6, 2787, 56, 2787);
INSERT INTO supporting_projects(supporting_project_id, supported_at, delivery_id, payment_id, project_id, user_id) VALUES (2788, (SELECT projects.start_date + INTERVAL 16 DAY FROM projects WHERE projects.id=56), 2788, 2788, 56, 19);
INSERT INTO orders (order_id, created_at, delivery_id, payment_id, supporting_project_id) VALUES (2788, (SELECT projects.start_date + INTERVAL 16 DAY FROM projects WHERE projects.id=56), 1, 2788, 2788);
INSERT INTO supporting_packages(id, option_list, package_count, order_id, project_package_id, supporting_project_id) VALUES (2788, '["아우터"]', 2, 2788, 56, 2788);
INSERT INTO supporting_projects(supporting_project_id, supported_at, delivery_id, payment_id, project_id, user_id) VALUES (2789, (SELECT projects.start_date + INTERVAL 13 DAY FROM projects WHERE projects.id=56), 2789, 2789, 56, 1);
INSERT INTO orders (order_id, created_at, delivery_id, payment_id, supporting_project_id) VALUES (2789, (SELECT projects.start_date + INTERVAL 13 DAY FROM projects WHERE projects.id=56), 1, 2789, 2789);
INSERT INTO supporting_packages(id, option_list, package_count, order_id, project_package_id, supporting_project_id) VALUES (2789, '["티셔츠"]', 7, 2789, 56, 2789);
INSERT INTO supporting_projects(supporting_project_id, supported_at, delivery_id, payment_id, project_id, user_id) VALUES (2790, (SELECT projects.start_date + INTERVAL 4 DAY FROM projects WHERE projects.id=56), 2790, 2790, 56, 30);
INSERT INTO orders (order_id, created_at, delivery_id, payment_id, supporting_project_id) VALUES (2790, (SELECT projects.start_date + INTERVAL 4 DAY FROM projects WHERE projects.id=56), 1, 2790, 2790);
INSERT INTO supporting_packages(id, option_list, package_count, order_id, project_package_id, supporting_project_id) VALUES (2790, '["한정판"]', 10, 2790, 56, 2790);
INSERT INTO supporting_projects(supporting_project_id, supported_at, delivery_id, payment_id, project_id, user_id) VALUES (2791, (SELECT projects.start_date + INTERVAL 2 DAY FROM projects WHERE projects.id=56), 2791, 2791, 56, 8);
INSERT INTO orders (order_id, created_at, delivery_id, payment_id, supporting_project_id) VALUES (2791, (SELECT projects.start_date + INTERVAL 2 DAY FROM projects WHERE projects.id=56), 1, 2791, 2791);
INSERT INTO supporting_packages(id, option_list, package_count, order_id, project_package_id, supporting_project_id) VALUES (2791, '["아우터"]', 6, 2791, 56, 2791);
INSERT INTO supporting_projects(supporting_project_id, supported_at, delivery_id, payment_id, project_id, user_id) VALUES (2792, (SELECT projects.start_date + INTERVAL 33 DAY FROM projects WHERE projects.id=56), 2792, 2792, 56, 39);
INSERT INTO orders (order_id, created_at, delivery_id, payment_id, supporting_project_id) VALUES (2792, (SELECT projects.start_date + INTERVAL 33 DAY FROM projects WHERE projects.id=56), 1, 2792, 2792);
INSERT INTO supporting_packages(id, option_list, package_count, order_id, project_package_id, supporting_project_id) VALUES (2792, '["아우터"]', 10, 2792, 56, 2792);
INSERT INTO supporting_projects(supporting_project_id, supported_at, delivery_id, payment_id, project_id, user_id) VALUES (2793, (SELECT projects.start_date + INTERVAL 24 DAY FROM projects WHERE projects.id=56), 2793, 2793, 56, 19);
INSERT INTO orders (order_id, created_at, delivery_id, payment_id, supporting_project_id) VALUES (2793, (SELECT projects.start_date + INTERVAL 24 DAY FROM projects WHERE projects.id=56), 1, 2793, 2793);
INSERT INTO supporting_packages(id, option_list, package_count, order_id, project_package_id, supporting_project_id) VALUES (2793, '["한정판"]', 9, 2793, 56, 2793);
INSERT INTO supporting_projects(supporting_project_id, supported_at, delivery_id, payment_id, project_id, user_id) VALUES (2794, (SELECT projects.start_date + INTERVAL 47 DAY FROM projects WHERE projects.id=56), 2794, 2794, 56, 35);
INSERT INTO orders (order_id, created_at, delivery_id, payment_id, supporting_project_id) VALUES (2794, (SELECT projects.start_date + INTERVAL 47 DAY FROM projects WHERE projects.id=56), 1, 2794, 2794);
INSERT INTO supporting_packages(id, option_list, package_count, order_id, project_package_id, supporting_project_id) VALUES (2794, '["티셔츠"]', 7, 2794, 56, 2794);
INSERT INTO supporting_projects(supporting_project_id, supported_at, delivery_id, payment_id, project_id, user_id) VALUES (2795, (SELECT projects.start_date + INTERVAL 14 DAY FROM projects WHERE projects.id=56), 2795, 2795, 56, 24);
INSERT INTO orders (order_id, created_at, delivery_id, payment_id, supporting_project_id) VALUES (2795, (SELECT projects.start_date + INTERVAL 14 DAY FROM projects WHERE projects.id=56), 1, 2795, 2795);
INSERT INTO supporting_packages(id, option_list, package_count, order_id, project_package_id, supporting_project_id) VALUES (2795, '["티셔츠"]', 8, 2795, 56, 2795);
INSERT INTO supporting_projects(supporting_project_id, supported_at, delivery_id, payment_id, project_id, user_id) VALUES (2796, (SELECT projects.start_date + INTERVAL 50 DAY FROM projects WHERE projects.id=56), 2796, 2796, 56, 39);
INSERT INTO orders (order_id, created_at, delivery_id, payment_id, supporting_project_id) VALUES (2796, (SELECT projects.start_date + INTERVAL 50 DAY FROM projects WHERE projects.id=56), 1, 2796, 2796);
INSERT INTO supporting_packages(id, option_list, package_count, order_id, project_package_id, supporting_project_id) VALUES (2796, '["한정판"]', 8, 2796, 56, 2796);
INSERT INTO supporting_projects(supporting_project_id, supported_at, delivery_id, payment_id, project_id, user_id) VALUES (2797, (SELECT projects.start_date + INTERVAL 32 DAY FROM projects WHERE projects.id=56), 2797, 2797, 56, 15);
INSERT INTO orders (order_id, created_at, delivery_id, payment_id, supporting_project_id) VALUES (2797, (SELECT projects.start_date + INTERVAL 32 DAY FROM projects WHERE projects.id=56), 1, 2797, 2797);
INSERT INTO supporting_packages(id, option_list, package_count, order_id, project_package_id, supporting_project_id) VALUES (2797, '["티셔츠"]', 7, 2797, 56, 2797);
INSERT INTO supporting_projects(supporting_project_id, supported_at, delivery_id, payment_id, project_id, user_id) VALUES (2798, (SELECT projects.start_date + INTERVAL 28 DAY FROM projects WHERE projects.id=56), 2798, 2798, 56, 18);
INSERT INTO orders (order_id, created_at, delivery_id, payment_id, supporting_project_id) VALUES (2798, (SELECT projects.start_date + INTERVAL 28 DAY FROM projects WHERE projects.id=56), 1, 2798, 2798);
INSERT INTO supporting_packages(id, option_list, package_count, order_id, project_package_id, supporting_project_id) VALUES (2798, '["아우터"]', 3, 2798, 56, 2798);
INSERT INTO supporting_projects(supporting_project_id, supported_at, delivery_id, payment_id, project_id, user_id) VALUES (2799, (SELECT projects.start_date + INTERVAL 25 DAY FROM projects WHERE projects.id=56), 2799, 2799, 56, 8);
INSERT INTO orders (order_id, created_at, delivery_id, payment_id, supporting_project_id) VALUES (2799, (SELECT projects.start_date + INTERVAL 25 DAY FROM projects WHERE projects.id=56), 1, 2799, 2799);
INSERT INTO supporting_packages(id, option_list, package_count, order_id, project_package_id, supporting_project_id) VALUES (2799, '["아우터"]', 8, 2799, 56, 2799);
INSERT INTO supporting_projects(supporting_project_id, supported_at, delivery_id, payment_id, project_id, user_id) VALUES (2800, (SELECT projects.start_date + INTERVAL 28 DAY FROM projects WHERE projects.id=56), 2800, 2800, 56, 4);
INSERT INTO orders (order_id, created_at, delivery_id, payment_id, supporting_project_id) VALUES (2800, (SELECT projects.start_date + INTERVAL 28 DAY FROM projects WHERE projects.id=56), 1, 2800, 2800);
INSERT INTO supporting_packages(id, option_list, package_count, order_id, project_package_id, supporting_project_id) VALUES (2800, '["한정판"]', 9, 2800, 56, 2800);
INSERT INTO supporting_projects(supporting_project_id, supported_at, delivery_id, payment_id, project_id, user_id) VALUES (2801, (SELECT projects.start_date + INTERVAL 50 DAY FROM projects WHERE projects.id=56), 2801, 2801, 56, 22);
INSERT INTO orders (order_id, created_at, delivery_id, payment_id, supporting_project_id) VALUES (2801, (SELECT projects.start_date + INTERVAL 50 DAY FROM projects WHERE projects.id=56), 1, 2801, 2801);
INSERT INTO supporting_packages(id, option_list, package_count, order_id, project_package_id, supporting_project_id) VALUES (2801, '["아우터"]', 1, 2801, 56, 2801);
INSERT INTO supporting_projects(supporting_project_id, supported_at, delivery_id, payment_id, project_id, user_id) VALUES (2802, (SELECT projects.start_date + INTERVAL 25 DAY FROM projects WHERE projects.id=56), 2802, 2802, 56, 6);
INSERT INTO orders (order_id, created_at, delivery_id, payment_id, supporting_project_id) VALUES (2802, (SELECT projects.start_date + INTERVAL 25 DAY FROM projects WHERE projects.id=56), 1, 2802, 2802);
INSERT INTO supporting_packages(id, option_list, package_count, order_id, project_package_id, supporting_project_id) VALUES (2802, '["티셔츠"]', 10, 2802, 56, 2802);
INSERT INTO supporting_projects(supporting_project_id, supported_at, delivery_id, payment_id, project_id, user_id) VALUES (2803, (SELECT projects.start_date + INTERVAL 48 DAY FROM projects WHERE projects.id=56), 2803, 2803, 56, 40);
INSERT INTO orders (order_id, created_at, delivery_id, payment_id, supporting_project_id) VALUES (2803, (SELECT projects.start_date + INTERVAL 48 DAY FROM projects WHERE projects.id=56), 1, 2803, 2803);
INSERT INTO supporting_packages(id, option_list, package_count, order_id, project_package_id, supporting_project_id) VALUES (2803, '["아우터"]', 1, 2803, 56, 2803);
INSERT INTO supporting_projects(supporting_project_id, supported_at, delivery_id, payment_id, project_id, user_id) VALUES (2804, (SELECT projects.start_date + INTERVAL 38 DAY FROM projects WHERE projects.id=56), 2804, 2804, 56, 21);
INSERT INTO orders (order_id, created_at, delivery_id, payment_id, supporting_project_id) VALUES (2804, (SELECT projects.start_date + INTERVAL 38 DAY FROM projects WHERE projects.id=56), 1, 2804, 2804);
INSERT INTO supporting_packages(id, option_list, package_count, order_id, project_package_id, supporting_project_id) VALUES (2804, '["한정판"]', 7, 2804, 56, 2804);
INSERT INTO supporting_projects(supporting_project_id, supported_at, delivery_id, payment_id, project_id, user_id) VALUES (2805, (SELECT projects.start_date + INTERVAL 7 DAY FROM projects WHERE projects.id=56), 2805, 2805, 56, 17);
INSERT INTO orders (order_id, created_at, delivery_id, payment_id, supporting_project_id) VALUES (2805, (SELECT projects.start_date + INTERVAL 7 DAY FROM projects WHERE projects.id=56), 1, 2805, 2805);
INSERT INTO supporting_packages(id, option_list, package_count, order_id, project_package_id, supporting_project_id) VALUES (2805, '["한정판"]', 9, 2805, 56, 2805);
INSERT INTO supporting_projects(supporting_project_id, supported_at, delivery_id, payment_id, project_id, user_id) VALUES (2806, (SELECT projects.start_date + INTERVAL 13 DAY FROM projects WHERE projects.id=56), 2806, 2806, 56, 3);
INSERT INTO orders (order_id, created_at, delivery_id, payment_id, supporting_project_id) VALUES (2806, (SELECT projects.start_date + INTERVAL 13 DAY FROM projects WHERE projects.id=56), 1, 2806, 2806);
INSERT INTO supporting_packages(id, option_list, package_count, order_id, project_package_id, supporting_project_id) VALUES (2806, '["티셔츠"]', 10, 2806, 56, 2806);
INSERT INTO supporting_projects(supporting_project_id, supported_at, delivery_id, payment_id, project_id, user_id) VALUES (2807, (SELECT projects.start_date + INTERVAL 15 DAY FROM projects WHERE projects.id=56), 2807, 2807, 56, 32);
INSERT INTO orders (order_id, created_at, delivery_id, payment_id, supporting_project_id) VALUES (2807, (SELECT projects.start_date + INTERVAL 15 DAY FROM projects WHERE projects.id=56), 1, 2807, 2807);
INSERT INTO supporting_packages(id, option_list, package_count, order_id, project_package_id, supporting_project_id) VALUES (2807, '["티셔츠"]', 7, 2807, 56, 2807);
INSERT INTO supporting_projects(supporting_project_id, supported_at, delivery_id, payment_id, project_id, user_id) VALUES (2808, (SELECT projects.start_date + INTERVAL 16 DAY FROM projects WHERE projects.id=56), 2808, 2808, 56, 11);
INSERT INTO orders (order_id, created_at, delivery_id, payment_id, supporting_project_id) VALUES (2808, (SELECT projects.start_date + INTERVAL 16 DAY FROM projects WHERE projects.id=56), 1, 2808, 2808);
INSERT INTO supporting_packages(id, option_list, package_count, order_id, project_package_id, supporting_project_id) VALUES (2808, '["아우터"]', 5, 2808, 56, 2808);
INSERT INTO supporting_projects(supporting_project_id, supported_at, delivery_id, payment_id, project_id, user_id) VALUES (2809, (SELECT projects.start_date + INTERVAL 14 DAY FROM projects WHERE projects.id=56), 2809, 2809, 56, 31);
INSERT INTO orders (order_id, created_at, delivery_id, payment_id, supporting_project_id) VALUES (2809, (SELECT projects.start_date + INTERVAL 14 DAY FROM projects WHERE projects.id=56), 1, 2809, 2809);
INSERT INTO supporting_packages(id, option_list, package_count, order_id, project_package_id, supporting_project_id) VALUES (2809, '["한정판"]', 3, 2809, 56, 2809);
INSERT INTO supporting_projects(supporting_project_id, supported_at, delivery_id, payment_id, project_id, user_id) VALUES (2810, (SELECT projects.start_date + INTERVAL 40 DAY FROM projects WHERE projects.id=56), 2810, 2810, 56, 1);
INSERT INTO orders (order_id, created_at, delivery_id, payment_id, supporting_project_id) VALUES (2810, (SELECT projects.start_date + INTERVAL 40 DAY FROM projects WHERE projects.id=56), 1, 2810, 2810);
INSERT INTO supporting_packages(id, option_list, package_count, order_id, project_package_id, supporting_project_id) VALUES (2810, '["티셔츠"]', 6, 2810, 56, 2810);
INSERT INTO supporting_projects(supporting_project_id, supported_at, delivery_id, payment_id, project_id, user_id) VALUES (2811, (SELECT projects.start_date + INTERVAL 50 DAY FROM projects WHERE projects.id=56), 2811, 2811, 56, 39);
INSERT INTO orders (order_id, created_at, delivery_id, payment_id, supporting_project_id) VALUES (2811, (SELECT projects.start_date + INTERVAL 50 DAY FROM projects WHERE projects.id=56), 1, 2811, 2811);
INSERT INTO supporting_packages(id, option_list, package_count, order_id, project_package_id, supporting_project_id) VALUES (2811, '["한정판"]', 2, 2811, 56, 2811);
INSERT INTO supporting_projects(supporting_project_id, supported_at, delivery_id, payment_id, project_id, user_id) VALUES (2812, (SELECT projects.start_date + INTERVAL 44 DAY FROM projects WHERE projects.id=56), 2812, 2812, 56, 8);
INSERT INTO orders (order_id, created_at, delivery_id, payment_id, supporting_project_id) VALUES (2812, (SELECT projects.start_date + INTERVAL 44 DAY FROM projects WHERE projects.id=56), 1, 2812, 2812);
INSERT INTO supporting_packages(id, option_list, package_count, order_id, project_package_id, supporting_project_id) VALUES (2812, '["티셔츠"]', 4, 2812, 56, 2812);
INSERT INTO supporting_projects(supporting_project_id, supported_at, delivery_id, payment_id, project_id, user_id) VALUES (2813, (SELECT projects.start_date + INTERVAL 19 DAY FROM projects WHERE projects.id=56), 2813, 2813, 56, 29);
INSERT INTO orders (order_id, created_at, delivery_id, payment_id, supporting_project_id) VALUES (2813, (SELECT projects.start_date + INTERVAL 19 DAY FROM projects WHERE projects.id=56), 1, 2813, 2813);
INSERT INTO supporting_packages(id, option_list, package_count, order_id, project_package_id, supporting_project_id) VALUES (2813, '["아우터"]', 3, 2813, 56, 2813);
INSERT INTO supporting_projects(supporting_project_id, supported_at, delivery_id, payment_id, project_id, user_id) VALUES (2814, (SELECT projects.start_date + INTERVAL 20 DAY FROM projects WHERE projects.id=56), 2814, 2814, 56, 15);
INSERT INTO orders (order_id, created_at, delivery_id, payment_id, supporting_project_id) VALUES (2814, (SELECT projects.start_date + INTERVAL 20 DAY FROM projects WHERE projects.id=56), 1, 2814, 2814);
INSERT INTO supporting_packages(id, option_list, package_count, order_id, project_package_id, supporting_project_id) VALUES (2814, '["한정판"]', 10, 2814, 56, 2814);
INSERT INTO supporting_projects(supporting_project_id, supported_at, delivery_id, payment_id, project_id, user_id) VALUES (2815, (SELECT projects.start_date + INTERVAL 29 DAY FROM projects WHERE projects.id=56), 2815, 2815, 56, 21);
INSERT INTO orders (order_id, created_at, delivery_id, payment_id, supporting_project_id) VALUES (2815, (SELECT projects.start_date + INTERVAL 29 DAY FROM projects WHERE projects.id=56), 1, 2815, 2815);
INSERT INTO supporting_packages(id, option_list, package_count, order_id, project_package_id, supporting_project_id) VALUES (2815, '["티셔츠"]', 8, 2815, 56, 2815);
INSERT INTO supporting_projects(supporting_project_id, supported_at, delivery_id, payment_id, project_id, user_id) VALUES (2816, (SELECT projects.start_date + INTERVAL 10 DAY FROM projects WHERE projects.id=56), 2816, 2816, 56, 17);
INSERT INTO orders (order_id, created_at, delivery_id, payment_id, supporting_project_id) VALUES (2816, (SELECT projects.start_date + INTERVAL 10 DAY FROM projects WHERE projects.id=56), 1, 2816, 2816);
INSERT INTO supporting_packages(id, option_list, package_count, order_id, project_package_id, supporting_project_id) VALUES (2816, '["티셔츠"]', 6, 2816, 56, 2816);
INSERT INTO supporting_projects(supporting_project_id, supported_at, delivery_id, payment_id, project_id, user_id) VALUES (2817, (SELECT projects.start_date + INTERVAL 28 DAY FROM projects WHERE projects.id=56), 2817, 2817, 56, 6);
INSERT INTO orders (order_id, created_at, delivery_id, payment_id, supporting_project_id) VALUES (2817, (SELECT projects.start_date + INTERVAL 28 DAY FROM projects WHERE projects.id=56), 1, 2817, 2817);
INSERT INTO supporting_packages(id, option_list, package_count, order_id, project_package_id, supporting_project_id) VALUES (2817, '["티셔츠"]', 4, 2817, 56, 2817);
INSERT INTO supporting_projects(supporting_project_id, supported_at, delivery_id, payment_id, project_id, user_id) VALUES (2818, (SELECT projects.start_date + INTERVAL 31 DAY FROM projects WHERE projects.id=56), 2818, 2818, 56, 11);
INSERT INTO orders (order_id, created_at, delivery_id, payment_id, supporting_project_id) VALUES (2818, (SELECT projects.start_date + INTERVAL 31 DAY FROM projects WHERE projects.id=56), 1, 2818, 2818);
INSERT INTO supporting_packages(id, option_list, package_count, order_id, project_package_id, supporting_project_id) VALUES (2818, '["아우터"]', 2, 2818, 56, 2818);
INSERT INTO supporting_projects(supporting_project_id, supported_at, delivery_id, payment_id, project_id, user_id) VALUES (2819, (SELECT projects.start_date + INTERVAL 8 DAY FROM projects WHERE projects.id=56), 2819, 2819, 56, 17);
INSERT INTO orders (order_id, created_at, delivery_id, payment_id, supporting_project_id) VALUES (2819, (SELECT projects.start_date + INTERVAL 8 DAY FROM projects WHERE projects.id=56), 1, 2819, 2819);
INSERT INTO supporting_packages(id, option_list, package_count, order_id, project_package_id, supporting_project_id) VALUES (2819, '["티셔츠"]', 1, 2819, 56, 2819);
INSERT INTO supporting_projects(supporting_project_id, supported_at, delivery_id, payment_id, project_id, user_id) VALUES (2820, (SELECT projects.start_date + INTERVAL 10 DAY FROM projects WHERE projects.id=56), 2820, 2820, 56, 16);
INSERT INTO orders (order_id, created_at, delivery_id, payment_id, supporting_project_id) VALUES (2820, (SELECT projects.start_date + INTERVAL 10 DAY FROM projects WHERE projects.id=56), 1, 2820, 2820);
INSERT INTO supporting_packages(id, option_list, package_count, order_id, project_package_id, supporting_project_id) VALUES (2820, '["티셔츠"]', 10, 2820, 56, 2820);
INSERT INTO supporting_projects(supporting_project_id, supported_at, delivery_id, payment_id, project_id, user_id) VALUES (2821, (SELECT projects.start_date + INTERVAL 36 DAY FROM projects WHERE projects.id=56), 2821, 2821, 56, 26);
INSERT INTO orders (order_id, created_at, delivery_id, payment_id, supporting_project_id) VALUES (2821, (SELECT projects.start_date + INTERVAL 36 DAY FROM projects WHERE projects.id=56), 1, 2821, 2821);
INSERT INTO supporting_packages(id, option_list, package_count, order_id, project_package_id, supporting_project_id) VALUES (2821, '["아우터"]', 4, 2821, 56, 2821);
INSERT INTO supporting_projects(supporting_project_id, supported_at, delivery_id, payment_id, project_id, user_id) VALUES (2822, (SELECT projects.start_date + INTERVAL 39 DAY FROM projects WHERE projects.id=56), 2822, 2822, 56, 33);
INSERT INTO orders (order_id, created_at, delivery_id, payment_id, supporting_project_id) VALUES (2822, (SELECT projects.start_date + INTERVAL 39 DAY FROM projects WHERE projects.id=56), 1, 2822, 2822);
INSERT INTO supporting_packages(id, option_list, package_count, order_id, project_package_id, supporting_project_id) VALUES (2822, '["한정판"]', 3, 2822, 56, 2822);
INSERT INTO supporting_projects(supporting_project_id, supported_at, delivery_id, payment_id, project_id, user_id) VALUES (2823, (SELECT projects.start_date + INTERVAL 9 DAY FROM projects WHERE projects.id=56), 2823, 2823, 56, 37);
INSERT INTO orders (order_id, created_at, delivery_id, payment_id, supporting_project_id) VALUES (2823, (SELECT projects.start_date + INTERVAL 9 DAY FROM projects WHERE projects.id=56), 1, 2823, 2823);
INSERT INTO supporting_packages(id, option_list, package_count, order_id, project_package_id, supporting_project_id) VALUES (2823, '["티셔츠"]', 8, 2823, 56, 2823);
INSERT INTO supporting_projects(supporting_project_id, supported_at, delivery_id, payment_id, project_id, user_id) VALUES (2824, (SELECT projects.start_date + INTERVAL 34 DAY FROM projects WHERE projects.id=56), 2824, 2824, 56, 5);
INSERT INTO orders (order_id, created_at, delivery_id, payment_id, supporting_project_id) VALUES (2824, (SELECT projects.start_date + INTERVAL 34 DAY FROM projects WHERE projects.id=56), 1, 2824, 2824);
INSERT INTO supporting_packages(id, option_list, package_count, order_id, project_package_id, supporting_project_id) VALUES (2824, '["한정판"]', 4, 2824, 56, 2824);
INSERT INTO supporting_projects(supporting_project_id, supported_at, delivery_id, payment_id, project_id, user_id) VALUES (2825, (SELECT projects.start_date + INTERVAL 10 DAY FROM projects WHERE projects.id=56), 2825, 2825, 56, 19);
INSERT INTO orders (order_id, created_at, delivery_id, payment_id, supporting_project_id) VALUES (2825, (SELECT projects.start_date + INTERVAL 10 DAY FROM projects WHERE projects.id=56), 1, 2825, 2825);
INSERT INTO supporting_packages(id, option_list, package_count, order_id, project_package_id, supporting_project_id) VALUES (2825, '["한정판"]', 5, 2825, 56, 2825);
INSERT INTO supporting_projects(supporting_project_id, supported_at, delivery_id, payment_id, project_id, user_id) VALUES (2826, (SELECT projects.start_date + INTERVAL 48 DAY FROM projects WHERE projects.id=56), 2826, 2826, 56, 19);
INSERT INTO orders (order_id, created_at, delivery_id, payment_id, supporting_project_id) VALUES (2826, (SELECT projects.start_date + INTERVAL 48 DAY FROM projects WHERE projects.id=56), 1, 2826, 2826);
INSERT INTO supporting_packages(id, option_list, package_count, order_id, project_package_id, supporting_project_id) VALUES (2826, '["한정판"]', 7, 2826, 56, 2826);
INSERT INTO supporting_projects(supporting_project_id, supported_at, delivery_id, payment_id, project_id, user_id) VALUES (2827, (SELECT projects.start_date + INTERVAL 22 DAY FROM projects WHERE projects.id=56), 2827, 2827, 56, 22);
INSERT INTO orders (order_id, created_at, delivery_id, payment_id, supporting_project_id) VALUES (2827, (SELECT projects.start_date + INTERVAL 22 DAY FROM projects WHERE projects.id=56), 1, 2827, 2827);
INSERT INTO supporting_packages(id, option_list, package_count, order_id, project_package_id, supporting_project_id) VALUES (2827, '["아우터"]', 2, 2827, 56, 2827);
INSERT INTO supporting_projects(supporting_project_id, supported_at, delivery_id, payment_id, project_id, user_id) VALUES (2828, (SELECT projects.start_date + INTERVAL 43 DAY FROM projects WHERE projects.id=56), 2828, 2828, 56, 10);
INSERT INTO orders (order_id, created_at, delivery_id, payment_id, supporting_project_id) VALUES (2828, (SELECT projects.start_date + INTERVAL 43 DAY FROM projects WHERE projects.id=56), 1, 2828, 2828);
INSERT INTO supporting_packages(id, option_list, package_count, order_id, project_package_id, supporting_project_id) VALUES (2828, '["티셔츠"]', 6, 2828, 56, 2828);
INSERT INTO supporting_projects(supporting_project_id, supported_at, delivery_id, payment_id, project_id, user_id) VALUES (2829, (SELECT projects.start_date + INTERVAL 40 DAY FROM projects WHERE projects.id=56), 2829, 2829, 56, 34);
INSERT INTO orders (order_id, created_at, delivery_id, payment_id, supporting_project_id) VALUES (2829, (SELECT projects.start_date + INTERVAL 40 DAY FROM projects WHERE projects.id=56), 1, 2829, 2829);
INSERT INTO supporting_packages(id, option_list, package_count, order_id, project_package_id, supporting_project_id) VALUES (2829, '["아우터"]', 3, 2829, 56, 2829);
INSERT INTO supporting_projects(supporting_project_id, supported_at, delivery_id, payment_id, project_id, user_id) VALUES (2830, (SELECT projects.start_date + INTERVAL 16 DAY FROM projects WHERE projects.id=56), 2830, 2830, 56, 36);
INSERT INTO orders (order_id, created_at, delivery_id, payment_id, supporting_project_id) VALUES (2830, (SELECT projects.start_date + INTERVAL 16 DAY FROM projects WHERE projects.id=56), 1, 2830, 2830);
INSERT INTO supporting_packages(id, option_list, package_count, order_id, project_package_id, supporting_project_id) VALUES (2830, '["아우터"]', 8, 2830, 56, 2830);
INSERT INTO supporting_projects(supporting_project_id, supported_at, delivery_id, payment_id, project_id, user_id) VALUES (2831, (SELECT projects.start_date + INTERVAL 32 DAY FROM projects WHERE projects.id=56), 2831, 2831, 56, 12);
INSERT INTO orders (order_id, created_at, delivery_id, payment_id, supporting_project_id) VALUES (2831, (SELECT projects.start_date + INTERVAL 32 DAY FROM projects WHERE projects.id=56), 1, 2831, 2831);
INSERT INTO supporting_packages(id, option_list, package_count, order_id, project_package_id, supporting_project_id) VALUES (2831, '["아우터"]', 2, 2831, 56, 2831);
INSERT INTO supporting_projects(supporting_project_id, supported_at, delivery_id, payment_id, project_id, user_id) VALUES (2832, (SELECT projects.start_date + INTERVAL 25 DAY FROM projects WHERE projects.id=56), 2832, 2832, 56, 14);
INSERT INTO orders (order_id, created_at, delivery_id, payment_id, supporting_project_id) VALUES (2832, (SELECT projects.start_date + INTERVAL 25 DAY FROM projects WHERE projects.id=56), 1, 2832, 2832);
INSERT INTO supporting_packages(id, option_list, package_count, order_id, project_package_id, supporting_project_id) VALUES (2832, '["티셔츠"]', 5, 2832, 56, 2832);
INSERT INTO supporting_projects(supporting_project_id, supported_at, delivery_id, payment_id, project_id, user_id) VALUES (2833, (SELECT projects.start_date + INTERVAL 28 DAY FROM projects WHERE projects.id=56), 2833, 2833, 56, 38);
INSERT INTO orders (order_id, created_at, delivery_id, payment_id, supporting_project_id) VALUES (2833, (SELECT projects.start_date + INTERVAL 28 DAY FROM projects WHERE projects.id=56), 1, 2833, 2833);
INSERT INTO supporting_packages(id, option_list, package_count, order_id, project_package_id, supporting_project_id) VALUES (2833, '["한정판"]', 8, 2833, 56, 2833);
INSERT INTO supporting_projects(supporting_project_id, supported_at, delivery_id, payment_id, project_id, user_id) VALUES (2834, (SELECT projects.start_date + INTERVAL 34 DAY FROM projects WHERE projects.id=56), 2834, 2834, 56, 6);
INSERT INTO orders (order_id, created_at, delivery_id, payment_id, supporting_project_id) VALUES (2834, (SELECT projects.start_date + INTERVAL 34 DAY FROM projects WHERE projects.id=56), 1, 2834, 2834);
INSERT INTO supporting_packages(id, option_list, package_count, order_id, project_package_id, supporting_project_id) VALUES (2834, '["한정판"]', 7, 2834, 56, 2834);
INSERT INTO supporting_projects(supporting_project_id, supported_at, delivery_id, payment_id, project_id, user_id) VALUES (2835, (SELECT projects.start_date + INTERVAL 42 DAY FROM projects WHERE projects.id=56), 2835, 2835, 56, 27);
INSERT INTO orders (order_id, created_at, delivery_id, payment_id, supporting_project_id) VALUES (2835, (SELECT projects.start_date + INTERVAL 42 DAY FROM projects WHERE projects.id=56), 1, 2835, 2835);
INSERT INTO supporting_packages(id, option_list, package_count, order_id, project_package_id, supporting_project_id) VALUES (2835, '["티셔츠"]', 8, 2835, 56, 2835);
INSERT INTO supporting_projects(supporting_project_id, supported_at, delivery_id, payment_id, project_id, user_id) VALUES (2836, (SELECT projects.start_date + INTERVAL 21 DAY FROM projects WHERE projects.id=56), 2836, 2836, 56, 20);
INSERT INTO orders (order_id, created_at, delivery_id, payment_id, supporting_project_id) VALUES (2836, (SELECT projects.start_date + INTERVAL 21 DAY FROM projects WHERE projects.id=56), 1, 2836, 2836);
INSERT INTO supporting_packages(id, option_list, package_count, order_id, project_package_id, supporting_project_id) VALUES (2836, '["티셔츠"]', 7, 2836, 56, 2836);
INSERT INTO supporting_projects(supporting_project_id, supported_at, delivery_id, payment_id, project_id, user_id) VALUES (2837, (SELECT projects.start_date + INTERVAL 9 DAY FROM projects WHERE projects.id=56), 2837, 2837, 56, 10);
INSERT INTO orders (order_id, created_at, delivery_id, payment_id, supporting_project_id) VALUES (2837, (SELECT projects.start_date + INTERVAL 9 DAY FROM projects WHERE projects.id=56), 1, 2837, 2837);
INSERT INTO supporting_packages(id, option_list, package_count, order_id, project_package_id, supporting_project_id) VALUES (2837, '["아우터"]', 1, 2837, 56, 2837);
INSERT INTO supporting_projects(supporting_project_id, supported_at, delivery_id, payment_id, project_id, user_id) VALUES (2838, (SELECT projects.start_date + INTERVAL 45 DAY FROM projects WHERE projects.id=56), 2838, 2838, 56, 1);
INSERT INTO orders (order_id, created_at, delivery_id, payment_id, supporting_project_id) VALUES (2838, (SELECT projects.start_date + INTERVAL 45 DAY FROM projects WHERE projects.id=56), 1, 2838, 2838);
INSERT INTO supporting_packages(id, option_list, package_count, order_id, project_package_id, supporting_project_id) VALUES (2838, '["아우터"]', 1, 2838, 56, 2838);
INSERT INTO supporting_projects(supporting_project_id, supported_at, delivery_id, payment_id, project_id, user_id) VALUES (2839, (SELECT projects.start_date + INTERVAL 4 DAY FROM projects WHERE projects.id=56), 2839, 2839, 56, 9);
INSERT INTO orders (order_id, created_at, delivery_id, payment_id, supporting_project_id) VALUES (2839, (SELECT projects.start_date + INTERVAL 4 DAY FROM projects WHERE projects.id=56), 1, 2839, 2839);
INSERT INTO supporting_packages(id, option_list, package_count, order_id, project_package_id, supporting_project_id) VALUES (2839, '["아우터"]', 6, 2839, 56, 2839);
INSERT INTO supporting_projects(supporting_project_id, supported_at, delivery_id, payment_id, project_id, user_id) VALUES (2840, (SELECT projects.start_date + INTERVAL 8 DAY FROM projects WHERE projects.id=56), 2840, 2840, 56, 29);
INSERT INTO orders (order_id, created_at, delivery_id, payment_id, supporting_project_id) VALUES (2840, (SELECT projects.start_date + INTERVAL 8 DAY FROM projects WHERE projects.id=56), 1, 2840, 2840);
INSERT INTO supporting_packages(id, option_list, package_count, order_id, project_package_id, supporting_project_id) VALUES (2840, '["한정판"]', 10, 2840, 56, 2840);
INSERT INTO supporting_projects(supporting_project_id, supported_at, delivery_id, payment_id, project_id, user_id) VALUES (2841, (SELECT projects.start_date + INTERVAL 33 DAY FROM projects WHERE projects.id=56), 2841, 2841, 56, 15);
INSERT INTO orders (order_id, created_at, delivery_id, payment_id, supporting_project_id) VALUES (2841, (SELECT projects.start_date + INTERVAL 33 DAY FROM projects WHERE projects.id=56), 1, 2841, 2841);
INSERT INTO supporting_packages(id, option_list, package_count, order_id, project_package_id, supporting_project_id) VALUES (2841, '["한정판"]', 6, 2841, 56, 2841);
INSERT INTO supporting_projects(supporting_project_id, supported_at, delivery_id, payment_id, project_id, user_id) VALUES (2842, (SELECT projects.start_date + INTERVAL 26 DAY FROM projects WHERE projects.id=56), 2842, 2842, 56, 38);
INSERT INTO orders (order_id, created_at, delivery_id, payment_id, supporting_project_id) VALUES (2842, (SELECT projects.start_date + INTERVAL 26 DAY FROM projects WHERE projects.id=56), 1, 2842, 2842);
INSERT INTO supporting_packages(id, option_list, package_count, order_id, project_package_id, supporting_project_id) VALUES (2842, '["아우터"]', 6, 2842, 56, 2842);
INSERT INTO supporting_projects(supporting_project_id, supported_at, delivery_id, payment_id, project_id, user_id) VALUES (2843, (SELECT projects.start_date + INTERVAL 25 DAY FROM projects WHERE projects.id=56), 2843, 2843, 56, 22);
INSERT INTO orders (order_id, created_at, delivery_id, payment_id, supporting_project_id) VALUES (2843, (SELECT projects.start_date + INTERVAL 25 DAY FROM projects WHERE projects.id=56), 1, 2843, 2843);
INSERT INTO supporting_packages(id, option_list, package_count, order_id, project_package_id, supporting_project_id) VALUES (2843, '["한정판"]', 1, 2843, 56, 2843);
INSERT INTO supporting_projects(supporting_project_id, supported_at, delivery_id, payment_id, project_id, user_id) VALUES (2844, (SELECT projects.start_date + INTERVAL 12 DAY FROM projects WHERE projects.id=56), 2844, 2844, 56, 4);
INSERT INTO orders (order_id, created_at, delivery_id, payment_id, supporting_project_id) VALUES (2844, (SELECT projects.start_date + INTERVAL 12 DAY FROM projects WHERE projects.id=56), 1, 2844, 2844);
INSERT INTO supporting_packages(id, option_list, package_count, order_id, project_package_id, supporting_project_id) VALUES (2844, '["아우터"]', 1, 2844, 56, 2844);
INSERT INTO supporting_projects(supporting_project_id, supported_at, delivery_id, payment_id, project_id, user_id) VALUES (2845, (SELECT projects.start_date + INTERVAL 16 DAY FROM projects WHERE projects.id=56), 2845, 2845, 56, 25);
INSERT INTO orders (order_id, created_at, delivery_id, payment_id, supporting_project_id) VALUES (2845, (SELECT projects.start_date + INTERVAL 16 DAY FROM projects WHERE projects.id=56), 1, 2845, 2845);
INSERT INTO supporting_packages(id, option_list, package_count, order_id, project_package_id, supporting_project_id) VALUES (2845, '["아우터"]', 6, 2845, 56, 2845);
INSERT INTO supporting_projects(supporting_project_id, supported_at, delivery_id, payment_id, project_id, user_id) VALUES (2846, (SELECT projects.start_date + INTERVAL 39 DAY FROM projects WHERE projects.id=56), 2846, 2846, 56, 6);
INSERT INTO orders (order_id, created_at, delivery_id, payment_id, supporting_project_id) VALUES (2846, (SELECT projects.start_date + INTERVAL 39 DAY FROM projects WHERE projects.id=56), 1, 2846, 2846);
INSERT INTO supporting_packages(id, option_list, package_count, order_id, project_package_id, supporting_project_id) VALUES (2846, '["한정판"]', 4, 2846, 56, 2846);
INSERT INTO supporting_projects(supporting_project_id, supported_at, delivery_id, payment_id, project_id, user_id) VALUES (2847, (SELECT projects.start_date + INTERVAL 19 DAY FROM projects WHERE projects.id=56), 2847, 2847, 56, 36);
INSERT INTO orders (order_id, created_at, delivery_id, payment_id, supporting_project_id) VALUES (2847, (SELECT projects.start_date + INTERVAL 19 DAY FROM projects WHERE projects.id=56), 1, 2847, 2847);
INSERT INTO supporting_packages(id, option_list, package_count, order_id, project_package_id, supporting_project_id) VALUES (2847, '["아우터"]', 8, 2847, 56, 2847);
INSERT INTO supporting_projects(supporting_project_id, supported_at, delivery_id, payment_id, project_id, user_id) VALUES (2848, (SELECT projects.start_date + INTERVAL 43 DAY FROM projects WHERE projects.id=56), 2848, 2848, 56, 27);
INSERT INTO orders (order_id, created_at, delivery_id, payment_id, supporting_project_id) VALUES (2848, (SELECT projects.start_date + INTERVAL 43 DAY FROM projects WHERE projects.id=56), 1, 2848, 2848);
INSERT INTO supporting_packages(id, option_list, package_count, order_id, project_package_id, supporting_project_id) VALUES (2848, '["티셔츠"]', 6, 2848, 56, 2848);
INSERT INTO supporting_projects(supporting_project_id, supported_at, delivery_id, payment_id, project_id, user_id) VALUES (2849, (SELECT projects.start_date + INTERVAL 9 DAY FROM projects WHERE projects.id=56), 2849, 2849, 56, 26);
INSERT INTO orders (order_id, created_at, delivery_id, payment_id, supporting_project_id) VALUES (2849, (SELECT projects.start_date + INTERVAL 9 DAY FROM projects WHERE projects.id=56), 1, 2849, 2849);
INSERT INTO supporting_packages(id, option_list, package_count, order_id, project_package_id, supporting_project_id) VALUES (2849, '["티셔츠"]', 5, 2849, 56, 2849);
INSERT INTO supporting_projects(supporting_project_id, supported_at, delivery_id, payment_id, project_id, user_id) VALUES (2850, (SELECT projects.start_date + INTERVAL 39 DAY FROM projects WHERE projects.id=56), 2850, 2850, 56, 15);
INSERT INTO orders (order_id, created_at, delivery_id, payment_id, supporting_project_id) VALUES (2850, (SELECT projects.start_date + INTERVAL 39 DAY FROM projects WHERE projects.id=56), 1, 2850, 2850);
INSERT INTO supporting_packages(id, option_list, package_count, order_id, project_package_id, supporting_project_id) VALUES (2850, '["티셔츠"]', 3, 2850, 56, 2850);
INSERT INTO supporting_projects(supporting_project_id, supported_at, delivery_id, payment_id, project_id, user_id) VALUES (2851, (SELECT projects.start_date + INTERVAL 21 DAY FROM projects WHERE projects.id=57), 2851, 2851, 57, 38);
INSERT INTO orders (order_id, created_at, delivery_id, payment_id, supporting_project_id) VALUES (2851, (SELECT projects.start_date + INTERVAL 21 DAY FROM projects WHERE projects.id=57), 1, 2851, 2851);
INSERT INTO supporting_packages(id, option_list, package_count, order_id, project_package_id, supporting_project_id) VALUES (2851, '["고급"]', 3, 2851, 57, 2851);
INSERT INTO supporting_projects(supporting_project_id, supported_at, delivery_id, payment_id, project_id, user_id) VALUES (2852, (SELECT projects.start_date + INTERVAL 20 DAY FROM projects WHERE projects.id=57), 2852, 2852, 57, 2);
INSERT INTO orders (order_id, created_at, delivery_id, payment_id, supporting_project_id) VALUES (2852, (SELECT projects.start_date + INTERVAL 20 DAY FROM projects WHERE projects.id=57), 1, 2852, 2852);
INSERT INTO supporting_packages(id, option_list, package_count, order_id, project_package_id, supporting_project_id) VALUES (2852, '["고급"]', 3, 2852, 57, 2852);
INSERT INTO supporting_projects(supporting_project_id, supported_at, delivery_id, payment_id, project_id, user_id) VALUES (2853, (SELECT projects.start_date + INTERVAL 32 DAY FROM projects WHERE projects.id=57), 2853, 2853, 57, 17);
INSERT INTO orders (order_id, created_at, delivery_id, payment_id, supporting_project_id) VALUES (2853, (SELECT projects.start_date + INTERVAL 32 DAY FROM projects WHERE projects.id=57), 1, 2853, 2853);
INSERT INTO supporting_packages(id, option_list, package_count, order_id, project_package_id, supporting_project_id) VALUES (2853, '["초급"]', 9, 2853, 57, 2853);
INSERT INTO supporting_projects(supporting_project_id, supported_at, delivery_id, payment_id, project_id, user_id) VALUES (2854, (SELECT projects.start_date + INTERVAL 13 DAY FROM projects WHERE projects.id=57), 2854, 2854, 57, 13);
INSERT INTO orders (order_id, created_at, delivery_id, payment_id, supporting_project_id) VALUES (2854, (SELECT projects.start_date + INTERVAL 13 DAY FROM projects WHERE projects.id=57), 1, 2854, 2854);
INSERT INTO supporting_packages(id, option_list, package_count, order_id, project_package_id, supporting_project_id) VALUES (2854, '["중급"]', 9, 2854, 57, 2854);
INSERT INTO supporting_projects(supporting_project_id, supported_at, delivery_id, payment_id, project_id, user_id) VALUES (2855, (SELECT projects.start_date + INTERVAL 19 DAY FROM projects WHERE projects.id=57), 2855, 2855, 57, 23);
INSERT INTO orders (order_id, created_at, delivery_id, payment_id, supporting_project_id) VALUES (2855, (SELECT projects.start_date + INTERVAL 19 DAY FROM projects WHERE projects.id=57), 1, 2855, 2855);
INSERT INTO supporting_packages(id, option_list, package_count, order_id, project_package_id, supporting_project_id) VALUES (2855, '["고급"]', 10, 2855, 57, 2855);
INSERT INTO supporting_projects(supporting_project_id, supported_at, delivery_id, payment_id, project_id, user_id) VALUES (2856, (SELECT projects.start_date + INTERVAL 12 DAY FROM projects WHERE projects.id=57), 2856, 2856, 57, 18);
INSERT INTO orders (order_id, created_at, delivery_id, payment_id, supporting_project_id) VALUES (2856, (SELECT projects.start_date + INTERVAL 12 DAY FROM projects WHERE projects.id=57), 1, 2856, 2856);
INSERT INTO supporting_packages(id, option_list, package_count, order_id, project_package_id, supporting_project_id) VALUES (2856, '["고급"]', 4, 2856, 57, 2856);
INSERT INTO supporting_projects(supporting_project_id, supported_at, delivery_id, payment_id, project_id, user_id) VALUES (2857, (SELECT projects.start_date + INTERVAL 27 DAY FROM projects WHERE projects.id=57), 2857, 2857, 57, 11);
INSERT INTO orders (order_id, created_at, delivery_id, payment_id, supporting_project_id) VALUES (2857, (SELECT projects.start_date + INTERVAL 27 DAY FROM projects WHERE projects.id=57), 1, 2857, 2857);
INSERT INTO supporting_packages(id, option_list, package_count, order_id, project_package_id, supporting_project_id) VALUES (2857, '["중급"]', 5, 2857, 57, 2857);
INSERT INTO supporting_projects(supporting_project_id, supported_at, delivery_id, payment_id, project_id, user_id) VALUES (2858, (SELECT projects.start_date + INTERVAL 44 DAY FROM projects WHERE projects.id=57), 2858, 2858, 57, 15);
INSERT INTO orders (order_id, created_at, delivery_id, payment_id, supporting_project_id) VALUES (2858, (SELECT projects.start_date + INTERVAL 44 DAY FROM projects WHERE projects.id=57), 1, 2858, 2858);
INSERT INTO supporting_packages(id, option_list, package_count, order_id, project_package_id, supporting_project_id) VALUES (2858, '["중급"]', 2, 2858, 57, 2858);
INSERT INTO supporting_projects(supporting_project_id, supported_at, delivery_id, payment_id, project_id, user_id) VALUES (2859, (SELECT projects.start_date + INTERVAL 41 DAY FROM projects WHERE projects.id=57), 2859, 2859, 57, 8);
INSERT INTO orders (order_id, created_at, delivery_id, payment_id, supporting_project_id) VALUES (2859, (SELECT projects.start_date + INTERVAL 41 DAY FROM projects WHERE projects.id=57), 1, 2859, 2859);
INSERT INTO supporting_packages(id, option_list, package_count, order_id, project_package_id, supporting_project_id) VALUES (2859, '["초급"]', 7, 2859, 57, 2859);
INSERT INTO supporting_projects(supporting_project_id, supported_at, delivery_id, payment_id, project_id, user_id) VALUES (2860, (SELECT projects.start_date + INTERVAL 23 DAY FROM projects WHERE projects.id=57), 2860, 2860, 57, 14);
INSERT INTO orders (order_id, created_at, delivery_id, payment_id, supporting_project_id) VALUES (2860, (SELECT projects.start_date + INTERVAL 23 DAY FROM projects WHERE projects.id=57), 1, 2860, 2860);
INSERT INTO supporting_packages(id, option_list, package_count, order_id, project_package_id, supporting_project_id) VALUES (2860, '["중급"]', 3, 2860, 57, 2860);
INSERT INTO supporting_projects(supporting_project_id, supported_at, delivery_id, payment_id, project_id, user_id) VALUES (2861, (SELECT projects.start_date + INTERVAL 32 DAY FROM projects WHERE projects.id=57), 2861, 2861, 57, 19);
INSERT INTO orders (order_id, created_at, delivery_id, payment_id, supporting_project_id) VALUES (2861, (SELECT projects.start_date + INTERVAL 32 DAY FROM projects WHERE projects.id=57), 1, 2861, 2861);
INSERT INTO supporting_packages(id, option_list, package_count, order_id, project_package_id, supporting_project_id) VALUES (2861, '["고급"]', 6, 2861, 57, 2861);
INSERT INTO supporting_projects(supporting_project_id, supported_at, delivery_id, payment_id, project_id, user_id) VALUES (2862, (SELECT projects.start_date + INTERVAL 2 DAY FROM projects WHERE projects.id=57), 2862, 2862, 57, 30);
INSERT INTO orders (order_id, created_at, delivery_id, payment_id, supporting_project_id) VALUES (2862, (SELECT projects.start_date + INTERVAL 2 DAY FROM projects WHERE projects.id=57), 1, 2862, 2862);
INSERT INTO supporting_packages(id, option_list, package_count, order_id, project_package_id, supporting_project_id) VALUES (2862, '["초급"]', 9, 2862, 57, 2862);
INSERT INTO supporting_projects(supporting_project_id, supported_at, delivery_id, payment_id, project_id, user_id) VALUES (2863, (SELECT projects.start_date + INTERVAL 4 DAY FROM projects WHERE projects.id=57), 2863, 2863, 57, 30);
INSERT INTO orders (order_id, created_at, delivery_id, payment_id, supporting_project_id) VALUES (2863, (SELECT projects.start_date + INTERVAL 4 DAY FROM projects WHERE projects.id=57), 1, 2863, 2863);
INSERT INTO supporting_packages(id, option_list, package_count, order_id, project_package_id, supporting_project_id) VALUES (2863, '["고급"]', 7, 2863, 57, 2863);
INSERT INTO supporting_projects(supporting_project_id, supported_at, delivery_id, payment_id, project_id, user_id) VALUES (2864, (SELECT projects.start_date + INTERVAL 46 DAY FROM projects WHERE projects.id=57), 2864, 2864, 57, 20);
INSERT INTO orders (order_id, created_at, delivery_id, payment_id, supporting_project_id) VALUES (2864, (SELECT projects.start_date + INTERVAL 46 DAY FROM projects WHERE projects.id=57), 1, 2864, 2864);
INSERT INTO supporting_packages(id, option_list, package_count, order_id, project_package_id, supporting_project_id) VALUES (2864, '["고급"]', 4, 2864, 57, 2864);
INSERT INTO supporting_projects(supporting_project_id, supported_at, delivery_id, payment_id, project_id, user_id) VALUES (2865, (SELECT projects.start_date + INTERVAL 21 DAY FROM projects WHERE projects.id=57), 2865, 2865, 57, 34);
INSERT INTO orders (order_id, created_at, delivery_id, payment_id, supporting_project_id) VALUES (2865, (SELECT projects.start_date + INTERVAL 21 DAY FROM projects WHERE projects.id=57), 1, 2865, 2865);
INSERT INTO supporting_packages(id, option_list, package_count, order_id, project_package_id, supporting_project_id) VALUES (2865, '["고급"]', 9, 2865, 57, 2865);
INSERT INTO supporting_projects(supporting_project_id, supported_at, delivery_id, payment_id, project_id, user_id) VALUES (2866, (SELECT projects.start_date + INTERVAL 32 DAY FROM projects WHERE projects.id=57), 2866, 2866, 57, 26);
INSERT INTO orders (order_id, created_at, delivery_id, payment_id, supporting_project_id) VALUES (2866, (SELECT projects.start_date + INTERVAL 32 DAY FROM projects WHERE projects.id=57), 1, 2866, 2866);
INSERT INTO supporting_packages(id, option_list, package_count, order_id, project_package_id, supporting_project_id) VALUES (2866, '["고급"]', 5, 2866, 57, 2866);
INSERT INTO supporting_projects(supporting_project_id, supported_at, delivery_id, payment_id, project_id, user_id) VALUES (2867, (SELECT projects.start_date + INTERVAL 42 DAY FROM projects WHERE projects.id=57), 2867, 2867, 57, 26);
INSERT INTO orders (order_id, created_at, delivery_id, payment_id, supporting_project_id) VALUES (2867, (SELECT projects.start_date + INTERVAL 42 DAY FROM projects WHERE projects.id=57), 1, 2867, 2867);
INSERT INTO supporting_packages(id, option_list, package_count, order_id, project_package_id, supporting_project_id) VALUES (2867, '["고급"]', 1, 2867, 57, 2867);
INSERT INTO supporting_projects(supporting_project_id, supported_at, delivery_id, payment_id, project_id, user_id) VALUES (2868, (SELECT projects.start_date + INTERVAL 29 DAY FROM projects WHERE projects.id=57), 2868, 2868, 57, 37);
INSERT INTO orders (order_id, created_at, delivery_id, payment_id, supporting_project_id) VALUES (2868, (SELECT projects.start_date + INTERVAL 29 DAY FROM projects WHERE projects.id=57), 1, 2868, 2868);
INSERT INTO supporting_packages(id, option_list, package_count, order_id, project_package_id, supporting_project_id) VALUES (2868, '["중급"]', 4, 2868, 57, 2868);
INSERT INTO supporting_projects(supporting_project_id, supported_at, delivery_id, payment_id, project_id, user_id) VALUES (2869, (SELECT projects.start_date + INTERVAL 12 DAY FROM projects WHERE projects.id=57), 2869, 2869, 57, 33);
INSERT INTO orders (order_id, created_at, delivery_id, payment_id, supporting_project_id) VALUES (2869, (SELECT projects.start_date + INTERVAL 12 DAY FROM projects WHERE projects.id=57), 1, 2869, 2869);
INSERT INTO supporting_packages(id, option_list, package_count, order_id, project_package_id, supporting_project_id) VALUES (2869, '["중급"]', 5, 2869, 57, 2869);
INSERT INTO supporting_projects(supporting_project_id, supported_at, delivery_id, payment_id, project_id, user_id) VALUES (2870, (SELECT projects.start_date + INTERVAL 9 DAY FROM projects WHERE projects.id=57), 2870, 2870, 57, 30);
INSERT INTO orders (order_id, created_at, delivery_id, payment_id, supporting_project_id) VALUES (2870, (SELECT projects.start_date + INTERVAL 9 DAY FROM projects WHERE projects.id=57), 1, 2870, 2870);
INSERT INTO supporting_packages(id, option_list, package_count, order_id, project_package_id, supporting_project_id) VALUES (2870, '["고급"]', 1, 2870, 57, 2870);
INSERT INTO supporting_projects(supporting_project_id, supported_at, delivery_id, payment_id, project_id, user_id) VALUES (2871, (SELECT projects.start_date + INTERVAL 4 DAY FROM projects WHERE projects.id=57), 2871, 2871, 57, 21);
INSERT INTO orders (order_id, created_at, delivery_id, payment_id, supporting_project_id) VALUES (2871, (SELECT projects.start_date + INTERVAL 4 DAY FROM projects WHERE projects.id=57), 1, 2871, 2871);
INSERT INTO supporting_packages(id, option_list, package_count, order_id, project_package_id, supporting_project_id) VALUES (2871, '["고급"]', 5, 2871, 57, 2871);
INSERT INTO supporting_projects(supporting_project_id, supported_at, delivery_id, payment_id, project_id, user_id) VALUES (2872, (SELECT projects.start_date + INTERVAL 43 DAY FROM projects WHERE projects.id=57), 2872, 2872, 57, 29);
INSERT INTO orders (order_id, created_at, delivery_id, payment_id, supporting_project_id) VALUES (2872, (SELECT projects.start_date + INTERVAL 43 DAY FROM projects WHERE projects.id=57), 1, 2872, 2872);
INSERT INTO supporting_packages(id, option_list, package_count, order_id, project_package_id, supporting_project_id) VALUES (2872, '["고급"]', 7, 2872, 57, 2872);
INSERT INTO supporting_projects(supporting_project_id, supported_at, delivery_id, payment_id, project_id, user_id) VALUES (2873, (SELECT projects.start_date + INTERVAL 50 DAY FROM projects WHERE projects.id=57), 2873, 2873, 57, 31);
INSERT INTO orders (order_id, created_at, delivery_id, payment_id, supporting_project_id) VALUES (2873, (SELECT projects.start_date + INTERVAL 50 DAY FROM projects WHERE projects.id=57), 1, 2873, 2873);
INSERT INTO supporting_packages(id, option_list, package_count, order_id, project_package_id, supporting_project_id) VALUES (2873, '["중급"]', 7, 2873, 57, 2873);
INSERT INTO supporting_projects(supporting_project_id, supported_at, delivery_id, payment_id, project_id, user_id) VALUES (2874, (SELECT projects.start_date + INTERVAL 34 DAY FROM projects WHERE projects.id=57), 2874, 2874, 57, 23);
INSERT INTO orders (order_id, created_at, delivery_id, payment_id, supporting_project_id) VALUES (2874, (SELECT projects.start_date + INTERVAL 34 DAY FROM projects WHERE projects.id=57), 1, 2874, 2874);
INSERT INTO supporting_packages(id, option_list, package_count, order_id, project_package_id, supporting_project_id) VALUES (2874, '["고급"]', 5, 2874, 57, 2874);
INSERT INTO supporting_projects(supporting_project_id, supported_at, delivery_id, payment_id, project_id, user_id) VALUES (2875, (SELECT projects.start_date + INTERVAL 29 DAY FROM projects WHERE projects.id=57), 2875, 2875, 57, 20);
INSERT INTO orders (order_id, created_at, delivery_id, payment_id, supporting_project_id) VALUES (2875, (SELECT projects.start_date + INTERVAL 29 DAY FROM projects WHERE projects.id=57), 1, 2875, 2875);
INSERT INTO supporting_packages(id, option_list, package_count, order_id, project_package_id, supporting_project_id) VALUES (2875, '["중급"]', 8, 2875, 57, 2875);
INSERT INTO supporting_projects(supporting_project_id, supported_at, delivery_id, payment_id, project_id, user_id) VALUES (2876, (SELECT projects.start_date + INTERVAL 28 DAY FROM projects WHERE projects.id=57), 2876, 2876, 57, 11);
INSERT INTO orders (order_id, created_at, delivery_id, payment_id, supporting_project_id) VALUES (2876, (SELECT projects.start_date + INTERVAL 28 DAY FROM projects WHERE projects.id=57), 1, 2876, 2876);
INSERT INTO supporting_packages(id, option_list, package_count, order_id, project_package_id, supporting_project_id) VALUES (2876, '["고급"]', 8, 2876, 57, 2876);
INSERT INTO supporting_projects(supporting_project_id, supported_at, delivery_id, payment_id, project_id, user_id) VALUES (2877, (SELECT projects.start_date + INTERVAL 42 DAY FROM projects WHERE projects.id=57), 2877, 2877, 57, 16);
INSERT INTO orders (order_id, created_at, delivery_id, payment_id, supporting_project_id) VALUES (2877, (SELECT projects.start_date + INTERVAL 42 DAY FROM projects WHERE projects.id=57), 1, 2877, 2877);
INSERT INTO supporting_packages(id, option_list, package_count, order_id, project_package_id, supporting_project_id) VALUES (2877, '["고급"]', 1, 2877, 57, 2877);
INSERT INTO supporting_projects(supporting_project_id, supported_at, delivery_id, payment_id, project_id, user_id) VALUES (2878, (SELECT projects.start_date + INTERVAL 38 DAY FROM projects WHERE projects.id=57), 2878, 2878, 57, 8);
INSERT INTO orders (order_id, created_at, delivery_id, payment_id, supporting_project_id) VALUES (2878, (SELECT projects.start_date + INTERVAL 38 DAY FROM projects WHERE projects.id=57), 1, 2878, 2878);
INSERT INTO supporting_packages(id, option_list, package_count, order_id, project_package_id, supporting_project_id) VALUES (2878, '["초급"]', 10, 2878, 57, 2878);
INSERT INTO supporting_projects(supporting_project_id, supported_at, delivery_id, payment_id, project_id, user_id) VALUES (2879, (SELECT projects.start_date + INTERVAL 32 DAY FROM projects WHERE projects.id=57), 2879, 2879, 57, 8);
INSERT INTO orders (order_id, created_at, delivery_id, payment_id, supporting_project_id) VALUES (2879, (SELECT projects.start_date + INTERVAL 32 DAY FROM projects WHERE projects.id=57), 1, 2879, 2879);
INSERT INTO supporting_packages(id, option_list, package_count, order_id, project_package_id, supporting_project_id) VALUES (2879, '["초급"]', 4, 2879, 57, 2879);
INSERT INTO supporting_projects(supporting_project_id, supported_at, delivery_id, payment_id, project_id, user_id) VALUES (2880, (SELECT projects.start_date + INTERVAL 1 DAY FROM projects WHERE projects.id=57), 2880, 2880, 57, 4);
INSERT INTO orders (order_id, created_at, delivery_id, payment_id, supporting_project_id) VALUES (2880, (SELECT projects.start_date + INTERVAL 1 DAY FROM projects WHERE projects.id=57), 1, 2880, 2880);
INSERT INTO supporting_packages(id, option_list, package_count, order_id, project_package_id, supporting_project_id) VALUES (2880, '["중급"]', 9, 2880, 57, 2880);
INSERT INTO supporting_projects(supporting_project_id, supported_at, delivery_id, payment_id, project_id, user_id) VALUES (2881, (SELECT projects.start_date + INTERVAL 27 DAY FROM projects WHERE projects.id=57), 2881, 2881, 57, 16);
INSERT INTO orders (order_id, created_at, delivery_id, payment_id, supporting_project_id) VALUES (2881, (SELECT projects.start_date + INTERVAL 27 DAY FROM projects WHERE projects.id=57), 1, 2881, 2881);
INSERT INTO supporting_packages(id, option_list, package_count, order_id, project_package_id, supporting_project_id) VALUES (2881, '["초급"]', 3, 2881, 57, 2881);
INSERT INTO supporting_projects(supporting_project_id, supported_at, delivery_id, payment_id, project_id, user_id) VALUES (2882, (SELECT projects.start_date + INTERVAL 50 DAY FROM projects WHERE projects.id=57), 2882, 2882, 57, 40);
INSERT INTO orders (order_id, created_at, delivery_id, payment_id, supporting_project_id) VALUES (2882, (SELECT projects.start_date + INTERVAL 50 DAY FROM projects WHERE projects.id=57), 1, 2882, 2882);
INSERT INTO supporting_packages(id, option_list, package_count, order_id, project_package_id, supporting_project_id) VALUES (2882, '["고급"]', 3, 2882, 57, 2882);
INSERT INTO supporting_projects(supporting_project_id, supported_at, delivery_id, payment_id, project_id, user_id) VALUES (2883, (SELECT projects.start_date + INTERVAL 49 DAY FROM projects WHERE projects.id=57), 2883, 2883, 57, 16);
INSERT INTO orders (order_id, created_at, delivery_id, payment_id, supporting_project_id) VALUES (2883, (SELECT projects.start_date + INTERVAL 49 DAY FROM projects WHERE projects.id=57), 1, 2883, 2883);
INSERT INTO supporting_packages(id, option_list, package_count, order_id, project_package_id, supporting_project_id) VALUES (2883, '["고급"]', 4, 2883, 57, 2883);
INSERT INTO supporting_projects(supporting_project_id, supported_at, delivery_id, payment_id, project_id, user_id) VALUES (2884, (SELECT projects.start_date + INTERVAL 49 DAY FROM projects WHERE projects.id=57), 2884, 2884, 57, 23);
INSERT INTO orders (order_id, created_at, delivery_id, payment_id, supporting_project_id) VALUES (2884, (SELECT projects.start_date + INTERVAL 49 DAY FROM projects WHERE projects.id=57), 1, 2884, 2884);
INSERT INTO supporting_packages(id, option_list, package_count, order_id, project_package_id, supporting_project_id) VALUES (2884, '["중급"]', 3, 2884, 57, 2884);
INSERT INTO supporting_projects(supporting_project_id, supported_at, delivery_id, payment_id, project_id, user_id) VALUES (2885, (SELECT projects.start_date + INTERVAL 38 DAY FROM projects WHERE projects.id=57), 2885, 2885, 57, 19);
INSERT INTO orders (order_id, created_at, delivery_id, payment_id, supporting_project_id) VALUES (2885, (SELECT projects.start_date + INTERVAL 38 DAY FROM projects WHERE projects.id=57), 1, 2885, 2885);
INSERT INTO supporting_packages(id, option_list, package_count, order_id, project_package_id, supporting_project_id) VALUES (2885, '["고급"]', 5, 2885, 57, 2885);
INSERT INTO supporting_projects(supporting_project_id, supported_at, delivery_id, payment_id, project_id, user_id) VALUES (2886, (SELECT projects.start_date + INTERVAL 29 DAY FROM projects WHERE projects.id=57), 2886, 2886, 57, 37);
INSERT INTO orders (order_id, created_at, delivery_id, payment_id, supporting_project_id) VALUES (2886, (SELECT projects.start_date + INTERVAL 29 DAY FROM projects WHERE projects.id=57), 1, 2886, 2886);
INSERT INTO supporting_packages(id, option_list, package_count, order_id, project_package_id, supporting_project_id) VALUES (2886, '["고급"]', 1, 2886, 57, 2886);
INSERT INTO supporting_projects(supporting_project_id, supported_at, delivery_id, payment_id, project_id, user_id) VALUES (2887, (SELECT projects.start_date + INTERVAL 26 DAY FROM projects WHERE projects.id=57), 2887, 2887, 57, 27);
INSERT INTO orders (order_id, created_at, delivery_id, payment_id, supporting_project_id) VALUES (2887, (SELECT projects.start_date + INTERVAL 26 DAY FROM projects WHERE projects.id=57), 1, 2887, 2887);
INSERT INTO supporting_packages(id, option_list, package_count, order_id, project_package_id, supporting_project_id) VALUES (2887, '["중급"]', 7, 2887, 57, 2887);
INSERT INTO supporting_projects(supporting_project_id, supported_at, delivery_id, payment_id, project_id, user_id) VALUES (2888, (SELECT projects.start_date + INTERVAL 48 DAY FROM projects WHERE projects.id=57), 2888, 2888, 57, 15);
INSERT INTO orders (order_id, created_at, delivery_id, payment_id, supporting_project_id) VALUES (2888, (SELECT projects.start_date + INTERVAL 48 DAY FROM projects WHERE projects.id=57), 1, 2888, 2888);
INSERT INTO supporting_packages(id, option_list, package_count, order_id, project_package_id, supporting_project_id) VALUES (2888, '["초급"]', 5, 2888, 57, 2888);
INSERT INTO supporting_projects(supporting_project_id, supported_at, delivery_id, payment_id, project_id, user_id) VALUES (2889, (SELECT projects.start_date + INTERVAL 37 DAY FROM projects WHERE projects.id=57), 2889, 2889, 57, 5);
INSERT INTO orders (order_id, created_at, delivery_id, payment_id, supporting_project_id) VALUES (2889, (SELECT projects.start_date + INTERVAL 37 DAY FROM projects WHERE projects.id=57), 1, 2889, 2889);
INSERT INTO supporting_packages(id, option_list, package_count, order_id, project_package_id, supporting_project_id) VALUES (2889, '["고급"]', 6, 2889, 57, 2889);
INSERT INTO supporting_projects(supporting_project_id, supported_at, delivery_id, payment_id, project_id, user_id) VALUES (2890, (SELECT projects.start_date + INTERVAL 25 DAY FROM projects WHERE projects.id=57), 2890, 2890, 57, 4);
INSERT INTO orders (order_id, created_at, delivery_id, payment_id, supporting_project_id) VALUES (2890, (SELECT projects.start_date + INTERVAL 25 DAY FROM projects WHERE projects.id=57), 1, 2890, 2890);
INSERT INTO supporting_packages(id, option_list, package_count, order_id, project_package_id, supporting_project_id) VALUES (2890, '["고급"]', 9, 2890, 57, 2890);
INSERT INTO supporting_projects(supporting_project_id, supported_at, delivery_id, payment_id, project_id, user_id) VALUES (2891, (SELECT projects.start_date + INTERVAL 11 DAY FROM projects WHERE projects.id=57), 2891, 2891, 57, 39);
INSERT INTO orders (order_id, created_at, delivery_id, payment_id, supporting_project_id) VALUES (2891, (SELECT projects.start_date + INTERVAL 11 DAY FROM projects WHERE projects.id=57), 1, 2891, 2891);
INSERT INTO supporting_packages(id, option_list, package_count, order_id, project_package_id, supporting_project_id) VALUES (2891, '["초급"]', 4, 2891, 57, 2891);
INSERT INTO supporting_projects(supporting_project_id, supported_at, delivery_id, payment_id, project_id, user_id) VALUES (2892, (SELECT projects.start_date + INTERVAL 18 DAY FROM projects WHERE projects.id=57), 2892, 2892, 57, 30);
INSERT INTO orders (order_id, created_at, delivery_id, payment_id, supporting_project_id) VALUES (2892, (SELECT projects.start_date + INTERVAL 18 DAY FROM projects WHERE projects.id=57), 1, 2892, 2892);
INSERT INTO supporting_packages(id, option_list, package_count, order_id, project_package_id, supporting_project_id) VALUES (2892, '["초급"]', 4, 2892, 57, 2892);
INSERT INTO supporting_projects(supporting_project_id, supported_at, delivery_id, payment_id, project_id, user_id) VALUES (2893, (SELECT projects.start_date + INTERVAL 44 DAY FROM projects WHERE projects.id=57), 2893, 2893, 57, 28);
INSERT INTO orders (order_id, created_at, delivery_id, payment_id, supporting_project_id) VALUES (2893, (SELECT projects.start_date + INTERVAL 44 DAY FROM projects WHERE projects.id=57), 1, 2893, 2893);
INSERT INTO supporting_packages(id, option_list, package_count, order_id, project_package_id, supporting_project_id) VALUES (2893, '["중급"]', 3, 2893, 57, 2893);
INSERT INTO supporting_projects(supporting_project_id, supported_at, delivery_id, payment_id, project_id, user_id) VALUES (2894, (SELECT projects.start_date + INTERVAL 14 DAY FROM projects WHERE projects.id=57), 2894, 2894, 57, 21);
INSERT INTO orders (order_id, created_at, delivery_id, payment_id, supporting_project_id) VALUES (2894, (SELECT projects.start_date + INTERVAL 14 DAY FROM projects WHERE projects.id=57), 1, 2894, 2894);
INSERT INTO supporting_packages(id, option_list, package_count, order_id, project_package_id, supporting_project_id) VALUES (2894, '["초급"]', 6, 2894, 57, 2894);
INSERT INTO supporting_projects(supporting_project_id, supported_at, delivery_id, payment_id, project_id, user_id) VALUES (2895, (SELECT projects.start_date + INTERVAL 22 DAY FROM projects WHERE projects.id=57), 2895, 2895, 57, 3);
INSERT INTO orders (order_id, created_at, delivery_id, payment_id, supporting_project_id) VALUES (2895, (SELECT projects.start_date + INTERVAL 22 DAY FROM projects WHERE projects.id=57), 1, 2895, 2895);
INSERT INTO supporting_packages(id, option_list, package_count, order_id, project_package_id, supporting_project_id) VALUES (2895, '["초급"]', 9, 2895, 57, 2895);
INSERT INTO supporting_projects(supporting_project_id, supported_at, delivery_id, payment_id, project_id, user_id) VALUES (2896, (SELECT projects.start_date + INTERVAL 7 DAY FROM projects WHERE projects.id=57), 2896, 2896, 57, 31);
INSERT INTO orders (order_id, created_at, delivery_id, payment_id, supporting_project_id) VALUES (2896, (SELECT projects.start_date + INTERVAL 7 DAY FROM projects WHERE projects.id=57), 1, 2896, 2896);
INSERT INTO supporting_packages(id, option_list, package_count, order_id, project_package_id, supporting_project_id) VALUES (2896, '["중급"]', 10, 2896, 57, 2896);
INSERT INTO supporting_projects(supporting_project_id, supported_at, delivery_id, payment_id, project_id, user_id) VALUES (2897, (SELECT projects.start_date + INTERVAL 17 DAY FROM projects WHERE projects.id=57), 2897, 2897, 57, 29);
INSERT INTO orders (order_id, created_at, delivery_id, payment_id, supporting_project_id) VALUES (2897, (SELECT projects.start_date + INTERVAL 17 DAY FROM projects WHERE projects.id=57), 1, 2897, 2897);
INSERT INTO supporting_packages(id, option_list, package_count, order_id, project_package_id, supporting_project_id) VALUES (2897, '["고급"]', 3, 2897, 57, 2897);
INSERT INTO supporting_projects(supporting_project_id, supported_at, delivery_id, payment_id, project_id, user_id) VALUES (2898, (SELECT projects.start_date + INTERVAL 22 DAY FROM projects WHERE projects.id=57), 2898, 2898, 57, 40);
INSERT INTO orders (order_id, created_at, delivery_id, payment_id, supporting_project_id) VALUES (2898, (SELECT projects.start_date + INTERVAL 22 DAY FROM projects WHERE projects.id=57), 1, 2898, 2898);
INSERT INTO supporting_packages(id, option_list, package_count, order_id, project_package_id, supporting_project_id) VALUES (2898, '["고급"]', 2, 2898, 57, 2898);
INSERT INTO supporting_projects(supporting_project_id, supported_at, delivery_id, payment_id, project_id, user_id) VALUES (2899, (SELECT projects.start_date + INTERVAL 8 DAY FROM projects WHERE projects.id=57), 2899, 2899, 57, 16);
INSERT INTO orders (order_id, created_at, delivery_id, payment_id, supporting_project_id) VALUES (2899, (SELECT projects.start_date + INTERVAL 8 DAY FROM projects WHERE projects.id=57), 1, 2899, 2899);
INSERT INTO supporting_packages(id, option_list, package_count, order_id, project_package_id, supporting_project_id) VALUES (2899, '["중급"]', 2, 2899, 57, 2899);
INSERT INTO supporting_projects(supporting_project_id, supported_at, delivery_id, payment_id, project_id, user_id) VALUES (2900, (SELECT projects.start_date + INTERVAL 41 DAY FROM projects WHERE projects.id=57), 2900, 2900, 57, 29);
INSERT INTO orders (order_id, created_at, delivery_id, payment_id, supporting_project_id) VALUES (2900, (SELECT projects.start_date + INTERVAL 41 DAY FROM projects WHERE projects.id=57), 1, 2900, 2900);
INSERT INTO supporting_packages(id, option_list, package_count, order_id, project_package_id, supporting_project_id) VALUES (2900, '["고급"]', 8, 2900, 57, 2900);
INSERT INTO supporting_projects(supporting_project_id, supported_at, delivery_id, payment_id, project_id, user_id) VALUES (2901, (SELECT projects.start_date + INTERVAL 33 DAY FROM projects WHERE projects.id=57), 2901, 2901, 57, 10);
INSERT INTO orders (order_id, created_at, delivery_id, payment_id, supporting_project_id) VALUES (2901, (SELECT projects.start_date + INTERVAL 33 DAY FROM projects WHERE projects.id=57), 1, 2901, 2901);
INSERT INTO supporting_packages(id, option_list, package_count, order_id, project_package_id, supporting_project_id) VALUES (2901, '["초급"]', 8, 2901, 57, 2901);
INSERT INTO supporting_projects(supporting_project_id, supported_at, delivery_id, payment_id, project_id, user_id) VALUES (2902, (SELECT projects.start_date + INTERVAL 50 DAY FROM projects WHERE projects.id=57), 2902, 2902, 57, 8);
INSERT INTO orders (order_id, created_at, delivery_id, payment_id, supporting_project_id) VALUES (2902, (SELECT projects.start_date + INTERVAL 50 DAY FROM projects WHERE projects.id=57), 1, 2902, 2902);
INSERT INTO supporting_packages(id, option_list, package_count, order_id, project_package_id, supporting_project_id) VALUES (2902, '["고급"]', 4, 2902, 57, 2902);
INSERT INTO supporting_projects(supporting_project_id, supported_at, delivery_id, payment_id, project_id, user_id) VALUES (2903, (SELECT projects.start_date + INTERVAL 13 DAY FROM projects WHERE projects.id=57), 2903, 2903, 57, 35);
INSERT INTO orders (order_id, created_at, delivery_id, payment_id, supporting_project_id) VALUES (2903, (SELECT projects.start_date + INTERVAL 13 DAY FROM projects WHERE projects.id=57), 1, 2903, 2903);
INSERT INTO supporting_packages(id, option_list, package_count, order_id, project_package_id, supporting_project_id) VALUES (2903, '["초급"]', 9, 2903, 57, 2903);
INSERT INTO supporting_projects(supporting_project_id, supported_at, delivery_id, payment_id, project_id, user_id) VALUES (2904, (SELECT projects.start_date + INTERVAL 25 DAY FROM projects WHERE projects.id=57), 2904, 2904, 57, 39);
INSERT INTO orders (order_id, created_at, delivery_id, payment_id, supporting_project_id) VALUES (2904, (SELECT projects.start_date + INTERVAL 25 DAY FROM projects WHERE projects.id=57), 1, 2904, 2904);
INSERT INTO supporting_packages(id, option_list, package_count, order_id, project_package_id, supporting_project_id) VALUES (2904, '["중급"]', 2, 2904, 57, 2904);
INSERT INTO supporting_projects(supporting_project_id, supported_at, delivery_id, payment_id, project_id, user_id) VALUES (2905, (SELECT projects.start_date + INTERVAL 29 DAY FROM projects WHERE projects.id=57), 2905, 2905, 57, 25);
INSERT INTO orders (order_id, created_at, delivery_id, payment_id, supporting_project_id) VALUES (2905, (SELECT projects.start_date + INTERVAL 29 DAY FROM projects WHERE projects.id=57), 1, 2905, 2905);
INSERT INTO supporting_packages(id, option_list, package_count, order_id, project_package_id, supporting_project_id) VALUES (2905, '["중급"]', 3, 2905, 57, 2905);
INSERT INTO supporting_projects(supporting_project_id, supported_at, delivery_id, payment_id, project_id, user_id) VALUES (2906, (SELECT projects.start_date + INTERVAL 16 DAY FROM projects WHERE projects.id=57), 2906, 2906, 57, 22);
INSERT INTO orders (order_id, created_at, delivery_id, payment_id, supporting_project_id) VALUES (2906, (SELECT projects.start_date + INTERVAL 16 DAY FROM projects WHERE projects.id=57), 1, 2906, 2906);
INSERT INTO supporting_packages(id, option_list, package_count, order_id, project_package_id, supporting_project_id) VALUES (2906, '["중급"]', 6, 2906, 57, 2906);
INSERT INTO supporting_projects(supporting_project_id, supported_at, delivery_id, payment_id, project_id, user_id) VALUES (2907, (SELECT projects.start_date + INTERVAL 20 DAY FROM projects WHERE projects.id=57), 2907, 2907, 57, 27);
INSERT INTO orders (order_id, created_at, delivery_id, payment_id, supporting_project_id) VALUES (2907, (SELECT projects.start_date + INTERVAL 20 DAY FROM projects WHERE projects.id=57), 1, 2907, 2907);
INSERT INTO supporting_packages(id, option_list, package_count, order_id, project_package_id, supporting_project_id) VALUES (2907, '["중급"]', 3, 2907, 57, 2907);
INSERT INTO supporting_projects(supporting_project_id, supported_at, delivery_id, payment_id, project_id, user_id) VALUES (2908, (SELECT projects.start_date + INTERVAL 8 DAY FROM projects WHERE projects.id=57), 2908, 2908, 57, 30);
INSERT INTO orders (order_id, created_at, delivery_id, payment_id, supporting_project_id) VALUES (2908, (SELECT projects.start_date + INTERVAL 8 DAY FROM projects WHERE projects.id=57), 1, 2908, 2908);
INSERT INTO supporting_packages(id, option_list, package_count, order_id, project_package_id, supporting_project_id) VALUES (2908, '["중급"]', 1, 2908, 57, 2908);
INSERT INTO supporting_projects(supporting_project_id, supported_at, delivery_id, payment_id, project_id, user_id) VALUES (2909, (SELECT projects.start_date + INTERVAL 46 DAY FROM projects WHERE projects.id=57), 2909, 2909, 57, 37);
INSERT INTO orders (order_id, created_at, delivery_id, payment_id, supporting_project_id) VALUES (2909, (SELECT projects.start_date + INTERVAL 46 DAY FROM projects WHERE projects.id=57), 1, 2909, 2909);
INSERT INTO supporting_packages(id, option_list, package_count, order_id, project_package_id, supporting_project_id) VALUES (2909, '["중급"]', 5, 2909, 57, 2909);
INSERT INTO supporting_projects(supporting_project_id, supported_at, delivery_id, payment_id, project_id, user_id) VALUES (2910, (SELECT projects.start_date + INTERVAL 1 DAY FROM projects WHERE projects.id=57), 2910, 2910, 57, 10);
INSERT INTO orders (order_id, created_at, delivery_id, payment_id, supporting_project_id) VALUES (2910, (SELECT projects.start_date + INTERVAL 1 DAY FROM projects WHERE projects.id=57), 1, 2910, 2910);
INSERT INTO supporting_packages(id, option_list, package_count, order_id, project_package_id, supporting_project_id) VALUES (2910, '["고급"]', 6, 2910, 57, 2910);
INSERT INTO supporting_projects(supporting_project_id, supported_at, delivery_id, payment_id, project_id, user_id) VALUES (2911, (SELECT projects.start_date + INTERVAL 45 DAY FROM projects WHERE projects.id=57), 2911, 2911, 57, 26);
INSERT INTO orders (order_id, created_at, delivery_id, payment_id, supporting_project_id) VALUES (2911, (SELECT projects.start_date + INTERVAL 45 DAY FROM projects WHERE projects.id=57), 1, 2911, 2911);
INSERT INTO supporting_packages(id, option_list, package_count, order_id, project_package_id, supporting_project_id) VALUES (2911, '["초급"]', 10, 2911, 57, 2911);
INSERT INTO supporting_projects(supporting_project_id, supported_at, delivery_id, payment_id, project_id, user_id) VALUES (2912, (SELECT projects.start_date + INTERVAL 3 DAY FROM projects WHERE projects.id=57), 2912, 2912, 57, 27);
INSERT INTO orders (order_id, created_at, delivery_id, payment_id, supporting_project_id) VALUES (2912, (SELECT projects.start_date + INTERVAL 3 DAY FROM projects WHERE projects.id=57), 1, 2912, 2912);
INSERT INTO supporting_packages(id, option_list, package_count, order_id, project_package_id, supporting_project_id) VALUES (2912, '["초급"]', 3, 2912, 57, 2912);
INSERT INTO supporting_projects(supporting_project_id, supported_at, delivery_id, payment_id, project_id, user_id) VALUES (2913, (SELECT projects.start_date + INTERVAL 44 DAY FROM projects WHERE projects.id=57), 2913, 2913, 57, 21);
INSERT INTO orders (order_id, created_at, delivery_id, payment_id, supporting_project_id) VALUES (2913, (SELECT projects.start_date + INTERVAL 44 DAY FROM projects WHERE projects.id=57), 1, 2913, 2913);
INSERT INTO supporting_packages(id, option_list, package_count, order_id, project_package_id, supporting_project_id) VALUES (2913, '["중급"]', 1, 2913, 57, 2913);
INSERT INTO supporting_projects(supporting_project_id, supported_at, delivery_id, payment_id, project_id, user_id) VALUES (2914, (SELECT projects.start_date + INTERVAL 9 DAY FROM projects WHERE projects.id=57), 2914, 2914, 57, 9);
INSERT INTO orders (order_id, created_at, delivery_id, payment_id, supporting_project_id) VALUES (2914, (SELECT projects.start_date + INTERVAL 9 DAY FROM projects WHERE projects.id=57), 1, 2914, 2914);
INSERT INTO supporting_packages(id, option_list, package_count, order_id, project_package_id, supporting_project_id) VALUES (2914, '["고급"]', 10, 2914, 57, 2914);
INSERT INTO supporting_projects(supporting_project_id, supported_at, delivery_id, payment_id, project_id, user_id) VALUES (2915, (SELECT projects.start_date + INTERVAL 13 DAY FROM projects WHERE projects.id=57), 2915, 2915, 57, 11);
INSERT INTO orders (order_id, created_at, delivery_id, payment_id, supporting_project_id) VALUES (2915, (SELECT projects.start_date + INTERVAL 13 DAY FROM projects WHERE projects.id=57), 1, 2915, 2915);
INSERT INTO supporting_packages(id, option_list, package_count, order_id, project_package_id, supporting_project_id) VALUES (2915, '["고급"]', 1, 2915, 57, 2915);
INSERT INTO supporting_projects(supporting_project_id, supported_at, delivery_id, payment_id, project_id, user_id) VALUES (2916, (SELECT projects.start_date + INTERVAL 47 DAY FROM projects WHERE projects.id=57), 2916, 2916, 57, 37);
INSERT INTO orders (order_id, created_at, delivery_id, payment_id, supporting_project_id) VALUES (2916, (SELECT projects.start_date + INTERVAL 47 DAY FROM projects WHERE projects.id=57), 1, 2916, 2916);
INSERT INTO supporting_packages(id, option_list, package_count, order_id, project_package_id, supporting_project_id) VALUES (2916, '["중급"]', 8, 2916, 57, 2916);
INSERT INTO supporting_projects(supporting_project_id, supported_at, delivery_id, payment_id, project_id, user_id) VALUES (2917, (SELECT projects.start_date + INTERVAL 42 DAY FROM projects WHERE projects.id=57), 2917, 2917, 57, 18);
INSERT INTO orders (order_id, created_at, delivery_id, payment_id, supporting_project_id) VALUES (2917, (SELECT projects.start_date + INTERVAL 42 DAY FROM projects WHERE projects.id=57), 1, 2917, 2917);
INSERT INTO supporting_packages(id, option_list, package_count, order_id, project_package_id, supporting_project_id) VALUES (2917, '["고급"]', 1, 2917, 57, 2917);
INSERT INTO supporting_projects(supporting_project_id, supported_at, delivery_id, payment_id, project_id, user_id) VALUES (2918, (SELECT projects.start_date + INTERVAL 43 DAY FROM projects WHERE projects.id=57), 2918, 2918, 57, 37);
INSERT INTO orders (order_id, created_at, delivery_id, payment_id, supporting_project_id) VALUES (2918, (SELECT projects.start_date + INTERVAL 43 DAY FROM projects WHERE projects.id=57), 1, 2918, 2918);
INSERT INTO supporting_packages(id, option_list, package_count, order_id, project_package_id, supporting_project_id) VALUES (2918, '["초급"]', 8, 2918, 57, 2918);
INSERT INTO supporting_projects(supporting_project_id, supported_at, delivery_id, payment_id, project_id, user_id) VALUES (2919, (SELECT projects.start_date + INTERVAL 34 DAY FROM projects WHERE projects.id=57), 2919, 2919, 57, 31);
INSERT INTO orders (order_id, created_at, delivery_id, payment_id, supporting_project_id) VALUES (2919, (SELECT projects.start_date + INTERVAL 34 DAY FROM projects WHERE projects.id=57), 1, 2919, 2919);
INSERT INTO supporting_packages(id, option_list, package_count, order_id, project_package_id, supporting_project_id) VALUES (2919, '["중급"]', 8, 2919, 57, 2919);
INSERT INTO supporting_projects(supporting_project_id, supported_at, delivery_id, payment_id, project_id, user_id) VALUES (2920, (SELECT projects.start_date + INTERVAL 17 DAY FROM projects WHERE projects.id=57), 2920, 2920, 57, 1);
INSERT INTO orders (order_id, created_at, delivery_id, payment_id, supporting_project_id) VALUES (2920, (SELECT projects.start_date + INTERVAL 17 DAY FROM projects WHERE projects.id=57), 1, 2920, 2920);
INSERT INTO supporting_packages(id, option_list, package_count, order_id, project_package_id, supporting_project_id) VALUES (2920, '["중급"]', 9, 2920, 57, 2920);
INSERT INTO supporting_projects(supporting_project_id, supported_at, delivery_id, payment_id, project_id, user_id) VALUES (2921, (SELECT projects.start_date + INTERVAL 27 DAY FROM projects WHERE projects.id=57), 2921, 2921, 57, 22);
INSERT INTO orders (order_id, created_at, delivery_id, payment_id, supporting_project_id) VALUES (2921, (SELECT projects.start_date + INTERVAL 27 DAY FROM projects WHERE projects.id=57), 1, 2921, 2921);
INSERT INTO supporting_packages(id, option_list, package_count, order_id, project_package_id, supporting_project_id) VALUES (2921, '["초급"]', 5, 2921, 57, 2921);
INSERT INTO supporting_projects(supporting_project_id, supported_at, delivery_id, payment_id, project_id, user_id) VALUES (2922, (SELECT projects.start_date + INTERVAL 38 DAY FROM projects WHERE projects.id=57), 2922, 2922, 57, 21);
INSERT INTO orders (order_id, created_at, delivery_id, payment_id, supporting_project_id) VALUES (2922, (SELECT projects.start_date + INTERVAL 38 DAY FROM projects WHERE projects.id=57), 1, 2922, 2922);
INSERT INTO supporting_packages(id, option_list, package_count, order_id, project_package_id, supporting_project_id) VALUES (2922, '["중급"]', 7, 2922, 57, 2922);
INSERT INTO supporting_projects(supporting_project_id, supported_at, delivery_id, payment_id, project_id, user_id) VALUES (2923, (SELECT projects.start_date + INTERVAL 36 DAY FROM projects WHERE projects.id=57), 2923, 2923, 57, 29);
INSERT INTO orders (order_id, created_at, delivery_id, payment_id, supporting_project_id) VALUES (2923, (SELECT projects.start_date + INTERVAL 36 DAY FROM projects WHERE projects.id=57), 1, 2923, 2923);
INSERT INTO supporting_packages(id, option_list, package_count, order_id, project_package_id, supporting_project_id) VALUES (2923, '["중급"]', 5, 2923, 57, 2923);
INSERT INTO supporting_projects(supporting_project_id, supported_at, delivery_id, payment_id, project_id, user_id) VALUES (2924, (SELECT projects.start_date + INTERVAL 27 DAY FROM projects WHERE projects.id=57), 2924, 2924, 57, 13);
INSERT INTO orders (order_id, created_at, delivery_id, payment_id, supporting_project_id) VALUES (2924, (SELECT projects.start_date + INTERVAL 27 DAY FROM projects WHERE projects.id=57), 1, 2924, 2924);
INSERT INTO supporting_packages(id, option_list, package_count, order_id, project_package_id, supporting_project_id) VALUES (2924, '["초급"]', 4, 2924, 57, 2924);
INSERT INTO supporting_projects(supporting_project_id, supported_at, delivery_id, payment_id, project_id, user_id) VALUES (2925, (SELECT projects.start_date + INTERVAL 1 DAY FROM projects WHERE projects.id=57), 2925, 2925, 57, 21);
INSERT INTO orders (order_id, created_at, delivery_id, payment_id, supporting_project_id) VALUES (2925, (SELECT projects.start_date + INTERVAL 1 DAY FROM projects WHERE projects.id=57), 1, 2925, 2925);
INSERT INTO supporting_packages(id, option_list, package_count, order_id, project_package_id, supporting_project_id) VALUES (2925, '["고급"]', 7, 2925, 57, 2925);
INSERT INTO supporting_projects(supporting_project_id, supported_at, delivery_id, payment_id, project_id, user_id) VALUES (2926, (SELECT projects.start_date + INTERVAL 13 DAY FROM projects WHERE projects.id=57), 2926, 2926, 57, 30);
INSERT INTO orders (order_id, created_at, delivery_id, payment_id, supporting_project_id) VALUES (2926, (SELECT projects.start_date + INTERVAL 13 DAY FROM projects WHERE projects.id=57), 1, 2926, 2926);
INSERT INTO supporting_packages(id, option_list, package_count, order_id, project_package_id, supporting_project_id) VALUES (2926, '["중급"]', 8, 2926, 57, 2926);
INSERT INTO supporting_projects(supporting_project_id, supported_at, delivery_id, payment_id, project_id, user_id) VALUES (2927, (SELECT projects.start_date + INTERVAL 42 DAY FROM projects WHERE projects.id=57), 2927, 2927, 57, 32);
INSERT INTO orders (order_id, created_at, delivery_id, payment_id, supporting_project_id) VALUES (2927, (SELECT projects.start_date + INTERVAL 42 DAY FROM projects WHERE projects.id=57), 1, 2927, 2927);
INSERT INTO supporting_packages(id, option_list, package_count, order_id, project_package_id, supporting_project_id) VALUES (2927, '["중급"]', 6, 2927, 57, 2927);
INSERT INTO supporting_projects(supporting_project_id, supported_at, delivery_id, payment_id, project_id, user_id) VALUES (2928, (SELECT projects.start_date + INTERVAL 15 DAY FROM projects WHERE projects.id=57), 2928, 2928, 57, 12);
INSERT INTO orders (order_id, created_at, delivery_id, payment_id, supporting_project_id) VALUES (2928, (SELECT projects.start_date + INTERVAL 15 DAY FROM projects WHERE projects.id=57), 1, 2928, 2928);
INSERT INTO supporting_packages(id, option_list, package_count, order_id, project_package_id, supporting_project_id) VALUES (2928, '["고급"]', 3, 2928, 57, 2928);
INSERT INTO supporting_projects(supporting_project_id, supported_at, delivery_id, payment_id, project_id, user_id) VALUES (2929, (SELECT projects.start_date + INTERVAL 34 DAY FROM projects WHERE projects.id=57), 2929, 2929, 57, 10);
INSERT INTO orders (order_id, created_at, delivery_id, payment_id, supporting_project_id) VALUES (2929, (SELECT projects.start_date + INTERVAL 34 DAY FROM projects WHERE projects.id=57), 1, 2929, 2929);
INSERT INTO supporting_packages(id, option_list, package_count, order_id, project_package_id, supporting_project_id) VALUES (2929, '["중급"]', 10, 2929, 57, 2929);
INSERT INTO supporting_projects(supporting_project_id, supported_at, delivery_id, payment_id, project_id, user_id) VALUES (2930, (SELECT projects.start_date + INTERVAL 36 DAY FROM projects WHERE projects.id=57), 2930, 2930, 57, 26);
INSERT INTO orders (order_id, created_at, delivery_id, payment_id, supporting_project_id) VALUES (2930, (SELECT projects.start_date + INTERVAL 36 DAY FROM projects WHERE projects.id=57), 1, 2930, 2930);
INSERT INTO supporting_packages(id, option_list, package_count, order_id, project_package_id, supporting_project_id) VALUES (2930, '["중급"]', 5, 2930, 57, 2930);
INSERT INTO supporting_projects(supporting_project_id, supported_at, delivery_id, payment_id, project_id, user_id) VALUES (2931, (SELECT projects.start_date + INTERVAL 37 DAY FROM projects WHERE projects.id=57), 2931, 2931, 57, 31);
INSERT INTO orders (order_id, created_at, delivery_id, payment_id, supporting_project_id) VALUES (2931, (SELECT projects.start_date + INTERVAL 37 DAY FROM projects WHERE projects.id=57), 1, 2931, 2931);
INSERT INTO supporting_packages(id, option_list, package_count, order_id, project_package_id, supporting_project_id) VALUES (2931, '["고급"]', 10, 2931, 57, 2931);
INSERT INTO supporting_projects(supporting_project_id, supported_at, delivery_id, payment_id, project_id, user_id) VALUES (2932, (SELECT projects.start_date + INTERVAL 23 DAY FROM projects WHERE projects.id=57), 2932, 2932, 57, 16);
INSERT INTO orders (order_id, created_at, delivery_id, payment_id, supporting_project_id) VALUES (2932, (SELECT projects.start_date + INTERVAL 23 DAY FROM projects WHERE projects.id=57), 1, 2932, 2932);
INSERT INTO supporting_packages(id, option_list, package_count, order_id, project_package_id, supporting_project_id) VALUES (2932, '["고급"]', 10, 2932, 57, 2932);
INSERT INTO supporting_projects(supporting_project_id, supported_at, delivery_id, payment_id, project_id, user_id) VALUES (2933, (SELECT projects.start_date + INTERVAL 22 DAY FROM projects WHERE projects.id=57), 2933, 2933, 57, 10);
INSERT INTO orders (order_id, created_at, delivery_id, payment_id, supporting_project_id) VALUES (2933, (SELECT projects.start_date + INTERVAL 22 DAY FROM projects WHERE projects.id=57), 1, 2933, 2933);
INSERT INTO supporting_packages(id, option_list, package_count, order_id, project_package_id, supporting_project_id) VALUES (2933, '["고급"]', 8, 2933, 57, 2933);
INSERT INTO supporting_projects(supporting_project_id, supported_at, delivery_id, payment_id, project_id, user_id) VALUES (2934, (SELECT projects.start_date + INTERVAL 44 DAY FROM projects WHERE projects.id=57), 2934, 2934, 57, 24);
INSERT INTO orders (order_id, created_at, delivery_id, payment_id, supporting_project_id) VALUES (2934, (SELECT projects.start_date + INTERVAL 44 DAY FROM projects WHERE projects.id=57), 1, 2934, 2934);
INSERT INTO supporting_packages(id, option_list, package_count, order_id, project_package_id, supporting_project_id) VALUES (2934, '["초급"]', 3, 2934, 57, 2934);
INSERT INTO supporting_projects(supporting_project_id, supported_at, delivery_id, payment_id, project_id, user_id) VALUES (2935, (SELECT projects.start_date + INTERVAL 26 DAY FROM projects WHERE projects.id=57), 2935, 2935, 57, 15);
INSERT INTO orders (order_id, created_at, delivery_id, payment_id, supporting_project_id) VALUES (2935, (SELECT projects.start_date + INTERVAL 26 DAY FROM projects WHERE projects.id=57), 1, 2935, 2935);
INSERT INTO supporting_packages(id, option_list, package_count, order_id, project_package_id, supporting_project_id) VALUES (2935, '["초급"]', 9, 2935, 57, 2935);
INSERT INTO supporting_projects(supporting_project_id, supported_at, delivery_id, payment_id, project_id, user_id) VALUES (2936, (SELECT projects.start_date + INTERVAL 26 DAY FROM projects WHERE projects.id=57), 2936, 2936, 57, 34);
INSERT INTO orders (order_id, created_at, delivery_id, payment_id, supporting_project_id) VALUES (2936, (SELECT projects.start_date + INTERVAL 26 DAY FROM projects WHERE projects.id=57), 1, 2936, 2936);
INSERT INTO supporting_packages(id, option_list, package_count, order_id, project_package_id, supporting_project_id) VALUES (2936, '["고급"]', 6, 2936, 57, 2936);
INSERT INTO supporting_projects(supporting_project_id, supported_at, delivery_id, payment_id, project_id, user_id) VALUES (2937, (SELECT projects.start_date + INTERVAL 20 DAY FROM projects WHERE projects.id=57), 2937, 2937, 57, 21);
INSERT INTO orders (order_id, created_at, delivery_id, payment_id, supporting_project_id) VALUES (2937, (SELECT projects.start_date + INTERVAL 20 DAY FROM projects WHERE projects.id=57), 1, 2937, 2937);
INSERT INTO supporting_packages(id, option_list, package_count, order_id, project_package_id, supporting_project_id) VALUES (2937, '["고급"]', 8, 2937, 57, 2937);
INSERT INTO supporting_projects(supporting_project_id, supported_at, delivery_id, payment_id, project_id, user_id) VALUES (2938, (SELECT projects.start_date + INTERVAL 22 DAY FROM projects WHERE projects.id=57), 2938, 2938, 57, 14);
INSERT INTO orders (order_id, created_at, delivery_id, payment_id, supporting_project_id) VALUES (2938, (SELECT projects.start_date + INTERVAL 22 DAY FROM projects WHERE projects.id=57), 1, 2938, 2938);
INSERT INTO supporting_packages(id, option_list, package_count, order_id, project_package_id, supporting_project_id) VALUES (2938, '["중급"]', 10, 2938, 57, 2938);
INSERT INTO supporting_projects(supporting_project_id, supported_at, delivery_id, payment_id, project_id, user_id) VALUES (2939, (SELECT projects.start_date + INTERVAL 35 DAY FROM projects WHERE projects.id=57), 2939, 2939, 57, 5);
INSERT INTO orders (order_id, created_at, delivery_id, payment_id, supporting_project_id) VALUES (2939, (SELECT projects.start_date + INTERVAL 35 DAY FROM projects WHERE projects.id=57), 1, 2939, 2939);
INSERT INTO supporting_packages(id, option_list, package_count, order_id, project_package_id, supporting_project_id) VALUES (2939, '["중급"]', 7, 2939, 57, 2939);
INSERT INTO supporting_projects(supporting_project_id, supported_at, delivery_id, payment_id, project_id, user_id) VALUES (2940, (SELECT projects.start_date + INTERVAL 26 DAY FROM projects WHERE projects.id=57), 2940, 2940, 57, 30);
INSERT INTO orders (order_id, created_at, delivery_id, payment_id, supporting_project_id) VALUES (2940, (SELECT projects.start_date + INTERVAL 26 DAY FROM projects WHERE projects.id=57), 1, 2940, 2940);
INSERT INTO supporting_packages(id, option_list, package_count, order_id, project_package_id, supporting_project_id) VALUES (2940, '["고급"]', 8, 2940, 57, 2940);
INSERT INTO supporting_projects(supporting_project_id, supported_at, delivery_id, payment_id, project_id, user_id) VALUES (2941, (SELECT projects.start_date + INTERVAL 23 DAY FROM projects WHERE projects.id=57), 2941, 2941, 57, 23);
INSERT INTO orders (order_id, created_at, delivery_id, payment_id, supporting_project_id) VALUES (2941, (SELECT projects.start_date + INTERVAL 23 DAY FROM projects WHERE projects.id=57), 1, 2941, 2941);
INSERT INTO supporting_packages(id, option_list, package_count, order_id, project_package_id, supporting_project_id) VALUES (2941, '["초급"]', 8, 2941, 57, 2941);
INSERT INTO supporting_projects(supporting_project_id, supported_at, delivery_id, payment_id, project_id, user_id) VALUES (2942, (SELECT projects.start_date + INTERVAL 25 DAY FROM projects WHERE projects.id=57), 2942, 2942, 57, 33);
INSERT INTO orders (order_id, created_at, delivery_id, payment_id, supporting_project_id) VALUES (2942, (SELECT projects.start_date + INTERVAL 25 DAY FROM projects WHERE projects.id=57), 1, 2942, 2942);
INSERT INTO supporting_packages(id, option_list, package_count, order_id, project_package_id, supporting_project_id) VALUES (2942, '["초급"]', 9, 2942, 57, 2942);
INSERT INTO supporting_projects(supporting_project_id, supported_at, delivery_id, payment_id, project_id, user_id) VALUES (2943, (SELECT projects.start_date + INTERVAL 31 DAY FROM projects WHERE projects.id=57), 2943, 2943, 57, 25);
INSERT INTO orders (order_id, created_at, delivery_id, payment_id, supporting_project_id) VALUES (2943, (SELECT projects.start_date + INTERVAL 31 DAY FROM projects WHERE projects.id=57), 1, 2943, 2943);
INSERT INTO supporting_packages(id, option_list, package_count, order_id, project_package_id, supporting_project_id) VALUES (2943, '["초급"]', 2, 2943, 57, 2943);
INSERT INTO supporting_projects(supporting_project_id, supported_at, delivery_id, payment_id, project_id, user_id) VALUES (2944, (SELECT projects.start_date + INTERVAL 30 DAY FROM projects WHERE projects.id=57), 2944, 2944, 57, 3);
INSERT INTO orders (order_id, created_at, delivery_id, payment_id, supporting_project_id) VALUES (2944, (SELECT projects.start_date + INTERVAL 30 DAY FROM projects WHERE projects.id=57), 1, 2944, 2944);
INSERT INTO supporting_packages(id, option_list, package_count, order_id, project_package_id, supporting_project_id) VALUES (2944, '["중급"]', 10, 2944, 57, 2944);
INSERT INTO supporting_projects(supporting_project_id, supported_at, delivery_id, payment_id, project_id, user_id) VALUES (2945, (SELECT projects.start_date + INTERVAL 45 DAY FROM projects WHERE projects.id=57), 2945, 2945, 57, 23);
INSERT INTO orders (order_id, created_at, delivery_id, payment_id, supporting_project_id) VALUES (2945, (SELECT projects.start_date + INTERVAL 45 DAY FROM projects WHERE projects.id=57), 1, 2945, 2945);
INSERT INTO supporting_packages(id, option_list, package_count, order_id, project_package_id, supporting_project_id) VALUES (2945, '["초급"]', 3, 2945, 57, 2945);
INSERT INTO supporting_projects(supporting_project_id, supported_at, delivery_id, payment_id, project_id, user_id) VALUES (2946, (SELECT projects.start_date + INTERVAL 19 DAY FROM projects WHERE projects.id=57), 2946, 2946, 57, 40);
INSERT INTO orders (order_id, created_at, delivery_id, payment_id, supporting_project_id) VALUES (2946, (SELECT projects.start_date + INTERVAL 19 DAY FROM projects WHERE projects.id=57), 1, 2946, 2946);
INSERT INTO supporting_packages(id, option_list, package_count, order_id, project_package_id, supporting_project_id) VALUES (2946, '["초급"]', 2, 2946, 57, 2946);
INSERT INTO supporting_projects(supporting_project_id, supported_at, delivery_id, payment_id, project_id, user_id) VALUES (2947, (SELECT projects.start_date + INTERVAL 47 DAY FROM projects WHERE projects.id=57), 2947, 2947, 57, 34);
INSERT INTO orders (order_id, created_at, delivery_id, payment_id, supporting_project_id) VALUES (2947, (SELECT projects.start_date + INTERVAL 47 DAY FROM projects WHERE projects.id=57), 1, 2947, 2947);
INSERT INTO supporting_packages(id, option_list, package_count, order_id, project_package_id, supporting_project_id) VALUES (2947, '["초급"]', 4, 2947, 57, 2947);
INSERT INTO supporting_projects(supporting_project_id, supported_at, delivery_id, payment_id, project_id, user_id) VALUES (2948, (SELECT projects.start_date + INTERVAL 29 DAY FROM projects WHERE projects.id=57), 2948, 2948, 57, 28);
INSERT INTO orders (order_id, created_at, delivery_id, payment_id, supporting_project_id) VALUES (2948, (SELECT projects.start_date + INTERVAL 29 DAY FROM projects WHERE projects.id=57), 1, 2948, 2948);
INSERT INTO supporting_packages(id, option_list, package_count, order_id, project_package_id, supporting_project_id) VALUES (2948, '["초급"]', 1, 2948, 57, 2948);
INSERT INTO supporting_projects(supporting_project_id, supported_at, delivery_id, payment_id, project_id, user_id) VALUES (2949, (SELECT projects.start_date + INTERVAL 23 DAY FROM projects WHERE projects.id=57), 2949, 2949, 57, 31);
INSERT INTO orders (order_id, created_at, delivery_id, payment_id, supporting_project_id) VALUES (2949, (SELECT projects.start_date + INTERVAL 23 DAY FROM projects WHERE projects.id=57), 1, 2949, 2949);
INSERT INTO supporting_packages(id, option_list, package_count, order_id, project_package_id, supporting_project_id) VALUES (2949, '["고급"]', 6, 2949, 57, 2949);
INSERT INTO supporting_projects(supporting_project_id, supported_at, delivery_id, payment_id, project_id, user_id) VALUES (2950, (SELECT projects.start_date + INTERVAL 6 DAY FROM projects WHERE projects.id=57), 2950, 2950, 57, 8);
INSERT INTO orders (order_id, created_at, delivery_id, payment_id, supporting_project_id) VALUES (2950, (SELECT projects.start_date + INTERVAL 6 DAY FROM projects WHERE projects.id=57), 1, 2950, 2950);
INSERT INTO supporting_packages(id, option_list, package_count, order_id, project_package_id, supporting_project_id) VALUES (2950, '["중급"]', 9, 2950, 57, 2950);
INSERT INTO supporting_projects(supporting_project_id, supported_at, delivery_id, payment_id, project_id, user_id) VALUES (2951, (SELECT projects.start_date + INTERVAL 1 DAY FROM projects WHERE projects.id=57), 2951, 2951, 57, 17);
INSERT INTO orders (order_id, created_at, delivery_id, payment_id, supporting_project_id) VALUES (2951, (SELECT projects.start_date + INTERVAL 1 DAY FROM projects WHERE projects.id=57), 1, 2951, 2951);
INSERT INTO supporting_packages(id, option_list, package_count, order_id, project_package_id, supporting_project_id) VALUES (2951, '["초급"]', 7, 2951, 57, 2951);
INSERT INTO supporting_projects(supporting_project_id, supported_at, delivery_id, payment_id, project_id, user_id) VALUES (2952, (SELECT projects.start_date + INTERVAL 26 DAY FROM projects WHERE projects.id=57), 2952, 2952, 57, 24);
INSERT INTO orders (order_id, created_at, delivery_id, payment_id, supporting_project_id) VALUES (2952, (SELECT projects.start_date + INTERVAL 26 DAY FROM projects WHERE projects.id=57), 1, 2952, 2952);
INSERT INTO supporting_packages(id, option_list, package_count, order_id, project_package_id, supporting_project_id) VALUES (2952, '["중급"]', 4, 2952, 57, 2952);
INSERT INTO supporting_projects(supporting_project_id, supported_at, delivery_id, payment_id, project_id, user_id) VALUES (2953, (SELECT projects.start_date + INTERVAL 50 DAY FROM projects WHERE projects.id=57), 2953, 2953, 57, 38);
INSERT INTO orders (order_id, created_at, delivery_id, payment_id, supporting_project_id) VALUES (2953, (SELECT projects.start_date + INTERVAL 50 DAY FROM projects WHERE projects.id=57), 1, 2953, 2953);
INSERT INTO supporting_packages(id, option_list, package_count, order_id, project_package_id, supporting_project_id) VALUES (2953, '["중급"]', 7, 2953, 57, 2953);
INSERT INTO supporting_projects(supporting_project_id, supported_at, delivery_id, payment_id, project_id, user_id) VALUES (2954, (SELECT projects.start_date + INTERVAL 20 DAY FROM projects WHERE projects.id=57), 2954, 2954, 57, 31);
INSERT INTO orders (order_id, created_at, delivery_id, payment_id, supporting_project_id) VALUES (2954, (SELECT projects.start_date + INTERVAL 20 DAY FROM projects WHERE projects.id=57), 1, 2954, 2954);
INSERT INTO supporting_packages(id, option_list, package_count, order_id, project_package_id, supporting_project_id) VALUES (2954, '["중급"]', 6, 2954, 57, 2954);
INSERT INTO supporting_projects(supporting_project_id, supported_at, delivery_id, payment_id, project_id, user_id) VALUES (2955, (SELECT projects.start_date + INTERVAL 28 DAY FROM projects WHERE projects.id=57), 2955, 2955, 57, 19);
INSERT INTO orders (order_id, created_at, delivery_id, payment_id, supporting_project_id) VALUES (2955, (SELECT projects.start_date + INTERVAL 28 DAY FROM projects WHERE projects.id=57), 1, 2955, 2955);
INSERT INTO supporting_packages(id, option_list, package_count, order_id, project_package_id, supporting_project_id) VALUES (2955, '["중급"]', 8, 2955, 57, 2955);
INSERT INTO supporting_projects(supporting_project_id, supported_at, delivery_id, payment_id, project_id, user_id) VALUES (2956, (SELECT projects.start_date + INTERVAL 39 DAY FROM projects WHERE projects.id=57), 2956, 2956, 57, 10);
INSERT INTO orders (order_id, created_at, delivery_id, payment_id, supporting_project_id) VALUES (2956, (SELECT projects.start_date + INTERVAL 39 DAY FROM projects WHERE projects.id=57), 1, 2956, 2956);
INSERT INTO supporting_packages(id, option_list, package_count, order_id, project_package_id, supporting_project_id) VALUES (2956, '["고급"]', 2, 2956, 57, 2956);
INSERT INTO supporting_projects(supporting_project_id, supported_at, delivery_id, payment_id, project_id, user_id) VALUES (2957, (SELECT projects.start_date + INTERVAL 23 DAY FROM projects WHERE projects.id=57), 2957, 2957, 57, 9);
INSERT INTO orders (order_id, created_at, delivery_id, payment_id, supporting_project_id) VALUES (2957, (SELECT projects.start_date + INTERVAL 23 DAY FROM projects WHERE projects.id=57), 1, 2957, 2957);
INSERT INTO supporting_packages(id, option_list, package_count, order_id, project_package_id, supporting_project_id) VALUES (2957, '["고급"]', 2, 2957, 57, 2957);
INSERT INTO supporting_projects(supporting_project_id, supported_at, delivery_id, payment_id, project_id, user_id) VALUES (2958, (SELECT projects.start_date + INTERVAL 10 DAY FROM projects WHERE projects.id=57), 2958, 2958, 57, 6);
INSERT INTO orders (order_id, created_at, delivery_id, payment_id, supporting_project_id) VALUES (2958, (SELECT projects.start_date + INTERVAL 10 DAY FROM projects WHERE projects.id=57), 1, 2958, 2958);
INSERT INTO supporting_packages(id, option_list, package_count, order_id, project_package_id, supporting_project_id) VALUES (2958, '["초급"]', 1, 2958, 57, 2958);
INSERT INTO supporting_projects(supporting_project_id, supported_at, delivery_id, payment_id, project_id, user_id) VALUES (2959, (SELECT projects.start_date + INTERVAL 9 DAY FROM projects WHERE projects.id=57), 2959, 2959, 57, 23);
INSERT INTO orders (order_id, created_at, delivery_id, payment_id, supporting_project_id) VALUES (2959, (SELECT projects.start_date + INTERVAL 9 DAY FROM projects WHERE projects.id=57), 1, 2959, 2959);
INSERT INTO supporting_packages(id, option_list, package_count, order_id, project_package_id, supporting_project_id) VALUES (2959, '["중급"]', 3, 2959, 57, 2959);
INSERT INTO supporting_projects(supporting_project_id, supported_at, delivery_id, payment_id, project_id, user_id) VALUES (2960, (SELECT projects.start_date + INTERVAL 3 DAY FROM projects WHERE projects.id=57), 2960, 2960, 57, 36);
INSERT INTO orders (order_id, created_at, delivery_id, payment_id, supporting_project_id) VALUES (2960, (SELECT projects.start_date + INTERVAL 3 DAY FROM projects WHERE projects.id=57), 1, 2960, 2960);
INSERT INTO supporting_packages(id, option_list, package_count, order_id, project_package_id, supporting_project_id) VALUES (2960, '["초급"]', 3, 2960, 57, 2960);
INSERT INTO supporting_projects(supporting_project_id, supported_at, delivery_id, payment_id, project_id, user_id) VALUES (2961, (SELECT projects.start_date + INTERVAL 27 DAY FROM projects WHERE projects.id=57), 2961, 2961, 57, 5);
INSERT INTO orders (order_id, created_at, delivery_id, payment_id, supporting_project_id) VALUES (2961, (SELECT projects.start_date + INTERVAL 27 DAY FROM projects WHERE projects.id=57), 1, 2961, 2961);
INSERT INTO supporting_packages(id, option_list, package_count, order_id, project_package_id, supporting_project_id) VALUES (2961, '["중급"]', 7, 2961, 57, 2961);
INSERT INTO supporting_projects(supporting_project_id, supported_at, delivery_id, payment_id, project_id, user_id) VALUES (2962, (SELECT projects.start_date + INTERVAL 5 DAY FROM projects WHERE projects.id=57), 2962, 2962, 57, 16);
INSERT INTO orders (order_id, created_at, delivery_id, payment_id, supporting_project_id) VALUES (2962, (SELECT projects.start_date + INTERVAL 5 DAY FROM projects WHERE projects.id=57), 1, 2962, 2962);
INSERT INTO supporting_packages(id, option_list, package_count, order_id, project_package_id, supporting_project_id) VALUES (2962, '["중급"]', 6, 2962, 57, 2962);
INSERT INTO supporting_projects(supporting_project_id, supported_at, delivery_id, payment_id, project_id, user_id) VALUES (2963, (SELECT projects.start_date + INTERVAL 21 DAY FROM projects WHERE projects.id=57), 2963, 2963, 57, 31);
INSERT INTO orders (order_id, created_at, delivery_id, payment_id, supporting_project_id) VALUES (2963, (SELECT projects.start_date + INTERVAL 21 DAY FROM projects WHERE projects.id=57), 1, 2963, 2963);
INSERT INTO supporting_packages(id, option_list, package_count, order_id, project_package_id, supporting_project_id) VALUES (2963, '["고급"]', 4, 2963, 57, 2963);
INSERT INTO supporting_projects(supporting_project_id, supported_at, delivery_id, payment_id, project_id, user_id) VALUES (2964, (SELECT projects.start_date + INTERVAL 33 DAY FROM projects WHERE projects.id=57), 2964, 2964, 57, 9);
INSERT INTO orders (order_id, created_at, delivery_id, payment_id, supporting_project_id) VALUES (2964, (SELECT projects.start_date + INTERVAL 33 DAY FROM projects WHERE projects.id=57), 1, 2964, 2964);
INSERT INTO supporting_packages(id, option_list, package_count, order_id, project_package_id, supporting_project_id) VALUES (2964, '["중급"]', 9, 2964, 57, 2964);
INSERT INTO supporting_projects(supporting_project_id, supported_at, delivery_id, payment_id, project_id, user_id) VALUES (2965, (SELECT projects.start_date + INTERVAL 35 DAY FROM projects WHERE projects.id=57), 2965, 2965, 57, 17);
INSERT INTO orders (order_id, created_at, delivery_id, payment_id, supporting_project_id) VALUES (2965, (SELECT projects.start_date + INTERVAL 35 DAY FROM projects WHERE projects.id=57), 1, 2965, 2965);
INSERT INTO supporting_packages(id, option_list, package_count, order_id, project_package_id, supporting_project_id) VALUES (2965, '["중급"]', 7, 2965, 57, 2965);
INSERT INTO supporting_projects(supporting_project_id, supported_at, delivery_id, payment_id, project_id, user_id) VALUES (2966, (SELECT projects.start_date + INTERVAL 20 DAY FROM projects WHERE projects.id=57), 2966, 2966, 57, 25);
INSERT INTO orders (order_id, created_at, delivery_id, payment_id, supporting_project_id) VALUES (2966, (SELECT projects.start_date + INTERVAL 20 DAY FROM projects WHERE projects.id=57), 1, 2966, 2966);
INSERT INTO supporting_packages(id, option_list, package_count, order_id, project_package_id, supporting_project_id) VALUES (2966, '["고급"]', 1, 2966, 57, 2966);
INSERT INTO supporting_projects(supporting_project_id, supported_at, delivery_id, payment_id, project_id, user_id) VALUES (2967, (SELECT projects.start_date + INTERVAL 27 DAY FROM projects WHERE projects.id=57), 2967, 2967, 57, 21);
INSERT INTO orders (order_id, created_at, delivery_id, payment_id, supporting_project_id) VALUES (2967, (SELECT projects.start_date + INTERVAL 27 DAY FROM projects WHERE projects.id=57), 1, 2967, 2967);
INSERT INTO supporting_packages(id, option_list, package_count, order_id, project_package_id, supporting_project_id) VALUES (2967, '["고급"]', 1, 2967, 57, 2967);
INSERT INTO supporting_projects(supporting_project_id, supported_at, delivery_id, payment_id, project_id, user_id) VALUES (2968, (SELECT projects.start_date + INTERVAL 43 DAY FROM projects WHERE projects.id=57), 2968, 2968, 57, 9);
INSERT INTO orders (order_id, created_at, delivery_id, payment_id, supporting_project_id) VALUES (2968, (SELECT projects.start_date + INTERVAL 43 DAY FROM projects WHERE projects.id=57), 1, 2968, 2968);
INSERT INTO supporting_packages(id, option_list, package_count, order_id, project_package_id, supporting_project_id) VALUES (2968, '["초급"]', 7, 2968, 57, 2968);
INSERT INTO supporting_projects(supporting_project_id, supported_at, delivery_id, payment_id, project_id, user_id) VALUES (2969, (SELECT projects.start_date + INTERVAL 33 DAY FROM projects WHERE projects.id=57), 2969, 2969, 57, 28);
INSERT INTO orders (order_id, created_at, delivery_id, payment_id, supporting_project_id) VALUES (2969, (SELECT projects.start_date + INTERVAL 33 DAY FROM projects WHERE projects.id=57), 1, 2969, 2969);
INSERT INTO supporting_packages(id, option_list, package_count, order_id, project_package_id, supporting_project_id) VALUES (2969, '["고급"]', 9, 2969, 57, 2969);
INSERT INTO supporting_projects(supporting_project_id, supported_at, delivery_id, payment_id, project_id, user_id) VALUES (2970, (SELECT projects.start_date + INTERVAL 48 DAY FROM projects WHERE projects.id=57), 2970, 2970, 57, 25);
INSERT INTO orders (order_id, created_at, delivery_id, payment_id, supporting_project_id) VALUES (2970, (SELECT projects.start_date + INTERVAL 48 DAY FROM projects WHERE projects.id=57), 1, 2970, 2970);
INSERT INTO supporting_packages(id, option_list, package_count, order_id, project_package_id, supporting_project_id) VALUES (2970, '["중급"]', 7, 2970, 57, 2970);
INSERT INTO supporting_projects(supporting_project_id, supported_at, delivery_id, payment_id, project_id, user_id) VALUES (2971, (SELECT projects.start_date + INTERVAL 32 DAY FROM projects WHERE projects.id=57), 2971, 2971, 57, 25);
INSERT INTO orders (order_id, created_at, delivery_id, payment_id, supporting_project_id) VALUES (2971, (SELECT projects.start_date + INTERVAL 32 DAY FROM projects WHERE projects.id=57), 1, 2971, 2971);
INSERT INTO supporting_packages(id, option_list, package_count, order_id, project_package_id, supporting_project_id) VALUES (2971, '["고급"]', 6, 2971, 57, 2971);
INSERT INTO supporting_projects(supporting_project_id, supported_at, delivery_id, payment_id, project_id, user_id) VALUES (2972, (SELECT projects.start_date + INTERVAL 13 DAY FROM projects WHERE projects.id=57), 2972, 2972, 57, 30);
INSERT INTO orders (order_id, created_at, delivery_id, payment_id, supporting_project_id) VALUES (2972, (SELECT projects.start_date + INTERVAL 13 DAY FROM projects WHERE projects.id=57), 1, 2972, 2972);
INSERT INTO supporting_packages(id, option_list, package_count, order_id, project_package_id, supporting_project_id) VALUES (2972, '["중급"]', 2, 2972, 57, 2972);
INSERT INTO supporting_projects(supporting_project_id, supported_at, delivery_id, payment_id, project_id, user_id) VALUES (2973, (SELECT projects.start_date + INTERVAL 14 DAY FROM projects WHERE projects.id=57), 2973, 2973, 57, 40);
INSERT INTO orders (order_id, created_at, delivery_id, payment_id, supporting_project_id) VALUES (2973, (SELECT projects.start_date + INTERVAL 14 DAY FROM projects WHERE projects.id=57), 1, 2973, 2973);
INSERT INTO supporting_packages(id, option_list, package_count, order_id, project_package_id, supporting_project_id) VALUES (2973, '["중급"]', 3, 2973, 57, 2973);
INSERT INTO supporting_projects(supporting_project_id, supported_at, delivery_id, payment_id, project_id, user_id) VALUES (2974, (SELECT projects.start_date + INTERVAL 7 DAY FROM projects WHERE projects.id=57), 2974, 2974, 57, 9);
INSERT INTO orders (order_id, created_at, delivery_id, payment_id, supporting_project_id) VALUES (2974, (SELECT projects.start_date + INTERVAL 7 DAY FROM projects WHERE projects.id=57), 1, 2974, 2974);
INSERT INTO supporting_packages(id, option_list, package_count, order_id, project_package_id, supporting_project_id) VALUES (2974, '["중급"]', 9, 2974, 57, 2974);
INSERT INTO supporting_projects(supporting_project_id, supported_at, delivery_id, payment_id, project_id, user_id) VALUES (2975, (SELECT projects.start_date + INTERVAL 4 DAY FROM projects WHERE projects.id=57), 2975, 2975, 57, 11);
INSERT INTO orders (order_id, created_at, delivery_id, payment_id, supporting_project_id) VALUES (2975, (SELECT projects.start_date + INTERVAL 4 DAY FROM projects WHERE projects.id=57), 1, 2975, 2975);
INSERT INTO supporting_packages(id, option_list, package_count, order_id, project_package_id, supporting_project_id) VALUES (2975, '["중급"]', 8, 2975, 57, 2975);
INSERT INTO supporting_projects(supporting_project_id, supported_at, delivery_id, payment_id, project_id, user_id) VALUES (2976, (SELECT projects.start_date + INTERVAL 46 DAY FROM projects WHERE projects.id=57), 2976, 2976, 57, 5);
INSERT INTO orders (order_id, created_at, delivery_id, payment_id, supporting_project_id) VALUES (2976, (SELECT projects.start_date + INTERVAL 46 DAY FROM projects WHERE projects.id=57), 1, 2976, 2976);
INSERT INTO supporting_packages(id, option_list, package_count, order_id, project_package_id, supporting_project_id) VALUES (2976, '["초급"]', 10, 2976, 57, 2976);
INSERT INTO supporting_projects(supporting_project_id, supported_at, delivery_id, payment_id, project_id, user_id) VALUES (2977, (SELECT projects.start_date + INTERVAL 49 DAY FROM projects WHERE projects.id=57), 2977, 2977, 57, 38);
INSERT INTO orders (order_id, created_at, delivery_id, payment_id, supporting_project_id) VALUES (2977, (SELECT projects.start_date + INTERVAL 49 DAY FROM projects WHERE projects.id=57), 1, 2977, 2977);
INSERT INTO supporting_packages(id, option_list, package_count, order_id, project_package_id, supporting_project_id) VALUES (2977, '["초급"]', 5, 2977, 57, 2977);
INSERT INTO supporting_projects(supporting_project_id, supported_at, delivery_id, payment_id, project_id, user_id) VALUES (2978, (SELECT projects.start_date + INTERVAL 46 DAY FROM projects WHERE projects.id=57), 2978, 2978, 57, 5);
INSERT INTO orders (order_id, created_at, delivery_id, payment_id, supporting_project_id) VALUES (2978, (SELECT projects.start_date + INTERVAL 46 DAY FROM projects WHERE projects.id=57), 1, 2978, 2978);
INSERT INTO supporting_packages(id, option_list, package_count, order_id, project_package_id, supporting_project_id) VALUES (2978, '["고급"]', 4, 2978, 57, 2978);
INSERT INTO supporting_projects(supporting_project_id, supported_at, delivery_id, payment_id, project_id, user_id) VALUES (2979, (SELECT projects.start_date + INTERVAL 27 DAY FROM projects WHERE projects.id=57), 2979, 2979, 57, 31);
INSERT INTO orders (order_id, created_at, delivery_id, payment_id, supporting_project_id) VALUES (2979, (SELECT projects.start_date + INTERVAL 27 DAY FROM projects WHERE projects.id=57), 1, 2979, 2979);
INSERT INTO supporting_packages(id, option_list, package_count, order_id, project_package_id, supporting_project_id) VALUES (2979, '["중급"]', 2, 2979, 57, 2979);
INSERT INTO supporting_projects(supporting_project_id, supported_at, delivery_id, payment_id, project_id, user_id) VALUES (2980, (SELECT projects.start_date + INTERVAL 28 DAY FROM projects WHERE projects.id=57), 2980, 2980, 57, 13);
INSERT INTO orders (order_id, created_at, delivery_id, payment_id, supporting_project_id) VALUES (2980, (SELECT projects.start_date + INTERVAL 28 DAY FROM projects WHERE projects.id=57), 1, 2980, 2980);
INSERT INTO supporting_packages(id, option_list, package_count, order_id, project_package_id, supporting_project_id) VALUES (2980, '["초급"]', 4, 2980, 57, 2980);
INSERT INTO supporting_projects(supporting_project_id, supported_at, delivery_id, payment_id, project_id, user_id) VALUES (2981, (SELECT projects.start_date + INTERVAL 38 DAY FROM projects WHERE projects.id=57), 2981, 2981, 57, 32);
INSERT INTO orders (order_id, created_at, delivery_id, payment_id, supporting_project_id) VALUES (2981, (SELECT projects.start_date + INTERVAL 38 DAY FROM projects WHERE projects.id=57), 1, 2981, 2981);
INSERT INTO supporting_packages(id, option_list, package_count, order_id, project_package_id, supporting_project_id) VALUES (2981, '["고급"]', 4, 2981, 57, 2981);
INSERT INTO supporting_projects(supporting_project_id, supported_at, delivery_id, payment_id, project_id, user_id) VALUES (2982, (SELECT projects.start_date + INTERVAL 15 DAY FROM projects WHERE projects.id=57), 2982, 2982, 57, 39);
INSERT INTO orders (order_id, created_at, delivery_id, payment_id, supporting_project_id) VALUES (2982, (SELECT projects.start_date + INTERVAL 15 DAY FROM projects WHERE projects.id=57), 1, 2982, 2982);
INSERT INTO supporting_packages(id, option_list, package_count, order_id, project_package_id, supporting_project_id) VALUES (2982, '["고급"]', 2, 2982, 57, 2982);
INSERT INTO supporting_projects(supporting_project_id, supported_at, delivery_id, payment_id, project_id, user_id) VALUES (2983, (SELECT projects.start_date + INTERVAL 12 DAY FROM projects WHERE projects.id=57), 2983, 2983, 57, 28);
INSERT INTO orders (order_id, created_at, delivery_id, payment_id, supporting_project_id) VALUES (2983, (SELECT projects.start_date + INTERVAL 12 DAY FROM projects WHERE projects.id=57), 1, 2983, 2983);
INSERT INTO supporting_packages(id, option_list, package_count, order_id, project_package_id, supporting_project_id) VALUES (2983, '["초급"]', 7, 2983, 57, 2983);
INSERT INTO supporting_projects(supporting_project_id, supported_at, delivery_id, payment_id, project_id, user_id) VALUES (2984, (SELECT projects.start_date + INTERVAL 22 DAY FROM projects WHERE projects.id=57), 2984, 2984, 57, 29);
INSERT INTO orders (order_id, created_at, delivery_id, payment_id, supporting_project_id) VALUES (2984, (SELECT projects.start_date + INTERVAL 22 DAY FROM projects WHERE projects.id=57), 1, 2984, 2984);
INSERT INTO supporting_packages(id, option_list, package_count, order_id, project_package_id, supporting_project_id) VALUES (2984, '["초급"]', 3, 2984, 57, 2984);
INSERT INTO supporting_projects(supporting_project_id, supported_at, delivery_id, payment_id, project_id, user_id) VALUES (2985, (SELECT projects.start_date + INTERVAL 42 DAY FROM projects WHERE projects.id=60), 2985, 2985, 60, 24);
INSERT INTO orders (order_id, created_at, delivery_id, payment_id, supporting_project_id) VALUES (2985, (SELECT projects.start_date + INTERVAL 42 DAY FROM projects WHERE projects.id=60), 1, 2985, 2985);
INSERT INTO supporting_packages(id, option_list, package_count, order_id, project_package_id, supporting_project_id) VALUES (2985, '["프리미엄"]', 8, 2985, 60, 2985);
INSERT INTO supporting_projects(supporting_project_id, supported_at, delivery_id, payment_id, project_id, user_id) VALUES (2986, (SELECT projects.start_date + INTERVAL 1 DAY FROM projects WHERE projects.id=60), 2986, 2986, 60, 9);
INSERT INTO orders (order_id, created_at, delivery_id, payment_id, supporting_project_id) VALUES (2986, (SELECT projects.start_date + INTERVAL 1 DAY FROM projects WHERE projects.id=60), 1, 2986, 2986);
INSERT INTO supporting_packages(id, option_list, package_count, order_id, project_package_id, supporting_project_id) VALUES (2986, '["프리미엄"]', 2, 2986, 60, 2986);
INSERT INTO supporting_projects(supporting_project_id, supported_at, delivery_id, payment_id, project_id, user_id) VALUES (2987, (SELECT projects.start_date + INTERVAL 38 DAY FROM projects WHERE projects.id=60), 2987, 2987, 60, 14);
INSERT INTO orders (order_id, created_at, delivery_id, payment_id, supporting_project_id) VALUES (2987, (SELECT projects.start_date + INTERVAL 38 DAY FROM projects WHERE projects.id=60), 1, 2987, 2987);
INSERT INTO supporting_packages(id, option_list, package_count, order_id, project_package_id, supporting_project_id) VALUES (2987, '["프리미엄"]', 2, 2987, 60, 2987);
INSERT INTO supporting_projects(supporting_project_id, supported_at, delivery_id, payment_id, project_id, user_id) VALUES (2988, (SELECT projects.start_date + INTERVAL 9 DAY FROM projects WHERE projects.id=60), 2988, 2988, 60, 35);
INSERT INTO orders (order_id, created_at, delivery_id, payment_id, supporting_project_id) VALUES (2988, (SELECT projects.start_date + INTERVAL 9 DAY FROM projects WHERE projects.id=60), 1, 2988, 2988);
INSERT INTO supporting_packages(id, option_list, package_count, order_id, project_package_id, supporting_project_id) VALUES (2988, '["한정판"]', 5, 2988, 60, 2988);
INSERT INTO supporting_projects(supporting_project_id, supported_at, delivery_id, payment_id, project_id, user_id) VALUES (2989, (SELECT projects.start_date + INTERVAL 27 DAY FROM projects WHERE projects.id=60), 2989, 2989, 60, 15);
INSERT INTO orders (order_id, created_at, delivery_id, payment_id, supporting_project_id) VALUES (2989, (SELECT projects.start_date + INTERVAL 27 DAY FROM projects WHERE projects.id=60), 1, 2989, 2989);
INSERT INTO supporting_packages(id, option_list, package_count, order_id, project_package_id, supporting_project_id) VALUES (2989, '["기본"]', 4, 2989, 60, 2989);
INSERT INTO supporting_projects(supporting_project_id, supported_at, delivery_id, payment_id, project_id, user_id) VALUES (2990, (SELECT projects.start_date + INTERVAL 31 DAY FROM projects WHERE projects.id=60), 2990, 2990, 60, 22);
INSERT INTO orders (order_id, created_at, delivery_id, payment_id, supporting_project_id) VALUES (2990, (SELECT projects.start_date + INTERVAL 31 DAY FROM projects WHERE projects.id=60), 1, 2990, 2990);
INSERT INTO supporting_packages(id, option_list, package_count, order_id, project_package_id, supporting_project_id) VALUES (2990, '["한정판"]', 4, 2990, 60, 2990);
INSERT INTO supporting_projects(supporting_project_id, supported_at, delivery_id, payment_id, project_id, user_id) VALUES (2991, (SELECT projects.start_date + INTERVAL 31 DAY FROM projects WHERE projects.id=60), 2991, 2991, 60, 6);
INSERT INTO orders (order_id, created_at, delivery_id, payment_id, supporting_project_id) VALUES (2991, (SELECT projects.start_date + INTERVAL 31 DAY FROM projects WHERE projects.id=60), 1, 2991, 2991);
INSERT INTO supporting_packages(id, option_list, package_count, order_id, project_package_id, supporting_project_id) VALUES (2991, '["한정판"]', 10, 2991, 60, 2991);
INSERT INTO supporting_projects(supporting_project_id, supported_at, delivery_id, payment_id, project_id, user_id) VALUES (2992, (SELECT projects.start_date + INTERVAL 48 DAY FROM projects WHERE projects.id=60), 2992, 2992, 60, 18);
INSERT INTO orders (order_id, created_at, delivery_id, payment_id, supporting_project_id) VALUES (2992, (SELECT projects.start_date + INTERVAL 48 DAY FROM projects WHERE projects.id=60), 1, 2992, 2992);
INSERT INTO supporting_packages(id, option_list, package_count, order_id, project_package_id, supporting_project_id) VALUES (2992, '["기본"]', 8, 2992, 60, 2992);
INSERT INTO supporting_projects(supporting_project_id, supported_at, delivery_id, payment_id, project_id, user_id) VALUES (2993, (SELECT projects.start_date + INTERVAL 11 DAY FROM projects WHERE projects.id=60), 2993, 2993, 60, 38);
INSERT INTO orders (order_id, created_at, delivery_id, payment_id, supporting_project_id) VALUES (2993, (SELECT projects.start_date + INTERVAL 11 DAY FROM projects WHERE projects.id=60), 1, 2993, 2993);
INSERT INTO supporting_packages(id, option_list, package_count, order_id, project_package_id, supporting_project_id) VALUES (2993, '["한정판"]', 4, 2993, 60, 2993);
INSERT INTO supporting_projects(supporting_project_id, supported_at, delivery_id, payment_id, project_id, user_id) VALUES (2994, (SELECT projects.start_date + INTERVAL 42 DAY FROM projects WHERE projects.id=60), 2994, 2994, 60, 12);
INSERT INTO orders (order_id, created_at, delivery_id, payment_id, supporting_project_id) VALUES (2994, (SELECT projects.start_date + INTERVAL 42 DAY FROM projects WHERE projects.id=60), 1, 2994, 2994);
INSERT INTO supporting_packages(id, option_list, package_count, order_id, project_package_id, supporting_project_id) VALUES (2994, '["기본"]', 7, 2994, 60, 2994);
INSERT INTO supporting_projects(supporting_project_id, supported_at, delivery_id, payment_id, project_id, user_id) VALUES (2995, (SELECT projects.start_date + INTERVAL 49 DAY FROM projects WHERE projects.id=60), 2995, 2995, 60, 38);
INSERT INTO orders (order_id, created_at, delivery_id, payment_id, supporting_project_id) VALUES (2995, (SELECT projects.start_date + INTERVAL 49 DAY FROM projects WHERE projects.id=60), 1, 2995, 2995);
INSERT INTO supporting_packages(id, option_list, package_count, order_id, project_package_id, supporting_project_id) VALUES (2995, '["기본"]', 1, 2995, 60, 2995);
INSERT INTO supporting_projects(supporting_project_id, supported_at, delivery_id, payment_id, project_id, user_id) VALUES (2996, (SELECT projects.start_date + INTERVAL 8 DAY FROM projects WHERE projects.id=60), 2996, 2996, 60, 10);
INSERT INTO orders (order_id, created_at, delivery_id, payment_id, supporting_project_id) VALUES (2996, (SELECT projects.start_date + INTERVAL 8 DAY FROM projects WHERE projects.id=60), 1, 2996, 2996);
INSERT INTO supporting_packages(id, option_list, package_count, order_id, project_package_id, supporting_project_id) VALUES (2996, '["프리미엄"]', 5, 2996, 60, 2996);
INSERT INTO supporting_projects(supporting_project_id, supported_at, delivery_id, payment_id, project_id, user_id) VALUES (2997, (SELECT projects.start_date + INTERVAL 34 DAY FROM projects WHERE projects.id=60), 2997, 2997, 60, 31);
INSERT INTO orders (order_id, created_at, delivery_id, payment_id, supporting_project_id) VALUES (2997, (SELECT projects.start_date + INTERVAL 34 DAY FROM projects WHERE projects.id=60), 1, 2997, 2997);
INSERT INTO supporting_packages(id, option_list, package_count, order_id, project_package_id, supporting_project_id) VALUES (2997, '["기본"]', 7, 2997, 60, 2997);
INSERT INTO supporting_projects(supporting_project_id, supported_at, delivery_id, payment_id, project_id, user_id) VALUES (2998, (SELECT projects.start_date + INTERVAL 29 DAY FROM projects WHERE projects.id=60), 2998, 2998, 60, 16);
INSERT INTO orders (order_id, created_at, delivery_id, payment_id, supporting_project_id) VALUES (2998, (SELECT projects.start_date + INTERVAL 29 DAY FROM projects WHERE projects.id=60), 1, 2998, 2998);
INSERT INTO supporting_packages(id, option_list, package_count, order_id, project_package_id, supporting_project_id) VALUES (2998, '["프리미엄"]', 3, 2998, 60, 2998);
INSERT INTO supporting_projects(supporting_project_id, supported_at, delivery_id, payment_id, project_id, user_id) VALUES (2999, (SELECT projects.start_date + INTERVAL 15 DAY FROM projects WHERE projects.id=60), 2999, 2999, 60, 4);
INSERT INTO orders (order_id, created_at, delivery_id, payment_id, supporting_project_id) VALUES (2999, (SELECT projects.start_date + INTERVAL 15 DAY FROM projects WHERE projects.id=60), 1, 2999, 2999);
INSERT INTO supporting_packages(id, option_list, package_count, order_id, project_package_id, supporting_project_id) VALUES (2999, '["한정판"]', 7, 2999, 60, 2999);
INSERT INTO supporting_projects(supporting_project_id, supported_at, delivery_id, payment_id, project_id, user_id) VALUES (3000, (SELECT projects.start_date + INTERVAL 4 DAY FROM projects WHERE projects.id=61), 3000, 3000, 61, 10);
INSERT INTO orders (order_id, created_at, delivery_id, payment_id, supporting_project_id) VALUES (3000, (SELECT projects.start_date + INTERVAL 4 DAY FROM projects WHERE projects.id=61), 1, 3000, 3000);
INSERT INTO supporting_packages(id, option_list, package_count, order_id, project_package_id, supporting_project_id) VALUES (3000, '["보드 게임"]', 9, 3000, 61, 3000);
INSERT INTO supporting_projects(supporting_project_id, supported_at, delivery_id, payment_id, project_id, user_id) VALUES (3001, (SELECT projects.start_date + INTERVAL 42 DAY FROM projects WHERE projects.id=61), 3001, 3001, 61, 26);
INSERT INTO orders (order_id, created_at, delivery_id, payment_id, supporting_project_id) VALUES (3001, (SELECT projects.start_date + INTERVAL 42 DAY FROM projects WHERE projects.id=61), 1, 3001, 3001);
INSERT INTO supporting_packages(id, option_list, package_count, order_id, project_package_id, supporting_project_id) VALUES (3001, '["보드 게임"]', 1, 3001, 61, 3001);
INSERT INTO supporting_projects(supporting_project_id, supported_at, delivery_id, payment_id, project_id, user_id) VALUES (3002, (SELECT projects.start_date + INTERVAL 33 DAY FROM projects WHERE projects.id=61), 3002, 3002, 61, 34);
INSERT INTO orders (order_id, created_at, delivery_id, payment_id, supporting_project_id) VALUES (3002, (SELECT projects.start_date + INTERVAL 33 DAY FROM projects WHERE projects.id=61), 1, 3002, 3002);
INSERT INTO supporting_packages(id, option_list, package_count, order_id, project_package_id, supporting_project_id) VALUES (3002, '["보드 게임"]', 5, 3002, 61, 3002);
INSERT INTO supporting_projects(supporting_project_id, supported_at, delivery_id, payment_id, project_id, user_id) VALUES (3003, (SELECT projects.start_date + INTERVAL 10 DAY FROM projects WHERE projects.id=61), 3003, 3003, 61, 37);
INSERT INTO orders (order_id, created_at, delivery_id, payment_id, supporting_project_id) VALUES (3003, (SELECT projects.start_date + INTERVAL 10 DAY FROM projects WHERE projects.id=61), 1, 3003, 3003);
INSERT INTO supporting_packages(id, option_list, package_count, order_id, project_package_id, supporting_project_id) VALUES (3003, '["보드 게임"]', 8, 3003, 61, 3003);
INSERT INTO supporting_projects(supporting_project_id, supported_at, delivery_id, payment_id, project_id, user_id) VALUES (3004, (SELECT projects.start_date + INTERVAL 18 DAY FROM projects WHERE projects.id=61), 3004, 3004, 61, 2);
INSERT INTO orders (order_id, created_at, delivery_id, payment_id, supporting_project_id) VALUES (3004, (SELECT projects.start_date + INTERVAL 18 DAY FROM projects WHERE projects.id=61), 1, 3004, 3004);
INSERT INTO supporting_packages(id, option_list, package_count, order_id, project_package_id, supporting_project_id) VALUES (3004, '["확장팩"]', 5, 3004, 61, 3004);
INSERT INTO supporting_projects(supporting_project_id, supported_at, delivery_id, payment_id, project_id, user_id) VALUES (3005, (SELECT projects.start_date + INTERVAL 42 DAY FROM projects WHERE projects.id=61), 3005, 3005, 61, 23);
INSERT INTO orders (order_id, created_at, delivery_id, payment_id, supporting_project_id) VALUES (3005, (SELECT projects.start_date + INTERVAL 42 DAY FROM projects WHERE projects.id=61), 1, 3005, 3005);
INSERT INTO supporting_packages(id, option_list, package_count, order_id, project_package_id, supporting_project_id) VALUES (3005, '["확장팩"]', 5, 3005, 61, 3005);
INSERT INTO supporting_projects(supporting_project_id, supported_at, delivery_id, payment_id, project_id, user_id) VALUES (3006, (SELECT projects.start_date + INTERVAL 22 DAY FROM projects WHERE projects.id=61), 3006, 3006, 61, 2);
INSERT INTO orders (order_id, created_at, delivery_id, payment_id, supporting_project_id) VALUES (3006, (SELECT projects.start_date + INTERVAL 22 DAY FROM projects WHERE projects.id=61), 1, 3006, 3006);
INSERT INTO supporting_packages(id, option_list, package_count, order_id, project_package_id, supporting_project_id) VALUES (3006, '["보드 게임"]', 8, 3006, 61, 3006);
INSERT INTO supporting_projects(supporting_project_id, supported_at, delivery_id, payment_id, project_id, user_id) VALUES (3007, (SELECT projects.start_date + INTERVAL 19 DAY FROM projects WHERE projects.id=61), 3007, 3007, 61, 1);
INSERT INTO orders (order_id, created_at, delivery_id, payment_id, supporting_project_id) VALUES (3007, (SELECT projects.start_date + INTERVAL 19 DAY FROM projects WHERE projects.id=61), 1, 3007, 3007);
INSERT INTO supporting_packages(id, option_list, package_count, order_id, project_package_id, supporting_project_id) VALUES (3007, '["디지털 게임"]', 1, 3007, 61, 3007);
INSERT INTO supporting_projects(supporting_project_id, supported_at, delivery_id, payment_id, project_id, user_id) VALUES (3008, (SELECT projects.start_date + INTERVAL 16 DAY FROM projects WHERE projects.id=61), 3008, 3008, 61, 15);
INSERT INTO orders (order_id, created_at, delivery_id, payment_id, supporting_project_id) VALUES (3008, (SELECT projects.start_date + INTERVAL 16 DAY FROM projects WHERE projects.id=61), 1, 3008, 3008);
INSERT INTO supporting_packages(id, option_list, package_count, order_id, project_package_id, supporting_project_id) VALUES (3008, '["보드 게임"]', 10, 3008, 61, 3008);
INSERT INTO supporting_projects(supporting_project_id, supported_at, delivery_id, payment_id, project_id, user_id) VALUES (3009, (SELECT projects.start_date + INTERVAL 27 DAY FROM projects WHERE projects.id=61), 3009, 3009, 61, 35);
INSERT INTO orders (order_id, created_at, delivery_id, payment_id, supporting_project_id) VALUES (3009, (SELECT projects.start_date + INTERVAL 27 DAY FROM projects WHERE projects.id=61), 1, 3009, 3009);
INSERT INTO supporting_packages(id, option_list, package_count, order_id, project_package_id, supporting_project_id) VALUES (3009, '["보드 게임"]', 4, 3009, 61, 3009);
INSERT INTO supporting_projects(supporting_project_id, supported_at, delivery_id, payment_id, project_id, user_id) VALUES (3010, (SELECT projects.start_date + INTERVAL 40 DAY FROM projects WHERE projects.id=61), 3010, 3010, 61, 35);
INSERT INTO orders (order_id, created_at, delivery_id, payment_id, supporting_project_id) VALUES (3010, (SELECT projects.start_date + INTERVAL 40 DAY FROM projects WHERE projects.id=61), 1, 3010, 3010);
INSERT INTO supporting_packages(id, option_list, package_count, order_id, project_package_id, supporting_project_id) VALUES (3010, '["보드 게임"]', 2, 3010, 61, 3010);
INSERT INTO supporting_projects(supporting_project_id, supported_at, delivery_id, payment_id, project_id, user_id) VALUES (3011, (SELECT projects.start_date + INTERVAL 9 DAY FROM projects WHERE projects.id=61), 3011, 3011, 61, 28);
INSERT INTO orders (order_id, created_at, delivery_id, payment_id, supporting_project_id) VALUES (3011, (SELECT projects.start_date + INTERVAL 9 DAY FROM projects WHERE projects.id=61), 1, 3011, 3011);
INSERT INTO supporting_packages(id, option_list, package_count, order_id, project_package_id, supporting_project_id) VALUES (3011, '["디지털 게임"]', 5, 3011, 61, 3011);
INSERT INTO supporting_projects(supporting_project_id, supported_at, delivery_id, payment_id, project_id, user_id) VALUES (3012, (SELECT projects.start_date + INTERVAL 11 DAY FROM projects WHERE projects.id=61), 3012, 3012, 61, 20);
INSERT INTO orders (order_id, created_at, delivery_id, payment_id, supporting_project_id) VALUES (3012, (SELECT projects.start_date + INTERVAL 11 DAY FROM projects WHERE projects.id=61), 1, 3012, 3012);
INSERT INTO supporting_packages(id, option_list, package_count, order_id, project_package_id, supporting_project_id) VALUES (3012, '["보드 게임"]', 3, 3012, 61, 3012);
INSERT INTO supporting_projects(supporting_project_id, supported_at, delivery_id, payment_id, project_id, user_id) VALUES (3013, (SELECT projects.start_date + INTERVAL 26 DAY FROM projects WHERE projects.id=61), 3013, 3013, 61, 40);
INSERT INTO orders (order_id, created_at, delivery_id, payment_id, supporting_project_id) VALUES (3013, (SELECT projects.start_date + INTERVAL 26 DAY FROM projects WHERE projects.id=61), 1, 3013, 3013);
INSERT INTO supporting_packages(id, option_list, package_count, order_id, project_package_id, supporting_project_id) VALUES (3013, '["디지털 게임"]', 9, 3013, 61, 3013);
INSERT INTO supporting_projects(supporting_project_id, supported_at, delivery_id, payment_id, project_id, user_id) VALUES (3014, (SELECT projects.start_date + INTERVAL 8 DAY FROM projects WHERE projects.id=61), 3014, 3014, 61, 30);
INSERT INTO orders (order_id, created_at, delivery_id, payment_id, supporting_project_id) VALUES (3014, (SELECT projects.start_date + INTERVAL 8 DAY FROM projects WHERE projects.id=61), 1, 3014, 3014);
INSERT INTO supporting_packages(id, option_list, package_count, order_id, project_package_id, supporting_project_id) VALUES (3014, '["보드 게임"]', 5, 3014, 61, 3014);
INSERT INTO supporting_projects(supporting_project_id, supported_at, delivery_id, payment_id, project_id, user_id) VALUES (3015, (SELECT projects.start_date + INTERVAL 49 DAY FROM projects WHERE projects.id=61), 3015, 3015, 61, 32);
INSERT INTO orders (order_id, created_at, delivery_id, payment_id, supporting_project_id) VALUES (3015, (SELECT projects.start_date + INTERVAL 49 DAY FROM projects WHERE projects.id=61), 1, 3015, 3015);
INSERT INTO supporting_packages(id, option_list, package_count, order_id, project_package_id, supporting_project_id) VALUES (3015, '["확장팩"]', 5, 3015, 61, 3015);
INSERT INTO supporting_projects(supporting_project_id, supported_at, delivery_id, payment_id, project_id, user_id) VALUES (3016, (SELECT projects.start_date + INTERVAL 37 DAY FROM projects WHERE projects.id=61), 3016, 3016, 61, 22);
INSERT INTO orders (order_id, created_at, delivery_id, payment_id, supporting_project_id) VALUES (3016, (SELECT projects.start_date + INTERVAL 37 DAY FROM projects WHERE projects.id=61), 1, 3016, 3016);
INSERT INTO supporting_packages(id, option_list, package_count, order_id, project_package_id, supporting_project_id) VALUES (3016, '["보드 게임"]', 4, 3016, 61, 3016);
INSERT INTO supporting_projects(supporting_project_id, supported_at, delivery_id, payment_id, project_id, user_id) VALUES (3017, (SELECT projects.start_date + INTERVAL 21 DAY FROM projects WHERE projects.id=61), 3017, 3017, 61, 37);
INSERT INTO orders (order_id, created_at, delivery_id, payment_id, supporting_project_id) VALUES (3017, (SELECT projects.start_date + INTERVAL 21 DAY FROM projects WHERE projects.id=61), 1, 3017, 3017);
INSERT INTO supporting_packages(id, option_list, package_count, order_id, project_package_id, supporting_project_id) VALUES (3017, '["디지털 게임"]', 6, 3017, 61, 3017);
INSERT INTO supporting_projects(supporting_project_id, supported_at, delivery_id, payment_id, project_id, user_id) VALUES (3018, (SELECT projects.start_date + INTERVAL 16 DAY FROM projects WHERE projects.id=61), 3018, 3018, 61, 17);
INSERT INTO orders (order_id, created_at, delivery_id, payment_id, supporting_project_id) VALUES (3018, (SELECT projects.start_date + INTERVAL 16 DAY FROM projects WHERE projects.id=61), 1, 3018, 3018);
INSERT INTO supporting_packages(id, option_list, package_count, order_id, project_package_id, supporting_project_id) VALUES (3018, '["디지털 게임"]', 4, 3018, 61, 3018);
INSERT INTO supporting_projects(supporting_project_id, supported_at, delivery_id, payment_id, project_id, user_id) VALUES (3019, (SELECT projects.start_date + INTERVAL 40 DAY FROM projects WHERE projects.id=61), 3019, 3019, 61, 30);
INSERT INTO orders (order_id, created_at, delivery_id, payment_id, supporting_project_id) VALUES (3019, (SELECT projects.start_date + INTERVAL 40 DAY FROM projects WHERE projects.id=61), 1, 3019, 3019);
INSERT INTO supporting_packages(id, option_list, package_count, order_id, project_package_id, supporting_project_id) VALUES (3019, '["디지털 게임"]', 6, 3019, 61, 3019);
INSERT INTO supporting_projects(supporting_project_id, supported_at, delivery_id, payment_id, project_id, user_id) VALUES (3020, (SELECT projects.start_date + INTERVAL 29 DAY FROM projects WHERE projects.id=61), 3020, 3020, 61, 19);
INSERT INTO orders (order_id, created_at, delivery_id, payment_id, supporting_project_id) VALUES (3020, (SELECT projects.start_date + INTERVAL 29 DAY FROM projects WHERE projects.id=61), 1, 3020, 3020);
INSERT INTO supporting_packages(id, option_list, package_count, order_id, project_package_id, supporting_project_id) VALUES (3020, '["보드 게임"]', 1, 3020, 61, 3020);
INSERT INTO supporting_projects(supporting_project_id, supported_at, delivery_id, payment_id, project_id, user_id) VALUES (3021, (SELECT projects.start_date + INTERVAL 31 DAY FROM projects WHERE projects.id=61), 3021, 3021, 61, 28);
INSERT INTO orders (order_id, created_at, delivery_id, payment_id, supporting_project_id) VALUES (3021, (SELECT projects.start_date + INTERVAL 31 DAY FROM projects WHERE projects.id=61), 1, 3021, 3021);
INSERT INTO supporting_packages(id, option_list, package_count, order_id, project_package_id, supporting_project_id) VALUES (3021, '["디지털 게임"]', 7, 3021, 61, 3021);
INSERT INTO supporting_projects(supporting_project_id, supported_at, delivery_id, payment_id, project_id, user_id) VALUES (3022, (SELECT projects.start_date + INTERVAL 44 DAY FROM projects WHERE projects.id=61), 3022, 3022, 61, 12);
INSERT INTO orders (order_id, created_at, delivery_id, payment_id, supporting_project_id) VALUES (3022, (SELECT projects.start_date + INTERVAL 44 DAY FROM projects WHERE projects.id=61), 1, 3022, 3022);
INSERT INTO supporting_packages(id, option_list, package_count, order_id, project_package_id, supporting_project_id) VALUES (3022, '["확장팩"]', 5, 3022, 61, 3022);
INSERT INTO supporting_projects(supporting_project_id, supported_at, delivery_id, payment_id, project_id, user_id) VALUES (3023, (SELECT projects.start_date + INTERVAL 32 DAY FROM projects WHERE projects.id=61), 3023, 3023, 61, 11);
INSERT INTO orders (order_id, created_at, delivery_id, payment_id, supporting_project_id) VALUES (3023, (SELECT projects.start_date + INTERVAL 32 DAY FROM projects WHERE projects.id=61), 1, 3023, 3023);
INSERT INTO supporting_packages(id, option_list, package_count, order_id, project_package_id, supporting_project_id) VALUES (3023, '["확장팩"]', 9, 3023, 61, 3023);
INSERT INTO supporting_projects(supporting_project_id, supported_at, delivery_id, payment_id, project_id, user_id) VALUES (3024, (SELECT projects.start_date + INTERVAL 23 DAY FROM projects WHERE projects.id=61), 3024, 3024, 61, 3);
INSERT INTO orders (order_id, created_at, delivery_id, payment_id, supporting_project_id) VALUES (3024, (SELECT projects.start_date + INTERVAL 23 DAY FROM projects WHERE projects.id=61), 1, 3024, 3024);
INSERT INTO supporting_packages(id, option_list, package_count, order_id, project_package_id, supporting_project_id) VALUES (3024, '["보드 게임"]', 5, 3024, 61, 3024);
INSERT INTO supporting_projects(supporting_project_id, supported_at, delivery_id, payment_id, project_id, user_id) VALUES (3025, (SELECT projects.start_date + INTERVAL 44 DAY FROM projects WHERE projects.id=61), 3025, 3025, 61, 5);
INSERT INTO orders (order_id, created_at, delivery_id, payment_id, supporting_project_id) VALUES (3025, (SELECT projects.start_date + INTERVAL 44 DAY FROM projects WHERE projects.id=61), 1, 3025, 3025);
INSERT INTO supporting_packages(id, option_list, package_count, order_id, project_package_id, supporting_project_id) VALUES (3025, '["디지털 게임"]', 10, 3025, 61, 3025);
INSERT INTO supporting_projects(supporting_project_id, supported_at, delivery_id, payment_id, project_id, user_id) VALUES (3026, (SELECT projects.start_date + INTERVAL 41 DAY FROM projects WHERE projects.id=61), 3026, 3026, 61, 33);
INSERT INTO orders (order_id, created_at, delivery_id, payment_id, supporting_project_id) VALUES (3026, (SELECT projects.start_date + INTERVAL 41 DAY FROM projects WHERE projects.id=61), 1, 3026, 3026);
INSERT INTO supporting_packages(id, option_list, package_count, order_id, project_package_id, supporting_project_id) VALUES (3026, '["디지털 게임"]', 10, 3026, 61, 3026);
INSERT INTO supporting_projects(supporting_project_id, supported_at, delivery_id, payment_id, project_id, user_id) VALUES (3027, (SELECT projects.start_date + INTERVAL 39 DAY FROM projects WHERE projects.id=61), 3027, 3027, 61, 30);
INSERT INTO orders (order_id, created_at, delivery_id, payment_id, supporting_project_id) VALUES (3027, (SELECT projects.start_date + INTERVAL 39 DAY FROM projects WHERE projects.id=61), 1, 3027, 3027);
INSERT INTO supporting_packages(id, option_list, package_count, order_id, project_package_id, supporting_project_id) VALUES (3027, '["디지털 게임"]', 10, 3027, 61, 3027);
INSERT INTO supporting_projects(supporting_project_id, supported_at, delivery_id, payment_id, project_id, user_id) VALUES (3028, (SELECT projects.start_date + INTERVAL 29 DAY FROM projects WHERE projects.id=61), 3028, 3028, 61, 8);
INSERT INTO orders (order_id, created_at, delivery_id, payment_id, supporting_project_id) VALUES (3028, (SELECT projects.start_date + INTERVAL 29 DAY FROM projects WHERE projects.id=61), 1, 3028, 3028);
INSERT INTO supporting_packages(id, option_list, package_count, order_id, project_package_id, supporting_project_id) VALUES (3028, '["확장팩"]', 9, 3028, 61, 3028);
INSERT INTO supporting_projects(supporting_project_id, supported_at, delivery_id, payment_id, project_id, user_id) VALUES (3029, (SELECT projects.start_date + INTERVAL 50 DAY FROM projects WHERE projects.id=61), 3029, 3029, 61, 38);
INSERT INTO orders (order_id, created_at, delivery_id, payment_id, supporting_project_id) VALUES (3029, (SELECT projects.start_date + INTERVAL 50 DAY FROM projects WHERE projects.id=61), 1, 3029, 3029);
INSERT INTO supporting_packages(id, option_list, package_count, order_id, project_package_id, supporting_project_id) VALUES (3029, '["디지털 게임"]', 2, 3029, 61, 3029);
INSERT INTO supporting_projects(supporting_project_id, supported_at, delivery_id, payment_id, project_id, user_id) VALUES (3030, (SELECT projects.start_date + INTERVAL 6 DAY FROM projects WHERE projects.id=61), 3030, 3030, 61, 4);
INSERT INTO orders (order_id, created_at, delivery_id, payment_id, supporting_project_id) VALUES (3030, (SELECT projects.start_date + INTERVAL 6 DAY FROM projects WHERE projects.id=61), 1, 3030, 3030);
INSERT INTO supporting_packages(id, option_list, package_count, order_id, project_package_id, supporting_project_id) VALUES (3030, '["디지털 게임"]', 2, 3030, 61, 3030);
INSERT INTO supporting_projects(supporting_project_id, supported_at, delivery_id, payment_id, project_id, user_id) VALUES (3031, (SELECT projects.start_date + INTERVAL 36 DAY FROM projects WHERE projects.id=61), 3031, 3031, 61, 27);
INSERT INTO orders (order_id, created_at, delivery_id, payment_id, supporting_project_id) VALUES (3031, (SELECT projects.start_date + INTERVAL 36 DAY FROM projects WHERE projects.id=61), 1, 3031, 3031);
INSERT INTO supporting_packages(id, option_list, package_count, order_id, project_package_id, supporting_project_id) VALUES (3031, '["확장팩"]', 7, 3031, 61, 3031);
INSERT INTO supporting_projects(supporting_project_id, supported_at, delivery_id, payment_id, project_id, user_id) VALUES (3032, (SELECT projects.start_date + INTERVAL 40 DAY FROM projects WHERE projects.id=61), 3032, 3032, 61, 27);
INSERT INTO orders (order_id, created_at, delivery_id, payment_id, supporting_project_id) VALUES (3032, (SELECT projects.start_date + INTERVAL 40 DAY FROM projects WHERE projects.id=61), 1, 3032, 3032);
INSERT INTO supporting_packages(id, option_list, package_count, order_id, project_package_id, supporting_project_id) VALUES (3032, '["보드 게임"]', 7, 3032, 61, 3032);
INSERT INTO supporting_projects(supporting_project_id, supported_at, delivery_id, payment_id, project_id, user_id) VALUES (3033, (SELECT projects.start_date + INTERVAL 10 DAY FROM projects WHERE projects.id=61), 3033, 3033, 61, 6);
INSERT INTO orders (order_id, created_at, delivery_id, payment_id, supporting_project_id) VALUES (3033, (SELECT projects.start_date + INTERVAL 10 DAY FROM projects WHERE projects.id=61), 1, 3033, 3033);
INSERT INTO supporting_packages(id, option_list, package_count, order_id, project_package_id, supporting_project_id) VALUES (3033, '["보드 게임"]', 5, 3033, 61, 3033);
INSERT INTO supporting_projects(supporting_project_id, supported_at, delivery_id, payment_id, project_id, user_id) VALUES (3034, (SELECT projects.start_date + INTERVAL 14 DAY FROM projects WHERE projects.id=61), 3034, 3034, 61, 22);
INSERT INTO orders (order_id, created_at, delivery_id, payment_id, supporting_project_id) VALUES (3034, (SELECT projects.start_date + INTERVAL 14 DAY FROM projects WHERE projects.id=61), 1, 3034, 3034);
INSERT INTO supporting_packages(id, option_list, package_count, order_id, project_package_id, supporting_project_id) VALUES (3034, '["디지털 게임"]', 4, 3034, 61, 3034);
INSERT INTO supporting_projects(supporting_project_id, supported_at, delivery_id, payment_id, project_id, user_id) VALUES (3035, (SELECT projects.start_date + INTERVAL 26 DAY FROM projects WHERE projects.id=61), 3035, 3035, 61, 20);
INSERT INTO orders (order_id, created_at, delivery_id, payment_id, supporting_project_id) VALUES (3035, (SELECT projects.start_date + INTERVAL 26 DAY FROM projects WHERE projects.id=61), 1, 3035, 3035);
INSERT INTO supporting_packages(id, option_list, package_count, order_id, project_package_id, supporting_project_id) VALUES (3035, '["확장팩"]', 9, 3035, 61, 3035);
INSERT INTO supporting_projects(supporting_project_id, supported_at, delivery_id, payment_id, project_id, user_id) VALUES (3036, (SELECT projects.start_date + INTERVAL 27 DAY FROM projects WHERE projects.id=61), 3036, 3036, 61, 35);
INSERT INTO orders (order_id, created_at, delivery_id, payment_id, supporting_project_id) VALUES (3036, (SELECT projects.start_date + INTERVAL 27 DAY FROM projects WHERE projects.id=61), 1, 3036, 3036);
INSERT INTO supporting_packages(id, option_list, package_count, order_id, project_package_id, supporting_project_id) VALUES (3036, '["디지털 게임"]', 7, 3036, 61, 3036);
INSERT INTO supporting_projects(supporting_project_id, supported_at, delivery_id, payment_id, project_id, user_id) VALUES (3037, (SELECT projects.start_date + INTERVAL 19 DAY FROM projects WHERE projects.id=61), 3037, 3037, 61, 26);
INSERT INTO orders (order_id, created_at, delivery_id, payment_id, supporting_project_id) VALUES (3037, (SELECT projects.start_date + INTERVAL 19 DAY FROM projects WHERE projects.id=61), 1, 3037, 3037);
INSERT INTO supporting_packages(id, option_list, package_count, order_id, project_package_id, supporting_project_id) VALUES (3037, '["확장팩"]', 3, 3037, 61, 3037);
INSERT INTO supporting_projects(supporting_project_id, supported_at, delivery_id, payment_id, project_id, user_id) VALUES (3038, (SELECT projects.start_date + INTERVAL 46 DAY FROM projects WHERE projects.id=61), 3038, 3038, 61, 38);
INSERT INTO orders (order_id, created_at, delivery_id, payment_id, supporting_project_id) VALUES (3038, (SELECT projects.start_date + INTERVAL 46 DAY FROM projects WHERE projects.id=61), 1, 3038, 3038);
INSERT INTO supporting_packages(id, option_list, package_count, order_id, project_package_id, supporting_project_id) VALUES (3038, '["보드 게임"]', 3, 3038, 61, 3038);
INSERT INTO supporting_projects(supporting_project_id, supported_at, delivery_id, payment_id, project_id, user_id) VALUES (3039, (SELECT projects.start_date + INTERVAL 18 DAY FROM projects WHERE projects.id=61), 3039, 3039, 61, 35);
INSERT INTO orders (order_id, created_at, delivery_id, payment_id, supporting_project_id) VALUES (3039, (SELECT projects.start_date + INTERVAL 18 DAY FROM projects WHERE projects.id=61), 1, 3039, 3039);
INSERT INTO supporting_packages(id, option_list, package_count, order_id, project_package_id, supporting_project_id) VALUES (3039, '["보드 게임"]', 10, 3039, 61, 3039);
INSERT INTO supporting_projects(supporting_project_id, supported_at, delivery_id, payment_id, project_id, user_id) VALUES (3040, (SELECT projects.start_date + INTERVAL 34 DAY FROM projects WHERE projects.id=61), 3040, 3040, 61, 5);
INSERT INTO orders (order_id, created_at, delivery_id, payment_id, supporting_project_id) VALUES (3040, (SELECT projects.start_date + INTERVAL 34 DAY FROM projects WHERE projects.id=61), 1, 3040, 3040);
INSERT INTO supporting_packages(id, option_list, package_count, order_id, project_package_id, supporting_project_id) VALUES (3040, '["보드 게임"]', 10, 3040, 61, 3040);
INSERT INTO supporting_projects(supporting_project_id, supported_at, delivery_id, payment_id, project_id, user_id) VALUES (3041, (SELECT projects.start_date + INTERVAL 45 DAY FROM projects WHERE projects.id=61), 3041, 3041, 61, 40);
INSERT INTO orders (order_id, created_at, delivery_id, payment_id, supporting_project_id) VALUES (3041, (SELECT projects.start_date + INTERVAL 45 DAY FROM projects WHERE projects.id=61), 1, 3041, 3041);
INSERT INTO supporting_packages(id, option_list, package_count, order_id, project_package_id, supporting_project_id) VALUES (3041, '["디지털 게임"]', 6, 3041, 61, 3041);
INSERT INTO supporting_projects(supporting_project_id, supported_at, delivery_id, payment_id, project_id, user_id) VALUES (3042, (SELECT projects.start_date + INTERVAL 34 DAY FROM projects WHERE projects.id=61), 3042, 3042, 61, 29);
INSERT INTO orders (order_id, created_at, delivery_id, payment_id, supporting_project_id) VALUES (3042, (SELECT projects.start_date + INTERVAL 34 DAY FROM projects WHERE projects.id=61), 1, 3042, 3042);
INSERT INTO supporting_packages(id, option_list, package_count, order_id, project_package_id, supporting_project_id) VALUES (3042, '["보드 게임"]', 4, 3042, 61, 3042);
INSERT INTO supporting_projects(supporting_project_id, supported_at, delivery_id, payment_id, project_id, user_id) VALUES (3043, (SELECT projects.start_date + INTERVAL 6 DAY FROM projects WHERE projects.id=61), 3043, 3043, 61, 6);
INSERT INTO orders (order_id, created_at, delivery_id, payment_id, supporting_project_id) VALUES (3043, (SELECT projects.start_date + INTERVAL 6 DAY FROM projects WHERE projects.id=61), 1, 3043, 3043);
INSERT INTO supporting_packages(id, option_list, package_count, order_id, project_package_id, supporting_project_id) VALUES (3043, '["보드 게임"]', 6, 3043, 61, 3043);
INSERT INTO supporting_projects(supporting_project_id, supported_at, delivery_id, payment_id, project_id, user_id) VALUES (3044, (SELECT projects.start_date + INTERVAL 28 DAY FROM projects WHERE projects.id=61), 3044, 3044, 61, 33);
INSERT INTO orders (order_id, created_at, delivery_id, payment_id, supporting_project_id) VALUES (3044, (SELECT projects.start_date + INTERVAL 28 DAY FROM projects WHERE projects.id=61), 1, 3044, 3044);
INSERT INTO supporting_packages(id, option_list, package_count, order_id, project_package_id, supporting_project_id) VALUES (3044, '["확장팩"]', 4, 3044, 61, 3044);
INSERT INTO supporting_projects(supporting_project_id, supported_at, delivery_id, payment_id, project_id, user_id) VALUES (3045, (SELECT projects.start_date + INTERVAL 14 DAY FROM projects WHERE projects.id=61), 3045, 3045, 61, 36);
INSERT INTO orders (order_id, created_at, delivery_id, payment_id, supporting_project_id) VALUES (3045, (SELECT projects.start_date + INTERVAL 14 DAY FROM projects WHERE projects.id=61), 1, 3045, 3045);
INSERT INTO supporting_packages(id, option_list, package_count, order_id, project_package_id, supporting_project_id) VALUES (3045, '["보드 게임"]', 4, 3045, 61, 3045);
INSERT INTO supporting_projects(supporting_project_id, supported_at, delivery_id, payment_id, project_id, user_id) VALUES (3046, (SELECT projects.start_date + INTERVAL 43 DAY FROM projects WHERE projects.id=61), 3046, 3046, 61, 24);
INSERT INTO orders (order_id, created_at, delivery_id, payment_id, supporting_project_id) VALUES (3046, (SELECT projects.start_date + INTERVAL 43 DAY FROM projects WHERE projects.id=61), 1, 3046, 3046);
INSERT INTO supporting_packages(id, option_list, package_count, order_id, project_package_id, supporting_project_id) VALUES (3046, '["보드 게임"]', 5, 3046, 61, 3046);
INSERT INTO supporting_projects(supporting_project_id, supported_at, delivery_id, payment_id, project_id, user_id) VALUES (3047, (SELECT projects.start_date + INTERVAL 23 DAY FROM projects WHERE projects.id=61), 3047, 3047, 61, 27);
INSERT INTO orders (order_id, created_at, delivery_id, payment_id, supporting_project_id) VALUES (3047, (SELECT projects.start_date + INTERVAL 23 DAY FROM projects WHERE projects.id=61), 1, 3047, 3047);
INSERT INTO supporting_packages(id, option_list, package_count, order_id, project_package_id, supporting_project_id) VALUES (3047, '["디지털 게임"]', 2, 3047, 61, 3047);
INSERT INTO supporting_projects(supporting_project_id, supported_at, delivery_id, payment_id, project_id, user_id) VALUES (3048, (SELECT projects.start_date + INTERVAL 3 DAY FROM projects WHERE projects.id=61), 3048, 3048, 61, 35);
INSERT INTO orders (order_id, created_at, delivery_id, payment_id, supporting_project_id) VALUES (3048, (SELECT projects.start_date + INTERVAL 3 DAY FROM projects WHERE projects.id=61), 1, 3048, 3048);
INSERT INTO supporting_packages(id, option_list, package_count, order_id, project_package_id, supporting_project_id) VALUES (3048, '["보드 게임"]', 8, 3048, 61, 3048);
INSERT INTO supporting_projects(supporting_project_id, supported_at, delivery_id, payment_id, project_id, user_id) VALUES (3049, (SELECT projects.start_date + INTERVAL 9 DAY FROM projects WHERE projects.id=61), 3049, 3049, 61, 2);
INSERT INTO orders (order_id, created_at, delivery_id, payment_id, supporting_project_id) VALUES (3049, (SELECT projects.start_date + INTERVAL 9 DAY FROM projects WHERE projects.id=61), 1, 3049, 3049);
INSERT INTO supporting_packages(id, option_list, package_count, order_id, project_package_id, supporting_project_id) VALUES (3049, '["보드 게임"]', 8, 3049, 61, 3049);
INSERT INTO supporting_projects(supporting_project_id, supported_at, delivery_id, payment_id, project_id, user_id) VALUES (3050, (SELECT projects.start_date + INTERVAL 24 DAY FROM projects WHERE projects.id=61), 3050, 3050, 61, 2);
INSERT INTO orders (order_id, created_at, delivery_id, payment_id, supporting_project_id) VALUES (3050, (SELECT projects.start_date + INTERVAL 24 DAY FROM projects WHERE projects.id=61), 1, 3050, 3050);
INSERT INTO supporting_packages(id, option_list, package_count, order_id, project_package_id, supporting_project_id) VALUES (3050, '["보드 게임"]', 2, 3050, 61, 3050);
INSERT INTO supporting_projects(supporting_project_id, supported_at, delivery_id, payment_id, project_id, user_id) VALUES (3051, (SELECT projects.start_date + INTERVAL 7 DAY FROM projects WHERE projects.id=61), 3051, 3051, 61, 29);
INSERT INTO orders (order_id, created_at, delivery_id, payment_id, supporting_project_id) VALUES (3051, (SELECT projects.start_date + INTERVAL 7 DAY FROM projects WHERE projects.id=61), 1, 3051, 3051);
INSERT INTO supporting_packages(id, option_list, package_count, order_id, project_package_id, supporting_project_id) VALUES (3051, '["보드 게임"]', 2, 3051, 61, 3051);
INSERT INTO supporting_projects(supporting_project_id, supported_at, delivery_id, payment_id, project_id, user_id) VALUES (3052, (SELECT projects.start_date + INTERVAL 34 DAY FROM projects WHERE projects.id=61), 3052, 3052, 61, 15);
INSERT INTO orders (order_id, created_at, delivery_id, payment_id, supporting_project_id) VALUES (3052, (SELECT projects.start_date + INTERVAL 34 DAY FROM projects WHERE projects.id=61), 1, 3052, 3052);
INSERT INTO supporting_packages(id, option_list, package_count, order_id, project_package_id, supporting_project_id) VALUES (3052, '["디지털 게임"]', 3, 3052, 61, 3052);
INSERT INTO supporting_projects(supporting_project_id, supported_at, delivery_id, payment_id, project_id, user_id) VALUES (3053, (SELECT projects.start_date + INTERVAL 23 DAY FROM projects WHERE projects.id=61), 3053, 3053, 61, 18);
INSERT INTO orders (order_id, created_at, delivery_id, payment_id, supporting_project_id) VALUES (3053, (SELECT projects.start_date + INTERVAL 23 DAY FROM projects WHERE projects.id=61), 1, 3053, 3053);
INSERT INTO supporting_packages(id, option_list, package_count, order_id, project_package_id, supporting_project_id) VALUES (3053, '["확장팩"]', 6, 3053, 61, 3053);
INSERT INTO supporting_projects(supporting_project_id, supported_at, delivery_id, payment_id, project_id, user_id) VALUES (3054, (SELECT projects.start_date + INTERVAL 40 DAY FROM projects WHERE projects.id=61), 3054, 3054, 61, 6);
INSERT INTO orders (order_id, created_at, delivery_id, payment_id, supporting_project_id) VALUES (3054, (SELECT projects.start_date + INTERVAL 40 DAY FROM projects WHERE projects.id=61), 1, 3054, 3054);
INSERT INTO supporting_packages(id, option_list, package_count, order_id, project_package_id, supporting_project_id) VALUES (3054, '["확장팩"]', 1, 3054, 61, 3054);
INSERT INTO supporting_projects(supporting_project_id, supported_at, delivery_id, payment_id, project_id, user_id) VALUES (3055, (SELECT projects.start_date + INTERVAL 30 DAY FROM projects WHERE projects.id=61), 3055, 3055, 61, 36);
INSERT INTO orders (order_id, created_at, delivery_id, payment_id, supporting_project_id) VALUES (3055, (SELECT projects.start_date + INTERVAL 30 DAY FROM projects WHERE projects.id=61), 1, 3055, 3055);
INSERT INTO supporting_packages(id, option_list, package_count, order_id, project_package_id, supporting_project_id) VALUES (3055, '["보드 게임"]', 9, 3055, 61, 3055);
INSERT INTO supporting_projects(supporting_project_id, supported_at, delivery_id, payment_id, project_id, user_id) VALUES (3056, (SELECT projects.start_date + INTERVAL 41 DAY FROM projects WHERE projects.id=61), 3056, 3056, 61, 6);
INSERT INTO orders (order_id, created_at, delivery_id, payment_id, supporting_project_id) VALUES (3056, (SELECT projects.start_date + INTERVAL 41 DAY FROM projects WHERE projects.id=61), 1, 3056, 3056);
INSERT INTO supporting_packages(id, option_list, package_count, order_id, project_package_id, supporting_project_id) VALUES (3056, '["확장팩"]', 10, 3056, 61, 3056);
INSERT INTO supporting_projects(supporting_project_id, supported_at, delivery_id, payment_id, project_id, user_id) VALUES (3057, (SELECT projects.start_date + INTERVAL 48 DAY FROM projects WHERE projects.id=61), 3057, 3057, 61, 16);
INSERT INTO orders (order_id, created_at, delivery_id, payment_id, supporting_project_id) VALUES (3057, (SELECT projects.start_date + INTERVAL 48 DAY FROM projects WHERE projects.id=61), 1, 3057, 3057);
INSERT INTO supporting_packages(id, option_list, package_count, order_id, project_package_id, supporting_project_id) VALUES (3057, '["확장팩"]', 7, 3057, 61, 3057);
INSERT INTO supporting_projects(supporting_project_id, supported_at, delivery_id, payment_id, project_id, user_id) VALUES (3058, (SELECT projects.start_date + INTERVAL 43 DAY FROM projects WHERE projects.id=61), 3058, 3058, 61, 33);
INSERT INTO orders (order_id, created_at, delivery_id, payment_id, supporting_project_id) VALUES (3058, (SELECT projects.start_date + INTERVAL 43 DAY FROM projects WHERE projects.id=61), 1, 3058, 3058);
INSERT INTO supporting_packages(id, option_list, package_count, order_id, project_package_id, supporting_project_id) VALUES (3058, '["확장팩"]', 10, 3058, 61, 3058);
INSERT INTO supporting_projects(supporting_project_id, supported_at, delivery_id, payment_id, project_id, user_id) VALUES (3059, (SELECT projects.start_date + INTERVAL 25 DAY FROM projects WHERE projects.id=61), 3059, 3059, 61, 29);
INSERT INTO orders (order_id, created_at, delivery_id, payment_id, supporting_project_id) VALUES (3059, (SELECT projects.start_date + INTERVAL 25 DAY FROM projects WHERE projects.id=61), 1, 3059, 3059);
INSERT INTO supporting_packages(id, option_list, package_count, order_id, project_package_id, supporting_project_id) VALUES (3059, '["확장팩"]', 1, 3059, 61, 3059);
INSERT INTO supporting_projects(supporting_project_id, supported_at, delivery_id, payment_id, project_id, user_id) VALUES (3060, (SELECT projects.start_date + INTERVAL 6 DAY FROM projects WHERE projects.id=61), 3060, 3060, 61, 10);
INSERT INTO orders (order_id, created_at, delivery_id, payment_id, supporting_project_id) VALUES (3060, (SELECT projects.start_date + INTERVAL 6 DAY FROM projects WHERE projects.id=61), 1, 3060, 3060);
INSERT INTO supporting_packages(id, option_list, package_count, order_id, project_package_id, supporting_project_id) VALUES (3060, '["보드 게임"]', 1, 3060, 61, 3060);
INSERT INTO supporting_projects(supporting_project_id, supported_at, delivery_id, payment_id, project_id, user_id) VALUES (3061, (SELECT projects.start_date + INTERVAL 49 DAY FROM projects WHERE projects.id=61), 3061, 3061, 61, 14);
INSERT INTO orders (order_id, created_at, delivery_id, payment_id, supporting_project_id) VALUES (3061, (SELECT projects.start_date + INTERVAL 49 DAY FROM projects WHERE projects.id=61), 1, 3061, 3061);
INSERT INTO supporting_packages(id, option_list, package_count, order_id, project_package_id, supporting_project_id) VALUES (3061, '["확장팩"]', 2, 3061, 61, 3061);
INSERT INTO supporting_projects(supporting_project_id, supported_at, delivery_id, payment_id, project_id, user_id) VALUES (3062, (SELECT projects.start_date + INTERVAL 28 DAY FROM projects WHERE projects.id=61), 3062, 3062, 61, 3);
INSERT INTO orders (order_id, created_at, delivery_id, payment_id, supporting_project_id) VALUES (3062, (SELECT projects.start_date + INTERVAL 28 DAY FROM projects WHERE projects.id=61), 1, 3062, 3062);
INSERT INTO supporting_packages(id, option_list, package_count, order_id, project_package_id, supporting_project_id) VALUES (3062, '["확장팩"]', 10, 3062, 61, 3062);
INSERT INTO supporting_projects(supporting_project_id, supported_at, delivery_id, payment_id, project_id, user_id) VALUES (3063, (SELECT projects.start_date + INTERVAL 26 DAY FROM projects WHERE projects.id=61), 3063, 3063, 61, 8);
INSERT INTO orders (order_id, created_at, delivery_id, payment_id, supporting_project_id) VALUES (3063, (SELECT projects.start_date + INTERVAL 26 DAY FROM projects WHERE projects.id=61), 1, 3063, 3063);
INSERT INTO supporting_packages(id, option_list, package_count, order_id, project_package_id, supporting_project_id) VALUES (3063, '["확장팩"]', 3, 3063, 61, 3063);
INSERT INTO supporting_projects(supporting_project_id, supported_at, delivery_id, payment_id, project_id, user_id) VALUES (3064, (SELECT projects.start_date + INTERVAL 9 DAY FROM projects WHERE projects.id=61), 3064, 3064, 61, 25);
INSERT INTO orders (order_id, created_at, delivery_id, payment_id, supporting_project_id) VALUES (3064, (SELECT projects.start_date + INTERVAL 9 DAY FROM projects WHERE projects.id=61), 1, 3064, 3064);
INSERT INTO supporting_packages(id, option_list, package_count, order_id, project_package_id, supporting_project_id) VALUES (3064, '["확장팩"]', 7, 3064, 61, 3064);
INSERT INTO supporting_projects(supporting_project_id, supported_at, delivery_id, payment_id, project_id, user_id) VALUES (3065, (SELECT projects.start_date + INTERVAL 24 DAY FROM projects WHERE projects.id=61), 3065, 3065, 61, 10);
INSERT INTO orders (order_id, created_at, delivery_id, payment_id, supporting_project_id) VALUES (3065, (SELECT projects.start_date + INTERVAL 24 DAY FROM projects WHERE projects.id=61), 1, 3065, 3065);
INSERT INTO supporting_packages(id, option_list, package_count, order_id, project_package_id, supporting_project_id) VALUES (3065, '["확장팩"]', 8, 3065, 61, 3065);
INSERT INTO supporting_projects(supporting_project_id, supported_at, delivery_id, payment_id, project_id, user_id) VALUES (3066, (SELECT projects.start_date + INTERVAL 16 DAY FROM projects WHERE projects.id=61), 3066, 3066, 61, 30);
INSERT INTO orders (order_id, created_at, delivery_id, payment_id, supporting_project_id) VALUES (3066, (SELECT projects.start_date + INTERVAL 16 DAY FROM projects WHERE projects.id=61), 1, 3066, 3066);
INSERT INTO supporting_packages(id, option_list, package_count, order_id, project_package_id, supporting_project_id) VALUES (3066, '["보드 게임"]', 5, 3066, 61, 3066);
INSERT INTO supporting_projects(supporting_project_id, supported_at, delivery_id, payment_id, project_id, user_id) VALUES (3067, (SELECT projects.start_date + INTERVAL 41 DAY FROM projects WHERE projects.id=61), 3067, 3067, 61, 7);
INSERT INTO orders (order_id, created_at, delivery_id, payment_id, supporting_project_id) VALUES (3067, (SELECT projects.start_date + INTERVAL 41 DAY FROM projects WHERE projects.id=61), 1, 3067, 3067);
INSERT INTO supporting_packages(id, option_list, package_count, order_id, project_package_id, supporting_project_id) VALUES (3067, '["보드 게임"]', 10, 3067, 61, 3067);
INSERT INTO supporting_projects(supporting_project_id, supported_at, delivery_id, payment_id, project_id, user_id) VALUES (3068, (SELECT projects.start_date + INTERVAL 9 DAY FROM projects WHERE projects.id=61), 3068, 3068, 61, 28);
INSERT INTO orders (order_id, created_at, delivery_id, payment_id, supporting_project_id) VALUES (3068, (SELECT projects.start_date + INTERVAL 9 DAY FROM projects WHERE projects.id=61), 1, 3068, 3068);
INSERT INTO supporting_packages(id, option_list, package_count, order_id, project_package_id, supporting_project_id) VALUES (3068, '["확장팩"]', 8, 3068, 61, 3068);
INSERT INTO supporting_projects(supporting_project_id, supported_at, delivery_id, payment_id, project_id, user_id) VALUES (3069, (SELECT projects.start_date + INTERVAL 44 DAY FROM projects WHERE projects.id=61), 3069, 3069, 61, 35);
INSERT INTO orders (order_id, created_at, delivery_id, payment_id, supporting_project_id) VALUES (3069, (SELECT projects.start_date + INTERVAL 44 DAY FROM projects WHERE projects.id=61), 1, 3069, 3069);
INSERT INTO supporting_packages(id, option_list, package_count, order_id, project_package_id, supporting_project_id) VALUES (3069, '["보드 게임"]', 8, 3069, 61, 3069);
INSERT INTO supporting_projects(supporting_project_id, supported_at, delivery_id, payment_id, project_id, user_id) VALUES (3070, (SELECT projects.start_date + INTERVAL 2 DAY FROM projects WHERE projects.id=61), 3070, 3070, 61, 9);
INSERT INTO orders (order_id, created_at, delivery_id, payment_id, supporting_project_id) VALUES (3070, (SELECT projects.start_date + INTERVAL 2 DAY FROM projects WHERE projects.id=61), 1, 3070, 3070);
INSERT INTO supporting_packages(id, option_list, package_count, order_id, project_package_id, supporting_project_id) VALUES (3070, '["확장팩"]', 6, 3070, 61, 3070);
INSERT INTO supporting_projects(supporting_project_id, supported_at, delivery_id, payment_id, project_id, user_id) VALUES (3071, (SELECT projects.start_date + INTERVAL 1 DAY FROM projects WHERE projects.id=61), 3071, 3071, 61, 12);
INSERT INTO orders (order_id, created_at, delivery_id, payment_id, supporting_project_id) VALUES (3071, (SELECT projects.start_date + INTERVAL 1 DAY FROM projects WHERE projects.id=61), 1, 3071, 3071);
INSERT INTO supporting_packages(id, option_list, package_count, order_id, project_package_id, supporting_project_id) VALUES (3071, '["확장팩"]', 3, 3071, 61, 3071);
INSERT INTO supporting_projects(supporting_project_id, supported_at, delivery_id, payment_id, project_id, user_id) VALUES (3072, (SELECT projects.start_date + INTERVAL 14 DAY FROM projects WHERE projects.id=61), 3072, 3072, 61, 32);
INSERT INTO orders (order_id, created_at, delivery_id, payment_id, supporting_project_id) VALUES (3072, (SELECT projects.start_date + INTERVAL 14 DAY FROM projects WHERE projects.id=61), 1, 3072, 3072);
INSERT INTO supporting_packages(id, option_list, package_count, order_id, project_package_id, supporting_project_id) VALUES (3072, '["보드 게임"]', 9, 3072, 61, 3072);
INSERT INTO supporting_projects(supporting_project_id, supported_at, delivery_id, payment_id, project_id, user_id) VALUES (3073, (SELECT projects.start_date + INTERVAL 32 DAY FROM projects WHERE projects.id=61), 3073, 3073, 61, 39);
INSERT INTO orders (order_id, created_at, delivery_id, payment_id, supporting_project_id) VALUES (3073, (SELECT projects.start_date + INTERVAL 32 DAY FROM projects WHERE projects.id=61), 1, 3073, 3073);
INSERT INTO supporting_packages(id, option_list, package_count, order_id, project_package_id, supporting_project_id) VALUES (3073, '["디지털 게임"]', 10, 3073, 61, 3073);
INSERT INTO supporting_projects(supporting_project_id, supported_at, delivery_id, payment_id, project_id, user_id) VALUES (3074, (SELECT projects.start_date + INTERVAL 35 DAY FROM projects WHERE projects.id=61), 3074, 3074, 61, 10);
INSERT INTO orders (order_id, created_at, delivery_id, payment_id, supporting_project_id) VALUES (3074, (SELECT projects.start_date + INTERVAL 35 DAY FROM projects WHERE projects.id=61), 1, 3074, 3074);
INSERT INTO supporting_packages(id, option_list, package_count, order_id, project_package_id, supporting_project_id) VALUES (3074, '["확장팩"]', 4, 3074, 61, 3074);
INSERT INTO supporting_projects(supporting_project_id, supported_at, delivery_id, payment_id, project_id, user_id) VALUES (3075, (SELECT projects.start_date + INTERVAL 13 DAY FROM projects WHERE projects.id=61), 3075, 3075, 61, 17);
INSERT INTO orders (order_id, created_at, delivery_id, payment_id, supporting_project_id) VALUES (3075, (SELECT projects.start_date + INTERVAL 13 DAY FROM projects WHERE projects.id=61), 1, 3075, 3075);
INSERT INTO supporting_packages(id, option_list, package_count, order_id, project_package_id, supporting_project_id) VALUES (3075, '["디지털 게임"]', 2, 3075, 61, 3075);
INSERT INTO supporting_projects(supporting_project_id, supported_at, delivery_id, payment_id, project_id, user_id) VALUES (3076, (SELECT projects.start_date + INTERVAL 2 DAY FROM projects WHERE projects.id=61), 3076, 3076, 61, 18);
INSERT INTO orders (order_id, created_at, delivery_id, payment_id, supporting_project_id) VALUES (3076, (SELECT projects.start_date + INTERVAL 2 DAY FROM projects WHERE projects.id=61), 1, 3076, 3076);
INSERT INTO supporting_packages(id, option_list, package_count, order_id, project_package_id, supporting_project_id) VALUES (3076, '["확장팩"]', 10, 3076, 61, 3076);
INSERT INTO supporting_projects(supporting_project_id, supported_at, delivery_id, payment_id, project_id, user_id) VALUES (3077, (SELECT projects.start_date + INTERVAL 11 DAY FROM projects WHERE projects.id=61), 3077, 3077, 61, 11);
INSERT INTO orders (order_id, created_at, delivery_id, payment_id, supporting_project_id) VALUES (3077, (SELECT projects.start_date + INTERVAL 11 DAY FROM projects WHERE projects.id=61), 1, 3077, 3077);
INSERT INTO supporting_packages(id, option_list, package_count, order_id, project_package_id, supporting_project_id) VALUES (3077, '["확장팩"]', 7, 3077, 61, 3077);
INSERT INTO supporting_projects(supporting_project_id, supported_at, delivery_id, payment_id, project_id, user_id) VALUES (3078, (SELECT projects.start_date + INTERVAL 2 DAY FROM projects WHERE projects.id=61), 3078, 3078, 61, 2);
INSERT INTO orders (order_id, created_at, delivery_id, payment_id, supporting_project_id) VALUES (3078, (SELECT projects.start_date + INTERVAL 2 DAY FROM projects WHERE projects.id=61), 1, 3078, 3078);
INSERT INTO supporting_packages(id, option_list, package_count, order_id, project_package_id, supporting_project_id) VALUES (3078, '["디지털 게임"]', 2, 3078, 61, 3078);
INSERT INTO supporting_projects(supporting_project_id, supported_at, delivery_id, payment_id, project_id, user_id) VALUES (3079, (SELECT projects.start_date + INTERVAL 43 DAY FROM projects WHERE projects.id=61), 3079, 3079, 61, 10);
INSERT INTO orders (order_id, created_at, delivery_id, payment_id, supporting_project_id) VALUES (3079, (SELECT projects.start_date + INTERVAL 43 DAY FROM projects WHERE projects.id=61), 1, 3079, 3079);
INSERT INTO supporting_packages(id, option_list, package_count, order_id, project_package_id, supporting_project_id) VALUES (3079, '["확장팩"]', 3, 3079, 61, 3079);
INSERT INTO supporting_projects(supporting_project_id, supported_at, delivery_id, payment_id, project_id, user_id) VALUES (3080, (SELECT projects.start_date + INTERVAL 8 DAY FROM projects WHERE projects.id=61), 3080, 3080, 61, 3);
INSERT INTO orders (order_id, created_at, delivery_id, payment_id, supporting_project_id) VALUES (3080, (SELECT projects.start_date + INTERVAL 8 DAY FROM projects WHERE projects.id=61), 1, 3080, 3080);
INSERT INTO supporting_packages(id, option_list, package_count, order_id, project_package_id, supporting_project_id) VALUES (3080, '["디지털 게임"]', 10, 3080, 61, 3080);
INSERT INTO supporting_projects(supporting_project_id, supported_at, delivery_id, payment_id, project_id, user_id) VALUES (3081, (SELECT projects.start_date + INTERVAL 31 DAY FROM projects WHERE projects.id=61), 3081, 3081, 61, 9);
INSERT INTO orders (order_id, created_at, delivery_id, payment_id, supporting_project_id) VALUES (3081, (SELECT projects.start_date + INTERVAL 31 DAY FROM projects WHERE projects.id=61), 1, 3081, 3081);
INSERT INTO supporting_packages(id, option_list, package_count, order_id, project_package_id, supporting_project_id) VALUES (3081, '["디지털 게임"]', 2, 3081, 61, 3081);
INSERT INTO supporting_projects(supporting_project_id, supported_at, delivery_id, payment_id, project_id, user_id) VALUES (3082, (SELECT projects.start_date + INTERVAL 22 DAY FROM projects WHERE projects.id=61), 3082, 3082, 61, 27);
INSERT INTO orders (order_id, created_at, delivery_id, payment_id, supporting_project_id) VALUES (3082, (SELECT projects.start_date + INTERVAL 22 DAY FROM projects WHERE projects.id=61), 1, 3082, 3082);
INSERT INTO supporting_packages(id, option_list, package_count, order_id, project_package_id, supporting_project_id) VALUES (3082, '["디지털 게임"]', 9, 3082, 61, 3082);
INSERT INTO supporting_projects(supporting_project_id, supported_at, delivery_id, payment_id, project_id, user_id) VALUES (3083, (SELECT projects.start_date + INTERVAL 46 DAY FROM projects WHERE projects.id=61), 3083, 3083, 61, 15);
INSERT INTO orders (order_id, created_at, delivery_id, payment_id, supporting_project_id) VALUES (3083, (SELECT projects.start_date + INTERVAL 46 DAY FROM projects WHERE projects.id=61), 1, 3083, 3083);
INSERT INTO supporting_packages(id, option_list, package_count, order_id, project_package_id, supporting_project_id) VALUES (3083, '["디지털 게임"]', 7, 3083, 61, 3083);
INSERT INTO supporting_projects(supporting_project_id, supported_at, delivery_id, payment_id, project_id, user_id) VALUES (3084, (SELECT projects.start_date + INTERVAL 15 DAY FROM projects WHERE projects.id=61), 3084, 3084, 61, 38);
INSERT INTO orders (order_id, created_at, delivery_id, payment_id, supporting_project_id) VALUES (3084, (SELECT projects.start_date + INTERVAL 15 DAY FROM projects WHERE projects.id=61), 1, 3084, 3084);
INSERT INTO supporting_packages(id, option_list, package_count, order_id, project_package_id, supporting_project_id) VALUES (3084, '["보드 게임"]', 3, 3084, 61, 3084);
INSERT INTO supporting_projects(supporting_project_id, supported_at, delivery_id, payment_id, project_id, user_id) VALUES (3085, (SELECT projects.start_date + INTERVAL 22 DAY FROM projects WHERE projects.id=61), 3085, 3085, 61, 20);
INSERT INTO orders (order_id, created_at, delivery_id, payment_id, supporting_project_id) VALUES (3085, (SELECT projects.start_date + INTERVAL 22 DAY FROM projects WHERE projects.id=61), 1, 3085, 3085);
INSERT INTO supporting_packages(id, option_list, package_count, order_id, project_package_id, supporting_project_id) VALUES (3085, '["확장팩"]', 6, 3085, 61, 3085);
INSERT INTO supporting_projects(supporting_project_id, supported_at, delivery_id, payment_id, project_id, user_id) VALUES (3086, (SELECT projects.start_date + INTERVAL 45 DAY FROM projects WHERE projects.id=61), 3086, 3086, 61, 34);
INSERT INTO orders (order_id, created_at, delivery_id, payment_id, supporting_project_id) VALUES (3086, (SELECT projects.start_date + INTERVAL 45 DAY FROM projects WHERE projects.id=61), 1, 3086, 3086);
INSERT INTO supporting_packages(id, option_list, package_count, order_id, project_package_id, supporting_project_id) VALUES (3086, '["확장팩"]', 6, 3086, 61, 3086);
INSERT INTO supporting_projects(supporting_project_id, supported_at, delivery_id, payment_id, project_id, user_id) VALUES (3087, (SELECT projects.start_date + INTERVAL 26 DAY FROM projects WHERE projects.id=61), 3087, 3087, 61, 26);
INSERT INTO orders (order_id, created_at, delivery_id, payment_id, supporting_project_id) VALUES (3087, (SELECT projects.start_date + INTERVAL 26 DAY FROM projects WHERE projects.id=61), 1, 3087, 3087);
INSERT INTO supporting_packages(id, option_list, package_count, order_id, project_package_id, supporting_project_id) VALUES (3087, '["디지털 게임"]', 5, 3087, 61, 3087);
INSERT INTO supporting_projects(supporting_project_id, supported_at, delivery_id, payment_id, project_id, user_id) VALUES (3088, (SELECT projects.start_date + INTERVAL 17 DAY FROM projects WHERE projects.id=61), 3088, 3088, 61, 5);
INSERT INTO orders (order_id, created_at, delivery_id, payment_id, supporting_project_id) VALUES (3088, (SELECT projects.start_date + INTERVAL 17 DAY FROM projects WHERE projects.id=61), 1, 3088, 3088);
INSERT INTO supporting_packages(id, option_list, package_count, order_id, project_package_id, supporting_project_id) VALUES (3088, '["디지털 게임"]', 2, 3088, 61, 3088);
INSERT INTO supporting_projects(supporting_project_id, supported_at, delivery_id, payment_id, project_id, user_id) VALUES (3089, (SELECT projects.start_date + INTERVAL 40 DAY FROM projects WHERE projects.id=61), 3089, 3089, 61, 15);
INSERT INTO orders (order_id, created_at, delivery_id, payment_id, supporting_project_id) VALUES (3089, (SELECT projects.start_date + INTERVAL 40 DAY FROM projects WHERE projects.id=61), 1, 3089, 3089);
INSERT INTO supporting_packages(id, option_list, package_count, order_id, project_package_id, supporting_project_id) VALUES (3089, '["보드 게임"]', 4, 3089, 61, 3089);
INSERT INTO supporting_projects(supporting_project_id, supported_at, delivery_id, payment_id, project_id, user_id) VALUES (3090, (SELECT projects.start_date + INTERVAL 37 DAY FROM projects WHERE projects.id=61), 3090, 3090, 61, 1);
INSERT INTO orders (order_id, created_at, delivery_id, payment_id, supporting_project_id) VALUES (3090, (SELECT projects.start_date + INTERVAL 37 DAY FROM projects WHERE projects.id=61), 1, 3090, 3090);
INSERT INTO supporting_packages(id, option_list, package_count, order_id, project_package_id, supporting_project_id) VALUES (3090, '["확장팩"]', 2, 3090, 61, 3090);
INSERT INTO supporting_projects(supporting_project_id, supported_at, delivery_id, payment_id, project_id, user_id) VALUES (3091, (SELECT projects.start_date + INTERVAL 21 DAY FROM projects WHERE projects.id=65), 3091, 3091, 65, 38);
INSERT INTO orders (order_id, created_at, delivery_id, payment_id, supporting_project_id) VALUES (3091, (SELECT projects.start_date + INTERVAL 21 DAY FROM projects WHERE projects.id=65), 1, 3091, 3091);
INSERT INTO supporting_packages(id, option_list, package_count, order_id, project_package_id, supporting_project_id) VALUES (3091, '["개인 참가"]', 8, 3091, 65, 3091);
INSERT INTO supporting_projects(supporting_project_id, supported_at, delivery_id, payment_id, project_id, user_id) VALUES (3092, (SELECT projects.start_date + INTERVAL 38 DAY FROM projects WHERE projects.id=65), 3092, 3092, 65, 2);
INSERT INTO orders (order_id, created_at, delivery_id, payment_id, supporting_project_id) VALUES (3092, (SELECT projects.start_date + INTERVAL 38 DAY FROM projects WHERE projects.id=65), 1, 3092, 3092);
INSERT INTO supporting_packages(id, option_list, package_count, order_id, project_package_id, supporting_project_id) VALUES (3092, '["전문가 참가"]', 6, 3092, 65, 3092);
INSERT INTO supporting_projects(supporting_project_id, supported_at, delivery_id, payment_id, project_id, user_id) VALUES (3093, (SELECT projects.start_date + INTERVAL 28 DAY FROM projects WHERE projects.id=65), 3093, 3093, 65, 18);
INSERT INTO orders (order_id, created_at, delivery_id, payment_id, supporting_project_id) VALUES (3093, (SELECT projects.start_date + INTERVAL 28 DAY FROM projects WHERE projects.id=65), 1, 3093, 3093);
INSERT INTO supporting_packages(id, option_list, package_count, order_id, project_package_id, supporting_project_id) VALUES (3093, '["팀 참가"]', 10, 3093, 65, 3093);
INSERT INTO supporting_projects(supporting_project_id, supported_at, delivery_id, payment_id, project_id, user_id) VALUES (3094, (SELECT projects.start_date + INTERVAL 44 DAY FROM projects WHERE projects.id=65), 3094, 3094, 65, 11);
INSERT INTO orders (order_id, created_at, delivery_id, payment_id, supporting_project_id) VALUES (3094, (SELECT projects.start_date + INTERVAL 44 DAY FROM projects WHERE projects.id=65), 1, 3094, 3094);
INSERT INTO supporting_packages(id, option_list, package_count, order_id, project_package_id, supporting_project_id) VALUES (3094, '["개인 참가"]', 1, 3094, 65, 3094);
INSERT INTO supporting_projects(supporting_project_id, supported_at, delivery_id, payment_id, project_id, user_id) VALUES (3095, (SELECT projects.start_date + INTERVAL 26 DAY FROM projects WHERE projects.id=65), 3095, 3095, 65, 39);
INSERT INTO orders (order_id, created_at, delivery_id, payment_id, supporting_project_id) VALUES (3095, (SELECT projects.start_date + INTERVAL 26 DAY FROM projects WHERE projects.id=65), 1, 3095, 3095);
INSERT INTO supporting_packages(id, option_list, package_count, order_id, project_package_id, supporting_project_id) VALUES (3095, '["개인 참가"]', 10, 3095, 65, 3095);
INSERT INTO supporting_projects(supporting_project_id, supported_at, delivery_id, payment_id, project_id, user_id) VALUES (3096, (SELECT projects.start_date + INTERVAL 40 DAY FROM projects WHERE projects.id=65), 3096, 3096, 65, 13);
INSERT INTO orders (order_id, created_at, delivery_id, payment_id, supporting_project_id) VALUES (3096, (SELECT projects.start_date + INTERVAL 40 DAY FROM projects WHERE projects.id=65), 1, 3096, 3096);
INSERT INTO supporting_packages(id, option_list, package_count, order_id, project_package_id, supporting_project_id) VALUES (3096, '["전문가 참가"]', 4, 3096, 65, 3096);
INSERT INTO supporting_projects(supporting_project_id, supported_at, delivery_id, payment_id, project_id, user_id) VALUES (3097, (SELECT projects.start_date + INTERVAL 23 DAY FROM projects WHERE projects.id=65), 3097, 3097, 65, 26);
INSERT INTO orders (order_id, created_at, delivery_id, payment_id, supporting_project_id) VALUES (3097, (SELECT projects.start_date + INTERVAL 23 DAY FROM projects WHERE projects.id=65), 1, 3097, 3097);
INSERT INTO supporting_packages(id, option_list, package_count, order_id, project_package_id, supporting_project_id) VALUES (3097, '["개인 참가"]', 9, 3097, 65, 3097);
INSERT INTO supporting_projects(supporting_project_id, supported_at, delivery_id, payment_id, project_id, user_id) VALUES (3098, (SELECT projects.start_date + INTERVAL 12 DAY FROM projects WHERE projects.id=65), 3098, 3098, 65, 13);
INSERT INTO orders (order_id, created_at, delivery_id, payment_id, supporting_project_id) VALUES (3098, (SELECT projects.start_date + INTERVAL 12 DAY FROM projects WHERE projects.id=65), 1, 3098, 3098);
INSERT INTO supporting_packages(id, option_list, package_count, order_id, project_package_id, supporting_project_id) VALUES (3098, '["팀 참가"]', 6, 3098, 65, 3098);
INSERT INTO supporting_projects(supporting_project_id, supported_at, delivery_id, payment_id, project_id, user_id) VALUES (3099, (SELECT projects.start_date + INTERVAL 19 DAY FROM projects WHERE projects.id=65), 3099, 3099, 65, 4);
INSERT INTO orders (order_id, created_at, delivery_id, payment_id, supporting_project_id) VALUES (3099, (SELECT projects.start_date + INTERVAL 19 DAY FROM projects WHERE projects.id=65), 1, 3099, 3099);
INSERT INTO supporting_packages(id, option_list, package_count, order_id, project_package_id, supporting_project_id) VALUES (3099, '["전문가 참가"]', 6, 3099, 65, 3099);
INSERT INTO supporting_projects(supporting_project_id, supported_at, delivery_id, payment_id, project_id, user_id) VALUES (3100, (SELECT projects.start_date + INTERVAL 31 DAY FROM projects WHERE projects.id=65), 3100, 3100, 65, 3);
INSERT INTO orders (order_id, created_at, delivery_id, payment_id, supporting_project_id) VALUES (3100, (SELECT projects.start_date + INTERVAL 31 DAY FROM projects WHERE projects.id=65), 1, 3100, 3100);
INSERT INTO supporting_packages(id, option_list, package_count, order_id, project_package_id, supporting_project_id) VALUES (3100, '["팀 참가"]', 7, 3100, 65, 3100);
INSERT INTO supporting_projects(supporting_project_id, supported_at, delivery_id, payment_id, project_id, user_id) VALUES (3101, (SELECT projects.start_date + INTERVAL 19 DAY FROM projects WHERE projects.id=65), 3101, 3101, 65, 39);
INSERT INTO orders (order_id, created_at, delivery_id, payment_id, supporting_project_id) VALUES (3101, (SELECT projects.start_date + INTERVAL 19 DAY FROM projects WHERE projects.id=65), 1, 3101, 3101);
INSERT INTO supporting_packages(id, option_list, package_count, order_id, project_package_id, supporting_project_id) VALUES (3101, '["개인 참가"]', 7, 3101, 65, 3101);
INSERT INTO supporting_projects(supporting_project_id, supported_at, delivery_id, payment_id, project_id, user_id) VALUES (3102, (SELECT projects.start_date + INTERVAL 50 DAY FROM projects WHERE projects.id=65), 3102, 3102, 65, 7);
INSERT INTO orders (order_id, created_at, delivery_id, payment_id, supporting_project_id) VALUES (3102, (SELECT projects.start_date + INTERVAL 50 DAY FROM projects WHERE projects.id=65), 1, 3102, 3102);
INSERT INTO supporting_packages(id, option_list, package_count, order_id, project_package_id, supporting_project_id) VALUES (3102, '["팀 참가"]', 6, 3102, 65, 3102);
INSERT INTO supporting_projects(supporting_project_id, supported_at, delivery_id, payment_id, project_id, user_id) VALUES (3103, (SELECT projects.start_date + INTERVAL 37 DAY FROM projects WHERE projects.id=65), 3103, 3103, 65, 1);
INSERT INTO orders (order_id, created_at, delivery_id, payment_id, supporting_project_id) VALUES (3103, (SELECT projects.start_date + INTERVAL 37 DAY FROM projects WHERE projects.id=65), 1, 3103, 3103);
INSERT INTO supporting_packages(id, option_list, package_count, order_id, project_package_id, supporting_project_id) VALUES (3103, '["팀 참가"]', 2, 3103, 65, 3103);
INSERT INTO supporting_projects(supporting_project_id, supported_at, delivery_id, payment_id, project_id, user_id) VALUES (3104, (SELECT projects.start_date + INTERVAL 44 DAY FROM projects WHERE projects.id=65), 3104, 3104, 65, 31);
INSERT INTO orders (order_id, created_at, delivery_id, payment_id, supporting_project_id) VALUES (3104, (SELECT projects.start_date + INTERVAL 44 DAY FROM projects WHERE projects.id=65), 1, 3104, 3104);
INSERT INTO supporting_packages(id, option_list, package_count, order_id, project_package_id, supporting_project_id) VALUES (3104, '["팀 참가"]', 2, 3104, 65, 3104);
INSERT INTO supporting_projects(supporting_project_id, supported_at, delivery_id, payment_id, project_id, user_id) VALUES (3105, (SELECT projects.start_date + INTERVAL 41 DAY FROM projects WHERE projects.id=65), 3105, 3105, 65, 14);
INSERT INTO orders (order_id, created_at, delivery_id, payment_id, supporting_project_id) VALUES (3105, (SELECT projects.start_date + INTERVAL 41 DAY FROM projects WHERE projects.id=65), 1, 3105, 3105);
INSERT INTO supporting_packages(id, option_list, package_count, order_id, project_package_id, supporting_project_id) VALUES (3105, '["전문가 참가"]', 3, 3105, 65, 3105);
INSERT INTO supporting_projects(supporting_project_id, supported_at, delivery_id, payment_id, project_id, user_id) VALUES (3106, (SELECT projects.start_date + INTERVAL 11 DAY FROM projects WHERE projects.id=65), 3106, 3106, 65, 36);
INSERT INTO orders (order_id, created_at, delivery_id, payment_id, supporting_project_id) VALUES (3106, (SELECT projects.start_date + INTERVAL 11 DAY FROM projects WHERE projects.id=65), 1, 3106, 3106);
INSERT INTO supporting_packages(id, option_list, package_count, order_id, project_package_id, supporting_project_id) VALUES (3106, '["개인 참가"]', 9, 3106, 65, 3106);
INSERT INTO supporting_projects(supporting_project_id, supported_at, delivery_id, payment_id, project_id, user_id) VALUES (3107, (SELECT projects.start_date + INTERVAL 17 DAY FROM projects WHERE projects.id=65), 3107, 3107, 65, 19);
INSERT INTO orders (order_id, created_at, delivery_id, payment_id, supporting_project_id) VALUES (3107, (SELECT projects.start_date + INTERVAL 17 DAY FROM projects WHERE projects.id=65), 1, 3107, 3107);
INSERT INTO supporting_packages(id, option_list, package_count, order_id, project_package_id, supporting_project_id) VALUES (3107, '["팀 참가"]', 9, 3107, 65, 3107);
INSERT INTO supporting_projects(supporting_project_id, supported_at, delivery_id, payment_id, project_id, user_id) VALUES (3108, (SELECT projects.start_date + INTERVAL 37 DAY FROM projects WHERE projects.id=65), 3108, 3108, 65, 22);
INSERT INTO orders (order_id, created_at, delivery_id, payment_id, supporting_project_id) VALUES (3108, (SELECT projects.start_date + INTERVAL 37 DAY FROM projects WHERE projects.id=65), 1, 3108, 3108);
INSERT INTO supporting_packages(id, option_list, package_count, order_id, project_package_id, supporting_project_id) VALUES (3108, '["팀 참가"]', 9, 3108, 65, 3108);
INSERT INTO supporting_projects(supporting_project_id, supported_at, delivery_id, payment_id, project_id, user_id) VALUES (3109, (SELECT projects.start_date + INTERVAL 37 DAY FROM projects WHERE projects.id=65), 3109, 3109, 65, 39);
INSERT INTO orders (order_id, created_at, delivery_id, payment_id, supporting_project_id) VALUES (3109, (SELECT projects.start_date + INTERVAL 37 DAY FROM projects WHERE projects.id=65), 1, 3109, 3109);
INSERT INTO supporting_packages(id, option_list, package_count, order_id, project_package_id, supporting_project_id) VALUES (3109, '["팀 참가"]', 2, 3109, 65, 3109);
INSERT INTO supporting_projects(supporting_project_id, supported_at, delivery_id, payment_id, project_id, user_id) VALUES (3110, (SELECT projects.start_date + INTERVAL 22 DAY FROM projects WHERE projects.id=65), 3110, 3110, 65, 35);
INSERT INTO orders (order_id, created_at, delivery_id, payment_id, supporting_project_id) VALUES (3110, (SELECT projects.start_date + INTERVAL 22 DAY FROM projects WHERE projects.id=65), 1, 3110, 3110);
INSERT INTO supporting_packages(id, option_list, package_count, order_id, project_package_id, supporting_project_id) VALUES (3110, '["팀 참가"]', 3, 3110, 65, 3110);
INSERT INTO supporting_projects(supporting_project_id, supported_at, delivery_id, payment_id, project_id, user_id) VALUES (3111, (SELECT projects.start_date + INTERVAL 14 DAY FROM projects WHERE projects.id=65), 3111, 3111, 65, 39);
INSERT INTO orders (order_id, created_at, delivery_id, payment_id, supporting_project_id) VALUES (3111, (SELECT projects.start_date + INTERVAL 14 DAY FROM projects WHERE projects.id=65), 1, 3111, 3111);
INSERT INTO supporting_packages(id, option_list, package_count, order_id, project_package_id, supporting_project_id) VALUES (3111, '["개인 참가"]', 5, 3111, 65, 3111);
INSERT INTO supporting_projects(supporting_project_id, supported_at, delivery_id, payment_id, project_id, user_id) VALUES (3112, (SELECT projects.start_date + INTERVAL 12 DAY FROM projects WHERE projects.id=65), 3112, 3112, 65, 22);
INSERT INTO orders (order_id, created_at, delivery_id, payment_id, supporting_project_id) VALUES (3112, (SELECT projects.start_date + INTERVAL 12 DAY FROM projects WHERE projects.id=65), 1, 3112, 3112);
INSERT INTO supporting_packages(id, option_list, package_count, order_id, project_package_id, supporting_project_id) VALUES (3112, '["전문가 참가"]', 6, 3112, 65, 3112);
INSERT INTO supporting_projects(supporting_project_id, supported_at, delivery_id, payment_id, project_id, user_id) VALUES (3113, (SELECT projects.start_date + INTERVAL 24 DAY FROM projects WHERE projects.id=65), 3113, 3113, 65, 31);
INSERT INTO orders (order_id, created_at, delivery_id, payment_id, supporting_project_id) VALUES (3113, (SELECT projects.start_date + INTERVAL 24 DAY FROM projects WHERE projects.id=65), 1, 3113, 3113);
INSERT INTO supporting_packages(id, option_list, package_count, order_id, project_package_id, supporting_project_id) VALUES (3113, '["개인 참가"]', 8, 3113, 65, 3113);
INSERT INTO supporting_projects(supporting_project_id, supported_at, delivery_id, payment_id, project_id, user_id) VALUES (3114, (SELECT projects.start_date + INTERVAL 9 DAY FROM projects WHERE projects.id=65), 3114, 3114, 65, 37);
INSERT INTO orders (order_id, created_at, delivery_id, payment_id, supporting_project_id) VALUES (3114, (SELECT projects.start_date + INTERVAL 9 DAY FROM projects WHERE projects.id=65), 1, 3114, 3114);
INSERT INTO supporting_packages(id, option_list, package_count, order_id, project_package_id, supporting_project_id) VALUES (3114, '["개인 참가"]', 3, 3114, 65, 3114);
INSERT INTO supporting_projects(supporting_project_id, supported_at, delivery_id, payment_id, project_id, user_id) VALUES (3115, (SELECT projects.start_date + INTERVAL 50 DAY FROM projects WHERE projects.id=65), 3115, 3115, 65, 30);
INSERT INTO orders (order_id, created_at, delivery_id, payment_id, supporting_project_id) VALUES (3115, (SELECT projects.start_date + INTERVAL 50 DAY FROM projects WHERE projects.id=65), 1, 3115, 3115);
INSERT INTO supporting_packages(id, option_list, package_count, order_id, project_package_id, supporting_project_id) VALUES (3115, '["팀 참가"]', 2, 3115, 65, 3115);
INSERT INTO supporting_projects(supporting_project_id, supported_at, delivery_id, payment_id, project_id, user_id) VALUES (3116, (SELECT projects.start_date + INTERVAL 30 DAY FROM projects WHERE projects.id=65), 3116, 3116, 65, 39);
INSERT INTO orders (order_id, created_at, delivery_id, payment_id, supporting_project_id) VALUES (3116, (SELECT projects.start_date + INTERVAL 30 DAY FROM projects WHERE projects.id=65), 1, 3116, 3116);
INSERT INTO supporting_packages(id, option_list, package_count, order_id, project_package_id, supporting_project_id) VALUES (3116, '["개인 참가"]', 3, 3116, 65, 3116);
INSERT INTO supporting_projects(supporting_project_id, supported_at, delivery_id, payment_id, project_id, user_id) VALUES (3117, (SELECT projects.start_date + INTERVAL 42 DAY FROM projects WHERE projects.id=65), 3117, 3117, 65, 18);
INSERT INTO orders (order_id, created_at, delivery_id, payment_id, supporting_project_id) VALUES (3117, (SELECT projects.start_date + INTERVAL 42 DAY FROM projects WHERE projects.id=65), 1, 3117, 3117);
INSERT INTO supporting_packages(id, option_list, package_count, order_id, project_package_id, supporting_project_id) VALUES (3117, '["팀 참가"]', 3, 3117, 65, 3117);
INSERT INTO supporting_projects(supporting_project_id, supported_at, delivery_id, payment_id, project_id, user_id) VALUES (3118, (SELECT projects.start_date + INTERVAL 22 DAY FROM projects WHERE projects.id=65), 3118, 3118, 65, 25);
INSERT INTO orders (order_id, created_at, delivery_id, payment_id, supporting_project_id) VALUES (3118, (SELECT projects.start_date + INTERVAL 22 DAY FROM projects WHERE projects.id=65), 1, 3118, 3118);
INSERT INTO supporting_packages(id, option_list, package_count, order_id, project_package_id, supporting_project_id) VALUES (3118, '["팀 참가"]', 3, 3118, 65, 3118);
INSERT INTO supporting_projects(supporting_project_id, supported_at, delivery_id, payment_id, project_id, user_id) VALUES (3119, (SELECT projects.start_date + INTERVAL 1 DAY FROM projects WHERE projects.id=65), 3119, 3119, 65, 23);
INSERT INTO orders (order_id, created_at, delivery_id, payment_id, supporting_project_id) VALUES (3119, (SELECT projects.start_date + INTERVAL 1 DAY FROM projects WHERE projects.id=65), 1, 3119, 3119);
INSERT INTO supporting_packages(id, option_list, package_count, order_id, project_package_id, supporting_project_id) VALUES (3119, '["개인 참가"]', 6, 3119, 65, 3119);
INSERT INTO supporting_projects(supporting_project_id, supported_at, delivery_id, payment_id, project_id, user_id) VALUES (3120, (SELECT projects.start_date + INTERVAL 47 DAY FROM projects WHERE projects.id=65), 3120, 3120, 65, 1);
INSERT INTO orders (order_id, created_at, delivery_id, payment_id, supporting_project_id) VALUES (3120, (SELECT projects.start_date + INTERVAL 47 DAY FROM projects WHERE projects.id=65), 1, 3120, 3120);
INSERT INTO supporting_packages(id, option_list, package_count, order_id, project_package_id, supporting_project_id) VALUES (3120, '["팀 참가"]', 9, 3120, 65, 3120);
INSERT INTO supporting_projects(supporting_project_id, supported_at, delivery_id, payment_id, project_id, user_id) VALUES (3121, (SELECT projects.start_date + INTERVAL 12 DAY FROM projects WHERE projects.id=65), 3121, 3121, 65, 9);
INSERT INTO orders (order_id, created_at, delivery_id, payment_id, supporting_project_id) VALUES (3121, (SELECT projects.start_date + INTERVAL 12 DAY FROM projects WHERE projects.id=65), 1, 3121, 3121);
INSERT INTO supporting_packages(id, option_list, package_count, order_id, project_package_id, supporting_project_id) VALUES (3121, '["팀 참가"]', 3, 3121, 65, 3121);
INSERT INTO supporting_projects(supporting_project_id, supported_at, delivery_id, payment_id, project_id, user_id) VALUES (3122, (SELECT projects.start_date + INTERVAL 31 DAY FROM projects WHERE projects.id=65), 3122, 3122, 65, 16);
INSERT INTO orders (order_id, created_at, delivery_id, payment_id, supporting_project_id) VALUES (3122, (SELECT projects.start_date + INTERVAL 31 DAY FROM projects WHERE projects.id=65), 1, 3122, 3122);
INSERT INTO supporting_packages(id, option_list, package_count, order_id, project_package_id, supporting_project_id) VALUES (3122, '["개인 참가"]', 9, 3122, 65, 3122);
INSERT INTO supporting_projects(supporting_project_id, supported_at, delivery_id, payment_id, project_id, user_id) VALUES (3123, (SELECT projects.start_date + INTERVAL 14 DAY FROM projects WHERE projects.id=65), 3123, 3123, 65, 4);
INSERT INTO orders (order_id, created_at, delivery_id, payment_id, supporting_project_id) VALUES (3123, (SELECT projects.start_date + INTERVAL 14 DAY FROM projects WHERE projects.id=65), 1, 3123, 3123);
INSERT INTO supporting_packages(id, option_list, package_count, order_id, project_package_id, supporting_project_id) VALUES (3123, '["팀 참가"]', 3, 3123, 65, 3123);
INSERT INTO supporting_projects(supporting_project_id, supported_at, delivery_id, payment_id, project_id, user_id) VALUES (3124, (SELECT projects.start_date + INTERVAL 34 DAY FROM projects WHERE projects.id=65), 3124, 3124, 65, 26);
INSERT INTO orders (order_id, created_at, delivery_id, payment_id, supporting_project_id) VALUES (3124, (SELECT projects.start_date + INTERVAL 34 DAY FROM projects WHERE projects.id=65), 1, 3124, 3124);
INSERT INTO supporting_packages(id, option_list, package_count, order_id, project_package_id, supporting_project_id) VALUES (3124, '["팀 참가"]', 8, 3124, 65, 3124);
INSERT INTO supporting_projects(supporting_project_id, supported_at, delivery_id, payment_id, project_id, user_id) VALUES (3125, (SELECT projects.start_date + INTERVAL 33 DAY FROM projects WHERE projects.id=65), 3125, 3125, 65, 16);
INSERT INTO orders (order_id, created_at, delivery_id, payment_id, supporting_project_id) VALUES (3125, (SELECT projects.start_date + INTERVAL 33 DAY FROM projects WHERE projects.id=65), 1, 3125, 3125);
INSERT INTO supporting_packages(id, option_list, package_count, order_id, project_package_id, supporting_project_id) VALUES (3125, '["팀 참가"]', 7, 3125, 65, 3125);
INSERT INTO supporting_projects(supporting_project_id, supported_at, delivery_id, payment_id, project_id, user_id) VALUES (3126, (SELECT projects.start_date + INTERVAL 32 DAY FROM projects WHERE projects.id=65), 3126, 3126, 65, 11);
INSERT INTO orders (order_id, created_at, delivery_id, payment_id, supporting_project_id) VALUES (3126, (SELECT projects.start_date + INTERVAL 32 DAY FROM projects WHERE projects.id=65), 1, 3126, 3126);
INSERT INTO supporting_packages(id, option_list, package_count, order_id, project_package_id, supporting_project_id) VALUES (3126, '["전문가 참가"]', 3, 3126, 65, 3126);
INSERT INTO supporting_projects(supporting_project_id, supported_at, delivery_id, payment_id, project_id, user_id) VALUES (3127, (SELECT projects.start_date + INTERVAL 27 DAY FROM projects WHERE projects.id=65), 3127, 3127, 65, 11);
INSERT INTO orders (order_id, created_at, delivery_id, payment_id, supporting_project_id) VALUES (3127, (SELECT projects.start_date + INTERVAL 27 DAY FROM projects WHERE projects.id=65), 1, 3127, 3127);
INSERT INTO supporting_packages(id, option_list, package_count, order_id, project_package_id, supporting_project_id) VALUES (3127, '["팀 참가"]', 10, 3127, 65, 3127);
INSERT INTO supporting_projects(supporting_project_id, supported_at, delivery_id, payment_id, project_id, user_id) VALUES (3128, (SELECT projects.start_date + INTERVAL 30 DAY FROM projects WHERE projects.id=65), 3128, 3128, 65, 28);
INSERT INTO orders (order_id, created_at, delivery_id, payment_id, supporting_project_id) VALUES (3128, (SELECT projects.start_date + INTERVAL 30 DAY FROM projects WHERE projects.id=65), 1, 3128, 3128);
INSERT INTO supporting_packages(id, option_list, package_count, order_id, project_package_id, supporting_project_id) VALUES (3128, '["전문가 참가"]', 8, 3128, 65, 3128);
INSERT INTO supporting_projects(supporting_project_id, supported_at, delivery_id, payment_id, project_id, user_id) VALUES (3129, (SELECT projects.start_date + INTERVAL 18 DAY FROM projects WHERE projects.id=65), 3129, 3129, 65, 37);
INSERT INTO orders (order_id, created_at, delivery_id, payment_id, supporting_project_id) VALUES (3129, (SELECT projects.start_date + INTERVAL 18 DAY FROM projects WHERE projects.id=65), 1, 3129, 3129);
INSERT INTO supporting_packages(id, option_list, package_count, order_id, project_package_id, supporting_project_id) VALUES (3129, '["개인 참가"]', 3, 3129, 65, 3129);
INSERT INTO supporting_projects(supporting_project_id, supported_at, delivery_id, payment_id, project_id, user_id) VALUES (3130, (SELECT projects.start_date + INTERVAL 18 DAY FROM projects WHERE projects.id=65), 3130, 3130, 65, 21);
INSERT INTO orders (order_id, created_at, delivery_id, payment_id, supporting_project_id) VALUES (3130, (SELECT projects.start_date + INTERVAL 18 DAY FROM projects WHERE projects.id=65), 1, 3130, 3130);
INSERT INTO supporting_packages(id, option_list, package_count, order_id, project_package_id, supporting_project_id) VALUES (3130, '["팀 참가"]', 7, 3130, 65, 3130);
INSERT INTO supporting_projects(supporting_project_id, supported_at, delivery_id, payment_id, project_id, user_id) VALUES (3131, (SELECT projects.start_date + INTERVAL 10 DAY FROM projects WHERE projects.id=65), 3131, 3131, 65, 33);
INSERT INTO orders (order_id, created_at, delivery_id, payment_id, supporting_project_id) VALUES (3131, (SELECT projects.start_date + INTERVAL 10 DAY FROM projects WHERE projects.id=65), 1, 3131, 3131);
INSERT INTO supporting_packages(id, option_list, package_count, order_id, project_package_id, supporting_project_id) VALUES (3131, '["개인 참가"]', 2, 3131, 65, 3131);
INSERT INTO supporting_projects(supporting_project_id, supported_at, delivery_id, payment_id, project_id, user_id) VALUES (3132, (SELECT projects.start_date + INTERVAL 46 DAY FROM projects WHERE projects.id=65), 3132, 3132, 65, 15);
INSERT INTO orders (order_id, created_at, delivery_id, payment_id, supporting_project_id) VALUES (3132, (SELECT projects.start_date + INTERVAL 46 DAY FROM projects WHERE projects.id=65), 1, 3132, 3132);
INSERT INTO supporting_packages(id, option_list, package_count, order_id, project_package_id, supporting_project_id) VALUES (3132, '["개인 참가"]', 3, 3132, 65, 3132);
INSERT INTO supporting_projects(supporting_project_id, supported_at, delivery_id, payment_id, project_id, user_id) VALUES (3133, (SELECT projects.start_date + INTERVAL 15 DAY FROM projects WHERE projects.id=65), 3133, 3133, 65, 11);
INSERT INTO orders (order_id, created_at, delivery_id, payment_id, supporting_project_id) VALUES (3133, (SELECT projects.start_date + INTERVAL 15 DAY FROM projects WHERE projects.id=65), 1, 3133, 3133);
INSERT INTO supporting_packages(id, option_list, package_count, order_id, project_package_id, supporting_project_id) VALUES (3133, '["전문가 참가"]', 10, 3133, 65, 3133);
INSERT INTO supporting_projects(supporting_project_id, supported_at, delivery_id, payment_id, project_id, user_id) VALUES (3134, (SELECT projects.start_date + INTERVAL 34 DAY FROM projects WHERE projects.id=65), 3134, 3134, 65, 17);
INSERT INTO orders (order_id, created_at, delivery_id, payment_id, supporting_project_id) VALUES (3134, (SELECT projects.start_date + INTERVAL 34 DAY FROM projects WHERE projects.id=65), 1, 3134, 3134);
INSERT INTO supporting_packages(id, option_list, package_count, order_id, project_package_id, supporting_project_id) VALUES (3134, '["전문가 참가"]', 5, 3134, 65, 3134);
INSERT INTO supporting_projects(supporting_project_id, supported_at, delivery_id, payment_id, project_id, user_id) VALUES (3135, (SELECT projects.start_date + INTERVAL 9 DAY FROM projects WHERE projects.id=67), 3135, 3135, 67, 7);
INSERT INTO orders (order_id, created_at, delivery_id, payment_id, supporting_project_id) VALUES (3135, (SELECT projects.start_date + INTERVAL 9 DAY FROM projects WHERE projects.id=67), 1, 3135, 3135);
INSERT INTO supporting_packages(id, option_list, package_count, order_id, project_package_id, supporting_project_id) VALUES (3135, '["CD"]', 8, 3135, 67, 3135);
INSERT INTO supporting_projects(supporting_project_id, supported_at, delivery_id, payment_id, project_id, user_id) VALUES (3136, (SELECT projects.start_date + INTERVAL 17 DAY FROM projects WHERE projects.id=67), 3136, 3136, 67, 3);
INSERT INTO orders (order_id, created_at, delivery_id, payment_id, supporting_project_id) VALUES (3136, (SELECT projects.start_date + INTERVAL 17 DAY FROM projects WHERE projects.id=67), 1, 3136, 3136);
INSERT INTO supporting_packages(id, option_list, package_count, order_id, project_package_id, supporting_project_id) VALUES (3136, '["디지털 다운로드"]', 4, 3136, 67, 3136);
INSERT INTO supporting_projects(supporting_project_id, supported_at, delivery_id, payment_id, project_id, user_id) VALUES (3137, (SELECT projects.start_date + INTERVAL 6 DAY FROM projects WHERE projects.id=67), 3137, 3137, 67, 32);
INSERT INTO orders (order_id, created_at, delivery_id, payment_id, supporting_project_id) VALUES (3137, (SELECT projects.start_date + INTERVAL 6 DAY FROM projects WHERE projects.id=67), 1, 3137, 3137);
INSERT INTO supporting_packages(id, option_list, package_count, order_id, project_package_id, supporting_project_id) VALUES (3137, '["디지털 다운로드"]', 9, 3137, 67, 3137);
INSERT INTO supporting_projects(supporting_project_id, supported_at, delivery_id, payment_id, project_id, user_id) VALUES (3138, (SELECT projects.start_date + INTERVAL 34 DAY FROM projects WHERE projects.id=67), 3138, 3138, 67, 30);
INSERT INTO orders (order_id, created_at, delivery_id, payment_id, supporting_project_id) VALUES (3138, (SELECT projects.start_date + INTERVAL 34 DAY FROM projects WHERE projects.id=67), 1, 3138, 3138);
INSERT INTO supporting_packages(id, option_list, package_count, order_id, project_package_id, supporting_project_id) VALUES (3138, '["LP"]', 8, 3138, 67, 3138);
INSERT INTO supporting_projects(supporting_project_id, supported_at, delivery_id, payment_id, project_id, user_id) VALUES (3139, (SELECT projects.start_date + INTERVAL 29 DAY FROM projects WHERE projects.id=67), 3139, 3139, 67, 32);
INSERT INTO orders (order_id, created_at, delivery_id, payment_id, supporting_project_id) VALUES (3139, (SELECT projects.start_date + INTERVAL 29 DAY FROM projects WHERE projects.id=67), 1, 3139, 3139);
INSERT INTO supporting_packages(id, option_list, package_count, order_id, project_package_id, supporting_project_id) VALUES (3139, '["CD"]', 8, 3139, 67, 3139);
INSERT INTO supporting_projects(supporting_project_id, supported_at, delivery_id, payment_id, project_id, user_id) VALUES (3140, (SELECT projects.start_date + INTERVAL 7 DAY FROM projects WHERE projects.id=67), 3140, 3140, 67, 34);
INSERT INTO orders (order_id, created_at, delivery_id, payment_id, supporting_project_id) VALUES (3140, (SELECT projects.start_date + INTERVAL 7 DAY FROM projects WHERE projects.id=67), 1, 3140, 3140);
INSERT INTO supporting_packages(id, option_list, package_count, order_id, project_package_id, supporting_project_id) VALUES (3140, '["CD"]', 1, 3140, 67, 3140);
INSERT INTO supporting_projects(supporting_project_id, supported_at, delivery_id, payment_id, project_id, user_id) VALUES (3141, (SELECT projects.start_date + INTERVAL 36 DAY FROM projects WHERE projects.id=67), 3141, 3141, 67, 20);
INSERT INTO orders (order_id, created_at, delivery_id, payment_id, supporting_project_id) VALUES (3141, (SELECT projects.start_date + INTERVAL 36 DAY FROM projects WHERE projects.id=67), 1, 3141, 3141);
INSERT INTO supporting_packages(id, option_list, package_count, order_id, project_package_id, supporting_project_id) VALUES (3141, '["LP"]', 9, 3141, 67, 3141);
INSERT INTO supporting_projects(supporting_project_id, supported_at, delivery_id, payment_id, project_id, user_id) VALUES (3142, (SELECT projects.start_date + INTERVAL 17 DAY FROM projects WHERE projects.id=67), 3142, 3142, 67, 6);
INSERT INTO orders (order_id, created_at, delivery_id, payment_id, supporting_project_id) VALUES (3142, (SELECT projects.start_date + INTERVAL 17 DAY FROM projects WHERE projects.id=67), 1, 3142, 3142);
INSERT INTO supporting_packages(id, option_list, package_count, order_id, project_package_id, supporting_project_id) VALUES (3142, '["LP"]', 9, 3142, 67, 3142);
INSERT INTO supporting_projects(supporting_project_id, supported_at, delivery_id, payment_id, project_id, user_id) VALUES (3143, (SELECT projects.start_date + INTERVAL 44 DAY FROM projects WHERE projects.id=67), 3143, 3143, 67, 38);
INSERT INTO orders (order_id, created_at, delivery_id, payment_id, supporting_project_id) VALUES (3143, (SELECT projects.start_date + INTERVAL 44 DAY FROM projects WHERE projects.id=67), 1, 3143, 3143);
INSERT INTO supporting_packages(id, option_list, package_count, order_id, project_package_id, supporting_project_id) VALUES (3143, '["디지털 다운로드"]', 10, 3143, 67, 3143);
INSERT INTO supporting_projects(supporting_project_id, supported_at, delivery_id, payment_id, project_id, user_id) VALUES (3144, (SELECT projects.start_date + INTERVAL 36 DAY FROM projects WHERE projects.id=69), 3144, 3144, 69, 12);
INSERT INTO orders (order_id, created_at, delivery_id, payment_id, supporting_project_id) VALUES (3144, (SELECT projects.start_date + INTERVAL 36 DAY FROM projects WHERE projects.id=69), 1, 3144, 3144);
INSERT INTO supporting_packages(id, option_list, package_count, order_id, project_package_id, supporting_project_id) VALUES (3144, '["온라인"]', 8, 3144, 69, 3144);
INSERT INTO supporting_projects(supporting_project_id, supported_at, delivery_id, payment_id, project_id, user_id) VALUES (3145, (SELECT projects.start_date + INTERVAL 22 DAY FROM projects WHERE projects.id=69), 3145, 3145, 69, 31);
INSERT INTO orders (order_id, created_at, delivery_id, payment_id, supporting_project_id) VALUES (3145, (SELECT projects.start_date + INTERVAL 22 DAY FROM projects WHERE projects.id=69), 1, 3145, 3145);
INSERT INTO supporting_packages(id, option_list, package_count, order_id, project_package_id, supporting_project_id) VALUES (3145, '["온라인"]', 2, 3145, 69, 3145);
INSERT INTO supporting_projects(supporting_project_id, supported_at, delivery_id, payment_id, project_id, user_id) VALUES (3146, (SELECT projects.start_date + INTERVAL 11 DAY FROM projects WHERE projects.id=69), 3146, 3146, 69, 22);
INSERT INTO orders (order_id, created_at, delivery_id, payment_id, supporting_project_id) VALUES (3146, (SELECT projects.start_date + INTERVAL 11 DAY FROM projects WHERE projects.id=69), 1, 3146, 3146);
INSERT INTO supporting_packages(id, option_list, package_count, order_id, project_package_id, supporting_project_id) VALUES (3146, '["온라인"]', 9, 3146, 69, 3146);
INSERT INTO supporting_projects(supporting_project_id, supported_at, delivery_id, payment_id, project_id, user_id) VALUES (3147, (SELECT projects.start_date + INTERVAL 9 DAY FROM projects WHERE projects.id=69), 3147, 3147, 69, 4);
INSERT INTO orders (order_id, created_at, delivery_id, payment_id, supporting_project_id) VALUES (3147, (SELECT projects.start_date + INTERVAL 9 DAY FROM projects WHERE projects.id=69), 1, 3147, 3147);
INSERT INTO supporting_packages(id, option_list, package_count, order_id, project_package_id, supporting_project_id) VALUES (3147, '["일반"]', 4, 3147, 69, 3147);
INSERT INTO supporting_projects(supporting_project_id, supported_at, delivery_id, payment_id, project_id, user_id) VALUES (3148, (SELECT projects.start_date + INTERVAL 3 DAY FROM projects WHERE projects.id=69), 3148, 3148, 69, 28);
INSERT INTO orders (order_id, created_at, delivery_id, payment_id, supporting_project_id) VALUES (3148, (SELECT projects.start_date + INTERVAL 3 DAY FROM projects WHERE projects.id=69), 1, 3148, 3148);
INSERT INTO supporting_packages(id, option_list, package_count, order_id, project_package_id, supporting_project_id) VALUES (3148, '["일반"]', 1, 3148, 69, 3148);
INSERT INTO supporting_projects(supporting_project_id, supported_at, delivery_id, payment_id, project_id, user_id) VALUES (3149, (SELECT projects.start_date + INTERVAL 8 DAY FROM projects WHERE projects.id=69), 3149, 3149, 69, 34);
INSERT INTO orders (order_id, created_at, delivery_id, payment_id, supporting_project_id) VALUES (3149, (SELECT projects.start_date + INTERVAL 8 DAY FROM projects WHERE projects.id=69), 1, 3149, 3149);
INSERT INTO supporting_packages(id, option_list, package_count, order_id, project_package_id, supporting_project_id) VALUES (3149, '["온라인"]', 3, 3149, 69, 3149);
INSERT INTO supporting_projects(supporting_project_id, supported_at, delivery_id, payment_id, project_id, user_id) VALUES (3150, (SELECT projects.start_date + INTERVAL 8 DAY FROM projects WHERE projects.id=69), 3150, 3150, 69, 4);
INSERT INTO orders (order_id, created_at, delivery_id, payment_id, supporting_project_id) VALUES (3150, (SELECT projects.start_date + INTERVAL 8 DAY FROM projects WHERE projects.id=69), 1, 3150, 3150);
INSERT INTO supporting_packages(id, option_list, package_count, order_id, project_package_id, supporting_project_id) VALUES (3150, '["VIP"]', 5, 3150, 69, 3150);
INSERT INTO supporting_projects(supporting_project_id, supported_at, delivery_id, payment_id, project_id, user_id) VALUES (3151, (SELECT projects.start_date + INTERVAL 29 DAY FROM projects WHERE projects.id=69), 3151, 3151, 69, 4);
INSERT INTO orders (order_id, created_at, delivery_id, payment_id, supporting_project_id) VALUES (3151, (SELECT projects.start_date + INTERVAL 29 DAY FROM projects WHERE projects.id=69), 1, 3151, 3151);
INSERT INTO supporting_packages(id, option_list, package_count, order_id, project_package_id, supporting_project_id) VALUES (3151, '["VIP"]', 4, 3151, 69, 3151);
INSERT INTO supporting_projects(supporting_project_id, supported_at, delivery_id, payment_id, project_id, user_id) VALUES (3152, (SELECT projects.start_date + INTERVAL 21 DAY FROM projects WHERE projects.id=69), 3152, 3152, 69, 28);
INSERT INTO orders (order_id, created_at, delivery_id, payment_id, supporting_project_id) VALUES (3152, (SELECT projects.start_date + INTERVAL 21 DAY FROM projects WHERE projects.id=69), 1, 3152, 3152);
INSERT INTO supporting_packages(id, option_list, package_count, order_id, project_package_id, supporting_project_id) VALUES (3152, '["VIP"]', 5, 3152, 69, 3152);
INSERT INTO supporting_projects(supporting_project_id, supported_at, delivery_id, payment_id, project_id, user_id) VALUES (3153, (SELECT projects.start_date + INTERVAL 34 DAY FROM projects WHERE projects.id=69), 3153, 3153, 69, 6);
INSERT INTO orders (order_id, created_at, delivery_id, payment_id, supporting_project_id) VALUES (3153, (SELECT projects.start_date + INTERVAL 34 DAY FROM projects WHERE projects.id=69), 1, 3153, 3153);
INSERT INTO supporting_packages(id, option_list, package_count, order_id, project_package_id, supporting_project_id) VALUES (3153, '["VIP"]', 4, 3153, 69, 3153);
INSERT INTO supporting_projects(supporting_project_id, supported_at, delivery_id, payment_id, project_id, user_id) VALUES (3154, (SELECT projects.start_date + INTERVAL 18 DAY FROM projects WHERE projects.id=69), 3154, 3154, 69, 8);
INSERT INTO orders (order_id, created_at, delivery_id, payment_id, supporting_project_id) VALUES (3154, (SELECT projects.start_date + INTERVAL 18 DAY FROM projects WHERE projects.id=69), 1, 3154, 3154);
INSERT INTO supporting_packages(id, option_list, package_count, order_id, project_package_id, supporting_project_id) VALUES (3154, '["일반"]', 2, 3154, 69, 3154);
INSERT INTO supporting_projects(supporting_project_id, supported_at, delivery_id, payment_id, project_id, user_id) VALUES (3155, (SELECT projects.start_date + INTERVAL 41 DAY FROM projects WHERE projects.id=69), 3155, 3155, 69, 6);
INSERT INTO orders (order_id, created_at, delivery_id, payment_id, supporting_project_id) VALUES (3155, (SELECT projects.start_date + INTERVAL 41 DAY FROM projects WHERE projects.id=69), 1, 3155, 3155);
INSERT INTO supporting_packages(id, option_list, package_count, order_id, project_package_id, supporting_project_id) VALUES (3155, '["일반"]', 7, 3155, 69, 3155);
INSERT INTO supporting_projects(supporting_project_id, supported_at, delivery_id, payment_id, project_id, user_id) VALUES (3156, (SELECT projects.start_date + INTERVAL 1 DAY FROM projects WHERE projects.id=69), 3156, 3156, 69, 30);
INSERT INTO orders (order_id, created_at, delivery_id, payment_id, supporting_project_id) VALUES (3156, (SELECT projects.start_date + INTERVAL 1 DAY FROM projects WHERE projects.id=69), 1, 3156, 3156);
INSERT INTO supporting_packages(id, option_list, package_count, order_id, project_package_id, supporting_project_id) VALUES (3156, '["일반"]', 6, 3156, 69, 3156);
INSERT INTO supporting_projects(supporting_project_id, supported_at, delivery_id, payment_id, project_id, user_id) VALUES (3157, (SELECT projects.start_date + INTERVAL 40 DAY FROM projects WHERE projects.id=69), 3157, 3157, 69, 31);
INSERT INTO orders (order_id, created_at, delivery_id, payment_id, supporting_project_id) VALUES (3157, (SELECT projects.start_date + INTERVAL 40 DAY FROM projects WHERE projects.id=69), 1, 3157, 3157);
INSERT INTO supporting_packages(id, option_list, package_count, order_id, project_package_id, supporting_project_id) VALUES (3157, '["일반"]', 10, 3157, 69, 3157);
INSERT INTO supporting_projects(supporting_project_id, supported_at, delivery_id, payment_id, project_id, user_id) VALUES (3158, (SELECT projects.start_date + INTERVAL 1 DAY FROM projects WHERE projects.id=69), 3158, 3158, 69, 19);
INSERT INTO orders (order_id, created_at, delivery_id, payment_id, supporting_project_id) VALUES (3158, (SELECT projects.start_date + INTERVAL 1 DAY FROM projects WHERE projects.id=69), 1, 3158, 3158);
INSERT INTO supporting_packages(id, option_list, package_count, order_id, project_package_id, supporting_project_id) VALUES (3158, '["일반"]', 6, 3158, 69, 3158);
INSERT INTO supporting_projects(supporting_project_id, supported_at, delivery_id, payment_id, project_id, user_id) VALUES (3159, (SELECT projects.start_date + INTERVAL 19 DAY FROM projects WHERE projects.id=69), 3159, 3159, 69, 9);
INSERT INTO orders (order_id, created_at, delivery_id, payment_id, supporting_project_id) VALUES (3159, (SELECT projects.start_date + INTERVAL 19 DAY FROM projects WHERE projects.id=69), 1, 3159, 3159);
INSERT INTO supporting_packages(id, option_list, package_count, order_id, project_package_id, supporting_project_id) VALUES (3159, '["온라인"]', 6, 3159, 69, 3159);
INSERT INTO supporting_projects(supporting_project_id, supported_at, delivery_id, payment_id, project_id, user_id) VALUES (3160, (SELECT projects.start_date + INTERVAL 9 DAY FROM projects WHERE projects.id=69), 3160, 3160, 69, 14);
INSERT INTO orders (order_id, created_at, delivery_id, payment_id, supporting_project_id) VALUES (3160, (SELECT projects.start_date + INTERVAL 9 DAY FROM projects WHERE projects.id=69), 1, 3160, 3160);
INSERT INTO supporting_packages(id, option_list, package_count, order_id, project_package_id, supporting_project_id) VALUES (3160, '["온라인"]', 2, 3160, 69, 3160);
INSERT INTO supporting_projects(supporting_project_id, supported_at, delivery_id, payment_id, project_id, user_id) VALUES (3161, (SELECT projects.start_date + INTERVAL 5 DAY FROM projects WHERE projects.id=69), 3161, 3161, 69, 13);
INSERT INTO orders (order_id, created_at, delivery_id, payment_id, supporting_project_id) VALUES (3161, (SELECT projects.start_date + INTERVAL 5 DAY FROM projects WHERE projects.id=69), 1, 3161, 3161);
INSERT INTO supporting_packages(id, option_list, package_count, order_id, project_package_id, supporting_project_id) VALUES (3161, '["VIP"]', 3, 3161, 69, 3161);
INSERT INTO supporting_projects(supporting_project_id, supported_at, delivery_id, payment_id, project_id, user_id) VALUES (3162, (SELECT projects.start_date + INTERVAL 2 DAY FROM projects WHERE projects.id=69), 3162, 3162, 69, 15);
INSERT INTO orders (order_id, created_at, delivery_id, payment_id, supporting_project_id) VALUES (3162, (SELECT projects.start_date + INTERVAL 2 DAY FROM projects WHERE projects.id=69), 1, 3162, 3162);
INSERT INTO supporting_packages(id, option_list, package_count, order_id, project_package_id, supporting_project_id) VALUES (3162, '["온라인"]', 1, 3162, 69, 3162);
INSERT INTO supporting_projects(supporting_project_id, supported_at, delivery_id, payment_id, project_id, user_id) VALUES (3163, (SELECT projects.start_date + INTERVAL 12 DAY FROM projects WHERE projects.id=69), 3163, 3163, 69, 1);
INSERT INTO orders (order_id, created_at, delivery_id, payment_id, supporting_project_id) VALUES (3163, (SELECT projects.start_date + INTERVAL 12 DAY FROM projects WHERE projects.id=69), 1, 3163, 3163);
INSERT INTO supporting_packages(id, option_list, package_count, order_id, project_package_id, supporting_project_id) VALUES (3163, '["VIP"]', 6, 3163, 69, 3163);
INSERT INTO supporting_projects(supporting_project_id, supported_at, delivery_id, payment_id, project_id, user_id) VALUES (3164, (SELECT projects.start_date + INTERVAL 30 DAY FROM projects WHERE projects.id=69), 3164, 3164, 69, 32);
INSERT INTO orders (order_id, created_at, delivery_id, payment_id, supporting_project_id) VALUES (3164, (SELECT projects.start_date + INTERVAL 30 DAY FROM projects WHERE projects.id=69), 1, 3164, 3164);
INSERT INTO supporting_packages(id, option_list, package_count, order_id, project_package_id, supporting_project_id) VALUES (3164, '["온라인"]', 10, 3164, 69, 3164);
INSERT INTO supporting_projects(supporting_project_id, supported_at, delivery_id, payment_id, project_id, user_id) VALUES (3165, (SELECT projects.start_date + INTERVAL 14 DAY FROM projects WHERE projects.id=69), 3165, 3165, 69, 29);
INSERT INTO orders (order_id, created_at, delivery_id, payment_id, supporting_project_id) VALUES (3165, (SELECT projects.start_date + INTERVAL 14 DAY FROM projects WHERE projects.id=69), 1, 3165, 3165);
INSERT INTO supporting_packages(id, option_list, package_count, order_id, project_package_id, supporting_project_id) VALUES (3165, '["일반"]', 9, 3165, 69, 3165);
INSERT INTO supporting_projects(supporting_project_id, supported_at, delivery_id, payment_id, project_id, user_id) VALUES (3166, (SELECT projects.start_date + INTERVAL 24 DAY FROM projects WHERE projects.id=69), 3166, 3166, 69, 33);
INSERT INTO orders (order_id, created_at, delivery_id, payment_id, supporting_project_id) VALUES (3166, (SELECT projects.start_date + INTERVAL 24 DAY FROM projects WHERE projects.id=69), 1, 3166, 3166);
INSERT INTO supporting_packages(id, option_list, package_count, order_id, project_package_id, supporting_project_id) VALUES (3166, '["VIP"]', 2, 3166, 69, 3166);
INSERT INTO supporting_projects(supporting_project_id, supported_at, delivery_id, payment_id, project_id, user_id) VALUES (3167, (SELECT projects.start_date + INTERVAL 40 DAY FROM projects WHERE projects.id=69), 3167, 3167, 69, 10);
INSERT INTO orders (order_id, created_at, delivery_id, payment_id, supporting_project_id) VALUES (3167, (SELECT projects.start_date + INTERVAL 40 DAY FROM projects WHERE projects.id=69), 1, 3167, 3167);
INSERT INTO supporting_packages(id, option_list, package_count, order_id, project_package_id, supporting_project_id) VALUES (3167, '["온라인"]', 3, 3167, 69, 3167);
INSERT INTO supporting_projects(supporting_project_id, supported_at, delivery_id, payment_id, project_id, user_id) VALUES (3168, (SELECT projects.start_date + INTERVAL 24 DAY FROM projects WHERE projects.id=69), 3168, 3168, 69, 7);
INSERT INTO orders (order_id, created_at, delivery_id, payment_id, supporting_project_id) VALUES (3168, (SELECT projects.start_date + INTERVAL 24 DAY FROM projects WHERE projects.id=69), 1, 3168, 3168);
INSERT INTO supporting_packages(id, option_list, package_count, order_id, project_package_id, supporting_project_id) VALUES (3168, '["온라인"]', 3, 3168, 69, 3168);
INSERT INTO supporting_projects(supporting_project_id, supported_at, delivery_id, payment_id, project_id, user_id) VALUES (3169, (SELECT projects.start_date + INTERVAL 43 DAY FROM projects WHERE projects.id=69), 3169, 3169, 69, 32);
INSERT INTO orders (order_id, created_at, delivery_id, payment_id, supporting_project_id) VALUES (3169, (SELECT projects.start_date + INTERVAL 43 DAY FROM projects WHERE projects.id=69), 1, 3169, 3169);
INSERT INTO supporting_packages(id, option_list, package_count, order_id, project_package_id, supporting_project_id) VALUES (3169, '["VIP"]', 9, 3169, 69, 3169);
INSERT INTO supporting_projects(supporting_project_id, supported_at, delivery_id, payment_id, project_id, user_id) VALUES (3170, (SELECT projects.start_date + INTERVAL 4 DAY FROM projects WHERE projects.id=69), 3170, 3170, 69, 40);
INSERT INTO orders (order_id, created_at, delivery_id, payment_id, supporting_project_id) VALUES (3170, (SELECT projects.start_date + INTERVAL 4 DAY FROM projects WHERE projects.id=69), 1, 3170, 3170);
INSERT INTO supporting_packages(id, option_list, package_count, order_id, project_package_id, supporting_project_id) VALUES (3170, '["온라인"]', 3, 3170, 69, 3170);
INSERT INTO supporting_projects(supporting_project_id, supported_at, delivery_id, payment_id, project_id, user_id) VALUES (3171, (SELECT projects.start_date + INTERVAL 28 DAY FROM projects WHERE projects.id=69), 3171, 3171, 69, 14);
INSERT INTO orders (order_id, created_at, delivery_id, payment_id, supporting_project_id) VALUES (3171, (SELECT projects.start_date + INTERVAL 28 DAY FROM projects WHERE projects.id=69), 1, 3171, 3171);
INSERT INTO supporting_packages(id, option_list, package_count, order_id, project_package_id, supporting_project_id) VALUES (3171, '["일반"]', 3, 3171, 69, 3171);
INSERT INTO supporting_projects(supporting_project_id, supported_at, delivery_id, payment_id, project_id, user_id) VALUES (3172, (SELECT projects.start_date + INTERVAL 5 DAY FROM projects WHERE projects.id=69), 3172, 3172, 69, 11);
INSERT INTO orders (order_id, created_at, delivery_id, payment_id, supporting_project_id) VALUES (3172, (SELECT projects.start_date + INTERVAL 5 DAY FROM projects WHERE projects.id=69), 1, 3172, 3172);
INSERT INTO supporting_packages(id, option_list, package_count, order_id, project_package_id, supporting_project_id) VALUES (3172, '["일반"]', 10, 3172, 69, 3172);
INSERT INTO supporting_projects(supporting_project_id, supported_at, delivery_id, payment_id, project_id, user_id) VALUES (3173, (SELECT projects.start_date + INTERVAL 27 DAY FROM projects WHERE projects.id=69), 3173, 3173, 69, 1);
INSERT INTO orders (order_id, created_at, delivery_id, payment_id, supporting_project_id) VALUES (3173, (SELECT projects.start_date + INTERVAL 27 DAY FROM projects WHERE projects.id=69), 1, 3173, 3173);
INSERT INTO supporting_packages(id, option_list, package_count, order_id, project_package_id, supporting_project_id) VALUES (3173, '["일반"]', 4, 3173, 69, 3173);
INSERT INTO supporting_projects(supporting_project_id, supported_at, delivery_id, payment_id, project_id, user_id) VALUES (3174, (SELECT projects.start_date + INTERVAL 21 DAY FROM projects WHERE projects.id=69), 3174, 3174, 69, 40);
INSERT INTO orders (order_id, created_at, delivery_id, payment_id, supporting_project_id) VALUES (3174, (SELECT projects.start_date + INTERVAL 21 DAY FROM projects WHERE projects.id=69), 1, 3174, 3174);
INSERT INTO supporting_packages(id, option_list, package_count, order_id, project_package_id, supporting_project_id) VALUES (3174, '["일반"]', 8, 3174, 69, 3174);
INSERT INTO supporting_projects(supporting_project_id, supported_at, delivery_id, payment_id, project_id, user_id) VALUES (3175, (SELECT projects.start_date + INTERVAL 23 DAY FROM projects WHERE projects.id=69), 3175, 3175, 69, 19);
INSERT INTO orders (order_id, created_at, delivery_id, payment_id, supporting_project_id) VALUES (3175, (SELECT projects.start_date + INTERVAL 23 DAY FROM projects WHERE projects.id=69), 1, 3175, 3175);
INSERT INTO supporting_packages(id, option_list, package_count, order_id, project_package_id, supporting_project_id) VALUES (3175, '["온라인"]', 7, 3175, 69, 3175);
INSERT INTO supporting_projects(supporting_project_id, supported_at, delivery_id, payment_id, project_id, user_id) VALUES (3176, (SELECT projects.start_date + INTERVAL 32 DAY FROM projects WHERE projects.id=69), 3176, 3176, 69, 33);
INSERT INTO orders (order_id, created_at, delivery_id, payment_id, supporting_project_id) VALUES (3176, (SELECT projects.start_date + INTERVAL 32 DAY FROM projects WHERE projects.id=69), 1, 3176, 3176);
INSERT INTO supporting_packages(id, option_list, package_count, order_id, project_package_id, supporting_project_id) VALUES (3176, '["온라인"]', 9, 3176, 69, 3176);
INSERT INTO supporting_projects(supporting_project_id, supported_at, delivery_id, payment_id, project_id, user_id) VALUES (3177, (SELECT projects.start_date + INTERVAL 15 DAY FROM projects WHERE projects.id=69), 3177, 3177, 69, 36);
INSERT INTO orders (order_id, created_at, delivery_id, payment_id, supporting_project_id) VALUES (3177, (SELECT projects.start_date + INTERVAL 15 DAY FROM projects WHERE projects.id=69), 1, 3177, 3177);
INSERT INTO supporting_packages(id, option_list, package_count, order_id, project_package_id, supporting_project_id) VALUES (3177, '["온라인"]', 1, 3177, 69, 3177);
INSERT INTO supporting_projects(supporting_project_id, supported_at, delivery_id, payment_id, project_id, user_id) VALUES (3178, (SELECT projects.start_date + INTERVAL 29 DAY FROM projects WHERE projects.id=69), 3178, 3178, 69, 5);
INSERT INTO orders (order_id, created_at, delivery_id, payment_id, supporting_project_id) VALUES (3178, (SELECT projects.start_date + INTERVAL 29 DAY FROM projects WHERE projects.id=69), 1, 3178, 3178);
INSERT INTO supporting_packages(id, option_list, package_count, order_id, project_package_id, supporting_project_id) VALUES (3178, '["온라인"]', 7, 3178, 69, 3178);
INSERT INTO supporting_projects(supporting_project_id, supported_at, delivery_id, payment_id, project_id, user_id) VALUES (3179, (SELECT projects.start_date + INTERVAL 28 DAY FROM projects WHERE projects.id=69), 3179, 3179, 69, 33);
INSERT INTO orders (order_id, created_at, delivery_id, payment_id, supporting_project_id) VALUES (3179, (SELECT projects.start_date + INTERVAL 28 DAY FROM projects WHERE projects.id=69), 1, 3179, 3179);
INSERT INTO supporting_packages(id, option_list, package_count, order_id, project_package_id, supporting_project_id) VALUES (3179, '["온라인"]', 1, 3179, 69, 3179);
INSERT INTO supporting_projects(supporting_project_id, supported_at, delivery_id, payment_id, project_id, user_id) VALUES (3180, (SELECT projects.start_date + INTERVAL 34 DAY FROM projects WHERE projects.id=69), 3180, 3180, 69, 36);
INSERT INTO orders (order_id, created_at, delivery_id, payment_id, supporting_project_id) VALUES (3180, (SELECT projects.start_date + INTERVAL 34 DAY FROM projects WHERE projects.id=69), 1, 3180, 3180);
INSERT INTO supporting_packages(id, option_list, package_count, order_id, project_package_id, supporting_project_id) VALUES (3180, '["온라인"]', 2, 3180, 69, 3180);
INSERT INTO supporting_projects(supporting_project_id, supported_at, delivery_id, payment_id, project_id, user_id) VALUES (3181, (SELECT projects.start_date + INTERVAL 8 DAY FROM projects WHERE projects.id=69), 3181, 3181, 69, 17);
INSERT INTO orders (order_id, created_at, delivery_id, payment_id, supporting_project_id) VALUES (3181, (SELECT projects.start_date + INTERVAL 8 DAY FROM projects WHERE projects.id=69), 1, 3181, 3181);
INSERT INTO supporting_packages(id, option_list, package_count, order_id, project_package_id, supporting_project_id) VALUES (3181, '["VIP"]', 3, 3181, 69, 3181);
INSERT INTO supporting_projects(supporting_project_id, supported_at, delivery_id, payment_id, project_id, user_id) VALUES (3182, (SELECT projects.start_date + INTERVAL 15 DAY FROM projects WHERE projects.id=69), 3182, 3182, 69, 24);
INSERT INTO orders (order_id, created_at, delivery_id, payment_id, supporting_project_id) VALUES (3182, (SELECT projects.start_date + INTERVAL 15 DAY FROM projects WHERE projects.id=69), 1, 3182, 3182);
INSERT INTO supporting_packages(id, option_list, package_count, order_id, project_package_id, supporting_project_id) VALUES (3182, '["일반"]', 4, 3182, 69, 3182);
INSERT INTO supporting_projects(supporting_project_id, supported_at, delivery_id, payment_id, project_id, user_id) VALUES (3183, (SELECT projects.start_date + INTERVAL 33 DAY FROM projects WHERE projects.id=69), 3183, 3183, 69, 6);
INSERT INTO orders (order_id, created_at, delivery_id, payment_id, supporting_project_id) VALUES (3183, (SELECT projects.start_date + INTERVAL 33 DAY FROM projects WHERE projects.id=69), 1, 3183, 3183);
INSERT INTO supporting_packages(id, option_list, package_count, order_id, project_package_id, supporting_project_id) VALUES (3183, '["VIP"]', 9, 3183, 69, 3183);
INSERT INTO supporting_projects(supporting_project_id, supported_at, delivery_id, payment_id, project_id, user_id) VALUES (3184, (SELECT projects.start_date + INTERVAL 49 DAY FROM projects WHERE projects.id=69), 3184, 3184, 69, 16);
INSERT INTO orders (order_id, created_at, delivery_id, payment_id, supporting_project_id) VALUES (3184, (SELECT projects.start_date + INTERVAL 49 DAY FROM projects WHERE projects.id=69), 1, 3184, 3184);
INSERT INTO supporting_packages(id, option_list, package_count, order_id, project_package_id, supporting_project_id) VALUES (3184, '["온라인"]', 8, 3184, 69, 3184);
INSERT INTO supporting_projects(supporting_project_id, supported_at, delivery_id, payment_id, project_id, user_id) VALUES (3185, (SELECT projects.start_date + INTERVAL 16 DAY FROM projects WHERE projects.id=69), 3185, 3185, 69, 20);
INSERT INTO orders (order_id, created_at, delivery_id, payment_id, supporting_project_id) VALUES (3185, (SELECT projects.start_date + INTERVAL 16 DAY FROM projects WHERE projects.id=69), 1, 3185, 3185);
INSERT INTO supporting_packages(id, option_list, package_count, order_id, project_package_id, supporting_project_id) VALUES (3185, '["VIP"]', 7, 3185, 69, 3185);
INSERT INTO supporting_projects(supporting_project_id, supported_at, delivery_id, payment_id, project_id, user_id) VALUES (3186, (SELECT projects.start_date + INTERVAL 14 DAY FROM projects WHERE projects.id=69), 3186, 3186, 69, 33);
INSERT INTO orders (order_id, created_at, delivery_id, payment_id, supporting_project_id) VALUES (3186, (SELECT projects.start_date + INTERVAL 14 DAY FROM projects WHERE projects.id=69), 1, 3186, 3186);
INSERT INTO supporting_packages(id, option_list, package_count, order_id, project_package_id, supporting_project_id) VALUES (3186, '["VIP"]', 9, 3186, 69, 3186);
INSERT INTO supporting_projects(supporting_project_id, supported_at, delivery_id, payment_id, project_id, user_id) VALUES (3187, (SELECT projects.start_date + INTERVAL 32 DAY FROM projects WHERE projects.id=69), 3187, 3187, 69, 36);
INSERT INTO orders (order_id, created_at, delivery_id, payment_id, supporting_project_id) VALUES (3187, (SELECT projects.start_date + INTERVAL 32 DAY FROM projects WHERE projects.id=69), 1, 3187, 3187);
INSERT INTO supporting_packages(id, option_list, package_count, order_id, project_package_id, supporting_project_id) VALUES (3187, '["VIP"]', 2, 3187, 69, 3187);
INSERT INTO supporting_projects(supporting_project_id, supported_at, delivery_id, payment_id, project_id, user_id) VALUES (3188, (SELECT projects.start_date + INTERVAL 14 DAY FROM projects WHERE projects.id=69), 3188, 3188, 69, 9);
INSERT INTO orders (order_id, created_at, delivery_id, payment_id, supporting_project_id) VALUES (3188, (SELECT projects.start_date + INTERVAL 14 DAY FROM projects WHERE projects.id=69), 1, 3188, 3188);
INSERT INTO supporting_packages(id, option_list, package_count, order_id, project_package_id, supporting_project_id) VALUES (3188, '["일반"]', 5, 3188, 69, 3188);
INSERT INTO supporting_projects(supporting_project_id, supported_at, delivery_id, payment_id, project_id, user_id) VALUES (3189, (SELECT projects.start_date + INTERVAL 42 DAY FROM projects WHERE projects.id=69), 3189, 3189, 69, 25);
INSERT INTO orders (order_id, created_at, delivery_id, payment_id, supporting_project_id) VALUES (3189, (SELECT projects.start_date + INTERVAL 42 DAY FROM projects WHERE projects.id=69), 1, 3189, 3189);
INSERT INTO supporting_packages(id, option_list, package_count, order_id, project_package_id, supporting_project_id) VALUES (3189, '["일반"]', 9, 3189, 69, 3189);
INSERT INTO supporting_projects(supporting_project_id, supported_at, delivery_id, payment_id, project_id, user_id) VALUES (3190, (SELECT projects.start_date + INTERVAL 38 DAY FROM projects WHERE projects.id=69), 3190, 3190, 69, 22);
INSERT INTO orders (order_id, created_at, delivery_id, payment_id, supporting_project_id) VALUES (3190, (SELECT projects.start_date + INTERVAL 38 DAY FROM projects WHERE projects.id=69), 1, 3190, 3190);
INSERT INTO supporting_packages(id, option_list, package_count, order_id, project_package_id, supporting_project_id) VALUES (3190, '["일반"]', 6, 3190, 69, 3190);
INSERT INTO supporting_projects(supporting_project_id, supported_at, delivery_id, payment_id, project_id, user_id) VALUES (3191, (SELECT projects.start_date + INTERVAL 44 DAY FROM projects WHERE projects.id=69), 3191, 3191, 69, 35);
INSERT INTO orders (order_id, created_at, delivery_id, payment_id, supporting_project_id) VALUES (3191, (SELECT projects.start_date + INTERVAL 44 DAY FROM projects WHERE projects.id=69), 1, 3191, 3191);
INSERT INTO supporting_packages(id, option_list, package_count, order_id, project_package_id, supporting_project_id) VALUES (3191, '["온라인"]', 1, 3191, 69, 3191);
INSERT INTO supporting_projects(supporting_project_id, supported_at, delivery_id, payment_id, project_id, user_id) VALUES (3192, (SELECT projects.start_date + INTERVAL 37 DAY FROM projects WHERE projects.id=69), 3192, 3192, 69, 18);
INSERT INTO orders (order_id, created_at, delivery_id, payment_id, supporting_project_id) VALUES (3192, (SELECT projects.start_date + INTERVAL 37 DAY FROM projects WHERE projects.id=69), 1, 3192, 3192);
INSERT INTO supporting_packages(id, option_list, package_count, order_id, project_package_id, supporting_project_id) VALUES (3192, '["온라인"]', 9, 3192, 69, 3192);
INSERT INTO supporting_projects(supporting_project_id, supported_at, delivery_id, payment_id, project_id, user_id) VALUES (3193, (SELECT projects.start_date + INTERVAL 48 DAY FROM projects WHERE projects.id=69), 3193, 3193, 69, 40);
INSERT INTO orders (order_id, created_at, delivery_id, payment_id, supporting_project_id) VALUES (3193, (SELECT projects.start_date + INTERVAL 48 DAY FROM projects WHERE projects.id=69), 1, 3193, 3193);
INSERT INTO supporting_packages(id, option_list, package_count, order_id, project_package_id, supporting_project_id) VALUES (3193, '["일반"]', 10, 3193, 69, 3193);
INSERT INTO supporting_projects(supporting_project_id, supported_at, delivery_id, payment_id, project_id, user_id) VALUES (3194, (SELECT projects.start_date + INTERVAL 37 DAY FROM projects WHERE projects.id=69), 3194, 3194, 69, 15);
INSERT INTO orders (order_id, created_at, delivery_id, payment_id, supporting_project_id) VALUES (3194, (SELECT projects.start_date + INTERVAL 37 DAY FROM projects WHERE projects.id=69), 1, 3194, 3194);
INSERT INTO supporting_packages(id, option_list, package_count, order_id, project_package_id, supporting_project_id) VALUES (3194, '["일반"]', 1, 3194, 69, 3194);
INSERT INTO supporting_projects(supporting_project_id, supported_at, delivery_id, payment_id, project_id, user_id) VALUES (3195, (SELECT projects.start_date + INTERVAL 17 DAY FROM projects WHERE projects.id=69), 3195, 3195, 69, 10);
INSERT INTO orders (order_id, created_at, delivery_id, payment_id, supporting_project_id) VALUES (3195, (SELECT projects.start_date + INTERVAL 17 DAY FROM projects WHERE projects.id=69), 1, 3195, 3195);
INSERT INTO supporting_packages(id, option_list, package_count, order_id, project_package_id, supporting_project_id) VALUES (3195, '["VIP"]', 10, 3195, 69, 3195);
INSERT INTO supporting_projects(supporting_project_id, supported_at, delivery_id, payment_id, project_id, user_id) VALUES (3196, (SELECT projects.start_date + INTERVAL 40 DAY FROM projects WHERE projects.id=69), 3196, 3196, 69, 40);
INSERT INTO orders (order_id, created_at, delivery_id, payment_id, supporting_project_id) VALUES (3196, (SELECT projects.start_date + INTERVAL 40 DAY FROM projects WHERE projects.id=69), 1, 3196, 3196);
INSERT INTO supporting_packages(id, option_list, package_count, order_id, project_package_id, supporting_project_id) VALUES (3196, '["일반"]', 4, 3196, 69, 3196);
INSERT INTO supporting_projects(supporting_project_id, supported_at, delivery_id, payment_id, project_id, user_id) VALUES (3197, (SELECT projects.start_date + INTERVAL 3 DAY FROM projects WHERE projects.id=69), 3197, 3197, 69, 40);
INSERT INTO orders (order_id, created_at, delivery_id, payment_id, supporting_project_id) VALUES (3197, (SELECT projects.start_date + INTERVAL 3 DAY FROM projects WHERE projects.id=69), 1, 3197, 3197);
INSERT INTO supporting_packages(id, option_list, package_count, order_id, project_package_id, supporting_project_id) VALUES (3197, '["온라인"]', 10, 3197, 69, 3197);
INSERT INTO supporting_projects(supporting_project_id, supported_at, delivery_id, payment_id, project_id, user_id) VALUES (3198, (SELECT projects.start_date + INTERVAL 4 DAY FROM projects WHERE projects.id=69), 3198, 3198, 69, 26);
INSERT INTO orders (order_id, created_at, delivery_id, payment_id, supporting_project_id) VALUES (3198, (SELECT projects.start_date + INTERVAL 4 DAY FROM projects WHERE projects.id=69), 1, 3198, 3198);
INSERT INTO supporting_packages(id, option_list, package_count, order_id, project_package_id, supporting_project_id) VALUES (3198, '["VIP"]', 7, 3198, 69, 3198);
INSERT INTO supporting_projects(supporting_project_id, supported_at, delivery_id, payment_id, project_id, user_id) VALUES (3199, (SELECT projects.start_date + INTERVAL 12 DAY FROM projects WHERE projects.id=69), 3199, 3199, 69, 15);
INSERT INTO orders (order_id, created_at, delivery_id, payment_id, supporting_project_id) VALUES (3199, (SELECT projects.start_date + INTERVAL 12 DAY FROM projects WHERE projects.id=69), 1, 3199, 3199);
INSERT INTO supporting_packages(id, option_list, package_count, order_id, project_package_id, supporting_project_id) VALUES (3199, '["온라인"]', 6, 3199, 69, 3199);
INSERT INTO supporting_projects(supporting_project_id, supported_at, delivery_id, payment_id, project_id, user_id) VALUES (3200, (SELECT projects.start_date + INTERVAL 44 DAY FROM projects WHERE projects.id=69), 3200, 3200, 69, 8);
INSERT INTO orders (order_id, created_at, delivery_id, payment_id, supporting_project_id) VALUES (3200, (SELECT projects.start_date + INTERVAL 44 DAY FROM projects WHERE projects.id=69), 1, 3200, 3200);
INSERT INTO supporting_packages(id, option_list, package_count, order_id, project_package_id, supporting_project_id) VALUES (3200, '["온라인"]', 9, 3200, 69, 3200);
INSERT INTO supporting_projects(supporting_project_id, supported_at, delivery_id, payment_id, project_id, user_id) VALUES (3201, (SELECT projects.start_date + INTERVAL 28 DAY FROM projects WHERE projects.id=69), 3201, 3201, 69, 20);
INSERT INTO orders (order_id, created_at, delivery_id, payment_id, supporting_project_id) VALUES (3201, (SELECT projects.start_date + INTERVAL 28 DAY FROM projects WHERE projects.id=69), 1, 3201, 3201);
INSERT INTO supporting_packages(id, option_list, package_count, order_id, project_package_id, supporting_project_id) VALUES (3201, '["온라인"]', 5, 3201, 69, 3201);
INSERT INTO supporting_projects(supporting_project_id, supported_at, delivery_id, payment_id, project_id, user_id) VALUES (3202, (SELECT projects.start_date + INTERVAL 43 DAY FROM projects WHERE projects.id=69), 3202, 3202, 69, 7);
INSERT INTO orders (order_id, created_at, delivery_id, payment_id, supporting_project_id) VALUES (3202, (SELECT projects.start_date + INTERVAL 43 DAY FROM projects WHERE projects.id=69), 1, 3202, 3202);
INSERT INTO supporting_packages(id, option_list, package_count, order_id, project_package_id, supporting_project_id) VALUES (3202, '["일반"]', 4, 3202, 69, 3202);
INSERT INTO supporting_projects(supporting_project_id, supported_at, delivery_id, payment_id, project_id, user_id) VALUES (3203, (SELECT projects.start_date + INTERVAL 6 DAY FROM projects WHERE projects.id=69), 3203, 3203, 69, 2);
INSERT INTO orders (order_id, created_at, delivery_id, payment_id, supporting_project_id) VALUES (3203, (SELECT projects.start_date + INTERVAL 6 DAY FROM projects WHERE projects.id=69), 1, 3203, 3203);
INSERT INTO supporting_packages(id, option_list, package_count, order_id, project_package_id, supporting_project_id) VALUES (3203, '["일반"]', 9, 3203, 69, 3203);
INSERT INTO supporting_projects(supporting_project_id, supported_at, delivery_id, payment_id, project_id, user_id) VALUES (3204, (SELECT projects.start_date + INTERVAL 34 DAY FROM projects WHERE projects.id=69), 3204, 3204, 69, 21);
INSERT INTO orders (order_id, created_at, delivery_id, payment_id, supporting_project_id) VALUES (3204, (SELECT projects.start_date + INTERVAL 34 DAY FROM projects WHERE projects.id=69), 1, 3204, 3204);
INSERT INTO supporting_packages(id, option_list, package_count, order_id, project_package_id, supporting_project_id) VALUES (3204, '["일반"]', 1, 3204, 69, 3204);
INSERT INTO supporting_projects(supporting_project_id, supported_at, delivery_id, payment_id, project_id, user_id) VALUES (3205, (SELECT projects.start_date + INTERVAL 39 DAY FROM projects WHERE projects.id=69), 3205, 3205, 69, 7);
INSERT INTO orders (order_id, created_at, delivery_id, payment_id, supporting_project_id) VALUES (3205, (SELECT projects.start_date + INTERVAL 39 DAY FROM projects WHERE projects.id=69), 1, 3205, 3205);
INSERT INTO supporting_packages(id, option_list, package_count, order_id, project_package_id, supporting_project_id) VALUES (3205, '["온라인"]', 7, 3205, 69, 3205);
INSERT INTO supporting_projects(supporting_project_id, supported_at, delivery_id, payment_id, project_id, user_id) VALUES (3206, (SELECT projects.start_date + INTERVAL 5 DAY FROM projects WHERE projects.id=69), 3206, 3206, 69, 9);
INSERT INTO orders (order_id, created_at, delivery_id, payment_id, supporting_project_id) VALUES (3206, (SELECT projects.start_date + INTERVAL 5 DAY FROM projects WHERE projects.id=69), 1, 3206, 3206);
INSERT INTO supporting_packages(id, option_list, package_count, order_id, project_package_id, supporting_project_id) VALUES (3206, '["VIP"]', 10, 3206, 69, 3206);
INSERT INTO supporting_projects(supporting_project_id, supported_at, delivery_id, payment_id, project_id, user_id) VALUES (3207, (SELECT projects.start_date + INTERVAL 14 DAY FROM projects WHERE projects.id=69), 3207, 3207, 69, 29);
INSERT INTO orders (order_id, created_at, delivery_id, payment_id, supporting_project_id) VALUES (3207, (SELECT projects.start_date + INTERVAL 14 DAY FROM projects WHERE projects.id=69), 1, 3207, 3207);
INSERT INTO supporting_packages(id, option_list, package_count, order_id, project_package_id, supporting_project_id) VALUES (3207, '["온라인"]', 5, 3207, 69, 3207);
INSERT INTO supporting_projects(supporting_project_id, supported_at, delivery_id, payment_id, project_id, user_id) VALUES (3208, (SELECT projects.start_date + INTERVAL 25 DAY FROM projects WHERE projects.id=69), 3208, 3208, 69, 16);
INSERT INTO orders (order_id, created_at, delivery_id, payment_id, supporting_project_id) VALUES (3208, (SELECT projects.start_date + INTERVAL 25 DAY FROM projects WHERE projects.id=69), 1, 3208, 3208);
INSERT INTO supporting_packages(id, option_list, package_count, order_id, project_package_id, supporting_project_id) VALUES (3208, '["온라인"]', 7, 3208, 69, 3208);
INSERT INTO supporting_projects(supporting_project_id, supported_at, delivery_id, payment_id, project_id, user_id) VALUES (3209, (SELECT projects.start_date + INTERVAL 19 DAY FROM projects WHERE projects.id=69), 3209, 3209, 69, 25);
INSERT INTO orders (order_id, created_at, delivery_id, payment_id, supporting_project_id) VALUES (3209, (SELECT projects.start_date + INTERVAL 19 DAY FROM projects WHERE projects.id=69), 1, 3209, 3209);
INSERT INTO supporting_packages(id, option_list, package_count, order_id, project_package_id, supporting_project_id) VALUES (3209, '["일반"]', 4, 3209, 69, 3209);
INSERT INTO supporting_projects(supporting_project_id, supported_at, delivery_id, payment_id, project_id, user_id) VALUES (3210, (SELECT projects.start_date + INTERVAL 14 DAY FROM projects WHERE projects.id=69), 3210, 3210, 69, 8);
INSERT INTO orders (order_id, created_at, delivery_id, payment_id, supporting_project_id) VALUES (3210, (SELECT projects.start_date + INTERVAL 14 DAY FROM projects WHERE projects.id=69), 1, 3210, 3210);
INSERT INTO supporting_packages(id, option_list, package_count, order_id, project_package_id, supporting_project_id) VALUES (3210, '["VIP"]', 3, 3210, 69, 3210);
INSERT INTO supporting_projects(supporting_project_id, supported_at, delivery_id, payment_id, project_id, user_id) VALUES (3211, (SELECT projects.start_date + INTERVAL 34 DAY FROM projects WHERE projects.id=69), 3211, 3211, 69, 35);
INSERT INTO orders (order_id, created_at, delivery_id, payment_id, supporting_project_id) VALUES (3211, (SELECT projects.start_date + INTERVAL 34 DAY FROM projects WHERE projects.id=69), 1, 3211, 3211);
INSERT INTO supporting_packages(id, option_list, package_count, order_id, project_package_id, supporting_project_id) VALUES (3211, '["일반"]', 10, 3211, 69, 3211);
INSERT INTO supporting_projects(supporting_project_id, supported_at, delivery_id, payment_id, project_id, user_id) VALUES (3212, (SELECT projects.start_date + INTERVAL 43 DAY FROM projects WHERE projects.id=69), 3212, 3212, 69, 7);
INSERT INTO orders (order_id, created_at, delivery_id, payment_id, supporting_project_id) VALUES (3212, (SELECT projects.start_date + INTERVAL 43 DAY FROM projects WHERE projects.id=69), 1, 3212, 3212);
INSERT INTO supporting_packages(id, option_list, package_count, order_id, project_package_id, supporting_project_id) VALUES (3212, '["VIP"]', 6, 3212, 69, 3212);
INSERT INTO supporting_projects(supporting_project_id, supported_at, delivery_id, payment_id, project_id, user_id) VALUES (3213, (SELECT projects.start_date + INTERVAL 32 DAY FROM projects WHERE projects.id=69), 3213, 3213, 69, 40);
INSERT INTO orders (order_id, created_at, delivery_id, payment_id, supporting_project_id) VALUES (3213, (SELECT projects.start_date + INTERVAL 32 DAY FROM projects WHERE projects.id=69), 1, 3213, 3213);
INSERT INTO supporting_packages(id, option_list, package_count, order_id, project_package_id, supporting_project_id) VALUES (3213, '["VIP"]', 10, 3213, 69, 3213);
INSERT INTO supporting_projects(supporting_project_id, supported_at, delivery_id, payment_id, project_id, user_id) VALUES (3214, (SELECT projects.start_date + INTERVAL 15 DAY FROM projects WHERE projects.id=69), 3214, 3214, 69, 22);
INSERT INTO orders (order_id, created_at, delivery_id, payment_id, supporting_project_id) VALUES (3214, (SELECT projects.start_date + INTERVAL 15 DAY FROM projects WHERE projects.id=69), 1, 3214, 3214);
INSERT INTO supporting_packages(id, option_list, package_count, order_id, project_package_id, supporting_project_id) VALUES (3214, '["일반"]', 1, 3214, 69, 3214);
INSERT INTO supporting_projects(supporting_project_id, supported_at, delivery_id, payment_id, project_id, user_id) VALUES (3215, (SELECT projects.start_date + INTERVAL 43 DAY FROM projects WHERE projects.id=69), 3215, 3215, 69, 20);
INSERT INTO orders (order_id, created_at, delivery_id, payment_id, supporting_project_id) VALUES (3215, (SELECT projects.start_date + INTERVAL 43 DAY FROM projects WHERE projects.id=69), 1, 3215, 3215);
INSERT INTO supporting_packages(id, option_list, package_count, order_id, project_package_id, supporting_project_id) VALUES (3215, '["온라인"]', 7, 3215, 69, 3215);
INSERT INTO supporting_projects(supporting_project_id, supported_at, delivery_id, payment_id, project_id, user_id) VALUES (3216, (SELECT projects.start_date + INTERVAL 19 DAY FROM projects WHERE projects.id=69), 3216, 3216, 69, 16);
INSERT INTO orders (order_id, created_at, delivery_id, payment_id, supporting_project_id) VALUES (3216, (SELECT projects.start_date + INTERVAL 19 DAY FROM projects WHERE projects.id=69), 1, 3216, 3216);
INSERT INTO supporting_packages(id, option_list, package_count, order_id, project_package_id, supporting_project_id) VALUES (3216, '["VIP"]', 9, 3216, 69, 3216);
INSERT INTO supporting_projects(supporting_project_id, supported_at, delivery_id, payment_id, project_id, user_id) VALUES (3217, (SELECT projects.start_date + INTERVAL 18 DAY FROM projects WHERE projects.id=69), 3217, 3217, 69, 26);
INSERT INTO orders (order_id, created_at, delivery_id, payment_id, supporting_project_id) VALUES (3217, (SELECT projects.start_date + INTERVAL 18 DAY FROM projects WHERE projects.id=69), 1, 3217, 3217);
INSERT INTO supporting_packages(id, option_list, package_count, order_id, project_package_id, supporting_project_id) VALUES (3217, '["VIP"]', 7, 3217, 69, 3217);
INSERT INTO supporting_projects(supporting_project_id, supported_at, delivery_id, payment_id, project_id, user_id) VALUES (3218, (SELECT projects.start_date + INTERVAL 14 DAY FROM projects WHERE projects.id=69), 3218, 3218, 69, 15);
INSERT INTO orders (order_id, created_at, delivery_id, payment_id, supporting_project_id) VALUES (3218, (SELECT projects.start_date + INTERVAL 14 DAY FROM projects WHERE projects.id=69), 1, 3218, 3218);
INSERT INTO supporting_packages(id, option_list, package_count, order_id, project_package_id, supporting_project_id) VALUES (3218, '["온라인"]', 7, 3218, 69, 3218);
INSERT INTO supporting_projects(supporting_project_id, supported_at, delivery_id, payment_id, project_id, user_id) VALUES (3219, (SELECT projects.start_date + INTERVAL 3 DAY FROM projects WHERE projects.id=69), 3219, 3219, 69, 7);
INSERT INTO orders (order_id, created_at, delivery_id, payment_id, supporting_project_id) VALUES (3219, (SELECT projects.start_date + INTERVAL 3 DAY FROM projects WHERE projects.id=69), 1, 3219, 3219);
INSERT INTO supporting_packages(id, option_list, package_count, order_id, project_package_id, supporting_project_id) VALUES (3219, '["일반"]', 8, 3219, 69, 3219);
INSERT INTO supporting_projects(supporting_project_id, supported_at, delivery_id, payment_id, project_id, user_id) VALUES (3220, (SELECT projects.start_date + INTERVAL 31 DAY FROM projects WHERE projects.id=69), 3220, 3220, 69, 2);
INSERT INTO orders (order_id, created_at, delivery_id, payment_id, supporting_project_id) VALUES (3220, (SELECT projects.start_date + INTERVAL 31 DAY FROM projects WHERE projects.id=69), 1, 3220, 3220);
INSERT INTO supporting_packages(id, option_list, package_count, order_id, project_package_id, supporting_project_id) VALUES (3220, '["일반"]', 9, 3220, 69, 3220);
INSERT INTO supporting_projects(supporting_project_id, supported_at, delivery_id, payment_id, project_id, user_id) VALUES (3221, (SELECT projects.start_date + INTERVAL 8 DAY FROM projects WHERE projects.id=69), 3221, 3221, 69, 35);
INSERT INTO orders (order_id, created_at, delivery_id, payment_id, supporting_project_id) VALUES (3221, (SELECT projects.start_date + INTERVAL 8 DAY FROM projects WHERE projects.id=69), 1, 3221, 3221);
INSERT INTO supporting_packages(id, option_list, package_count, order_id, project_package_id, supporting_project_id) VALUES (3221, '["온라인"]', 2, 3221, 69, 3221);
INSERT INTO supporting_projects(supporting_project_id, supported_at, delivery_id, payment_id, project_id, user_id) VALUES (3222, (SELECT projects.start_date + INTERVAL 28 DAY FROM projects WHERE projects.id=69), 3222, 3222, 69, 28);
INSERT INTO orders (order_id, created_at, delivery_id, payment_id, supporting_project_id) VALUES (3222, (SELECT projects.start_date + INTERVAL 28 DAY FROM projects WHERE projects.id=69), 1, 3222, 3222);
INSERT INTO supporting_packages(id, option_list, package_count, order_id, project_package_id, supporting_project_id) VALUES (3222, '["일반"]', 2, 3222, 69, 3222);
INSERT INTO supporting_projects(supporting_project_id, supported_at, delivery_id, payment_id, project_id, user_id) VALUES (3223, (SELECT projects.start_date + INTERVAL 21 DAY FROM projects WHERE projects.id=69), 3223, 3223, 69, 5);
INSERT INTO orders (order_id, created_at, delivery_id, payment_id, supporting_project_id) VALUES (3223, (SELECT projects.start_date + INTERVAL 21 DAY FROM projects WHERE projects.id=69), 1, 3223, 3223);
INSERT INTO supporting_packages(id, option_list, package_count, order_id, project_package_id, supporting_project_id) VALUES (3223, '["온라인"]', 1, 3223, 69, 3223);
INSERT INTO supporting_projects(supporting_project_id, supported_at, delivery_id, payment_id, project_id, user_id) VALUES (3224, (SELECT projects.start_date + INTERVAL 46 DAY FROM projects WHERE projects.id=69), 3224, 3224, 69, 40);
INSERT INTO orders (order_id, created_at, delivery_id, payment_id, supporting_project_id) VALUES (3224, (SELECT projects.start_date + INTERVAL 46 DAY FROM projects WHERE projects.id=69), 1, 3224, 3224);
INSERT INTO supporting_packages(id, option_list, package_count, order_id, project_package_id, supporting_project_id) VALUES (3224, '["온라인"]', 5, 3224, 69, 3224);
INSERT INTO supporting_projects(supporting_project_id, supported_at, delivery_id, payment_id, project_id, user_id) VALUES (3225, (SELECT projects.start_date + INTERVAL 46 DAY FROM projects WHERE projects.id=69), 3225, 3225, 69, 36);
INSERT INTO orders (order_id, created_at, delivery_id, payment_id, supporting_project_id) VALUES (3225, (SELECT projects.start_date + INTERVAL 46 DAY FROM projects WHERE projects.id=69), 1, 3225, 3225);
INSERT INTO supporting_packages(id, option_list, package_count, order_id, project_package_id, supporting_project_id) VALUES (3225, '["온라인"]', 1, 3225, 69, 3225);
INSERT INTO supporting_projects(supporting_project_id, supported_at, delivery_id, payment_id, project_id, user_id) VALUES (3226, (SELECT projects.start_date + INTERVAL 13 DAY FROM projects WHERE projects.id=69), 3226, 3226, 69, 4);
INSERT INTO orders (order_id, created_at, delivery_id, payment_id, supporting_project_id) VALUES (3226, (SELECT projects.start_date + INTERVAL 13 DAY FROM projects WHERE projects.id=69), 1, 3226, 3226);
INSERT INTO supporting_packages(id, option_list, package_count, order_id, project_package_id, supporting_project_id) VALUES (3226, '["온라인"]', 1, 3226, 69, 3226);
