INSERT INTO supporting_projects(supporting_project_id, supported_at, delivery_id, payment_id, project_id, user_id) VALUES (1, (SELECT projects.start_date + INTERVAL 16 DAY FROM projects WHERE projects.id=1), 1, 1, 1, 40);
INSERT INTO orders (order_id, created_at, delivery_id, payment_id, supporting_project_id) VALUES (1, (SELECT projects.start_date + INTERVAL 16 DAY FROM projects WHERE projects.id=1), 1, 1, 1);
INSERT INTO supporting_packages(id, option_list, package_count, order_id, project_package_id, supporting_project_id) VALUES (1, '["프리미엄"]', 5, 1, 1, 1);
INSERT INTO supporting_projects(supporting_project_id, supported_at, delivery_id, payment_id, project_id, user_id) VALUES (2, (SELECT projects.start_date + INTERVAL 31 DAY FROM projects WHERE projects.id=1), 1, 2, 1, 24);
INSERT INTO orders (order_id, created_at, delivery_id, payment_id, supporting_project_id) VALUES (2, (SELECT projects.start_date + INTERVAL 31 DAY FROM projects WHERE projects.id=1), 1, 2, 2);
INSERT INTO supporting_packages(id, option_list, package_count, order_id, project_package_id, supporting_project_id) VALUES (2, '["프리미엄"]', 4, 2, 1, 2);
INSERT INTO supporting_projects(supporting_project_id, supported_at, delivery_id, payment_id, project_id, user_id) VALUES (3, (SELECT projects.start_date + INTERVAL 15 DAY FROM projects WHERE projects.id=1), 1, 3, 1, 25);
INSERT INTO orders (order_id, created_at, delivery_id, payment_id, supporting_project_id) VALUES (3, (SELECT projects.start_date + INTERVAL 15 DAY FROM projects WHERE projects.id=1), 1, 3, 3);
INSERT INTO supporting_packages(id, option_list, package_count, order_id, project_package_id, supporting_project_id) VALUES (3, '["프리미엄"]', 7, 3, 1, 3);
INSERT INTO supporting_projects(supporting_project_id, supported_at, delivery_id, payment_id, project_id, user_id) VALUES (4, (SELECT projects.start_date + INTERVAL 34 DAY FROM projects WHERE projects.id=1), 1, 4, 1, 32);
INSERT INTO orders (order_id, created_at, delivery_id, payment_id, supporting_project_id) VALUES (4, (SELECT projects.start_date + INTERVAL 34 DAY FROM projects WHERE projects.id=1), 1, 4, 4);
INSERT INTO supporting_packages(id, option_list, package_count, order_id, project_package_id, supporting_project_id) VALUES (4, '["기본"]', 10, 4, 1, 4);
INSERT INTO supporting_projects(supporting_project_id, supported_at, delivery_id, payment_id, project_id, user_id) VALUES (5, (SELECT projects.start_date + INTERVAL 2 DAY FROM projects WHERE projects.id=1), 1, 5, 1, 8);
INSERT INTO orders (order_id, created_at, delivery_id, payment_id, supporting_project_id) VALUES (5, (SELECT projects.start_date + INTERVAL 2 DAY FROM projects WHERE projects.id=1), 1, 5, 5);
INSERT INTO supporting_packages(id, option_list, package_count, order_id, project_package_id, supporting_project_id) VALUES (5, '["기본"]', 1, 5, 1, 5);
INSERT INTO supporting_projects(supporting_project_id, supported_at, delivery_id, payment_id, project_id, user_id) VALUES (6, (SELECT projects.start_date + INTERVAL 40 DAY FROM projects WHERE projects.id=1), 1, 6, 1, 36);
INSERT INTO orders (order_id, created_at, delivery_id, payment_id, supporting_project_id) VALUES (6, (SELECT projects.start_date + INTERVAL 40 DAY FROM projects WHERE projects.id=1), 1, 6, 6);
INSERT INTO supporting_packages(id, option_list, package_count, order_id, project_package_id, supporting_project_id) VALUES (6, '["기본"]', 6, 6, 1, 6);
INSERT INTO supporting_projects(supporting_project_id, supported_at, delivery_id, payment_id, project_id, user_id) VALUES (7, (SELECT projects.start_date + INTERVAL 44 DAY FROM projects WHERE projects.id=1), 1, 7, 1, 36);
INSERT INTO orders (order_id, created_at, delivery_id, payment_id, supporting_project_id) VALUES (7, (SELECT projects.start_date + INTERVAL 44 DAY FROM projects WHERE projects.id=1), 1, 7, 7);
INSERT INTO supporting_packages(id, option_list, package_count, order_id, project_package_id, supporting_project_id) VALUES (7, '["프리미엄"]', 8, 7, 1, 7);
INSERT INTO supporting_projects(supporting_project_id, supported_at, delivery_id, payment_id, project_id, user_id) VALUES (8, (SELECT projects.start_date + INTERVAL 43 DAY FROM projects WHERE projects.id=1), 1, 8, 1, 8);
INSERT INTO orders (order_id, created_at, delivery_id, payment_id, supporting_project_id) VALUES (8, (SELECT projects.start_date + INTERVAL 43 DAY FROM projects WHERE projects.id=1), 1, 8, 8);
INSERT INTO supporting_packages(id, option_list, package_count, order_id, project_package_id, supporting_project_id) VALUES (8, '["기본"]', 2, 8, 1, 8);
INSERT INTO supporting_projects(supporting_project_id, supported_at, delivery_id, payment_id, project_id, user_id) VALUES (9, (SELECT projects.start_date + INTERVAL 38 DAY FROM projects WHERE projects.id=1), 1, 9, 1, 30);
INSERT INTO orders (order_id, created_at, delivery_id, payment_id, supporting_project_id) VALUES (9, (SELECT projects.start_date + INTERVAL 38 DAY FROM projects WHERE projects.id=1), 1, 9, 9);
INSERT INTO supporting_packages(id, option_list, package_count, order_id, project_package_id, supporting_project_id) VALUES (9, '["기본"]', 9, 9, 1, 9);
INSERT INTO supporting_projects(supporting_project_id, supported_at, delivery_id, payment_id, project_id, user_id) VALUES (10, (SELECT projects.start_date + INTERVAL 13 DAY FROM projects WHERE projects.id=1), 1, 10, 1, 11);
INSERT INTO orders (order_id, created_at, delivery_id, payment_id, supporting_project_id) VALUES (10, (SELECT projects.start_date + INTERVAL 13 DAY FROM projects WHERE projects.id=1), 1, 10, 10);
INSERT INTO supporting_packages(id, option_list, package_count, order_id, project_package_id, supporting_project_id) VALUES (10, '["기본"]', 8, 10, 1, 10);
INSERT INTO supporting_projects(supporting_project_id, supported_at, delivery_id, payment_id, project_id, user_id) VALUES (11, (SELECT projects.start_date + INTERVAL 40 DAY FROM projects WHERE projects.id=1), 1, 11, 1, 31);
INSERT INTO orders (order_id, created_at, delivery_id, payment_id, supporting_project_id) VALUES (11, (SELECT projects.start_date + INTERVAL 40 DAY FROM projects WHERE projects.id=1), 1, 11, 11);
INSERT INTO supporting_packages(id, option_list, package_count, order_id, project_package_id, supporting_project_id) VALUES (11, '["프리미엄"]', 9, 11, 1, 11);
INSERT INTO supporting_projects(supporting_project_id, supported_at, delivery_id, payment_id, project_id, user_id) VALUES (12, (SELECT projects.start_date + INTERVAL 11 DAY FROM projects WHERE projects.id=1), 1, 12, 1, 23);
INSERT INTO orders (order_id, created_at, delivery_id, payment_id, supporting_project_id) VALUES (12, (SELECT projects.start_date + INTERVAL 11 DAY FROM projects WHERE projects.id=1), 1, 12, 12);
INSERT INTO supporting_packages(id, option_list, package_count, order_id, project_package_id, supporting_project_id) VALUES (12, '["프리미엄"]', 9, 12, 1, 12);
INSERT INTO supporting_projects(supporting_project_id, supported_at, delivery_id, payment_id, project_id, user_id) VALUES (13, (SELECT projects.start_date + INTERVAL 13 DAY FROM projects WHERE projects.id=1), 1, 13, 1, 31);
INSERT INTO orders (order_id, created_at, delivery_id, payment_id, supporting_project_id) VALUES (13, (SELECT projects.start_date + INTERVAL 13 DAY FROM projects WHERE projects.id=1), 1, 13, 13);
INSERT INTO supporting_packages(id, option_list, package_count, order_id, project_package_id, supporting_project_id) VALUES (13, '["기본"]', 8, 13, 1, 13);
INSERT INTO supporting_projects(supporting_project_id, supported_at, delivery_id, payment_id, project_id, user_id) VALUES (14, (SELECT projects.start_date + INTERVAL 24 DAY FROM projects WHERE projects.id=1), 1, 14, 1, 9);
INSERT INTO orders (order_id, created_at, delivery_id, payment_id, supporting_project_id) VALUES (14, (SELECT projects.start_date + INTERVAL 24 DAY FROM projects WHERE projects.id=1), 1, 14, 14);
INSERT INTO supporting_packages(id, option_list, package_count, order_id, project_package_id, supporting_project_id) VALUES (14, '["프리미엄"]', 3, 14, 1, 14);
INSERT INTO supporting_projects(supporting_project_id, supported_at, delivery_id, payment_id, project_id, user_id) VALUES (15, (SELECT projects.start_date + INTERVAL 25 DAY FROM projects WHERE projects.id=1), 1, 15, 1, 37);
INSERT INTO orders (order_id, created_at, delivery_id, payment_id, supporting_project_id) VALUES (15, (SELECT projects.start_date + INTERVAL 25 DAY FROM projects WHERE projects.id=1), 1, 15, 15);
INSERT INTO supporting_packages(id, option_list, package_count, order_id, project_package_id, supporting_project_id) VALUES (15, '["프리미엄"]', 7, 15, 1, 15);
INSERT INTO supporting_projects(supporting_project_id, supported_at, delivery_id, payment_id, project_id, user_id) VALUES (16, (SELECT projects.start_date + INTERVAL 24 DAY FROM projects WHERE projects.id=1), 1, 16, 1, 25);
INSERT INTO orders (order_id, created_at, delivery_id, payment_id, supporting_project_id) VALUES (16, (SELECT projects.start_date + INTERVAL 24 DAY FROM projects WHERE projects.id=1), 1, 16, 16);
INSERT INTO supporting_packages(id, option_list, package_count, order_id, project_package_id, supporting_project_id) VALUES (16, '["기본"]', 2, 16, 1, 16);
INSERT INTO supporting_projects(supporting_project_id, supported_at, delivery_id, payment_id, project_id, user_id) VALUES (17, (SELECT projects.start_date + INTERVAL 9 DAY FROM projects WHERE projects.id=1), 1, 17, 1, 29);
INSERT INTO orders (order_id, created_at, delivery_id, payment_id, supporting_project_id) VALUES (17, (SELECT projects.start_date + INTERVAL 9 DAY FROM projects WHERE projects.id=1), 1, 17, 17);
INSERT INTO supporting_packages(id, option_list, package_count, order_id, project_package_id, supporting_project_id) VALUES (17, '["프리미엄"]', 7, 17, 1, 17);
INSERT INTO supporting_projects(supporting_project_id, supported_at, delivery_id, payment_id, project_id, user_id) VALUES (18, (SELECT projects.start_date + INTERVAL 36 DAY FROM projects WHERE projects.id=1), 1, 18, 1, 31);
INSERT INTO orders (order_id, created_at, delivery_id, payment_id, supporting_project_id) VALUES (18, (SELECT projects.start_date + INTERVAL 36 DAY FROM projects WHERE projects.id=1), 1, 18, 18);
INSERT INTO supporting_packages(id, option_list, package_count, order_id, project_package_id, supporting_project_id) VALUES (18, '["프리미엄"]', 7, 18, 1, 18);
INSERT INTO supporting_projects(supporting_project_id, supported_at, delivery_id, payment_id, project_id, user_id) VALUES (19, (SELECT projects.start_date + INTERVAL 42 DAY FROM projects WHERE projects.id=1), 1, 19, 1, 22);
INSERT INTO orders (order_id, created_at, delivery_id, payment_id, supporting_project_id) VALUES (19, (SELECT projects.start_date + INTERVAL 42 DAY FROM projects WHERE projects.id=1), 1, 19, 19);
INSERT INTO supporting_packages(id, option_list, package_count, order_id, project_package_id, supporting_project_id) VALUES (19, '["기본"]', 2, 19, 1, 19);
INSERT INTO supporting_projects(supporting_project_id, supported_at, delivery_id, payment_id, project_id, user_id) VALUES (20, (SELECT projects.start_date + INTERVAL 9 DAY FROM projects WHERE projects.id=1), 1, 20, 1, 29);
INSERT INTO orders (order_id, created_at, delivery_id, payment_id, supporting_project_id) VALUES (20, (SELECT projects.start_date + INTERVAL 9 DAY FROM projects WHERE projects.id=1), 1, 20, 20);
INSERT INTO supporting_packages(id, option_list, package_count, order_id, project_package_id, supporting_project_id) VALUES (20, '["기본"]', 4, 20, 1, 20);
INSERT INTO supporting_projects(supporting_project_id, supported_at, delivery_id, payment_id, project_id, user_id) VALUES (21, (SELECT projects.start_date + INTERVAL 13 DAY FROM projects WHERE projects.id=1), 1, 21, 1, 2);
INSERT INTO orders (order_id, created_at, delivery_id, payment_id, supporting_project_id) VALUES (21, (SELECT projects.start_date + INTERVAL 13 DAY FROM projects WHERE projects.id=1), 1, 21, 21);
INSERT INTO supporting_packages(id, option_list, package_count, order_id, project_package_id, supporting_project_id) VALUES (21, '["기본"]', 7, 21, 1, 21);
INSERT INTO supporting_projects(supporting_project_id, supported_at, delivery_id, payment_id, project_id, user_id) VALUES (22, (SELECT projects.start_date + INTERVAL 49 DAY FROM projects WHERE projects.id=1), 1, 22, 1, 28);
INSERT INTO orders (order_id, created_at, delivery_id, payment_id, supporting_project_id) VALUES (22, (SELECT projects.start_date + INTERVAL 49 DAY FROM projects WHERE projects.id=1), 1, 22, 22);
INSERT INTO supporting_packages(id, option_list, package_count, order_id, project_package_id, supporting_project_id) VALUES (22, '["기본"]', 8, 22, 1, 22);
INSERT INTO supporting_projects(supporting_project_id, supported_at, delivery_id, payment_id, project_id, user_id) VALUES (23, (SELECT projects.start_date + INTERVAL 26 DAY FROM projects WHERE projects.id=1), 1, 23, 1, 35);
INSERT INTO orders (order_id, created_at, delivery_id, payment_id, supporting_project_id) VALUES (23, (SELECT projects.start_date + INTERVAL 26 DAY FROM projects WHERE projects.id=1), 1, 23, 23);
INSERT INTO supporting_packages(id, option_list, package_count, order_id, project_package_id, supporting_project_id) VALUES (23, '["기본"]', 10, 23, 1, 23);
INSERT INTO supporting_projects(supporting_project_id, supported_at, delivery_id, payment_id, project_id, user_id) VALUES (24, (SELECT projects.start_date + INTERVAL 8 DAY FROM projects WHERE projects.id=1), 1, 24, 1, 18);
INSERT INTO orders (order_id, created_at, delivery_id, payment_id, supporting_project_id) VALUES (24, (SELECT projects.start_date + INTERVAL 8 DAY FROM projects WHERE projects.id=1), 1, 24, 24);
INSERT INTO supporting_packages(id, option_list, package_count, order_id, project_package_id, supporting_project_id) VALUES (24, '["프리미엄"]', 8, 24, 1, 24);
INSERT INTO supporting_projects(supporting_project_id, supported_at, delivery_id, payment_id, project_id, user_id) VALUES (25, (SELECT projects.start_date + INTERVAL 33 DAY FROM projects WHERE projects.id=1), 1, 25, 1, 33);
INSERT INTO orders (order_id, created_at, delivery_id, payment_id, supporting_project_id) VALUES (25, (SELECT projects.start_date + INTERVAL 33 DAY FROM projects WHERE projects.id=1), 1, 25, 25);
INSERT INTO supporting_packages(id, option_list, package_count, order_id, project_package_id, supporting_project_id) VALUES (25, '["기본"]', 4, 25, 1, 25);
INSERT INTO supporting_projects(supporting_project_id, supported_at, delivery_id, payment_id, project_id, user_id) VALUES (26, (SELECT projects.start_date + INTERVAL 25 DAY FROM projects WHERE projects.id=1), 1, 26, 1, 8);
INSERT INTO orders (order_id, created_at, delivery_id, payment_id, supporting_project_id) VALUES (26, (SELECT projects.start_date + INTERVAL 25 DAY FROM projects WHERE projects.id=1), 1, 26, 26);
INSERT INTO supporting_packages(id, option_list, package_count, order_id, project_package_id, supporting_project_id) VALUES (26, '["프리미엄"]', 5, 26, 1, 26);
INSERT INTO supporting_projects(supporting_project_id, supported_at, delivery_id, payment_id, project_id, user_id) VALUES (27, (SELECT projects.start_date + INTERVAL 34 DAY FROM projects WHERE projects.id=1), 1, 27, 1, 9);
INSERT INTO orders (order_id, created_at, delivery_id, payment_id, supporting_project_id) VALUES (27, (SELECT projects.start_date + INTERVAL 34 DAY FROM projects WHERE projects.id=1), 1, 27, 27);
INSERT INTO supporting_packages(id, option_list, package_count, order_id, project_package_id, supporting_project_id) VALUES (27, '["프리미엄"]', 2, 27, 1, 27);
INSERT INTO supporting_projects(supporting_project_id, supported_at, delivery_id, payment_id, project_id, user_id) VALUES (28, (SELECT projects.start_date + INTERVAL 25 DAY FROM projects WHERE projects.id=1), 1, 28, 1, 8);
INSERT INTO orders (order_id, created_at, delivery_id, payment_id, supporting_project_id) VALUES (28, (SELECT projects.start_date + INTERVAL 25 DAY FROM projects WHERE projects.id=1), 1, 28, 28);
INSERT INTO supporting_packages(id, option_list, package_count, order_id, project_package_id, supporting_project_id) VALUES (28, '["프리미엄"]', 6, 28, 1, 28);
INSERT INTO supporting_projects(supporting_project_id, supported_at, delivery_id, payment_id, project_id, user_id) VALUES (29, (SELECT projects.start_date + INTERVAL 2 DAY FROM projects WHERE projects.id=1), 1, 29, 1, 28);
INSERT INTO orders (order_id, created_at, delivery_id, payment_id, supporting_project_id) VALUES (29, (SELECT projects.start_date + INTERVAL 2 DAY FROM projects WHERE projects.id=1), 1, 29, 29);
INSERT INTO supporting_packages(id, option_list, package_count, order_id, project_package_id, supporting_project_id) VALUES (29, '["기본"]', 1, 29, 1, 29);
INSERT INTO supporting_projects(supporting_project_id, supported_at, delivery_id, payment_id, project_id, user_id) VALUES (30, (SELECT projects.start_date + INTERVAL 11 DAY FROM projects WHERE projects.id=1), 1, 30, 1, 13);
INSERT INTO orders (order_id, created_at, delivery_id, payment_id, supporting_project_id) VALUES (30, (SELECT projects.start_date + INTERVAL 11 DAY FROM projects WHERE projects.id=1), 1, 30, 30);
INSERT INTO supporting_packages(id, option_list, package_count, order_id, project_package_id, supporting_project_id) VALUES (30, '["기본"]', 8, 30, 1, 30);
INSERT INTO supporting_projects(supporting_project_id, supported_at, delivery_id, payment_id, project_id, user_id) VALUES (31, (SELECT projects.start_date + INTERVAL 29 DAY FROM projects WHERE projects.id=1), 1, 31, 1, 21);
INSERT INTO orders (order_id, created_at, delivery_id, payment_id, supporting_project_id) VALUES (31, (SELECT projects.start_date + INTERVAL 29 DAY FROM projects WHERE projects.id=1), 1, 31, 31);
INSERT INTO supporting_packages(id, option_list, package_count, order_id, project_package_id, supporting_project_id) VALUES (31, '["프리미엄"]', 6, 31, 1, 31);
INSERT INTO supporting_projects(supporting_project_id, supported_at, delivery_id, payment_id, project_id, user_id) VALUES (32, (SELECT projects.start_date + INTERVAL 35 DAY FROM projects WHERE projects.id=1), 1, 32, 1, 11);
INSERT INTO orders (order_id, created_at, delivery_id, payment_id, supporting_project_id) VALUES (32, (SELECT projects.start_date + INTERVAL 35 DAY FROM projects WHERE projects.id=1), 1, 32, 32);
INSERT INTO supporting_packages(id, option_list, package_count, order_id, project_package_id, supporting_project_id) VALUES (32, '["프리미엄"]', 6, 32, 1, 32);
INSERT INTO supporting_projects(supporting_project_id, supported_at, delivery_id, payment_id, project_id, user_id) VALUES (33, (SELECT projects.start_date + INTERVAL 1 DAY FROM projects WHERE projects.id=1), 1, 33, 1, 11);
INSERT INTO orders (order_id, created_at, delivery_id, payment_id, supporting_project_id) VALUES (33, (SELECT projects.start_date + INTERVAL 1 DAY FROM projects WHERE projects.id=1), 1, 33, 33);
INSERT INTO supporting_packages(id, option_list, package_count, order_id, project_package_id, supporting_project_id) VALUES (33, '["프리미엄"]', 4, 33, 1, 33);
INSERT INTO supporting_projects(supporting_project_id, supported_at, delivery_id, payment_id, project_id, user_id) VALUES (34, (SELECT projects.start_date + INTERVAL 11 DAY FROM projects WHERE projects.id=1), 1, 34, 1, 26);
INSERT INTO orders (order_id, created_at, delivery_id, payment_id, supporting_project_id) VALUES (34, (SELECT projects.start_date + INTERVAL 11 DAY FROM projects WHERE projects.id=1), 1, 34, 34);
INSERT INTO supporting_packages(id, option_list, package_count, order_id, project_package_id, supporting_project_id) VALUES (34, '["프리미엄"]', 6, 34, 1, 34);
INSERT INTO supporting_projects(supporting_project_id, supported_at, delivery_id, payment_id, project_id, user_id) VALUES (35, (SELECT projects.start_date + INTERVAL 36 DAY FROM projects WHERE projects.id=1), 1, 35, 1, 5);
INSERT INTO orders (order_id, created_at, delivery_id, payment_id, supporting_project_id) VALUES (35, (SELECT projects.start_date + INTERVAL 36 DAY FROM projects WHERE projects.id=1), 1, 35, 35);
INSERT INTO supporting_packages(id, option_list, package_count, order_id, project_package_id, supporting_project_id) VALUES (35, '["기본"]', 5, 35, 1, 35);
INSERT INTO supporting_projects(supporting_project_id, supported_at, delivery_id, payment_id, project_id, user_id) VALUES (36, (SELECT projects.start_date + INTERVAL 30 DAY FROM projects WHERE projects.id=1), 1, 36, 1, 7);
INSERT INTO orders (order_id, created_at, delivery_id, payment_id, supporting_project_id) VALUES (36, (SELECT projects.start_date + INTERVAL 30 DAY FROM projects WHERE projects.id=1), 1, 36, 36);
INSERT INTO supporting_packages(id, option_list, package_count, order_id, project_package_id, supporting_project_id) VALUES (36, '["프리미엄"]', 10, 36, 1, 36);
INSERT INTO supporting_projects(supporting_project_id, supported_at, delivery_id, payment_id, project_id, user_id) VALUES (37, (SELECT projects.start_date + INTERVAL 12 DAY FROM projects WHERE projects.id=1), 1, 37, 1, 18);
INSERT INTO orders (order_id, created_at, delivery_id, payment_id, supporting_project_id) VALUES (37, (SELECT projects.start_date + INTERVAL 12 DAY FROM projects WHERE projects.id=1), 1, 37, 37);
INSERT INTO supporting_packages(id, option_list, package_count, order_id, project_package_id, supporting_project_id) VALUES (37, '["프리미엄"]', 2, 37, 1, 37);
INSERT INTO supporting_projects(supporting_project_id, supported_at, delivery_id, payment_id, project_id, user_id) VALUES (38, (SELECT projects.start_date + INTERVAL 43 DAY FROM projects WHERE projects.id=1), 1, 38, 1, 37);
INSERT INTO orders (order_id, created_at, delivery_id, payment_id, supporting_project_id) VALUES (38, (SELECT projects.start_date + INTERVAL 43 DAY FROM projects WHERE projects.id=1), 1, 38, 38);
INSERT INTO supporting_packages(id, option_list, package_count, order_id, project_package_id, supporting_project_id) VALUES (38, '["프리미엄"]', 4, 38, 1, 38);
INSERT INTO supporting_projects(supporting_project_id, supported_at, delivery_id, payment_id, project_id, user_id) VALUES (39, (SELECT projects.start_date + INTERVAL 38 DAY FROM projects WHERE projects.id=1), 1, 39, 1, 25);
INSERT INTO orders (order_id, created_at, delivery_id, payment_id, supporting_project_id) VALUES (39, (SELECT projects.start_date + INTERVAL 38 DAY FROM projects WHERE projects.id=1), 1, 39, 39);
INSERT INTO supporting_packages(id, option_list, package_count, order_id, project_package_id, supporting_project_id) VALUES (39, '["기본"]', 9, 39, 1, 39);
INSERT INTO supporting_projects(supporting_project_id, supported_at, delivery_id, payment_id, project_id, user_id) VALUES (40, (SELECT projects.start_date + INTERVAL 11 DAY FROM projects WHERE projects.id=1), 1, 40, 1, 29);
INSERT INTO orders (order_id, created_at, delivery_id, payment_id, supporting_project_id) VALUES (40, (SELECT projects.start_date + INTERVAL 11 DAY FROM projects WHERE projects.id=1), 1, 40, 40);
INSERT INTO supporting_packages(id, option_list, package_count, order_id, project_package_id, supporting_project_id) VALUES (40, '["기본"]', 5, 40, 1, 40);
INSERT INTO supporting_projects(supporting_project_id, supported_at, delivery_id, payment_id, project_id, user_id) VALUES (41, (SELECT projects.start_date + INTERVAL 37 DAY FROM projects WHERE projects.id=1), 1, 41, 1, 19);
INSERT INTO orders (order_id, created_at, delivery_id, payment_id, supporting_project_id) VALUES (41, (SELECT projects.start_date + INTERVAL 37 DAY FROM projects WHERE projects.id=1), 1, 41, 41);
INSERT INTO supporting_packages(id, option_list, package_count, order_id, project_package_id, supporting_project_id) VALUES (41, '["기본"]', 1, 41, 1, 41);
INSERT INTO supporting_projects(supporting_project_id, supported_at, delivery_id, payment_id, project_id, user_id) VALUES (42, (SELECT projects.start_date + INTERVAL 42 DAY FROM projects WHERE projects.id=1), 1, 42, 1, 37);
INSERT INTO orders (order_id, created_at, delivery_id, payment_id, supporting_project_id) VALUES (42, (SELECT projects.start_date + INTERVAL 42 DAY FROM projects WHERE projects.id=1), 1, 42, 42);
INSERT INTO supporting_packages(id, option_list, package_count, order_id, project_package_id, supporting_project_id) VALUES (42, '["기본"]', 5, 42, 1, 42);
INSERT INTO supporting_projects(supporting_project_id, supported_at, delivery_id, payment_id, project_id, user_id) VALUES (43, (SELECT projects.start_date + INTERVAL 24 DAY FROM projects WHERE projects.id=1), 1, 43, 1, 2);
INSERT INTO orders (order_id, created_at, delivery_id, payment_id, supporting_project_id) VALUES (43, (SELECT projects.start_date + INTERVAL 24 DAY FROM projects WHERE projects.id=1), 1, 43, 43);
INSERT INTO supporting_packages(id, option_list, package_count, order_id, project_package_id, supporting_project_id) VALUES (43, '["기본"]', 3, 43, 1, 43);
INSERT INTO supporting_projects(supporting_project_id, supported_at, delivery_id, payment_id, project_id, user_id) VALUES (44, (SELECT projects.start_date + INTERVAL 10 DAY FROM projects WHERE projects.id=1), 1, 44, 1, 10);
INSERT INTO orders (order_id, created_at, delivery_id, payment_id, supporting_project_id) VALUES (44, (SELECT projects.start_date + INTERVAL 10 DAY FROM projects WHERE projects.id=1), 1, 44, 44);
INSERT INTO supporting_packages(id, option_list, package_count, order_id, project_package_id, supporting_project_id) VALUES (44, '["기본"]', 9, 44, 1, 44);
INSERT INTO supporting_projects(supporting_project_id, supported_at, delivery_id, payment_id, project_id, user_id) VALUES (45, (SELECT projects.start_date + INTERVAL 25 DAY FROM projects WHERE projects.id=1), 1, 45, 1, 17);
INSERT INTO orders (order_id, created_at, delivery_id, payment_id, supporting_project_id) VALUES (45, (SELECT projects.start_date + INTERVAL 25 DAY FROM projects WHERE projects.id=1), 1, 45, 45);
INSERT INTO supporting_packages(id, option_list, package_count, order_id, project_package_id, supporting_project_id) VALUES (45, '["기본"]', 8, 45, 1, 45);
INSERT INTO supporting_projects(supporting_project_id, supported_at, delivery_id, payment_id, project_id, user_id) VALUES (46, (SELECT projects.start_date + INTERVAL 7 DAY FROM projects WHERE projects.id=1), 1, 46, 1, 17);
INSERT INTO orders (order_id, created_at, delivery_id, payment_id, supporting_project_id) VALUES (46, (SELECT projects.start_date + INTERVAL 7 DAY FROM projects WHERE projects.id=1), 1, 46, 46);
INSERT INTO supporting_packages(id, option_list, package_count, order_id, project_package_id, supporting_project_id) VALUES (46, '["기본"]', 8, 46, 1, 46);
INSERT INTO supporting_projects(supporting_project_id, supported_at, delivery_id, payment_id, project_id, user_id) VALUES (47, (SELECT projects.start_date + INTERVAL 25 DAY FROM projects WHERE projects.id=1), 1, 47, 1, 21);
INSERT INTO orders (order_id, created_at, delivery_id, payment_id, supporting_project_id) VALUES (47, (SELECT projects.start_date + INTERVAL 25 DAY FROM projects WHERE projects.id=1), 1, 47, 47);
INSERT INTO supporting_packages(id, option_list, package_count, order_id, project_package_id, supporting_project_id) VALUES (47, '["기본"]', 6, 47, 1, 47);
INSERT INTO supporting_projects(supporting_project_id, supported_at, delivery_id, payment_id, project_id, user_id) VALUES (48, (SELECT projects.start_date + INTERVAL 36 DAY FROM projects WHERE projects.id=1), 1, 48, 1, 5);
INSERT INTO orders (order_id, created_at, delivery_id, payment_id, supporting_project_id) VALUES (48, (SELECT projects.start_date + INTERVAL 36 DAY FROM projects WHERE projects.id=1), 1, 48, 48);
INSERT INTO supporting_packages(id, option_list, package_count, order_id, project_package_id, supporting_project_id) VALUES (48, '["기본"]', 7, 48, 1, 48);
INSERT INTO supporting_projects(supporting_project_id, supported_at, delivery_id, payment_id, project_id, user_id) VALUES (49, (SELECT projects.start_date + INTERVAL 11 DAY FROM projects WHERE projects.id=1), 1, 49, 1, 18);
INSERT INTO orders (order_id, created_at, delivery_id, payment_id, supporting_project_id) VALUES (49, (SELECT projects.start_date + INTERVAL 11 DAY FROM projects WHERE projects.id=1), 1, 49, 49);
INSERT INTO supporting_packages(id, option_list, package_count, order_id, project_package_id, supporting_project_id) VALUES (49, '["기본"]', 8, 49, 1, 49);
INSERT INTO supporting_projects(supporting_project_id, supported_at, delivery_id, payment_id, project_id, user_id) VALUES (50, (SELECT projects.start_date + INTERVAL 10 DAY FROM projects WHERE projects.id=1), 1, 50, 1, 3);
INSERT INTO orders (order_id, created_at, delivery_id, payment_id, supporting_project_id) VALUES (50, (SELECT projects.start_date + INTERVAL 10 DAY FROM projects WHERE projects.id=1), 1, 50, 50);
INSERT INTO supporting_packages(id, option_list, package_count, order_id, project_package_id, supporting_project_id) VALUES (50, '["기본"]', 4, 50, 1, 50);
INSERT INTO supporting_projects(supporting_project_id, supported_at, delivery_id, payment_id, project_id, user_id) VALUES (51, (SELECT projects.start_date + INTERVAL 10 DAY FROM projects WHERE projects.id=1), 1, 51, 1, 17);
INSERT INTO orders (order_id, created_at, delivery_id, payment_id, supporting_project_id) VALUES (51, (SELECT projects.start_date + INTERVAL 10 DAY FROM projects WHERE projects.id=1), 1, 51, 51);
INSERT INTO supporting_packages(id, option_list, package_count, order_id, project_package_id, supporting_project_id) VALUES (51, '["프리미엄"]', 9, 51, 1, 51);
INSERT INTO supporting_projects(supporting_project_id, supported_at, delivery_id, payment_id, project_id, user_id) VALUES (52, (SELECT projects.start_date + INTERVAL 48 DAY FROM projects WHERE projects.id=1), 1, 52, 1, 25);
INSERT INTO orders (order_id, created_at, delivery_id, payment_id, supporting_project_id) VALUES (52, (SELECT projects.start_date + INTERVAL 48 DAY FROM projects WHERE projects.id=1), 1, 52, 52);
INSERT INTO supporting_packages(id, option_list, package_count, order_id, project_package_id, supporting_project_id) VALUES (52, '["기본"]', 7, 52, 1, 52);
INSERT INTO supporting_projects(supporting_project_id, supported_at, delivery_id, payment_id, project_id, user_id) VALUES (53, (SELECT projects.start_date + INTERVAL 30 DAY FROM projects WHERE projects.id=1), 1, 53, 1, 24);
INSERT INTO orders (order_id, created_at, delivery_id, payment_id, supporting_project_id) VALUES (53, (SELECT projects.start_date + INTERVAL 30 DAY FROM projects WHERE projects.id=1), 1, 53, 53);
INSERT INTO supporting_packages(id, option_list, package_count, order_id, project_package_id, supporting_project_id) VALUES (53, '["기본"]', 3, 53, 1, 53);
INSERT INTO supporting_projects(supporting_project_id, supported_at, delivery_id, payment_id, project_id, user_id) VALUES (54, (SELECT projects.start_date + INTERVAL 46 DAY FROM projects WHERE projects.id=1), 1, 54, 1, 38);
INSERT INTO orders (order_id, created_at, delivery_id, payment_id, supporting_project_id) VALUES (54, (SELECT projects.start_date + INTERVAL 46 DAY FROM projects WHERE projects.id=1), 1, 54, 54);
INSERT INTO supporting_packages(id, option_list, package_count, order_id, project_package_id, supporting_project_id) VALUES (54, '["프리미엄"]', 6, 54, 1, 54);
INSERT INTO supporting_projects(supporting_project_id, supported_at, delivery_id, payment_id, project_id, user_id) VALUES (55, (SELECT projects.start_date + INTERVAL 5 DAY FROM projects WHERE projects.id=1), 1, 55, 1, 31);
INSERT INTO orders (order_id, created_at, delivery_id, payment_id, supporting_project_id) VALUES (55, (SELECT projects.start_date + INTERVAL 5 DAY FROM projects WHERE projects.id=1), 1, 55, 55);
INSERT INTO supporting_packages(id, option_list, package_count, order_id, project_package_id, supporting_project_id) VALUES (55, '["프리미엄"]', 5, 55, 1, 55);
INSERT INTO supporting_projects(supporting_project_id, supported_at, delivery_id, payment_id, project_id, user_id) VALUES (56, (SELECT projects.start_date + INTERVAL 26 DAY FROM projects WHERE projects.id=1), 1, 56, 1, 39);
INSERT INTO orders (order_id, created_at, delivery_id, payment_id, supporting_project_id) VALUES (56, (SELECT projects.start_date + INTERVAL 26 DAY FROM projects WHERE projects.id=1), 1, 56, 56);
INSERT INTO supporting_packages(id, option_list, package_count, order_id, project_package_id, supporting_project_id) VALUES (56, '["기본"]', 7, 56, 1, 56);
INSERT INTO supporting_projects(supporting_project_id, supported_at, delivery_id, payment_id, project_id, user_id) VALUES (57, (SELECT projects.start_date + INTERVAL 14 DAY FROM projects WHERE projects.id=1), 1, 57, 1, 16);
INSERT INTO orders (order_id, created_at, delivery_id, payment_id, supporting_project_id) VALUES (57, (SELECT projects.start_date + INTERVAL 14 DAY FROM projects WHERE projects.id=1), 1, 57, 57);
INSERT INTO supporting_packages(id, option_list, package_count, order_id, project_package_id, supporting_project_id) VALUES (57, '["기본"]', 1, 57, 1, 57);
INSERT INTO supporting_projects(supporting_project_id, supported_at, delivery_id, payment_id, project_id, user_id) VALUES (58, (SELECT projects.start_date + INTERVAL 25 DAY FROM projects WHERE projects.id=1), 1, 58, 1, 27);
INSERT INTO orders (order_id, created_at, delivery_id, payment_id, supporting_project_id) VALUES (58, (SELECT projects.start_date + INTERVAL 25 DAY FROM projects WHERE projects.id=1), 1, 58, 58);
INSERT INTO supporting_packages(id, option_list, package_count, order_id, project_package_id, supporting_project_id) VALUES (58, '["프리미엄"]', 10, 58, 1, 58);
INSERT INTO supporting_projects(supporting_project_id, supported_at, delivery_id, payment_id, project_id, user_id) VALUES (59, (SELECT projects.start_date + INTERVAL 9 DAY FROM projects WHERE projects.id=1), 1, 59, 1, 15);
INSERT INTO orders (order_id, created_at, delivery_id, payment_id, supporting_project_id) VALUES (59, (SELECT projects.start_date + INTERVAL 9 DAY FROM projects WHERE projects.id=1), 1, 59, 59);
INSERT INTO supporting_packages(id, option_list, package_count, order_id, project_package_id, supporting_project_id) VALUES (59, '["프리미엄"]', 4, 59, 1, 59);
INSERT INTO supporting_projects(supporting_project_id, supported_at, delivery_id, payment_id, project_id, user_id) VALUES (60, (SELECT projects.start_date + INTERVAL 6 DAY FROM projects WHERE projects.id=1), 1, 60, 1, 3);
INSERT INTO orders (order_id, created_at, delivery_id, payment_id, supporting_project_id) VALUES (60, (SELECT projects.start_date + INTERVAL 6 DAY FROM projects WHERE projects.id=1), 1, 60, 60);
INSERT INTO supporting_packages(id, option_list, package_count, order_id, project_package_id, supporting_project_id) VALUES (60, '["기본"]', 3, 60, 1, 60);
INSERT INTO supporting_projects(supporting_project_id, supported_at, delivery_id, payment_id, project_id, user_id) VALUES (61, (SELECT projects.start_date + INTERVAL 7 DAY FROM projects WHERE projects.id=1), 1, 61, 1, 19);
INSERT INTO orders (order_id, created_at, delivery_id, payment_id, supporting_project_id) VALUES (61, (SELECT projects.start_date + INTERVAL 7 DAY FROM projects WHERE projects.id=1), 1, 61, 61);
INSERT INTO supporting_packages(id, option_list, package_count, order_id, project_package_id, supporting_project_id) VALUES (61, '["프리미엄"]', 7, 61, 1, 61);
INSERT INTO supporting_projects(supporting_project_id, supported_at, delivery_id, payment_id, project_id, user_id) VALUES (62, (SELECT projects.start_date + INTERVAL 45 DAY FROM projects WHERE projects.id=1), 1, 62, 1, 39);
INSERT INTO orders (order_id, created_at, delivery_id, payment_id, supporting_project_id) VALUES (62, (SELECT projects.start_date + INTERVAL 45 DAY FROM projects WHERE projects.id=1), 1, 62, 62);
INSERT INTO supporting_packages(id, option_list, package_count, order_id, project_package_id, supporting_project_id) VALUES (62, '["기본"]', 4, 62, 1, 62);
INSERT INTO supporting_projects(supporting_project_id, supported_at, delivery_id, payment_id, project_id, user_id) VALUES (63, (SELECT projects.start_date + INTERVAL 27 DAY FROM projects WHERE projects.id=1), 1, 63, 1, 15);
INSERT INTO orders (order_id, created_at, delivery_id, payment_id, supporting_project_id) VALUES (63, (SELECT projects.start_date + INTERVAL 27 DAY FROM projects WHERE projects.id=1), 1, 63, 63);
INSERT INTO supporting_packages(id, option_list, package_count, order_id, project_package_id, supporting_project_id) VALUES (63, '["기본"]', 7, 63, 1, 63);
INSERT INTO supporting_projects(supporting_project_id, supported_at, delivery_id, payment_id, project_id, user_id) VALUES (64, (SELECT projects.start_date + INTERVAL 20 DAY FROM projects WHERE projects.id=1), 1, 64, 1, 2);
INSERT INTO orders (order_id, created_at, delivery_id, payment_id, supporting_project_id) VALUES (64, (SELECT projects.start_date + INTERVAL 20 DAY FROM projects WHERE projects.id=1), 1, 64, 64);
INSERT INTO supporting_packages(id, option_list, package_count, order_id, project_package_id, supporting_project_id) VALUES (64, '["기본"]', 6, 64, 1, 64);
INSERT INTO supporting_projects(supporting_project_id, supported_at, delivery_id, payment_id, project_id, user_id) VALUES (65, (SELECT projects.start_date + INTERVAL 26 DAY FROM projects WHERE projects.id=1), 1, 65, 1, 40);
INSERT INTO orders (order_id, created_at, delivery_id, payment_id, supporting_project_id) VALUES (65, (SELECT projects.start_date + INTERVAL 26 DAY FROM projects WHERE projects.id=1), 1, 65, 65);
INSERT INTO supporting_packages(id, option_list, package_count, order_id, project_package_id, supporting_project_id) VALUES (65, '["프리미엄"]', 9, 65, 1, 65);
INSERT INTO supporting_projects(supporting_project_id, supported_at, delivery_id, payment_id, project_id, user_id) VALUES (66, (SELECT projects.start_date + INTERVAL 41 DAY FROM projects WHERE projects.id=1), 1, 66, 1, 7);
INSERT INTO orders (order_id, created_at, delivery_id, payment_id, supporting_project_id) VALUES (66, (SELECT projects.start_date + INTERVAL 41 DAY FROM projects WHERE projects.id=1), 1, 66, 66);
INSERT INTO supporting_packages(id, option_list, package_count, order_id, project_package_id, supporting_project_id) VALUES (66, '["프리미엄"]', 5, 66, 1, 66);
INSERT INTO supporting_projects(supporting_project_id, supported_at, delivery_id, payment_id, project_id, user_id) VALUES (67, (SELECT projects.start_date + INTERVAL 16 DAY FROM projects WHERE projects.id=1), 1, 67, 1, 27);
INSERT INTO orders (order_id, created_at, delivery_id, payment_id, supporting_project_id) VALUES (67, (SELECT projects.start_date + INTERVAL 16 DAY FROM projects WHERE projects.id=1), 1, 67, 67);
INSERT INTO supporting_packages(id, option_list, package_count, order_id, project_package_id, supporting_project_id) VALUES (67, '["기본"]', 9, 67, 1, 67);
INSERT INTO supporting_projects(supporting_project_id, supported_at, delivery_id, payment_id, project_id, user_id) VALUES (68, (SELECT projects.start_date + INTERVAL 44 DAY FROM projects WHERE projects.id=1), 1, 68, 1, 29);
INSERT INTO orders (order_id, created_at, delivery_id, payment_id, supporting_project_id) VALUES (68, (SELECT projects.start_date + INTERVAL 44 DAY FROM projects WHERE projects.id=1), 1, 68, 68);
INSERT INTO supporting_packages(id, option_list, package_count, order_id, project_package_id, supporting_project_id) VALUES (68, '["기본"]', 3, 68, 1, 68);
INSERT INTO supporting_projects(supporting_project_id, supported_at, delivery_id, payment_id, project_id, user_id) VALUES (69, (SELECT projects.start_date + INTERVAL 20 DAY FROM projects WHERE projects.id=1), 1, 69, 1, 9);
INSERT INTO orders (order_id, created_at, delivery_id, payment_id, supporting_project_id) VALUES (69, (SELECT projects.start_date + INTERVAL 20 DAY FROM projects WHERE projects.id=1), 1, 69, 69);
INSERT INTO supporting_packages(id, option_list, package_count, order_id, project_package_id, supporting_project_id) VALUES (69, '["기본"]', 6, 69, 1, 69);
INSERT INTO supporting_projects(supporting_project_id, supported_at, delivery_id, payment_id, project_id, user_id) VALUES (70, (SELECT projects.start_date + INTERVAL 28 DAY FROM projects WHERE projects.id=1), 1, 70, 1, 38);
INSERT INTO orders (order_id, created_at, delivery_id, payment_id, supporting_project_id) VALUES (70, (SELECT projects.start_date + INTERVAL 28 DAY FROM projects WHERE projects.id=1), 1, 70, 70);
INSERT INTO supporting_packages(id, option_list, package_count, order_id, project_package_id, supporting_project_id) VALUES (70, '["기본"]', 6, 70, 1, 70);
INSERT INTO supporting_projects(supporting_project_id, supported_at, delivery_id, payment_id, project_id, user_id) VALUES (71, (SELECT projects.start_date + INTERVAL 29 DAY FROM projects WHERE projects.id=1), 1, 71, 1, 29);
INSERT INTO orders (order_id, created_at, delivery_id, payment_id, supporting_project_id) VALUES (71, (SELECT projects.start_date + INTERVAL 29 DAY FROM projects WHERE projects.id=1), 1, 71, 71);
INSERT INTO supporting_packages(id, option_list, package_count, order_id, project_package_id, supporting_project_id) VALUES (71, '["프리미엄"]', 1, 71, 1, 71);
INSERT INTO supporting_projects(supporting_project_id, supported_at, delivery_id, payment_id, project_id, user_id) VALUES (72, (SELECT projects.start_date + INTERVAL 36 DAY FROM projects WHERE projects.id=1), 1, 72, 1, 28);
INSERT INTO orders (order_id, created_at, delivery_id, payment_id, supporting_project_id) VALUES (72, (SELECT projects.start_date + INTERVAL 36 DAY FROM projects WHERE projects.id=1), 1, 72, 72);
INSERT INTO supporting_packages(id, option_list, package_count, order_id, project_package_id, supporting_project_id) VALUES (72, '["기본"]', 2, 72, 1, 72);
INSERT INTO supporting_projects(supporting_project_id, supported_at, delivery_id, payment_id, project_id, user_id) VALUES (73, (SELECT projects.start_date + INTERVAL 33 DAY FROM projects WHERE projects.id=1), 1, 73, 1, 10);
INSERT INTO orders (order_id, created_at, delivery_id, payment_id, supporting_project_id) VALUES (73, (SELECT projects.start_date + INTERVAL 33 DAY FROM projects WHERE projects.id=1), 1, 73, 73);
INSERT INTO supporting_packages(id, option_list, package_count, order_id, project_package_id, supporting_project_id) VALUES (73, '["기본"]', 10, 73, 1, 73);
INSERT INTO supporting_projects(supporting_project_id, supported_at, delivery_id, payment_id, project_id, user_id) VALUES (74, (SELECT projects.start_date + INTERVAL 7 DAY FROM projects WHERE projects.id=1), 1, 74, 1, 25);
INSERT INTO orders (order_id, created_at, delivery_id, payment_id, supporting_project_id) VALUES (74, (SELECT projects.start_date + INTERVAL 7 DAY FROM projects WHERE projects.id=1), 1, 74, 74);
INSERT INTO supporting_packages(id, option_list, package_count, order_id, project_package_id, supporting_project_id) VALUES (74, '["프리미엄"]', 4, 74, 1, 74);
INSERT INTO supporting_projects(supporting_project_id, supported_at, delivery_id, payment_id, project_id, user_id) VALUES (75, (SELECT projects.start_date + INTERVAL 24 DAY FROM projects WHERE projects.id=1), 1, 75, 1, 38);
INSERT INTO orders (order_id, created_at, delivery_id, payment_id, supporting_project_id) VALUES (75, (SELECT projects.start_date + INTERVAL 24 DAY FROM projects WHERE projects.id=1), 1, 75, 75);
INSERT INTO supporting_packages(id, option_list, package_count, order_id, project_package_id, supporting_project_id) VALUES (75, '["기본"]', 3, 75, 1, 75);
INSERT INTO supporting_projects(supporting_project_id, supported_at, delivery_id, payment_id, project_id, user_id) VALUES (76, (SELECT projects.start_date + INTERVAL 37 DAY FROM projects WHERE projects.id=1), 1, 76, 1, 19);
INSERT INTO orders (order_id, created_at, delivery_id, payment_id, supporting_project_id) VALUES (76, (SELECT projects.start_date + INTERVAL 37 DAY FROM projects WHERE projects.id=1), 1, 76, 76);
INSERT INTO supporting_packages(id, option_list, package_count, order_id, project_package_id, supporting_project_id) VALUES (76, '["기본"]', 7, 76, 1, 76);
INSERT INTO supporting_projects(supporting_project_id, supported_at, delivery_id, payment_id, project_id, user_id) VALUES (77, (SELECT projects.start_date + INTERVAL 32 DAY FROM projects WHERE projects.id=1), 1, 77, 1, 17);
INSERT INTO orders (order_id, created_at, delivery_id, payment_id, supporting_project_id) VALUES (77, (SELECT projects.start_date + INTERVAL 32 DAY FROM projects WHERE projects.id=1), 1, 77, 77);
INSERT INTO supporting_packages(id, option_list, package_count, order_id, project_package_id, supporting_project_id) VALUES (77, '["기본"]', 3, 77, 1, 77);
INSERT INTO supporting_projects(supporting_project_id, supported_at, delivery_id, payment_id, project_id, user_id) VALUES (78, (SELECT projects.start_date + INTERVAL 17 DAY FROM projects WHERE projects.id=1), 1, 78, 1, 29);
INSERT INTO orders (order_id, created_at, delivery_id, payment_id, supporting_project_id) VALUES (78, (SELECT projects.start_date + INTERVAL 17 DAY FROM projects WHERE projects.id=1), 1, 78, 78);
INSERT INTO supporting_packages(id, option_list, package_count, order_id, project_package_id, supporting_project_id) VALUES (78, '["프리미엄"]', 6, 78, 1, 78);
INSERT INTO supporting_projects(supporting_project_id, supported_at, delivery_id, payment_id, project_id, user_id) VALUES (79, (SELECT projects.start_date + INTERVAL 39 DAY FROM projects WHERE projects.id=1), 1, 79, 1, 35);
INSERT INTO orders (order_id, created_at, delivery_id, payment_id, supporting_project_id) VALUES (79, (SELECT projects.start_date + INTERVAL 39 DAY FROM projects WHERE projects.id=1), 1, 79, 79);
INSERT INTO supporting_packages(id, option_list, package_count, order_id, project_package_id, supporting_project_id) VALUES (79, '["기본"]', 2, 79, 1, 79);
INSERT INTO supporting_projects(supporting_project_id, supported_at, delivery_id, payment_id, project_id, user_id) VALUES (80, (SELECT projects.start_date + INTERVAL 48 DAY FROM projects WHERE projects.id=1), 1, 80, 1, 31);
INSERT INTO orders (order_id, created_at, delivery_id, payment_id, supporting_project_id) VALUES (80, (SELECT projects.start_date + INTERVAL 48 DAY FROM projects WHERE projects.id=1), 1, 80, 80);
INSERT INTO supporting_packages(id, option_list, package_count, order_id, project_package_id, supporting_project_id) VALUES (80, '["프리미엄"]', 1, 80, 1, 80);
INSERT INTO supporting_projects(supporting_project_id, supported_at, delivery_id, payment_id, project_id, user_id) VALUES (81, (SELECT projects.start_date + INTERVAL 34 DAY FROM projects WHERE projects.id=1), 1, 81, 1, 25);
INSERT INTO orders (order_id, created_at, delivery_id, payment_id, supporting_project_id) VALUES (81, (SELECT projects.start_date + INTERVAL 34 DAY FROM projects WHERE projects.id=1), 1, 81, 81);
INSERT INTO supporting_packages(id, option_list, package_count, order_id, project_package_id, supporting_project_id) VALUES (81, '["프리미엄"]', 8, 81, 1, 81);
INSERT INTO supporting_projects(supporting_project_id, supported_at, delivery_id, payment_id, project_id, user_id) VALUES (82, (SELECT projects.start_date + INTERVAL 46 DAY FROM projects WHERE projects.id=1), 1, 82, 1, 16);
INSERT INTO orders (order_id, created_at, delivery_id, payment_id, supporting_project_id) VALUES (82, (SELECT projects.start_date + INTERVAL 46 DAY FROM projects WHERE projects.id=1), 1, 82, 82);
INSERT INTO supporting_packages(id, option_list, package_count, order_id, project_package_id, supporting_project_id) VALUES (82, '["기본"]', 1, 82, 1, 82);
INSERT INTO supporting_projects(supporting_project_id, supported_at, delivery_id, payment_id, project_id, user_id) VALUES (83, (SELECT projects.start_date + INTERVAL 24 DAY FROM projects WHERE projects.id=1), 1, 83, 1, 32);
INSERT INTO orders (order_id, created_at, delivery_id, payment_id, supporting_project_id) VALUES (83, (SELECT projects.start_date + INTERVAL 24 DAY FROM projects WHERE projects.id=1), 1, 83, 83);
INSERT INTO supporting_packages(id, option_list, package_count, order_id, project_package_id, supporting_project_id) VALUES (83, '["프리미엄"]', 1, 83, 1, 83);
INSERT INTO supporting_projects(supporting_project_id, supported_at, delivery_id, payment_id, project_id, user_id) VALUES (84, (SELECT projects.start_date + INTERVAL 20 DAY FROM projects WHERE projects.id=1), 1, 84, 1, 37);
INSERT INTO orders (order_id, created_at, delivery_id, payment_id, supporting_project_id) VALUES (84, (SELECT projects.start_date + INTERVAL 20 DAY FROM projects WHERE projects.id=1), 1, 84, 84);
INSERT INTO supporting_packages(id, option_list, package_count, order_id, project_package_id, supporting_project_id) VALUES (84, '["프리미엄"]', 5, 84, 1, 84);
INSERT INTO supporting_projects(supporting_project_id, supported_at, delivery_id, payment_id, project_id, user_id) VALUES (85, (SELECT projects.start_date + INTERVAL 24 DAY FROM projects WHERE projects.id=1), 1, 85, 1, 39);
INSERT INTO orders (order_id, created_at, delivery_id, payment_id, supporting_project_id) VALUES (85, (SELECT projects.start_date + INTERVAL 24 DAY FROM projects WHERE projects.id=1), 1, 85, 85);
INSERT INTO supporting_packages(id, option_list, package_count, order_id, project_package_id, supporting_project_id) VALUES (85, '["기본"]', 10, 85, 1, 85);
INSERT INTO supporting_projects(supporting_project_id, supported_at, delivery_id, payment_id, project_id, user_id) VALUES (86, (SELECT projects.start_date + INTERVAL 32 DAY FROM projects WHERE projects.id=1), 1, 86, 1, 6);
INSERT INTO orders (order_id, created_at, delivery_id, payment_id, supporting_project_id) VALUES (86, (SELECT projects.start_date + INTERVAL 32 DAY FROM projects WHERE projects.id=1), 1, 86, 86);
INSERT INTO supporting_packages(id, option_list, package_count, order_id, project_package_id, supporting_project_id) VALUES (86, '["프리미엄"]', 10, 86, 1, 86);
INSERT INTO supporting_projects(supporting_project_id, supported_at, delivery_id, payment_id, project_id, user_id) VALUES (87, (SELECT projects.start_date + INTERVAL 50 DAY FROM projects WHERE projects.id=1), 1, 87, 1, 31);
INSERT INTO orders (order_id, created_at, delivery_id, payment_id, supporting_project_id) VALUES (87, (SELECT projects.start_date + INTERVAL 50 DAY FROM projects WHERE projects.id=1), 1, 87, 87);
INSERT INTO supporting_packages(id, option_list, package_count, order_id, project_package_id, supporting_project_id) VALUES (87, '["프리미엄"]', 5, 87, 1, 87);
INSERT INTO supporting_projects(supporting_project_id, supported_at, delivery_id, payment_id, project_id, user_id) VALUES (88, (SELECT projects.start_date + INTERVAL 15 DAY FROM projects WHERE projects.id=1), 1, 88, 1, 33);
INSERT INTO orders (order_id, created_at, delivery_id, payment_id, supporting_project_id) VALUES (88, (SELECT projects.start_date + INTERVAL 15 DAY FROM projects WHERE projects.id=1), 1, 88, 88);
INSERT INTO supporting_packages(id, option_list, package_count, order_id, project_package_id, supporting_project_id) VALUES (88, '["프리미엄"]', 9, 88, 1, 88);
INSERT INTO supporting_projects(supporting_project_id, supported_at, delivery_id, payment_id, project_id, user_id) VALUES (89, (SELECT projects.start_date + INTERVAL 16 DAY FROM projects WHERE projects.id=1), 1, 89, 1, 4);
INSERT INTO orders (order_id, created_at, delivery_id, payment_id, supporting_project_id) VALUES (89, (SELECT projects.start_date + INTERVAL 16 DAY FROM projects WHERE projects.id=1), 1, 89, 89);
INSERT INTO supporting_packages(id, option_list, package_count, order_id, project_package_id, supporting_project_id) VALUES (89, '["프리미엄"]', 8, 89, 1, 89);
INSERT INTO supporting_projects(supporting_project_id, supported_at, delivery_id, payment_id, project_id, user_id) VALUES (90, (SELECT projects.start_date + INTERVAL 10 DAY FROM projects WHERE projects.id=1), 1, 90, 1, 21);
INSERT INTO orders (order_id, created_at, delivery_id, payment_id, supporting_project_id) VALUES (90, (SELECT projects.start_date + INTERVAL 10 DAY FROM projects WHERE projects.id=1), 1, 90, 90);
INSERT INTO supporting_packages(id, option_list, package_count, order_id, project_package_id, supporting_project_id) VALUES (90, '["기본"]', 8, 90, 1, 90);
INSERT INTO supporting_projects(supporting_project_id, supported_at, delivery_id, payment_id, project_id, user_id) VALUES (91, (SELECT projects.start_date + INTERVAL 8 DAY FROM projects WHERE projects.id=1), 1, 91, 1, 8);
INSERT INTO orders (order_id, created_at, delivery_id, payment_id, supporting_project_id) VALUES (91, (SELECT projects.start_date + INTERVAL 8 DAY FROM projects WHERE projects.id=1), 1, 91, 91);
INSERT INTO supporting_packages(id, option_list, package_count, order_id, project_package_id, supporting_project_id) VALUES (91, '["기본"]', 5, 91, 1, 91);
INSERT INTO supporting_projects(supporting_project_id, supported_at, delivery_id, payment_id, project_id, user_id) VALUES (92, (SELECT projects.start_date + INTERVAL 2 DAY FROM projects WHERE projects.id=1), 1, 92, 1, 14);
INSERT INTO orders (order_id, created_at, delivery_id, payment_id, supporting_project_id) VALUES (92, (SELECT projects.start_date + INTERVAL 2 DAY FROM projects WHERE projects.id=1), 1, 92, 92);
INSERT INTO supporting_packages(id, option_list, package_count, order_id, project_package_id, supporting_project_id) VALUES (92, '["기본"]', 4, 92, 1, 92);
INSERT INTO supporting_projects(supporting_project_id, supported_at, delivery_id, payment_id, project_id, user_id) VALUES (93, (SELECT projects.start_date + INTERVAL 44 DAY FROM projects WHERE projects.id=1), 1, 93, 1, 36);
INSERT INTO orders (order_id, created_at, delivery_id, payment_id, supporting_project_id) VALUES (93, (SELECT projects.start_date + INTERVAL 44 DAY FROM projects WHERE projects.id=1), 1, 93, 93);
INSERT INTO supporting_packages(id, option_list, package_count, order_id, project_package_id, supporting_project_id) VALUES (93, '["프리미엄"]', 4, 93, 1, 93);
INSERT INTO supporting_projects(supporting_project_id, supported_at, delivery_id, payment_id, project_id, user_id) VALUES (94, (SELECT projects.start_date + INTERVAL 11 DAY FROM projects WHERE projects.id=1), 1, 94, 1, 2);
INSERT INTO orders (order_id, created_at, delivery_id, payment_id, supporting_project_id) VALUES (94, (SELECT projects.start_date + INTERVAL 11 DAY FROM projects WHERE projects.id=1), 1, 94, 94);
INSERT INTO supporting_packages(id, option_list, package_count, order_id, project_package_id, supporting_project_id) VALUES (94, '["기본"]', 7, 94, 1, 94);
INSERT INTO supporting_projects(supporting_project_id, supported_at, delivery_id, payment_id, project_id, user_id) VALUES (95, (SELECT projects.start_date + INTERVAL 3 DAY FROM projects WHERE projects.id=1), 1, 95, 1, 1);
INSERT INTO orders (order_id, created_at, delivery_id, payment_id, supporting_project_id) VALUES (95, (SELECT projects.start_date + INTERVAL 3 DAY FROM projects WHERE projects.id=1), 1, 95, 95);
INSERT INTO supporting_packages(id, option_list, package_count, order_id, project_package_id, supporting_project_id) VALUES (95, '["프리미엄"]', 3, 95, 1, 95);
INSERT INTO supporting_projects(supporting_project_id, supported_at, delivery_id, payment_id, project_id, user_id) VALUES (96, (SELECT projects.start_date + INTERVAL 3 DAY FROM projects WHERE projects.id=1), 1, 96, 1, 29);
INSERT INTO orders (order_id, created_at, delivery_id, payment_id, supporting_project_id) VALUES (96, (SELECT projects.start_date + INTERVAL 3 DAY FROM projects WHERE projects.id=1), 1, 96, 96);
INSERT INTO supporting_packages(id, option_list, package_count, order_id, project_package_id, supporting_project_id) VALUES (96, '["프리미엄"]', 3, 96, 1, 96);
INSERT INTO supporting_projects(supporting_project_id, supported_at, delivery_id, payment_id, project_id, user_id) VALUES (97, (SELECT projects.start_date + INTERVAL 8 DAY FROM projects WHERE projects.id=1), 1, 97, 1, 6);
INSERT INTO orders (order_id, created_at, delivery_id, payment_id, supporting_project_id) VALUES (97, (SELECT projects.start_date + INTERVAL 8 DAY FROM projects WHERE projects.id=1), 1, 97, 97);
INSERT INTO supporting_packages(id, option_list, package_count, order_id, project_package_id, supporting_project_id) VALUES (97, '["프리미엄"]', 4, 97, 1, 97);
INSERT INTO supporting_projects(supporting_project_id, supported_at, delivery_id, payment_id, project_id, user_id) VALUES (98, (SELECT projects.start_date + INTERVAL 21 DAY FROM projects WHERE projects.id=1), 1, 98, 1, 27);
INSERT INTO orders (order_id, created_at, delivery_id, payment_id, supporting_project_id) VALUES (98, (SELECT projects.start_date + INTERVAL 21 DAY FROM projects WHERE projects.id=1), 1, 98, 98);
INSERT INTO supporting_packages(id, option_list, package_count, order_id, project_package_id, supporting_project_id) VALUES (98, '["기본"]', 2, 98, 1, 98);
INSERT INTO supporting_projects(supporting_project_id, supported_at, delivery_id, payment_id, project_id, user_id) VALUES (99, (SELECT projects.start_date + INTERVAL 7 DAY FROM projects WHERE projects.id=1), 1, 99, 1, 35);
INSERT INTO orders (order_id, created_at, delivery_id, payment_id, supporting_project_id) VALUES (99, (SELECT projects.start_date + INTERVAL 7 DAY FROM projects WHERE projects.id=1), 1, 99, 99);
INSERT INTO supporting_packages(id, option_list, package_count, order_id, project_package_id, supporting_project_id) VALUES (99, '["프리미엄"]', 8, 99, 1, 99);
INSERT INTO supporting_projects(supporting_project_id, supported_at, delivery_id, payment_id, project_id, user_id) VALUES (100, (SELECT projects.start_date + INTERVAL 34 DAY FROM projects WHERE projects.id=1), 1, 100, 1, 31);
INSERT INTO orders (order_id, created_at, delivery_id, payment_id, supporting_project_id) VALUES (100, (SELECT projects.start_date + INTERVAL 34 DAY FROM projects WHERE projects.id=1), 1, 100, 100);
INSERT INTO supporting_packages(id, option_list, package_count, order_id, project_package_id, supporting_project_id) VALUES (100, '["기본"]', 4, 100, 1, 100);
INSERT INTO supporting_projects(supporting_project_id, supported_at, delivery_id, payment_id, project_id, user_id) VALUES (101, (SELECT projects.start_date + INTERVAL 11 DAY FROM projects WHERE projects.id=1), 1, 101, 1, 35);
INSERT INTO orders (order_id, created_at, delivery_id, payment_id, supporting_project_id) VALUES (101, (SELECT projects.start_date + INTERVAL 11 DAY FROM projects WHERE projects.id=1), 1, 101, 101);
INSERT INTO supporting_packages(id, option_list, package_count, order_id, project_package_id, supporting_project_id) VALUES (101, '["기본"]', 5, 101, 1, 101);
INSERT INTO supporting_projects(supporting_project_id, supported_at, delivery_id, payment_id, project_id, user_id) VALUES (102, (SELECT projects.start_date + INTERVAL 41 DAY FROM projects WHERE projects.id=1), 1, 102, 1, 16);
INSERT INTO orders (order_id, created_at, delivery_id, payment_id, supporting_project_id) VALUES (102, (SELECT projects.start_date + INTERVAL 41 DAY FROM projects WHERE projects.id=1), 1, 102, 102);
INSERT INTO supporting_packages(id, option_list, package_count, order_id, project_package_id, supporting_project_id) VALUES (102, '["기본"]', 3, 102, 1, 102);
INSERT INTO supporting_projects(supporting_project_id, supported_at, delivery_id, payment_id, project_id, user_id) VALUES (103, (SELECT projects.start_date + INTERVAL 35 DAY FROM projects WHERE projects.id=1), 1, 103, 1, 25);
INSERT INTO orders (order_id, created_at, delivery_id, payment_id, supporting_project_id) VALUES (103, (SELECT projects.start_date + INTERVAL 35 DAY FROM projects WHERE projects.id=1), 1, 103, 103);
INSERT INTO supporting_packages(id, option_list, package_count, order_id, project_package_id, supporting_project_id) VALUES (103, '["기본"]', 10, 103, 1, 103);
INSERT INTO supporting_projects(supporting_project_id, supported_at, delivery_id, payment_id, project_id, user_id) VALUES (104, (SELECT projects.start_date + INTERVAL 3 DAY FROM projects WHERE projects.id=1), 1, 104, 1, 16);
INSERT INTO orders (order_id, created_at, delivery_id, payment_id, supporting_project_id) VALUES (104, (SELECT projects.start_date + INTERVAL 3 DAY FROM projects WHERE projects.id=1), 1, 104, 104);
INSERT INTO supporting_packages(id, option_list, package_count, order_id, project_package_id, supporting_project_id) VALUES (104, '["기본"]', 3, 104, 1, 104);
INSERT INTO supporting_projects(supporting_project_id, supported_at, delivery_id, payment_id, project_id, user_id) VALUES (105, (SELECT projects.start_date + INTERVAL 35 DAY FROM projects WHERE projects.id=1), 1, 105, 1, 3);
INSERT INTO orders (order_id, created_at, delivery_id, payment_id, supporting_project_id) VALUES (105, (SELECT projects.start_date + INTERVAL 35 DAY FROM projects WHERE projects.id=1), 1, 105, 105);
INSERT INTO supporting_packages(id, option_list, package_count, order_id, project_package_id, supporting_project_id) VALUES (105, '["기본"]', 9, 105, 1, 105);
INSERT INTO supporting_projects(supporting_project_id, supported_at, delivery_id, payment_id, project_id, user_id) VALUES (106, (SELECT projects.start_date + INTERVAL 22 DAY FROM projects WHERE projects.id=1), 1, 106, 1, 39);
INSERT INTO orders (order_id, created_at, delivery_id, payment_id, supporting_project_id) VALUES (106, (SELECT projects.start_date + INTERVAL 22 DAY FROM projects WHERE projects.id=1), 1, 106, 106);
INSERT INTO supporting_packages(id, option_list, package_count, order_id, project_package_id, supporting_project_id) VALUES (106, '["기본"]', 3, 106, 1, 106);
INSERT INTO supporting_projects(supporting_project_id, supported_at, delivery_id, payment_id, project_id, user_id) VALUES (107, (SELECT projects.start_date + INTERVAL 3 DAY FROM projects WHERE projects.id=1), 1, 107, 1, 20);
INSERT INTO orders (order_id, created_at, delivery_id, payment_id, supporting_project_id) VALUES (107, (SELECT projects.start_date + INTERVAL 3 DAY FROM projects WHERE projects.id=1), 1, 107, 107);
INSERT INTO supporting_packages(id, option_list, package_count, order_id, project_package_id, supporting_project_id) VALUES (107, '["기본"]', 8, 107, 1, 107);
INSERT INTO supporting_projects(supporting_project_id, supported_at, delivery_id, payment_id, project_id, user_id) VALUES (108, (SELECT projects.start_date + INTERVAL 21 DAY FROM projects WHERE projects.id=1), 1, 108, 1, 6);
INSERT INTO orders (order_id, created_at, delivery_id, payment_id, supporting_project_id) VALUES (108, (SELECT projects.start_date + INTERVAL 21 DAY FROM projects WHERE projects.id=1), 1, 108, 108);
INSERT INTO supporting_packages(id, option_list, package_count, order_id, project_package_id, supporting_project_id) VALUES (108, '["기본"]', 4, 108, 1, 108);
INSERT INTO supporting_projects(supporting_project_id, supported_at, delivery_id, payment_id, project_id, user_id) VALUES (109, (SELECT projects.start_date + INTERVAL 1 DAY FROM projects WHERE projects.id=1), 1, 109, 1, 5);
INSERT INTO orders (order_id, created_at, delivery_id, payment_id, supporting_project_id) VALUES (109, (SELECT projects.start_date + INTERVAL 1 DAY FROM projects WHERE projects.id=1), 1, 109, 109);
INSERT INTO supporting_packages(id, option_list, package_count, order_id, project_package_id, supporting_project_id) VALUES (109, '["기본"]', 2, 109, 1, 109);
INSERT INTO supporting_projects(supporting_project_id, supported_at, delivery_id, payment_id, project_id, user_id) VALUES (110, (SELECT projects.start_date + INTERVAL 38 DAY FROM projects WHERE projects.id=1), 1, 110, 1, 7);
INSERT INTO orders (order_id, created_at, delivery_id, payment_id, supporting_project_id) VALUES (110, (SELECT projects.start_date + INTERVAL 38 DAY FROM projects WHERE projects.id=1), 1, 110, 110);
INSERT INTO supporting_packages(id, option_list, package_count, order_id, project_package_id, supporting_project_id) VALUES (110, '["프리미엄"]', 4, 110, 1, 110);
INSERT INTO supporting_projects(supporting_project_id, supported_at, delivery_id, payment_id, project_id, user_id) VALUES (111, (SELECT projects.start_date + INTERVAL 18 DAY FROM projects WHERE projects.id=1), 1, 111, 1, 33);
INSERT INTO orders (order_id, created_at, delivery_id, payment_id, supporting_project_id) VALUES (111, (SELECT projects.start_date + INTERVAL 18 DAY FROM projects WHERE projects.id=1), 1, 111, 111);
INSERT INTO supporting_packages(id, option_list, package_count, order_id, project_package_id, supporting_project_id) VALUES (111, '["프리미엄"]', 2, 111, 1, 111);
INSERT INTO supporting_projects(supporting_project_id, supported_at, delivery_id, payment_id, project_id, user_id) VALUES (112, (SELECT projects.start_date + INTERVAL 47 DAY FROM projects WHERE projects.id=1), 1, 112, 1, 5);
INSERT INTO orders (order_id, created_at, delivery_id, payment_id, supporting_project_id) VALUES (112, (SELECT projects.start_date + INTERVAL 47 DAY FROM projects WHERE projects.id=1), 1, 112, 112);
INSERT INTO supporting_packages(id, option_list, package_count, order_id, project_package_id, supporting_project_id) VALUES (112, '["프리미엄"]', 7, 112, 1, 112);
INSERT INTO supporting_projects(supporting_project_id, supported_at, delivery_id, payment_id, project_id, user_id) VALUES (113, (SELECT projects.start_date + INTERVAL 12 DAY FROM projects WHERE projects.id=1), 1, 113, 1, 13);
INSERT INTO orders (order_id, created_at, delivery_id, payment_id, supporting_project_id) VALUES (113, (SELECT projects.start_date + INTERVAL 12 DAY FROM projects WHERE projects.id=1), 1, 113, 113);
INSERT INTO supporting_packages(id, option_list, package_count, order_id, project_package_id, supporting_project_id) VALUES (113, '["기본"]', 9, 113, 1, 113);
INSERT INTO supporting_projects(supporting_project_id, supported_at, delivery_id, payment_id, project_id, user_id) VALUES (114, (SELECT projects.start_date + INTERVAL 46 DAY FROM projects WHERE projects.id=1), 1, 114, 1, 39);
INSERT INTO orders (order_id, created_at, delivery_id, payment_id, supporting_project_id) VALUES (114, (SELECT projects.start_date + INTERVAL 46 DAY FROM projects WHERE projects.id=1), 1, 114, 114);
INSERT INTO supporting_packages(id, option_list, package_count, order_id, project_package_id, supporting_project_id) VALUES (114, '["기본"]', 7, 114, 1, 114);
INSERT INTO supporting_projects(supporting_project_id, supported_at, delivery_id, payment_id, project_id, user_id) VALUES (115, (SELECT projects.start_date + INTERVAL 9 DAY FROM projects WHERE projects.id=1), 1, 115, 1, 2);
INSERT INTO orders (order_id, created_at, delivery_id, payment_id, supporting_project_id) VALUES (115, (SELECT projects.start_date + INTERVAL 9 DAY FROM projects WHERE projects.id=1), 1, 115, 115);
INSERT INTO supporting_packages(id, option_list, package_count, order_id, project_package_id, supporting_project_id) VALUES (115, '["프리미엄"]', 5, 115, 1, 115);
INSERT INTO supporting_projects(supporting_project_id, supported_at, delivery_id, payment_id, project_id, user_id) VALUES (116, (SELECT projects.start_date + INTERVAL 39 DAY FROM projects WHERE projects.id=1), 1, 116, 1, 23);
INSERT INTO orders (order_id, created_at, delivery_id, payment_id, supporting_project_id) VALUES (116, (SELECT projects.start_date + INTERVAL 39 DAY FROM projects WHERE projects.id=1), 1, 116, 116);
INSERT INTO supporting_packages(id, option_list, package_count, order_id, project_package_id, supporting_project_id) VALUES (116, '["프리미엄"]', 4, 116, 1, 116);
INSERT INTO supporting_projects(supporting_project_id, supported_at, delivery_id, payment_id, project_id, user_id) VALUES (117, (SELECT projects.start_date + INTERVAL 34 DAY FROM projects WHERE projects.id=1), 1, 117, 1, 33);
INSERT INTO orders (order_id, created_at, delivery_id, payment_id, supporting_project_id) VALUES (117, (SELECT projects.start_date + INTERVAL 34 DAY FROM projects WHERE projects.id=1), 1, 117, 117);
INSERT INTO supporting_packages(id, option_list, package_count, order_id, project_package_id, supporting_project_id) VALUES (117, '["기본"]', 2, 117, 1, 117);
INSERT INTO supporting_projects(supporting_project_id, supported_at, delivery_id, payment_id, project_id, user_id) VALUES (118, (SELECT projects.start_date + INTERVAL 37 DAY FROM projects WHERE projects.id=1), 1, 118, 1, 35);
INSERT INTO orders (order_id, created_at, delivery_id, payment_id, supporting_project_id) VALUES (118, (SELECT projects.start_date + INTERVAL 37 DAY FROM projects WHERE projects.id=1), 1, 118, 118);
INSERT INTO supporting_packages(id, option_list, package_count, order_id, project_package_id, supporting_project_id) VALUES (118, '["기본"]', 9, 118, 1, 118);
INSERT INTO supporting_projects(supporting_project_id, supported_at, delivery_id, payment_id, project_id, user_id) VALUES (119, (SELECT projects.start_date + INTERVAL 2 DAY FROM projects WHERE projects.id=1), 1, 119, 1, 8);
INSERT INTO orders (order_id, created_at, delivery_id, payment_id, supporting_project_id) VALUES (119, (SELECT projects.start_date + INTERVAL 2 DAY FROM projects WHERE projects.id=1), 1, 119, 119);
INSERT INTO supporting_packages(id, option_list, package_count, order_id, project_package_id, supporting_project_id) VALUES (119, '["기본"]', 4, 119, 1, 119);
INSERT INTO supporting_projects(supporting_project_id, supported_at, delivery_id, payment_id, project_id, user_id) VALUES (120, (SELECT projects.start_date + INTERVAL 23 DAY FROM projects WHERE projects.id=1), 1, 120, 1, 29);
INSERT INTO orders (order_id, created_at, delivery_id, payment_id, supporting_project_id) VALUES (120, (SELECT projects.start_date + INTERVAL 23 DAY FROM projects WHERE projects.id=1), 1, 120, 120);
INSERT INTO supporting_packages(id, option_list, package_count, order_id, project_package_id, supporting_project_id) VALUES (120, '["기본"]', 10, 120, 1, 120);
INSERT INTO supporting_projects(supporting_project_id, supported_at, delivery_id, payment_id, project_id, user_id) VALUES (121, (SELECT projects.start_date + INTERVAL 28 DAY FROM projects WHERE projects.id=1), 1, 121, 1, 38);
INSERT INTO orders (order_id, created_at, delivery_id, payment_id, supporting_project_id) VALUES (121, (SELECT projects.start_date + INTERVAL 28 DAY FROM projects WHERE projects.id=1), 1, 121, 121);
INSERT INTO supporting_packages(id, option_list, package_count, order_id, project_package_id, supporting_project_id) VALUES (121, '["기본"]', 9, 121, 1, 121);
INSERT INTO supporting_projects(supporting_project_id, supported_at, delivery_id, payment_id, project_id, user_id) VALUES (122, (SELECT projects.start_date + INTERVAL 37 DAY FROM projects WHERE projects.id=1), 1, 122, 1, 17);
INSERT INTO orders (order_id, created_at, delivery_id, payment_id, supporting_project_id) VALUES (122, (SELECT projects.start_date + INTERVAL 37 DAY FROM projects WHERE projects.id=1), 1, 122, 122);
INSERT INTO supporting_packages(id, option_list, package_count, order_id, project_package_id, supporting_project_id) VALUES (122, '["기본"]', 8, 122, 1, 122);
INSERT INTO supporting_projects(supporting_project_id, supported_at, delivery_id, payment_id, project_id, user_id) VALUES (123, (SELECT projects.start_date + INTERVAL 24 DAY FROM projects WHERE projects.id=1), 1, 123, 1, 37);
INSERT INTO orders (order_id, created_at, delivery_id, payment_id, supporting_project_id) VALUES (123, (SELECT projects.start_date + INTERVAL 24 DAY FROM projects WHERE projects.id=1), 1, 123, 123);
INSERT INTO supporting_packages(id, option_list, package_count, order_id, project_package_id, supporting_project_id) VALUES (123, '["기본"]', 7, 123, 1, 123);
INSERT INTO supporting_projects(supporting_project_id, supported_at, delivery_id, payment_id, project_id, user_id) VALUES (124, (SELECT projects.start_date + INTERVAL 6 DAY FROM projects WHERE projects.id=1), 1, 124, 1, 12);
INSERT INTO orders (order_id, created_at, delivery_id, payment_id, supporting_project_id) VALUES (124, (SELECT projects.start_date + INTERVAL 6 DAY FROM projects WHERE projects.id=1), 1, 124, 124);
INSERT INTO supporting_packages(id, option_list, package_count, order_id, project_package_id, supporting_project_id) VALUES (124, '["프리미엄"]', 1, 124, 1, 124);
INSERT INTO supporting_projects(supporting_project_id, supported_at, delivery_id, payment_id, project_id, user_id) VALUES (125, (SELECT projects.start_date + INTERVAL 7 DAY FROM projects WHERE projects.id=1), 1, 125, 1, 25);
INSERT INTO orders (order_id, created_at, delivery_id, payment_id, supporting_project_id) VALUES (125, (SELECT projects.start_date + INTERVAL 7 DAY FROM projects WHERE projects.id=1), 1, 125, 125);
INSERT INTO supporting_packages(id, option_list, package_count, order_id, project_package_id, supporting_project_id) VALUES (125, '["프리미엄"]', 1, 125, 1, 125);
INSERT INTO supporting_projects(supporting_project_id, supported_at, delivery_id, payment_id, project_id, user_id) VALUES (126, (SELECT projects.start_date + INTERVAL 41 DAY FROM projects WHERE projects.id=1), 1, 126, 1, 11);
INSERT INTO orders (order_id, created_at, delivery_id, payment_id, supporting_project_id) VALUES (126, (SELECT projects.start_date + INTERVAL 41 DAY FROM projects WHERE projects.id=1), 1, 126, 126);
INSERT INTO supporting_packages(id, option_list, package_count, order_id, project_package_id, supporting_project_id) VALUES (126, '["기본"]', 2, 126, 1, 126);
INSERT INTO supporting_projects(supporting_project_id, supported_at, delivery_id, payment_id, project_id, user_id) VALUES (127, (SELECT projects.start_date + INTERVAL 34 DAY FROM projects WHERE projects.id=1), 1, 127, 1, 20);
INSERT INTO orders (order_id, created_at, delivery_id, payment_id, supporting_project_id) VALUES (127, (SELECT projects.start_date + INTERVAL 34 DAY FROM projects WHERE projects.id=1), 1, 127, 127);
INSERT INTO supporting_packages(id, option_list, package_count, order_id, project_package_id, supporting_project_id) VALUES (127, '["프리미엄"]', 7, 127, 1, 127);
INSERT INTO supporting_projects(supporting_project_id, supported_at, delivery_id, payment_id, project_id, user_id) VALUES (128, (SELECT projects.start_date + INTERVAL 21 DAY FROM projects WHERE projects.id=1), 1, 128, 1, 12);
INSERT INTO orders (order_id, created_at, delivery_id, payment_id, supporting_project_id) VALUES (128, (SELECT projects.start_date + INTERVAL 21 DAY FROM projects WHERE projects.id=1), 1, 128, 128);
INSERT INTO supporting_packages(id, option_list, package_count, order_id, project_package_id, supporting_project_id) VALUES (128, '["기본"]', 8, 128, 1, 128);
INSERT INTO supporting_projects(supporting_project_id, supported_at, delivery_id, payment_id, project_id, user_id) VALUES (129, (SELECT projects.start_date + INTERVAL 22 DAY FROM projects WHERE projects.id=1), 1, 129, 1, 38);
INSERT INTO orders (order_id, created_at, delivery_id, payment_id, supporting_project_id) VALUES (129, (SELECT projects.start_date + INTERVAL 22 DAY FROM projects WHERE projects.id=1), 1, 129, 129);
INSERT INTO supporting_packages(id, option_list, package_count, order_id, project_package_id, supporting_project_id) VALUES (129, '["프리미엄"]', 10, 129, 1, 129);
INSERT INTO supporting_projects(supporting_project_id, supported_at, delivery_id, payment_id, project_id, user_id) VALUES (130, (SELECT projects.start_date + INTERVAL 45 DAY FROM projects WHERE projects.id=1), 1, 130, 1, 9);
INSERT INTO orders (order_id, created_at, delivery_id, payment_id, supporting_project_id) VALUES (130, (SELECT projects.start_date + INTERVAL 45 DAY FROM projects WHERE projects.id=1), 1, 130, 130);
INSERT INTO supporting_packages(id, option_list, package_count, order_id, project_package_id, supporting_project_id) VALUES (130, '["기본"]', 4, 130, 1, 130);
INSERT INTO supporting_projects(supporting_project_id, supported_at, delivery_id, payment_id, project_id, user_id) VALUES (131, (SELECT projects.start_date + INTERVAL 30 DAY FROM projects WHERE projects.id=1), 1, 131, 1, 11);
INSERT INTO orders (order_id, created_at, delivery_id, payment_id, supporting_project_id) VALUES (131, (SELECT projects.start_date + INTERVAL 30 DAY FROM projects WHERE projects.id=1), 1, 131, 131);
INSERT INTO supporting_packages(id, option_list, package_count, order_id, project_package_id, supporting_project_id) VALUES (131, '["프리미엄"]', 5, 131, 1, 131);
INSERT INTO supporting_projects(supporting_project_id, supported_at, delivery_id, payment_id, project_id, user_id) VALUES (132, (SELECT projects.start_date + INTERVAL 13 DAY FROM projects WHERE projects.id=1), 1, 132, 1, 24);
INSERT INTO orders (order_id, created_at, delivery_id, payment_id, supporting_project_id) VALUES (132, (SELECT projects.start_date + INTERVAL 13 DAY FROM projects WHERE projects.id=1), 1, 132, 132);
INSERT INTO supporting_packages(id, option_list, package_count, order_id, project_package_id, supporting_project_id) VALUES (132, '["기본"]', 5, 132, 1, 132);
INSERT INTO supporting_projects(supporting_project_id, supported_at, delivery_id, payment_id, project_id, user_id) VALUES (133, (SELECT projects.start_date + INTERVAL 36 DAY FROM projects WHERE projects.id=3), 1, 133, 3, 28);
INSERT INTO orders (order_id, created_at, delivery_id, payment_id, supporting_project_id) VALUES (133, (SELECT projects.start_date + INTERVAL 36 DAY FROM projects WHERE projects.id=3), 1, 133, 133);
INSERT INTO supporting_packages(id, option_list, package_count, order_id, project_package_id, supporting_project_id) VALUES (133, '["트렌드 분석 보고서"]', 10, 133, 3, 133);
INSERT INTO supporting_projects(supporting_project_id, supported_at, delivery_id, payment_id, project_id, user_id) VALUES (134, (SELECT projects.start_date + INTERVAL 32 DAY FROM projects WHERE projects.id=3), 1, 134, 3, 38);
INSERT INTO orders (order_id, created_at, delivery_id, payment_id, supporting_project_id) VALUES (134, (SELECT projects.start_date + INTERVAL 32 DAY FROM projects WHERE projects.id=3), 1, 134, 134);
INSERT INTO supporting_packages(id, option_list, package_count, order_id, project_package_id, supporting_project_id) VALUES (134, '["트렌드 분석 보고서"]', 3, 134, 3, 134);
INSERT INTO supporting_projects(supporting_project_id, supported_at, delivery_id, payment_id, project_id, user_id) VALUES (135, (SELECT projects.start_date + INTERVAL 42 DAY FROM projects WHERE projects.id=3), 1, 135, 3, 36);
INSERT INTO orders (order_id, created_at, delivery_id, payment_id, supporting_project_id) VALUES (135, (SELECT projects.start_date + INTERVAL 42 DAY FROM projects WHERE projects.id=3), 1, 135, 135);
INSERT INTO supporting_packages(id, option_list, package_count, order_id, project_package_id, supporting_project_id) VALUES (135, '["개인 컨설팅"]', 2, 135, 3, 135);
INSERT INTO supporting_projects(supporting_project_id, supported_at, delivery_id, payment_id, project_id, user_id) VALUES (136, (SELECT projects.start_date + INTERVAL 40 DAY FROM projects WHERE projects.id=3), 1, 136, 3, 13);
INSERT INTO orders (order_id, created_at, delivery_id, payment_id, supporting_project_id) VALUES (136, (SELECT projects.start_date + INTERVAL 40 DAY FROM projects WHERE projects.id=3), 1, 136, 136);
INSERT INTO supporting_packages(id, option_list, package_count, order_id, project_package_id, supporting_project_id) VALUES (136, '["개인 컨설팅"]', 3, 136, 3, 136);
INSERT INTO supporting_projects(supporting_project_id, supported_at, delivery_id, payment_id, project_id, user_id) VALUES (137, (SELECT projects.start_date + INTERVAL 42 DAY FROM projects WHERE projects.id=3), 1, 137, 3, 32);
INSERT INTO orders (order_id, created_at, delivery_id, payment_id, supporting_project_id) VALUES (137, (SELECT projects.start_date + INTERVAL 42 DAY FROM projects WHERE projects.id=3), 1, 137, 137);
INSERT INTO supporting_packages(id, option_list, package_count, order_id, project_package_id, supporting_project_id) VALUES (137, '["트렌드 분석 보고서"]', 2, 137, 3, 137);
INSERT INTO supporting_projects(supporting_project_id, supported_at, delivery_id, payment_id, project_id, user_id) VALUES (138, (SELECT projects.start_date + INTERVAL 22 DAY FROM projects WHERE projects.id=3), 1, 138, 3, 39);
INSERT INTO orders (order_id, created_at, delivery_id, payment_id, supporting_project_id) VALUES (138, (SELECT projects.start_date + INTERVAL 22 DAY FROM projects WHERE projects.id=3), 1, 138, 138);
INSERT INTO supporting_packages(id, option_list, package_count, order_id, project_package_id, supporting_project_id) VALUES (138, '["트렌드 분석 보고서"]', 7, 138, 3, 138);
INSERT INTO supporting_projects(supporting_project_id, supported_at, delivery_id, payment_id, project_id, user_id) VALUES (139, (SELECT projects.start_date + INTERVAL 34 DAY FROM projects WHERE projects.id=3), 1, 139, 3, 4);
INSERT INTO orders (order_id, created_at, delivery_id, payment_id, supporting_project_id) VALUES (139, (SELECT projects.start_date + INTERVAL 34 DAY FROM projects WHERE projects.id=3), 1, 139, 139);
INSERT INTO supporting_packages(id, option_list, package_count, order_id, project_package_id, supporting_project_id) VALUES (139, '["트렌드 분석 보고서"]', 7, 139, 3, 139);
INSERT INTO supporting_projects(supporting_project_id, supported_at, delivery_id, payment_id, project_id, user_id) VALUES (140, (SELECT projects.start_date + INTERVAL 23 DAY FROM projects WHERE projects.id=3), 1, 140, 3, 13);
INSERT INTO orders (order_id, created_at, delivery_id, payment_id, supporting_project_id) VALUES (140, (SELECT projects.start_date + INTERVAL 23 DAY FROM projects WHERE projects.id=3), 1, 140, 140);
INSERT INTO supporting_packages(id, option_list, package_count, order_id, project_package_id, supporting_project_id) VALUES (140, '["개인 컨설팅"]', 8, 140, 3, 140);
INSERT INTO supporting_projects(supporting_project_id, supported_at, delivery_id, payment_id, project_id, user_id) VALUES (141, (SELECT projects.start_date + INTERVAL 19 DAY FROM projects WHERE projects.id=3), 1, 141, 3, 35);
INSERT INTO orders (order_id, created_at, delivery_id, payment_id, supporting_project_id) VALUES (141, (SELECT projects.start_date + INTERVAL 19 DAY FROM projects WHERE projects.id=3), 1, 141, 141);
INSERT INTO supporting_packages(id, option_list, package_count, order_id, project_package_id, supporting_project_id) VALUES (141, '["트렌드 분석 보고서"]', 6, 141, 3, 141);
INSERT INTO supporting_projects(supporting_project_id, supported_at, delivery_id, payment_id, project_id, user_id) VALUES (142, (SELECT projects.start_date + INTERVAL 16 DAY FROM projects WHERE projects.id=3), 1, 142, 3, 24);
INSERT INTO orders (order_id, created_at, delivery_id, payment_id, supporting_project_id) VALUES (142, (SELECT projects.start_date + INTERVAL 16 DAY FROM projects WHERE projects.id=3), 1, 142, 142);
INSERT INTO supporting_packages(id, option_list, package_count, order_id, project_package_id, supporting_project_id) VALUES (142, '["트렌드 분석 보고서"]', 4, 142, 3, 142);
INSERT INTO supporting_projects(supporting_project_id, supported_at, delivery_id, payment_id, project_id, user_id) VALUES (143, (SELECT projects.start_date + INTERVAL 43 DAY FROM projects WHERE projects.id=3), 1, 143, 3, 20);
INSERT INTO orders (order_id, created_at, delivery_id, payment_id, supporting_project_id) VALUES (143, (SELECT projects.start_date + INTERVAL 43 DAY FROM projects WHERE projects.id=3), 1, 143, 143);
INSERT INTO supporting_packages(id, option_list, package_count, order_id, project_package_id, supporting_project_id) VALUES (143, '["트렌드 분석 보고서"]', 5, 143, 3, 143);
INSERT INTO supporting_projects(supporting_project_id, supported_at, delivery_id, payment_id, project_id, user_id) VALUES (144, (SELECT projects.start_date + INTERVAL 42 DAY FROM projects WHERE projects.id=3), 1, 144, 3, 25);
INSERT INTO orders (order_id, created_at, delivery_id, payment_id, supporting_project_id) VALUES (144, (SELECT projects.start_date + INTERVAL 42 DAY FROM projects WHERE projects.id=3), 1, 144, 144);
INSERT INTO supporting_packages(id, option_list, package_count, order_id, project_package_id, supporting_project_id) VALUES (144, '["트렌드 분석 보고서"]', 7, 144, 3, 144);
INSERT INTO supporting_projects(supporting_project_id, supported_at, delivery_id, payment_id, project_id, user_id) VALUES (145, (SELECT projects.start_date + INTERVAL 3 DAY FROM projects WHERE projects.id=3), 1, 145, 3, 35);
INSERT INTO orders (order_id, created_at, delivery_id, payment_id, supporting_project_id) VALUES (145, (SELECT projects.start_date + INTERVAL 3 DAY FROM projects WHERE projects.id=3), 1, 145, 145);
INSERT INTO supporting_packages(id, option_list, package_count, order_id, project_package_id, supporting_project_id) VALUES (145, '["개인 컨설팅"]', 5, 145, 3, 145);
INSERT INTO supporting_projects(supporting_project_id, supported_at, delivery_id, payment_id, project_id, user_id) VALUES (146, (SELECT projects.start_date + INTERVAL 32 DAY FROM projects WHERE projects.id=3), 1, 146, 3, 13);
INSERT INTO orders (order_id, created_at, delivery_id, payment_id, supporting_project_id) VALUES (146, (SELECT projects.start_date + INTERVAL 32 DAY FROM projects WHERE projects.id=3), 1, 146, 146);
INSERT INTO supporting_packages(id, option_list, package_count, order_id, project_package_id, supporting_project_id) VALUES (146, '["트렌드 분석 보고서"]', 4, 146, 3, 146);
INSERT INTO supporting_projects(supporting_project_id, supported_at, delivery_id, payment_id, project_id, user_id) VALUES (147, (SELECT projects.start_date + INTERVAL 27 DAY FROM projects WHERE projects.id=3), 1, 147, 3, 12);
INSERT INTO orders (order_id, created_at, delivery_id, payment_id, supporting_project_id) VALUES (147, (SELECT projects.start_date + INTERVAL 27 DAY FROM projects WHERE projects.id=3), 1, 147, 147);
INSERT INTO supporting_packages(id, option_list, package_count, order_id, project_package_id, supporting_project_id) VALUES (147, '["트렌드 분석 보고서"]', 1, 147, 3, 147);
INSERT INTO supporting_projects(supporting_project_id, supported_at, delivery_id, payment_id, project_id, user_id) VALUES (148, (SELECT projects.start_date + INTERVAL 22 DAY FROM projects WHERE projects.id=3), 1, 148, 3, 1);
INSERT INTO orders (order_id, created_at, delivery_id, payment_id, supporting_project_id) VALUES (148, (SELECT projects.start_date + INTERVAL 22 DAY FROM projects WHERE projects.id=3), 1, 148, 148);
INSERT INTO supporting_packages(id, option_list, package_count, order_id, project_package_id, supporting_project_id) VALUES (148, '["트렌드 분석 보고서"]', 7, 148, 3, 148);
INSERT INTO supporting_projects(supporting_project_id, supported_at, delivery_id, payment_id, project_id, user_id) VALUES (149, (SELECT projects.start_date + INTERVAL 40 DAY FROM projects WHERE projects.id=3), 1, 149, 3, 4);
INSERT INTO orders (order_id, created_at, delivery_id, payment_id, supporting_project_id) VALUES (149, (SELECT projects.start_date + INTERVAL 40 DAY FROM projects WHERE projects.id=3), 1, 149, 149);
INSERT INTO supporting_packages(id, option_list, package_count, order_id, project_package_id, supporting_project_id) VALUES (149, '["트렌드 분석 보고서"]', 2, 149, 3, 149);
INSERT INTO supporting_projects(supporting_project_id, supported_at, delivery_id, payment_id, project_id, user_id) VALUES (150, (SELECT projects.start_date + INTERVAL 37 DAY FROM projects WHERE projects.id=3), 1, 150, 3, 31);
INSERT INTO orders (order_id, created_at, delivery_id, payment_id, supporting_project_id) VALUES (150, (SELECT projects.start_date + INTERVAL 37 DAY FROM projects WHERE projects.id=3), 1, 150, 150);
INSERT INTO supporting_packages(id, option_list, package_count, order_id, project_package_id, supporting_project_id) VALUES (150, '["개인 컨설팅"]', 1, 150, 3, 150);
INSERT INTO supporting_projects(supporting_project_id, supported_at, delivery_id, payment_id, project_id, user_id) VALUES (151, (SELECT projects.start_date + INTERVAL 33 DAY FROM projects WHERE projects.id=3), 1, 151, 3, 28);
INSERT INTO orders (order_id, created_at, delivery_id, payment_id, supporting_project_id) VALUES (151, (SELECT projects.start_date + INTERVAL 33 DAY FROM projects WHERE projects.id=3), 1, 151, 151);
INSERT INTO supporting_packages(id, option_list, package_count, order_id, project_package_id, supporting_project_id) VALUES (151, '["트렌드 분석 보고서"]', 9, 151, 3, 151);
INSERT INTO supporting_projects(supporting_project_id, supported_at, delivery_id, payment_id, project_id, user_id) VALUES (152, (SELECT projects.start_date + INTERVAL 20 DAY FROM projects WHERE projects.id=3), 1, 152, 3, 36);
INSERT INTO orders (order_id, created_at, delivery_id, payment_id, supporting_project_id) VALUES (152, (SELECT projects.start_date + INTERVAL 20 DAY FROM projects WHERE projects.id=3), 1, 152, 152);
INSERT INTO supporting_packages(id, option_list, package_count, order_id, project_package_id, supporting_project_id) VALUES (152, '["개인 컨설팅"]', 7, 152, 3, 152);
INSERT INTO supporting_projects(supporting_project_id, supported_at, delivery_id, payment_id, project_id, user_id) VALUES (153, (SELECT projects.start_date + INTERVAL 22 DAY FROM projects WHERE projects.id=3), 1, 153, 3, 2);
INSERT INTO orders (order_id, created_at, delivery_id, payment_id, supporting_project_id) VALUES (153, (SELECT projects.start_date + INTERVAL 22 DAY FROM projects WHERE projects.id=3), 1, 153, 153);
INSERT INTO supporting_packages(id, option_list, package_count, order_id, project_package_id, supporting_project_id) VALUES (153, '["개인 컨설팅"]', 6, 153, 3, 153);
INSERT INTO supporting_projects(supporting_project_id, supported_at, delivery_id, payment_id, project_id, user_id) VALUES (154, (SELECT projects.start_date + INTERVAL 40 DAY FROM projects WHERE projects.id=3), 1, 154, 3, 16);
INSERT INTO orders (order_id, created_at, delivery_id, payment_id, supporting_project_id) VALUES (154, (SELECT projects.start_date + INTERVAL 40 DAY FROM projects WHERE projects.id=3), 1, 154, 154);
INSERT INTO supporting_packages(id, option_list, package_count, order_id, project_package_id, supporting_project_id) VALUES (154, '["트렌드 분석 보고서"]', 2, 154, 3, 154);
INSERT INTO supporting_projects(supporting_project_id, supported_at, delivery_id, payment_id, project_id, user_id) VALUES (155, (SELECT projects.start_date + INTERVAL 7 DAY FROM projects WHERE projects.id=3), 1, 155, 3, 1);
INSERT INTO orders (order_id, created_at, delivery_id, payment_id, supporting_project_id) VALUES (155, (SELECT projects.start_date + INTERVAL 7 DAY FROM projects WHERE projects.id=3), 1, 155, 155);
INSERT INTO supporting_packages(id, option_list, package_count, order_id, project_package_id, supporting_project_id) VALUES (155, '["트렌드 분석 보고서"]', 7, 155, 3, 155);
INSERT INTO supporting_projects(supporting_project_id, supported_at, delivery_id, payment_id, project_id, user_id) VALUES (156, (SELECT projects.start_date + INTERVAL 46 DAY FROM projects WHERE projects.id=3), 1, 156, 3, 33);
INSERT INTO orders (order_id, created_at, delivery_id, payment_id, supporting_project_id) VALUES (156, (SELECT projects.start_date + INTERVAL 46 DAY FROM projects WHERE projects.id=3), 1, 156, 156);
INSERT INTO supporting_packages(id, option_list, package_count, order_id, project_package_id, supporting_project_id) VALUES (156, '["트렌드 분석 보고서"]', 5, 156, 3, 156);
INSERT INTO supporting_projects(supporting_project_id, supported_at, delivery_id, payment_id, project_id, user_id) VALUES (157, (SELECT projects.start_date + INTERVAL 37 DAY FROM projects WHERE projects.id=3), 1, 157, 3, 27);
INSERT INTO orders (order_id, created_at, delivery_id, payment_id, supporting_project_id) VALUES (157, (SELECT projects.start_date + INTERVAL 37 DAY FROM projects WHERE projects.id=3), 1, 157, 157);
INSERT INTO supporting_packages(id, option_list, package_count, order_id, project_package_id, supporting_project_id) VALUES (157, '["트렌드 분석 보고서"]', 1, 157, 3, 157);
INSERT INTO supporting_projects(supporting_project_id, supported_at, delivery_id, payment_id, project_id, user_id) VALUES (158, (SELECT projects.start_date + INTERVAL 18 DAY FROM projects WHERE projects.id=3), 1, 158, 3, 23);
INSERT INTO orders (order_id, created_at, delivery_id, payment_id, supporting_project_id) VALUES (158, (SELECT projects.start_date + INTERVAL 18 DAY FROM projects WHERE projects.id=3), 1, 158, 158);
INSERT INTO supporting_packages(id, option_list, package_count, order_id, project_package_id, supporting_project_id) VALUES (158, '["개인 컨설팅"]', 9, 158, 3, 158);
INSERT INTO supporting_projects(supporting_project_id, supported_at, delivery_id, payment_id, project_id, user_id) VALUES (159, (SELECT projects.start_date + INTERVAL 1 DAY FROM projects WHERE projects.id=3), 1, 159, 3, 26);
INSERT INTO orders (order_id, created_at, delivery_id, payment_id, supporting_project_id) VALUES (159, (SELECT projects.start_date + INTERVAL 1 DAY FROM projects WHERE projects.id=3), 1, 159, 159);
INSERT INTO supporting_packages(id, option_list, package_count, order_id, project_package_id, supporting_project_id) VALUES (159, '["트렌드 분석 보고서"]', 7, 159, 3, 159);
INSERT INTO supporting_projects(supporting_project_id, supported_at, delivery_id, payment_id, project_id, user_id) VALUES (160, (SELECT projects.start_date + INTERVAL 19 DAY FROM projects WHERE projects.id=3), 1, 160, 3, 23);
INSERT INTO orders (order_id, created_at, delivery_id, payment_id, supporting_project_id) VALUES (160, (SELECT projects.start_date + INTERVAL 19 DAY FROM projects WHERE projects.id=3), 1, 160, 160);
INSERT INTO supporting_packages(id, option_list, package_count, order_id, project_package_id, supporting_project_id) VALUES (160, '["개인 컨설팅"]', 4, 160, 3, 160);
INSERT INTO supporting_projects(supporting_project_id, supported_at, delivery_id, payment_id, project_id, user_id) VALUES (161, (SELECT projects.start_date + INTERVAL 28 DAY FROM projects WHERE projects.id=3), 1, 161, 3, 10);
INSERT INTO orders (order_id, created_at, delivery_id, payment_id, supporting_project_id) VALUES (161, (SELECT projects.start_date + INTERVAL 28 DAY FROM projects WHERE projects.id=3), 1, 161, 161);
INSERT INTO supporting_packages(id, option_list, package_count, order_id, project_package_id, supporting_project_id) VALUES (161, '["트렌드 분석 보고서"]', 7, 161, 3, 161);
INSERT INTO supporting_projects(supporting_project_id, supported_at, delivery_id, payment_id, project_id, user_id) VALUES (162, (SELECT projects.start_date + INTERVAL 4 DAY FROM projects WHERE projects.id=3), 1, 162, 3, 27);
INSERT INTO orders (order_id, created_at, delivery_id, payment_id, supporting_project_id) VALUES (162, (SELECT projects.start_date + INTERVAL 4 DAY FROM projects WHERE projects.id=3), 1, 162, 162);
INSERT INTO supporting_packages(id, option_list, package_count, order_id, project_package_id, supporting_project_id) VALUES (162, '["트렌드 분석 보고서"]', 10, 162, 3, 162);
INSERT INTO supporting_projects(supporting_project_id, supported_at, delivery_id, payment_id, project_id, user_id) VALUES (163, (SELECT projects.start_date + INTERVAL 13 DAY FROM projects WHERE projects.id=3), 1, 163, 3, 14);
INSERT INTO orders (order_id, created_at, delivery_id, payment_id, supporting_project_id) VALUES (163, (SELECT projects.start_date + INTERVAL 13 DAY FROM projects WHERE projects.id=3), 1, 163, 163);
INSERT INTO supporting_packages(id, option_list, package_count, order_id, project_package_id, supporting_project_id) VALUES (163, '["개인 컨설팅"]', 9, 163, 3, 163);
INSERT INTO supporting_projects(supporting_project_id, supported_at, delivery_id, payment_id, project_id, user_id) VALUES (164, (SELECT projects.start_date + INTERVAL 38 DAY FROM projects WHERE projects.id=3), 1, 164, 3, 17);
INSERT INTO orders (order_id, created_at, delivery_id, payment_id, supporting_project_id) VALUES (164, (SELECT projects.start_date + INTERVAL 38 DAY FROM projects WHERE projects.id=3), 1, 164, 164);
INSERT INTO supporting_packages(id, option_list, package_count, order_id, project_package_id, supporting_project_id) VALUES (164, '["트렌드 분석 보고서"]', 5, 164, 3, 164);
INSERT INTO supporting_projects(supporting_project_id, supported_at, delivery_id, payment_id, project_id, user_id) VALUES (165, (SELECT projects.start_date + INTERVAL 30 DAY FROM projects WHERE projects.id=3), 1, 165, 3, 17);
INSERT INTO orders (order_id, created_at, delivery_id, payment_id, supporting_project_id) VALUES (165, (SELECT projects.start_date + INTERVAL 30 DAY FROM projects WHERE projects.id=3), 1, 165, 165);
INSERT INTO supporting_packages(id, option_list, package_count, order_id, project_package_id, supporting_project_id) VALUES (165, '["개인 컨설팅"]', 8, 165, 3, 165);
INSERT INTO supporting_projects(supporting_project_id, supported_at, delivery_id, payment_id, project_id, user_id) VALUES (166, (SELECT projects.start_date + INTERVAL 38 DAY FROM projects WHERE projects.id=3), 1, 166, 3, 9);
INSERT INTO orders (order_id, created_at, delivery_id, payment_id, supporting_project_id) VALUES (166, (SELECT projects.start_date + INTERVAL 38 DAY FROM projects WHERE projects.id=3), 1, 166, 166);
INSERT INTO supporting_packages(id, option_list, package_count, order_id, project_package_id, supporting_project_id) VALUES (166, '["개인 컨설팅"]', 4, 166, 3, 166);
INSERT INTO supporting_projects(supporting_project_id, supported_at, delivery_id, payment_id, project_id, user_id) VALUES (167, (SELECT projects.start_date + INTERVAL 9 DAY FROM projects WHERE projects.id=3), 1, 167, 3, 34);
INSERT INTO orders (order_id, created_at, delivery_id, payment_id, supporting_project_id) VALUES (167, (SELECT projects.start_date + INTERVAL 9 DAY FROM projects WHERE projects.id=3), 1, 167, 167);
INSERT INTO supporting_packages(id, option_list, package_count, order_id, project_package_id, supporting_project_id) VALUES (167, '["트렌드 분석 보고서"]', 1, 167, 3, 167);
INSERT INTO supporting_projects(supporting_project_id, supported_at, delivery_id, payment_id, project_id, user_id) VALUES (168, (SELECT projects.start_date + INTERVAL 38 DAY FROM projects WHERE projects.id=3), 1, 168, 3, 18);
INSERT INTO orders (order_id, created_at, delivery_id, payment_id, supporting_project_id) VALUES (168, (SELECT projects.start_date + INTERVAL 38 DAY FROM projects WHERE projects.id=3), 1, 168, 168);
INSERT INTO supporting_packages(id, option_list, package_count, order_id, project_package_id, supporting_project_id) VALUES (168, '["트렌드 분석 보고서"]', 1, 168, 3, 168);
INSERT INTO supporting_projects(supporting_project_id, supported_at, delivery_id, payment_id, project_id, user_id) VALUES (169, (SELECT projects.start_date + INTERVAL 43 DAY FROM projects WHERE projects.id=3), 1, 169, 3, 38);
INSERT INTO orders (order_id, created_at, delivery_id, payment_id, supporting_project_id) VALUES (169, (SELECT projects.start_date + INTERVAL 43 DAY FROM projects WHERE projects.id=3), 1, 169, 169);
INSERT INTO supporting_packages(id, option_list, package_count, order_id, project_package_id, supporting_project_id) VALUES (169, '["개인 컨설팅"]', 1, 169, 3, 169);
INSERT INTO supporting_projects(supporting_project_id, supported_at, delivery_id, payment_id, project_id, user_id) VALUES (170, (SELECT projects.start_date + INTERVAL 17 DAY FROM projects WHERE projects.id=3), 1, 170, 3, 11);
INSERT INTO orders (order_id, created_at, delivery_id, payment_id, supporting_project_id) VALUES (170, (SELECT projects.start_date + INTERVAL 17 DAY FROM projects WHERE projects.id=3), 1, 170, 170);
INSERT INTO supporting_packages(id, option_list, package_count, order_id, project_package_id, supporting_project_id) VALUES (170, '["개인 컨설팅"]', 7, 170, 3, 170);
INSERT INTO supporting_projects(supporting_project_id, supported_at, delivery_id, payment_id, project_id, user_id) VALUES (171, (SELECT projects.start_date + INTERVAL 36 DAY FROM projects WHERE projects.id=3), 1, 171, 3, 19);
INSERT INTO orders (order_id, created_at, delivery_id, payment_id, supporting_project_id) VALUES (171, (SELECT projects.start_date + INTERVAL 36 DAY FROM projects WHERE projects.id=3), 1, 171, 171);
INSERT INTO supporting_packages(id, option_list, package_count, order_id, project_package_id, supporting_project_id) VALUES (171, '["트렌드 분석 보고서"]', 10, 171, 3, 171);
INSERT INTO supporting_projects(supporting_project_id, supported_at, delivery_id, payment_id, project_id, user_id) VALUES (172, (SELECT projects.start_date + INTERVAL 7 DAY FROM projects WHERE projects.id=3), 1, 172, 3, 23);
INSERT INTO orders (order_id, created_at, delivery_id, payment_id, supporting_project_id) VALUES (172, (SELECT projects.start_date + INTERVAL 7 DAY FROM projects WHERE projects.id=3), 1, 172, 172);
INSERT INTO supporting_packages(id, option_list, package_count, order_id, project_package_id, supporting_project_id) VALUES (172, '["개인 컨설팅"]', 6, 172, 3, 172);
INSERT INTO supporting_projects(supporting_project_id, supported_at, delivery_id, payment_id, project_id, user_id) VALUES (173, (SELECT projects.start_date + INTERVAL 10 DAY FROM projects WHERE projects.id=3), 1, 173, 3, 27);
INSERT INTO orders (order_id, created_at, delivery_id, payment_id, supporting_project_id) VALUES (173, (SELECT projects.start_date + INTERVAL 10 DAY FROM projects WHERE projects.id=3), 1, 173, 173);
INSERT INTO supporting_packages(id, option_list, package_count, order_id, project_package_id, supporting_project_id) VALUES (173, '["개인 컨설팅"]', 9, 173, 3, 173);
INSERT INTO supporting_projects(supporting_project_id, supported_at, delivery_id, payment_id, project_id, user_id) VALUES (174, (SELECT projects.start_date + INTERVAL 4 DAY FROM projects WHERE projects.id=3), 1, 174, 3, 29);
INSERT INTO orders (order_id, created_at, delivery_id, payment_id, supporting_project_id) VALUES (174, (SELECT projects.start_date + INTERVAL 4 DAY FROM projects WHERE projects.id=3), 1, 174, 174);
INSERT INTO supporting_packages(id, option_list, package_count, order_id, project_package_id, supporting_project_id) VALUES (174, '["트렌드 분석 보고서"]', 2, 174, 3, 174);
INSERT INTO supporting_projects(supporting_project_id, supported_at, delivery_id, payment_id, project_id, user_id) VALUES (175, (SELECT projects.start_date + INTERVAL 5 DAY FROM projects WHERE projects.id=3), 1, 175, 3, 15);
INSERT INTO orders (order_id, created_at, delivery_id, payment_id, supporting_project_id) VALUES (175, (SELECT projects.start_date + INTERVAL 5 DAY FROM projects WHERE projects.id=3), 1, 175, 175);
INSERT INTO supporting_packages(id, option_list, package_count, order_id, project_package_id, supporting_project_id) VALUES (175, '["트렌드 분석 보고서"]', 6, 175, 3, 175);
INSERT INTO supporting_projects(supporting_project_id, supported_at, delivery_id, payment_id, project_id, user_id) VALUES (176, (SELECT projects.start_date + INTERVAL 32 DAY FROM projects WHERE projects.id=3), 1, 176, 3, 34);
INSERT INTO orders (order_id, created_at, delivery_id, payment_id, supporting_project_id) VALUES (176, (SELECT projects.start_date + INTERVAL 32 DAY FROM projects WHERE projects.id=3), 1, 176, 176);
INSERT INTO supporting_packages(id, option_list, package_count, order_id, project_package_id, supporting_project_id) VALUES (176, '["트렌드 분석 보고서"]', 1, 176, 3, 176);
INSERT INTO supporting_projects(supporting_project_id, supported_at, delivery_id, payment_id, project_id, user_id) VALUES (177, (SELECT projects.start_date + INTERVAL 39 DAY FROM projects WHERE projects.id=3), 1, 177, 3, 1);
INSERT INTO orders (order_id, created_at, delivery_id, payment_id, supporting_project_id) VALUES (177, (SELECT projects.start_date + INTERVAL 39 DAY FROM projects WHERE projects.id=3), 1, 177, 177);
INSERT INTO supporting_packages(id, option_list, package_count, order_id, project_package_id, supporting_project_id) VALUES (177, '["트렌드 분석 보고서"]', 9, 177, 3, 177);
INSERT INTO supporting_projects(supporting_project_id, supported_at, delivery_id, payment_id, project_id, user_id) VALUES (178, (SELECT projects.start_date + INTERVAL 29 DAY FROM projects WHERE projects.id=3), 1, 178, 3, 23);
INSERT INTO orders (order_id, created_at, delivery_id, payment_id, supporting_project_id) VALUES (178, (SELECT projects.start_date + INTERVAL 29 DAY FROM projects WHERE projects.id=3), 1, 178, 178);
INSERT INTO supporting_packages(id, option_list, package_count, order_id, project_package_id, supporting_project_id) VALUES (178, '["개인 컨설팅"]', 7, 178, 3, 178);
INSERT INTO supporting_projects(supporting_project_id, supported_at, delivery_id, payment_id, project_id, user_id) VALUES (179, (SELECT projects.start_date + INTERVAL 5 DAY FROM projects WHERE projects.id=3), 1, 179, 3, 1);
INSERT INTO orders (order_id, created_at, delivery_id, payment_id, supporting_project_id) VALUES (179, (SELECT projects.start_date + INTERVAL 5 DAY FROM projects WHERE projects.id=3), 1, 179, 179);
INSERT INTO supporting_packages(id, option_list, package_count, order_id, project_package_id, supporting_project_id) VALUES (179, '["트렌드 분석 보고서"]', 6, 179, 3, 179);
INSERT INTO supporting_projects(supporting_project_id, supported_at, delivery_id, payment_id, project_id, user_id) VALUES (180, (SELECT projects.start_date + INTERVAL 21 DAY FROM projects WHERE projects.id=3), 1, 180, 3, 6);
INSERT INTO orders (order_id, created_at, delivery_id, payment_id, supporting_project_id) VALUES (180, (SELECT projects.start_date + INTERVAL 21 DAY FROM projects WHERE projects.id=3), 1, 180, 180);
INSERT INTO supporting_packages(id, option_list, package_count, order_id, project_package_id, supporting_project_id) VALUES (180, '["개인 컨설팅"]', 2, 180, 3, 180);
INSERT INTO supporting_projects(supporting_project_id, supported_at, delivery_id, payment_id, project_id, user_id) VALUES (181, (SELECT projects.start_date + INTERVAL 12 DAY FROM projects WHERE projects.id=3), 1, 181, 3, 37);
INSERT INTO orders (order_id, created_at, delivery_id, payment_id, supporting_project_id) VALUES (181, (SELECT projects.start_date + INTERVAL 12 DAY FROM projects WHERE projects.id=3), 1, 181, 181);
INSERT INTO supporting_packages(id, option_list, package_count, order_id, project_package_id, supporting_project_id) VALUES (181, '["개인 컨설팅"]', 7, 181, 3, 181);
INSERT INTO supporting_projects(supporting_project_id, supported_at, delivery_id, payment_id, project_id, user_id) VALUES (182, (SELECT projects.start_date + INTERVAL 41 DAY FROM projects WHERE projects.id=3), 1, 182, 3, 37);
INSERT INTO orders (order_id, created_at, delivery_id, payment_id, supporting_project_id) VALUES (182, (SELECT projects.start_date + INTERVAL 41 DAY FROM projects WHERE projects.id=3), 1, 182, 182);
INSERT INTO supporting_packages(id, option_list, package_count, order_id, project_package_id, supporting_project_id) VALUES (182, '["개인 컨설팅"]', 8, 182, 3, 182);
INSERT INTO supporting_projects(supporting_project_id, supported_at, delivery_id, payment_id, project_id, user_id) VALUES (183, (SELECT projects.start_date + INTERVAL 24 DAY FROM projects WHERE projects.id=3), 1, 183, 3, 33);
INSERT INTO orders (order_id, created_at, delivery_id, payment_id, supporting_project_id) VALUES (183, (SELECT projects.start_date + INTERVAL 24 DAY FROM projects WHERE projects.id=3), 1, 183, 183);
INSERT INTO supporting_packages(id, option_list, package_count, order_id, project_package_id, supporting_project_id) VALUES (183, '["트렌드 분석 보고서"]', 9, 183, 3, 183);
INSERT INTO supporting_projects(supporting_project_id, supported_at, delivery_id, payment_id, project_id, user_id) VALUES (184, (SELECT projects.start_date + INTERVAL 5 DAY FROM projects WHERE projects.id=3), 1, 184, 3, 13);
INSERT INTO orders (order_id, created_at, delivery_id, payment_id, supporting_project_id) VALUES (184, (SELECT projects.start_date + INTERVAL 5 DAY FROM projects WHERE projects.id=3), 1, 184, 184);
INSERT INTO supporting_packages(id, option_list, package_count, order_id, project_package_id, supporting_project_id) VALUES (184, '["개인 컨설팅"]', 4, 184, 3, 184);
INSERT INTO supporting_projects(supporting_project_id, supported_at, delivery_id, payment_id, project_id, user_id) VALUES (185, (SELECT projects.start_date + INTERVAL 48 DAY FROM projects WHERE projects.id=3), 1, 185, 3, 32);
INSERT INTO orders (order_id, created_at, delivery_id, payment_id, supporting_project_id) VALUES (185, (SELECT projects.start_date + INTERVAL 48 DAY FROM projects WHERE projects.id=3), 1, 185, 185);
INSERT INTO supporting_packages(id, option_list, package_count, order_id, project_package_id, supporting_project_id) VALUES (185, '["개인 컨설팅"]', 8, 185, 3, 185);
INSERT INTO supporting_projects(supporting_project_id, supported_at, delivery_id, payment_id, project_id, user_id) VALUES (186, (SELECT projects.start_date + INTERVAL 23 DAY FROM projects WHERE projects.id=3), 1, 186, 3, 30);
INSERT INTO orders (order_id, created_at, delivery_id, payment_id, supporting_project_id) VALUES (186, (SELECT projects.start_date + INTERVAL 23 DAY FROM projects WHERE projects.id=3), 1, 186, 186);
INSERT INTO supporting_packages(id, option_list, package_count, order_id, project_package_id, supporting_project_id) VALUES (186, '["트렌드 분석 보고서"]', 10, 186, 3, 186);
INSERT INTO supporting_projects(supporting_project_id, supported_at, delivery_id, payment_id, project_id, user_id) VALUES (187, (SELECT projects.start_date + INTERVAL 38 DAY FROM projects WHERE projects.id=3), 1, 187, 3, 2);
INSERT INTO orders (order_id, created_at, delivery_id, payment_id, supporting_project_id) VALUES (187, (SELECT projects.start_date + INTERVAL 38 DAY FROM projects WHERE projects.id=3), 1, 187, 187);
INSERT INTO supporting_packages(id, option_list, package_count, order_id, project_package_id, supporting_project_id) VALUES (187, '["트렌드 분석 보고서"]', 6, 187, 3, 187);
INSERT INTO supporting_projects(supporting_project_id, supported_at, delivery_id, payment_id, project_id, user_id) VALUES (188, (SELECT projects.start_date + INTERVAL 22 DAY FROM projects WHERE projects.id=3), 1, 188, 3, 34);
INSERT INTO orders (order_id, created_at, delivery_id, payment_id, supporting_project_id) VALUES (188, (SELECT projects.start_date + INTERVAL 22 DAY FROM projects WHERE projects.id=3), 1, 188, 188);
INSERT INTO supporting_packages(id, option_list, package_count, order_id, project_package_id, supporting_project_id) VALUES (188, '["트렌드 분석 보고서"]', 9, 188, 3, 188);
INSERT INTO supporting_projects(supporting_project_id, supported_at, delivery_id, payment_id, project_id, user_id) VALUES (189, (SELECT projects.start_date + INTERVAL 49 DAY FROM projects WHERE projects.id=3), 1, 189, 3, 5);
INSERT INTO orders (order_id, created_at, delivery_id, payment_id, supporting_project_id) VALUES (189, (SELECT projects.start_date + INTERVAL 49 DAY FROM projects WHERE projects.id=3), 1, 189, 189);
INSERT INTO supporting_packages(id, option_list, package_count, order_id, project_package_id, supporting_project_id) VALUES (189, '["개인 컨설팅"]', 6, 189, 3, 189);
INSERT INTO supporting_projects(supporting_project_id, supported_at, delivery_id, payment_id, project_id, user_id) VALUES (190, (SELECT projects.start_date + INTERVAL 39 DAY FROM projects WHERE projects.id=3), 1, 190, 3, 22);
INSERT INTO orders (order_id, created_at, delivery_id, payment_id, supporting_project_id) VALUES (190, (SELECT projects.start_date + INTERVAL 39 DAY FROM projects WHERE projects.id=3), 1, 190, 190);
INSERT INTO supporting_packages(id, option_list, package_count, order_id, project_package_id, supporting_project_id) VALUES (190, '["트렌드 분석 보고서"]', 5, 190, 3, 190);
INSERT INTO supporting_projects(supporting_project_id, supported_at, delivery_id, payment_id, project_id, user_id) VALUES (191, (SELECT projects.start_date + INTERVAL 34 DAY FROM projects WHERE projects.id=3), 1, 191, 3, 19);
INSERT INTO orders (order_id, created_at, delivery_id, payment_id, supporting_project_id) VALUES (191, (SELECT projects.start_date + INTERVAL 34 DAY FROM projects WHERE projects.id=3), 1, 191, 191);
INSERT INTO supporting_packages(id, option_list, package_count, order_id, project_package_id, supporting_project_id) VALUES (191, '["트렌드 분석 보고서"]', 9, 191, 3, 191);
INSERT INTO supporting_projects(supporting_project_id, supported_at, delivery_id, payment_id, project_id, user_id) VALUES (192, (SELECT projects.start_date + INTERVAL 35 DAY FROM projects WHERE projects.id=3), 1, 192, 3, 33);
INSERT INTO orders (order_id, created_at, delivery_id, payment_id, supporting_project_id) VALUES (192, (SELECT projects.start_date + INTERVAL 35 DAY FROM projects WHERE projects.id=3), 1, 192, 192);
INSERT INTO supporting_packages(id, option_list, package_count, order_id, project_package_id, supporting_project_id) VALUES (192, '["개인 컨설팅"]', 7, 192, 3, 192);
INSERT INTO supporting_projects(supporting_project_id, supported_at, delivery_id, payment_id, project_id, user_id) VALUES (193, (SELECT projects.start_date + INTERVAL 7 DAY FROM projects WHERE projects.id=3), 1, 193, 3, 2);
INSERT INTO orders (order_id, created_at, delivery_id, payment_id, supporting_project_id) VALUES (193, (SELECT projects.start_date + INTERVAL 7 DAY FROM projects WHERE projects.id=3), 1, 193, 193);
INSERT INTO supporting_packages(id, option_list, package_count, order_id, project_package_id, supporting_project_id) VALUES (193, '["개인 컨설팅"]', 8, 193, 3, 193);
INSERT INTO supporting_projects(supporting_project_id, supported_at, delivery_id, payment_id, project_id, user_id) VALUES (194, (SELECT projects.start_date + INTERVAL 42 DAY FROM projects WHERE projects.id=3), 1, 194, 3, 22);
INSERT INTO orders (order_id, created_at, delivery_id, payment_id, supporting_project_id) VALUES (194, (SELECT projects.start_date + INTERVAL 42 DAY FROM projects WHERE projects.id=3), 1, 194, 194);
INSERT INTO supporting_packages(id, option_list, package_count, order_id, project_package_id, supporting_project_id) VALUES (194, '["개인 컨설팅"]', 8, 194, 3, 194);
INSERT INTO supporting_projects(supporting_project_id, supported_at, delivery_id, payment_id, project_id, user_id) VALUES (195, (SELECT projects.start_date + INTERVAL 39 DAY FROM projects WHERE projects.id=3), 1, 195, 3, 37);
INSERT INTO orders (order_id, created_at, delivery_id, payment_id, supporting_project_id) VALUES (195, (SELECT projects.start_date + INTERVAL 39 DAY FROM projects WHERE projects.id=3), 1, 195, 195);
INSERT INTO supporting_packages(id, option_list, package_count, order_id, project_package_id, supporting_project_id) VALUES (195, '["트렌드 분석 보고서"]', 5, 195, 3, 195);
INSERT INTO supporting_projects(supporting_project_id, supported_at, delivery_id, payment_id, project_id, user_id) VALUES (196, (SELECT projects.start_date + INTERVAL 45 DAY FROM projects WHERE projects.id=3), 1, 196, 3, 10);
INSERT INTO orders (order_id, created_at, delivery_id, payment_id, supporting_project_id) VALUES (196, (SELECT projects.start_date + INTERVAL 45 DAY FROM projects WHERE projects.id=3), 1, 196, 196);
INSERT INTO supporting_packages(id, option_list, package_count, order_id, project_package_id, supporting_project_id) VALUES (196, '["트렌드 분석 보고서"]', 10, 196, 3, 196);
INSERT INTO supporting_projects(supporting_project_id, supported_at, delivery_id, payment_id, project_id, user_id) VALUES (197, (SELECT projects.start_date + INTERVAL 29 DAY FROM projects WHERE projects.id=3), 1, 197, 3, 20);
INSERT INTO orders (order_id, created_at, delivery_id, payment_id, supporting_project_id) VALUES (197, (SELECT projects.start_date + INTERVAL 29 DAY FROM projects WHERE projects.id=3), 1, 197, 197);
INSERT INTO supporting_packages(id, option_list, package_count, order_id, project_package_id, supporting_project_id) VALUES (197, '["개인 컨설팅"]', 1, 197, 3, 197);
INSERT INTO supporting_projects(supporting_project_id, supported_at, delivery_id, payment_id, project_id, user_id) VALUES (198, (SELECT projects.start_date + INTERVAL 7 DAY FROM projects WHERE projects.id=3), 1, 198, 3, 10);
INSERT INTO orders (order_id, created_at, delivery_id, payment_id, supporting_project_id) VALUES (198, (SELECT projects.start_date + INTERVAL 7 DAY FROM projects WHERE projects.id=3), 1, 198, 198);
INSERT INTO supporting_packages(id, option_list, package_count, order_id, project_package_id, supporting_project_id) VALUES (198, '["트렌드 분석 보고서"]', 6, 198, 3, 198);
INSERT INTO supporting_projects(supporting_project_id, supported_at, delivery_id, payment_id, project_id, user_id) VALUES (199, (SELECT projects.start_date + INTERVAL 26 DAY FROM projects WHERE projects.id=3), 1, 199, 3, 7);
INSERT INTO orders (order_id, created_at, delivery_id, payment_id, supporting_project_id) VALUES (199, (SELECT projects.start_date + INTERVAL 26 DAY FROM projects WHERE projects.id=3), 1, 199, 199);
INSERT INTO supporting_packages(id, option_list, package_count, order_id, project_package_id, supporting_project_id) VALUES (199, '["개인 컨설팅"]', 7, 199, 3, 199);
INSERT INTO supporting_projects(supporting_project_id, supported_at, delivery_id, payment_id, project_id, user_id) VALUES (200, (SELECT projects.start_date + INTERVAL 49 DAY FROM projects WHERE projects.id=3), 1, 200, 3, 9);
INSERT INTO orders (order_id, created_at, delivery_id, payment_id, supporting_project_id) VALUES (200, (SELECT projects.start_date + INTERVAL 49 DAY FROM projects WHERE projects.id=3), 1, 200, 200);
INSERT INTO supporting_packages(id, option_list, package_count, order_id, project_package_id, supporting_project_id) VALUES (200, '["트렌드 분석 보고서"]', 4, 200, 3, 200);
INSERT INTO supporting_projects(supporting_project_id, supported_at, delivery_id, payment_id, project_id, user_id) VALUES (201, (SELECT projects.start_date + INTERVAL 46 DAY FROM projects WHERE projects.id=3), 1, 201, 3, 34);
INSERT INTO orders (order_id, created_at, delivery_id, payment_id, supporting_project_id) VALUES (201, (SELECT projects.start_date + INTERVAL 46 DAY FROM projects WHERE projects.id=3), 1, 201, 201);
INSERT INTO supporting_packages(id, option_list, package_count, order_id, project_package_id, supporting_project_id) VALUES (201, '["트렌드 분석 보고서"]', 5, 201, 3, 201);
INSERT INTO supporting_projects(supporting_project_id, supported_at, delivery_id, payment_id, project_id, user_id) VALUES (202, (SELECT projects.start_date + INTERVAL 1 DAY FROM projects WHERE projects.id=3), 1, 202, 3, 25);
INSERT INTO orders (order_id, created_at, delivery_id, payment_id, supporting_project_id) VALUES (202, (SELECT projects.start_date + INTERVAL 1 DAY FROM projects WHERE projects.id=3), 1, 202, 202);
INSERT INTO supporting_packages(id, option_list, package_count, order_id, project_package_id, supporting_project_id) VALUES (202, '["개인 컨설팅"]', 10, 202, 3, 202);
INSERT INTO supporting_projects(supporting_project_id, supported_at, delivery_id, payment_id, project_id, user_id) VALUES (203, (SELECT projects.start_date + INTERVAL 5 DAY FROM projects WHERE projects.id=3), 1, 203, 3, 11);
INSERT INTO orders (order_id, created_at, delivery_id, payment_id, supporting_project_id) VALUES (203, (SELECT projects.start_date + INTERVAL 5 DAY FROM projects WHERE projects.id=3), 1, 203, 203);
INSERT INTO supporting_packages(id, option_list, package_count, order_id, project_package_id, supporting_project_id) VALUES (203, '["트렌드 분석 보고서"]', 5, 203, 3, 203);
INSERT INTO supporting_projects(supporting_project_id, supported_at, delivery_id, payment_id, project_id, user_id) VALUES (204, (SELECT projects.start_date + INTERVAL 12 DAY FROM projects WHERE projects.id=3), 1, 204, 3, 6);
INSERT INTO orders (order_id, created_at, delivery_id, payment_id, supporting_project_id) VALUES (204, (SELECT projects.start_date + INTERVAL 12 DAY FROM projects WHERE projects.id=3), 1, 204, 204);
INSERT INTO supporting_packages(id, option_list, package_count, order_id, project_package_id, supporting_project_id) VALUES (204, '["개인 컨설팅"]', 1, 204, 3, 204);
INSERT INTO supporting_projects(supporting_project_id, supported_at, delivery_id, payment_id, project_id, user_id) VALUES (205, (SELECT projects.start_date + INTERVAL 15 DAY FROM projects WHERE projects.id=3), 1, 205, 3, 31);
INSERT INTO orders (order_id, created_at, delivery_id, payment_id, supporting_project_id) VALUES (205, (SELECT projects.start_date + INTERVAL 15 DAY FROM projects WHERE projects.id=3), 1, 205, 205);
INSERT INTO supporting_packages(id, option_list, package_count, order_id, project_package_id, supporting_project_id) VALUES (205, '["개인 컨설팅"]', 3, 205, 3, 205);
INSERT INTO supporting_projects(supporting_project_id, supported_at, delivery_id, payment_id, project_id, user_id) VALUES (206, (SELECT projects.start_date + INTERVAL 47 DAY FROM projects WHERE projects.id=3), 1, 206, 3, 29);
INSERT INTO orders (order_id, created_at, delivery_id, payment_id, supporting_project_id) VALUES (206, (SELECT projects.start_date + INTERVAL 47 DAY FROM projects WHERE projects.id=3), 1, 206, 206);
INSERT INTO supporting_packages(id, option_list, package_count, order_id, project_package_id, supporting_project_id) VALUES (206, '["개인 컨설팅"]', 1, 206, 3, 206);
INSERT INTO supporting_projects(supporting_project_id, supported_at, delivery_id, payment_id, project_id, user_id) VALUES (207, (SELECT projects.start_date + INTERVAL 33 DAY FROM projects WHERE projects.id=3), 1, 207, 3, 2);
INSERT INTO orders (order_id, created_at, delivery_id, payment_id, supporting_project_id) VALUES (207, (SELECT projects.start_date + INTERVAL 33 DAY FROM projects WHERE projects.id=3), 1, 207, 207);
INSERT INTO supporting_packages(id, option_list, package_count, order_id, project_package_id, supporting_project_id) VALUES (207, '["개인 컨설팅"]', 3, 207, 3, 207);
INSERT INTO supporting_projects(supporting_project_id, supported_at, delivery_id, payment_id, project_id, user_id) VALUES (208, (SELECT projects.start_date + INTERVAL 20 DAY FROM projects WHERE projects.id=3), 1, 208, 3, 26);
INSERT INTO orders (order_id, created_at, delivery_id, payment_id, supporting_project_id) VALUES (208, (SELECT projects.start_date + INTERVAL 20 DAY FROM projects WHERE projects.id=3), 1, 208, 208);
INSERT INTO supporting_packages(id, option_list, package_count, order_id, project_package_id, supporting_project_id) VALUES (208, '["트렌드 분석 보고서"]', 10, 208, 3, 208);
INSERT INTO supporting_projects(supporting_project_id, supported_at, delivery_id, payment_id, project_id, user_id) VALUES (209, (SELECT projects.start_date + INTERVAL 39 DAY FROM projects WHERE projects.id=3), 1, 209, 3, 21);
INSERT INTO orders (order_id, created_at, delivery_id, payment_id, supporting_project_id) VALUES (209, (SELECT projects.start_date + INTERVAL 39 DAY FROM projects WHERE projects.id=3), 1, 209, 209);
INSERT INTO supporting_packages(id, option_list, package_count, order_id, project_package_id, supporting_project_id) VALUES (209, '["개인 컨설팅"]', 9, 209, 3, 209);
INSERT INTO supporting_projects(supporting_project_id, supported_at, delivery_id, payment_id, project_id, user_id) VALUES (210, (SELECT projects.start_date + INTERVAL 45 DAY FROM projects WHERE projects.id=3), 1, 210, 3, 24);
INSERT INTO orders (order_id, created_at, delivery_id, payment_id, supporting_project_id) VALUES (210, (SELECT projects.start_date + INTERVAL 45 DAY FROM projects WHERE projects.id=3), 1, 210, 210);
INSERT INTO supporting_packages(id, option_list, package_count, order_id, project_package_id, supporting_project_id) VALUES (210, '["트렌드 분석 보고서"]', 7, 210, 3, 210);
INSERT INTO supporting_projects(supporting_project_id, supported_at, delivery_id, payment_id, project_id, user_id) VALUES (211, (SELECT projects.start_date + INTERVAL 29 DAY FROM projects WHERE projects.id=3), 1, 211, 3, 15);
INSERT INTO orders (order_id, created_at, delivery_id, payment_id, supporting_project_id) VALUES (211, (SELECT projects.start_date + INTERVAL 29 DAY FROM projects WHERE projects.id=3), 1, 211, 211);
INSERT INTO supporting_packages(id, option_list, package_count, order_id, project_package_id, supporting_project_id) VALUES (211, '["개인 컨설팅"]', 6, 211, 3, 211);
INSERT INTO supporting_projects(supporting_project_id, supported_at, delivery_id, payment_id, project_id, user_id) VALUES (212, (SELECT projects.start_date + INTERVAL 42 DAY FROM projects WHERE projects.id=3), 1, 212, 3, 23);
INSERT INTO orders (order_id, created_at, delivery_id, payment_id, supporting_project_id) VALUES (212, (SELECT projects.start_date + INTERVAL 42 DAY FROM projects WHERE projects.id=3), 1, 212, 212);
INSERT INTO supporting_packages(id, option_list, package_count, order_id, project_package_id, supporting_project_id) VALUES (212, '["트렌드 분석 보고서"]', 7, 212, 3, 212);
INSERT INTO supporting_projects(supporting_project_id, supported_at, delivery_id, payment_id, project_id, user_id) VALUES (213, (SELECT projects.start_date + INTERVAL 34 DAY FROM projects WHERE projects.id=3), 1, 213, 3, 37);
INSERT INTO orders (order_id, created_at, delivery_id, payment_id, supporting_project_id) VALUES (213, (SELECT projects.start_date + INTERVAL 34 DAY FROM projects WHERE projects.id=3), 1, 213, 213);
INSERT INTO supporting_packages(id, option_list, package_count, order_id, project_package_id, supporting_project_id) VALUES (213, '["트렌드 분석 보고서"]', 2, 213, 3, 213);
INSERT INTO supporting_projects(supporting_project_id, supported_at, delivery_id, payment_id, project_id, user_id) VALUES (214, (SELECT projects.start_date + INTERVAL 48 DAY FROM projects WHERE projects.id=3), 1, 214, 3, 4);
INSERT INTO orders (order_id, created_at, delivery_id, payment_id, supporting_project_id) VALUES (214, (SELECT projects.start_date + INTERVAL 48 DAY FROM projects WHERE projects.id=3), 1, 214, 214);
INSERT INTO supporting_packages(id, option_list, package_count, order_id, project_package_id, supporting_project_id) VALUES (214, '["개인 컨설팅"]', 7, 214, 3, 214);
INSERT INTO supporting_projects(supporting_project_id, supported_at, delivery_id, payment_id, project_id, user_id) VALUES (215, (SELECT projects.start_date + INTERVAL 1 DAY FROM projects WHERE projects.id=3), 1, 215, 3, 13);
INSERT INTO orders (order_id, created_at, delivery_id, payment_id, supporting_project_id) VALUES (215, (SELECT projects.start_date + INTERVAL 1 DAY FROM projects WHERE projects.id=3), 1, 215, 215);
INSERT INTO supporting_packages(id, option_list, package_count, order_id, project_package_id, supporting_project_id) VALUES (215, '["개인 컨설팅"]', 3, 215, 3, 215);
INSERT INTO supporting_projects(supporting_project_id, supported_at, delivery_id, payment_id, project_id, user_id) VALUES (216, (SELECT projects.start_date + INTERVAL 40 DAY FROM projects WHERE projects.id=3), 1, 216, 3, 32);
INSERT INTO orders (order_id, created_at, delivery_id, payment_id, supporting_project_id) VALUES (216, (SELECT projects.start_date + INTERVAL 40 DAY FROM projects WHERE projects.id=3), 1, 216, 216);
INSERT INTO supporting_packages(id, option_list, package_count, order_id, project_package_id, supporting_project_id) VALUES (216, '["트렌드 분석 보고서"]', 10, 216, 3, 216);
INSERT INTO supporting_projects(supporting_project_id, supported_at, delivery_id, payment_id, project_id, user_id) VALUES (217, (SELECT projects.start_date + INTERVAL 50 DAY FROM projects WHERE projects.id=3), 1, 217, 3, 6);
INSERT INTO orders (order_id, created_at, delivery_id, payment_id, supporting_project_id) VALUES (217, (SELECT projects.start_date + INTERVAL 50 DAY FROM projects WHERE projects.id=3), 1, 217, 217);
INSERT INTO supporting_packages(id, option_list, package_count, order_id, project_package_id, supporting_project_id) VALUES (217, '["개인 컨설팅"]', 9, 217, 3, 217);
INSERT INTO supporting_projects(supporting_project_id, supported_at, delivery_id, payment_id, project_id, user_id) VALUES (218, (SELECT projects.start_date + INTERVAL 13 DAY FROM projects WHERE projects.id=3), 1, 218, 3, 5);
INSERT INTO orders (order_id, created_at, delivery_id, payment_id, supporting_project_id) VALUES (218, (SELECT projects.start_date + INTERVAL 13 DAY FROM projects WHERE projects.id=3), 1, 218, 218);
INSERT INTO supporting_packages(id, option_list, package_count, order_id, project_package_id, supporting_project_id) VALUES (218, '["개인 컨설팅"]', 1, 218, 3, 218);
INSERT INTO supporting_projects(supporting_project_id, supported_at, delivery_id, payment_id, project_id, user_id) VALUES (219, (SELECT projects.start_date + INTERVAL 37 DAY FROM projects WHERE projects.id=3), 1, 219, 3, 35);
INSERT INTO orders (order_id, created_at, delivery_id, payment_id, supporting_project_id) VALUES (219, (SELECT projects.start_date + INTERVAL 37 DAY FROM projects WHERE projects.id=3), 1, 219, 219);
INSERT INTO supporting_packages(id, option_list, package_count, order_id, project_package_id, supporting_project_id) VALUES (219, '["개인 컨설팅"]', 7, 219, 3, 219);
INSERT INTO supporting_projects(supporting_project_id, supported_at, delivery_id, payment_id, project_id, user_id) VALUES (220, (SELECT projects.start_date + INTERVAL 21 DAY FROM projects WHERE projects.id=3), 1, 220, 3, 33);
INSERT INTO orders (order_id, created_at, delivery_id, payment_id, supporting_project_id) VALUES (220, (SELECT projects.start_date + INTERVAL 21 DAY FROM projects WHERE projects.id=3), 1, 220, 220);
INSERT INTO supporting_packages(id, option_list, package_count, order_id, project_package_id, supporting_project_id) VALUES (220, '["트렌드 분석 보고서"]', 9, 220, 3, 220);
INSERT INTO supporting_projects(supporting_project_id, supported_at, delivery_id, payment_id, project_id, user_id) VALUES (221, (SELECT projects.start_date + INTERVAL 50 DAY FROM projects WHERE projects.id=3), 1, 221, 3, 20);
INSERT INTO orders (order_id, created_at, delivery_id, payment_id, supporting_project_id) VALUES (221, (SELECT projects.start_date + INTERVAL 50 DAY FROM projects WHERE projects.id=3), 1, 221, 221);
INSERT INTO supporting_packages(id, option_list, package_count, order_id, project_package_id, supporting_project_id) VALUES (221, '["개인 컨설팅"]', 3, 221, 3, 221);
INSERT INTO supporting_projects(supporting_project_id, supported_at, delivery_id, payment_id, project_id, user_id) VALUES (222, (SELECT projects.start_date + INTERVAL 23 DAY FROM projects WHERE projects.id=3), 1, 222, 3, 12);
INSERT INTO orders (order_id, created_at, delivery_id, payment_id, supporting_project_id) VALUES (222, (SELECT projects.start_date + INTERVAL 23 DAY FROM projects WHERE projects.id=3), 1, 222, 222);
INSERT INTO supporting_packages(id, option_list, package_count, order_id, project_package_id, supporting_project_id) VALUES (222, '["개인 컨설팅"]', 4, 222, 3, 222);
INSERT INTO supporting_projects(supporting_project_id, supported_at, delivery_id, payment_id, project_id, user_id) VALUES (223, (SELECT projects.start_date + INTERVAL 39 DAY FROM projects WHERE projects.id=3), 1, 223, 3, 12);
INSERT INTO orders (order_id, created_at, delivery_id, payment_id, supporting_project_id) VALUES (223, (SELECT projects.start_date + INTERVAL 39 DAY FROM projects WHERE projects.id=3), 1, 223, 223);
INSERT INTO supporting_packages(id, option_list, package_count, order_id, project_package_id, supporting_project_id) VALUES (223, '["개인 컨설팅"]', 1, 223, 3, 223);
INSERT INTO supporting_projects(supporting_project_id, supported_at, delivery_id, payment_id, project_id, user_id) VALUES (224, (SELECT projects.start_date + INTERVAL 42 DAY FROM projects WHERE projects.id=3), 1, 224, 3, 10);
INSERT INTO orders (order_id, created_at, delivery_id, payment_id, supporting_project_id) VALUES (224, (SELECT projects.start_date + INTERVAL 42 DAY FROM projects WHERE projects.id=3), 1, 224, 224);
INSERT INTO supporting_packages(id, option_list, package_count, order_id, project_package_id, supporting_project_id) VALUES (224, '["개인 컨설팅"]', 1, 224, 3, 224);
INSERT INTO supporting_projects(supporting_project_id, supported_at, delivery_id, payment_id, project_id, user_id) VALUES (225, (SELECT projects.start_date + INTERVAL 41 DAY FROM projects WHERE projects.id=3), 1, 225, 3, 36);
INSERT INTO orders (order_id, created_at, delivery_id, payment_id, supporting_project_id) VALUES (225, (SELECT projects.start_date + INTERVAL 41 DAY FROM projects WHERE projects.id=3), 1, 225, 225);
INSERT INTO supporting_packages(id, option_list, package_count, order_id, project_package_id, supporting_project_id) VALUES (225, '["트렌드 분석 보고서"]', 3, 225, 3, 225);
INSERT INTO supporting_projects(supporting_project_id, supported_at, delivery_id, payment_id, project_id, user_id) VALUES (226, (SELECT projects.start_date + INTERVAL 45 DAY FROM projects WHERE projects.id=3), 1, 226, 3, 1);
INSERT INTO orders (order_id, created_at, delivery_id, payment_id, supporting_project_id) VALUES (226, (SELECT projects.start_date + INTERVAL 45 DAY FROM projects WHERE projects.id=3), 1, 226, 226);
INSERT INTO supporting_packages(id, option_list, package_count, order_id, project_package_id, supporting_project_id) VALUES (226, '["개인 컨설팅"]', 9, 226, 3, 226);
INSERT INTO supporting_projects(supporting_project_id, supported_at, delivery_id, payment_id, project_id, user_id) VALUES (227, (SELECT projects.start_date + INTERVAL 18 DAY FROM projects WHERE projects.id=3), 1, 227, 3, 28);
INSERT INTO orders (order_id, created_at, delivery_id, payment_id, supporting_project_id) VALUES (227, (SELECT projects.start_date + INTERVAL 18 DAY FROM projects WHERE projects.id=3), 1, 227, 227);
INSERT INTO supporting_packages(id, option_list, package_count, order_id, project_package_id, supporting_project_id) VALUES (227, '["트렌드 분석 보고서"]', 9, 227, 3, 227);
INSERT INTO supporting_projects(supporting_project_id, supported_at, delivery_id, payment_id, project_id, user_id) VALUES (228, (SELECT projects.start_date + INTERVAL 30 DAY FROM projects WHERE projects.id=3), 1, 228, 3, 8);
INSERT INTO orders (order_id, created_at, delivery_id, payment_id, supporting_project_id) VALUES (228, (SELECT projects.start_date + INTERVAL 30 DAY FROM projects WHERE projects.id=3), 1, 228, 228);
INSERT INTO supporting_packages(id, option_list, package_count, order_id, project_package_id, supporting_project_id) VALUES (228, '["개인 컨설팅"]', 9, 228, 3, 228);
INSERT INTO supporting_projects(supporting_project_id, supported_at, delivery_id, payment_id, project_id, user_id) VALUES (229, (SELECT projects.start_date + INTERVAL 3 DAY FROM projects WHERE projects.id=3), 1, 229, 3, 12);
INSERT INTO orders (order_id, created_at, delivery_id, payment_id, supporting_project_id) VALUES (229, (SELECT projects.start_date + INTERVAL 3 DAY FROM projects WHERE projects.id=3), 1, 229, 229);
INSERT INTO supporting_packages(id, option_list, package_count, order_id, project_package_id, supporting_project_id) VALUES (229, '["개인 컨설팅"]', 6, 229, 3, 229);
INSERT INTO supporting_projects(supporting_project_id, supported_at, delivery_id, payment_id, project_id, user_id) VALUES (230, (SELECT projects.start_date + INTERVAL 31 DAY FROM projects WHERE projects.id=3), 1, 230, 3, 17);
INSERT INTO orders (order_id, created_at, delivery_id, payment_id, supporting_project_id) VALUES (230, (SELECT projects.start_date + INTERVAL 31 DAY FROM projects WHERE projects.id=3), 1, 230, 230);
INSERT INTO supporting_packages(id, option_list, package_count, order_id, project_package_id, supporting_project_id) VALUES (230, '["개인 컨설팅"]', 7, 230, 3, 230);
INSERT INTO supporting_projects(supporting_project_id, supported_at, delivery_id, payment_id, project_id, user_id) VALUES (231, (SELECT projects.start_date + INTERVAL 35 DAY FROM projects WHERE projects.id=3), 1, 231, 3, 32);
INSERT INTO orders (order_id, created_at, delivery_id, payment_id, supporting_project_id) VALUES (231, (SELECT projects.start_date + INTERVAL 35 DAY FROM projects WHERE projects.id=3), 1, 231, 231);
INSERT INTO supporting_packages(id, option_list, package_count, order_id, project_package_id, supporting_project_id) VALUES (231, '["개인 컨설팅"]', 1, 231, 3, 231);
INSERT INTO supporting_projects(supporting_project_id, supported_at, delivery_id, payment_id, project_id, user_id) VALUES (232, (SELECT projects.start_date + INTERVAL 30 DAY FROM projects WHERE projects.id=3), 1, 232, 3, 2);
INSERT INTO orders (order_id, created_at, delivery_id, payment_id, supporting_project_id) VALUES (232, (SELECT projects.start_date + INTERVAL 30 DAY FROM projects WHERE projects.id=3), 1, 232, 232);
INSERT INTO supporting_packages(id, option_list, package_count, order_id, project_package_id, supporting_project_id) VALUES (232, '["트렌드 분석 보고서"]', 5, 232, 3, 232);
INSERT INTO supporting_projects(supporting_project_id, supported_at, delivery_id, payment_id, project_id, user_id) VALUES (233, (SELECT projects.start_date + INTERVAL 14 DAY FROM projects WHERE projects.id=3), 1, 233, 3, 16);
INSERT INTO orders (order_id, created_at, delivery_id, payment_id, supporting_project_id) VALUES (233, (SELECT projects.start_date + INTERVAL 14 DAY FROM projects WHERE projects.id=3), 1, 233, 233);
INSERT INTO supporting_packages(id, option_list, package_count, order_id, project_package_id, supporting_project_id) VALUES (233, '["트렌드 분석 보고서"]', 10, 233, 3, 233);
INSERT INTO supporting_projects(supporting_project_id, supported_at, delivery_id, payment_id, project_id, user_id) VALUES (234, (SELECT projects.start_date + INTERVAL 50 DAY FROM projects WHERE projects.id=3), 1, 234, 3, 39);
INSERT INTO orders (order_id, created_at, delivery_id, payment_id, supporting_project_id) VALUES (234, (SELECT projects.start_date + INTERVAL 50 DAY FROM projects WHERE projects.id=3), 1, 234, 234);
INSERT INTO supporting_packages(id, option_list, package_count, order_id, project_package_id, supporting_project_id) VALUES (234, '["개인 컨설팅"]', 4, 234, 3, 234);
INSERT INTO supporting_projects(supporting_project_id, supported_at, delivery_id, payment_id, project_id, user_id) VALUES (235, (SELECT projects.start_date + INTERVAL 14 DAY FROM projects WHERE projects.id=3), 1, 235, 3, 12);
INSERT INTO orders (order_id, created_at, delivery_id, payment_id, supporting_project_id) VALUES (235, (SELECT projects.start_date + INTERVAL 14 DAY FROM projects WHERE projects.id=3), 1, 235, 235);
INSERT INTO supporting_packages(id, option_list, package_count, order_id, project_package_id, supporting_project_id) VALUES (235, '["개인 컨설팅"]', 4, 235, 3, 235);
INSERT INTO supporting_projects(supporting_project_id, supported_at, delivery_id, payment_id, project_id, user_id) VALUES (236, (SELECT projects.start_date + INTERVAL 46 DAY FROM projects WHERE projects.id=3), 1, 236, 3, 11);
INSERT INTO orders (order_id, created_at, delivery_id, payment_id, supporting_project_id) VALUES (236, (SELECT projects.start_date + INTERVAL 46 DAY FROM projects WHERE projects.id=3), 1, 236, 236);
INSERT INTO supporting_packages(id, option_list, package_count, order_id, project_package_id, supporting_project_id) VALUES (236, '["개인 컨설팅"]', 5, 236, 3, 236);
INSERT INTO supporting_projects(supporting_project_id, supported_at, delivery_id, payment_id, project_id, user_id) VALUES (237, (SELECT projects.start_date + INTERVAL 16 DAY FROM projects WHERE projects.id=3), 1, 237, 3, 37);
INSERT INTO orders (order_id, created_at, delivery_id, payment_id, supporting_project_id) VALUES (237, (SELECT projects.start_date + INTERVAL 16 DAY FROM projects WHERE projects.id=3), 1, 237, 237);
INSERT INTO supporting_packages(id, option_list, package_count, order_id, project_package_id, supporting_project_id) VALUES (237, '["트렌드 분석 보고서"]', 10, 237, 3, 237);
INSERT INTO supporting_projects(supporting_project_id, supported_at, delivery_id, payment_id, project_id, user_id) VALUES (238, (SELECT projects.start_date + INTERVAL 42 DAY FROM projects WHERE projects.id=3), 1, 238, 3, 6);
INSERT INTO orders (order_id, created_at, delivery_id, payment_id, supporting_project_id) VALUES (238, (SELECT projects.start_date + INTERVAL 42 DAY FROM projects WHERE projects.id=3), 1, 238, 238);
INSERT INTO supporting_packages(id, option_list, package_count, order_id, project_package_id, supporting_project_id) VALUES (238, '["트렌드 분석 보고서"]', 9, 238, 3, 238);
INSERT INTO supporting_projects(supporting_project_id, supported_at, delivery_id, payment_id, project_id, user_id) VALUES (239, (SELECT projects.start_date + INTERVAL 38 DAY FROM projects WHERE projects.id=3), 1, 239, 3, 28);
INSERT INTO orders (order_id, created_at, delivery_id, payment_id, supporting_project_id) VALUES (239, (SELECT projects.start_date + INTERVAL 38 DAY FROM projects WHERE projects.id=3), 1, 239, 239);
INSERT INTO supporting_packages(id, option_list, package_count, order_id, project_package_id, supporting_project_id) VALUES (239, '["개인 컨설팅"]', 3, 239, 3, 239);
INSERT INTO supporting_projects(supporting_project_id, supported_at, delivery_id, payment_id, project_id, user_id) VALUES (240, (SELECT projects.start_date + INTERVAL 13 DAY FROM projects WHERE projects.id=3), 1, 240, 3, 6);
INSERT INTO orders (order_id, created_at, delivery_id, payment_id, supporting_project_id) VALUES (240, (SELECT projects.start_date + INTERVAL 13 DAY FROM projects WHERE projects.id=3), 1, 240, 240);
INSERT INTO supporting_packages(id, option_list, package_count, order_id, project_package_id, supporting_project_id) VALUES (240, '["트렌드 분석 보고서"]', 1, 240, 3, 240);
INSERT INTO supporting_projects(supporting_project_id, supported_at, delivery_id, payment_id, project_id, user_id) VALUES (241, (SELECT projects.start_date + INTERVAL 30 DAY FROM projects WHERE projects.id=3), 1, 241, 3, 27);
INSERT INTO orders (order_id, created_at, delivery_id, payment_id, supporting_project_id) VALUES (241, (SELECT projects.start_date + INTERVAL 30 DAY FROM projects WHERE projects.id=3), 1, 241, 241);
INSERT INTO supporting_packages(id, option_list, package_count, order_id, project_package_id, supporting_project_id) VALUES (241, '["트렌드 분석 보고서"]', 3, 241, 3, 241);
INSERT INTO supporting_projects(supporting_project_id, supported_at, delivery_id, payment_id, project_id, user_id) VALUES (242, (SELECT projects.start_date + INTERVAL 31 DAY FROM projects WHERE projects.id=4), 1, 242, 4, 16);
INSERT INTO orders (order_id, created_at, delivery_id, payment_id, supporting_project_id) VALUES (242, (SELECT projects.start_date + INTERVAL 31 DAY FROM projects WHERE projects.id=4), 1, 242, 242);
INSERT INTO supporting_packages(id, option_list, package_count, order_id, project_package_id, supporting_project_id) VALUES (242, '["브러시 세트"]', 9, 242, 4, 242);
INSERT INTO supporting_projects(supporting_project_id, supported_at, delivery_id, payment_id, project_id, user_id) VALUES (243, (SELECT projects.start_date + INTERVAL 14 DAY FROM projects WHERE projects.id=4), 1, 243, 4, 24);
INSERT INTO orders (order_id, created_at, delivery_id, payment_id, supporting_project_id) VALUES (243, (SELECT projects.start_date + INTERVAL 14 DAY FROM projects WHERE projects.id=4), 1, 243, 243);
INSERT INTO supporting_packages(id, option_list, package_count, order_id, project_package_id, supporting_project_id) VALUES (243, '["브러시 세트"]', 3, 243, 4, 243);
INSERT INTO supporting_projects(supporting_project_id, supported_at, delivery_id, payment_id, project_id, user_id) VALUES (244, (SELECT projects.start_date + INTERVAL 25 DAY FROM projects WHERE projects.id=4), 1, 244, 4, 30);
INSERT INTO orders (order_id, created_at, delivery_id, payment_id, supporting_project_id) VALUES (244, (SELECT projects.start_date + INTERVAL 25 DAY FROM projects WHERE projects.id=4), 1, 244, 244);
INSERT INTO supporting_packages(id, option_list, package_count, order_id, project_package_id, supporting_project_id) VALUES (244, '["스펀지 세트"]', 9, 244, 4, 244);
INSERT INTO supporting_projects(supporting_project_id, supported_at, delivery_id, payment_id, project_id, user_id) VALUES (245, (SELECT projects.start_date + INTERVAL 21 DAY FROM projects WHERE projects.id=4), 1, 245, 4, 27);
INSERT INTO orders (order_id, created_at, delivery_id, payment_id, supporting_project_id) VALUES (245, (SELECT projects.start_date + INTERVAL 21 DAY FROM projects WHERE projects.id=4), 1, 245, 245);
INSERT INTO supporting_packages(id, option_list, package_count, order_id, project_package_id, supporting_project_id) VALUES (245, '["스펀지 세트"]', 3, 245, 4, 245);
INSERT INTO supporting_projects(supporting_project_id, supported_at, delivery_id, payment_id, project_id, user_id) VALUES (246, (SELECT projects.start_date + INTERVAL 13 DAY FROM projects WHERE projects.id=4), 1, 246, 4, 38);
INSERT INTO orders (order_id, created_at, delivery_id, payment_id, supporting_project_id) VALUES (246, (SELECT projects.start_date + INTERVAL 13 DAY FROM projects WHERE projects.id=4), 1, 246, 246);
INSERT INTO supporting_packages(id, option_list, package_count, order_id, project_package_id, supporting_project_id) VALUES (246, '["브러시 세트"]', 8, 246, 4, 246);
INSERT INTO supporting_projects(supporting_project_id, supported_at, delivery_id, payment_id, project_id, user_id) VALUES (247, (SELECT projects.start_date + INTERVAL 30 DAY FROM projects WHERE projects.id=4), 1, 247, 4, 34);
INSERT INTO orders (order_id, created_at, delivery_id, payment_id, supporting_project_id) VALUES (247, (SELECT projects.start_date + INTERVAL 30 DAY FROM projects WHERE projects.id=4), 1, 247, 247);
INSERT INTO supporting_packages(id, option_list, package_count, order_id, project_package_id, supporting_project_id) VALUES (247, '["스펀지 세트"]', 1, 247, 4, 247);
INSERT INTO supporting_projects(supporting_project_id, supported_at, delivery_id, payment_id, project_id, user_id) VALUES (248, (SELECT projects.start_date + INTERVAL 29 DAY FROM projects WHERE projects.id=4), 1, 248, 4, 32);
INSERT INTO orders (order_id, created_at, delivery_id, payment_id, supporting_project_id) VALUES (248, (SELECT projects.start_date + INTERVAL 29 DAY FROM projects WHERE projects.id=4), 1, 248, 248);
INSERT INTO supporting_packages(id, option_list, package_count, order_id, project_package_id, supporting_project_id) VALUES (248, '["브러시 세트"]', 1, 248, 4, 248);
INSERT INTO supporting_projects(supporting_project_id, supported_at, delivery_id, payment_id, project_id, user_id) VALUES (249, (SELECT projects.start_date + INTERVAL 20 DAY FROM projects WHERE projects.id=4), 1, 249, 4, 2);
INSERT INTO orders (order_id, created_at, delivery_id, payment_id, supporting_project_id) VALUES (249, (SELECT projects.start_date + INTERVAL 20 DAY FROM projects WHERE projects.id=4), 1, 249, 249);
INSERT INTO supporting_packages(id, option_list, package_count, order_id, project_package_id, supporting_project_id) VALUES (249, '["스펀지 세트"]', 8, 249, 4, 249);
INSERT INTO supporting_projects(supporting_project_id, supported_at, delivery_id, payment_id, project_id, user_id) VALUES (250, (SELECT projects.start_date + INTERVAL 2 DAY FROM projects WHERE projects.id=4), 1, 250, 4, 7);
INSERT INTO orders (order_id, created_at, delivery_id, payment_id, supporting_project_id) VALUES (250, (SELECT projects.start_date + INTERVAL 2 DAY FROM projects WHERE projects.id=4), 1, 250, 250);
INSERT INTO supporting_packages(id, option_list, package_count, order_id, project_package_id, supporting_project_id) VALUES (250, '["스펀지 세트"]', 6, 250, 4, 250);
INSERT INTO supporting_projects(supporting_project_id, supported_at, delivery_id, payment_id, project_id, user_id) VALUES (251, (SELECT projects.start_date + INTERVAL 42 DAY FROM projects WHERE projects.id=4), 1, 251, 4, 30);
INSERT INTO orders (order_id, created_at, delivery_id, payment_id, supporting_project_id) VALUES (251, (SELECT projects.start_date + INTERVAL 42 DAY FROM projects WHERE projects.id=4), 1, 251, 251);
INSERT INTO supporting_packages(id, option_list, package_count, order_id, project_package_id, supporting_project_id) VALUES (251, '["스펀지 세트"]', 1, 251, 4, 251);
INSERT INTO supporting_projects(supporting_project_id, supported_at, delivery_id, payment_id, project_id, user_id) VALUES (252, (SELECT projects.start_date + INTERVAL 45 DAY FROM projects WHERE projects.id=4), 1, 252, 4, 38);
INSERT INTO orders (order_id, created_at, delivery_id, payment_id, supporting_project_id) VALUES (252, (SELECT projects.start_date + INTERVAL 45 DAY FROM projects WHERE projects.id=4), 1, 252, 252);
INSERT INTO supporting_packages(id, option_list, package_count, order_id, project_package_id, supporting_project_id) VALUES (252, '["브러시 세트"]', 3, 252, 4, 252);
INSERT INTO supporting_projects(supporting_project_id, supported_at, delivery_id, payment_id, project_id, user_id) VALUES (253, (SELECT projects.start_date + INTERVAL 30 DAY FROM projects WHERE projects.id=4), 1, 253, 4, 36);
INSERT INTO orders (order_id, created_at, delivery_id, payment_id, supporting_project_id) VALUES (253, (SELECT projects.start_date + INTERVAL 30 DAY FROM projects WHERE projects.id=4), 1, 253, 253);
INSERT INTO supporting_packages(id, option_list, package_count, order_id, project_package_id, supporting_project_id) VALUES (253, '["스펀지 세트"]', 3, 253, 4, 253);
INSERT INTO supporting_projects(supporting_project_id, supported_at, delivery_id, payment_id, project_id, user_id) VALUES (254, (SELECT projects.start_date + INTERVAL 20 DAY FROM projects WHERE projects.id=4), 1, 254, 4, 9);
INSERT INTO orders (order_id, created_at, delivery_id, payment_id, supporting_project_id) VALUES (254, (SELECT projects.start_date + INTERVAL 20 DAY FROM projects WHERE projects.id=4), 1, 254, 254);
INSERT INTO supporting_packages(id, option_list, package_count, order_id, project_package_id, supporting_project_id) VALUES (254, '["스펀지 세트"]', 1, 254, 4, 254);
INSERT INTO supporting_projects(supporting_project_id, supported_at, delivery_id, payment_id, project_id, user_id) VALUES (255, (SELECT projects.start_date + INTERVAL 30 DAY FROM projects WHERE projects.id=4), 1, 255, 4, 21);
INSERT INTO orders (order_id, created_at, delivery_id, payment_id, supporting_project_id) VALUES (255, (SELECT projects.start_date + INTERVAL 30 DAY FROM projects WHERE projects.id=4), 1, 255, 255);
INSERT INTO supporting_packages(id, option_list, package_count, order_id, project_package_id, supporting_project_id) VALUES (255, '["브러시 세트"]', 9, 255, 4, 255);
INSERT INTO supporting_projects(supporting_project_id, supported_at, delivery_id, payment_id, project_id, user_id) VALUES (256, (SELECT projects.start_date + INTERVAL 13 DAY FROM projects WHERE projects.id=4), 1, 256, 4, 31);
INSERT INTO orders (order_id, created_at, delivery_id, payment_id, supporting_project_id) VALUES (256, (SELECT projects.start_date + INTERVAL 13 DAY FROM projects WHERE projects.id=4), 1, 256, 256);
INSERT INTO supporting_packages(id, option_list, package_count, order_id, project_package_id, supporting_project_id) VALUES (256, '["스펀지 세트"]', 8, 256, 4, 256);
INSERT INTO supporting_projects(supporting_project_id, supported_at, delivery_id, payment_id, project_id, user_id) VALUES (257, (SELECT projects.start_date + INTERVAL 14 DAY FROM projects WHERE projects.id=4), 1, 257, 4, 23);
INSERT INTO orders (order_id, created_at, delivery_id, payment_id, supporting_project_id) VALUES (257, (SELECT projects.start_date + INTERVAL 14 DAY FROM projects WHERE projects.id=4), 1, 257, 257);
INSERT INTO supporting_packages(id, option_list, package_count, order_id, project_package_id, supporting_project_id) VALUES (257, '["스펀지 세트"]', 8, 257, 4, 257);
INSERT INTO supporting_projects(supporting_project_id, supported_at, delivery_id, payment_id, project_id, user_id) VALUES (258, (SELECT projects.start_date + INTERVAL 23 DAY FROM projects WHERE projects.id=4), 1, 258, 4, 32);
INSERT INTO orders (order_id, created_at, delivery_id, payment_id, supporting_project_id) VALUES (258, (SELECT projects.start_date + INTERVAL 23 DAY FROM projects WHERE projects.id=4), 1, 258, 258);
INSERT INTO supporting_packages(id, option_list, package_count, order_id, project_package_id, supporting_project_id) VALUES (258, '["브러시 세트"]', 9, 258, 4, 258);
INSERT INTO supporting_projects(supporting_project_id, supported_at, delivery_id, payment_id, project_id, user_id) VALUES (259, (SELECT projects.start_date + INTERVAL 37 DAY FROM projects WHERE projects.id=4), 1, 259, 4, 12);
INSERT INTO orders (order_id, created_at, delivery_id, payment_id, supporting_project_id) VALUES (259, (SELECT projects.start_date + INTERVAL 37 DAY FROM projects WHERE projects.id=4), 1, 259, 259);
INSERT INTO supporting_packages(id, option_list, package_count, order_id, project_package_id, supporting_project_id) VALUES (259, '["브러시 세트"]', 2, 259, 4, 259);
INSERT INTO supporting_projects(supporting_project_id, supported_at, delivery_id, payment_id, project_id, user_id) VALUES (260, (SELECT projects.start_date + INTERVAL 37 DAY FROM projects WHERE projects.id=4), 1, 260, 4, 2);
INSERT INTO orders (order_id, created_at, delivery_id, payment_id, supporting_project_id) VALUES (260, (SELECT projects.start_date + INTERVAL 37 DAY FROM projects WHERE projects.id=4), 1, 260, 260);
INSERT INTO supporting_packages(id, option_list, package_count, order_id, project_package_id, supporting_project_id) VALUES (260, '["브러시 세트"]', 8, 260, 4, 260);
INSERT INTO supporting_projects(supporting_project_id, supported_at, delivery_id, payment_id, project_id, user_id) VALUES (261, (SELECT projects.start_date + INTERVAL 2 DAY FROM projects WHERE projects.id=4), 1, 261, 4, 11);
INSERT INTO orders (order_id, created_at, delivery_id, payment_id, supporting_project_id) VALUES (261, (SELECT projects.start_date + INTERVAL 2 DAY FROM projects WHERE projects.id=4), 1, 261, 261);
INSERT INTO supporting_packages(id, option_list, package_count, order_id, project_package_id, supporting_project_id) VALUES (261, '["스펀지 세트"]', 5, 261, 4, 261);
INSERT INTO supporting_projects(supporting_project_id, supported_at, delivery_id, payment_id, project_id, user_id) VALUES (262, (SELECT projects.start_date + INTERVAL 27 DAY FROM projects WHERE projects.id=4), 1, 262, 4, 28);
INSERT INTO orders (order_id, created_at, delivery_id, payment_id, supporting_project_id) VALUES (262, (SELECT projects.start_date + INTERVAL 27 DAY FROM projects WHERE projects.id=4), 1, 262, 262);
INSERT INTO supporting_packages(id, option_list, package_count, order_id, project_package_id, supporting_project_id) VALUES (262, '["스펀지 세트"]', 4, 262, 4, 262);
INSERT INTO supporting_projects(supporting_project_id, supported_at, delivery_id, payment_id, project_id, user_id) VALUES (263, (SELECT projects.start_date + INTERVAL 42 DAY FROM projects WHERE projects.id=4), 1, 263, 4, 32);
INSERT INTO orders (order_id, created_at, delivery_id, payment_id, supporting_project_id) VALUES (263, (SELECT projects.start_date + INTERVAL 42 DAY FROM projects WHERE projects.id=4), 1, 263, 263);
INSERT INTO supporting_packages(id, option_list, package_count, order_id, project_package_id, supporting_project_id) VALUES (263, '["스펀지 세트"]', 2, 263, 4, 263);
INSERT INTO supporting_projects(supporting_project_id, supported_at, delivery_id, payment_id, project_id, user_id) VALUES (264, (SELECT projects.start_date + INTERVAL 27 DAY FROM projects WHERE projects.id=4), 1, 264, 4, 31);
INSERT INTO orders (order_id, created_at, delivery_id, payment_id, supporting_project_id) VALUES (264, (SELECT projects.start_date + INTERVAL 27 DAY FROM projects WHERE projects.id=4), 1, 264, 264);
INSERT INTO supporting_packages(id, option_list, package_count, order_id, project_package_id, supporting_project_id) VALUES (264, '["스펀지 세트"]', 5, 264, 4, 264);
INSERT INTO supporting_projects(supporting_project_id, supported_at, delivery_id, payment_id, project_id, user_id) VALUES (265, (SELECT projects.start_date + INTERVAL 15 DAY FROM projects WHERE projects.id=4), 1, 265, 4, 25);
INSERT INTO orders (order_id, created_at, delivery_id, payment_id, supporting_project_id) VALUES (265, (SELECT projects.start_date + INTERVAL 15 DAY FROM projects WHERE projects.id=4), 1, 265, 265);
INSERT INTO supporting_packages(id, option_list, package_count, order_id, project_package_id, supporting_project_id) VALUES (265, '["스펀지 세트"]', 7, 265, 4, 265);
INSERT INTO supporting_projects(supporting_project_id, supported_at, delivery_id, payment_id, project_id, user_id) VALUES (266, (SELECT projects.start_date + INTERVAL 48 DAY FROM projects WHERE projects.id=4), 1, 266, 4, 17);
INSERT INTO orders (order_id, created_at, delivery_id, payment_id, supporting_project_id) VALUES (266, (SELECT projects.start_date + INTERVAL 48 DAY FROM projects WHERE projects.id=4), 1, 266, 266);
INSERT INTO supporting_packages(id, option_list, package_count, order_id, project_package_id, supporting_project_id) VALUES (266, '["브러시 세트"]', 6, 266, 4, 266);
INSERT INTO supporting_projects(supporting_project_id, supported_at, delivery_id, payment_id, project_id, user_id) VALUES (267, (SELECT projects.start_date + INTERVAL 33 DAY FROM projects WHERE projects.id=4), 1, 267, 4, 12);
INSERT INTO orders (order_id, created_at, delivery_id, payment_id, supporting_project_id) VALUES (267, (SELECT projects.start_date + INTERVAL 33 DAY FROM projects WHERE projects.id=4), 1, 267, 267);
INSERT INTO supporting_packages(id, option_list, package_count, order_id, project_package_id, supporting_project_id) VALUES (267, '["브러시 세트"]', 2, 267, 4, 267);
INSERT INTO supporting_projects(supporting_project_id, supported_at, delivery_id, payment_id, project_id, user_id) VALUES (268, (SELECT projects.start_date + INTERVAL 15 DAY FROM projects WHERE projects.id=4), 1, 268, 4, 29);
INSERT INTO orders (order_id, created_at, delivery_id, payment_id, supporting_project_id) VALUES (268, (SELECT projects.start_date + INTERVAL 15 DAY FROM projects WHERE projects.id=4), 1, 268, 268);
INSERT INTO supporting_packages(id, option_list, package_count, order_id, project_package_id, supporting_project_id) VALUES (268, '["브러시 세트"]', 9, 268, 4, 268);
INSERT INTO supporting_projects(supporting_project_id, supported_at, delivery_id, payment_id, project_id, user_id) VALUES (269, (SELECT projects.start_date + INTERVAL 23 DAY FROM projects WHERE projects.id=4), 1, 269, 4, 2);
INSERT INTO orders (order_id, created_at, delivery_id, payment_id, supporting_project_id) VALUES (269, (SELECT projects.start_date + INTERVAL 23 DAY FROM projects WHERE projects.id=4), 1, 269, 269);
INSERT INTO supporting_packages(id, option_list, package_count, order_id, project_package_id, supporting_project_id) VALUES (269, '["브러시 세트"]', 6, 269, 4, 269);
INSERT INTO supporting_projects(supporting_project_id, supported_at, delivery_id, payment_id, project_id, user_id) VALUES (270, (SELECT projects.start_date + INTERVAL 46 DAY FROM projects WHERE projects.id=4), 1, 270, 4, 35);
INSERT INTO orders (order_id, created_at, delivery_id, payment_id, supporting_project_id) VALUES (270, (SELECT projects.start_date + INTERVAL 46 DAY FROM projects WHERE projects.id=4), 1, 270, 270);
INSERT INTO supporting_packages(id, option_list, package_count, order_id, project_package_id, supporting_project_id) VALUES (270, '["브러시 세트"]', 10, 270, 4, 270);
INSERT INTO supporting_projects(supporting_project_id, supported_at, delivery_id, payment_id, project_id, user_id) VALUES (271, (SELECT projects.start_date + INTERVAL 11 DAY FROM projects WHERE projects.id=4), 1, 271, 4, 12);
INSERT INTO orders (order_id, created_at, delivery_id, payment_id, supporting_project_id) VALUES (271, (SELECT projects.start_date + INTERVAL 11 DAY FROM projects WHERE projects.id=4), 1, 271, 271);
INSERT INTO supporting_packages(id, option_list, package_count, order_id, project_package_id, supporting_project_id) VALUES (271, '["스펀지 세트"]', 10, 271, 4, 271);
INSERT INTO supporting_projects(supporting_project_id, supported_at, delivery_id, payment_id, project_id, user_id) VALUES (272, (SELECT projects.start_date + INTERVAL 43 DAY FROM projects WHERE projects.id=4), 1, 272, 4, 12);
INSERT INTO orders (order_id, created_at, delivery_id, payment_id, supporting_project_id) VALUES (272, (SELECT projects.start_date + INTERVAL 43 DAY FROM projects WHERE projects.id=4), 1, 272, 272);
INSERT INTO supporting_packages(id, option_list, package_count, order_id, project_package_id, supporting_project_id) VALUES (272, '["브러시 세트"]', 4, 272, 4, 272);
INSERT INTO supporting_projects(supporting_project_id, supported_at, delivery_id, payment_id, project_id, user_id) VALUES (273, (SELECT projects.start_date + INTERVAL 39 DAY FROM projects WHERE projects.id=4), 1, 273, 4, 2);
INSERT INTO orders (order_id, created_at, delivery_id, payment_id, supporting_project_id) VALUES (273, (SELECT projects.start_date + INTERVAL 39 DAY FROM projects WHERE projects.id=4), 1, 273, 273);
INSERT INTO supporting_packages(id, option_list, package_count, order_id, project_package_id, supporting_project_id) VALUES (273, '["스펀지 세트"]', 10, 273, 4, 273);
INSERT INTO supporting_projects(supporting_project_id, supported_at, delivery_id, payment_id, project_id, user_id) VALUES (274, (SELECT projects.start_date + INTERVAL 22 DAY FROM projects WHERE projects.id=4), 1, 274, 4, 33);
INSERT INTO orders (order_id, created_at, delivery_id, payment_id, supporting_project_id) VALUES (274, (SELECT projects.start_date + INTERVAL 22 DAY FROM projects WHERE projects.id=4), 1, 274, 274);
INSERT INTO supporting_packages(id, option_list, package_count, order_id, project_package_id, supporting_project_id) VALUES (274, '["스펀지 세트"]', 3, 274, 4, 274);
INSERT INTO supporting_projects(supporting_project_id, supported_at, delivery_id, payment_id, project_id, user_id) VALUES (275, (SELECT projects.start_date + INTERVAL 22 DAY FROM projects WHERE projects.id=4), 1, 275, 4, 23);
INSERT INTO orders (order_id, created_at, delivery_id, payment_id, supporting_project_id) VALUES (275, (SELECT projects.start_date + INTERVAL 22 DAY FROM projects WHERE projects.id=4), 1, 275, 275);
INSERT INTO supporting_packages(id, option_list, package_count, order_id, project_package_id, supporting_project_id) VALUES (275, '["브러시 세트"]', 8, 275, 4, 275);
INSERT INTO supporting_projects(supporting_project_id, supported_at, delivery_id, payment_id, project_id, user_id) VALUES (276, (SELECT projects.start_date + INTERVAL 12 DAY FROM projects WHERE projects.id=4), 1, 276, 4, 19);
INSERT INTO orders (order_id, created_at, delivery_id, payment_id, supporting_project_id) VALUES (276, (SELECT projects.start_date + INTERVAL 12 DAY FROM projects WHERE projects.id=4), 1, 276, 276);
INSERT INTO supporting_packages(id, option_list, package_count, order_id, project_package_id, supporting_project_id) VALUES (276, '["스펀지 세트"]', 9, 276, 4, 276);
INSERT INTO supporting_projects(supporting_project_id, supported_at, delivery_id, payment_id, project_id, user_id) VALUES (277, (SELECT projects.start_date + INTERVAL 8 DAY FROM projects WHERE projects.id=4), 1, 277, 4, 1);
INSERT INTO orders (order_id, created_at, delivery_id, payment_id, supporting_project_id) VALUES (277, (SELECT projects.start_date + INTERVAL 8 DAY FROM projects WHERE projects.id=4), 1, 277, 277);
INSERT INTO supporting_packages(id, option_list, package_count, order_id, project_package_id, supporting_project_id) VALUES (277, '["브러시 세트"]', 9, 277, 4, 277);
INSERT INTO supporting_projects(supporting_project_id, supported_at, delivery_id, payment_id, project_id, user_id) VALUES (278, (SELECT projects.start_date + INTERVAL 27 DAY FROM projects WHERE projects.id=4), 1, 278, 4, 6);
INSERT INTO orders (order_id, created_at, delivery_id, payment_id, supporting_project_id) VALUES (278, (SELECT projects.start_date + INTERVAL 27 DAY FROM projects WHERE projects.id=4), 1, 278, 278);
INSERT INTO supporting_packages(id, option_list, package_count, order_id, project_package_id, supporting_project_id) VALUES (278, '["스펀지 세트"]', 1, 278, 4, 278);
INSERT INTO supporting_projects(supporting_project_id, supported_at, delivery_id, payment_id, project_id, user_id) VALUES (279, (SELECT projects.start_date + INTERVAL 7 DAY FROM projects WHERE projects.id=4), 1, 279, 4, 30);
INSERT INTO orders (order_id, created_at, delivery_id, payment_id, supporting_project_id) VALUES (279, (SELECT projects.start_date + INTERVAL 7 DAY FROM projects WHERE projects.id=4), 1, 279, 279);
INSERT INTO supporting_packages(id, option_list, package_count, order_id, project_package_id, supporting_project_id) VALUES (279, '["스펀지 세트"]', 9, 279, 4, 279);
INSERT INTO supporting_projects(supporting_project_id, supported_at, delivery_id, payment_id, project_id, user_id) VALUES (280, (SELECT projects.start_date + INTERVAL 34 DAY FROM projects WHERE projects.id=4), 1, 280, 4, 32);
INSERT INTO orders (order_id, created_at, delivery_id, payment_id, supporting_project_id) VALUES (280, (SELECT projects.start_date + INTERVAL 34 DAY FROM projects WHERE projects.id=4), 1, 280, 280);
INSERT INTO supporting_packages(id, option_list, package_count, order_id, project_package_id, supporting_project_id) VALUES (280, '["스펀지 세트"]', 10, 280, 4, 280);
INSERT INTO supporting_projects(supporting_project_id, supported_at, delivery_id, payment_id, project_id, user_id) VALUES (281, (SELECT projects.start_date + INTERVAL 9 DAY FROM projects WHERE projects.id=4), 1, 281, 4, 10);
INSERT INTO orders (order_id, created_at, delivery_id, payment_id, supporting_project_id) VALUES (281, (SELECT projects.start_date + INTERVAL 9 DAY FROM projects WHERE projects.id=4), 1, 281, 281);
INSERT INTO supporting_packages(id, option_list, package_count, order_id, project_package_id, supporting_project_id) VALUES (281, '["브러시 세트"]', 6, 281, 4, 281);
INSERT INTO supporting_projects(supporting_project_id, supported_at, delivery_id, payment_id, project_id, user_id) VALUES (282, (SELECT projects.start_date + INTERVAL 9 DAY FROM projects WHERE projects.id=4), 1, 282, 4, 37);
INSERT INTO orders (order_id, created_at, delivery_id, payment_id, supporting_project_id) VALUES (282, (SELECT projects.start_date + INTERVAL 9 DAY FROM projects WHERE projects.id=4), 1, 282, 282);
INSERT INTO supporting_packages(id, option_list, package_count, order_id, project_package_id, supporting_project_id) VALUES (282, '["스펀지 세트"]', 8, 282, 4, 282);
INSERT INTO supporting_projects(supporting_project_id, supported_at, delivery_id, payment_id, project_id, user_id) VALUES (283, (SELECT projects.start_date + INTERVAL 10 DAY FROM projects WHERE projects.id=4), 1, 283, 4, 28);
INSERT INTO orders (order_id, created_at, delivery_id, payment_id, supporting_project_id) VALUES (283, (SELECT projects.start_date + INTERVAL 10 DAY FROM projects WHERE projects.id=4), 1, 283, 283);
INSERT INTO supporting_packages(id, option_list, package_count, order_id, project_package_id, supporting_project_id) VALUES (283, '["브러시 세트"]', 4, 283, 4, 283);
INSERT INTO supporting_projects(supporting_project_id, supported_at, delivery_id, payment_id, project_id, user_id) VALUES (284, (SELECT projects.start_date + INTERVAL 49 DAY FROM projects WHERE projects.id=4), 1, 284, 4, 22);
INSERT INTO orders (order_id, created_at, delivery_id, payment_id, supporting_project_id) VALUES (284, (SELECT projects.start_date + INTERVAL 49 DAY FROM projects WHERE projects.id=4), 1, 284, 284);
INSERT INTO supporting_packages(id, option_list, package_count, order_id, project_package_id, supporting_project_id) VALUES (284, '["스펀지 세트"]', 1, 284, 4, 284);
INSERT INTO supporting_projects(supporting_project_id, supported_at, delivery_id, payment_id, project_id, user_id) VALUES (285, (SELECT projects.start_date + INTERVAL 36 DAY FROM projects WHERE projects.id=4), 1, 285, 4, 1);
INSERT INTO orders (order_id, created_at, delivery_id, payment_id, supporting_project_id) VALUES (285, (SELECT projects.start_date + INTERVAL 36 DAY FROM projects WHERE projects.id=4), 1, 285, 285);
INSERT INTO supporting_packages(id, option_list, package_count, order_id, project_package_id, supporting_project_id) VALUES (285, '["브러시 세트"]', 6, 285, 4, 285);
INSERT INTO supporting_projects(supporting_project_id, supported_at, delivery_id, payment_id, project_id, user_id) VALUES (286, (SELECT projects.start_date + INTERVAL 9 DAY FROM projects WHERE projects.id=4), 1, 286, 4, 17);
INSERT INTO orders (order_id, created_at, delivery_id, payment_id, supporting_project_id) VALUES (286, (SELECT projects.start_date + INTERVAL 9 DAY FROM projects WHERE projects.id=4), 1, 286, 286);
INSERT INTO supporting_packages(id, option_list, package_count, order_id, project_package_id, supporting_project_id) VALUES (286, '["브러시 세트"]', 2, 286, 4, 286);
INSERT INTO supporting_projects(supporting_project_id, supported_at, delivery_id, payment_id, project_id, user_id) VALUES (287, (SELECT projects.start_date + INTERVAL 31 DAY FROM projects WHERE projects.id=4), 1, 287, 4, 22);
INSERT INTO orders (order_id, created_at, delivery_id, payment_id, supporting_project_id) VALUES (287, (SELECT projects.start_date + INTERVAL 31 DAY FROM projects WHERE projects.id=4), 1, 287, 287);
INSERT INTO supporting_packages(id, option_list, package_count, order_id, project_package_id, supporting_project_id) VALUES (287, '["스펀지 세트"]', 3, 287, 4, 287);
INSERT INTO supporting_projects(supporting_project_id, supported_at, delivery_id, payment_id, project_id, user_id) VALUES (288, (SELECT projects.start_date + INTERVAL 40 DAY FROM projects WHERE projects.id=4), 1, 288, 4, 4);
INSERT INTO orders (order_id, created_at, delivery_id, payment_id, supporting_project_id) VALUES (288, (SELECT projects.start_date + INTERVAL 40 DAY FROM projects WHERE projects.id=4), 1, 288, 288);
INSERT INTO supporting_packages(id, option_list, package_count, order_id, project_package_id, supporting_project_id) VALUES (288, '["스펀지 세트"]', 5, 288, 4, 288);
INSERT INTO supporting_projects(supporting_project_id, supported_at, delivery_id, payment_id, project_id, user_id) VALUES (289, (SELECT projects.start_date + INTERVAL 33 DAY FROM projects WHERE projects.id=4), 1, 289, 4, 35);
INSERT INTO orders (order_id, created_at, delivery_id, payment_id, supporting_project_id) VALUES (289, (SELECT projects.start_date + INTERVAL 33 DAY FROM projects WHERE projects.id=4), 1, 289, 289);
INSERT INTO supporting_packages(id, option_list, package_count, order_id, project_package_id, supporting_project_id) VALUES (289, '["브러시 세트"]', 9, 289, 4, 289);
INSERT INTO supporting_projects(supporting_project_id, supported_at, delivery_id, payment_id, project_id, user_id) VALUES (290, (SELECT projects.start_date + INTERVAL 19 DAY FROM projects WHERE projects.id=4), 1, 290, 4, 18);
INSERT INTO orders (order_id, created_at, delivery_id, payment_id, supporting_project_id) VALUES (290, (SELECT projects.start_date + INTERVAL 19 DAY FROM projects WHERE projects.id=4), 1, 290, 290);
INSERT INTO supporting_packages(id, option_list, package_count, order_id, project_package_id, supporting_project_id) VALUES (290, '["브러시 세트"]', 3, 290, 4, 290);
INSERT INTO supporting_projects(supporting_project_id, supported_at, delivery_id, payment_id, project_id, user_id) VALUES (291, (SELECT projects.start_date + INTERVAL 16 DAY FROM projects WHERE projects.id=4), 1, 291, 4, 30);
INSERT INTO orders (order_id, created_at, delivery_id, payment_id, supporting_project_id) VALUES (291, (SELECT projects.start_date + INTERVAL 16 DAY FROM projects WHERE projects.id=4), 1, 291, 291);
INSERT INTO supporting_packages(id, option_list, package_count, order_id, project_package_id, supporting_project_id) VALUES (291, '["스펀지 세트"]', 9, 291, 4, 291);
INSERT INTO supporting_projects(supporting_project_id, supported_at, delivery_id, payment_id, project_id, user_id) VALUES (292, (SELECT projects.start_date + INTERVAL 11 DAY FROM projects WHERE projects.id=4), 1, 292, 4, 37);
INSERT INTO orders (order_id, created_at, delivery_id, payment_id, supporting_project_id) VALUES (292, (SELECT projects.start_date + INTERVAL 11 DAY FROM projects WHERE projects.id=4), 1, 292, 292);
INSERT INTO supporting_packages(id, option_list, package_count, order_id, project_package_id, supporting_project_id) VALUES (292, '["스펀지 세트"]', 2, 292, 4, 292);
INSERT INTO supporting_projects(supporting_project_id, supported_at, delivery_id, payment_id, project_id, user_id) VALUES (293, (SELECT projects.start_date + INTERVAL 17 DAY FROM projects WHERE projects.id=4), 1, 293, 4, 9);
INSERT INTO orders (order_id, created_at, delivery_id, payment_id, supporting_project_id) VALUES (293, (SELECT projects.start_date + INTERVAL 17 DAY FROM projects WHERE projects.id=4), 1, 293, 293);
INSERT INTO supporting_packages(id, option_list, package_count, order_id, project_package_id, supporting_project_id) VALUES (293, '["스펀지 세트"]', 4, 293, 4, 293);
INSERT INTO supporting_projects(supporting_project_id, supported_at, delivery_id, payment_id, project_id, user_id) VALUES (294, (SELECT projects.start_date + INTERVAL 46 DAY FROM projects WHERE projects.id=4), 1, 294, 4, 7);
INSERT INTO orders (order_id, created_at, delivery_id, payment_id, supporting_project_id) VALUES (294, (SELECT projects.start_date + INTERVAL 46 DAY FROM projects WHERE projects.id=4), 1, 294, 294);
INSERT INTO supporting_packages(id, option_list, package_count, order_id, project_package_id, supporting_project_id) VALUES (294, '["스펀지 세트"]', 1, 294, 4, 294);
INSERT INTO supporting_projects(supporting_project_id, supported_at, delivery_id, payment_id, project_id, user_id) VALUES (295, (SELECT projects.start_date + INTERVAL 3 DAY FROM projects WHERE projects.id=4), 1, 295, 4, 21);
INSERT INTO orders (order_id, created_at, delivery_id, payment_id, supporting_project_id) VALUES (295, (SELECT projects.start_date + INTERVAL 3 DAY FROM projects WHERE projects.id=4), 1, 295, 295);
INSERT INTO supporting_packages(id, option_list, package_count, order_id, project_package_id, supporting_project_id) VALUES (295, '["스펀지 세트"]', 2, 295, 4, 295);
INSERT INTO supporting_projects(supporting_project_id, supported_at, delivery_id, payment_id, project_id, user_id) VALUES (296, (SELECT projects.start_date + INTERVAL 19 DAY FROM projects WHERE projects.id=4), 1, 296, 4, 6);
INSERT INTO orders (order_id, created_at, delivery_id, payment_id, supporting_project_id) VALUES (296, (SELECT projects.start_date + INTERVAL 19 DAY FROM projects WHERE projects.id=4), 1, 296, 296);
INSERT INTO supporting_packages(id, option_list, package_count, order_id, project_package_id, supporting_project_id) VALUES (296, '["스펀지 세트"]', 10, 296, 4, 296);
INSERT INTO supporting_projects(supporting_project_id, supported_at, delivery_id, payment_id, project_id, user_id) VALUES (297, (SELECT projects.start_date + INTERVAL 30 DAY FROM projects WHERE projects.id=4), 1, 297, 4, 24);
INSERT INTO orders (order_id, created_at, delivery_id, payment_id, supporting_project_id) VALUES (297, (SELECT projects.start_date + INTERVAL 30 DAY FROM projects WHERE projects.id=4), 1, 297, 297);
INSERT INTO supporting_packages(id, option_list, package_count, order_id, project_package_id, supporting_project_id) VALUES (297, '["스펀지 세트"]', 2, 297, 4, 297);
INSERT INTO supporting_projects(supporting_project_id, supported_at, delivery_id, payment_id, project_id, user_id) VALUES (298, (SELECT projects.start_date + INTERVAL 40 DAY FROM projects WHERE projects.id=4), 1, 298, 4, 21);
INSERT INTO orders (order_id, created_at, delivery_id, payment_id, supporting_project_id) VALUES (298, (SELECT projects.start_date + INTERVAL 40 DAY FROM projects WHERE projects.id=4), 1, 298, 298);
INSERT INTO supporting_packages(id, option_list, package_count, order_id, project_package_id, supporting_project_id) VALUES (298, '["브러시 세트"]', 8, 298, 4, 298);
INSERT INTO supporting_projects(supporting_project_id, supported_at, delivery_id, payment_id, project_id, user_id) VALUES (299, (SELECT projects.start_date + INTERVAL 16 DAY FROM projects WHERE projects.id=4), 1, 299, 4, 12);
INSERT INTO orders (order_id, created_at, delivery_id, payment_id, supporting_project_id) VALUES (299, (SELECT projects.start_date + INTERVAL 16 DAY FROM projects WHERE projects.id=4), 1, 299, 299);
INSERT INTO supporting_packages(id, option_list, package_count, order_id, project_package_id, supporting_project_id) VALUES (299, '["브러시 세트"]', 3, 299, 4, 299);
INSERT INTO supporting_projects(supporting_project_id, supported_at, delivery_id, payment_id, project_id, user_id) VALUES (300, (SELECT projects.start_date + INTERVAL 2 DAY FROM projects WHERE projects.id=4), 1, 300, 4, 25);
INSERT INTO orders (order_id, created_at, delivery_id, payment_id, supporting_project_id) VALUES (300, (SELECT projects.start_date + INTERVAL 2 DAY FROM projects WHERE projects.id=4), 1, 300, 300);
INSERT INTO supporting_packages(id, option_list, package_count, order_id, project_package_id, supporting_project_id) VALUES (300, '["스펀지 세트"]', 9, 300, 4, 300);
INSERT INTO supporting_projects(supporting_project_id, supported_at, delivery_id, payment_id, project_id, user_id) VALUES (301, (SELECT projects.start_date + INTERVAL 2 DAY FROM projects WHERE projects.id=4), 1, 301, 4, 34);
INSERT INTO orders (order_id, created_at, delivery_id, payment_id, supporting_project_id) VALUES (301, (SELECT projects.start_date + INTERVAL 2 DAY FROM projects WHERE projects.id=4), 1, 301, 301);
INSERT INTO supporting_packages(id, option_list, package_count, order_id, project_package_id, supporting_project_id) VALUES (301, '["브러시 세트"]', 7, 301, 4, 301);
INSERT INTO supporting_projects(supporting_project_id, supported_at, delivery_id, payment_id, project_id, user_id) VALUES (302, (SELECT projects.start_date + INTERVAL 11 DAY FROM projects WHERE projects.id=6), 1, 302, 6, 31);
INSERT INTO orders (order_id, created_at, delivery_id, payment_id, supporting_project_id) VALUES (302, (SELECT projects.start_date + INTERVAL 11 DAY FROM projects WHERE projects.id=6), 1, 302, 302);
INSERT INTO supporting_packages(id, option_list, package_count, order_id, project_package_id, supporting_project_id) VALUES (302, '["주름개선"]', 6, 302, 6, 302);
INSERT INTO supporting_projects(supporting_project_id, supported_at, delivery_id, payment_id, project_id, user_id) VALUES (303, (SELECT projects.start_date + INTERVAL 29 DAY FROM projects WHERE projects.id=6), 1, 303, 6, 23);
INSERT INTO orders (order_id, created_at, delivery_id, payment_id, supporting_project_id) VALUES (303, (SELECT projects.start_date + INTERVAL 29 DAY FROM projects WHERE projects.id=6), 1, 303, 303);
INSERT INTO supporting_packages(id, option_list, package_count, order_id, project_package_id, supporting_project_id) VALUES (303, '["미백"]', 7, 303, 6, 303);
INSERT INTO supporting_projects(supporting_project_id, supported_at, delivery_id, payment_id, project_id, user_id) VALUES (304, (SELECT projects.start_date + INTERVAL 44 DAY FROM projects WHERE projects.id=6), 1, 304, 6, 2);
INSERT INTO orders (order_id, created_at, delivery_id, payment_id, supporting_project_id) VALUES (304, (SELECT projects.start_date + INTERVAL 44 DAY FROM projects WHERE projects.id=6), 1, 304, 304);
INSERT INTO supporting_packages(id, option_list, package_count, order_id, project_package_id, supporting_project_id) VALUES (304, '["수분"]', 4, 304, 6, 304);
INSERT INTO supporting_projects(supporting_project_id, supported_at, delivery_id, payment_id, project_id, user_id) VALUES (305, (SELECT projects.start_date + INTERVAL 33 DAY FROM projects WHERE projects.id=6), 1, 305, 6, 8);
INSERT INTO orders (order_id, created_at, delivery_id, payment_id, supporting_project_id) VALUES (305, (SELECT projects.start_date + INTERVAL 33 DAY FROM projects WHERE projects.id=6), 1, 305, 305);
INSERT INTO supporting_packages(id, option_list, package_count, order_id, project_package_id, supporting_project_id) VALUES (305, '["주름개선"]', 4, 305, 6, 305);
INSERT INTO supporting_projects(supporting_project_id, supported_at, delivery_id, payment_id, project_id, user_id) VALUES (306, (SELECT projects.start_date + INTERVAL 42 DAY FROM projects WHERE projects.id=6), 1, 306, 6, 39);
INSERT INTO orders (order_id, created_at, delivery_id, payment_id, supporting_project_id) VALUES (306, (SELECT projects.start_date + INTERVAL 42 DAY FROM projects WHERE projects.id=6), 1, 306, 306);
INSERT INTO supporting_packages(id, option_list, package_count, order_id, project_package_id, supporting_project_id) VALUES (306, '["수분"]', 3, 306, 6, 306);
INSERT INTO supporting_projects(supporting_project_id, supported_at, delivery_id, payment_id, project_id, user_id) VALUES (307, (SELECT projects.start_date + INTERVAL 22 DAY FROM projects WHERE projects.id=6), 1, 307, 6, 20);
INSERT INTO orders (order_id, created_at, delivery_id, payment_id, supporting_project_id) VALUES (307, (SELECT projects.start_date + INTERVAL 22 DAY FROM projects WHERE projects.id=6), 1, 307, 307);
INSERT INTO supporting_packages(id, option_list, package_count, order_id, project_package_id, supporting_project_id) VALUES (307, '["수분"]', 8, 307, 6, 307);
INSERT INTO supporting_projects(supporting_project_id, supported_at, delivery_id, payment_id, project_id, user_id) VALUES (308, (SELECT projects.start_date + INTERVAL 6 DAY FROM projects WHERE projects.id=6), 1, 308, 6, 21);
INSERT INTO orders (order_id, created_at, delivery_id, payment_id, supporting_project_id) VALUES (308, (SELECT projects.start_date + INTERVAL 6 DAY FROM projects WHERE projects.id=6), 1, 308, 308);
INSERT INTO supporting_packages(id, option_list, package_count, order_id, project_package_id, supporting_project_id) VALUES (308, '["미백"]', 2, 308, 6, 308);
INSERT INTO supporting_projects(supporting_project_id, supported_at, delivery_id, payment_id, project_id, user_id) VALUES (309, (SELECT projects.start_date + INTERVAL 50 DAY FROM projects WHERE projects.id=6), 1, 309, 6, 9);
INSERT INTO orders (order_id, created_at, delivery_id, payment_id, supporting_project_id) VALUES (309, (SELECT projects.start_date + INTERVAL 50 DAY FROM projects WHERE projects.id=6), 1, 309, 309);
INSERT INTO supporting_packages(id, option_list, package_count, order_id, project_package_id, supporting_project_id) VALUES (309, '["수분"]', 2, 309, 6, 309);
INSERT INTO supporting_projects(supporting_project_id, supported_at, delivery_id, payment_id, project_id, user_id) VALUES (310, (SELECT projects.start_date + INTERVAL 22 DAY FROM projects WHERE projects.id=6), 1, 310, 6, 16);
INSERT INTO orders (order_id, created_at, delivery_id, payment_id, supporting_project_id) VALUES (310, (SELECT projects.start_date + INTERVAL 22 DAY FROM projects WHERE projects.id=6), 1, 310, 310);
INSERT INTO supporting_packages(id, option_list, package_count, order_id, project_package_id, supporting_project_id) VALUES (310, '["미백"]', 6, 310, 6, 310);
INSERT INTO supporting_projects(supporting_project_id, supported_at, delivery_id, payment_id, project_id, user_id) VALUES (311, (SELECT projects.start_date + INTERVAL 9 DAY FROM projects WHERE projects.id=6), 1, 311, 6, 19);
INSERT INTO orders (order_id, created_at, delivery_id, payment_id, supporting_project_id) VALUES (311, (SELECT projects.start_date + INTERVAL 9 DAY FROM projects WHERE projects.id=6), 1, 311, 311);
INSERT INTO supporting_packages(id, option_list, package_count, order_id, project_package_id, supporting_project_id) VALUES (311, '["수분"]', 5, 311, 6, 311);
INSERT INTO supporting_projects(supporting_project_id, supported_at, delivery_id, payment_id, project_id, user_id) VALUES (312, (SELECT projects.start_date + INTERVAL 2 DAY FROM projects WHERE projects.id=6), 1, 312, 6, 37);
INSERT INTO orders (order_id, created_at, delivery_id, payment_id, supporting_project_id) VALUES (312, (SELECT projects.start_date + INTERVAL 2 DAY FROM projects WHERE projects.id=6), 1, 312, 312);
INSERT INTO supporting_packages(id, option_list, package_count, order_id, project_package_id, supporting_project_id) VALUES (312, '["수분"]', 3, 312, 6, 312);
INSERT INTO supporting_projects(supporting_project_id, supported_at, delivery_id, payment_id, project_id, user_id) VALUES (313, (SELECT projects.start_date + INTERVAL 25 DAY FROM projects WHERE projects.id=6), 1, 313, 6, 30);
INSERT INTO orders (order_id, created_at, delivery_id, payment_id, supporting_project_id) VALUES (313, (SELECT projects.start_date + INTERVAL 25 DAY FROM projects WHERE projects.id=6), 1, 313, 313);
INSERT INTO supporting_packages(id, option_list, package_count, order_id, project_package_id, supporting_project_id) VALUES (313, '["주름개선"]', 7, 313, 6, 313);
INSERT INTO supporting_projects(supporting_project_id, supported_at, delivery_id, payment_id, project_id, user_id) VALUES (314, (SELECT projects.start_date + INTERVAL 17 DAY FROM projects WHERE projects.id=6), 1, 314, 6, 20);
INSERT INTO orders (order_id, created_at, delivery_id, payment_id, supporting_project_id) VALUES (314, (SELECT projects.start_date + INTERVAL 17 DAY FROM projects WHERE projects.id=6), 1, 314, 314);
INSERT INTO supporting_packages(id, option_list, package_count, order_id, project_package_id, supporting_project_id) VALUES (314, '["미백"]', 8, 314, 6, 314);
INSERT INTO supporting_projects(supporting_project_id, supported_at, delivery_id, payment_id, project_id, user_id) VALUES (315, (SELECT projects.start_date + INTERVAL 45 DAY FROM projects WHERE projects.id=6), 1, 315, 6, 34);
INSERT INTO orders (order_id, created_at, delivery_id, payment_id, supporting_project_id) VALUES (315, (SELECT projects.start_date + INTERVAL 45 DAY FROM projects WHERE projects.id=6), 1, 315, 315);
INSERT INTO supporting_packages(id, option_list, package_count, order_id, project_package_id, supporting_project_id) VALUES (315, '["수분"]', 4, 315, 6, 315);
INSERT INTO supporting_projects(supporting_project_id, supported_at, delivery_id, payment_id, project_id, user_id) VALUES (316, (SELECT projects.start_date + INTERVAL 25 DAY FROM projects WHERE projects.id=6), 1, 316, 6, 39);
INSERT INTO orders (order_id, created_at, delivery_id, payment_id, supporting_project_id) VALUES (316, (SELECT projects.start_date + INTERVAL 25 DAY FROM projects WHERE projects.id=6), 1, 316, 316);
INSERT INTO supporting_packages(id, option_list, package_count, order_id, project_package_id, supporting_project_id) VALUES (316, '["수분"]', 4, 316, 6, 316);
INSERT INTO supporting_projects(supporting_project_id, supported_at, delivery_id, payment_id, project_id, user_id) VALUES (317, (SELECT projects.start_date + INTERVAL 31 DAY FROM projects WHERE projects.id=6), 1, 317, 6, 7);
INSERT INTO orders (order_id, created_at, delivery_id, payment_id, supporting_project_id) VALUES (317, (SELECT projects.start_date + INTERVAL 31 DAY FROM projects WHERE projects.id=6), 1, 317, 317);
INSERT INTO supporting_packages(id, option_list, package_count, order_id, project_package_id, supporting_project_id) VALUES (317, '["미백"]', 2, 317, 6, 317);
INSERT INTO supporting_projects(supporting_project_id, supported_at, delivery_id, payment_id, project_id, user_id) VALUES (318, (SELECT projects.start_date + INTERVAL 1 DAY FROM projects WHERE projects.id=6), 1, 318, 6, 26);
INSERT INTO orders (order_id, created_at, delivery_id, payment_id, supporting_project_id) VALUES (318, (SELECT projects.start_date + INTERVAL 1 DAY FROM projects WHERE projects.id=6), 1, 318, 318);
INSERT INTO supporting_packages(id, option_list, package_count, order_id, project_package_id, supporting_project_id) VALUES (318, '["미백"]', 7, 318, 6, 318);
INSERT INTO supporting_projects(supporting_project_id, supported_at, delivery_id, payment_id, project_id, user_id) VALUES (319, (SELECT projects.start_date + INTERVAL 19 DAY FROM projects WHERE projects.id=6), 1, 319, 6, 36);
INSERT INTO orders (order_id, created_at, delivery_id, payment_id, supporting_project_id) VALUES (319, (SELECT projects.start_date + INTERVAL 19 DAY FROM projects WHERE projects.id=6), 1, 319, 319);
INSERT INTO supporting_packages(id, option_list, package_count, order_id, project_package_id, supporting_project_id) VALUES (319, '["수분"]', 7, 319, 6, 319);
INSERT INTO supporting_projects(supporting_project_id, supported_at, delivery_id, payment_id, project_id, user_id) VALUES (320, (SELECT projects.start_date + INTERVAL 40 DAY FROM projects WHERE projects.id=6), 1, 320, 6, 14);
INSERT INTO orders (order_id, created_at, delivery_id, payment_id, supporting_project_id) VALUES (320, (SELECT projects.start_date + INTERVAL 40 DAY FROM projects WHERE projects.id=6), 1, 320, 320);
INSERT INTO supporting_packages(id, option_list, package_count, order_id, project_package_id, supporting_project_id) VALUES (320, '["미백"]', 4, 320, 6, 320);
INSERT INTO supporting_projects(supporting_project_id, supported_at, delivery_id, payment_id, project_id, user_id) VALUES (321, (SELECT projects.start_date + INTERVAL 8 DAY FROM projects WHERE projects.id=6), 1, 321, 6, 2);
INSERT INTO orders (order_id, created_at, delivery_id, payment_id, supporting_project_id) VALUES (321, (SELECT projects.start_date + INTERVAL 8 DAY FROM projects WHERE projects.id=6), 1, 321, 321);
INSERT INTO supporting_packages(id, option_list, package_count, order_id, project_package_id, supporting_project_id) VALUES (321, '["미백"]', 7, 321, 6, 321);
INSERT INTO supporting_projects(supporting_project_id, supported_at, delivery_id, payment_id, project_id, user_id) VALUES (322, (SELECT projects.start_date + INTERVAL 48 DAY FROM projects WHERE projects.id=6), 1, 322, 6, 19);
INSERT INTO orders (order_id, created_at, delivery_id, payment_id, supporting_project_id) VALUES (322, (SELECT projects.start_date + INTERVAL 48 DAY FROM projects WHERE projects.id=6), 1, 322, 322);
INSERT INTO supporting_packages(id, option_list, package_count, order_id, project_package_id, supporting_project_id) VALUES (322, '["주름개선"]', 4, 322, 6, 322);
INSERT INTO supporting_projects(supporting_project_id, supported_at, delivery_id, payment_id, project_id, user_id) VALUES (323, (SELECT projects.start_date + INTERVAL 30 DAY FROM projects WHERE projects.id=6), 1, 323, 6, 1);
INSERT INTO orders (order_id, created_at, delivery_id, payment_id, supporting_project_id) VALUES (323, (SELECT projects.start_date + INTERVAL 30 DAY FROM projects WHERE projects.id=6), 1, 323, 323);
INSERT INTO supporting_packages(id, option_list, package_count, order_id, project_package_id, supporting_project_id) VALUES (323, '["수분"]', 8, 323, 6, 323);
INSERT INTO supporting_projects(supporting_project_id, supported_at, delivery_id, payment_id, project_id, user_id) VALUES (324, (SELECT projects.start_date + INTERVAL 40 DAY FROM projects WHERE projects.id=6), 1, 324, 6, 30);
INSERT INTO orders (order_id, created_at, delivery_id, payment_id, supporting_project_id) VALUES (324, (SELECT projects.start_date + INTERVAL 40 DAY FROM projects WHERE projects.id=6), 1, 324, 324);
INSERT INTO supporting_packages(id, option_list, package_count, order_id, project_package_id, supporting_project_id) VALUES (324, '["수분"]', 1, 324, 6, 324);
INSERT INTO supporting_projects(supporting_project_id, supported_at, delivery_id, payment_id, project_id, user_id) VALUES (325, (SELECT projects.start_date + INTERVAL 26 DAY FROM projects WHERE projects.id=6), 1, 325, 6, 7);
INSERT INTO orders (order_id, created_at, delivery_id, payment_id, supporting_project_id) VALUES (325, (SELECT projects.start_date + INTERVAL 26 DAY FROM projects WHERE projects.id=6), 1, 325, 325);
INSERT INTO supporting_packages(id, option_list, package_count, order_id, project_package_id, supporting_project_id) VALUES (325, '["미백"]', 2, 325, 6, 325);
INSERT INTO supporting_projects(supporting_project_id, supported_at, delivery_id, payment_id, project_id, user_id) VALUES (326, (SELECT projects.start_date + INTERVAL 16 DAY FROM projects WHERE projects.id=6), 1, 326, 6, 2);
INSERT INTO orders (order_id, created_at, delivery_id, payment_id, supporting_project_id) VALUES (326, (SELECT projects.start_date + INTERVAL 16 DAY FROM projects WHERE projects.id=6), 1, 326, 326);
INSERT INTO supporting_packages(id, option_list, package_count, order_id, project_package_id, supporting_project_id) VALUES (326, '["주름개선"]', 4, 326, 6, 326);
INSERT INTO supporting_projects(supporting_project_id, supported_at, delivery_id, payment_id, project_id, user_id) VALUES (327, (SELECT projects.start_date + INTERVAL 8 DAY FROM projects WHERE projects.id=6), 1, 327, 6, 21);
INSERT INTO orders (order_id, created_at, delivery_id, payment_id, supporting_project_id) VALUES (327, (SELECT projects.start_date + INTERVAL 8 DAY FROM projects WHERE projects.id=6), 1, 327, 327);
INSERT INTO supporting_packages(id, option_list, package_count, order_id, project_package_id, supporting_project_id) VALUES (327, '["수분"]', 7, 327, 6, 327);
INSERT INTO supporting_projects(supporting_project_id, supported_at, delivery_id, payment_id, project_id, user_id) VALUES (328, (SELECT projects.start_date + INTERVAL 41 DAY FROM projects WHERE projects.id=6), 1, 328, 6, 36);
INSERT INTO orders (order_id, created_at, delivery_id, payment_id, supporting_project_id) VALUES (328, (SELECT projects.start_date + INTERVAL 41 DAY FROM projects WHERE projects.id=6), 1, 328, 328);
INSERT INTO supporting_packages(id, option_list, package_count, order_id, project_package_id, supporting_project_id) VALUES (328, '["주름개선"]', 4, 328, 6, 328);
INSERT INTO supporting_projects(supporting_project_id, supported_at, delivery_id, payment_id, project_id, user_id) VALUES (329, (SELECT projects.start_date + INTERVAL 2 DAY FROM projects WHERE projects.id=6), 1, 329, 6, 16);
INSERT INTO orders (order_id, created_at, delivery_id, payment_id, supporting_project_id) VALUES (329, (SELECT projects.start_date + INTERVAL 2 DAY FROM projects WHERE projects.id=6), 1, 329, 329);
INSERT INTO supporting_packages(id, option_list, package_count, order_id, project_package_id, supporting_project_id) VALUES (329, '["수분"]', 7, 329, 6, 329);
INSERT INTO supporting_projects(supporting_project_id, supported_at, delivery_id, payment_id, project_id, user_id) VALUES (330, (SELECT projects.start_date + INTERVAL 15 DAY FROM projects WHERE projects.id=6), 1, 330, 6, 24);
INSERT INTO orders (order_id, created_at, delivery_id, payment_id, supporting_project_id) VALUES (330, (SELECT projects.start_date + INTERVAL 15 DAY FROM projects WHERE projects.id=6), 1, 330, 330);
INSERT INTO supporting_packages(id, option_list, package_count, order_id, project_package_id, supporting_project_id) VALUES (330, '["주름개선"]', 6, 330, 6, 330);
INSERT INTO supporting_projects(supporting_project_id, supported_at, delivery_id, payment_id, project_id, user_id) VALUES (331, (SELECT projects.start_date + INTERVAL 13 DAY FROM projects WHERE projects.id=6), 1, 331, 6, 12);
INSERT INTO orders (order_id, created_at, delivery_id, payment_id, supporting_project_id) VALUES (331, (SELECT projects.start_date + INTERVAL 13 DAY FROM projects WHERE projects.id=6), 1, 331, 331);
INSERT INTO supporting_packages(id, option_list, package_count, order_id, project_package_id, supporting_project_id) VALUES (331, '["수분"]', 2, 331, 6, 331);
INSERT INTO supporting_projects(supporting_project_id, supported_at, delivery_id, payment_id, project_id, user_id) VALUES (332, (SELECT projects.start_date + INTERVAL 34 DAY FROM projects WHERE projects.id=6), 1, 332, 6, 29);
INSERT INTO orders (order_id, created_at, delivery_id, payment_id, supporting_project_id) VALUES (332, (SELECT projects.start_date + INTERVAL 34 DAY FROM projects WHERE projects.id=6), 1, 332, 332);
INSERT INTO supporting_packages(id, option_list, package_count, order_id, project_package_id, supporting_project_id) VALUES (332, '["수분"]', 4, 332, 6, 332);
INSERT INTO supporting_projects(supporting_project_id, supported_at, delivery_id, payment_id, project_id, user_id) VALUES (333, (SELECT projects.start_date + INTERVAL 12 DAY FROM projects WHERE projects.id=6), 1, 333, 6, 4);
INSERT INTO orders (order_id, created_at, delivery_id, payment_id, supporting_project_id) VALUES (333, (SELECT projects.start_date + INTERVAL 12 DAY FROM projects WHERE projects.id=6), 1, 333, 333);
INSERT INTO supporting_packages(id, option_list, package_count, order_id, project_package_id, supporting_project_id) VALUES (333, '["미백"]', 1, 333, 6, 333);
INSERT INTO supporting_projects(supporting_project_id, supported_at, delivery_id, payment_id, project_id, user_id) VALUES (334, (SELECT projects.start_date + INTERVAL 9 DAY FROM projects WHERE projects.id=6), 1, 334, 6, 21);
INSERT INTO orders (order_id, created_at, delivery_id, payment_id, supporting_project_id) VALUES (334, (SELECT projects.start_date + INTERVAL 9 DAY FROM projects WHERE projects.id=6), 1, 334, 334);
INSERT INTO supporting_packages(id, option_list, package_count, order_id, project_package_id, supporting_project_id) VALUES (334, '["수분"]', 2, 334, 6, 334);
INSERT INTO supporting_projects(supporting_project_id, supported_at, delivery_id, payment_id, project_id, user_id) VALUES (335, (SELECT projects.start_date + INTERVAL 1 DAY FROM projects WHERE projects.id=6), 1, 335, 6, 39);
INSERT INTO orders (order_id, created_at, delivery_id, payment_id, supporting_project_id) VALUES (335, (SELECT projects.start_date + INTERVAL 1 DAY FROM projects WHERE projects.id=6), 1, 335, 335);
INSERT INTO supporting_packages(id, option_list, package_count, order_id, project_package_id, supporting_project_id) VALUES (335, '["미백"]', 4, 335, 6, 335);
INSERT INTO supporting_projects(supporting_project_id, supported_at, delivery_id, payment_id, project_id, user_id) VALUES (336, (SELECT projects.start_date + INTERVAL 18 DAY FROM projects WHERE projects.id=6), 1, 336, 6, 10);
INSERT INTO orders (order_id, created_at, delivery_id, payment_id, supporting_project_id) VALUES (336, (SELECT projects.start_date + INTERVAL 18 DAY FROM projects WHERE projects.id=6), 1, 336, 336);
INSERT INTO supporting_packages(id, option_list, package_count, order_id, project_package_id, supporting_project_id) VALUES (336, '["주름개선"]', 10, 336, 6, 336);
INSERT INTO supporting_projects(supporting_project_id, supported_at, delivery_id, payment_id, project_id, user_id) VALUES (337, (SELECT projects.start_date + INTERVAL 18 DAY FROM projects WHERE projects.id=6), 1, 337, 6, 21);
INSERT INTO orders (order_id, created_at, delivery_id, payment_id, supporting_project_id) VALUES (337, (SELECT projects.start_date + INTERVAL 18 DAY FROM projects WHERE projects.id=6), 1, 337, 337);
INSERT INTO supporting_packages(id, option_list, package_count, order_id, project_package_id, supporting_project_id) VALUES (337, '["주름개선"]', 4, 337, 6, 337);
INSERT INTO supporting_projects(supporting_project_id, supported_at, delivery_id, payment_id, project_id, user_id) VALUES (338, (SELECT projects.start_date + INTERVAL 31 DAY FROM projects WHERE projects.id=6), 1, 338, 6, 4);
INSERT INTO orders (order_id, created_at, delivery_id, payment_id, supporting_project_id) VALUES (338, (SELECT projects.start_date + INTERVAL 31 DAY FROM projects WHERE projects.id=6), 1, 338, 338);
INSERT INTO supporting_packages(id, option_list, package_count, order_id, project_package_id, supporting_project_id) VALUES (338, '["수분"]', 7, 338, 6, 338);
INSERT INTO supporting_projects(supporting_project_id, supported_at, delivery_id, payment_id, project_id, user_id) VALUES (339, (SELECT projects.start_date + INTERVAL 25 DAY FROM projects WHERE projects.id=6), 1, 339, 6, 5);
INSERT INTO orders (order_id, created_at, delivery_id, payment_id, supporting_project_id) VALUES (339, (SELECT projects.start_date + INTERVAL 25 DAY FROM projects WHERE projects.id=6), 1, 339, 339);
INSERT INTO supporting_packages(id, option_list, package_count, order_id, project_package_id, supporting_project_id) VALUES (339, '["수분"]', 2, 339, 6, 339);
INSERT INTO supporting_projects(supporting_project_id, supported_at, delivery_id, payment_id, project_id, user_id) VALUES (340, (SELECT projects.start_date + INTERVAL 44 DAY FROM projects WHERE projects.id=7), 1, 340, 7, 21);
INSERT INTO orders (order_id, created_at, delivery_id, payment_id, supporting_project_id) VALUES (340, (SELECT projects.start_date + INTERVAL 44 DAY FROM projects WHERE projects.id=7), 1, 340, 340);
INSERT INTO supporting_packages(id, option_list, package_count, order_id, project_package_id, supporting_project_id) VALUES (340, '["세미나 참석권"]', 10, 340, 7, 340);
INSERT INTO supporting_projects(supporting_project_id, supported_at, delivery_id, payment_id, project_id, user_id) VALUES (341, (SELECT projects.start_date + INTERVAL 48 DAY FROM projects WHERE projects.id=7), 1, 341, 7, 31);
INSERT INTO orders (order_id, created_at, delivery_id, payment_id, supporting_project_id) VALUES (341, (SELECT projects.start_date + INTERVAL 48 DAY FROM projects WHERE projects.id=7), 1, 341, 341);
INSERT INTO supporting_packages(id, option_list, package_count, order_id, project_package_id, supporting_project_id) VALUES (341, '["리포트"]', 6, 341, 7, 341);
INSERT INTO supporting_projects(supporting_project_id, supported_at, delivery_id, payment_id, project_id, user_id) VALUES (342, (SELECT projects.start_date + INTERVAL 38 DAY FROM projects WHERE projects.id=7), 1, 342, 7, 6);
INSERT INTO orders (order_id, created_at, delivery_id, payment_id, supporting_project_id) VALUES (342, (SELECT projects.start_date + INTERVAL 38 DAY FROM projects WHERE projects.id=7), 1, 342, 342);
INSERT INTO supporting_packages(id, option_list, package_count, order_id, project_package_id, supporting_project_id) VALUES (342, '["세미나 참석권"]', 9, 342, 7, 342);
INSERT INTO supporting_projects(supporting_project_id, supported_at, delivery_id, payment_id, project_id, user_id) VALUES (343, (SELECT projects.start_date + INTERVAL 43 DAY FROM projects WHERE projects.id=7), 1, 343, 7, 25);
INSERT INTO orders (order_id, created_at, delivery_id, payment_id, supporting_project_id) VALUES (343, (SELECT projects.start_date + INTERVAL 43 DAY FROM projects WHERE projects.id=7), 1, 343, 343);
INSERT INTO supporting_packages(id, option_list, package_count, order_id, project_package_id, supporting_project_id) VALUES (343, '["세미나 참석권"]', 3, 343, 7, 343);
INSERT INTO supporting_projects(supporting_project_id, supported_at, delivery_id, payment_id, project_id, user_id) VALUES (344, (SELECT projects.start_date + INTERVAL 18 DAY FROM projects WHERE projects.id=7), 1, 344, 7, 7);
INSERT INTO orders (order_id, created_at, delivery_id, payment_id, supporting_project_id) VALUES (344, (SELECT projects.start_date + INTERVAL 18 DAY FROM projects WHERE projects.id=7), 1, 344, 344);
INSERT INTO supporting_packages(id, option_list, package_count, order_id, project_package_id, supporting_project_id) VALUES (344, '["세미나 참석권"]', 9, 344, 7, 344);
INSERT INTO supporting_projects(supporting_project_id, supported_at, delivery_id, payment_id, project_id, user_id) VALUES (345, (SELECT projects.start_date + INTERVAL 45 DAY FROM projects WHERE projects.id=7), 1, 345, 7, 14);
INSERT INTO orders (order_id, created_at, delivery_id, payment_id, supporting_project_id) VALUES (345, (SELECT projects.start_date + INTERVAL 45 DAY FROM projects WHERE projects.id=7), 1, 345, 345);
INSERT INTO supporting_packages(id, option_list, package_count, order_id, project_package_id, supporting_project_id) VALUES (345, '["리포트"]', 1, 345, 7, 345);
INSERT INTO supporting_projects(supporting_project_id, supported_at, delivery_id, payment_id, project_id, user_id) VALUES (346, (SELECT projects.start_date + INTERVAL 13 DAY FROM projects WHERE projects.id=7), 1, 346, 7, 3);
INSERT INTO orders (order_id, created_at, delivery_id, payment_id, supporting_project_id) VALUES (346, (SELECT projects.start_date + INTERVAL 13 DAY FROM projects WHERE projects.id=7), 1, 346, 346);
INSERT INTO supporting_packages(id, option_list, package_count, order_id, project_package_id, supporting_project_id) VALUES (346, '["세미나 참석권"]', 1, 346, 7, 346);
INSERT INTO supporting_projects(supporting_project_id, supported_at, delivery_id, payment_id, project_id, user_id) VALUES (347, (SELECT projects.start_date + INTERVAL 32 DAY FROM projects WHERE projects.id=7), 1, 347, 7, 4);
INSERT INTO orders (order_id, created_at, delivery_id, payment_id, supporting_project_id) VALUES (347, (SELECT projects.start_date + INTERVAL 32 DAY FROM projects WHERE projects.id=7), 1, 347, 347);
INSERT INTO supporting_packages(id, option_list, package_count, order_id, project_package_id, supporting_project_id) VALUES (347, '["리포트"]', 6, 347, 7, 347);
INSERT INTO supporting_projects(supporting_project_id, supported_at, delivery_id, payment_id, project_id, user_id) VALUES (348, (SELECT projects.start_date + INTERVAL 44 DAY FROM projects WHERE projects.id=7), 1, 348, 7, 16);
INSERT INTO orders (order_id, created_at, delivery_id, payment_id, supporting_project_id) VALUES (348, (SELECT projects.start_date + INTERVAL 44 DAY FROM projects WHERE projects.id=7), 1, 348, 348);
INSERT INTO supporting_packages(id, option_list, package_count, order_id, project_package_id, supporting_project_id) VALUES (348, '["세미나 참석권"]', 9, 348, 7, 348);
INSERT INTO supporting_projects(supporting_project_id, supported_at, delivery_id, payment_id, project_id, user_id) VALUES (349, (SELECT projects.start_date + INTERVAL 47 DAY FROM projects WHERE projects.id=7), 1, 349, 7, 13);
INSERT INTO orders (order_id, created_at, delivery_id, payment_id, supporting_project_id) VALUES (349, (SELECT projects.start_date + INTERVAL 47 DAY FROM projects WHERE projects.id=7), 1, 349, 349);
INSERT INTO supporting_packages(id, option_list, package_count, order_id, project_package_id, supporting_project_id) VALUES (349, '["세미나 참석권"]', 9, 349, 7, 349);
INSERT INTO supporting_projects(supporting_project_id, supported_at, delivery_id, payment_id, project_id, user_id) VALUES (350, (SELECT projects.start_date + INTERVAL 4 DAY FROM projects WHERE projects.id=7), 1, 350, 7, 1);
INSERT INTO orders (order_id, created_at, delivery_id, payment_id, supporting_project_id) VALUES (350, (SELECT projects.start_date + INTERVAL 4 DAY FROM projects WHERE projects.id=7), 1, 350, 350);
INSERT INTO supporting_packages(id, option_list, package_count, order_id, project_package_id, supporting_project_id) VALUES (350, '["세미나 참석권"]', 9, 350, 7, 350);
INSERT INTO supporting_projects(supporting_project_id, supported_at, delivery_id, payment_id, project_id, user_id) VALUES (351, (SELECT projects.start_date + INTERVAL 48 DAY FROM projects WHERE projects.id=7), 1, 351, 7, 17);
INSERT INTO orders (order_id, created_at, delivery_id, payment_id, supporting_project_id) VALUES (351, (SELECT projects.start_date + INTERVAL 48 DAY FROM projects WHERE projects.id=7), 1, 351, 351);
INSERT INTO supporting_packages(id, option_list, package_count, order_id, project_package_id, supporting_project_id) VALUES (351, '["리포트"]', 3, 351, 7, 351);
INSERT INTO supporting_projects(supporting_project_id, supported_at, delivery_id, payment_id, project_id, user_id) VALUES (352, (SELECT projects.start_date + INTERVAL 12 DAY FROM projects WHERE projects.id=7), 1, 352, 7, 13);
INSERT INTO orders (order_id, created_at, delivery_id, payment_id, supporting_project_id) VALUES (352, (SELECT projects.start_date + INTERVAL 12 DAY FROM projects WHERE projects.id=7), 1, 352, 352);
INSERT INTO supporting_packages(id, option_list, package_count, order_id, project_package_id, supporting_project_id) VALUES (352, '["리포트"]', 6, 352, 7, 352);
INSERT INTO supporting_projects(supporting_project_id, supported_at, delivery_id, payment_id, project_id, user_id) VALUES (353, (SELECT projects.start_date + INTERVAL 11 DAY FROM projects WHERE projects.id=7), 1, 353, 7, 5);
INSERT INTO orders (order_id, created_at, delivery_id, payment_id, supporting_project_id) VALUES (353, (SELECT projects.start_date + INTERVAL 11 DAY FROM projects WHERE projects.id=7), 1, 353, 353);
INSERT INTO supporting_packages(id, option_list, package_count, order_id, project_package_id, supporting_project_id) VALUES (353, '["리포트"]', 8, 353, 7, 353);
INSERT INTO supporting_projects(supporting_project_id, supported_at, delivery_id, payment_id, project_id, user_id) VALUES (354, (SELECT projects.start_date + INTERVAL 25 DAY FROM projects WHERE projects.id=7), 1, 354, 7, 35);
INSERT INTO orders (order_id, created_at, delivery_id, payment_id, supporting_project_id) VALUES (354, (SELECT projects.start_date + INTERVAL 25 DAY FROM projects WHERE projects.id=7), 1, 354, 354);
INSERT INTO supporting_packages(id, option_list, package_count, order_id, project_package_id, supporting_project_id) VALUES (354, '["리포트"]', 3, 354, 7, 354);
INSERT INTO supporting_projects(supporting_project_id, supported_at, delivery_id, payment_id, project_id, user_id) VALUES (355, (SELECT projects.start_date + INTERVAL 7 DAY FROM projects WHERE projects.id=7), 1, 355, 7, 21);
INSERT INTO orders (order_id, created_at, delivery_id, payment_id, supporting_project_id) VALUES (355, (SELECT projects.start_date + INTERVAL 7 DAY FROM projects WHERE projects.id=7), 1, 355, 355);
INSERT INTO supporting_packages(id, option_list, package_count, order_id, project_package_id, supporting_project_id) VALUES (355, '["세미나 참석권"]', 5, 355, 7, 355);
INSERT INTO supporting_projects(supporting_project_id, supported_at, delivery_id, payment_id, project_id, user_id) VALUES (356, (SELECT projects.start_date + INTERVAL 14 DAY FROM projects WHERE projects.id=7), 1, 356, 7, 40);
INSERT INTO orders (order_id, created_at, delivery_id, payment_id, supporting_project_id) VALUES (356, (SELECT projects.start_date + INTERVAL 14 DAY FROM projects WHERE projects.id=7), 1, 356, 356);
INSERT INTO supporting_packages(id, option_list, package_count, order_id, project_package_id, supporting_project_id) VALUES (356, '["리포트"]', 2, 356, 7, 356);
INSERT INTO supporting_projects(supporting_project_id, supported_at, delivery_id, payment_id, project_id, user_id) VALUES (357, (SELECT projects.start_date + INTERVAL 6 DAY FROM projects WHERE projects.id=7), 1, 357, 7, 21);
INSERT INTO orders (order_id, created_at, delivery_id, payment_id, supporting_project_id) VALUES (357, (SELECT projects.start_date + INTERVAL 6 DAY FROM projects WHERE projects.id=7), 1, 357, 357);
INSERT INTO supporting_packages(id, option_list, package_count, order_id, project_package_id, supporting_project_id) VALUES (357, '["리포트"]', 7, 357, 7, 357);
INSERT INTO supporting_projects(supporting_project_id, supported_at, delivery_id, payment_id, project_id, user_id) VALUES (358, (SELECT projects.start_date + INTERVAL 20 DAY FROM projects WHERE projects.id=7), 1, 358, 7, 12);
INSERT INTO orders (order_id, created_at, delivery_id, payment_id, supporting_project_id) VALUES (358, (SELECT projects.start_date + INTERVAL 20 DAY FROM projects WHERE projects.id=7), 1, 358, 358);
INSERT INTO supporting_packages(id, option_list, package_count, order_id, project_package_id, supporting_project_id) VALUES (358, '["리포트"]', 5, 358, 7, 358);
INSERT INTO supporting_projects(supporting_project_id, supported_at, delivery_id, payment_id, project_id, user_id) VALUES (359, (SELECT projects.start_date + INTERVAL 12 DAY FROM projects WHERE projects.id=7), 1, 359, 7, 33);
INSERT INTO orders (order_id, created_at, delivery_id, payment_id, supporting_project_id) VALUES (359, (SELECT projects.start_date + INTERVAL 12 DAY FROM projects WHERE projects.id=7), 1, 359, 359);
INSERT INTO supporting_packages(id, option_list, package_count, order_id, project_package_id, supporting_project_id) VALUES (359, '["리포트"]', 8, 359, 7, 359);
INSERT INTO supporting_projects(supporting_project_id, supported_at, delivery_id, payment_id, project_id, user_id) VALUES (360, (SELECT projects.start_date + INTERVAL 20 DAY FROM projects WHERE projects.id=7), 1, 360, 7, 38);
INSERT INTO orders (order_id, created_at, delivery_id, payment_id, supporting_project_id) VALUES (360, (SELECT projects.start_date + INTERVAL 20 DAY FROM projects WHERE projects.id=7), 1, 360, 360);
INSERT INTO supporting_packages(id, option_list, package_count, order_id, project_package_id, supporting_project_id) VALUES (360, '["세미나 참석권"]', 10, 360, 7, 360);
INSERT INTO supporting_projects(supporting_project_id, supported_at, delivery_id, payment_id, project_id, user_id) VALUES (361, (SELECT projects.start_date + INTERVAL 43 DAY FROM projects WHERE projects.id=7), 1, 361, 7, 26);
INSERT INTO orders (order_id, created_at, delivery_id, payment_id, supporting_project_id) VALUES (361, (SELECT projects.start_date + INTERVAL 43 DAY FROM projects WHERE projects.id=7), 1, 361, 361);
INSERT INTO supporting_packages(id, option_list, package_count, order_id, project_package_id, supporting_project_id) VALUES (361, '["리포트"]', 6, 361, 7, 361);
INSERT INTO supporting_projects(supporting_project_id, supported_at, delivery_id, payment_id, project_id, user_id) VALUES (362, (SELECT projects.start_date + INTERVAL 48 DAY FROM projects WHERE projects.id=7), 1, 362, 7, 32);
INSERT INTO orders (order_id, created_at, delivery_id, payment_id, supporting_project_id) VALUES (362, (SELECT projects.start_date + INTERVAL 48 DAY FROM projects WHERE projects.id=7), 1, 362, 362);
INSERT INTO supporting_packages(id, option_list, package_count, order_id, project_package_id, supporting_project_id) VALUES (362, '["세미나 참석권"]', 6, 362, 7, 362);
INSERT INTO supporting_projects(supporting_project_id, supported_at, delivery_id, payment_id, project_id, user_id) VALUES (363, (SELECT projects.start_date + INTERVAL 33 DAY FROM projects WHERE projects.id=7), 1, 363, 7, 36);
INSERT INTO orders (order_id, created_at, delivery_id, payment_id, supporting_project_id) VALUES (363, (SELECT projects.start_date + INTERVAL 33 DAY FROM projects WHERE projects.id=7), 1, 363, 363);
INSERT INTO supporting_packages(id, option_list, package_count, order_id, project_package_id, supporting_project_id) VALUES (363, '["세미나 참석권"]', 9, 363, 7, 363);
INSERT INTO supporting_projects(supporting_project_id, supported_at, delivery_id, payment_id, project_id, user_id) VALUES (364, (SELECT projects.start_date + INTERVAL 33 DAY FROM projects WHERE projects.id=7), 1, 364, 7, 22);
INSERT INTO orders (order_id, created_at, delivery_id, payment_id, supporting_project_id) VALUES (364, (SELECT projects.start_date + INTERVAL 33 DAY FROM projects WHERE projects.id=7), 1, 364, 364);
INSERT INTO supporting_packages(id, option_list, package_count, order_id, project_package_id, supporting_project_id) VALUES (364, '["세미나 참석권"]', 3, 364, 7, 364);
INSERT INTO supporting_projects(supporting_project_id, supported_at, delivery_id, payment_id, project_id, user_id) VALUES (365, (SELECT projects.start_date + INTERVAL 48 DAY FROM projects WHERE projects.id=7), 1, 365, 7, 31);
INSERT INTO orders (order_id, created_at, delivery_id, payment_id, supporting_project_id) VALUES (365, (SELECT projects.start_date + INTERVAL 48 DAY FROM projects WHERE projects.id=7), 1, 365, 365);
INSERT INTO supporting_packages(id, option_list, package_count, order_id, project_package_id, supporting_project_id) VALUES (365, '["리포트"]', 1, 365, 7, 365);
INSERT INTO supporting_projects(supporting_project_id, supported_at, delivery_id, payment_id, project_id, user_id) VALUES (366, (SELECT projects.start_date + INTERVAL 29 DAY FROM projects WHERE projects.id=7), 1, 366, 7, 19);
INSERT INTO orders (order_id, created_at, delivery_id, payment_id, supporting_project_id) VALUES (366, (SELECT projects.start_date + INTERVAL 29 DAY FROM projects WHERE projects.id=7), 1, 366, 366);
INSERT INTO supporting_packages(id, option_list, package_count, order_id, project_package_id, supporting_project_id) VALUES (366, '["세미나 참석권"]', 7, 366, 7, 366);
INSERT INTO supporting_projects(supporting_project_id, supported_at, delivery_id, payment_id, project_id, user_id) VALUES (367, (SELECT projects.start_date + INTERVAL 33 DAY FROM projects WHERE projects.id=7), 1, 367, 7, 16);
INSERT INTO orders (order_id, created_at, delivery_id, payment_id, supporting_project_id) VALUES (367, (SELECT projects.start_date + INTERVAL 33 DAY FROM projects WHERE projects.id=7), 1, 367, 367);
INSERT INTO supporting_packages(id, option_list, package_count, order_id, project_package_id, supporting_project_id) VALUES (367, '["세미나 참석권"]', 2, 367, 7, 367);
INSERT INTO supporting_projects(supporting_project_id, supported_at, delivery_id, payment_id, project_id, user_id) VALUES (368, (SELECT projects.start_date + INTERVAL 38 DAY FROM projects WHERE projects.id=7), 1, 368, 7, 17);
INSERT INTO orders (order_id, created_at, delivery_id, payment_id, supporting_project_id) VALUES (368, (SELECT projects.start_date + INTERVAL 38 DAY FROM projects WHERE projects.id=7), 1, 368, 368);
INSERT INTO supporting_packages(id, option_list, package_count, order_id, project_package_id, supporting_project_id) VALUES (368, '["세미나 참석권"]', 4, 368, 7, 368);
INSERT INTO supporting_projects(supporting_project_id, supported_at, delivery_id, payment_id, project_id, user_id) VALUES (369, (SELECT projects.start_date + INTERVAL 48 DAY FROM projects WHERE projects.id=7), 1, 369, 7, 32);
INSERT INTO orders (order_id, created_at, delivery_id, payment_id, supporting_project_id) VALUES (369, (SELECT projects.start_date + INTERVAL 48 DAY FROM projects WHERE projects.id=7), 1, 369, 369);
INSERT INTO supporting_packages(id, option_list, package_count, order_id, project_package_id, supporting_project_id) VALUES (369, '["세미나 참석권"]', 2, 369, 7, 369);
INSERT INTO supporting_projects(supporting_project_id, supported_at, delivery_id, payment_id, project_id, user_id) VALUES (370, (SELECT projects.start_date + INTERVAL 15 DAY FROM projects WHERE projects.id=7), 1, 370, 7, 14);
INSERT INTO orders (order_id, created_at, delivery_id, payment_id, supporting_project_id) VALUES (370, (SELECT projects.start_date + INTERVAL 15 DAY FROM projects WHERE projects.id=7), 1, 370, 370);
INSERT INTO supporting_packages(id, option_list, package_count, order_id, project_package_id, supporting_project_id) VALUES (370, '["세미나 참석권"]', 8, 370, 7, 370);
INSERT INTO supporting_projects(supporting_project_id, supported_at, delivery_id, payment_id, project_id, user_id) VALUES (371, (SELECT projects.start_date + INTERVAL 13 DAY FROM projects WHERE projects.id=7), 1, 371, 7, 14);
INSERT INTO orders (order_id, created_at, delivery_id, payment_id, supporting_project_id) VALUES (371, (SELECT projects.start_date + INTERVAL 13 DAY FROM projects WHERE projects.id=7), 1, 371, 371);
INSERT INTO supporting_packages(id, option_list, package_count, order_id, project_package_id, supporting_project_id) VALUES (371, '["리포트"]', 8, 371, 7, 371);
INSERT INTO supporting_projects(supporting_project_id, supported_at, delivery_id, payment_id, project_id, user_id) VALUES (372, (SELECT projects.start_date + INTERVAL 29 DAY FROM projects WHERE projects.id=7), 1, 372, 7, 15);
INSERT INTO orders (order_id, created_at, delivery_id, payment_id, supporting_project_id) VALUES (372, (SELECT projects.start_date + INTERVAL 29 DAY FROM projects WHERE projects.id=7), 1, 372, 372);
INSERT INTO supporting_packages(id, option_list, package_count, order_id, project_package_id, supporting_project_id) VALUES (372, '["리포트"]', 5, 372, 7, 372);
INSERT INTO supporting_projects(supporting_project_id, supported_at, delivery_id, payment_id, project_id, user_id) VALUES (373, (SELECT projects.start_date + INTERVAL 6 DAY FROM projects WHERE projects.id=7), 1, 373, 7, 37);
INSERT INTO orders (order_id, created_at, delivery_id, payment_id, supporting_project_id) VALUES (373, (SELECT projects.start_date + INTERVAL 6 DAY FROM projects WHERE projects.id=7), 1, 373, 373);
INSERT INTO supporting_packages(id, option_list, package_count, order_id, project_package_id, supporting_project_id) VALUES (373, '["세미나 참석권"]', 3, 373, 7, 373);
INSERT INTO supporting_projects(supporting_project_id, supported_at, delivery_id, payment_id, project_id, user_id) VALUES (374, (SELECT projects.start_date + INTERVAL 39 DAY FROM projects WHERE projects.id=7), 1, 374, 7, 14);
INSERT INTO orders (order_id, created_at, delivery_id, payment_id, supporting_project_id) VALUES (374, (SELECT projects.start_date + INTERVAL 39 DAY FROM projects WHERE projects.id=7), 1, 374, 374);
INSERT INTO supporting_packages(id, option_list, package_count, order_id, project_package_id, supporting_project_id) VALUES (374, '["세미나 참석권"]', 7, 374, 7, 374);
INSERT INTO supporting_projects(supporting_project_id, supported_at, delivery_id, payment_id, project_id, user_id) VALUES (375, (SELECT projects.start_date + INTERVAL 16 DAY FROM projects WHERE projects.id=7), 1, 375, 7, 21);
INSERT INTO orders (order_id, created_at, delivery_id, payment_id, supporting_project_id) VALUES (375, (SELECT projects.start_date + INTERVAL 16 DAY FROM projects WHERE projects.id=7), 1, 375, 375);
INSERT INTO supporting_packages(id, option_list, package_count, order_id, project_package_id, supporting_project_id) VALUES (375, '["리포트"]', 3, 375, 7, 375);
INSERT INTO supporting_projects(supporting_project_id, supported_at, delivery_id, payment_id, project_id, user_id) VALUES (376, (SELECT projects.start_date + INTERVAL 44 DAY FROM projects WHERE projects.id=7), 1, 376, 7, 19);
INSERT INTO orders (order_id, created_at, delivery_id, payment_id, supporting_project_id) VALUES (376, (SELECT projects.start_date + INTERVAL 44 DAY FROM projects WHERE projects.id=7), 1, 376, 376);
INSERT INTO supporting_packages(id, option_list, package_count, order_id, project_package_id, supporting_project_id) VALUES (376, '["세미나 참석권"]', 9, 376, 7, 376);
INSERT INTO supporting_projects(supporting_project_id, supported_at, delivery_id, payment_id, project_id, user_id) VALUES (377, (SELECT projects.start_date + INTERVAL 32 DAY FROM projects WHERE projects.id=7), 1, 377, 7, 16);
INSERT INTO orders (order_id, created_at, delivery_id, payment_id, supporting_project_id) VALUES (377, (SELECT projects.start_date + INTERVAL 32 DAY FROM projects WHERE projects.id=7), 1, 377, 377);
INSERT INTO supporting_packages(id, option_list, package_count, order_id, project_package_id, supporting_project_id) VALUES (377, '["리포트"]', 4, 377, 7, 377);
INSERT INTO supporting_projects(supporting_project_id, supported_at, delivery_id, payment_id, project_id, user_id) VALUES (378, (SELECT projects.start_date + INTERVAL 27 DAY FROM projects WHERE projects.id=7), 1, 378, 7, 1);
INSERT INTO orders (order_id, created_at, delivery_id, payment_id, supporting_project_id) VALUES (378, (SELECT projects.start_date + INTERVAL 27 DAY FROM projects WHERE projects.id=7), 1, 378, 378);
INSERT INTO supporting_packages(id, option_list, package_count, order_id, project_package_id, supporting_project_id) VALUES (378, '["세미나 참석권"]', 7, 378, 7, 378);
INSERT INTO supporting_projects(supporting_project_id, supported_at, delivery_id, payment_id, project_id, user_id) VALUES (379, (SELECT projects.start_date + INTERVAL 30 DAY FROM projects WHERE projects.id=7), 1, 379, 7, 2);
INSERT INTO orders (order_id, created_at, delivery_id, payment_id, supporting_project_id) VALUES (379, (SELECT projects.start_date + INTERVAL 30 DAY FROM projects WHERE projects.id=7), 1, 379, 379);
INSERT INTO supporting_packages(id, option_list, package_count, order_id, project_package_id, supporting_project_id) VALUES (379, '["리포트"]', 6, 379, 7, 379);
INSERT INTO supporting_projects(supporting_project_id, supported_at, delivery_id, payment_id, project_id, user_id) VALUES (380, (SELECT projects.start_date + INTERVAL 14 DAY FROM projects WHERE projects.id=7), 1, 380, 7, 34);
INSERT INTO orders (order_id, created_at, delivery_id, payment_id, supporting_project_id) VALUES (380, (SELECT projects.start_date + INTERVAL 14 DAY FROM projects WHERE projects.id=7), 1, 380, 380);
INSERT INTO supporting_packages(id, option_list, package_count, order_id, project_package_id, supporting_project_id) VALUES (380, '["세미나 참석권"]', 4, 380, 7, 380);
INSERT INTO supporting_projects(supporting_project_id, supported_at, delivery_id, payment_id, project_id, user_id) VALUES (381, (SELECT projects.start_date + INTERVAL 30 DAY FROM projects WHERE projects.id=7), 1, 381, 7, 30);
INSERT INTO orders (order_id, created_at, delivery_id, payment_id, supporting_project_id) VALUES (381, (SELECT projects.start_date + INTERVAL 30 DAY FROM projects WHERE projects.id=7), 1, 381, 381);
INSERT INTO supporting_packages(id, option_list, package_count, order_id, project_package_id, supporting_project_id) VALUES (381, '["리포트"]', 10, 381, 7, 381);
INSERT INTO supporting_projects(supporting_project_id, supported_at, delivery_id, payment_id, project_id, user_id) VALUES (382, (SELECT projects.start_date + INTERVAL 12 DAY FROM projects WHERE projects.id=7), 1, 382, 7, 26);
INSERT INTO orders (order_id, created_at, delivery_id, payment_id, supporting_project_id) VALUES (382, (SELECT projects.start_date + INTERVAL 12 DAY FROM projects WHERE projects.id=7), 1, 382, 382);
INSERT INTO supporting_packages(id, option_list, package_count, order_id, project_package_id, supporting_project_id) VALUES (382, '["리포트"]', 10, 382, 7, 382);
INSERT INTO supporting_projects(supporting_project_id, supported_at, delivery_id, payment_id, project_id, user_id) VALUES (383, (SELECT projects.start_date + INTERVAL 33 DAY FROM projects WHERE projects.id=7), 1, 383, 7, 16);
INSERT INTO orders (order_id, created_at, delivery_id, payment_id, supporting_project_id) VALUES (383, (SELECT projects.start_date + INTERVAL 33 DAY FROM projects WHERE projects.id=7), 1, 383, 383);
INSERT INTO supporting_packages(id, option_list, package_count, order_id, project_package_id, supporting_project_id) VALUES (383, '["세미나 참석권"]', 9, 383, 7, 383);
INSERT INTO supporting_projects(supporting_project_id, supported_at, delivery_id, payment_id, project_id, user_id) VALUES (384, (SELECT projects.start_date + INTERVAL 46 DAY FROM projects WHERE projects.id=7), 1, 384, 7, 1);
INSERT INTO orders (order_id, created_at, delivery_id, payment_id, supporting_project_id) VALUES (384, (SELECT projects.start_date + INTERVAL 46 DAY FROM projects WHERE projects.id=7), 1, 384, 384);
INSERT INTO supporting_packages(id, option_list, package_count, order_id, project_package_id, supporting_project_id) VALUES (384, '["세미나 참석권"]', 2, 384, 7, 384);
INSERT INTO supporting_projects(supporting_project_id, supported_at, delivery_id, payment_id, project_id, user_id) VALUES (385, (SELECT projects.start_date + INTERVAL 43 DAY FROM projects WHERE projects.id=7), 1, 385, 7, 23);
INSERT INTO orders (order_id, created_at, delivery_id, payment_id, supporting_project_id) VALUES (385, (SELECT projects.start_date + INTERVAL 43 DAY FROM projects WHERE projects.id=7), 1, 385, 385);
INSERT INTO supporting_packages(id, option_list, package_count, order_id, project_package_id, supporting_project_id) VALUES (385, '["리포트"]', 5, 385, 7, 385);
INSERT INTO supporting_projects(supporting_project_id, supported_at, delivery_id, payment_id, project_id, user_id) VALUES (386, (SELECT projects.start_date + INTERVAL 41 DAY FROM projects WHERE projects.id=7), 1, 386, 7, 36);
INSERT INTO orders (order_id, created_at, delivery_id, payment_id, supporting_project_id) VALUES (386, (SELECT projects.start_date + INTERVAL 41 DAY FROM projects WHERE projects.id=7), 1, 386, 386);
INSERT INTO supporting_packages(id, option_list, package_count, order_id, project_package_id, supporting_project_id) VALUES (386, '["리포트"]', 1, 386, 7, 386);
INSERT INTO supporting_projects(supporting_project_id, supported_at, delivery_id, payment_id, project_id, user_id) VALUES (387, (SELECT projects.start_date + INTERVAL 11 DAY FROM projects WHERE projects.id=7), 1, 387, 7, 38);
INSERT INTO orders (order_id, created_at, delivery_id, payment_id, supporting_project_id) VALUES (387, (SELECT projects.start_date + INTERVAL 11 DAY FROM projects WHERE projects.id=7), 1, 387, 387);
INSERT INTO supporting_packages(id, option_list, package_count, order_id, project_package_id, supporting_project_id) VALUES (387, '["세미나 참석권"]', 7, 387, 7, 387);
INSERT INTO supporting_projects(supporting_project_id, supported_at, delivery_id, payment_id, project_id, user_id) VALUES (388, (SELECT projects.start_date + INTERVAL 45 DAY FROM projects WHERE projects.id=7), 1, 388, 7, 16);
INSERT INTO orders (order_id, created_at, delivery_id, payment_id, supporting_project_id) VALUES (388, (SELECT projects.start_date + INTERVAL 45 DAY FROM projects WHERE projects.id=7), 1, 388, 388);
INSERT INTO supporting_packages(id, option_list, package_count, order_id, project_package_id, supporting_project_id) VALUES (388, '["리포트"]', 6, 388, 7, 388);
INSERT INTO supporting_projects(supporting_project_id, supported_at, delivery_id, payment_id, project_id, user_id) VALUES (389, (SELECT projects.start_date + INTERVAL 27 DAY FROM projects WHERE projects.id=7), 1, 389, 7, 36);
INSERT INTO orders (order_id, created_at, delivery_id, payment_id, supporting_project_id) VALUES (389, (SELECT projects.start_date + INTERVAL 27 DAY FROM projects WHERE projects.id=7), 1, 389, 389);
INSERT INTO supporting_packages(id, option_list, package_count, order_id, project_package_id, supporting_project_id) VALUES (389, '["리포트"]', 10, 389, 7, 389);
INSERT INTO supporting_projects(supporting_project_id, supported_at, delivery_id, payment_id, project_id, user_id) VALUES (390, (SELECT projects.start_date + INTERVAL 21 DAY FROM projects WHERE projects.id=7), 1, 390, 7, 7);
INSERT INTO orders (order_id, created_at, delivery_id, payment_id, supporting_project_id) VALUES (390, (SELECT projects.start_date + INTERVAL 21 DAY FROM projects WHERE projects.id=7), 1, 390, 390);
INSERT INTO supporting_packages(id, option_list, package_count, order_id, project_package_id, supporting_project_id) VALUES (390, '["세미나 참석권"]', 4, 390, 7, 390);
INSERT INTO supporting_projects(supporting_project_id, supported_at, delivery_id, payment_id, project_id, user_id) VALUES (391, (SELECT projects.start_date + INTERVAL 48 DAY FROM projects WHERE projects.id=7), 1, 391, 7, 10);
INSERT INTO orders (order_id, created_at, delivery_id, payment_id, supporting_project_id) VALUES (391, (SELECT projects.start_date + INTERVAL 48 DAY FROM projects WHERE projects.id=7), 1, 391, 391);
INSERT INTO supporting_packages(id, option_list, package_count, order_id, project_package_id, supporting_project_id) VALUES (391, '["리포트"]', 9, 391, 7, 391);
INSERT INTO supporting_projects(supporting_project_id, supported_at, delivery_id, payment_id, project_id, user_id) VALUES (392, (SELECT projects.start_date + INTERVAL 16 DAY FROM projects WHERE projects.id=7), 1, 392, 7, 18);
INSERT INTO orders (order_id, created_at, delivery_id, payment_id, supporting_project_id) VALUES (392, (SELECT projects.start_date + INTERVAL 16 DAY FROM projects WHERE projects.id=7), 1, 392, 392);
INSERT INTO supporting_packages(id, option_list, package_count, order_id, project_package_id, supporting_project_id) VALUES (392, '["세미나 참석권"]', 7, 392, 7, 392);
INSERT INTO supporting_projects(supporting_project_id, supported_at, delivery_id, payment_id, project_id, user_id) VALUES (393, (SELECT projects.start_date + INTERVAL 14 DAY FROM projects WHERE projects.id=7), 1, 393, 7, 35);
INSERT INTO orders (order_id, created_at, delivery_id, payment_id, supporting_project_id) VALUES (393, (SELECT projects.start_date + INTERVAL 14 DAY FROM projects WHERE projects.id=7), 1, 393, 393);
INSERT INTO supporting_packages(id, option_list, package_count, order_id, project_package_id, supporting_project_id) VALUES (393, '["리포트"]', 6, 393, 7, 393);
INSERT INTO supporting_projects(supporting_project_id, supported_at, delivery_id, payment_id, project_id, user_id) VALUES (394, (SELECT projects.start_date + INTERVAL 3 DAY FROM projects WHERE projects.id=7), 1, 394, 7, 31);
INSERT INTO orders (order_id, created_at, delivery_id, payment_id, supporting_project_id) VALUES (394, (SELECT projects.start_date + INTERVAL 3 DAY FROM projects WHERE projects.id=7), 1, 394, 394);
INSERT INTO supporting_packages(id, option_list, package_count, order_id, project_package_id, supporting_project_id) VALUES (394, '["세미나 참석권"]', 2, 394, 7, 394);
INSERT INTO supporting_projects(supporting_project_id, supported_at, delivery_id, payment_id, project_id, user_id) VALUES (395, (SELECT projects.start_date + INTERVAL 1 DAY FROM projects WHERE projects.id=7), 1, 395, 7, 18);
INSERT INTO orders (order_id, created_at, delivery_id, payment_id, supporting_project_id) VALUES (395, (SELECT projects.start_date + INTERVAL 1 DAY FROM projects WHERE projects.id=7), 1, 395, 395);
INSERT INTO supporting_packages(id, option_list, package_count, order_id, project_package_id, supporting_project_id) VALUES (395, '["리포트"]', 6, 395, 7, 395);
INSERT INTO supporting_projects(supporting_project_id, supported_at, delivery_id, payment_id, project_id, user_id) VALUES (396, (SELECT projects.start_date + INTERVAL 39 DAY FROM projects WHERE projects.id=7), 1, 396, 7, 36);
INSERT INTO orders (order_id, created_at, delivery_id, payment_id, supporting_project_id) VALUES (396, (SELECT projects.start_date + INTERVAL 39 DAY FROM projects WHERE projects.id=7), 1, 396, 396);
INSERT INTO supporting_packages(id, option_list, package_count, order_id, project_package_id, supporting_project_id) VALUES (396, '["세미나 참석권"]', 9, 396, 7, 396);
INSERT INTO supporting_projects(supporting_project_id, supported_at, delivery_id, payment_id, project_id, user_id) VALUES (397, (SELECT projects.start_date + INTERVAL 3 DAY FROM projects WHERE projects.id=7), 1, 397, 7, 36);
INSERT INTO orders (order_id, created_at, delivery_id, payment_id, supporting_project_id) VALUES (397, (SELECT projects.start_date + INTERVAL 3 DAY FROM projects WHERE projects.id=7), 1, 397, 397);
INSERT INTO supporting_packages(id, option_list, package_count, order_id, project_package_id, supporting_project_id) VALUES (397, '["리포트"]', 5, 397, 7, 397);
INSERT INTO supporting_projects(supporting_project_id, supported_at, delivery_id, payment_id, project_id, user_id) VALUES (398, (SELECT projects.start_date + INTERVAL 33 DAY FROM projects WHERE projects.id=7), 1, 398, 7, 20);
INSERT INTO orders (order_id, created_at, delivery_id, payment_id, supporting_project_id) VALUES (398, (SELECT projects.start_date + INTERVAL 33 DAY FROM projects WHERE projects.id=7), 1, 398, 398);
INSERT INTO supporting_packages(id, option_list, package_count, order_id, project_package_id, supporting_project_id) VALUES (398, '["리포트"]', 5, 398, 7, 398);
INSERT INTO supporting_projects(supporting_project_id, supported_at, delivery_id, payment_id, project_id, user_id) VALUES (399, (SELECT projects.start_date + INTERVAL 11 DAY FROM projects WHERE projects.id=7), 1, 399, 7, 8);
INSERT INTO orders (order_id, created_at, delivery_id, payment_id, supporting_project_id) VALUES (399, (SELECT projects.start_date + INTERVAL 11 DAY FROM projects WHERE projects.id=7), 1, 399, 399);
INSERT INTO supporting_packages(id, option_list, package_count, order_id, project_package_id, supporting_project_id) VALUES (399, '["리포트"]', 4, 399, 7, 399);
INSERT INTO supporting_projects(supporting_project_id, supported_at, delivery_id, payment_id, project_id, user_id) VALUES (400, (SELECT projects.start_date + INTERVAL 27 DAY FROM projects WHERE projects.id=7), 1, 400, 7, 33);
INSERT INTO orders (order_id, created_at, delivery_id, payment_id, supporting_project_id) VALUES (400, (SELECT projects.start_date + INTERVAL 27 DAY FROM projects WHERE projects.id=7), 1, 400, 400);
INSERT INTO supporting_packages(id, option_list, package_count, order_id, project_package_id, supporting_project_id) VALUES (400, '["리포트"]', 2, 400, 7, 400);
INSERT INTO supporting_projects(supporting_project_id, supported_at, delivery_id, payment_id, project_id, user_id) VALUES (401, (SELECT projects.start_date + INTERVAL 34 DAY FROM projects WHERE projects.id=7), 1, 401, 7, 32);
INSERT INTO orders (order_id, created_at, delivery_id, payment_id, supporting_project_id) VALUES (401, (SELECT projects.start_date + INTERVAL 34 DAY FROM projects WHERE projects.id=7), 1, 401, 401);
INSERT INTO supporting_packages(id, option_list, package_count, order_id, project_package_id, supporting_project_id) VALUES (401, '["세미나 참석권"]', 4, 401, 7, 401);
INSERT INTO supporting_projects(supporting_project_id, supported_at, delivery_id, payment_id, project_id, user_id) VALUES (402, (SELECT projects.start_date + INTERVAL 8 DAY FROM projects WHERE projects.id=7), 1, 402, 7, 30);
INSERT INTO orders (order_id, created_at, delivery_id, payment_id, supporting_project_id) VALUES (402, (SELECT projects.start_date + INTERVAL 8 DAY FROM projects WHERE projects.id=7), 1, 402, 402);
INSERT INTO supporting_packages(id, option_list, package_count, order_id, project_package_id, supporting_project_id) VALUES (402, '["세미나 참석권"]', 1, 402, 7, 402);
INSERT INTO supporting_projects(supporting_project_id, supported_at, delivery_id, payment_id, project_id, user_id) VALUES (403, (SELECT projects.start_date + INTERVAL 7 DAY FROM projects WHERE projects.id=7), 1, 403, 7, 7);
INSERT INTO orders (order_id, created_at, delivery_id, payment_id, supporting_project_id) VALUES (403, (SELECT projects.start_date + INTERVAL 7 DAY FROM projects WHERE projects.id=7), 1, 403, 403);
INSERT INTO supporting_packages(id, option_list, package_count, order_id, project_package_id, supporting_project_id) VALUES (403, '["리포트"]', 9, 403, 7, 403);
INSERT INTO supporting_projects(supporting_project_id, supported_at, delivery_id, payment_id, project_id, user_id) VALUES (404, (SELECT projects.start_date + INTERVAL 12 DAY FROM projects WHERE projects.id=7), 1, 404, 7, 33);
INSERT INTO orders (order_id, created_at, delivery_id, payment_id, supporting_project_id) VALUES (404, (SELECT projects.start_date + INTERVAL 12 DAY FROM projects WHERE projects.id=7), 1, 404, 404);
INSERT INTO supporting_packages(id, option_list, package_count, order_id, project_package_id, supporting_project_id) VALUES (404, '["리포트"]', 5, 404, 7, 404);
INSERT INTO supporting_projects(supporting_project_id, supported_at, delivery_id, payment_id, project_id, user_id) VALUES (405, (SELECT projects.start_date + INTERVAL 44 DAY FROM projects WHERE projects.id=7), 1, 405, 7, 38);
INSERT INTO orders (order_id, created_at, delivery_id, payment_id, supporting_project_id) VALUES (405, (SELECT projects.start_date + INTERVAL 44 DAY FROM projects WHERE projects.id=7), 1, 405, 405);
INSERT INTO supporting_packages(id, option_list, package_count, order_id, project_package_id, supporting_project_id) VALUES (405, '["리포트"]', 1, 405, 7, 405);
INSERT INTO supporting_projects(supporting_project_id, supported_at, delivery_id, payment_id, project_id, user_id) VALUES (406, (SELECT projects.start_date + INTERVAL 12 DAY FROM projects WHERE projects.id=7), 1, 406, 7, 30);
INSERT INTO orders (order_id, created_at, delivery_id, payment_id, supporting_project_id) VALUES (406, (SELECT projects.start_date + INTERVAL 12 DAY FROM projects WHERE projects.id=7), 1, 406, 406);
INSERT INTO supporting_packages(id, option_list, package_count, order_id, project_package_id, supporting_project_id) VALUES (406, '["세미나 참석권"]', 3, 406, 7, 406);
INSERT INTO supporting_projects(supporting_project_id, supported_at, delivery_id, payment_id, project_id, user_id) VALUES (407, (SELECT projects.start_date + INTERVAL 45 DAY FROM projects WHERE projects.id=7), 1, 407, 7, 25);
INSERT INTO orders (order_id, created_at, delivery_id, payment_id, supporting_project_id) VALUES (407, (SELECT projects.start_date + INTERVAL 45 DAY FROM projects WHERE projects.id=7), 1, 407, 407);
INSERT INTO supporting_packages(id, option_list, package_count, order_id, project_package_id, supporting_project_id) VALUES (407, '["리포트"]', 10, 407, 7, 407);
INSERT INTO supporting_projects(supporting_project_id, supported_at, delivery_id, payment_id, project_id, user_id) VALUES (408, (SELECT projects.start_date + INTERVAL 2 DAY FROM projects WHERE projects.id=7), 1, 408, 7, 40);
INSERT INTO orders (order_id, created_at, delivery_id, payment_id, supporting_project_id) VALUES (408, (SELECT projects.start_date + INTERVAL 2 DAY FROM projects WHERE projects.id=7), 1, 408, 408);
INSERT INTO supporting_packages(id, option_list, package_count, order_id, project_package_id, supporting_project_id) VALUES (408, '["세미나 참석권"]', 5, 408, 7, 408);
INSERT INTO supporting_projects(supporting_project_id, supported_at, delivery_id, payment_id, project_id, user_id) VALUES (409, (SELECT projects.start_date + INTERVAL 37 DAY FROM projects WHERE projects.id=7), 1, 409, 7, 30);
INSERT INTO orders (order_id, created_at, delivery_id, payment_id, supporting_project_id) VALUES (409, (SELECT projects.start_date + INTERVAL 37 DAY FROM projects WHERE projects.id=7), 1, 409, 409);
INSERT INTO supporting_packages(id, option_list, package_count, order_id, project_package_id, supporting_project_id) VALUES (409, '["리포트"]', 7, 409, 7, 409);
INSERT INTO supporting_projects(supporting_project_id, supported_at, delivery_id, payment_id, project_id, user_id) VALUES (410, (SELECT projects.start_date + INTERVAL 41 DAY FROM projects WHERE projects.id=7), 1, 410, 7, 38);
INSERT INTO orders (order_id, created_at, delivery_id, payment_id, supporting_project_id) VALUES (410, (SELECT projects.start_date + INTERVAL 41 DAY FROM projects WHERE projects.id=7), 1, 410, 410);
INSERT INTO supporting_packages(id, option_list, package_count, order_id, project_package_id, supporting_project_id) VALUES (410, '["리포트"]', 2, 410, 7, 410);
INSERT INTO supporting_projects(supporting_project_id, supported_at, delivery_id, payment_id, project_id, user_id) VALUES (411, (SELECT projects.start_date + INTERVAL 50 DAY FROM projects WHERE projects.id=7), 1, 411, 7, 25);
INSERT INTO orders (order_id, created_at, delivery_id, payment_id, supporting_project_id) VALUES (411, (SELECT projects.start_date + INTERVAL 50 DAY FROM projects WHERE projects.id=7), 1, 411, 411);
INSERT INTO supporting_packages(id, option_list, package_count, order_id, project_package_id, supporting_project_id) VALUES (411, '["리포트"]', 6, 411, 7, 411);
INSERT INTO supporting_projects(supporting_project_id, supported_at, delivery_id, payment_id, project_id, user_id) VALUES (412, (SELECT projects.start_date + INTERVAL 18 DAY FROM projects WHERE projects.id=7), 1, 412, 7, 35);
INSERT INTO orders (order_id, created_at, delivery_id, payment_id, supporting_project_id) VALUES (412, (SELECT projects.start_date + INTERVAL 18 DAY FROM projects WHERE projects.id=7), 1, 412, 412);
INSERT INTO supporting_packages(id, option_list, package_count, order_id, project_package_id, supporting_project_id) VALUES (412, '["리포트"]', 2, 412, 7, 412);
INSERT INTO supporting_projects(supporting_project_id, supported_at, delivery_id, payment_id, project_id, user_id) VALUES (413, (SELECT projects.start_date + INTERVAL 43 DAY FROM projects WHERE projects.id=7), 1, 413, 7, 39);
INSERT INTO orders (order_id, created_at, delivery_id, payment_id, supporting_project_id) VALUES (413, (SELECT projects.start_date + INTERVAL 43 DAY FROM projects WHERE projects.id=7), 1, 413, 413);
INSERT INTO supporting_packages(id, option_list, package_count, order_id, project_package_id, supporting_project_id) VALUES (413, '["세미나 참석권"]', 5, 413, 7, 413);
INSERT INTO supporting_projects(supporting_project_id, supported_at, delivery_id, payment_id, project_id, user_id) VALUES (414, (SELECT projects.start_date + INTERVAL 35 DAY FROM projects WHERE projects.id=7), 1, 414, 7, 24);
INSERT INTO orders (order_id, created_at, delivery_id, payment_id, supporting_project_id) VALUES (414, (SELECT projects.start_date + INTERVAL 35 DAY FROM projects WHERE projects.id=7), 1, 414, 414);
INSERT INTO supporting_packages(id, option_list, package_count, order_id, project_package_id, supporting_project_id) VALUES (414, '["리포트"]', 3, 414, 7, 414);
INSERT INTO supporting_projects(supporting_project_id, supported_at, delivery_id, payment_id, project_id, user_id) VALUES (415, (SELECT projects.start_date + INTERVAL 37 DAY FROM projects WHERE projects.id=7), 1, 415, 7, 9);
INSERT INTO orders (order_id, created_at, delivery_id, payment_id, supporting_project_id) VALUES (415, (SELECT projects.start_date + INTERVAL 37 DAY FROM projects WHERE projects.id=7), 1, 415, 415);
INSERT INTO supporting_packages(id, option_list, package_count, order_id, project_package_id, supporting_project_id) VALUES (415, '["리포트"]', 6, 415, 7, 415);
INSERT INTO supporting_projects(supporting_project_id, supported_at, delivery_id, payment_id, project_id, user_id) VALUES (416, (SELECT projects.start_date + INTERVAL 46 DAY FROM projects WHERE projects.id=7), 1, 416, 7, 19);
INSERT INTO orders (order_id, created_at, delivery_id, payment_id, supporting_project_id) VALUES (416, (SELECT projects.start_date + INTERVAL 46 DAY FROM projects WHERE projects.id=7), 1, 416, 416);
INSERT INTO supporting_packages(id, option_list, package_count, order_id, project_package_id, supporting_project_id) VALUES (416, '["세미나 참석권"]', 1, 416, 7, 416);
INSERT INTO supporting_projects(supporting_project_id, supported_at, delivery_id, payment_id, project_id, user_id) VALUES (417, (SELECT projects.start_date + INTERVAL 32 DAY FROM projects WHERE projects.id=7), 1, 417, 7, 37);
INSERT INTO orders (order_id, created_at, delivery_id, payment_id, supporting_project_id) VALUES (417, (SELECT projects.start_date + INTERVAL 32 DAY FROM projects WHERE projects.id=7), 1, 417, 417);
INSERT INTO supporting_packages(id, option_list, package_count, order_id, project_package_id, supporting_project_id) VALUES (417, '["세미나 참석권"]', 4, 417, 7, 417);
INSERT INTO supporting_projects(supporting_project_id, supported_at, delivery_id, payment_id, project_id, user_id) VALUES (418, (SELECT projects.start_date + INTERVAL 23 DAY FROM projects WHERE projects.id=7), 1, 418, 7, 28);
INSERT INTO orders (order_id, created_at, delivery_id, payment_id, supporting_project_id) VALUES (418, (SELECT projects.start_date + INTERVAL 23 DAY FROM projects WHERE projects.id=7), 1, 418, 418);
INSERT INTO supporting_packages(id, option_list, package_count, order_id, project_package_id, supporting_project_id) VALUES (418, '["리포트"]', 4, 418, 7, 418);
INSERT INTO supporting_projects(supporting_project_id, supported_at, delivery_id, payment_id, project_id, user_id) VALUES (419, (SELECT projects.start_date + INTERVAL 35 DAY FROM projects WHERE projects.id=7), 1, 419, 7, 36);
INSERT INTO orders (order_id, created_at, delivery_id, payment_id, supporting_project_id) VALUES (419, (SELECT projects.start_date + INTERVAL 35 DAY FROM projects WHERE projects.id=7), 1, 419, 419);
INSERT INTO supporting_packages(id, option_list, package_count, order_id, project_package_id, supporting_project_id) VALUES (419, '["세미나 참석권"]', 7, 419, 7, 419);
INSERT INTO supporting_projects(supporting_project_id, supported_at, delivery_id, payment_id, project_id, user_id) VALUES (420, (SELECT projects.start_date + INTERVAL 19 DAY FROM projects WHERE projects.id=7), 1, 420, 7, 37);
INSERT INTO orders (order_id, created_at, delivery_id, payment_id, supporting_project_id) VALUES (420, (SELECT projects.start_date + INTERVAL 19 DAY FROM projects WHERE projects.id=7), 1, 420, 420);
INSERT INTO supporting_packages(id, option_list, package_count, order_id, project_package_id, supporting_project_id) VALUES (420, '["세미나 참석권"]', 2, 420, 7, 420);
INSERT INTO supporting_projects(supporting_project_id, supported_at, delivery_id, payment_id, project_id, user_id) VALUES (421, (SELECT projects.start_date + INTERVAL 23 DAY FROM projects WHERE projects.id=7), 1, 421, 7, 30);
INSERT INTO orders (order_id, created_at, delivery_id, payment_id, supporting_project_id) VALUES (421, (SELECT projects.start_date + INTERVAL 23 DAY FROM projects WHERE projects.id=7), 1, 421, 421);
INSERT INTO supporting_packages(id, option_list, package_count, order_id, project_package_id, supporting_project_id) VALUES (421, '["리포트"]', 8, 421, 7, 421);
INSERT INTO supporting_projects(supporting_project_id, supported_at, delivery_id, payment_id, project_id, user_id) VALUES (422, (SELECT projects.start_date + INTERVAL 10 DAY FROM projects WHERE projects.id=7), 1, 422, 7, 24);
INSERT INTO orders (order_id, created_at, delivery_id, payment_id, supporting_project_id) VALUES (422, (SELECT projects.start_date + INTERVAL 10 DAY FROM projects WHERE projects.id=7), 1, 422, 422);
INSERT INTO supporting_packages(id, option_list, package_count, order_id, project_package_id, supporting_project_id) VALUES (422, '["리포트"]', 2, 422, 7, 422);
INSERT INTO supporting_projects(supporting_project_id, supported_at, delivery_id, payment_id, project_id, user_id) VALUES (423, (SELECT projects.start_date + INTERVAL 45 DAY FROM projects WHERE projects.id=7), 1, 423, 7, 33);
INSERT INTO orders (order_id, created_at, delivery_id, payment_id, supporting_project_id) VALUES (423, (SELECT projects.start_date + INTERVAL 45 DAY FROM projects WHERE projects.id=7), 1, 423, 423);
INSERT INTO supporting_packages(id, option_list, package_count, order_id, project_package_id, supporting_project_id) VALUES (423, '["세미나 참석권"]', 5, 423, 7, 423);
INSERT INTO supporting_projects(supporting_project_id, supported_at, delivery_id, payment_id, project_id, user_id) VALUES (424, (SELECT projects.start_date + INTERVAL 31 DAY FROM projects WHERE projects.id=7), 1, 424, 7, 24);
INSERT INTO orders (order_id, created_at, delivery_id, payment_id, supporting_project_id) VALUES (424, (SELECT projects.start_date + INTERVAL 31 DAY FROM projects WHERE projects.id=7), 1, 424, 424);
INSERT INTO supporting_packages(id, option_list, package_count, order_id, project_package_id, supporting_project_id) VALUES (424, '["리포트"]', 9, 424, 7, 424);
INSERT INTO supporting_projects(supporting_project_id, supported_at, delivery_id, payment_id, project_id, user_id) VALUES (425, (SELECT projects.start_date + INTERVAL 44 DAY FROM projects WHERE projects.id=7), 1, 425, 7, 35);
INSERT INTO orders (order_id, created_at, delivery_id, payment_id, supporting_project_id) VALUES (425, (SELECT projects.start_date + INTERVAL 44 DAY FROM projects WHERE projects.id=7), 1, 425, 425);
INSERT INTO supporting_packages(id, option_list, package_count, order_id, project_package_id, supporting_project_id) VALUES (425, '["리포트"]', 5, 425, 7, 425);
INSERT INTO supporting_projects(supporting_project_id, supported_at, delivery_id, payment_id, project_id, user_id) VALUES (426, (SELECT projects.start_date + INTERVAL 49 DAY FROM projects WHERE projects.id=7), 1, 426, 7, 27);
INSERT INTO orders (order_id, created_at, delivery_id, payment_id, supporting_project_id) VALUES (426, (SELECT projects.start_date + INTERVAL 49 DAY FROM projects WHERE projects.id=7), 1, 426, 426);
INSERT INTO supporting_packages(id, option_list, package_count, order_id, project_package_id, supporting_project_id) VALUES (426, '["세미나 참석권"]', 3, 426, 7, 426);
INSERT INTO supporting_projects(supporting_project_id, supported_at, delivery_id, payment_id, project_id, user_id) VALUES (427, (SELECT projects.start_date + INTERVAL 46 DAY FROM projects WHERE projects.id=7), 1, 427, 7, 18);
INSERT INTO orders (order_id, created_at, delivery_id, payment_id, supporting_project_id) VALUES (427, (SELECT projects.start_date + INTERVAL 46 DAY FROM projects WHERE projects.id=7), 1, 427, 427);
INSERT INTO supporting_packages(id, option_list, package_count, order_id, project_package_id, supporting_project_id) VALUES (427, '["세미나 참석권"]', 4, 427, 7, 427);
INSERT INTO supporting_projects(supporting_project_id, supported_at, delivery_id, payment_id, project_id, user_id) VALUES (428, (SELECT projects.start_date + INTERVAL 28 DAY FROM projects WHERE projects.id=7), 1, 428, 7, 25);
INSERT INTO orders (order_id, created_at, delivery_id, payment_id, supporting_project_id) VALUES (428, (SELECT projects.start_date + INTERVAL 28 DAY FROM projects WHERE projects.id=7), 1, 428, 428);
INSERT INTO supporting_packages(id, option_list, package_count, order_id, project_package_id, supporting_project_id) VALUES (428, '["세미나 참석권"]', 6, 428, 7, 428);
INSERT INTO supporting_projects(supporting_project_id, supported_at, delivery_id, payment_id, project_id, user_id) VALUES (429, (SELECT projects.start_date + INTERVAL 14 DAY FROM projects WHERE projects.id=7), 1, 429, 7, 1);
INSERT INTO orders (order_id, created_at, delivery_id, payment_id, supporting_project_id) VALUES (429, (SELECT projects.start_date + INTERVAL 14 DAY FROM projects WHERE projects.id=7), 1, 429, 429);
INSERT INTO supporting_packages(id, option_list, package_count, order_id, project_package_id, supporting_project_id) VALUES (429, '["세미나 참석권"]', 8, 429, 7, 429);
INSERT INTO supporting_projects(supporting_project_id, supported_at, delivery_id, payment_id, project_id, user_id) VALUES (430, (SELECT projects.start_date + INTERVAL 7 DAY FROM projects WHERE projects.id=7), 1, 430, 7, 32);
INSERT INTO orders (order_id, created_at, delivery_id, payment_id, supporting_project_id) VALUES (430, (SELECT projects.start_date + INTERVAL 7 DAY FROM projects WHERE projects.id=7), 1, 430, 430);
INSERT INTO supporting_packages(id, option_list, package_count, order_id, project_package_id, supporting_project_id) VALUES (430, '["세미나 참석권"]', 5, 430, 7, 430);
INSERT INTO supporting_projects(supporting_project_id, supported_at, delivery_id, payment_id, project_id, user_id) VALUES (431, (SELECT projects.start_date + INTERVAL 27 DAY FROM projects WHERE projects.id=7), 1, 431, 7, 21);
INSERT INTO orders (order_id, created_at, delivery_id, payment_id, supporting_project_id) VALUES (431, (SELECT projects.start_date + INTERVAL 27 DAY FROM projects WHERE projects.id=7), 1, 431, 431);
INSERT INTO supporting_packages(id, option_list, package_count, order_id, project_package_id, supporting_project_id) VALUES (431, '["리포트"]', 1, 431, 7, 431);
INSERT INTO supporting_projects(supporting_project_id, supported_at, delivery_id, payment_id, project_id, user_id) VALUES (432, (SELECT projects.start_date + INTERVAL 40 DAY FROM projects WHERE projects.id=7), 1, 432, 7, 25);
INSERT INTO orders (order_id, created_at, delivery_id, payment_id, supporting_project_id) VALUES (432, (SELECT projects.start_date + INTERVAL 40 DAY FROM projects WHERE projects.id=7), 1, 432, 432);
INSERT INTO supporting_packages(id, option_list, package_count, order_id, project_package_id, supporting_project_id) VALUES (432, '["리포트"]', 2, 432, 7, 432);
INSERT INTO supporting_projects(supporting_project_id, supported_at, delivery_id, payment_id, project_id, user_id) VALUES (433, (SELECT projects.start_date + INTERVAL 9 DAY FROM projects WHERE projects.id=7), 1, 433, 7, 37);
INSERT INTO orders (order_id, created_at, delivery_id, payment_id, supporting_project_id) VALUES (433, (SELECT projects.start_date + INTERVAL 9 DAY FROM projects WHERE projects.id=7), 1, 433, 433);
INSERT INTO supporting_packages(id, option_list, package_count, order_id, project_package_id, supporting_project_id) VALUES (433, '["세미나 참석권"]', 9, 433, 7, 433);
INSERT INTO supporting_projects(supporting_project_id, supported_at, delivery_id, payment_id, project_id, user_id) VALUES (434, (SELECT projects.start_date + INTERVAL 30 DAY FROM projects WHERE projects.id=7), 1, 434, 7, 38);
INSERT INTO orders (order_id, created_at, delivery_id, payment_id, supporting_project_id) VALUES (434, (SELECT projects.start_date + INTERVAL 30 DAY FROM projects WHERE projects.id=7), 1, 434, 434);
INSERT INTO supporting_packages(id, option_list, package_count, order_id, project_package_id, supporting_project_id) VALUES (434, '["리포트"]', 6, 434, 7, 434);
INSERT INTO supporting_projects(supporting_project_id, supported_at, delivery_id, payment_id, project_id, user_id) VALUES (435, (SELECT projects.start_date + INTERVAL 6 DAY FROM projects WHERE projects.id=7), 1, 435, 7, 39);
INSERT INTO orders (order_id, created_at, delivery_id, payment_id, supporting_project_id) VALUES (435, (SELECT projects.start_date + INTERVAL 6 DAY FROM projects WHERE projects.id=7), 1, 435, 435);
INSERT INTO supporting_packages(id, option_list, package_count, order_id, project_package_id, supporting_project_id) VALUES (435, '["세미나 참석권"]', 8, 435, 7, 435);
INSERT INTO supporting_projects(supporting_project_id, supported_at, delivery_id, payment_id, project_id, user_id) VALUES (436, (SELECT projects.start_date + INTERVAL 8 DAY FROM projects WHERE projects.id=7), 1, 436, 7, 38);
INSERT INTO orders (order_id, created_at, delivery_id, payment_id, supporting_project_id) VALUES (436, (SELECT projects.start_date + INTERVAL 8 DAY FROM projects WHERE projects.id=7), 1, 436, 436);
INSERT INTO supporting_packages(id, option_list, package_count, order_id, project_package_id, supporting_project_id) VALUES (436, '["리포트"]', 8, 436, 7, 436);
INSERT INTO supporting_projects(supporting_project_id, supported_at, delivery_id, payment_id, project_id, user_id) VALUES (437, (SELECT projects.start_date + INTERVAL 24 DAY FROM projects WHERE projects.id=7), 1, 437, 7, 28);
INSERT INTO orders (order_id, created_at, delivery_id, payment_id, supporting_project_id) VALUES (437, (SELECT projects.start_date + INTERVAL 24 DAY FROM projects WHERE projects.id=7), 1, 437, 437);
INSERT INTO supporting_packages(id, option_list, package_count, order_id, project_package_id, supporting_project_id) VALUES (437, '["리포트"]', 10, 437, 7, 437);
INSERT INTO supporting_projects(supporting_project_id, supported_at, delivery_id, payment_id, project_id, user_id) VALUES (438, (SELECT projects.start_date + INTERVAL 4 DAY FROM projects WHERE projects.id=7), 1, 438, 7, 31);
INSERT INTO orders (order_id, created_at, delivery_id, payment_id, supporting_project_id) VALUES (438, (SELECT projects.start_date + INTERVAL 4 DAY FROM projects WHERE projects.id=7), 1, 438, 438);
INSERT INTO supporting_packages(id, option_list, package_count, order_id, project_package_id, supporting_project_id) VALUES (438, '["리포트"]', 1, 438, 7, 438);
INSERT INTO supporting_projects(supporting_project_id, supported_at, delivery_id, payment_id, project_id, user_id) VALUES (439, (SELECT projects.start_date + INTERVAL 48 DAY FROM projects WHERE projects.id=7), 1, 439, 7, 37);
INSERT INTO orders (order_id, created_at, delivery_id, payment_id, supporting_project_id) VALUES (439, (SELECT projects.start_date + INTERVAL 48 DAY FROM projects WHERE projects.id=7), 1, 439, 439);
INSERT INTO supporting_packages(id, option_list, package_count, order_id, project_package_id, supporting_project_id) VALUES (439, '["세미나 참석권"]', 6, 439, 7, 439);
INSERT INTO supporting_projects(supporting_project_id, supported_at, delivery_id, payment_id, project_id, user_id) VALUES (440, (SELECT projects.start_date + INTERVAL 43 DAY FROM projects WHERE projects.id=7), 1, 440, 7, 32);
INSERT INTO orders (order_id, created_at, delivery_id, payment_id, supporting_project_id) VALUES (440, (SELECT projects.start_date + INTERVAL 43 DAY FROM projects WHERE projects.id=7), 1, 440, 440);
INSERT INTO supporting_packages(id, option_list, package_count, order_id, project_package_id, supporting_project_id) VALUES (440, '["리포트"]', 6, 440, 7, 440);
INSERT INTO supporting_projects(supporting_project_id, supported_at, delivery_id, payment_id, project_id, user_id) VALUES (441, (SELECT projects.start_date + INTERVAL 15 DAY FROM projects WHERE projects.id=7), 1, 441, 7, 10);
INSERT INTO orders (order_id, created_at, delivery_id, payment_id, supporting_project_id) VALUES (441, (SELECT projects.start_date + INTERVAL 15 DAY FROM projects WHERE projects.id=7), 1, 441, 441);
INSERT INTO supporting_packages(id, option_list, package_count, order_id, project_package_id, supporting_project_id) VALUES (441, '["리포트"]', 5, 441, 7, 441);
INSERT INTO supporting_projects(supporting_project_id, supported_at, delivery_id, payment_id, project_id, user_id) VALUES (442, (SELECT projects.start_date + INTERVAL 42 DAY FROM projects WHERE projects.id=7), 1, 442, 7, 16);
INSERT INTO orders (order_id, created_at, delivery_id, payment_id, supporting_project_id) VALUES (442, (SELECT projects.start_date + INTERVAL 42 DAY FROM projects WHERE projects.id=7), 1, 442, 442);
INSERT INTO supporting_packages(id, option_list, package_count, order_id, project_package_id, supporting_project_id) VALUES (442, '["리포트"]', 9, 442, 7, 442);
INSERT INTO supporting_projects(supporting_project_id, supported_at, delivery_id, payment_id, project_id, user_id) VALUES (443, (SELECT projects.start_date + INTERVAL 21 DAY FROM projects WHERE projects.id=7), 1, 443, 7, 3);
INSERT INTO orders (order_id, created_at, delivery_id, payment_id, supporting_project_id) VALUES (443, (SELECT projects.start_date + INTERVAL 21 DAY FROM projects WHERE projects.id=7), 1, 443, 443);
INSERT INTO supporting_packages(id, option_list, package_count, order_id, project_package_id, supporting_project_id) VALUES (443, '["리포트"]', 7, 443, 7, 443);
INSERT INTO supporting_projects(supporting_project_id, supported_at, delivery_id, payment_id, project_id, user_id) VALUES (444, (SELECT projects.start_date + INTERVAL 48 DAY FROM projects WHERE projects.id=7), 1, 444, 7, 10);
INSERT INTO orders (order_id, created_at, delivery_id, payment_id, supporting_project_id) VALUES (444, (SELECT projects.start_date + INTERVAL 48 DAY FROM projects WHERE projects.id=7), 1, 444, 444);
INSERT INTO supporting_packages(id, option_list, package_count, order_id, project_package_id, supporting_project_id) VALUES (444, '["리포트"]', 3, 444, 7, 444);
INSERT INTO supporting_projects(supporting_project_id, supported_at, delivery_id, payment_id, project_id, user_id) VALUES (445, (SELECT projects.start_date + INTERVAL 29 DAY FROM projects WHERE projects.id=7), 1, 445, 7, 1);
INSERT INTO orders (order_id, created_at, delivery_id, payment_id, supporting_project_id) VALUES (445, (SELECT projects.start_date + INTERVAL 29 DAY FROM projects WHERE projects.id=7), 1, 445, 445);
INSERT INTO supporting_packages(id, option_list, package_count, order_id, project_package_id, supporting_project_id) VALUES (445, '["세미나 참석권"]', 7, 445, 7, 445);
INSERT INTO supporting_projects(supporting_project_id, supported_at, delivery_id, payment_id, project_id, user_id) VALUES (446, (SELECT projects.start_date + INTERVAL 36 DAY FROM projects WHERE projects.id=7), 1, 446, 7, 13);
INSERT INTO orders (order_id, created_at, delivery_id, payment_id, supporting_project_id) VALUES (446, (SELECT projects.start_date + INTERVAL 36 DAY FROM projects WHERE projects.id=7), 1, 446, 446);
INSERT INTO supporting_packages(id, option_list, package_count, order_id, project_package_id, supporting_project_id) VALUES (446, '["리포트"]', 6, 446, 7, 446);
INSERT INTO supporting_projects(supporting_project_id, supported_at, delivery_id, payment_id, project_id, user_id) VALUES (447, (SELECT projects.start_date + INTERVAL 39 DAY FROM projects WHERE projects.id=7), 1, 447, 7, 30);
INSERT INTO orders (order_id, created_at, delivery_id, payment_id, supporting_project_id) VALUES (447, (SELECT projects.start_date + INTERVAL 39 DAY FROM projects WHERE projects.id=7), 1, 447, 447);
INSERT INTO supporting_packages(id, option_list, package_count, order_id, project_package_id, supporting_project_id) VALUES (447, '["세미나 참석권"]', 5, 447, 7, 447);
INSERT INTO supporting_projects(supporting_project_id, supported_at, delivery_id, payment_id, project_id, user_id) VALUES (448, (SELECT projects.start_date + INTERVAL 8 DAY FROM projects WHERE projects.id=7), 1, 448, 7, 14);
INSERT INTO orders (order_id, created_at, delivery_id, payment_id, supporting_project_id) VALUES (448, (SELECT projects.start_date + INTERVAL 8 DAY FROM projects WHERE projects.id=7), 1, 448, 448);
INSERT INTO supporting_packages(id, option_list, package_count, order_id, project_package_id, supporting_project_id) VALUES (448, '["리포트"]', 10, 448, 7, 448);
INSERT INTO supporting_projects(supporting_project_id, supported_at, delivery_id, payment_id, project_id, user_id) VALUES (449, (SELECT projects.start_date + INTERVAL 12 DAY FROM projects WHERE projects.id=7), 1, 449, 7, 37);
INSERT INTO orders (order_id, created_at, delivery_id, payment_id, supporting_project_id) VALUES (449, (SELECT projects.start_date + INTERVAL 12 DAY FROM projects WHERE projects.id=7), 1, 449, 449);
INSERT INTO supporting_packages(id, option_list, package_count, order_id, project_package_id, supporting_project_id) VALUES (449, '["세미나 참석권"]', 5, 449, 7, 449);
INSERT INTO supporting_projects(supporting_project_id, supported_at, delivery_id, payment_id, project_id, user_id) VALUES (450, (SELECT projects.start_date + INTERVAL 16 DAY FROM projects WHERE projects.id=7), 1, 450, 7, 21);
INSERT INTO orders (order_id, created_at, delivery_id, payment_id, supporting_project_id) VALUES (450, (SELECT projects.start_date + INTERVAL 16 DAY FROM projects WHERE projects.id=7), 1, 450, 450);
INSERT INTO supporting_packages(id, option_list, package_count, order_id, project_package_id, supporting_project_id) VALUES (450, '["세미나 참석권"]', 9, 450, 7, 450);
INSERT INTO supporting_projects(supporting_project_id, supported_at, delivery_id, payment_id, project_id, user_id) VALUES (451, (SELECT projects.start_date + INTERVAL 24 DAY FROM projects WHERE projects.id=7), 1, 451, 7, 39);
INSERT INTO orders (order_id, created_at, delivery_id, payment_id, supporting_project_id) VALUES (451, (SELECT projects.start_date + INTERVAL 24 DAY FROM projects WHERE projects.id=7), 1, 451, 451);
INSERT INTO supporting_packages(id, option_list, package_count, order_id, project_package_id, supporting_project_id) VALUES (451, '["세미나 참석권"]', 10, 451, 7, 451);
INSERT INTO supporting_projects(supporting_project_id, supported_at, delivery_id, payment_id, project_id, user_id) VALUES (452, (SELECT projects.start_date + INTERVAL 11 DAY FROM projects WHERE projects.id=7), 1, 452, 7, 2);
INSERT INTO orders (order_id, created_at, delivery_id, payment_id, supporting_project_id) VALUES (452, (SELECT projects.start_date + INTERVAL 11 DAY FROM projects WHERE projects.id=7), 1, 452, 452);
INSERT INTO supporting_packages(id, option_list, package_count, order_id, project_package_id, supporting_project_id) VALUES (452, '["리포트"]', 8, 452, 7, 452);
INSERT INTO supporting_projects(supporting_project_id, supported_at, delivery_id, payment_id, project_id, user_id) VALUES (453, (SELECT projects.start_date + INTERVAL 17 DAY FROM projects WHERE projects.id=7), 1, 453, 7, 4);
INSERT INTO orders (order_id, created_at, delivery_id, payment_id, supporting_project_id) VALUES (453, (SELECT projects.start_date + INTERVAL 17 DAY FROM projects WHERE projects.id=7), 1, 453, 453);
INSERT INTO supporting_packages(id, option_list, package_count, order_id, project_package_id, supporting_project_id) VALUES (453, '["리포트"]', 4, 453, 7, 453);
INSERT INTO supporting_projects(supporting_project_id, supported_at, delivery_id, payment_id, project_id, user_id) VALUES (454, (SELECT projects.start_date + INTERVAL 43 DAY FROM projects WHERE projects.id=7), 1, 454, 7, 2);
INSERT INTO orders (order_id, created_at, delivery_id, payment_id, supporting_project_id) VALUES (454, (SELECT projects.start_date + INTERVAL 43 DAY FROM projects WHERE projects.id=7), 1, 454, 454);
INSERT INTO supporting_packages(id, option_list, package_count, order_id, project_package_id, supporting_project_id) VALUES (454, '["리포트"]', 7, 454, 7, 454);
INSERT INTO supporting_projects(supporting_project_id, supported_at, delivery_id, payment_id, project_id, user_id) VALUES (455, (SELECT projects.start_date + INTERVAL 2 DAY FROM projects WHERE projects.id=7), 1, 455, 7, 32);
INSERT INTO orders (order_id, created_at, delivery_id, payment_id, supporting_project_id) VALUES (455, (SELECT projects.start_date + INTERVAL 2 DAY FROM projects WHERE projects.id=7), 1, 455, 455);
INSERT INTO supporting_packages(id, option_list, package_count, order_id, project_package_id, supporting_project_id) VALUES (455, '["리포트"]', 1, 455, 7, 455);
INSERT INTO supporting_projects(supporting_project_id, supported_at, delivery_id, payment_id, project_id, user_id) VALUES (456, (SELECT projects.start_date + INTERVAL 11 DAY FROM projects WHERE projects.id=7), 1, 456, 7, 36);
INSERT INTO orders (order_id, created_at, delivery_id, payment_id, supporting_project_id) VALUES (456, (SELECT projects.start_date + INTERVAL 11 DAY FROM projects WHERE projects.id=7), 1, 456, 456);
INSERT INTO supporting_packages(id, option_list, package_count, order_id, project_package_id, supporting_project_id) VALUES (456, '["세미나 참석권"]', 10, 456, 7, 456);
INSERT INTO supporting_projects(supporting_project_id, supported_at, delivery_id, payment_id, project_id, user_id) VALUES (457, (SELECT projects.start_date + INTERVAL 47 DAY FROM projects WHERE projects.id=7), 1, 457, 7, 11);
INSERT INTO orders (order_id, created_at, delivery_id, payment_id, supporting_project_id) VALUES (457, (SELECT projects.start_date + INTERVAL 47 DAY FROM projects WHERE projects.id=7), 1, 457, 457);
INSERT INTO supporting_packages(id, option_list, package_count, order_id, project_package_id, supporting_project_id) VALUES (457, '["세미나 참석권"]', 7, 457, 7, 457);
INSERT INTO supporting_projects(supporting_project_id, supported_at, delivery_id, payment_id, project_id, user_id) VALUES (458, (SELECT projects.start_date + INTERVAL 47 DAY FROM projects WHERE projects.id=7), 1, 458, 7, 40);
INSERT INTO orders (order_id, created_at, delivery_id, payment_id, supporting_project_id) VALUES (458, (SELECT projects.start_date + INTERVAL 47 DAY FROM projects WHERE projects.id=7), 1, 458, 458);
INSERT INTO supporting_packages(id, option_list, package_count, order_id, project_package_id, supporting_project_id) VALUES (458, '["세미나 참석권"]', 5, 458, 7, 458);
INSERT INTO supporting_projects(supporting_project_id, supported_at, delivery_id, payment_id, project_id, user_id) VALUES (459, (SELECT projects.start_date + INTERVAL 15 DAY FROM projects WHERE projects.id=7), 1, 459, 7, 17);
INSERT INTO orders (order_id, created_at, delivery_id, payment_id, supporting_project_id) VALUES (459, (SELECT projects.start_date + INTERVAL 15 DAY FROM projects WHERE projects.id=7), 1, 459, 459);
INSERT INTO supporting_packages(id, option_list, package_count, order_id, project_package_id, supporting_project_id) VALUES (459, '["세미나 참석권"]', 10, 459, 7, 459);
INSERT INTO supporting_projects(supporting_project_id, supported_at, delivery_id, payment_id, project_id, user_id) VALUES (460, (SELECT projects.start_date + INTERVAL 35 DAY FROM projects WHERE projects.id=7), 1, 460, 7, 14);
INSERT INTO orders (order_id, created_at, delivery_id, payment_id, supporting_project_id) VALUES (460, (SELECT projects.start_date + INTERVAL 35 DAY FROM projects WHERE projects.id=7), 1, 460, 460);
INSERT INTO supporting_packages(id, option_list, package_count, order_id, project_package_id, supporting_project_id) VALUES (460, '["세미나 참석권"]', 6, 460, 7, 460);
INSERT INTO supporting_projects(supporting_project_id, supported_at, delivery_id, payment_id, project_id, user_id) VALUES (461, (SELECT projects.start_date + INTERVAL 3 DAY FROM projects WHERE projects.id=7), 1, 461, 7, 9);
INSERT INTO orders (order_id, created_at, delivery_id, payment_id, supporting_project_id) VALUES (461, (SELECT projects.start_date + INTERVAL 3 DAY FROM projects WHERE projects.id=7), 1, 461, 461);
INSERT INTO supporting_packages(id, option_list, package_count, order_id, project_package_id, supporting_project_id) VALUES (461, '["리포트"]', 4, 461, 7, 461);
INSERT INTO supporting_projects(supporting_project_id, supported_at, delivery_id, payment_id, project_id, user_id) VALUES (462, (SELECT projects.start_date + INTERVAL 5 DAY FROM projects WHERE projects.id=7), 1, 462, 7, 3);
INSERT INTO orders (order_id, created_at, delivery_id, payment_id, supporting_project_id) VALUES (462, (SELECT projects.start_date + INTERVAL 5 DAY FROM projects WHERE projects.id=7), 1, 462, 462);
INSERT INTO supporting_packages(id, option_list, package_count, order_id, project_package_id, supporting_project_id) VALUES (462, '["세미나 참석권"]', 5, 462, 7, 462);
INSERT INTO supporting_projects(supporting_project_id, supported_at, delivery_id, payment_id, project_id, user_id) VALUES (463, (SELECT projects.start_date + INTERVAL 26 DAY FROM projects WHERE projects.id=7), 1, 463, 7, 35);
INSERT INTO orders (order_id, created_at, delivery_id, payment_id, supporting_project_id) VALUES (463, (SELECT projects.start_date + INTERVAL 26 DAY FROM projects WHERE projects.id=7), 1, 463, 463);
INSERT INTO supporting_packages(id, option_list, package_count, order_id, project_package_id, supporting_project_id) VALUES (463, '["리포트"]', 7, 463, 7, 463);
INSERT INTO supporting_projects(supporting_project_id, supported_at, delivery_id, payment_id, project_id, user_id) VALUES (464, (SELECT projects.start_date + INTERVAL 10 DAY FROM projects WHERE projects.id=7), 1, 464, 7, 30);
INSERT INTO orders (order_id, created_at, delivery_id, payment_id, supporting_project_id) VALUES (464, (SELECT projects.start_date + INTERVAL 10 DAY FROM projects WHERE projects.id=7), 1, 464, 464);
INSERT INTO supporting_packages(id, option_list, package_count, order_id, project_package_id, supporting_project_id) VALUES (464, '["세미나 참석권"]', 6, 464, 7, 464);
INSERT INTO supporting_projects(supporting_project_id, supported_at, delivery_id, payment_id, project_id, user_id) VALUES (465, (SELECT projects.start_date + INTERVAL 7 DAY FROM projects WHERE projects.id=7), 1, 465, 7, 24);
INSERT INTO orders (order_id, created_at, delivery_id, payment_id, supporting_project_id) VALUES (465, (SELECT projects.start_date + INTERVAL 7 DAY FROM projects WHERE projects.id=7), 1, 465, 465);
INSERT INTO supporting_packages(id, option_list, package_count, order_id, project_package_id, supporting_project_id) VALUES (465, '["세미나 참석권"]', 4, 465, 7, 465);
INSERT INTO supporting_projects(supporting_project_id, supported_at, delivery_id, payment_id, project_id, user_id) VALUES (466, (SELECT projects.start_date + INTERVAL 34 DAY FROM projects WHERE projects.id=7), 1, 466, 7, 28);
INSERT INTO orders (order_id, created_at, delivery_id, payment_id, supporting_project_id) VALUES (466, (SELECT projects.start_date + INTERVAL 34 DAY FROM projects WHERE projects.id=7), 1, 466, 466);
INSERT INTO supporting_packages(id, option_list, package_count, order_id, project_package_id, supporting_project_id) VALUES (466, '["리포트"]', 1, 466, 7, 466);
INSERT INTO supporting_projects(supporting_project_id, supported_at, delivery_id, payment_id, project_id, user_id) VALUES (467, (SELECT projects.start_date + INTERVAL 30 DAY FROM projects WHERE projects.id=7), 1, 467, 7, 31);
INSERT INTO orders (order_id, created_at, delivery_id, payment_id, supporting_project_id) VALUES (467, (SELECT projects.start_date + INTERVAL 30 DAY FROM projects WHERE projects.id=7), 1, 467, 467);
INSERT INTO supporting_packages(id, option_list, package_count, order_id, project_package_id, supporting_project_id) VALUES (467, '["리포트"]', 8, 467, 7, 467);
INSERT INTO supporting_projects(supporting_project_id, supported_at, delivery_id, payment_id, project_id, user_id) VALUES (468, (SELECT projects.start_date + INTERVAL 48 DAY FROM projects WHERE projects.id=7), 1, 468, 7, 2);
INSERT INTO orders (order_id, created_at, delivery_id, payment_id, supporting_project_id) VALUES (468, (SELECT projects.start_date + INTERVAL 48 DAY FROM projects WHERE projects.id=7), 1, 468, 468);
INSERT INTO supporting_packages(id, option_list, package_count, order_id, project_package_id, supporting_project_id) VALUES (468, '["세미나 참석권"]', 10, 468, 7, 468);
INSERT INTO supporting_projects(supporting_project_id, supported_at, delivery_id, payment_id, project_id, user_id) VALUES (469, (SELECT projects.start_date + INTERVAL 18 DAY FROM projects WHERE projects.id=7), 1, 469, 7, 3);
INSERT INTO orders (order_id, created_at, delivery_id, payment_id, supporting_project_id) VALUES (469, (SELECT projects.start_date + INTERVAL 18 DAY FROM projects WHERE projects.id=7), 1, 469, 469);
INSERT INTO supporting_packages(id, option_list, package_count, order_id, project_package_id, supporting_project_id) VALUES (469, '["리포트"]', 6, 469, 7, 469);
INSERT INTO supporting_projects(supporting_project_id, supported_at, delivery_id, payment_id, project_id, user_id) VALUES (470, (SELECT projects.start_date + INTERVAL 45 DAY FROM projects WHERE projects.id=7), 1, 470, 7, 28);
INSERT INTO orders (order_id, created_at, delivery_id, payment_id, supporting_project_id) VALUES (470, (SELECT projects.start_date + INTERVAL 45 DAY FROM projects WHERE projects.id=7), 1, 470, 470);
INSERT INTO supporting_packages(id, option_list, package_count, order_id, project_package_id, supporting_project_id) VALUES (470, '["리포트"]', 6, 470, 7, 470);
INSERT INTO supporting_projects(supporting_project_id, supported_at, delivery_id, payment_id, project_id, user_id) VALUES (471, (SELECT projects.start_date + INTERVAL 5 DAY FROM projects WHERE projects.id=7), 1, 471, 7, 22);
INSERT INTO orders (order_id, created_at, delivery_id, payment_id, supporting_project_id) VALUES (471, (SELECT projects.start_date + INTERVAL 5 DAY FROM projects WHERE projects.id=7), 1, 471, 471);
INSERT INTO supporting_packages(id, option_list, package_count, order_id, project_package_id, supporting_project_id) VALUES (471, '["세미나 참석권"]', 6, 471, 7, 471);
INSERT INTO supporting_projects(supporting_project_id, supported_at, delivery_id, payment_id, project_id, user_id) VALUES (472, (SELECT projects.start_date + INTERVAL 22 DAY FROM projects WHERE projects.id=7), 1, 472, 7, 29);
INSERT INTO orders (order_id, created_at, delivery_id, payment_id, supporting_project_id) VALUES (472, (SELECT projects.start_date + INTERVAL 22 DAY FROM projects WHERE projects.id=7), 1, 472, 472);
INSERT INTO supporting_packages(id, option_list, package_count, order_id, project_package_id, supporting_project_id) VALUES (472, '["리포트"]', 10, 472, 7, 472);
INSERT INTO supporting_projects(supporting_project_id, supported_at, delivery_id, payment_id, project_id, user_id) VALUES (473, (SELECT projects.start_date + INTERVAL 37 DAY FROM projects WHERE projects.id=7), 1, 473, 7, 18);
INSERT INTO orders (order_id, created_at, delivery_id, payment_id, supporting_project_id) VALUES (473, (SELECT projects.start_date + INTERVAL 37 DAY FROM projects WHERE projects.id=7), 1, 473, 473);
INSERT INTO supporting_packages(id, option_list, package_count, order_id, project_package_id, supporting_project_id) VALUES (473, '["세미나 참석권"]', 8, 473, 7, 473);
INSERT INTO supporting_projects(supporting_project_id, supported_at, delivery_id, payment_id, project_id, user_id) VALUES (474, (SELECT projects.start_date + INTERVAL 26 DAY FROM projects WHERE projects.id=7), 1, 474, 7, 25);
INSERT INTO orders (order_id, created_at, delivery_id, payment_id, supporting_project_id) VALUES (474, (SELECT projects.start_date + INTERVAL 26 DAY FROM projects WHERE projects.id=7), 1, 474, 474);
INSERT INTO supporting_packages(id, option_list, package_count, order_id, project_package_id, supporting_project_id) VALUES (474, '["리포트"]', 6, 474, 7, 474);
INSERT INTO supporting_projects(supporting_project_id, supported_at, delivery_id, payment_id, project_id, user_id) VALUES (475, (SELECT projects.start_date + INTERVAL 43 DAY FROM projects WHERE projects.id=7), 1, 475, 7, 10);
INSERT INTO orders (order_id, created_at, delivery_id, payment_id, supporting_project_id) VALUES (475, (SELECT projects.start_date + INTERVAL 43 DAY FROM projects WHERE projects.id=7), 1, 475, 475);
INSERT INTO supporting_packages(id, option_list, package_count, order_id, project_package_id, supporting_project_id) VALUES (475, '["세미나 참석권"]', 1, 475, 7, 475);
INSERT INTO supporting_projects(supporting_project_id, supported_at, delivery_id, payment_id, project_id, user_id) VALUES (476, (SELECT projects.start_date + INTERVAL 7 DAY FROM projects WHERE projects.id=7), 1, 476, 7, 4);
INSERT INTO orders (order_id, created_at, delivery_id, payment_id, supporting_project_id) VALUES (476, (SELECT projects.start_date + INTERVAL 7 DAY FROM projects WHERE projects.id=7), 1, 476, 476);
INSERT INTO supporting_packages(id, option_list, package_count, order_id, project_package_id, supporting_project_id) VALUES (476, '["리포트"]', 4, 476, 7, 476);
INSERT INTO supporting_projects(supporting_project_id, supported_at, delivery_id, payment_id, project_id, user_id) VALUES (477, (SELECT projects.start_date + INTERVAL 37 DAY FROM projects WHERE projects.id=7), 1, 477, 7, 10);
INSERT INTO orders (order_id, created_at, delivery_id, payment_id, supporting_project_id) VALUES (477, (SELECT projects.start_date + INTERVAL 37 DAY FROM projects WHERE projects.id=7), 1, 477, 477);
INSERT INTO supporting_packages(id, option_list, package_count, order_id, project_package_id, supporting_project_id) VALUES (477, '["리포트"]', 7, 477, 7, 477);
INSERT INTO supporting_projects(supporting_project_id, supported_at, delivery_id, payment_id, project_id, user_id) VALUES (478, (SELECT projects.start_date + INTERVAL 18 DAY FROM projects WHERE projects.id=7), 1, 478, 7, 4);
INSERT INTO orders (order_id, created_at, delivery_id, payment_id, supporting_project_id) VALUES (478, (SELECT projects.start_date + INTERVAL 18 DAY FROM projects WHERE projects.id=7), 1, 478, 478);
INSERT INTO supporting_packages(id, option_list, package_count, order_id, project_package_id, supporting_project_id) VALUES (478, '["세미나 참석권"]', 6, 478, 7, 478);
INSERT INTO supporting_projects(supporting_project_id, supported_at, delivery_id, payment_id, project_id, user_id) VALUES (479, (SELECT projects.start_date + INTERVAL 4 DAY FROM projects WHERE projects.id=7), 1, 479, 7, 5);
INSERT INTO orders (order_id, created_at, delivery_id, payment_id, supporting_project_id) VALUES (479, (SELECT projects.start_date + INTERVAL 4 DAY FROM projects WHERE projects.id=7), 1, 479, 479);
INSERT INTO supporting_packages(id, option_list, package_count, order_id, project_package_id, supporting_project_id) VALUES (479, '["리포트"]', 3, 479, 7, 479);
INSERT INTO supporting_projects(supporting_project_id, supported_at, delivery_id, payment_id, project_id, user_id) VALUES (480, (SELECT projects.start_date + INTERVAL 16 DAY FROM projects WHERE projects.id=7), 1, 480, 7, 11);
INSERT INTO orders (order_id, created_at, delivery_id, payment_id, supporting_project_id) VALUES (480, (SELECT projects.start_date + INTERVAL 16 DAY FROM projects WHERE projects.id=7), 1, 480, 480);
INSERT INTO supporting_packages(id, option_list, package_count, order_id, project_package_id, supporting_project_id) VALUES (480, '["리포트"]', 8, 480, 7, 480);
INSERT INTO supporting_projects(supporting_project_id, supported_at, delivery_id, payment_id, project_id, user_id) VALUES (481, (SELECT projects.start_date + INTERVAL 11 DAY FROM projects WHERE projects.id=7), 1, 481, 7, 17);
INSERT INTO orders (order_id, created_at, delivery_id, payment_id, supporting_project_id) VALUES (481, (SELECT projects.start_date + INTERVAL 11 DAY FROM projects WHERE projects.id=7), 1, 481, 481);
INSERT INTO supporting_packages(id, option_list, package_count, order_id, project_package_id, supporting_project_id) VALUES (481, '["세미나 참석권"]', 7, 481, 7, 481);
INSERT INTO supporting_projects(supporting_project_id, supported_at, delivery_id, payment_id, project_id, user_id) VALUES (482, (SELECT projects.start_date + INTERVAL 2 DAY FROM projects WHERE projects.id=8), 1, 482, 8, 3);
INSERT INTO orders (order_id, created_at, delivery_id, payment_id, supporting_project_id) VALUES (482, (SELECT projects.start_date + INTERVAL 2 DAY FROM projects WHERE projects.id=8), 1, 482, 482);
INSERT INTO supporting_packages(id, option_list, package_count, order_id, project_package_id, supporting_project_id) VALUES (482, '["메이크업"]', 1, 482, 8, 482);
INSERT INTO supporting_projects(supporting_project_id, supported_at, delivery_id, payment_id, project_id, user_id) VALUES (483, (SELECT projects.start_date + INTERVAL 25 DAY FROM projects WHERE projects.id=8), 1, 483, 8, 27);
INSERT INTO orders (order_id, created_at, delivery_id, payment_id, supporting_project_id) VALUES (483, (SELECT projects.start_date + INTERVAL 25 DAY FROM projects WHERE projects.id=8), 1, 483, 483);
INSERT INTO supporting_packages(id, option_list, package_count, order_id, project_package_id, supporting_project_id) VALUES (483, '["메이크업"]', 2, 483, 8, 483);
INSERT INTO supporting_projects(supporting_project_id, supported_at, delivery_id, payment_id, project_id, user_id) VALUES (484, (SELECT projects.start_date + INTERVAL 11 DAY FROM projects WHERE projects.id=8), 1, 484, 8, 37);
INSERT INTO orders (order_id, created_at, delivery_id, payment_id, supporting_project_id) VALUES (484, (SELECT projects.start_date + INTERVAL 11 DAY FROM projects WHERE projects.id=8), 1, 484, 484);
INSERT INTO supporting_packages(id, option_list, package_count, order_id, project_package_id, supporting_project_id) VALUES (484, '["헤어"]', 9, 484, 8, 484);
INSERT INTO supporting_projects(supporting_project_id, supported_at, delivery_id, payment_id, project_id, user_id) VALUES (485, (SELECT projects.start_date + INTERVAL 20 DAY FROM projects WHERE projects.id=8), 1, 485, 8, 19);
INSERT INTO orders (order_id, created_at, delivery_id, payment_id, supporting_project_id) VALUES (485, (SELECT projects.start_date + INTERVAL 20 DAY FROM projects WHERE projects.id=8), 1, 485, 485);
INSERT INTO supporting_packages(id, option_list, package_count, order_id, project_package_id, supporting_project_id) VALUES (485, '["헤어"]', 10, 485, 8, 485);
INSERT INTO supporting_projects(supporting_project_id, supported_at, delivery_id, payment_id, project_id, user_id) VALUES (486, (SELECT projects.start_date + INTERVAL 31 DAY FROM projects WHERE projects.id=8), 1, 486, 8, 21);
INSERT INTO orders (order_id, created_at, delivery_id, payment_id, supporting_project_id) VALUES (486, (SELECT projects.start_date + INTERVAL 31 DAY FROM projects WHERE projects.id=8), 1, 486, 486);
INSERT INTO supporting_packages(id, option_list, package_count, order_id, project_package_id, supporting_project_id) VALUES (486, '["스킨케어"]', 9, 486, 8, 486);
INSERT INTO supporting_projects(supporting_project_id, supported_at, delivery_id, payment_id, project_id, user_id) VALUES (487, (SELECT projects.start_date + INTERVAL 8 DAY FROM projects WHERE projects.id=8), 1, 487, 8, 30);
INSERT INTO orders (order_id, created_at, delivery_id, payment_id, supporting_project_id) VALUES (487, (SELECT projects.start_date + INTERVAL 8 DAY FROM projects WHERE projects.id=8), 1, 487, 487);
INSERT INTO supporting_packages(id, option_list, package_count, order_id, project_package_id, supporting_project_id) VALUES (487, '["스킨케어"]', 6, 487, 8, 487);
INSERT INTO supporting_projects(supporting_project_id, supported_at, delivery_id, payment_id, project_id, user_id) VALUES (488, (SELECT projects.start_date + INTERVAL 42 DAY FROM projects WHERE projects.id=8), 1, 488, 8, 15);
INSERT INTO orders (order_id, created_at, delivery_id, payment_id, supporting_project_id) VALUES (488, (SELECT projects.start_date + INTERVAL 42 DAY FROM projects WHERE projects.id=8), 1, 488, 488);
INSERT INTO supporting_packages(id, option_list, package_count, order_id, project_package_id, supporting_project_id) VALUES (488, '["스킨케어"]', 5, 488, 8, 488);
INSERT INTO supporting_projects(supporting_project_id, supported_at, delivery_id, payment_id, project_id, user_id) VALUES (489, (SELECT projects.start_date + INTERVAL 11 DAY FROM projects WHERE projects.id=8), 1, 489, 8, 15);
INSERT INTO orders (order_id, created_at, delivery_id, payment_id, supporting_project_id) VALUES (489, (SELECT projects.start_date + INTERVAL 11 DAY FROM projects WHERE projects.id=8), 1, 489, 489);
INSERT INTO supporting_packages(id, option_list, package_count, order_id, project_package_id, supporting_project_id) VALUES (489, '["스킨케어"]', 1, 489, 8, 489);
INSERT INTO supporting_projects(supporting_project_id, supported_at, delivery_id, payment_id, project_id, user_id) VALUES (490, (SELECT projects.start_date + INTERVAL 12 DAY FROM projects WHERE projects.id=8), 1, 490, 8, 11);
INSERT INTO orders (order_id, created_at, delivery_id, payment_id, supporting_project_id) VALUES (490, (SELECT projects.start_date + INTERVAL 12 DAY FROM projects WHERE projects.id=8), 1, 490, 490);
INSERT INTO supporting_packages(id, option_list, package_count, order_id, project_package_id, supporting_project_id) VALUES (490, '["스킨케어"]', 9, 490, 8, 490);
INSERT INTO supporting_projects(supporting_project_id, supported_at, delivery_id, payment_id, project_id, user_id) VALUES (491, (SELECT projects.start_date + INTERVAL 6 DAY FROM projects WHERE projects.id=8), 1, 491, 8, 37);
INSERT INTO orders (order_id, created_at, delivery_id, payment_id, supporting_project_id) VALUES (491, (SELECT projects.start_date + INTERVAL 6 DAY FROM projects WHERE projects.id=8), 1, 491, 491);
INSERT INTO supporting_packages(id, option_list, package_count, order_id, project_package_id, supporting_project_id) VALUES (491, '["메이크업"]', 8, 491, 8, 491);
INSERT INTO supporting_projects(supporting_project_id, supported_at, delivery_id, payment_id, project_id, user_id) VALUES (492, (SELECT projects.start_date + INTERVAL 23 DAY FROM projects WHERE projects.id=8), 1, 492, 8, 33);
INSERT INTO orders (order_id, created_at, delivery_id, payment_id, supporting_project_id) VALUES (492, (SELECT projects.start_date + INTERVAL 23 DAY FROM projects WHERE projects.id=8), 1, 492, 492);
INSERT INTO supporting_packages(id, option_list, package_count, order_id, project_package_id, supporting_project_id) VALUES (492, '["헤어"]', 6, 492, 8, 492);
INSERT INTO supporting_projects(supporting_project_id, supported_at, delivery_id, payment_id, project_id, user_id) VALUES (493, (SELECT projects.start_date + INTERVAL 1 DAY FROM projects WHERE projects.id=8), 1, 493, 8, 17);
INSERT INTO orders (order_id, created_at, delivery_id, payment_id, supporting_project_id) VALUES (493, (SELECT projects.start_date + INTERVAL 1 DAY FROM projects WHERE projects.id=8), 1, 493, 493);
INSERT INTO supporting_packages(id, option_list, package_count, order_id, project_package_id, supporting_project_id) VALUES (493, '["헤어"]', 1, 493, 8, 493);
INSERT INTO supporting_projects(supporting_project_id, supported_at, delivery_id, payment_id, project_id, user_id) VALUES (494, (SELECT projects.start_date + INTERVAL 21 DAY FROM projects WHERE projects.id=8), 1, 494, 8, 34);
INSERT INTO orders (order_id, created_at, delivery_id, payment_id, supporting_project_id) VALUES (494, (SELECT projects.start_date + INTERVAL 21 DAY FROM projects WHERE projects.id=8), 1, 494, 494);
INSERT INTO supporting_packages(id, option_list, package_count, order_id, project_package_id, supporting_project_id) VALUES (494, '["헤어"]', 3, 494, 8, 494);
INSERT INTO supporting_projects(supporting_project_id, supported_at, delivery_id, payment_id, project_id, user_id) VALUES (495, (SELECT projects.start_date + INTERVAL 12 DAY FROM projects WHERE projects.id=8), 1, 495, 8, 32);
INSERT INTO orders (order_id, created_at, delivery_id, payment_id, supporting_project_id) VALUES (495, (SELECT projects.start_date + INTERVAL 12 DAY FROM projects WHERE projects.id=8), 1, 495, 495);
INSERT INTO supporting_packages(id, option_list, package_count, order_id, project_package_id, supporting_project_id) VALUES (495, '["메이크업"]', 7, 495, 8, 495);
INSERT INTO supporting_projects(supporting_project_id, supported_at, delivery_id, payment_id, project_id, user_id) VALUES (496, (SELECT projects.start_date + INTERVAL 28 DAY FROM projects WHERE projects.id=8), 1, 496, 8, 9);
INSERT INTO orders (order_id, created_at, delivery_id, payment_id, supporting_project_id) VALUES (496, (SELECT projects.start_date + INTERVAL 28 DAY FROM projects WHERE projects.id=8), 1, 496, 496);
INSERT INTO supporting_packages(id, option_list, package_count, order_id, project_package_id, supporting_project_id) VALUES (496, '["메이크업"]', 8, 496, 8, 496);
INSERT INTO supporting_projects(supporting_project_id, supported_at, delivery_id, payment_id, project_id, user_id) VALUES (497, (SELECT projects.start_date + INTERVAL 23 DAY FROM projects WHERE projects.id=8), 1, 497, 8, 25);
INSERT INTO orders (order_id, created_at, delivery_id, payment_id, supporting_project_id) VALUES (497, (SELECT projects.start_date + INTERVAL 23 DAY FROM projects WHERE projects.id=8), 1, 497, 497);
INSERT INTO supporting_packages(id, option_list, package_count, order_id, project_package_id, supporting_project_id) VALUES (497, '["헤어"]', 6, 497, 8, 497);
INSERT INTO supporting_projects(supporting_project_id, supported_at, delivery_id, payment_id, project_id, user_id) VALUES (498, (SELECT projects.start_date + INTERVAL 46 DAY FROM projects WHERE projects.id=8), 1, 498, 8, 36);
INSERT INTO orders (order_id, created_at, delivery_id, payment_id, supporting_project_id) VALUES (498, (SELECT projects.start_date + INTERVAL 46 DAY FROM projects WHERE projects.id=8), 1, 498, 498);
INSERT INTO supporting_packages(id, option_list, package_count, order_id, project_package_id, supporting_project_id) VALUES (498, '["헤어"]', 1, 498, 8, 498);
INSERT INTO supporting_projects(supporting_project_id, supported_at, delivery_id, payment_id, project_id, user_id) VALUES (499, (SELECT projects.start_date + INTERVAL 1 DAY FROM projects WHERE projects.id=8), 1, 499, 8, 6);
INSERT INTO orders (order_id, created_at, delivery_id, payment_id, supporting_project_id) VALUES (499, (SELECT projects.start_date + INTERVAL 1 DAY FROM projects WHERE projects.id=8), 1, 499, 499);
INSERT INTO supporting_packages(id, option_list, package_count, order_id, project_package_id, supporting_project_id) VALUES (499, '["메이크업"]', 9, 499, 8, 499);
INSERT INTO supporting_projects(supporting_project_id, supported_at, delivery_id, payment_id, project_id, user_id) VALUES (500, (SELECT projects.start_date + INTERVAL 3 DAY FROM projects WHERE projects.id=8), 1, 500, 8, 16);
INSERT INTO orders (order_id, created_at, delivery_id, payment_id, supporting_project_id) VALUES (500, (SELECT projects.start_date + INTERVAL 3 DAY FROM projects WHERE projects.id=8), 1, 500, 500);
INSERT INTO supporting_packages(id, option_list, package_count, order_id, project_package_id, supporting_project_id) VALUES (500, '["스킨케어"]', 8, 500, 8, 500);
INSERT INTO supporting_projects(supporting_project_id, supported_at, delivery_id, payment_id, project_id, user_id) VALUES (501, (SELECT projects.start_date + INTERVAL 40 DAY FROM projects WHERE projects.id=8), 1, 501, 8, 16);
INSERT INTO orders (order_id, created_at, delivery_id, payment_id, supporting_project_id) VALUES (501, (SELECT projects.start_date + INTERVAL 40 DAY FROM projects WHERE projects.id=8), 1, 501, 501);
INSERT INTO supporting_packages(id, option_list, package_count, order_id, project_package_id, supporting_project_id) VALUES (501, '["헤어"]', 5, 501, 8, 501);
INSERT INTO supporting_projects(supporting_project_id, supported_at, delivery_id, payment_id, project_id, user_id) VALUES (502, (SELECT projects.start_date + INTERVAL 26 DAY FROM projects WHERE projects.id=8), 1, 502, 8, 16);
INSERT INTO orders (order_id, created_at, delivery_id, payment_id, supporting_project_id) VALUES (502, (SELECT projects.start_date + INTERVAL 26 DAY FROM projects WHERE projects.id=8), 1, 502, 502);
INSERT INTO supporting_packages(id, option_list, package_count, order_id, project_package_id, supporting_project_id) VALUES (502, '["메이크업"]', 9, 502, 8, 502);
INSERT INTO supporting_projects(supporting_project_id, supported_at, delivery_id, payment_id, project_id, user_id) VALUES (503, (SELECT projects.start_date + INTERVAL 40 DAY FROM projects WHERE projects.id=8), 1, 503, 8, 33);
INSERT INTO orders (order_id, created_at, delivery_id, payment_id, supporting_project_id) VALUES (503, (SELECT projects.start_date + INTERVAL 40 DAY FROM projects WHERE projects.id=8), 1, 503, 503);
INSERT INTO supporting_packages(id, option_list, package_count, order_id, project_package_id, supporting_project_id) VALUES (503, '["메이크업"]', 8, 503, 8, 503);
INSERT INTO supporting_projects(supporting_project_id, supported_at, delivery_id, payment_id, project_id, user_id) VALUES (504, (SELECT projects.start_date + INTERVAL 47 DAY FROM projects WHERE projects.id=8), 1, 504, 8, 13);
INSERT INTO orders (order_id, created_at, delivery_id, payment_id, supporting_project_id) VALUES (504, (SELECT projects.start_date + INTERVAL 47 DAY FROM projects WHERE projects.id=8), 1, 504, 504);
INSERT INTO supporting_packages(id, option_list, package_count, order_id, project_package_id, supporting_project_id) VALUES (504, '["헤어"]', 2, 504, 8, 504);
INSERT INTO supporting_projects(supporting_project_id, supported_at, delivery_id, payment_id, project_id, user_id) VALUES (505, (SELECT projects.start_date + INTERVAL 33 DAY FROM projects WHERE projects.id=8), 1, 505, 8, 9);
INSERT INTO orders (order_id, created_at, delivery_id, payment_id, supporting_project_id) VALUES (505, (SELECT projects.start_date + INTERVAL 33 DAY FROM projects WHERE projects.id=8), 1, 505, 505);
INSERT INTO supporting_packages(id, option_list, package_count, order_id, project_package_id, supporting_project_id) VALUES (505, '["메이크업"]', 8, 505, 8, 505);
INSERT INTO supporting_projects(supporting_project_id, supported_at, delivery_id, payment_id, project_id, user_id) VALUES (506, (SELECT projects.start_date + INTERVAL 21 DAY FROM projects WHERE projects.id=8), 1, 506, 8, 35);
INSERT INTO orders (order_id, created_at, delivery_id, payment_id, supporting_project_id) VALUES (506, (SELECT projects.start_date + INTERVAL 21 DAY FROM projects WHERE projects.id=8), 1, 506, 506);
INSERT INTO supporting_packages(id, option_list, package_count, order_id, project_package_id, supporting_project_id) VALUES (506, '["헤어"]', 6, 506, 8, 506);
INSERT INTO supporting_projects(supporting_project_id, supported_at, delivery_id, payment_id, project_id, user_id) VALUES (507, (SELECT projects.start_date + INTERVAL 31 DAY FROM projects WHERE projects.id=8), 1, 507, 8, 23);
INSERT INTO orders (order_id, created_at, delivery_id, payment_id, supporting_project_id) VALUES (507, (SELECT projects.start_date + INTERVAL 31 DAY FROM projects WHERE projects.id=8), 1, 507, 507);
INSERT INTO supporting_packages(id, option_list, package_count, order_id, project_package_id, supporting_project_id) VALUES (507, '["헤어"]', 5, 507, 8, 507);
INSERT INTO supporting_projects(supporting_project_id, supported_at, delivery_id, payment_id, project_id, user_id) VALUES (508, (SELECT projects.start_date + INTERVAL 14 DAY FROM projects WHERE projects.id=8), 1, 508, 8, 34);
INSERT INTO orders (order_id, created_at, delivery_id, payment_id, supporting_project_id) VALUES (508, (SELECT projects.start_date + INTERVAL 14 DAY FROM projects WHERE projects.id=8), 1, 508, 508);
INSERT INTO supporting_packages(id, option_list, package_count, order_id, project_package_id, supporting_project_id) VALUES (508, '["헤어"]', 4, 508, 8, 508);
INSERT INTO supporting_projects(supporting_project_id, supported_at, delivery_id, payment_id, project_id, user_id) VALUES (509, (SELECT projects.start_date + INTERVAL 35 DAY FROM projects WHERE projects.id=8), 1, 509, 8, 34);
INSERT INTO orders (order_id, created_at, delivery_id, payment_id, supporting_project_id) VALUES (509, (SELECT projects.start_date + INTERVAL 35 DAY FROM projects WHERE projects.id=8), 1, 509, 509);
INSERT INTO supporting_packages(id, option_list, package_count, order_id, project_package_id, supporting_project_id) VALUES (509, '["스킨케어"]', 9, 509, 8, 509);
INSERT INTO supporting_projects(supporting_project_id, supported_at, delivery_id, payment_id, project_id, user_id) VALUES (510, (SELECT projects.start_date + INTERVAL 39 DAY FROM projects WHERE projects.id=8), 1, 510, 8, 31);
INSERT INTO orders (order_id, created_at, delivery_id, payment_id, supporting_project_id) VALUES (510, (SELECT projects.start_date + INTERVAL 39 DAY FROM projects WHERE projects.id=8), 1, 510, 510);
INSERT INTO supporting_packages(id, option_list, package_count, order_id, project_package_id, supporting_project_id) VALUES (510, '["스킨케어"]', 4, 510, 8, 510);
INSERT INTO supporting_projects(supporting_project_id, supported_at, delivery_id, payment_id, project_id, user_id) VALUES (511, (SELECT projects.start_date + INTERVAL 20 DAY FROM projects WHERE projects.id=8), 1, 511, 8, 37);
INSERT INTO orders (order_id, created_at, delivery_id, payment_id, supporting_project_id) VALUES (511, (SELECT projects.start_date + INTERVAL 20 DAY FROM projects WHERE projects.id=8), 1, 511, 511);
INSERT INTO supporting_packages(id, option_list, package_count, order_id, project_package_id, supporting_project_id) VALUES (511, '["헤어"]', 2, 511, 8, 511);
INSERT INTO supporting_projects(supporting_project_id, supported_at, delivery_id, payment_id, project_id, user_id) VALUES (512, (SELECT projects.start_date + INTERVAL 8 DAY FROM projects WHERE projects.id=8), 1, 512, 8, 7);
INSERT INTO orders (order_id, created_at, delivery_id, payment_id, supporting_project_id) VALUES (512, (SELECT projects.start_date + INTERVAL 8 DAY FROM projects WHERE projects.id=8), 1, 512, 512);
INSERT INTO supporting_packages(id, option_list, package_count, order_id, project_package_id, supporting_project_id) VALUES (512, '["헤어"]', 10, 512, 8, 512);
INSERT INTO supporting_projects(supporting_project_id, supported_at, delivery_id, payment_id, project_id, user_id) VALUES (513, (SELECT projects.start_date + INTERVAL 15 DAY FROM projects WHERE projects.id=8), 1, 513, 8, 30);
INSERT INTO orders (order_id, created_at, delivery_id, payment_id, supporting_project_id) VALUES (513, (SELECT projects.start_date + INTERVAL 15 DAY FROM projects WHERE projects.id=8), 1, 513, 513);
INSERT INTO supporting_packages(id, option_list, package_count, order_id, project_package_id, supporting_project_id) VALUES (513, '["메이크업"]', 4, 513, 8, 513);
INSERT INTO supporting_projects(supporting_project_id, supported_at, delivery_id, payment_id, project_id, user_id) VALUES (514, (SELECT projects.start_date + INTERVAL 48 DAY FROM projects WHERE projects.id=8), 1, 514, 8, 16);
INSERT INTO orders (order_id, created_at, delivery_id, payment_id, supporting_project_id) VALUES (514, (SELECT projects.start_date + INTERVAL 48 DAY FROM projects WHERE projects.id=8), 1, 514, 514);
INSERT INTO supporting_packages(id, option_list, package_count, order_id, project_package_id, supporting_project_id) VALUES (514, '["스킨케어"]', 1, 514, 8, 514);
INSERT INTO supporting_projects(supporting_project_id, supported_at, delivery_id, payment_id, project_id, user_id) VALUES (515, (SELECT projects.start_date + INTERVAL 48 DAY FROM projects WHERE projects.id=8), 1, 515, 8, 5);
INSERT INTO orders (order_id, created_at, delivery_id, payment_id, supporting_project_id) VALUES (515, (SELECT projects.start_date + INTERVAL 48 DAY FROM projects WHERE projects.id=8), 1, 515, 515);
INSERT INTO supporting_packages(id, option_list, package_count, order_id, project_package_id, supporting_project_id) VALUES (515, '["헤어"]', 9, 515, 8, 515);
INSERT INTO supporting_projects(supporting_project_id, supported_at, delivery_id, payment_id, project_id, user_id) VALUES (516, (SELECT projects.start_date + INTERVAL 49 DAY FROM projects WHERE projects.id=8), 1, 516, 8, 18);
INSERT INTO orders (order_id, created_at, delivery_id, payment_id, supporting_project_id) VALUES (516, (SELECT projects.start_date + INTERVAL 49 DAY FROM projects WHERE projects.id=8), 1, 516, 516);
INSERT INTO supporting_packages(id, option_list, package_count, order_id, project_package_id, supporting_project_id) VALUES (516, '["스킨케어"]', 1, 516, 8, 516);
INSERT INTO supporting_projects(supporting_project_id, supported_at, delivery_id, payment_id, project_id, user_id) VALUES (517, (SELECT projects.start_date + INTERVAL 6 DAY FROM projects WHERE projects.id=8), 1, 517, 8, 32);
INSERT INTO orders (order_id, created_at, delivery_id, payment_id, supporting_project_id) VALUES (517, (SELECT projects.start_date + INTERVAL 6 DAY FROM projects WHERE projects.id=8), 1, 517, 517);
INSERT INTO supporting_packages(id, option_list, package_count, order_id, project_package_id, supporting_project_id) VALUES (517, '["헤어"]', 10, 517, 8, 517);
INSERT INTO supporting_projects(supporting_project_id, supported_at, delivery_id, payment_id, project_id, user_id) VALUES (518, (SELECT projects.start_date + INTERVAL 20 DAY FROM projects WHERE projects.id=8), 1, 518, 8, 24);
INSERT INTO orders (order_id, created_at, delivery_id, payment_id, supporting_project_id) VALUES (518, (SELECT projects.start_date + INTERVAL 20 DAY FROM projects WHERE projects.id=8), 1, 518, 518);
INSERT INTO supporting_packages(id, option_list, package_count, order_id, project_package_id, supporting_project_id) VALUES (518, '["헤어"]', 3, 518, 8, 518);
INSERT INTO supporting_projects(supporting_project_id, supported_at, delivery_id, payment_id, project_id, user_id) VALUES (519, (SELECT projects.start_date + INTERVAL 1 DAY FROM projects WHERE projects.id=8), 1, 519, 8, 35);
INSERT INTO orders (order_id, created_at, delivery_id, payment_id, supporting_project_id) VALUES (519, (SELECT projects.start_date + INTERVAL 1 DAY FROM projects WHERE projects.id=8), 1, 519, 519);
INSERT INTO supporting_packages(id, option_list, package_count, order_id, project_package_id, supporting_project_id) VALUES (519, '["메이크업"]', 9, 519, 8, 519);
INSERT INTO supporting_projects(supporting_project_id, supported_at, delivery_id, payment_id, project_id, user_id) VALUES (520, (SELECT projects.start_date + INTERVAL 19 DAY FROM projects WHERE projects.id=8), 1, 520, 8, 31);
INSERT INTO orders (order_id, created_at, delivery_id, payment_id, supporting_project_id) VALUES (520, (SELECT projects.start_date + INTERVAL 19 DAY FROM projects WHERE projects.id=8), 1, 520, 520);
INSERT INTO supporting_packages(id, option_list, package_count, order_id, project_package_id, supporting_project_id) VALUES (520, '["스킨케어"]', 1, 520, 8, 520);
INSERT INTO supporting_projects(supporting_project_id, supported_at, delivery_id, payment_id, project_id, user_id) VALUES (521, (SELECT projects.start_date + INTERVAL 32 DAY FROM projects WHERE projects.id=8), 1, 521, 8, 32);
INSERT INTO orders (order_id, created_at, delivery_id, payment_id, supporting_project_id) VALUES (521, (SELECT projects.start_date + INTERVAL 32 DAY FROM projects WHERE projects.id=8), 1, 521, 521);
INSERT INTO supporting_packages(id, option_list, package_count, order_id, project_package_id, supporting_project_id) VALUES (521, '["헤어"]', 8, 521, 8, 521);
INSERT INTO supporting_projects(supporting_project_id, supported_at, delivery_id, payment_id, project_id, user_id) VALUES (522, (SELECT projects.start_date + INTERVAL 4 DAY FROM projects WHERE projects.id=12), 1, 522, 12, 9);
INSERT INTO orders (order_id, created_at, delivery_id, payment_id, supporting_project_id) VALUES (522, (SELECT projects.start_date + INTERVAL 4 DAY FROM projects WHERE projects.id=12), 1, 522, 522);
INSERT INTO supporting_packages(id, option_list, package_count, order_id, project_package_id, supporting_project_id) VALUES (522, '["내추럴"]', 9, 522, 12, 522);
INSERT INTO supporting_projects(supporting_project_id, supported_at, delivery_id, payment_id, project_id, user_id) VALUES (523, (SELECT projects.start_date + INTERVAL 27 DAY FROM projects WHERE projects.id=12), 1, 523, 12, 18);
INSERT INTO orders (order_id, created_at, delivery_id, payment_id, supporting_project_id) VALUES (523, (SELECT projects.start_date + INTERVAL 27 DAY FROM projects WHERE projects.id=12), 1, 523, 523);
INSERT INTO supporting_packages(id, option_list, package_count, order_id, project_package_id, supporting_project_id) VALUES (523, '["스모키"]', 7, 523, 12, 523);
INSERT INTO supporting_projects(supporting_project_id, supported_at, delivery_id, payment_id, project_id, user_id) VALUES (524, (SELECT projects.start_date + INTERVAL 50 DAY FROM projects WHERE projects.id=12), 1, 524, 12, 5);
INSERT INTO orders (order_id, created_at, delivery_id, payment_id, supporting_project_id) VALUES (524, (SELECT projects.start_date + INTERVAL 50 DAY FROM projects WHERE projects.id=12), 1, 524, 524);
INSERT INTO supporting_packages(id, option_list, package_count, order_id, project_package_id, supporting_project_id) VALUES (524, '["글리터"]', 1, 524, 12, 524);
INSERT INTO supporting_projects(supporting_project_id, supported_at, delivery_id, payment_id, project_id, user_id) VALUES (525, (SELECT projects.start_date + INTERVAL 46 DAY FROM projects WHERE projects.id=12), 1, 525, 12, 5);
INSERT INTO orders (order_id, created_at, delivery_id, payment_id, supporting_project_id) VALUES (525, (SELECT projects.start_date + INTERVAL 46 DAY FROM projects WHERE projects.id=12), 1, 525, 525);
INSERT INTO supporting_packages(id, option_list, package_count, order_id, project_package_id, supporting_project_id) VALUES (525, '["글리터"]', 1, 525, 12, 525);
INSERT INTO supporting_projects(supporting_project_id, supported_at, delivery_id, payment_id, project_id, user_id) VALUES (526, (SELECT projects.start_date + INTERVAL 14 DAY FROM projects WHERE projects.id=12), 1, 526, 12, 37);
INSERT INTO orders (order_id, created_at, delivery_id, payment_id, supporting_project_id) VALUES (526, (SELECT projects.start_date + INTERVAL 14 DAY FROM projects WHERE projects.id=12), 1, 526, 526);
INSERT INTO supporting_packages(id, option_list, package_count, order_id, project_package_id, supporting_project_id) VALUES (526, '["스모키"]', 10, 526, 12, 526);
INSERT INTO supporting_projects(supporting_project_id, supported_at, delivery_id, payment_id, project_id, user_id) VALUES (527, (SELECT projects.start_date + INTERVAL 43 DAY FROM projects WHERE projects.id=12), 1, 527, 12, 11);
INSERT INTO orders (order_id, created_at, delivery_id, payment_id, supporting_project_id) VALUES (527, (SELECT projects.start_date + INTERVAL 43 DAY FROM projects WHERE projects.id=12), 1, 527, 527);
INSERT INTO supporting_packages(id, option_list, package_count, order_id, project_package_id, supporting_project_id) VALUES (527, '["글리터"]', 3, 527, 12, 527);
INSERT INTO supporting_projects(supporting_project_id, supported_at, delivery_id, payment_id, project_id, user_id) VALUES (528, (SELECT projects.start_date + INTERVAL 25 DAY FROM projects WHERE projects.id=14), 1, 528, 14, 11);
INSERT INTO orders (order_id, created_at, delivery_id, payment_id, supporting_project_id) VALUES (528, (SELECT projects.start_date + INTERVAL 25 DAY FROM projects WHERE projects.id=14), 1, 528, 528);
INSERT INTO supporting_packages(id, option_list, package_count, order_id, project_package_id, supporting_project_id) VALUES (528, '["캐주얼"]', 4, 528, 14, 528);
INSERT INTO supporting_projects(supporting_project_id, supported_at, delivery_id, payment_id, project_id, user_id) VALUES (529, (SELECT projects.start_date + INTERVAL 45 DAY FROM projects WHERE projects.id=14), 1, 529, 14, 39);
INSERT INTO orders (order_id, created_at, delivery_id, payment_id, supporting_project_id) VALUES (529, (SELECT projects.start_date + INTERVAL 45 DAY FROM projects WHERE projects.id=14), 1, 529, 529);
INSERT INTO supporting_packages(id, option_list, package_count, order_id, project_package_id, supporting_project_id) VALUES (529, '["무대의상"]', 7, 529, 14, 529);
INSERT INTO supporting_projects(supporting_project_id, supported_at, delivery_id, payment_id, project_id, user_id) VALUES (530, (SELECT projects.start_date + INTERVAL 40 DAY FROM projects WHERE projects.id=14), 1, 530, 14, 25);
INSERT INTO orders (order_id, created_at, delivery_id, payment_id, supporting_project_id) VALUES (530, (SELECT projects.start_date + INTERVAL 40 DAY FROM projects WHERE projects.id=14), 1, 530, 530);
INSERT INTO supporting_packages(id, option_list, package_count, order_id, project_package_id, supporting_project_id) VALUES (530, '["무대의상"]', 6, 530, 14, 530);
INSERT INTO supporting_projects(supporting_project_id, supported_at, delivery_id, payment_id, project_id, user_id) VALUES (531, (SELECT projects.start_date + INTERVAL 1 DAY FROM projects WHERE projects.id=14), 1, 531, 14, 25);
INSERT INTO orders (order_id, created_at, delivery_id, payment_id, supporting_project_id) VALUES (531, (SELECT projects.start_date + INTERVAL 1 DAY FROM projects WHERE projects.id=14), 1, 531, 531);
INSERT INTO supporting_packages(id, option_list, package_count, order_id, project_package_id, supporting_project_id) VALUES (531, '["스트릿"]', 3, 531, 14, 531);
INSERT INTO supporting_projects(supporting_project_id, supported_at, delivery_id, payment_id, project_id, user_id) VALUES (532, (SELECT projects.start_date + INTERVAL 13 DAY FROM projects WHERE projects.id=14), 1, 532, 14, 21);
INSERT INTO orders (order_id, created_at, delivery_id, payment_id, supporting_project_id) VALUES (532, (SELECT projects.start_date + INTERVAL 13 DAY FROM projects WHERE projects.id=14), 1, 532, 532);
INSERT INTO supporting_packages(id, option_list, package_count, order_id, project_package_id, supporting_project_id) VALUES (532, '["무대의상"]', 7, 532, 14, 532);
INSERT INTO supporting_projects(supporting_project_id, supported_at, delivery_id, payment_id, project_id, user_id) VALUES (533, (SELECT projects.start_date + INTERVAL 9 DAY FROM projects WHERE projects.id=14), 1, 533, 14, 23);
INSERT INTO orders (order_id, created_at, delivery_id, payment_id, supporting_project_id) VALUES (533, (SELECT projects.start_date + INTERVAL 9 DAY FROM projects WHERE projects.id=14), 1, 533, 533);
INSERT INTO supporting_packages(id, option_list, package_count, order_id, project_package_id, supporting_project_id) VALUES (533, '["캐주얼"]', 2, 533, 14, 533);
INSERT INTO supporting_projects(supporting_project_id, supported_at, delivery_id, payment_id, project_id, user_id) VALUES (534, (SELECT projects.start_date + INTERVAL 36 DAY FROM projects WHERE projects.id=14), 1, 534, 14, 28);
INSERT INTO orders (order_id, created_at, delivery_id, payment_id, supporting_project_id) VALUES (534, (SELECT projects.start_date + INTERVAL 36 DAY FROM projects WHERE projects.id=14), 1, 534, 534);
INSERT INTO supporting_packages(id, option_list, package_count, order_id, project_package_id, supporting_project_id) VALUES (534, '["캐주얼"]', 2, 534, 14, 534);
INSERT INTO supporting_projects(supporting_project_id, supported_at, delivery_id, payment_id, project_id, user_id) VALUES (535, (SELECT projects.start_date + INTERVAL 34 DAY FROM projects WHERE projects.id=14), 1, 535, 14, 22);
INSERT INTO orders (order_id, created_at, delivery_id, payment_id, supporting_project_id) VALUES (535, (SELECT projects.start_date + INTERVAL 34 DAY FROM projects WHERE projects.id=14), 1, 535, 535);
INSERT INTO supporting_packages(id, option_list, package_count, order_id, project_package_id, supporting_project_id) VALUES (535, '["스트릿"]', 7, 535, 14, 535);
INSERT INTO supporting_projects(supporting_project_id, supported_at, delivery_id, payment_id, project_id, user_id) VALUES (536, (SELECT projects.start_date + INTERVAL 49 DAY FROM projects WHERE projects.id=14), 1, 536, 14, 31);
INSERT INTO orders (order_id, created_at, delivery_id, payment_id, supporting_project_id) VALUES (536, (SELECT projects.start_date + INTERVAL 49 DAY FROM projects WHERE projects.id=14), 1, 536, 536);
INSERT INTO supporting_packages(id, option_list, package_count, order_id, project_package_id, supporting_project_id) VALUES (536, '["캐주얼"]', 3, 536, 14, 536);
INSERT INTO supporting_projects(supporting_project_id, supported_at, delivery_id, payment_id, project_id, user_id) VALUES (537, (SELECT projects.start_date + INTERVAL 1 DAY FROM projects WHERE projects.id=14), 1, 537, 14, 4);
INSERT INTO orders (order_id, created_at, delivery_id, payment_id, supporting_project_id) VALUES (537, (SELECT projects.start_date + INTERVAL 1 DAY FROM projects WHERE projects.id=14), 1, 537, 537);
INSERT INTO supporting_packages(id, option_list, package_count, order_id, project_package_id, supporting_project_id) VALUES (537, '["무대의상"]', 10, 537, 14, 537);
INSERT INTO supporting_projects(supporting_project_id, supported_at, delivery_id, payment_id, project_id, user_id) VALUES (538, (SELECT projects.start_date + INTERVAL 45 DAY FROM projects WHERE projects.id=14), 1, 538, 14, 36);
INSERT INTO orders (order_id, created_at, delivery_id, payment_id, supporting_project_id) VALUES (538, (SELECT projects.start_date + INTERVAL 45 DAY FROM projects WHERE projects.id=14), 1, 538, 538);
INSERT INTO supporting_packages(id, option_list, package_count, order_id, project_package_id, supporting_project_id) VALUES (538, '["캐주얼"]', 3, 538, 14, 538);
INSERT INTO supporting_projects(supporting_project_id, supported_at, delivery_id, payment_id, project_id, user_id) VALUES (539, (SELECT projects.start_date + INTERVAL 27 DAY FROM projects WHERE projects.id=14), 1, 539, 14, 29);
INSERT INTO orders (order_id, created_at, delivery_id, payment_id, supporting_project_id) VALUES (539, (SELECT projects.start_date + INTERVAL 27 DAY FROM projects WHERE projects.id=14), 1, 539, 539);
INSERT INTO supporting_packages(id, option_list, package_count, order_id, project_package_id, supporting_project_id) VALUES (539, '["스트릿"]', 10, 539, 14, 539);
INSERT INTO supporting_projects(supporting_project_id, supported_at, delivery_id, payment_id, project_id, user_id) VALUES (540, (SELECT projects.start_date + INTERVAL 22 DAY FROM projects WHERE projects.id=14), 1, 540, 14, 35);
INSERT INTO orders (order_id, created_at, delivery_id, payment_id, supporting_project_id) VALUES (540, (SELECT projects.start_date + INTERVAL 22 DAY FROM projects WHERE projects.id=14), 1, 540, 540);
INSERT INTO supporting_packages(id, option_list, package_count, order_id, project_package_id, supporting_project_id) VALUES (540, '["캐주얼"]', 7, 540, 14, 540);
INSERT INTO supporting_projects(supporting_project_id, supported_at, delivery_id, payment_id, project_id, user_id) VALUES (541, (SELECT projects.start_date + INTERVAL 22 DAY FROM projects WHERE projects.id=14), 1, 541, 14, 15);
INSERT INTO orders (order_id, created_at, delivery_id, payment_id, supporting_project_id) VALUES (541, (SELECT projects.start_date + INTERVAL 22 DAY FROM projects WHERE projects.id=14), 1, 541, 541);
INSERT INTO supporting_packages(id, option_list, package_count, order_id, project_package_id, supporting_project_id) VALUES (541, '["캐주얼"]', 1, 541, 14, 541);
INSERT INTO supporting_projects(supporting_project_id, supported_at, delivery_id, payment_id, project_id, user_id) VALUES (542, (SELECT projects.start_date + INTERVAL 29 DAY FROM projects WHERE projects.id=14), 1, 542, 14, 33);
INSERT INTO orders (order_id, created_at, delivery_id, payment_id, supporting_project_id) VALUES (542, (SELECT projects.start_date + INTERVAL 29 DAY FROM projects WHERE projects.id=14), 1, 542, 542);
INSERT INTO supporting_packages(id, option_list, package_count, order_id, project_package_id, supporting_project_id) VALUES (542, '["무대의상"]', 2, 542, 14, 542);
INSERT INTO supporting_projects(supporting_project_id, supported_at, delivery_id, payment_id, project_id, user_id) VALUES (543, (SELECT projects.start_date + INTERVAL 26 DAY FROM projects WHERE projects.id=14), 1, 543, 14, 29);
INSERT INTO orders (order_id, created_at, delivery_id, payment_id, supporting_project_id) VALUES (543, (SELECT projects.start_date + INTERVAL 26 DAY FROM projects WHERE projects.id=14), 1, 543, 543);
INSERT INTO supporting_packages(id, option_list, package_count, order_id, project_package_id, supporting_project_id) VALUES (543, '["무대의상"]', 10, 543, 14, 543);
INSERT INTO supporting_projects(supporting_project_id, supported_at, delivery_id, payment_id, project_id, user_id) VALUES (544, (SELECT projects.start_date + INTERVAL 31 DAY FROM projects WHERE projects.id=14), 1, 544, 14, 30);
INSERT INTO orders (order_id, created_at, delivery_id, payment_id, supporting_project_id) VALUES (544, (SELECT projects.start_date + INTERVAL 31 DAY FROM projects WHERE projects.id=14), 1, 544, 544);
INSERT INTO supporting_packages(id, option_list, package_count, order_id, project_package_id, supporting_project_id) VALUES (544, '["무대의상"]', 5, 544, 14, 544);
INSERT INTO supporting_projects(supporting_project_id, supported_at, delivery_id, payment_id, project_id, user_id) VALUES (545, (SELECT projects.start_date + INTERVAL 46 DAY FROM projects WHERE projects.id=14), 1, 545, 14, 5);
INSERT INTO orders (order_id, created_at, delivery_id, payment_id, supporting_project_id) VALUES (545, (SELECT projects.start_date + INTERVAL 46 DAY FROM projects WHERE projects.id=14), 1, 545, 545);
INSERT INTO supporting_packages(id, option_list, package_count, order_id, project_package_id, supporting_project_id) VALUES (545, '["무대의상"]', 1, 545, 14, 545);
INSERT INTO supporting_projects(supporting_project_id, supported_at, delivery_id, payment_id, project_id, user_id) VALUES (546, (SELECT projects.start_date + INTERVAL 43 DAY FROM projects WHERE projects.id=14), 1, 546, 14, 5);
INSERT INTO orders (order_id, created_at, delivery_id, payment_id, supporting_project_id) VALUES (546, (SELECT projects.start_date + INTERVAL 43 DAY FROM projects WHERE projects.id=14), 1, 546, 546);
INSERT INTO supporting_packages(id, option_list, package_count, order_id, project_package_id, supporting_project_id) VALUES (546, '["스트릿"]', 1, 546, 14, 546);
INSERT INTO supporting_projects(supporting_project_id, supported_at, delivery_id, payment_id, project_id, user_id) VALUES (547, (SELECT projects.start_date + INTERVAL 33 DAY FROM projects WHERE projects.id=14), 1, 547, 14, 10);
INSERT INTO orders (order_id, created_at, delivery_id, payment_id, supporting_project_id) VALUES (547, (SELECT projects.start_date + INTERVAL 33 DAY FROM projects WHERE projects.id=14), 1, 547, 547);
INSERT INTO supporting_packages(id, option_list, package_count, order_id, project_package_id, supporting_project_id) VALUES (547, '["캐주얼"]', 10, 547, 14, 547);
INSERT INTO supporting_projects(supporting_project_id, supported_at, delivery_id, payment_id, project_id, user_id) VALUES (548, (SELECT projects.start_date + INTERVAL 12 DAY FROM projects WHERE projects.id=14), 1, 548, 14, 8);
INSERT INTO orders (order_id, created_at, delivery_id, payment_id, supporting_project_id) VALUES (548, (SELECT projects.start_date + INTERVAL 12 DAY FROM projects WHERE projects.id=14), 1, 548, 548);
INSERT INTO supporting_packages(id, option_list, package_count, order_id, project_package_id, supporting_project_id) VALUES (548, '["스트릿"]', 10, 548, 14, 548);
INSERT INTO supporting_projects(supporting_project_id, supported_at, delivery_id, payment_id, project_id, user_id) VALUES (549, (SELECT projects.start_date + INTERVAL 23 DAY FROM projects WHERE projects.id=14), 1, 549, 14, 30);
INSERT INTO orders (order_id, created_at, delivery_id, payment_id, supporting_project_id) VALUES (549, (SELECT projects.start_date + INTERVAL 23 DAY FROM projects WHERE projects.id=14), 1, 549, 549);
INSERT INTO supporting_packages(id, option_list, package_count, order_id, project_package_id, supporting_project_id) VALUES (549, '["캐주얼"]', 7, 549, 14, 549);
INSERT INTO supporting_projects(supporting_project_id, supported_at, delivery_id, payment_id, project_id, user_id) VALUES (550, (SELECT projects.start_date + INTERVAL 43 DAY FROM projects WHERE projects.id=14), 1, 550, 14, 7);
INSERT INTO orders (order_id, created_at, delivery_id, payment_id, supporting_project_id) VALUES (550, (SELECT projects.start_date + INTERVAL 43 DAY FROM projects WHERE projects.id=14), 1, 550, 550);
INSERT INTO supporting_packages(id, option_list, package_count, order_id, project_package_id, supporting_project_id) VALUES (550, '["캐주얼"]', 10, 550, 14, 550);
INSERT INTO supporting_projects(supporting_project_id, supported_at, delivery_id, payment_id, project_id, user_id) VALUES (551, (SELECT projects.start_date + INTERVAL 22 DAY FROM projects WHERE projects.id=14), 1, 551, 14, 4);
INSERT INTO orders (order_id, created_at, delivery_id, payment_id, supporting_project_id) VALUES (551, (SELECT projects.start_date + INTERVAL 22 DAY FROM projects WHERE projects.id=14), 1, 551, 551);
INSERT INTO supporting_packages(id, option_list, package_count, order_id, project_package_id, supporting_project_id) VALUES (551, '["스트릿"]', 2, 551, 14, 551);
INSERT INTO supporting_projects(supporting_project_id, supported_at, delivery_id, payment_id, project_id, user_id) VALUES (552, (SELECT projects.start_date + INTERVAL 19 DAY FROM projects WHERE projects.id=14), 1, 552, 14, 11);
INSERT INTO orders (order_id, created_at, delivery_id, payment_id, supporting_project_id) VALUES (552, (SELECT projects.start_date + INTERVAL 19 DAY FROM projects WHERE projects.id=14), 1, 552, 552);
INSERT INTO supporting_packages(id, option_list, package_count, order_id, project_package_id, supporting_project_id) VALUES (552, '["무대의상"]', 10, 552, 14, 552);
INSERT INTO supporting_projects(supporting_project_id, supported_at, delivery_id, payment_id, project_id, user_id) VALUES (553, (SELECT projects.start_date + INTERVAL 40 DAY FROM projects WHERE projects.id=14), 1, 553, 14, 29);
INSERT INTO orders (order_id, created_at, delivery_id, payment_id, supporting_project_id) VALUES (553, (SELECT projects.start_date + INTERVAL 40 DAY FROM projects WHERE projects.id=14), 1, 553, 553);
INSERT INTO supporting_packages(id, option_list, package_count, order_id, project_package_id, supporting_project_id) VALUES (553, '["무대의상"]', 10, 553, 14, 553);
INSERT INTO supporting_projects(supporting_project_id, supported_at, delivery_id, payment_id, project_id, user_id) VALUES (554, (SELECT projects.start_date + INTERVAL 44 DAY FROM projects WHERE projects.id=15), 1, 554, 15, 25);
INSERT INTO orders (order_id, created_at, delivery_id, payment_id, supporting_project_id) VALUES (554, (SELECT projects.start_date + INTERVAL 44 DAY FROM projects WHERE projects.id=15), 1, 554, 554);
INSERT INTO supporting_packages(id, option_list, package_count, order_id, project_package_id, supporting_project_id) VALUES (554, '["90년대"]', 4, 554, 15, 554);
INSERT INTO supporting_projects(supporting_project_id, supported_at, delivery_id, payment_id, project_id, user_id) VALUES (555, (SELECT projects.start_date + INTERVAL 4 DAY FROM projects WHERE projects.id=15), 1, 555, 15, 26);
INSERT INTO orders (order_id, created_at, delivery_id, payment_id, supporting_project_id) VALUES (555, (SELECT projects.start_date + INTERVAL 4 DAY FROM projects WHERE projects.id=15), 1, 555, 555);
INSERT INTO supporting_packages(id, option_list, package_count, order_id, project_package_id, supporting_project_id) VALUES (555, '["현재"]', 4, 555, 15, 555);
INSERT INTO supporting_projects(supporting_project_id, supported_at, delivery_id, payment_id, project_id, user_id) VALUES (556, (SELECT projects.start_date + INTERVAL 1 DAY FROM projects WHERE projects.id=15), 1, 556, 15, 27);
INSERT INTO orders (order_id, created_at, delivery_id, payment_id, supporting_project_id) VALUES (556, (SELECT projects.start_date + INTERVAL 1 DAY FROM projects WHERE projects.id=15), 1, 556, 556);
INSERT INTO supporting_packages(id, option_list, package_count, order_id, project_package_id, supporting_project_id) VALUES (556, '["현재"]', 8, 556, 15, 556);
INSERT INTO supporting_projects(supporting_project_id, supported_at, delivery_id, payment_id, project_id, user_id) VALUES (557, (SELECT projects.start_date + INTERVAL 9 DAY FROM projects WHERE projects.id=15), 1, 557, 15, 15);
INSERT INTO orders (order_id, created_at, delivery_id, payment_id, supporting_project_id) VALUES (557, (SELECT projects.start_date + INTERVAL 9 DAY FROM projects WHERE projects.id=15), 1, 557, 557);
INSERT INTO supporting_packages(id, option_list, package_count, order_id, project_package_id, supporting_project_id) VALUES (557, '["90년대"]', 3, 557, 15, 557);
INSERT INTO supporting_projects(supporting_project_id, supported_at, delivery_id, payment_id, project_id, user_id) VALUES (558, (SELECT projects.start_date + INTERVAL 46 DAY FROM projects WHERE projects.id=15), 1, 558, 15, 31);
INSERT INTO orders (order_id, created_at, delivery_id, payment_id, supporting_project_id) VALUES (558, (SELECT projects.start_date + INTERVAL 46 DAY FROM projects WHERE projects.id=15), 1, 558, 558);
INSERT INTO supporting_packages(id, option_list, package_count, order_id, project_package_id, supporting_project_id) VALUES (558, '["60년대"]', 8, 558, 15, 558);
INSERT INTO supporting_projects(supporting_project_id, supported_at, delivery_id, payment_id, project_id, user_id) VALUES (559, (SELECT projects.start_date + INTERVAL 39 DAY FROM projects WHERE projects.id=15), 1, 559, 15, 28);
INSERT INTO orders (order_id, created_at, delivery_id, payment_id, supporting_project_id) VALUES (559, (SELECT projects.start_date + INTERVAL 39 DAY FROM projects WHERE projects.id=15), 1, 559, 559);
INSERT INTO supporting_packages(id, option_list, package_count, order_id, project_package_id, supporting_project_id) VALUES (559, '["60년대"]', 5, 559, 15, 559);
INSERT INTO supporting_projects(supporting_project_id, supported_at, delivery_id, payment_id, project_id, user_id) VALUES (560, (SELECT projects.start_date + INTERVAL 36 DAY FROM projects WHERE projects.id=15), 1, 560, 15, 22);
INSERT INTO orders (order_id, created_at, delivery_id, payment_id, supporting_project_id) VALUES (560, (SELECT projects.start_date + INTERVAL 36 DAY FROM projects WHERE projects.id=15), 1, 560, 560);
INSERT INTO supporting_packages(id, option_list, package_count, order_id, project_package_id, supporting_project_id) VALUES (560, '["60년대"]', 9, 560, 15, 560);
INSERT INTO supporting_projects(supporting_project_id, supported_at, delivery_id, payment_id, project_id, user_id) VALUES (561, (SELECT projects.start_date + INTERVAL 26 DAY FROM projects WHERE projects.id=15), 1, 561, 15, 23);
INSERT INTO orders (order_id, created_at, delivery_id, payment_id, supporting_project_id) VALUES (561, (SELECT projects.start_date + INTERVAL 26 DAY FROM projects WHERE projects.id=15), 1, 561, 561);
INSERT INTO supporting_packages(id, option_list, package_count, order_id, project_package_id, supporting_project_id) VALUES (561, '["현재"]', 1, 561, 15, 561);
INSERT INTO supporting_projects(supporting_project_id, supported_at, delivery_id, payment_id, project_id, user_id) VALUES (562, (SELECT projects.start_date + INTERVAL 16 DAY FROM projects WHERE projects.id=15), 1, 562, 15, 6);
INSERT INTO orders (order_id, created_at, delivery_id, payment_id, supporting_project_id) VALUES (562, (SELECT projects.start_date + INTERVAL 16 DAY FROM projects WHERE projects.id=15), 1, 562, 562);
INSERT INTO supporting_packages(id, option_list, package_count, order_id, project_package_id, supporting_project_id) VALUES (562, '["60년대"]', 8, 562, 15, 562);
INSERT INTO supporting_projects(supporting_project_id, supported_at, delivery_id, payment_id, project_id, user_id) VALUES (563, (SELECT projects.start_date + INTERVAL 26 DAY FROM projects WHERE projects.id=15), 1, 563, 15, 30);
INSERT INTO orders (order_id, created_at, delivery_id, payment_id, supporting_project_id) VALUES (563, (SELECT projects.start_date + INTERVAL 26 DAY FROM projects WHERE projects.id=15), 1, 563, 563);
INSERT INTO supporting_packages(id, option_list, package_count, order_id, project_package_id, supporting_project_id) VALUES (563, '["60년대"]', 7, 563, 15, 563);
INSERT INTO supporting_projects(supporting_project_id, supported_at, delivery_id, payment_id, project_id, user_id) VALUES (564, (SELECT projects.start_date + INTERVAL 9 DAY FROM projects WHERE projects.id=15), 1, 564, 15, 16);
INSERT INTO orders (order_id, created_at, delivery_id, payment_id, supporting_project_id) VALUES (564, (SELECT projects.start_date + INTERVAL 9 DAY FROM projects WHERE projects.id=15), 1, 564, 564);
INSERT INTO supporting_packages(id, option_list, package_count, order_id, project_package_id, supporting_project_id) VALUES (564, '["60년대"]', 8, 564, 15, 564);
INSERT INTO supporting_projects(supporting_project_id, supported_at, delivery_id, payment_id, project_id, user_id) VALUES (565, (SELECT projects.start_date + INTERVAL 42 DAY FROM projects WHERE projects.id=15), 1, 565, 15, 18);
INSERT INTO orders (order_id, created_at, delivery_id, payment_id, supporting_project_id) VALUES (565, (SELECT projects.start_date + INTERVAL 42 DAY FROM projects WHERE projects.id=15), 1, 565, 565);
INSERT INTO supporting_packages(id, option_list, package_count, order_id, project_package_id, supporting_project_id) VALUES (565, '["90년대"]', 7, 565, 15, 565);
INSERT INTO supporting_projects(supporting_project_id, supported_at, delivery_id, payment_id, project_id, user_id) VALUES (566, (SELECT projects.start_date + INTERVAL 44 DAY FROM projects WHERE projects.id=15), 1, 566, 15, 21);
INSERT INTO orders (order_id, created_at, delivery_id, payment_id, supporting_project_id) VALUES (566, (SELECT projects.start_date + INTERVAL 44 DAY FROM projects WHERE projects.id=15), 1, 566, 566);
INSERT INTO supporting_packages(id, option_list, package_count, order_id, project_package_id, supporting_project_id) VALUES (566, '["현재"]', 4, 566, 15, 566);
INSERT INTO supporting_projects(supporting_project_id, supported_at, delivery_id, payment_id, project_id, user_id) VALUES (567, (SELECT projects.start_date + INTERVAL 4 DAY FROM projects WHERE projects.id=15), 1, 567, 15, 32);
INSERT INTO orders (order_id, created_at, delivery_id, payment_id, supporting_project_id) VALUES (567, (SELECT projects.start_date + INTERVAL 4 DAY FROM projects WHERE projects.id=15), 1, 567, 567);
INSERT INTO supporting_packages(id, option_list, package_count, order_id, project_package_id, supporting_project_id) VALUES (567, '["현재"]', 7, 567, 15, 567);
INSERT INTO supporting_projects(supporting_project_id, supported_at, delivery_id, payment_id, project_id, user_id) VALUES (568, (SELECT projects.start_date + INTERVAL 24 DAY FROM projects WHERE projects.id=15), 1, 568, 15, 1);
INSERT INTO orders (order_id, created_at, delivery_id, payment_id, supporting_project_id) VALUES (568, (SELECT projects.start_date + INTERVAL 24 DAY FROM projects WHERE projects.id=15), 1, 568, 568);
INSERT INTO supporting_packages(id, option_list, package_count, order_id, project_package_id, supporting_project_id) VALUES (568, '["90년대"]', 4, 568, 15, 568);
INSERT INTO supporting_projects(supporting_project_id, supported_at, delivery_id, payment_id, project_id, user_id) VALUES (569, (SELECT projects.start_date + INTERVAL 30 DAY FROM projects WHERE projects.id=15), 1, 569, 15, 33);
INSERT INTO orders (order_id, created_at, delivery_id, payment_id, supporting_project_id) VALUES (569, (SELECT projects.start_date + INTERVAL 30 DAY FROM projects WHERE projects.id=15), 1, 569, 569);
INSERT INTO supporting_packages(id, option_list, package_count, order_id, project_package_id, supporting_project_id) VALUES (569, '["현재"]', 6, 569, 15, 569);
INSERT INTO supporting_projects(supporting_project_id, supported_at, delivery_id, payment_id, project_id, user_id) VALUES (570, (SELECT projects.start_date + INTERVAL 33 DAY FROM projects WHERE projects.id=15), 1, 570, 15, 11);
INSERT INTO orders (order_id, created_at, delivery_id, payment_id, supporting_project_id) VALUES (570, (SELECT projects.start_date + INTERVAL 33 DAY FROM projects WHERE projects.id=15), 1, 570, 570);
INSERT INTO supporting_packages(id, option_list, package_count, order_id, project_package_id, supporting_project_id) VALUES (570, '["60년대"]', 6, 570, 15, 570);
INSERT INTO supporting_projects(supporting_project_id, supported_at, delivery_id, payment_id, project_id, user_id) VALUES (571, (SELECT projects.start_date + INTERVAL 25 DAY FROM projects WHERE projects.id=15), 1, 571, 15, 20);
INSERT INTO orders (order_id, created_at, delivery_id, payment_id, supporting_project_id) VALUES (571, (SELECT projects.start_date + INTERVAL 25 DAY FROM projects WHERE projects.id=15), 1, 571, 571);
INSERT INTO supporting_packages(id, option_list, package_count, order_id, project_package_id, supporting_project_id) VALUES (571, '["90년대"]', 2, 571, 15, 571);
INSERT INTO supporting_projects(supporting_project_id, supported_at, delivery_id, payment_id, project_id, user_id) VALUES (572, (SELECT projects.start_date + INTERVAL 42 DAY FROM projects WHERE projects.id=15), 1, 572, 15, 13);
INSERT INTO orders (order_id, created_at, delivery_id, payment_id, supporting_project_id) VALUES (572, (SELECT projects.start_date + INTERVAL 42 DAY FROM projects WHERE projects.id=15), 1, 572, 572);
INSERT INTO supporting_packages(id, option_list, package_count, order_id, project_package_id, supporting_project_id) VALUES (572, '["현재"]', 7, 572, 15, 572);
INSERT INTO supporting_projects(supporting_project_id, supported_at, delivery_id, payment_id, project_id, user_id) VALUES (573, (SELECT projects.start_date + INTERVAL 23 DAY FROM projects WHERE projects.id=15), 1, 573, 15, 10);
INSERT INTO orders (order_id, created_at, delivery_id, payment_id, supporting_project_id) VALUES (573, (SELECT projects.start_date + INTERVAL 23 DAY FROM projects WHERE projects.id=15), 1, 573, 573);
INSERT INTO supporting_packages(id, option_list, package_count, order_id, project_package_id, supporting_project_id) VALUES (573, '["90년대"]', 6, 573, 15, 573);
INSERT INTO supporting_projects(supporting_project_id, supported_at, delivery_id, payment_id, project_id, user_id) VALUES (574, (SELECT projects.start_date + INTERVAL 39 DAY FROM projects WHERE projects.id=15), 1, 574, 15, 13);
INSERT INTO orders (order_id, created_at, delivery_id, payment_id, supporting_project_id) VALUES (574, (SELECT projects.start_date + INTERVAL 39 DAY FROM projects WHERE projects.id=15), 1, 574, 574);
INSERT INTO supporting_packages(id, option_list, package_count, order_id, project_package_id, supporting_project_id) VALUES (574, '["90년대"]', 8, 574, 15, 574);
INSERT INTO supporting_projects(supporting_project_id, supported_at, delivery_id, payment_id, project_id, user_id) VALUES (575, (SELECT projects.start_date + INTERVAL 3 DAY FROM projects WHERE projects.id=15), 1, 575, 15, 26);
INSERT INTO orders (order_id, created_at, delivery_id, payment_id, supporting_project_id) VALUES (575, (SELECT projects.start_date + INTERVAL 3 DAY FROM projects WHERE projects.id=15), 1, 575, 575);
INSERT INTO supporting_packages(id, option_list, package_count, order_id, project_package_id, supporting_project_id) VALUES (575, '["60년대"]', 8, 575, 15, 575);
INSERT INTO supporting_projects(supporting_project_id, supported_at, delivery_id, payment_id, project_id, user_id) VALUES (576, (SELECT projects.start_date + INTERVAL 40 DAY FROM projects WHERE projects.id=15), 1, 576, 15, 22);
INSERT INTO orders (order_id, created_at, delivery_id, payment_id, supporting_project_id) VALUES (576, (SELECT projects.start_date + INTERVAL 40 DAY FROM projects WHERE projects.id=15), 1, 576, 576);
INSERT INTO supporting_packages(id, option_list, package_count, order_id, project_package_id, supporting_project_id) VALUES (576, '["60년대"]', 3, 576, 15, 576);
INSERT INTO supporting_projects(supporting_project_id, supported_at, delivery_id, payment_id, project_id, user_id) VALUES (577, (SELECT projects.start_date + INTERVAL 31 DAY FROM projects WHERE projects.id=15), 1, 577, 15, 17);
INSERT INTO orders (order_id, created_at, delivery_id, payment_id, supporting_project_id) VALUES (577, (SELECT projects.start_date + INTERVAL 31 DAY FROM projects WHERE projects.id=15), 1, 577, 577);
INSERT INTO supporting_packages(id, option_list, package_count, order_id, project_package_id, supporting_project_id) VALUES (577, '["90년대"]', 6, 577, 15, 577);
INSERT INTO supporting_projects(supporting_project_id, supported_at, delivery_id, payment_id, project_id, user_id) VALUES (578, (SELECT projects.start_date + INTERVAL 38 DAY FROM projects WHERE projects.id=15), 1, 578, 15, 21);
INSERT INTO orders (order_id, created_at, delivery_id, payment_id, supporting_project_id) VALUES (578, (SELECT projects.start_date + INTERVAL 38 DAY FROM projects WHERE projects.id=15), 1, 578, 578);
INSERT INTO supporting_packages(id, option_list, package_count, order_id, project_package_id, supporting_project_id) VALUES (578, '["90년대"]', 5, 578, 15, 578);
INSERT INTO supporting_projects(supporting_project_id, supported_at, delivery_id, payment_id, project_id, user_id) VALUES (579, (SELECT projects.start_date + INTERVAL 23 DAY FROM projects WHERE projects.id=15), 1, 579, 15, 11);
INSERT INTO orders (order_id, created_at, delivery_id, payment_id, supporting_project_id) VALUES (579, (SELECT projects.start_date + INTERVAL 23 DAY FROM projects WHERE projects.id=15), 1, 579, 579);
INSERT INTO supporting_packages(id, option_list, package_count, order_id, project_package_id, supporting_project_id) VALUES (579, '["60년대"]', 3, 579, 15, 579);
INSERT INTO supporting_projects(supporting_project_id, supported_at, delivery_id, payment_id, project_id, user_id) VALUES (580, (SELECT projects.start_date + INTERVAL 45 DAY FROM projects WHERE projects.id=15), 1, 580, 15, 21);
INSERT INTO orders (order_id, created_at, delivery_id, payment_id, supporting_project_id) VALUES (580, (SELECT projects.start_date + INTERVAL 45 DAY FROM projects WHERE projects.id=15), 1, 580, 580);
INSERT INTO supporting_packages(id, option_list, package_count, order_id, project_package_id, supporting_project_id) VALUES (580, '["90년대"]', 3, 580, 15, 580);
INSERT INTO supporting_projects(supporting_project_id, supported_at, delivery_id, payment_id, project_id, user_id) VALUES (581, (SELECT projects.start_date + INTERVAL 33 DAY FROM projects WHERE projects.id=15), 1, 581, 15, 26);
INSERT INTO orders (order_id, created_at, delivery_id, payment_id, supporting_project_id) VALUES (581, (SELECT projects.start_date + INTERVAL 33 DAY FROM projects WHERE projects.id=15), 1, 581, 581);
INSERT INTO supporting_packages(id, option_list, package_count, order_id, project_package_id, supporting_project_id) VALUES (581, '["현재"]', 10, 581, 15, 581);
INSERT INTO supporting_projects(supporting_project_id, supported_at, delivery_id, payment_id, project_id, user_id) VALUES (582, (SELECT projects.start_date + INTERVAL 1 DAY FROM projects WHERE projects.id=15), 1, 582, 15, 5);
INSERT INTO orders (order_id, created_at, delivery_id, payment_id, supporting_project_id) VALUES (582, (SELECT projects.start_date + INTERVAL 1 DAY FROM projects WHERE projects.id=15), 1, 582, 582);
INSERT INTO supporting_packages(id, option_list, package_count, order_id, project_package_id, supporting_project_id) VALUES (582, '["현재"]', 9, 582, 15, 582);
INSERT INTO supporting_projects(supporting_project_id, supported_at, delivery_id, payment_id, project_id, user_id) VALUES (583, (SELECT projects.start_date + INTERVAL 25 DAY FROM projects WHERE projects.id=15), 1, 583, 15, 28);
INSERT INTO orders (order_id, created_at, delivery_id, payment_id, supporting_project_id) VALUES (583, (SELECT projects.start_date + INTERVAL 25 DAY FROM projects WHERE projects.id=15), 1, 583, 583);
INSERT INTO supporting_packages(id, option_list, package_count, order_id, project_package_id, supporting_project_id) VALUES (583, '["60년대"]', 2, 583, 15, 583);
INSERT INTO supporting_projects(supporting_project_id, supported_at, delivery_id, payment_id, project_id, user_id) VALUES (584, (SELECT projects.start_date + INTERVAL 7 DAY FROM projects WHERE projects.id=15), 1, 584, 15, 39);
INSERT INTO orders (order_id, created_at, delivery_id, payment_id, supporting_project_id) VALUES (584, (SELECT projects.start_date + INTERVAL 7 DAY FROM projects WHERE projects.id=15), 1, 584, 584);
INSERT INTO supporting_packages(id, option_list, package_count, order_id, project_package_id, supporting_project_id) VALUES (584, '["현재"]', 7, 584, 15, 584);
INSERT INTO supporting_projects(supporting_project_id, supported_at, delivery_id, payment_id, project_id, user_id) VALUES (585, (SELECT projects.start_date + INTERVAL 27 DAY FROM projects WHERE projects.id=15), 1, 585, 15, 31);
INSERT INTO orders (order_id, created_at, delivery_id, payment_id, supporting_project_id) VALUES (585, (SELECT projects.start_date + INTERVAL 27 DAY FROM projects WHERE projects.id=15), 1, 585, 585);
INSERT INTO supporting_packages(id, option_list, package_count, order_id, project_package_id, supporting_project_id) VALUES (585, '["60년대"]', 4, 585, 15, 585);
INSERT INTO supporting_projects(supporting_project_id, supported_at, delivery_id, payment_id, project_id, user_id) VALUES (586, (SELECT projects.start_date + INTERVAL 15 DAY FROM projects WHERE projects.id=15), 1, 586, 15, 39);
INSERT INTO orders (order_id, created_at, delivery_id, payment_id, supporting_project_id) VALUES (586, (SELECT projects.start_date + INTERVAL 15 DAY FROM projects WHERE projects.id=15), 1, 586, 586);
INSERT INTO supporting_packages(id, option_list, package_count, order_id, project_package_id, supporting_project_id) VALUES (586, '["90년대"]', 7, 586, 15, 586);
INSERT INTO supporting_projects(supporting_project_id, supported_at, delivery_id, payment_id, project_id, user_id) VALUES (587, (SELECT projects.start_date + INTERVAL 25 DAY FROM projects WHERE projects.id=15), 1, 587, 15, 30);
INSERT INTO orders (order_id, created_at, delivery_id, payment_id, supporting_project_id) VALUES (587, (SELECT projects.start_date + INTERVAL 25 DAY FROM projects WHERE projects.id=15), 1, 587, 587);
INSERT INTO supporting_packages(id, option_list, package_count, order_id, project_package_id, supporting_project_id) VALUES (587, '["90년대"]', 3, 587, 15, 587);
INSERT INTO supporting_projects(supporting_project_id, supported_at, delivery_id, payment_id, project_id, user_id) VALUES (588, (SELECT projects.start_date + INTERVAL 11 DAY FROM projects WHERE projects.id=15), 1, 588, 15, 35);
INSERT INTO orders (order_id, created_at, delivery_id, payment_id, supporting_project_id) VALUES (588, (SELECT projects.start_date + INTERVAL 11 DAY FROM projects WHERE projects.id=15), 1, 588, 588);
INSERT INTO supporting_packages(id, option_list, package_count, order_id, project_package_id, supporting_project_id) VALUES (588, '["90년대"]', 3, 588, 15, 588);
INSERT INTO supporting_projects(supporting_project_id, supported_at, delivery_id, payment_id, project_id, user_id) VALUES (589, (SELECT projects.start_date + INTERVAL 49 DAY FROM projects WHERE projects.id=15), 1, 589, 15, 15);
INSERT INTO orders (order_id, created_at, delivery_id, payment_id, supporting_project_id) VALUES (589, (SELECT projects.start_date + INTERVAL 49 DAY FROM projects WHERE projects.id=15), 1, 589, 589);
INSERT INTO supporting_packages(id, option_list, package_count, order_id, project_package_id, supporting_project_id) VALUES (589, '["90년대"]', 6, 589, 15, 589);
INSERT INTO supporting_projects(supporting_project_id, supported_at, delivery_id, payment_id, project_id, user_id) VALUES (590, (SELECT projects.start_date + INTERVAL 31 DAY FROM projects WHERE projects.id=15), 1, 590, 15, 22);
INSERT INTO orders (order_id, created_at, delivery_id, payment_id, supporting_project_id) VALUES (590, (SELECT projects.start_date + INTERVAL 31 DAY FROM projects WHERE projects.id=15), 1, 590, 590);
INSERT INTO supporting_packages(id, option_list, package_count, order_id, project_package_id, supporting_project_id) VALUES (590, '["60년대"]', 7, 590, 15, 590);
INSERT INTO supporting_projects(supporting_project_id, supported_at, delivery_id, payment_id, project_id, user_id) VALUES (591, (SELECT projects.start_date + INTERVAL 14 DAY FROM projects WHERE projects.id=15), 1, 591, 15, 1);
INSERT INTO orders (order_id, created_at, delivery_id, payment_id, supporting_project_id) VALUES (591, (SELECT projects.start_date + INTERVAL 14 DAY FROM projects WHERE projects.id=15), 1, 591, 591);
INSERT INTO supporting_packages(id, option_list, package_count, order_id, project_package_id, supporting_project_id) VALUES (591, '["90년대"]', 8, 591, 15, 591);
INSERT INTO supporting_projects(supporting_project_id, supported_at, delivery_id, payment_id, project_id, user_id) VALUES (592, (SELECT projects.start_date + INTERVAL 28 DAY FROM projects WHERE projects.id=15), 1, 592, 15, 8);
INSERT INTO orders (order_id, created_at, delivery_id, payment_id, supporting_project_id) VALUES (592, (SELECT projects.start_date + INTERVAL 28 DAY FROM projects WHERE projects.id=15), 1, 592, 592);
INSERT INTO supporting_packages(id, option_list, package_count, order_id, project_package_id, supporting_project_id) VALUES (592, '["60년대"]', 4, 592, 15, 592);
INSERT INTO supporting_projects(supporting_project_id, supported_at, delivery_id, payment_id, project_id, user_id) VALUES (593, (SELECT projects.start_date + INTERVAL 30 DAY FROM projects WHERE projects.id=15), 1, 593, 15, 17);
INSERT INTO orders (order_id, created_at, delivery_id, payment_id, supporting_project_id) VALUES (593, (SELECT projects.start_date + INTERVAL 30 DAY FROM projects WHERE projects.id=15), 1, 593, 593);
INSERT INTO supporting_packages(id, option_list, package_count, order_id, project_package_id, supporting_project_id) VALUES (593, '["90년대"]', 9, 593, 15, 593);
INSERT INTO supporting_projects(supporting_project_id, supported_at, delivery_id, payment_id, project_id, user_id) VALUES (594, (SELECT projects.start_date + INTERVAL 38 DAY FROM projects WHERE projects.id=15), 1, 594, 15, 7);
INSERT INTO orders (order_id, created_at, delivery_id, payment_id, supporting_project_id) VALUES (594, (SELECT projects.start_date + INTERVAL 38 DAY FROM projects WHERE projects.id=15), 1, 594, 594);
INSERT INTO supporting_packages(id, option_list, package_count, order_id, project_package_id, supporting_project_id) VALUES (594, '["90년대"]', 9, 594, 15, 594);
INSERT INTO supporting_projects(supporting_project_id, supported_at, delivery_id, payment_id, project_id, user_id) VALUES (595, (SELECT projects.start_date + INTERVAL 32 DAY FROM projects WHERE projects.id=15), 1, 595, 15, 29);
INSERT INTO orders (order_id, created_at, delivery_id, payment_id, supporting_project_id) VALUES (595, (SELECT projects.start_date + INTERVAL 32 DAY FROM projects WHERE projects.id=15), 1, 595, 595);
INSERT INTO supporting_packages(id, option_list, package_count, order_id, project_package_id, supporting_project_id) VALUES (595, '["90년대"]', 9, 595, 15, 595);
INSERT INTO supporting_projects(supporting_project_id, supported_at, delivery_id, payment_id, project_id, user_id) VALUES (596, (SELECT projects.start_date + INTERVAL 30 DAY FROM projects WHERE projects.id=15), 1, 596, 15, 37);
INSERT INTO orders (order_id, created_at, delivery_id, payment_id, supporting_project_id) VALUES (596, (SELECT projects.start_date + INTERVAL 30 DAY FROM projects WHERE projects.id=15), 1, 596, 596);
INSERT INTO supporting_packages(id, option_list, package_count, order_id, project_package_id, supporting_project_id) VALUES (596, '["현재"]', 8, 596, 15, 596);
INSERT INTO supporting_projects(supporting_project_id, supported_at, delivery_id, payment_id, project_id, user_id) VALUES (597, (SELECT projects.start_date + INTERVAL 25 DAY FROM projects WHERE projects.id=15), 1, 597, 15, 7);
INSERT INTO orders (order_id, created_at, delivery_id, payment_id, supporting_project_id) VALUES (597, (SELECT projects.start_date + INTERVAL 25 DAY FROM projects WHERE projects.id=15), 1, 597, 597);
INSERT INTO supporting_packages(id, option_list, package_count, order_id, project_package_id, supporting_project_id) VALUES (597, '["현재"]', 8, 597, 15, 597);
INSERT INTO supporting_projects(supporting_project_id, supported_at, delivery_id, payment_id, project_id, user_id) VALUES (598, (SELECT projects.start_date + INTERVAL 50 DAY FROM projects WHERE projects.id=15), 1, 598, 15, 1);
INSERT INTO orders (order_id, created_at, delivery_id, payment_id, supporting_project_id) VALUES (598, (SELECT projects.start_date + INTERVAL 50 DAY FROM projects WHERE projects.id=15), 1, 598, 598);
INSERT INTO supporting_packages(id, option_list, package_count, order_id, project_package_id, supporting_project_id) VALUES (598, '["90년대"]', 10, 598, 15, 598);
INSERT INTO supporting_projects(supporting_project_id, supported_at, delivery_id, payment_id, project_id, user_id) VALUES (599, (SELECT projects.start_date + INTERVAL 1 DAY FROM projects WHERE projects.id=15), 1, 599, 15, 16);
INSERT INTO orders (order_id, created_at, delivery_id, payment_id, supporting_project_id) VALUES (599, (SELECT projects.start_date + INTERVAL 1 DAY FROM projects WHERE projects.id=15), 1, 599, 599);
INSERT INTO supporting_packages(id, option_list, package_count, order_id, project_package_id, supporting_project_id) VALUES (599, '["60년대"]', 3, 599, 15, 599);
INSERT INTO supporting_projects(supporting_project_id, supported_at, delivery_id, payment_id, project_id, user_id) VALUES (600, (SELECT projects.start_date + INTERVAL 25 DAY FROM projects WHERE projects.id=15), 1, 600, 15, 30);
INSERT INTO orders (order_id, created_at, delivery_id, payment_id, supporting_project_id) VALUES (600, (SELECT projects.start_date + INTERVAL 25 DAY FROM projects WHERE projects.id=15), 1, 600, 600);
INSERT INTO supporting_packages(id, option_list, package_count, order_id, project_package_id, supporting_project_id) VALUES (600, '["60년대"]', 2, 600, 15, 600);
INSERT INTO supporting_projects(supporting_project_id, supported_at, delivery_id, payment_id, project_id, user_id) VALUES (601, (SELECT projects.start_date + INTERVAL 15 DAY FROM projects WHERE projects.id=15), 1, 601, 15, 12);
INSERT INTO orders (order_id, created_at, delivery_id, payment_id, supporting_project_id) VALUES (601, (SELECT projects.start_date + INTERVAL 15 DAY FROM projects WHERE projects.id=15), 1, 601, 601);
INSERT INTO supporting_packages(id, option_list, package_count, order_id, project_package_id, supporting_project_id) VALUES (601, '["90년대"]', 9, 601, 15, 601);
INSERT INTO supporting_projects(supporting_project_id, supported_at, delivery_id, payment_id, project_id, user_id) VALUES (602, (SELECT projects.start_date + INTERVAL 18 DAY FROM projects WHERE projects.id=15), 1, 602, 15, 36);
INSERT INTO orders (order_id, created_at, delivery_id, payment_id, supporting_project_id) VALUES (602, (SELECT projects.start_date + INTERVAL 18 DAY FROM projects WHERE projects.id=15), 1, 602, 602);
INSERT INTO supporting_packages(id, option_list, package_count, order_id, project_package_id, supporting_project_id) VALUES (602, '["90년대"]', 2, 602, 15, 602);
INSERT INTO supporting_projects(supporting_project_id, supported_at, delivery_id, payment_id, project_id, user_id) VALUES (603, (SELECT projects.start_date + INTERVAL 39 DAY FROM projects WHERE projects.id=15), 1, 603, 15, 6);
INSERT INTO orders (order_id, created_at, delivery_id, payment_id, supporting_project_id) VALUES (603, (SELECT projects.start_date + INTERVAL 39 DAY FROM projects WHERE projects.id=15), 1, 603, 603);
INSERT INTO supporting_packages(id, option_list, package_count, order_id, project_package_id, supporting_project_id) VALUES (603, '["현재"]', 8, 603, 15, 603);
INSERT INTO supporting_projects(supporting_project_id, supported_at, delivery_id, payment_id, project_id, user_id) VALUES (604, (SELECT projects.start_date + INTERVAL 5 DAY FROM projects WHERE projects.id=15), 1, 604, 15, 39);
INSERT INTO orders (order_id, created_at, delivery_id, payment_id, supporting_project_id) VALUES (604, (SELECT projects.start_date + INTERVAL 5 DAY FROM projects WHERE projects.id=15), 1, 604, 604);
INSERT INTO supporting_packages(id, option_list, package_count, order_id, project_package_id, supporting_project_id) VALUES (604, '["60년대"]', 10, 604, 15, 604);
INSERT INTO supporting_projects(supporting_project_id, supported_at, delivery_id, payment_id, project_id, user_id) VALUES (605, (SELECT projects.start_date + INTERVAL 35 DAY FROM projects WHERE projects.id=15), 1, 605, 15, 20);
INSERT INTO orders (order_id, created_at, delivery_id, payment_id, supporting_project_id) VALUES (605, (SELECT projects.start_date + INTERVAL 35 DAY FROM projects WHERE projects.id=15), 1, 605, 605);
INSERT INTO supporting_packages(id, option_list, package_count, order_id, project_package_id, supporting_project_id) VALUES (605, '["60년대"]', 4, 605, 15, 605);
INSERT INTO supporting_projects(supporting_project_id, supported_at, delivery_id, payment_id, project_id, user_id) VALUES (606, (SELECT projects.start_date + INTERVAL 4 DAY FROM projects WHERE projects.id=15), 1, 606, 15, 21);
INSERT INTO orders (order_id, created_at, delivery_id, payment_id, supporting_project_id) VALUES (606, (SELECT projects.start_date + INTERVAL 4 DAY FROM projects WHERE projects.id=15), 1, 606, 606);
INSERT INTO supporting_packages(id, option_list, package_count, order_id, project_package_id, supporting_project_id) VALUES (606, '["90년대"]', 6, 606, 15, 606);
INSERT INTO supporting_projects(supporting_project_id, supported_at, delivery_id, payment_id, project_id, user_id) VALUES (607, (SELECT projects.start_date + INTERVAL 26 DAY FROM projects WHERE projects.id=15), 1, 607, 15, 5);
INSERT INTO orders (order_id, created_at, delivery_id, payment_id, supporting_project_id) VALUES (607, (SELECT projects.start_date + INTERVAL 26 DAY FROM projects WHERE projects.id=15), 1, 607, 607);
INSERT INTO supporting_packages(id, option_list, package_count, order_id, project_package_id, supporting_project_id) VALUES (607, '["60년대"]', 9, 607, 15, 607);
INSERT INTO supporting_projects(supporting_project_id, supported_at, delivery_id, payment_id, project_id, user_id) VALUES (608, (SELECT projects.start_date + INTERVAL 32 DAY FROM projects WHERE projects.id=15), 1, 608, 15, 22);
INSERT INTO orders (order_id, created_at, delivery_id, payment_id, supporting_project_id) VALUES (608, (SELECT projects.start_date + INTERVAL 32 DAY FROM projects WHERE projects.id=15), 1, 608, 608);
INSERT INTO supporting_packages(id, option_list, package_count, order_id, project_package_id, supporting_project_id) VALUES (608, '["60년대"]', 3, 608, 15, 608);
INSERT INTO supporting_projects(supporting_project_id, supported_at, delivery_id, payment_id, project_id, user_id) VALUES (609, (SELECT projects.start_date + INTERVAL 25 DAY FROM projects WHERE projects.id=15), 1, 609, 15, 30);
INSERT INTO orders (order_id, created_at, delivery_id, payment_id, supporting_project_id) VALUES (609, (SELECT projects.start_date + INTERVAL 25 DAY FROM projects WHERE projects.id=15), 1, 609, 609);
INSERT INTO supporting_packages(id, option_list, package_count, order_id, project_package_id, supporting_project_id) VALUES (609, '["60년대"]', 9, 609, 15, 609);
INSERT INTO supporting_projects(supporting_project_id, supported_at, delivery_id, payment_id, project_id, user_id) VALUES (610, (SELECT projects.start_date + INTERVAL 29 DAY FROM projects WHERE projects.id=15), 1, 610, 15, 38);
INSERT INTO orders (order_id, created_at, delivery_id, payment_id, supporting_project_id) VALUES (610, (SELECT projects.start_date + INTERVAL 29 DAY FROM projects WHERE projects.id=15), 1, 610, 610);
INSERT INTO supporting_packages(id, option_list, package_count, order_id, project_package_id, supporting_project_id) VALUES (610, '["현재"]', 7, 610, 15, 610);
INSERT INTO supporting_projects(supporting_project_id, supported_at, delivery_id, payment_id, project_id, user_id) VALUES (611, (SELECT projects.start_date + INTERVAL 40 DAY FROM projects WHERE projects.id=15), 1, 611, 15, 24);
INSERT INTO orders (order_id, created_at, delivery_id, payment_id, supporting_project_id) VALUES (611, (SELECT projects.start_date + INTERVAL 40 DAY FROM projects WHERE projects.id=15), 1, 611, 611);
INSERT INTO supporting_packages(id, option_list, package_count, order_id, project_package_id, supporting_project_id) VALUES (611, '["60년대"]', 2, 611, 15, 611);
INSERT INTO supporting_projects(supporting_project_id, supported_at, delivery_id, payment_id, project_id, user_id) VALUES (612, (SELECT projects.start_date + INTERVAL 27 DAY FROM projects WHERE projects.id=15), 1, 612, 15, 26);
INSERT INTO orders (order_id, created_at, delivery_id, payment_id, supporting_project_id) VALUES (612, (SELECT projects.start_date + INTERVAL 27 DAY FROM projects WHERE projects.id=15), 1, 612, 612);
INSERT INTO supporting_packages(id, option_list, package_count, order_id, project_package_id, supporting_project_id) VALUES (612, '["90년대"]', 4, 612, 15, 612);
INSERT INTO supporting_projects(supporting_project_id, supported_at, delivery_id, payment_id, project_id, user_id) VALUES (613, (SELECT projects.start_date + INTERVAL 2 DAY FROM projects WHERE projects.id=15), 1, 613, 15, 19);
INSERT INTO orders (order_id, created_at, delivery_id, payment_id, supporting_project_id) VALUES (613, (SELECT projects.start_date + INTERVAL 2 DAY FROM projects WHERE projects.id=15), 1, 613, 613);
INSERT INTO supporting_packages(id, option_list, package_count, order_id, project_package_id, supporting_project_id) VALUES (613, '["현재"]', 4, 613, 15, 613);
INSERT INTO supporting_projects(supporting_project_id, supported_at, delivery_id, payment_id, project_id, user_id) VALUES (614, (SELECT projects.start_date + INTERVAL 25 DAY FROM projects WHERE projects.id=15), 1, 614, 15, 23);
INSERT INTO orders (order_id, created_at, delivery_id, payment_id, supporting_project_id) VALUES (614, (SELECT projects.start_date + INTERVAL 25 DAY FROM projects WHERE projects.id=15), 1, 614, 614);
INSERT INTO supporting_packages(id, option_list, package_count, order_id, project_package_id, supporting_project_id) VALUES (614, '["90년대"]', 2, 614, 15, 614);
INSERT INTO supporting_projects(supporting_project_id, supported_at, delivery_id, payment_id, project_id, user_id) VALUES (615, (SELECT projects.start_date + INTERVAL 38 DAY FROM projects WHERE projects.id=15), 1, 615, 15, 27);
INSERT INTO orders (order_id, created_at, delivery_id, payment_id, supporting_project_id) VALUES (615, (SELECT projects.start_date + INTERVAL 38 DAY FROM projects WHERE projects.id=15), 1, 615, 615);
INSERT INTO supporting_packages(id, option_list, package_count, order_id, project_package_id, supporting_project_id) VALUES (615, '["현재"]', 2, 615, 15, 615);
INSERT INTO supporting_projects(supporting_project_id, supported_at, delivery_id, payment_id, project_id, user_id) VALUES (616, (SELECT projects.start_date + INTERVAL 14 DAY FROM projects WHERE projects.id=15), 1, 616, 15, 37);
INSERT INTO orders (order_id, created_at, delivery_id, payment_id, supporting_project_id) VALUES (616, (SELECT projects.start_date + INTERVAL 14 DAY FROM projects WHERE projects.id=15), 1, 616, 616);
INSERT INTO supporting_packages(id, option_list, package_count, order_id, project_package_id, supporting_project_id) VALUES (616, '["90년대"]', 5, 616, 15, 616);
INSERT INTO supporting_projects(supporting_project_id, supported_at, delivery_id, payment_id, project_id, user_id) VALUES (617, (SELECT projects.start_date + INTERVAL 10 DAY FROM projects WHERE projects.id=15), 1, 617, 15, 40);
INSERT INTO orders (order_id, created_at, delivery_id, payment_id, supporting_project_id) VALUES (617, (SELECT projects.start_date + INTERVAL 10 DAY FROM projects WHERE projects.id=15), 1, 617, 617);
INSERT INTO supporting_packages(id, option_list, package_count, order_id, project_package_id, supporting_project_id) VALUES (617, '["현재"]', 6, 617, 15, 617);
INSERT INTO supporting_projects(supporting_project_id, supported_at, delivery_id, payment_id, project_id, user_id) VALUES (618, (SELECT projects.start_date + INTERVAL 16 DAY FROM projects WHERE projects.id=15), 1, 618, 15, 17);
INSERT INTO orders (order_id, created_at, delivery_id, payment_id, supporting_project_id) VALUES (618, (SELECT projects.start_date + INTERVAL 16 DAY FROM projects WHERE projects.id=15), 1, 618, 618);
INSERT INTO supporting_packages(id, option_list, package_count, order_id, project_package_id, supporting_project_id) VALUES (618, '["90년대"]', 2, 618, 15, 618);
INSERT INTO supporting_projects(supporting_project_id, supported_at, delivery_id, payment_id, project_id, user_id) VALUES (619, (SELECT projects.start_date + INTERVAL 8 DAY FROM projects WHERE projects.id=15), 1, 619, 15, 21);
INSERT INTO orders (order_id, created_at, delivery_id, payment_id, supporting_project_id) VALUES (619, (SELECT projects.start_date + INTERVAL 8 DAY FROM projects WHERE projects.id=15), 1, 619, 619);
INSERT INTO supporting_packages(id, option_list, package_count, order_id, project_package_id, supporting_project_id) VALUES (619, '["60년대"]', 3, 619, 15, 619);
INSERT INTO supporting_projects(supporting_project_id, supported_at, delivery_id, payment_id, project_id, user_id) VALUES (620, (SELECT projects.start_date + INTERVAL 1 DAY FROM projects WHERE projects.id=15), 1, 620, 15, 19);
INSERT INTO orders (order_id, created_at, delivery_id, payment_id, supporting_project_id) VALUES (620, (SELECT projects.start_date + INTERVAL 1 DAY FROM projects WHERE projects.id=15), 1, 620, 620);
INSERT INTO supporting_packages(id, option_list, package_count, order_id, project_package_id, supporting_project_id) VALUES (620, '["현재"]', 7, 620, 15, 620);
INSERT INTO supporting_projects(supporting_project_id, supported_at, delivery_id, payment_id, project_id, user_id) VALUES (621, (SELECT projects.start_date + INTERVAL 27 DAY FROM projects WHERE projects.id=15), 1, 621, 15, 35);
INSERT INTO orders (order_id, created_at, delivery_id, payment_id, supporting_project_id) VALUES (621, (SELECT projects.start_date + INTERVAL 27 DAY FROM projects WHERE projects.id=15), 1, 621, 621);
INSERT INTO supporting_packages(id, option_list, package_count, order_id, project_package_id, supporting_project_id) VALUES (621, '["현재"]', 6, 621, 15, 621);
INSERT INTO supporting_projects(supporting_project_id, supported_at, delivery_id, payment_id, project_id, user_id) VALUES (622, (SELECT projects.start_date + INTERVAL 37 DAY FROM projects WHERE projects.id=15), 1, 622, 15, 2);
INSERT INTO orders (order_id, created_at, delivery_id, payment_id, supporting_project_id) VALUES (622, (SELECT projects.start_date + INTERVAL 37 DAY FROM projects WHERE projects.id=15), 1, 622, 622);
INSERT INTO supporting_packages(id, option_list, package_count, order_id, project_package_id, supporting_project_id) VALUES (622, '["현재"]', 8, 622, 15, 622);
INSERT INTO supporting_projects(supporting_project_id, supported_at, delivery_id, payment_id, project_id, user_id) VALUES (623, (SELECT projects.start_date + INTERVAL 11 DAY FROM projects WHERE projects.id=15), 1, 623, 15, 27);
INSERT INTO orders (order_id, created_at, delivery_id, payment_id, supporting_project_id) VALUES (623, (SELECT projects.start_date + INTERVAL 11 DAY FROM projects WHERE projects.id=15), 1, 623, 623);
INSERT INTO supporting_packages(id, option_list, package_count, order_id, project_package_id, supporting_project_id) VALUES (623, '["60년대"]', 2, 623, 15, 623);
INSERT INTO supporting_projects(supporting_project_id, supported_at, delivery_id, payment_id, project_id, user_id) VALUES (624, (SELECT projects.start_date + INTERVAL 22 DAY FROM projects WHERE projects.id=15), 1, 624, 15, 38);
INSERT INTO orders (order_id, created_at, delivery_id, payment_id, supporting_project_id) VALUES (624, (SELECT projects.start_date + INTERVAL 22 DAY FROM projects WHERE projects.id=15), 1, 624, 624);
INSERT INTO supporting_packages(id, option_list, package_count, order_id, project_package_id, supporting_project_id) VALUES (624, '["60년대"]', 7, 624, 15, 624);
INSERT INTO supporting_projects(supporting_project_id, supported_at, delivery_id, payment_id, project_id, user_id) VALUES (625, (SELECT projects.start_date + INTERVAL 48 DAY FROM projects WHERE projects.id=15), 1, 625, 15, 19);
INSERT INTO orders (order_id, created_at, delivery_id, payment_id, supporting_project_id) VALUES (625, (SELECT projects.start_date + INTERVAL 48 DAY FROM projects WHERE projects.id=15), 1, 625, 625);
INSERT INTO supporting_packages(id, option_list, package_count, order_id, project_package_id, supporting_project_id) VALUES (625, '["60년대"]', 5, 625, 15, 625);
INSERT INTO supporting_projects(supporting_project_id, supported_at, delivery_id, payment_id, project_id, user_id) VALUES (626, (SELECT projects.start_date + INTERVAL 6 DAY FROM projects WHERE projects.id=15), 1, 626, 15, 12);
INSERT INTO orders (order_id, created_at, delivery_id, payment_id, supporting_project_id) VALUES (626, (SELECT projects.start_date + INTERVAL 6 DAY FROM projects WHERE projects.id=15), 1, 626, 626);
INSERT INTO supporting_packages(id, option_list, package_count, order_id, project_package_id, supporting_project_id) VALUES (626, '["90년대"]', 6, 626, 15, 626);
INSERT INTO supporting_projects(supporting_project_id, supported_at, delivery_id, payment_id, project_id, user_id) VALUES (627, (SELECT projects.start_date + INTERVAL 34 DAY FROM projects WHERE projects.id=15), 1, 627, 15, 3);
INSERT INTO orders (order_id, created_at, delivery_id, payment_id, supporting_project_id) VALUES (627, (SELECT projects.start_date + INTERVAL 34 DAY FROM projects WHERE projects.id=15), 1, 627, 627);
INSERT INTO supporting_packages(id, option_list, package_count, order_id, project_package_id, supporting_project_id) VALUES (627, '["60년대"]', 2, 627, 15, 627);
INSERT INTO supporting_projects(supporting_project_id, supported_at, delivery_id, payment_id, project_id, user_id) VALUES (628, (SELECT projects.start_date + INTERVAL 47 DAY FROM projects WHERE projects.id=15), 1, 628, 15, 27);
INSERT INTO orders (order_id, created_at, delivery_id, payment_id, supporting_project_id) VALUES (628, (SELECT projects.start_date + INTERVAL 47 DAY FROM projects WHERE projects.id=15), 1, 628, 628);
INSERT INTO supporting_packages(id, option_list, package_count, order_id, project_package_id, supporting_project_id) VALUES (628, '["60년대"]', 9, 628, 15, 628);
INSERT INTO supporting_projects(supporting_project_id, supported_at, delivery_id, payment_id, project_id, user_id) VALUES (629, (SELECT projects.start_date + INTERVAL 46 DAY FROM projects WHERE projects.id=15), 1, 629, 15, 3);
INSERT INTO orders (order_id, created_at, delivery_id, payment_id, supporting_project_id) VALUES (629, (SELECT projects.start_date + INTERVAL 46 DAY FROM projects WHERE projects.id=15), 1, 629, 629);
INSERT INTO supporting_packages(id, option_list, package_count, order_id, project_package_id, supporting_project_id) VALUES (629, '["현재"]', 8, 629, 15, 629);
INSERT INTO supporting_projects(supporting_project_id, supported_at, delivery_id, payment_id, project_id, user_id) VALUES (630, (SELECT projects.start_date + INTERVAL 34 DAY FROM projects WHERE projects.id=15), 1, 630, 15, 30);
INSERT INTO orders (order_id, created_at, delivery_id, payment_id, supporting_project_id) VALUES (630, (SELECT projects.start_date + INTERVAL 34 DAY FROM projects WHERE projects.id=15), 1, 630, 630);
INSERT INTO supporting_packages(id, option_list, package_count, order_id, project_package_id, supporting_project_id) VALUES (630, '["현재"]', 7, 630, 15, 630);
INSERT INTO supporting_projects(supporting_project_id, supported_at, delivery_id, payment_id, project_id, user_id) VALUES (631, (SELECT projects.start_date + INTERVAL 25 DAY FROM projects WHERE projects.id=15), 1, 631, 15, 36);
INSERT INTO orders (order_id, created_at, delivery_id, payment_id, supporting_project_id) VALUES (631, (SELECT projects.start_date + INTERVAL 25 DAY FROM projects WHERE projects.id=15), 1, 631, 631);
INSERT INTO supporting_packages(id, option_list, package_count, order_id, project_package_id, supporting_project_id) VALUES (631, '["현재"]', 10, 631, 15, 631);
INSERT INTO supporting_projects(supporting_project_id, supported_at, delivery_id, payment_id, project_id, user_id) VALUES (632, (SELECT projects.start_date + INTERVAL 26 DAY FROM projects WHERE projects.id=15), 1, 632, 15, 29);
INSERT INTO orders (order_id, created_at, delivery_id, payment_id, supporting_project_id) VALUES (632, (SELECT projects.start_date + INTERVAL 26 DAY FROM projects WHERE projects.id=15), 1, 632, 632);
INSERT INTO supporting_packages(id, option_list, package_count, order_id, project_package_id, supporting_project_id) VALUES (632, '["60년대"]', 9, 632, 15, 632);
INSERT INTO supporting_projects(supporting_project_id, supported_at, delivery_id, payment_id, project_id, user_id) VALUES (633, (SELECT projects.start_date + INTERVAL 24 DAY FROM projects WHERE projects.id=15), 1, 633, 15, 10);
INSERT INTO orders (order_id, created_at, delivery_id, payment_id, supporting_project_id) VALUES (633, (SELECT projects.start_date + INTERVAL 24 DAY FROM projects WHERE projects.id=15), 1, 633, 633);
INSERT INTO supporting_packages(id, option_list, package_count, order_id, project_package_id, supporting_project_id) VALUES (633, '["90년대"]', 6, 633, 15, 633);
INSERT INTO supporting_projects(supporting_project_id, supported_at, delivery_id, payment_id, project_id, user_id) VALUES (634, (SELECT projects.start_date + INTERVAL 36 DAY FROM projects WHERE projects.id=15), 1, 634, 15, 15);
INSERT INTO orders (order_id, created_at, delivery_id, payment_id, supporting_project_id) VALUES (634, (SELECT projects.start_date + INTERVAL 36 DAY FROM projects WHERE projects.id=15), 1, 634, 634);
INSERT INTO supporting_packages(id, option_list, package_count, order_id, project_package_id, supporting_project_id) VALUES (634, '["90년대"]', 4, 634, 15, 634);
INSERT INTO supporting_projects(supporting_project_id, supported_at, delivery_id, payment_id, project_id, user_id) VALUES (635, (SELECT projects.start_date + INTERVAL 47 DAY FROM projects WHERE projects.id=15), 1, 635, 15, 36);
INSERT INTO orders (order_id, created_at, delivery_id, payment_id, supporting_project_id) VALUES (635, (SELECT projects.start_date + INTERVAL 47 DAY FROM projects WHERE projects.id=15), 1, 635, 635);
INSERT INTO supporting_packages(id, option_list, package_count, order_id, project_package_id, supporting_project_id) VALUES (635, '["현재"]', 10, 635, 15, 635);
INSERT INTO supporting_projects(supporting_project_id, supported_at, delivery_id, payment_id, project_id, user_id) VALUES (636, (SELECT projects.start_date + INTERVAL 42 DAY FROM projects WHERE projects.id=15), 1, 636, 15, 23);
INSERT INTO orders (order_id, created_at, delivery_id, payment_id, supporting_project_id) VALUES (636, (SELECT projects.start_date + INTERVAL 42 DAY FROM projects WHERE projects.id=15), 1, 636, 636);
INSERT INTO supporting_packages(id, option_list, package_count, order_id, project_package_id, supporting_project_id) VALUES (636, '["현재"]', 8, 636, 15, 636);
INSERT INTO supporting_projects(supporting_project_id, supported_at, delivery_id, payment_id, project_id, user_id) VALUES (637, (SELECT projects.start_date + INTERVAL 13 DAY FROM projects WHERE projects.id=15), 1, 637, 15, 29);
INSERT INTO orders (order_id, created_at, delivery_id, payment_id, supporting_project_id) VALUES (637, (SELECT projects.start_date + INTERVAL 13 DAY FROM projects WHERE projects.id=15), 1, 637, 637);
INSERT INTO supporting_packages(id, option_list, package_count, order_id, project_package_id, supporting_project_id) VALUES (637, '["현재"]', 1, 637, 15, 637);
INSERT INTO supporting_projects(supporting_project_id, supported_at, delivery_id, payment_id, project_id, user_id) VALUES (638, (SELECT projects.start_date + INTERVAL 42 DAY FROM projects WHERE projects.id=15), 1, 638, 15, 24);
INSERT INTO orders (order_id, created_at, delivery_id, payment_id, supporting_project_id) VALUES (638, (SELECT projects.start_date + INTERVAL 42 DAY FROM projects WHERE projects.id=15), 1, 638, 638);
INSERT INTO supporting_packages(id, option_list, package_count, order_id, project_package_id, supporting_project_id) VALUES (638, '["현재"]', 5, 638, 15, 638);
INSERT INTO supporting_projects(supporting_project_id, supported_at, delivery_id, payment_id, project_id, user_id) VALUES (639, (SELECT projects.start_date + INTERVAL 33 DAY FROM projects WHERE projects.id=15), 1, 639, 15, 10);
INSERT INTO orders (order_id, created_at, delivery_id, payment_id, supporting_project_id) VALUES (639, (SELECT projects.start_date + INTERVAL 33 DAY FROM projects WHERE projects.id=15), 1, 639, 639);
INSERT INTO supporting_packages(id, option_list, package_count, order_id, project_package_id, supporting_project_id) VALUES (639, '["현재"]', 9, 639, 15, 639);
INSERT INTO supporting_projects(supporting_project_id, supported_at, delivery_id, payment_id, project_id, user_id) VALUES (640, (SELECT projects.start_date + INTERVAL 26 DAY FROM projects WHERE projects.id=15), 1, 640, 15, 13);
INSERT INTO orders (order_id, created_at, delivery_id, payment_id, supporting_project_id) VALUES (640, (SELECT projects.start_date + INTERVAL 26 DAY FROM projects WHERE projects.id=15), 1, 640, 640);
INSERT INTO supporting_packages(id, option_list, package_count, order_id, project_package_id, supporting_project_id) VALUES (640, '["90년대"]', 6, 640, 15, 640);
INSERT INTO supporting_projects(supporting_project_id, supported_at, delivery_id, payment_id, project_id, user_id) VALUES (641, (SELECT projects.start_date + INTERVAL 35 DAY FROM projects WHERE projects.id=15), 1, 641, 15, 18);
INSERT INTO orders (order_id, created_at, delivery_id, payment_id, supporting_project_id) VALUES (641, (SELECT projects.start_date + INTERVAL 35 DAY FROM projects WHERE projects.id=15), 1, 641, 641);
INSERT INTO supporting_packages(id, option_list, package_count, order_id, project_package_id, supporting_project_id) VALUES (641, '["90년대"]', 4, 641, 15, 641);
INSERT INTO supporting_projects(supporting_project_id, supported_at, delivery_id, payment_id, project_id, user_id) VALUES (642, (SELECT projects.start_date + INTERVAL 40 DAY FROM projects WHERE projects.id=15), 1, 642, 15, 35);
INSERT INTO orders (order_id, created_at, delivery_id, payment_id, supporting_project_id) VALUES (642, (SELECT projects.start_date + INTERVAL 40 DAY FROM projects WHERE projects.id=15), 1, 642, 642);
INSERT INTO supporting_packages(id, option_list, package_count, order_id, project_package_id, supporting_project_id) VALUES (642, '["90년대"]', 4, 642, 15, 642);
INSERT INTO supporting_projects(supporting_project_id, supported_at, delivery_id, payment_id, project_id, user_id) VALUES (643, (SELECT projects.start_date + INTERVAL 43 DAY FROM projects WHERE projects.id=15), 1, 643, 15, 18);
INSERT INTO orders (order_id, created_at, delivery_id, payment_id, supporting_project_id) VALUES (643, (SELECT projects.start_date + INTERVAL 43 DAY FROM projects WHERE projects.id=15), 1, 643, 643);
INSERT INTO supporting_packages(id, option_list, package_count, order_id, project_package_id, supporting_project_id) VALUES (643, '["현재"]', 2, 643, 15, 643);
INSERT INTO supporting_projects(supporting_project_id, supported_at, delivery_id, payment_id, project_id, user_id) VALUES (644, (SELECT projects.start_date + INTERVAL 9 DAY FROM projects WHERE projects.id=15), 1, 644, 15, 34);
INSERT INTO orders (order_id, created_at, delivery_id, payment_id, supporting_project_id) VALUES (644, (SELECT projects.start_date + INTERVAL 9 DAY FROM projects WHERE projects.id=15), 1, 644, 644);
INSERT INTO supporting_packages(id, option_list, package_count, order_id, project_package_id, supporting_project_id) VALUES (644, '["현재"]', 6, 644, 15, 644);
INSERT INTO supporting_projects(supporting_project_id, supported_at, delivery_id, payment_id, project_id, user_id) VALUES (645, (SELECT projects.start_date + INTERVAL 26 DAY FROM projects WHERE projects.id=15), 1, 645, 15, 4);
INSERT INTO orders (order_id, created_at, delivery_id, payment_id, supporting_project_id) VALUES (645, (SELECT projects.start_date + INTERVAL 26 DAY FROM projects WHERE projects.id=15), 1, 645, 645);
INSERT INTO supporting_packages(id, option_list, package_count, order_id, project_package_id, supporting_project_id) VALUES (645, '["현재"]', 10, 645, 15, 645);
INSERT INTO supporting_projects(supporting_project_id, supported_at, delivery_id, payment_id, project_id, user_id) VALUES (646, (SELECT projects.start_date + INTERVAL 45 DAY FROM projects WHERE projects.id=15), 1, 646, 15, 5);
INSERT INTO orders (order_id, created_at, delivery_id, payment_id, supporting_project_id) VALUES (646, (SELECT projects.start_date + INTERVAL 45 DAY FROM projects WHERE projects.id=15), 1, 646, 646);
INSERT INTO supporting_packages(id, option_list, package_count, order_id, project_package_id, supporting_project_id) VALUES (646, '["60년대"]', 1, 646, 15, 646);
INSERT INTO supporting_projects(supporting_project_id, supported_at, delivery_id, payment_id, project_id, user_id) VALUES (647, (SELECT projects.start_date + INTERVAL 50 DAY FROM projects WHERE projects.id=15), 1, 647, 15, 34);
INSERT INTO orders (order_id, created_at, delivery_id, payment_id, supporting_project_id) VALUES (647, (SELECT projects.start_date + INTERVAL 50 DAY FROM projects WHERE projects.id=15), 1, 647, 647);
INSERT INTO supporting_packages(id, option_list, package_count, order_id, project_package_id, supporting_project_id) VALUES (647, '["90년대"]', 4, 647, 15, 647);
INSERT INTO supporting_projects(supporting_project_id, supported_at, delivery_id, payment_id, project_id, user_id) VALUES (648, (SELECT projects.start_date + INTERVAL 16 DAY FROM projects WHERE projects.id=15), 1, 648, 15, 6);
INSERT INTO orders (order_id, created_at, delivery_id, payment_id, supporting_project_id) VALUES (648, (SELECT projects.start_date + INTERVAL 16 DAY FROM projects WHERE projects.id=15), 1, 648, 648);
INSERT INTO supporting_packages(id, option_list, package_count, order_id, project_package_id, supporting_project_id) VALUES (648, '["60년대"]', 3, 648, 15, 648);
INSERT INTO supporting_projects(supporting_project_id, supported_at, delivery_id, payment_id, project_id, user_id) VALUES (649, (SELECT projects.start_date + INTERVAL 33 DAY FROM projects WHERE projects.id=15), 1, 649, 15, 30);
INSERT INTO orders (order_id, created_at, delivery_id, payment_id, supporting_project_id) VALUES (649, (SELECT projects.start_date + INTERVAL 33 DAY FROM projects WHERE projects.id=15), 1, 649, 649);
INSERT INTO supporting_packages(id, option_list, package_count, order_id, project_package_id, supporting_project_id) VALUES (649, '["현재"]', 3, 649, 15, 649);
INSERT INTO supporting_projects(supporting_project_id, supported_at, delivery_id, payment_id, project_id, user_id) VALUES (650, (SELECT projects.start_date + INTERVAL 3 DAY FROM projects WHERE projects.id=15), 1, 650, 15, 3);
INSERT INTO orders (order_id, created_at, delivery_id, payment_id, supporting_project_id) VALUES (650, (SELECT projects.start_date + INTERVAL 3 DAY FROM projects WHERE projects.id=15), 1, 650, 650);
INSERT INTO supporting_packages(id, option_list, package_count, order_id, project_package_id, supporting_project_id) VALUES (650, '["60년대"]', 2, 650, 15, 650);
INSERT INTO supporting_projects(supporting_project_id, supported_at, delivery_id, payment_id, project_id, user_id) VALUES (651, (SELECT projects.start_date + INTERVAL 14 DAY FROM projects WHERE projects.id=15), 1, 651, 15, 4);
INSERT INTO orders (order_id, created_at, delivery_id, payment_id, supporting_project_id) VALUES (651, (SELECT projects.start_date + INTERVAL 14 DAY FROM projects WHERE projects.id=15), 1, 651, 651);
INSERT INTO supporting_packages(id, option_list, package_count, order_id, project_package_id, supporting_project_id) VALUES (651, '["60년대"]', 9, 651, 15, 651);
INSERT INTO supporting_projects(supporting_project_id, supported_at, delivery_id, payment_id, project_id, user_id) VALUES (652, (SELECT projects.start_date + INTERVAL 42 DAY FROM projects WHERE projects.id=15), 1, 652, 15, 25);
INSERT INTO orders (order_id, created_at, delivery_id, payment_id, supporting_project_id) VALUES (652, (SELECT projects.start_date + INTERVAL 42 DAY FROM projects WHERE projects.id=15), 1, 652, 652);
INSERT INTO supporting_packages(id, option_list, package_count, order_id, project_package_id, supporting_project_id) VALUES (652, '["90년대"]', 2, 652, 15, 652);
INSERT INTO supporting_projects(supporting_project_id, supported_at, delivery_id, payment_id, project_id, user_id) VALUES (653, (SELECT projects.start_date + INTERVAL 28 DAY FROM projects WHERE projects.id=15), 1, 653, 15, 35);
INSERT INTO orders (order_id, created_at, delivery_id, payment_id, supporting_project_id) VALUES (653, (SELECT projects.start_date + INTERVAL 28 DAY FROM projects WHERE projects.id=15), 1, 653, 653);
INSERT INTO supporting_packages(id, option_list, package_count, order_id, project_package_id, supporting_project_id) VALUES (653, '["90년대"]', 1, 653, 15, 653);
INSERT INTO supporting_projects(supporting_project_id, supported_at, delivery_id, payment_id, project_id, user_id) VALUES (654, (SELECT projects.start_date + INTERVAL 32 DAY FROM projects WHERE projects.id=15), 1, 654, 15, 14);
INSERT INTO orders (order_id, created_at, delivery_id, payment_id, supporting_project_id) VALUES (654, (SELECT projects.start_date + INTERVAL 32 DAY FROM projects WHERE projects.id=15), 1, 654, 654);
INSERT INTO supporting_packages(id, option_list, package_count, order_id, project_package_id, supporting_project_id) VALUES (654, '["90년대"]', 1, 654, 15, 654);
INSERT INTO supporting_projects(supporting_project_id, supported_at, delivery_id, payment_id, project_id, user_id) VALUES (655, (SELECT projects.start_date + INTERVAL 41 DAY FROM projects WHERE projects.id=15), 1, 655, 15, 23);
INSERT INTO orders (order_id, created_at, delivery_id, payment_id, supporting_project_id) VALUES (655, (SELECT projects.start_date + INTERVAL 41 DAY FROM projects WHERE projects.id=15), 1, 655, 655);
INSERT INTO supporting_packages(id, option_list, package_count, order_id, project_package_id, supporting_project_id) VALUES (655, '["현재"]', 5, 655, 15, 655);
INSERT INTO supporting_projects(supporting_project_id, supported_at, delivery_id, payment_id, project_id, user_id) VALUES (656, (SELECT projects.start_date + INTERVAL 17 DAY FROM projects WHERE projects.id=15), 1, 656, 15, 17);
INSERT INTO orders (order_id, created_at, delivery_id, payment_id, supporting_project_id) VALUES (656, (SELECT projects.start_date + INTERVAL 17 DAY FROM projects WHERE projects.id=15), 1, 656, 656);
INSERT INTO supporting_packages(id, option_list, package_count, order_id, project_package_id, supporting_project_id) VALUES (656, '["60년대"]', 5, 656, 15, 656);
INSERT INTO supporting_projects(supporting_project_id, supported_at, delivery_id, payment_id, project_id, user_id) VALUES (657, (SELECT projects.start_date + INTERVAL 28 DAY FROM projects WHERE projects.id=15), 1, 657, 15, 25);
INSERT INTO orders (order_id, created_at, delivery_id, payment_id, supporting_project_id) VALUES (657, (SELECT projects.start_date + INTERVAL 28 DAY FROM projects WHERE projects.id=15), 1, 657, 657);
INSERT INTO supporting_packages(id, option_list, package_count, order_id, project_package_id, supporting_project_id) VALUES (657, '["90년대"]', 1, 657, 15, 657);
INSERT INTO supporting_projects(supporting_project_id, supported_at, delivery_id, payment_id, project_id, user_id) VALUES (658, (SELECT projects.start_date + INTERVAL 29 DAY FROM projects WHERE projects.id=15), 1, 658, 15, 22);
INSERT INTO orders (order_id, created_at, delivery_id, payment_id, supporting_project_id) VALUES (658, (SELECT projects.start_date + INTERVAL 29 DAY FROM projects WHERE projects.id=15), 1, 658, 658);
INSERT INTO supporting_packages(id, option_list, package_count, order_id, project_package_id, supporting_project_id) VALUES (658, '["현재"]', 1, 658, 15, 658);
INSERT INTO supporting_projects(supporting_project_id, supported_at, delivery_id, payment_id, project_id, user_id) VALUES (659, (SELECT projects.start_date + INTERVAL 25 DAY FROM projects WHERE projects.id=15), 1, 659, 15, 1);
INSERT INTO orders (order_id, created_at, delivery_id, payment_id, supporting_project_id) VALUES (659, (SELECT projects.start_date + INTERVAL 25 DAY FROM projects WHERE projects.id=15), 1, 659, 659);
INSERT INTO supporting_packages(id, option_list, package_count, order_id, project_package_id, supporting_project_id) VALUES (659, '["60년대"]', 8, 659, 15, 659);
INSERT INTO supporting_projects(supporting_project_id, supported_at, delivery_id, payment_id, project_id, user_id) VALUES (660, (SELECT projects.start_date + INTERVAL 33 DAY FROM projects WHERE projects.id=15), 1, 660, 15, 4);
INSERT INTO orders (order_id, created_at, delivery_id, payment_id, supporting_project_id) VALUES (660, (SELECT projects.start_date + INTERVAL 33 DAY FROM projects WHERE projects.id=15), 1, 660, 660);
INSERT INTO supporting_packages(id, option_list, package_count, order_id, project_package_id, supporting_project_id) VALUES (660, '["90년대"]', 8, 660, 15, 660);
INSERT INTO supporting_projects(supporting_project_id, supported_at, delivery_id, payment_id, project_id, user_id) VALUES (661, (SELECT projects.start_date + INTERVAL 16 DAY FROM projects WHERE projects.id=15), 1, 661, 15, 3);
INSERT INTO orders (order_id, created_at, delivery_id, payment_id, supporting_project_id) VALUES (661, (SELECT projects.start_date + INTERVAL 16 DAY FROM projects WHERE projects.id=15), 1, 661, 661);
INSERT INTO supporting_packages(id, option_list, package_count, order_id, project_package_id, supporting_project_id) VALUES (661, '["현재"]', 8, 661, 15, 661);
INSERT INTO supporting_projects(supporting_project_id, supported_at, delivery_id, payment_id, project_id, user_id) VALUES (662, (SELECT projects.start_date + INTERVAL 3 DAY FROM projects WHERE projects.id=15), 1, 662, 15, 37);
INSERT INTO orders (order_id, created_at, delivery_id, payment_id, supporting_project_id) VALUES (662, (SELECT projects.start_date + INTERVAL 3 DAY FROM projects WHERE projects.id=15), 1, 662, 662);
INSERT INTO supporting_packages(id, option_list, package_count, order_id, project_package_id, supporting_project_id) VALUES (662, '["현재"]', 1, 662, 15, 662);
INSERT INTO supporting_projects(supporting_project_id, supported_at, delivery_id, payment_id, project_id, user_id) VALUES (663, (SELECT projects.start_date + INTERVAL 25 DAY FROM projects WHERE projects.id=15), 1, 663, 15, 39);
INSERT INTO orders (order_id, created_at, delivery_id, payment_id, supporting_project_id) VALUES (663, (SELECT projects.start_date + INTERVAL 25 DAY FROM projects WHERE projects.id=15), 1, 663, 663);
INSERT INTO supporting_packages(id, option_list, package_count, order_id, project_package_id, supporting_project_id) VALUES (663, '["60년대"]', 3, 663, 15, 663);
INSERT INTO supporting_projects(supporting_project_id, supported_at, delivery_id, payment_id, project_id, user_id) VALUES (664, (SELECT projects.start_date + INTERVAL 27 DAY FROM projects WHERE projects.id=15), 1, 664, 15, 25);
INSERT INTO orders (order_id, created_at, delivery_id, payment_id, supporting_project_id) VALUES (664, (SELECT projects.start_date + INTERVAL 27 DAY FROM projects WHERE projects.id=15), 1, 664, 664);
INSERT INTO supporting_packages(id, option_list, package_count, order_id, project_package_id, supporting_project_id) VALUES (664, '["90년대"]', 10, 664, 15, 664);
INSERT INTO supporting_projects(supporting_project_id, supported_at, delivery_id, payment_id, project_id, user_id) VALUES (665, (SELECT projects.start_date + INTERVAL 40 DAY FROM projects WHERE projects.id=15), 1, 665, 15, 11);
INSERT INTO orders (order_id, created_at, delivery_id, payment_id, supporting_project_id) VALUES (665, (SELECT projects.start_date + INTERVAL 40 DAY FROM projects WHERE projects.id=15), 1, 665, 665);
INSERT INTO supporting_packages(id, option_list, package_count, order_id, project_package_id, supporting_project_id) VALUES (665, '["현재"]', 1, 665, 15, 665);
INSERT INTO supporting_projects(supporting_project_id, supported_at, delivery_id, payment_id, project_id, user_id) VALUES (666, (SELECT projects.start_date + INTERVAL 45 DAY FROM projects WHERE projects.id=15), 1, 666, 15, 23);
INSERT INTO orders (order_id, created_at, delivery_id, payment_id, supporting_project_id) VALUES (666, (SELECT projects.start_date + INTERVAL 45 DAY FROM projects WHERE projects.id=15), 1, 666, 666);
INSERT INTO supporting_packages(id, option_list, package_count, order_id, project_package_id, supporting_project_id) VALUES (666, '["90년대"]', 1, 666, 15, 666);
INSERT INTO supporting_projects(supporting_project_id, supported_at, delivery_id, payment_id, project_id, user_id) VALUES (667, (SELECT projects.start_date + INTERVAL 46 DAY FROM projects WHERE projects.id=15), 1, 667, 15, 27);
INSERT INTO orders (order_id, created_at, delivery_id, payment_id, supporting_project_id) VALUES (667, (SELECT projects.start_date + INTERVAL 46 DAY FROM projects WHERE projects.id=15), 1, 667, 667);
INSERT INTO supporting_packages(id, option_list, package_count, order_id, project_package_id, supporting_project_id) VALUES (667, '["90년대"]', 10, 667, 15, 667);
INSERT INTO supporting_projects(supporting_project_id, supported_at, delivery_id, payment_id, project_id, user_id) VALUES (668, (SELECT projects.start_date + INTERVAL 37 DAY FROM projects WHERE projects.id=15), 1, 668, 15, 13);
INSERT INTO orders (order_id, created_at, delivery_id, payment_id, supporting_project_id) VALUES (668, (SELECT projects.start_date + INTERVAL 37 DAY FROM projects WHERE projects.id=15), 1, 668, 668);
INSERT INTO supporting_packages(id, option_list, package_count, order_id, project_package_id, supporting_project_id) VALUES (668, '["현재"]', 10, 668, 15, 668);
INSERT INTO supporting_projects(supporting_project_id, supported_at, delivery_id, payment_id, project_id, user_id) VALUES (669, (SELECT projects.start_date + INTERVAL 39 DAY FROM projects WHERE projects.id=15), 1, 669, 15, 32);
INSERT INTO orders (order_id, created_at, delivery_id, payment_id, supporting_project_id) VALUES (669, (SELECT projects.start_date + INTERVAL 39 DAY FROM projects WHERE projects.id=15), 1, 669, 669);
INSERT INTO supporting_packages(id, option_list, package_count, order_id, project_package_id, supporting_project_id) VALUES (669, '["현재"]', 4, 669, 15, 669);
INSERT INTO supporting_projects(supporting_project_id, supported_at, delivery_id, payment_id, project_id, user_id) VALUES (670, (SELECT projects.start_date + INTERVAL 34 DAY FROM projects WHERE projects.id=15), 1, 670, 15, 17);
INSERT INTO orders (order_id, created_at, delivery_id, payment_id, supporting_project_id) VALUES (670, (SELECT projects.start_date + INTERVAL 34 DAY FROM projects WHERE projects.id=15), 1, 670, 670);
INSERT INTO supporting_packages(id, option_list, package_count, order_id, project_package_id, supporting_project_id) VALUES (670, '["현재"]', 3, 670, 15, 670);
INSERT INTO supporting_projects(supporting_project_id, supported_at, delivery_id, payment_id, project_id, user_id) VALUES (671, (SELECT projects.start_date + INTERVAL 31 DAY FROM projects WHERE projects.id=15), 1, 671, 15, 28);
INSERT INTO orders (order_id, created_at, delivery_id, payment_id, supporting_project_id) VALUES (671, (SELECT projects.start_date + INTERVAL 31 DAY FROM projects WHERE projects.id=15), 1, 671, 671);
INSERT INTO supporting_packages(id, option_list, package_count, order_id, project_package_id, supporting_project_id) VALUES (671, '["60년대"]', 7, 671, 15, 671);
INSERT INTO supporting_projects(supporting_project_id, supported_at, delivery_id, payment_id, project_id, user_id) VALUES (672, (SELECT projects.start_date + INTERVAL 13 DAY FROM projects WHERE projects.id=15), 1, 672, 15, 2);
INSERT INTO orders (order_id, created_at, delivery_id, payment_id, supporting_project_id) VALUES (672, (SELECT projects.start_date + INTERVAL 13 DAY FROM projects WHERE projects.id=15), 1, 672, 672);
INSERT INTO supporting_packages(id, option_list, package_count, order_id, project_package_id, supporting_project_id) VALUES (672, '["90년대"]', 10, 672, 15, 672);
INSERT INTO supporting_projects(supporting_project_id, supported_at, delivery_id, payment_id, project_id, user_id) VALUES (673, (SELECT projects.start_date + INTERVAL 23 DAY FROM projects WHERE projects.id=15), 1, 673, 15, 23);
INSERT INTO orders (order_id, created_at, delivery_id, payment_id, supporting_project_id) VALUES (673, (SELECT projects.start_date + INTERVAL 23 DAY FROM projects WHERE projects.id=15), 1, 673, 673);
INSERT INTO supporting_packages(id, option_list, package_count, order_id, project_package_id, supporting_project_id) VALUES (673, '["90년대"]', 8, 673, 15, 673);
INSERT INTO supporting_projects(supporting_project_id, supported_at, delivery_id, payment_id, project_id, user_id) VALUES (674, (SELECT projects.start_date + INTERVAL 6 DAY FROM projects WHERE projects.id=15), 1, 674, 15, 5);
INSERT INTO orders (order_id, created_at, delivery_id, payment_id, supporting_project_id) VALUES (674, (SELECT projects.start_date + INTERVAL 6 DAY FROM projects WHERE projects.id=15), 1, 674, 674);
INSERT INTO supporting_packages(id, option_list, package_count, order_id, project_package_id, supporting_project_id) VALUES (674, '["현재"]', 8, 674, 15, 674);
INSERT INTO supporting_projects(supporting_project_id, supported_at, delivery_id, payment_id, project_id, user_id) VALUES (675, (SELECT projects.start_date + INTERVAL 26 DAY FROM projects WHERE projects.id=15), 1, 675, 15, 33);
INSERT INTO orders (order_id, created_at, delivery_id, payment_id, supporting_project_id) VALUES (675, (SELECT projects.start_date + INTERVAL 26 DAY FROM projects WHERE projects.id=15), 1, 675, 675);
INSERT INTO supporting_packages(id, option_list, package_count, order_id, project_package_id, supporting_project_id) VALUES (675, '["60년대"]', 4, 675, 15, 675);
INSERT INTO supporting_projects(supporting_project_id, supported_at, delivery_id, payment_id, project_id, user_id) VALUES (676, (SELECT projects.start_date + INTERVAL 35 DAY FROM projects WHERE projects.id=15), 1, 676, 15, 21);
INSERT INTO orders (order_id, created_at, delivery_id, payment_id, supporting_project_id) VALUES (676, (SELECT projects.start_date + INTERVAL 35 DAY FROM projects WHERE projects.id=15), 1, 676, 676);
INSERT INTO supporting_packages(id, option_list, package_count, order_id, project_package_id, supporting_project_id) VALUES (676, '["현재"]', 5, 676, 15, 676);
INSERT INTO supporting_projects(supporting_project_id, supported_at, delivery_id, payment_id, project_id, user_id) VALUES (677, (SELECT projects.start_date + INTERVAL 39 DAY FROM projects WHERE projects.id=15), 1, 677, 15, 16);
INSERT INTO orders (order_id, created_at, delivery_id, payment_id, supporting_project_id) VALUES (677, (SELECT projects.start_date + INTERVAL 39 DAY FROM projects WHERE projects.id=15), 1, 677, 677);
INSERT INTO supporting_packages(id, option_list, package_count, order_id, project_package_id, supporting_project_id) VALUES (677, '["현재"]', 4, 677, 15, 677);
INSERT INTO supporting_projects(supporting_project_id, supported_at, delivery_id, payment_id, project_id, user_id) VALUES (678, (SELECT projects.start_date + INTERVAL 9 DAY FROM projects WHERE projects.id=17), 1, 678, 17, 15);
INSERT INTO orders (order_id, created_at, delivery_id, payment_id, supporting_project_id) VALUES (678, (SELECT projects.start_date + INTERVAL 9 DAY FROM projects WHERE projects.id=17), 1, 678, 678);
INSERT INTO supporting_packages(id, option_list, package_count, order_id, project_package_id, supporting_project_id) VALUES (678, '["편집 소프트웨어"]', 5, 678, 17, 678);
INSERT INTO supporting_projects(supporting_project_id, supported_at, delivery_id, payment_id, project_id, user_id) VALUES (679, (SELECT projects.start_date + INTERVAL 42 DAY FROM projects WHERE projects.id=17), 1, 679, 17, 2);
INSERT INTO orders (order_id, created_at, delivery_id, payment_id, supporting_project_id) VALUES (679, (SELECT projects.start_date + INTERVAL 42 DAY FROM projects WHERE projects.id=17), 1, 679, 679);
INSERT INTO supporting_packages(id, option_list, package_count, order_id, project_package_id, supporting_project_id) VALUES (679, '["촬영 장비"]', 3, 679, 17, 679);
INSERT INTO supporting_projects(supporting_project_id, supported_at, delivery_id, payment_id, project_id, user_id) VALUES (680, (SELECT projects.start_date + INTERVAL 47 DAY FROM projects WHERE projects.id=17), 1, 680, 17, 9);
INSERT INTO orders (order_id, created_at, delivery_id, payment_id, supporting_project_id) VALUES (680, (SELECT projects.start_date + INTERVAL 47 DAY FROM projects WHERE projects.id=17), 1, 680, 680);
INSERT INTO supporting_packages(id, option_list, package_count, order_id, project_package_id, supporting_project_id) VALUES (680, '["촬영 장비"]', 5, 680, 17, 680);
INSERT INTO supporting_projects(supporting_project_id, supported_at, delivery_id, payment_id, project_id, user_id) VALUES (681, (SELECT projects.start_date + INTERVAL 49 DAY FROM projects WHERE projects.id=17), 1, 681, 17, 14);
INSERT INTO orders (order_id, created_at, delivery_id, payment_id, supporting_project_id) VALUES (681, (SELECT projects.start_date + INTERVAL 49 DAY FROM projects WHERE projects.id=17), 1, 681, 681);
INSERT INTO supporting_packages(id, option_list, package_count, order_id, project_package_id, supporting_project_id) VALUES (681, '["촬영 장비"]', 1, 681, 17, 681);
INSERT INTO supporting_projects(supporting_project_id, supported_at, delivery_id, payment_id, project_id, user_id) VALUES (682, (SELECT projects.start_date + INTERVAL 49 DAY FROM projects WHERE projects.id=17), 1, 682, 17, 33);
INSERT INTO orders (order_id, created_at, delivery_id, payment_id, supporting_project_id) VALUES (682, (SELECT projects.start_date + INTERVAL 49 DAY FROM projects WHERE projects.id=17), 1, 682, 682);
INSERT INTO supporting_packages(id, option_list, package_count, order_id, project_package_id, supporting_project_id) VALUES (682, '["기획 가이드"]', 2, 682, 17, 682);
INSERT INTO supporting_projects(supporting_project_id, supported_at, delivery_id, payment_id, project_id, user_id) VALUES (683, (SELECT projects.start_date + INTERVAL 29 DAY FROM projects WHERE projects.id=17), 1, 683, 17, 6);
INSERT INTO orders (order_id, created_at, delivery_id, payment_id, supporting_project_id) VALUES (683, (SELECT projects.start_date + INTERVAL 29 DAY FROM projects WHERE projects.id=17), 1, 683, 683);
INSERT INTO supporting_packages(id, option_list, package_count, order_id, project_package_id, supporting_project_id) VALUES (683, '["기획 가이드"]', 7, 683, 17, 683);
INSERT INTO supporting_projects(supporting_project_id, supported_at, delivery_id, payment_id, project_id, user_id) VALUES (684, (SELECT projects.start_date + INTERVAL 44 DAY FROM projects WHERE projects.id=17), 1, 684, 17, 9);
INSERT INTO orders (order_id, created_at, delivery_id, payment_id, supporting_project_id) VALUES (684, (SELECT projects.start_date + INTERVAL 44 DAY FROM projects WHERE projects.id=17), 1, 684, 684);
INSERT INTO supporting_packages(id, option_list, package_count, order_id, project_package_id, supporting_project_id) VALUES (684, '["편집 소프트웨어"]', 1, 684, 17, 684);
INSERT INTO supporting_projects(supporting_project_id, supported_at, delivery_id, payment_id, project_id, user_id) VALUES (685, (SELECT projects.start_date + INTERVAL 31 DAY FROM projects WHERE projects.id=17), 1, 685, 17, 27);
INSERT INTO orders (order_id, created_at, delivery_id, payment_id, supporting_project_id) VALUES (685, (SELECT projects.start_date + INTERVAL 31 DAY FROM projects WHERE projects.id=17), 1, 685, 685);
INSERT INTO supporting_packages(id, option_list, package_count, order_id, project_package_id, supporting_project_id) VALUES (685, '["편집 소프트웨어"]', 8, 685, 17, 685);
INSERT INTO supporting_projects(supporting_project_id, supported_at, delivery_id, payment_id, project_id, user_id) VALUES (686, (SELECT projects.start_date + INTERVAL 31 DAY FROM projects WHERE projects.id=17), 1, 686, 17, 23);
INSERT INTO orders (order_id, created_at, delivery_id, payment_id, supporting_project_id) VALUES (686, (SELECT projects.start_date + INTERVAL 31 DAY FROM projects WHERE projects.id=17), 1, 686, 686);
INSERT INTO supporting_packages(id, option_list, package_count, order_id, project_package_id, supporting_project_id) VALUES (686, '["편집 소프트웨어"]', 5, 686, 17, 686);
INSERT INTO supporting_projects(supporting_project_id, supported_at, delivery_id, payment_id, project_id, user_id) VALUES (687, (SELECT projects.start_date + INTERVAL 10 DAY FROM projects WHERE projects.id=17), 1, 687, 17, 10);
INSERT INTO orders (order_id, created_at, delivery_id, payment_id, supporting_project_id) VALUES (687, (SELECT projects.start_date + INTERVAL 10 DAY FROM projects WHERE projects.id=17), 1, 687, 687);
INSERT INTO supporting_packages(id, option_list, package_count, order_id, project_package_id, supporting_project_id) VALUES (687, '["촬영 장비"]', 7, 687, 17, 687);
INSERT INTO supporting_projects(supporting_project_id, supported_at, delivery_id, payment_id, project_id, user_id) VALUES (688, (SELECT projects.start_date + INTERVAL 6 DAY FROM projects WHERE projects.id=17), 1, 688, 17, 34);
INSERT INTO orders (order_id, created_at, delivery_id, payment_id, supporting_project_id) VALUES (688, (SELECT projects.start_date + INTERVAL 6 DAY FROM projects WHERE projects.id=17), 1, 688, 688);
INSERT INTO supporting_packages(id, option_list, package_count, order_id, project_package_id, supporting_project_id) VALUES (688, '["촬영 장비"]', 6, 688, 17, 688);
INSERT INTO supporting_projects(supporting_project_id, supported_at, delivery_id, payment_id, project_id, user_id) VALUES (689, (SELECT projects.start_date + INTERVAL 49 DAY FROM projects WHERE projects.id=17), 1, 689, 17, 14);
INSERT INTO orders (order_id, created_at, delivery_id, payment_id, supporting_project_id) VALUES (689, (SELECT projects.start_date + INTERVAL 49 DAY FROM projects WHERE projects.id=17), 1, 689, 689);
INSERT INTO supporting_packages(id, option_list, package_count, order_id, project_package_id, supporting_project_id) VALUES (689, '["촬영 장비"]', 9, 689, 17, 689);
INSERT INTO supporting_projects(supporting_project_id, supported_at, delivery_id, payment_id, project_id, user_id) VALUES (690, (SELECT projects.start_date + INTERVAL 42 DAY FROM projects WHERE projects.id=17), 1, 690, 17, 38);
INSERT INTO orders (order_id, created_at, delivery_id, payment_id, supporting_project_id) VALUES (690, (SELECT projects.start_date + INTERVAL 42 DAY FROM projects WHERE projects.id=17), 1, 690, 690);
INSERT INTO supporting_packages(id, option_list, package_count, order_id, project_package_id, supporting_project_id) VALUES (690, '["촬영 장비"]', 5, 690, 17, 690);
INSERT INTO supporting_projects(supporting_project_id, supported_at, delivery_id, payment_id, project_id, user_id) VALUES (691, (SELECT projects.start_date + INTERVAL 32 DAY FROM projects WHERE projects.id=17), 1, 691, 17, 22);
INSERT INTO orders (order_id, created_at, delivery_id, payment_id, supporting_project_id) VALUES (691, (SELECT projects.start_date + INTERVAL 32 DAY FROM projects WHERE projects.id=17), 1, 691, 691);
INSERT INTO supporting_packages(id, option_list, package_count, order_id, project_package_id, supporting_project_id) VALUES (691, '["촬영 장비"]', 7, 691, 17, 691);
INSERT INTO supporting_projects(supporting_project_id, supported_at, delivery_id, payment_id, project_id, user_id) VALUES (692, (SELECT projects.start_date + INTERVAL 48 DAY FROM projects WHERE projects.id=17), 1, 692, 17, 19);
INSERT INTO orders (order_id, created_at, delivery_id, payment_id, supporting_project_id) VALUES (692, (SELECT projects.start_date + INTERVAL 48 DAY FROM projects WHERE projects.id=17), 1, 692, 692);
INSERT INTO supporting_packages(id, option_list, package_count, order_id, project_package_id, supporting_project_id) VALUES (692, '["촬영 장비"]', 6, 692, 17, 692);
INSERT INTO supporting_projects(supporting_project_id, supported_at, delivery_id, payment_id, project_id, user_id) VALUES (693, (SELECT projects.start_date + INTERVAL 8 DAY FROM projects WHERE projects.id=17), 1, 693, 17, 6);
INSERT INTO orders (order_id, created_at, delivery_id, payment_id, supporting_project_id) VALUES (693, (SELECT projects.start_date + INTERVAL 8 DAY FROM projects WHERE projects.id=17), 1, 693, 693);
INSERT INTO supporting_packages(id, option_list, package_count, order_id, project_package_id, supporting_project_id) VALUES (693, '["편집 소프트웨어"]', 6, 693, 17, 693);
INSERT INTO supporting_projects(supporting_project_id, supported_at, delivery_id, payment_id, project_id, user_id) VALUES (694, (SELECT projects.start_date + INTERVAL 22 DAY FROM projects WHERE projects.id=17), 1, 694, 17, 20);
INSERT INTO orders (order_id, created_at, delivery_id, payment_id, supporting_project_id) VALUES (694, (SELECT projects.start_date + INTERVAL 22 DAY FROM projects WHERE projects.id=17), 1, 694, 694);
INSERT INTO supporting_packages(id, option_list, package_count, order_id, project_package_id, supporting_project_id) VALUES (694, '["기획 가이드"]', 6, 694, 17, 694);
INSERT INTO supporting_projects(supporting_project_id, supported_at, delivery_id, payment_id, project_id, user_id) VALUES (695, (SELECT projects.start_date + INTERVAL 25 DAY FROM projects WHERE projects.id=17), 1, 695, 17, 37);
INSERT INTO orders (order_id, created_at, delivery_id, payment_id, supporting_project_id) VALUES (695, (SELECT projects.start_date + INTERVAL 25 DAY FROM projects WHERE projects.id=17), 1, 695, 695);
INSERT INTO supporting_packages(id, option_list, package_count, order_id, project_package_id, supporting_project_id) VALUES (695, '["촬영 장비"]', 7, 695, 17, 695);
INSERT INTO supporting_projects(supporting_project_id, supported_at, delivery_id, payment_id, project_id, user_id) VALUES (696, (SELECT projects.start_date + INTERVAL 26 DAY FROM projects WHERE projects.id=17), 1, 696, 17, 21);
INSERT INTO orders (order_id, created_at, delivery_id, payment_id, supporting_project_id) VALUES (696, (SELECT projects.start_date + INTERVAL 26 DAY FROM projects WHERE projects.id=17), 1, 696, 696);
INSERT INTO supporting_packages(id, option_list, package_count, order_id, project_package_id, supporting_project_id) VALUES (696, '["편집 소프트웨어"]', 6, 696, 17, 696);
INSERT INTO supporting_projects(supporting_project_id, supported_at, delivery_id, payment_id, project_id, user_id) VALUES (697, (SELECT projects.start_date + INTERVAL 4 DAY FROM projects WHERE projects.id=17), 1, 697, 17, 2);
INSERT INTO orders (order_id, created_at, delivery_id, payment_id, supporting_project_id) VALUES (697, (SELECT projects.start_date + INTERVAL 4 DAY FROM projects WHERE projects.id=17), 1, 697, 697);
INSERT INTO supporting_packages(id, option_list, package_count, order_id, project_package_id, supporting_project_id) VALUES (697, '["편집 소프트웨어"]', 10, 697, 17, 697);
INSERT INTO supporting_projects(supporting_project_id, supported_at, delivery_id, payment_id, project_id, user_id) VALUES (698, (SELECT projects.start_date + INTERVAL 36 DAY FROM projects WHERE projects.id=17), 1, 698, 17, 7);
INSERT INTO orders (order_id, created_at, delivery_id, payment_id, supporting_project_id) VALUES (698, (SELECT projects.start_date + INTERVAL 36 DAY FROM projects WHERE projects.id=17), 1, 698, 698);
INSERT INTO supporting_packages(id, option_list, package_count, order_id, project_package_id, supporting_project_id) VALUES (698, '["기획 가이드"]', 4, 698, 17, 698);
INSERT INTO supporting_projects(supporting_project_id, supported_at, delivery_id, payment_id, project_id, user_id) VALUES (699, (SELECT projects.start_date + INTERVAL 46 DAY FROM projects WHERE projects.id=17), 1, 699, 17, 17);
INSERT INTO orders (order_id, created_at, delivery_id, payment_id, supporting_project_id) VALUES (699, (SELECT projects.start_date + INTERVAL 46 DAY FROM projects WHERE projects.id=17), 1, 699, 699);
INSERT INTO supporting_packages(id, option_list, package_count, order_id, project_package_id, supporting_project_id) VALUES (699, '["촬영 장비"]', 3, 699, 17, 699);
INSERT INTO supporting_projects(supporting_project_id, supported_at, delivery_id, payment_id, project_id, user_id) VALUES (700, (SELECT projects.start_date + INTERVAL 22 DAY FROM projects WHERE projects.id=17), 1, 700, 17, 25);
INSERT INTO orders (order_id, created_at, delivery_id, payment_id, supporting_project_id) VALUES (700, (SELECT projects.start_date + INTERVAL 22 DAY FROM projects WHERE projects.id=17), 1, 700, 700);
INSERT INTO supporting_packages(id, option_list, package_count, order_id, project_package_id, supporting_project_id) VALUES (700, '["촬영 장비"]', 3, 700, 17, 700);
INSERT INTO supporting_projects(supporting_project_id, supported_at, delivery_id, payment_id, project_id, user_id) VALUES (701, (SELECT projects.start_date + INTERVAL 6 DAY FROM projects WHERE projects.id=17), 1, 701, 17, 35);
INSERT INTO orders (order_id, created_at, delivery_id, payment_id, supporting_project_id) VALUES (701, (SELECT projects.start_date + INTERVAL 6 DAY FROM projects WHERE projects.id=17), 1, 701, 701);
INSERT INTO supporting_packages(id, option_list, package_count, order_id, project_package_id, supporting_project_id) VALUES (701, '["촬영 장비"]', 10, 701, 17, 701);
INSERT INTO supporting_projects(supporting_project_id, supported_at, delivery_id, payment_id, project_id, user_id) VALUES (702, (SELECT projects.start_date + INTERVAL 41 DAY FROM projects WHERE projects.id=17), 1, 702, 17, 37);
INSERT INTO orders (order_id, created_at, delivery_id, payment_id, supporting_project_id) VALUES (702, (SELECT projects.start_date + INTERVAL 41 DAY FROM projects WHERE projects.id=17), 1, 702, 702);
INSERT INTO supporting_packages(id, option_list, package_count, order_id, project_package_id, supporting_project_id) VALUES (702, '["편집 소프트웨어"]', 7, 702, 17, 702);
INSERT INTO supporting_projects(supporting_project_id, supported_at, delivery_id, payment_id, project_id, user_id) VALUES (703, (SELECT projects.start_date + INTERVAL 30 DAY FROM projects WHERE projects.id=17), 1, 703, 17, 21);
INSERT INTO orders (order_id, created_at, delivery_id, payment_id, supporting_project_id) VALUES (703, (SELECT projects.start_date + INTERVAL 30 DAY FROM projects WHERE projects.id=17), 1, 703, 703);
INSERT INTO supporting_packages(id, option_list, package_count, order_id, project_package_id, supporting_project_id) VALUES (703, '["촬영 장비"]', 10, 703, 17, 703);
INSERT INTO supporting_projects(supporting_project_id, supported_at, delivery_id, payment_id, project_id, user_id) VALUES (704, (SELECT projects.start_date + INTERVAL 50 DAY FROM projects WHERE projects.id=17), 1, 704, 17, 30);
INSERT INTO orders (order_id, created_at, delivery_id, payment_id, supporting_project_id) VALUES (704, (SELECT projects.start_date + INTERVAL 50 DAY FROM projects WHERE projects.id=17), 1, 704, 704);
INSERT INTO supporting_packages(id, option_list, package_count, order_id, project_package_id, supporting_project_id) VALUES (704, '["기획 가이드"]', 8, 704, 17, 704);
INSERT INTO supporting_projects(supporting_project_id, supported_at, delivery_id, payment_id, project_id, user_id) VALUES (705, (SELECT projects.start_date + INTERVAL 17 DAY FROM projects WHERE projects.id=17), 1, 705, 17, 33);
INSERT INTO orders (order_id, created_at, delivery_id, payment_id, supporting_project_id) VALUES (705, (SELECT projects.start_date + INTERVAL 17 DAY FROM projects WHERE projects.id=17), 1, 705, 705);
INSERT INTO supporting_packages(id, option_list, package_count, order_id, project_package_id, supporting_project_id) VALUES (705, '["편집 소프트웨어"]', 1, 705, 17, 705);
INSERT INTO supporting_projects(supporting_project_id, supported_at, delivery_id, payment_id, project_id, user_id) VALUES (706, (SELECT projects.start_date + INTERVAL 32 DAY FROM projects WHERE projects.id=17), 1, 706, 17, 18);
INSERT INTO orders (order_id, created_at, delivery_id, payment_id, supporting_project_id) VALUES (706, (SELECT projects.start_date + INTERVAL 32 DAY FROM projects WHERE projects.id=17), 1, 706, 706);
INSERT INTO supporting_packages(id, option_list, package_count, order_id, project_package_id, supporting_project_id) VALUES (706, '["촬영 장비"]', 9, 706, 17, 706);
INSERT INTO supporting_projects(supporting_project_id, supported_at, delivery_id, payment_id, project_id, user_id) VALUES (707, (SELECT projects.start_date + INTERVAL 15 DAY FROM projects WHERE projects.id=17), 1, 707, 17, 37);
INSERT INTO orders (order_id, created_at, delivery_id, payment_id, supporting_project_id) VALUES (707, (SELECT projects.start_date + INTERVAL 15 DAY FROM projects WHERE projects.id=17), 1, 707, 707);
INSERT INTO supporting_packages(id, option_list, package_count, order_id, project_package_id, supporting_project_id) VALUES (707, '["촬영 장비"]', 3, 707, 17, 707);
INSERT INTO supporting_projects(supporting_project_id, supported_at, delivery_id, payment_id, project_id, user_id) VALUES (708, (SELECT projects.start_date + INTERVAL 26 DAY FROM projects WHERE projects.id=17), 1, 708, 17, 34);
INSERT INTO orders (order_id, created_at, delivery_id, payment_id, supporting_project_id) VALUES (708, (SELECT projects.start_date + INTERVAL 26 DAY FROM projects WHERE projects.id=17), 1, 708, 708);
INSERT INTO supporting_packages(id, option_list, package_count, order_id, project_package_id, supporting_project_id) VALUES (708, '["기획 가이드"]', 4, 708, 17, 708);
INSERT INTO supporting_projects(supporting_project_id, supported_at, delivery_id, payment_id, project_id, user_id) VALUES (709, (SELECT projects.start_date + INTERVAL 2 DAY FROM projects WHERE projects.id=17), 1, 709, 17, 20);
INSERT INTO orders (order_id, created_at, delivery_id, payment_id, supporting_project_id) VALUES (709, (SELECT projects.start_date + INTERVAL 2 DAY FROM projects WHERE projects.id=17), 1, 709, 709);
INSERT INTO supporting_packages(id, option_list, package_count, order_id, project_package_id, supporting_project_id) VALUES (709, '["편집 소프트웨어"]', 2, 709, 17, 709);
INSERT INTO supporting_projects(supporting_project_id, supported_at, delivery_id, payment_id, project_id, user_id) VALUES (710, (SELECT projects.start_date + INTERVAL 16 DAY FROM projects WHERE projects.id=17), 1, 710, 17, 17);
INSERT INTO orders (order_id, created_at, delivery_id, payment_id, supporting_project_id) VALUES (710, (SELECT projects.start_date + INTERVAL 16 DAY FROM projects WHERE projects.id=17), 1, 710, 710);
INSERT INTO supporting_packages(id, option_list, package_count, order_id, project_package_id, supporting_project_id) VALUES (710, '["편집 소프트웨어"]', 8, 710, 17, 710);
INSERT INTO supporting_projects(supporting_project_id, supported_at, delivery_id, payment_id, project_id, user_id) VALUES (711, (SELECT projects.start_date + INTERVAL 32 DAY FROM projects WHERE projects.id=17), 1, 711, 17, 24);
INSERT INTO orders (order_id, created_at, delivery_id, payment_id, supporting_project_id) VALUES (711, (SELECT projects.start_date + INTERVAL 32 DAY FROM projects WHERE projects.id=17), 1, 711, 711);
INSERT INTO supporting_packages(id, option_list, package_count, order_id, project_package_id, supporting_project_id) VALUES (711, '["기획 가이드"]', 6, 711, 17, 711);
INSERT INTO supporting_projects(supporting_project_id, supported_at, delivery_id, payment_id, project_id, user_id) VALUES (712, (SELECT projects.start_date + INTERVAL 28 DAY FROM projects WHERE projects.id=17), 1, 712, 17, 26);
INSERT INTO orders (order_id, created_at, delivery_id, payment_id, supporting_project_id) VALUES (712, (SELECT projects.start_date + INTERVAL 28 DAY FROM projects WHERE projects.id=17), 1, 712, 712);
INSERT INTO supporting_packages(id, option_list, package_count, order_id, project_package_id, supporting_project_id) VALUES (712, '["촬영 장비"]', 9, 712, 17, 712);
INSERT INTO supporting_projects(supporting_project_id, supported_at, delivery_id, payment_id, project_id, user_id) VALUES (713, (SELECT projects.start_date + INTERVAL 28 DAY FROM projects WHERE projects.id=17), 1, 713, 17, 12);
INSERT INTO orders (order_id, created_at, delivery_id, payment_id, supporting_project_id) VALUES (713, (SELECT projects.start_date + INTERVAL 28 DAY FROM projects WHERE projects.id=17), 1, 713, 713);
INSERT INTO supporting_packages(id, option_list, package_count, order_id, project_package_id, supporting_project_id) VALUES (713, '["편집 소프트웨어"]', 1, 713, 17, 713);
INSERT INTO supporting_projects(supporting_project_id, supported_at, delivery_id, payment_id, project_id, user_id) VALUES (714, (SELECT projects.start_date + INTERVAL 39 DAY FROM projects WHERE projects.id=17), 1, 714, 17, 39);
INSERT INTO orders (order_id, created_at, delivery_id, payment_id, supporting_project_id) VALUES (714, (SELECT projects.start_date + INTERVAL 39 DAY FROM projects WHERE projects.id=17), 1, 714, 714);
INSERT INTO supporting_packages(id, option_list, package_count, order_id, project_package_id, supporting_project_id) VALUES (714, '["촬영 장비"]', 4, 714, 17, 714);
INSERT INTO supporting_projects(supporting_project_id, supported_at, delivery_id, payment_id, project_id, user_id) VALUES (715, (SELECT projects.start_date + INTERVAL 22 DAY FROM projects WHERE projects.id=17), 1, 715, 17, 17);
INSERT INTO orders (order_id, created_at, delivery_id, payment_id, supporting_project_id) VALUES (715, (SELECT projects.start_date + INTERVAL 22 DAY FROM projects WHERE projects.id=17), 1, 715, 715);
INSERT INTO supporting_packages(id, option_list, package_count, order_id, project_package_id, supporting_project_id) VALUES (715, '["촬영 장비"]', 4, 715, 17, 715);
INSERT INTO supporting_projects(supporting_project_id, supported_at, delivery_id, payment_id, project_id, user_id) VALUES (716, (SELECT projects.start_date + INTERVAL 30 DAY FROM projects WHERE projects.id=17), 1, 716, 17, 30);
INSERT INTO orders (order_id, created_at, delivery_id, payment_id, supporting_project_id) VALUES (716, (SELECT projects.start_date + INTERVAL 30 DAY FROM projects WHERE projects.id=17), 1, 716, 716);
INSERT INTO supporting_packages(id, option_list, package_count, order_id, project_package_id, supporting_project_id) VALUES (716, '["기획 가이드"]', 1, 716, 17, 716);
INSERT INTO supporting_projects(supporting_project_id, supported_at, delivery_id, payment_id, project_id, user_id) VALUES (717, (SELECT projects.start_date + INTERVAL 44 DAY FROM projects WHERE projects.id=17), 1, 717, 17, 32);
INSERT INTO orders (order_id, created_at, delivery_id, payment_id, supporting_project_id) VALUES (717, (SELECT projects.start_date + INTERVAL 44 DAY FROM projects WHERE projects.id=17), 1, 717, 717);
INSERT INTO supporting_packages(id, option_list, package_count, order_id, project_package_id, supporting_project_id) VALUES (717, '["기획 가이드"]', 7, 717, 17, 717);
INSERT INTO supporting_projects(supporting_project_id, supported_at, delivery_id, payment_id, project_id, user_id) VALUES (718, (SELECT projects.start_date + INTERVAL 42 DAY FROM projects WHERE projects.id=17), 1, 718, 17, 21);
INSERT INTO orders (order_id, created_at, delivery_id, payment_id, supporting_project_id) VALUES (718, (SELECT projects.start_date + INTERVAL 42 DAY FROM projects WHERE projects.id=17), 1, 718, 718);
INSERT INTO supporting_packages(id, option_list, package_count, order_id, project_package_id, supporting_project_id) VALUES (718, '["기획 가이드"]', 1, 718, 17, 718);
INSERT INTO supporting_projects(supporting_project_id, supported_at, delivery_id, payment_id, project_id, user_id) VALUES (719, (SELECT projects.start_date + INTERVAL 15 DAY FROM projects WHERE projects.id=17), 1, 719, 17, 3);
INSERT INTO orders (order_id, created_at, delivery_id, payment_id, supporting_project_id) VALUES (719, (SELECT projects.start_date + INTERVAL 15 DAY FROM projects WHERE projects.id=17), 1, 719, 719);
INSERT INTO supporting_packages(id, option_list, package_count, order_id, project_package_id, supporting_project_id) VALUES (719, '["편집 소프트웨어"]', 9, 719, 17, 719);
INSERT INTO supporting_projects(supporting_project_id, supported_at, delivery_id, payment_id, project_id, user_id) VALUES (720, (SELECT projects.start_date + INTERVAL 21 DAY FROM projects WHERE projects.id=17), 1, 720, 17, 14);
INSERT INTO orders (order_id, created_at, delivery_id, payment_id, supporting_project_id) VALUES (720, (SELECT projects.start_date + INTERVAL 21 DAY FROM projects WHERE projects.id=17), 1, 720, 720);
INSERT INTO supporting_packages(id, option_list, package_count, order_id, project_package_id, supporting_project_id) VALUES (720, '["촬영 장비"]', 6, 720, 17, 720);
INSERT INTO supporting_projects(supporting_project_id, supported_at, delivery_id, payment_id, project_id, user_id) VALUES (721, (SELECT projects.start_date + INTERVAL 6 DAY FROM projects WHERE projects.id=17), 1, 721, 17, 22);
INSERT INTO orders (order_id, created_at, delivery_id, payment_id, supporting_project_id) VALUES (721, (SELECT projects.start_date + INTERVAL 6 DAY FROM projects WHERE projects.id=17), 1, 721, 721);
INSERT INTO supporting_packages(id, option_list, package_count, order_id, project_package_id, supporting_project_id) VALUES (721, '["편집 소프트웨어"]', 10, 721, 17, 721);
INSERT INTO supporting_projects(supporting_project_id, supported_at, delivery_id, payment_id, project_id, user_id) VALUES (722, (SELECT projects.start_date + INTERVAL 20 DAY FROM projects WHERE projects.id=17), 1, 722, 17, 21);
INSERT INTO orders (order_id, created_at, delivery_id, payment_id, supporting_project_id) VALUES (722, (SELECT projects.start_date + INTERVAL 20 DAY FROM projects WHERE projects.id=17), 1, 722, 722);
INSERT INTO supporting_packages(id, option_list, package_count, order_id, project_package_id, supporting_project_id) VALUES (722, '["편집 소프트웨어"]', 9, 722, 17, 722);
INSERT INTO supporting_projects(supporting_project_id, supported_at, delivery_id, payment_id, project_id, user_id) VALUES (723, (SELECT projects.start_date + INTERVAL 7 DAY FROM projects WHERE projects.id=17), 1, 723, 17, 14);
INSERT INTO orders (order_id, created_at, delivery_id, payment_id, supporting_project_id) VALUES (723, (SELECT projects.start_date + INTERVAL 7 DAY FROM projects WHERE projects.id=17), 1, 723, 723);
INSERT INTO supporting_packages(id, option_list, package_count, order_id, project_package_id, supporting_project_id) VALUES (723, '["편집 소프트웨어"]', 5, 723, 17, 723);
INSERT INTO supporting_projects(supporting_project_id, supported_at, delivery_id, payment_id, project_id, user_id) VALUES (724, (SELECT projects.start_date + INTERVAL 21 DAY FROM projects WHERE projects.id=17), 1, 724, 17, 14);
INSERT INTO orders (order_id, created_at, delivery_id, payment_id, supporting_project_id) VALUES (724, (SELECT projects.start_date + INTERVAL 21 DAY FROM projects WHERE projects.id=17), 1, 724, 724);
INSERT INTO supporting_packages(id, option_list, package_count, order_id, project_package_id, supporting_project_id) VALUES (724, '["편집 소프트웨어"]', 6, 724, 17, 724);
INSERT INTO supporting_projects(supporting_project_id, supported_at, delivery_id, payment_id, project_id, user_id) VALUES (725, (SELECT projects.start_date + INTERVAL 46 DAY FROM projects WHERE projects.id=17), 1, 725, 17, 13);
INSERT INTO orders (order_id, created_at, delivery_id, payment_id, supporting_project_id) VALUES (725, (SELECT projects.start_date + INTERVAL 46 DAY FROM projects WHERE projects.id=17), 1, 725, 725);
INSERT INTO supporting_packages(id, option_list, package_count, order_id, project_package_id, supporting_project_id) VALUES (725, '["편집 소프트웨어"]', 6, 725, 17, 725);
INSERT INTO supporting_projects(supporting_project_id, supported_at, delivery_id, payment_id, project_id, user_id) VALUES (726, (SELECT projects.start_date + INTERVAL 39 DAY FROM projects WHERE projects.id=17), 1, 726, 17, 6);
INSERT INTO orders (order_id, created_at, delivery_id, payment_id, supporting_project_id) VALUES (726, (SELECT projects.start_date + INTERVAL 39 DAY FROM projects WHERE projects.id=17), 1, 726, 726);
INSERT INTO supporting_packages(id, option_list, package_count, order_id, project_package_id, supporting_project_id) VALUES (726, '["기획 가이드"]', 10, 726, 17, 726);
INSERT INTO supporting_projects(supporting_project_id, supported_at, delivery_id, payment_id, project_id, user_id) VALUES (727, (SELECT projects.start_date + INTERVAL 25 DAY FROM projects WHERE projects.id=17), 1, 727, 17, 34);
INSERT INTO orders (order_id, created_at, delivery_id, payment_id, supporting_project_id) VALUES (727, (SELECT projects.start_date + INTERVAL 25 DAY FROM projects WHERE projects.id=17), 1, 727, 727);
INSERT INTO supporting_packages(id, option_list, package_count, order_id, project_package_id, supporting_project_id) VALUES (727, '["기획 가이드"]', 9, 727, 17, 727);
INSERT INTO supporting_projects(supporting_project_id, supported_at, delivery_id, payment_id, project_id, user_id) VALUES (728, (SELECT projects.start_date + INTERVAL 39 DAY FROM projects WHERE projects.id=17), 1, 728, 17, 7);
INSERT INTO orders (order_id, created_at, delivery_id, payment_id, supporting_project_id) VALUES (728, (SELECT projects.start_date + INTERVAL 39 DAY FROM projects WHERE projects.id=17), 1, 728, 728);
INSERT INTO supporting_packages(id, option_list, package_count, order_id, project_package_id, supporting_project_id) VALUES (728, '["기획 가이드"]', 6, 728, 17, 728);
INSERT INTO supporting_projects(supporting_project_id, supported_at, delivery_id, payment_id, project_id, user_id) VALUES (729, (SELECT projects.start_date + INTERVAL 39 DAY FROM projects WHERE projects.id=17), 1, 729, 17, 24);
INSERT INTO orders (order_id, created_at, delivery_id, payment_id, supporting_project_id) VALUES (729, (SELECT projects.start_date + INTERVAL 39 DAY FROM projects WHERE projects.id=17), 1, 729, 729);
INSERT INTO supporting_packages(id, option_list, package_count, order_id, project_package_id, supporting_project_id) VALUES (729, '["촬영 장비"]', 8, 729, 17, 729);
INSERT INTO supporting_projects(supporting_project_id, supported_at, delivery_id, payment_id, project_id, user_id) VALUES (730, (SELECT projects.start_date + INTERVAL 40 DAY FROM projects WHERE projects.id=17), 1, 730, 17, 15);
INSERT INTO orders (order_id, created_at, delivery_id, payment_id, supporting_project_id) VALUES (730, (SELECT projects.start_date + INTERVAL 40 DAY FROM projects WHERE projects.id=17), 1, 730, 730);
INSERT INTO supporting_packages(id, option_list, package_count, order_id, project_package_id, supporting_project_id) VALUES (730, '["기획 가이드"]', 7, 730, 17, 730);
INSERT INTO supporting_projects(supporting_project_id, supported_at, delivery_id, payment_id, project_id, user_id) VALUES (731, (SELECT projects.start_date + INTERVAL 44 DAY FROM projects WHERE projects.id=17), 1, 731, 17, 26);
INSERT INTO orders (order_id, created_at, delivery_id, payment_id, supporting_project_id) VALUES (731, (SELECT projects.start_date + INTERVAL 44 DAY FROM projects WHERE projects.id=17), 1, 731, 731);
INSERT INTO supporting_packages(id, option_list, package_count, order_id, project_package_id, supporting_project_id) VALUES (731, '["촬영 장비"]', 4, 731, 17, 731);
INSERT INTO supporting_projects(supporting_project_id, supported_at, delivery_id, payment_id, project_id, user_id) VALUES (732, (SELECT projects.start_date + INTERVAL 40 DAY FROM projects WHERE projects.id=17), 1, 732, 17, 33);
INSERT INTO orders (order_id, created_at, delivery_id, payment_id, supporting_project_id) VALUES (732, (SELECT projects.start_date + INTERVAL 40 DAY FROM projects WHERE projects.id=17), 1, 732, 732);
INSERT INTO supporting_packages(id, option_list, package_count, order_id, project_package_id, supporting_project_id) VALUES (732, '["기획 가이드"]', 3, 732, 17, 732);
INSERT INTO supporting_projects(supporting_project_id, supported_at, delivery_id, payment_id, project_id, user_id) VALUES (733, (SELECT projects.start_date + INTERVAL 31 DAY FROM projects WHERE projects.id=17), 1, 733, 17, 32);
INSERT INTO orders (order_id, created_at, delivery_id, payment_id, supporting_project_id) VALUES (733, (SELECT projects.start_date + INTERVAL 31 DAY FROM projects WHERE projects.id=17), 1, 733, 733);
INSERT INTO supporting_packages(id, option_list, package_count, order_id, project_package_id, supporting_project_id) VALUES (733, '["촬영 장비"]', 5, 733, 17, 733);
INSERT INTO supporting_projects(supporting_project_id, supported_at, delivery_id, payment_id, project_id, user_id) VALUES (734, (SELECT projects.start_date + INTERVAL 48 DAY FROM projects WHERE projects.id=17), 1, 734, 17, 19);
INSERT INTO orders (order_id, created_at, delivery_id, payment_id, supporting_project_id) VALUES (734, (SELECT projects.start_date + INTERVAL 48 DAY FROM projects WHERE projects.id=17), 1, 734, 734);
INSERT INTO supporting_packages(id, option_list, package_count, order_id, project_package_id, supporting_project_id) VALUES (734, '["기획 가이드"]', 10, 734, 17, 734);
INSERT INTO supporting_projects(supporting_project_id, supported_at, delivery_id, payment_id, project_id, user_id) VALUES (735, (SELECT projects.start_date + INTERVAL 20 DAY FROM projects WHERE projects.id=17), 1, 735, 17, 24);
INSERT INTO orders (order_id, created_at, delivery_id, payment_id, supporting_project_id) VALUES (735, (SELECT projects.start_date + INTERVAL 20 DAY FROM projects WHERE projects.id=17), 1, 735, 735);
INSERT INTO supporting_packages(id, option_list, package_count, order_id, project_package_id, supporting_project_id) VALUES (735, '["기획 가이드"]', 1, 735, 17, 735);
INSERT INTO supporting_projects(supporting_project_id, supported_at, delivery_id, payment_id, project_id, user_id) VALUES (736, (SELECT projects.start_date + INTERVAL 9 DAY FROM projects WHERE projects.id=17), 1, 736, 17, 25);
INSERT INTO orders (order_id, created_at, delivery_id, payment_id, supporting_project_id) VALUES (736, (SELECT projects.start_date + INTERVAL 9 DAY FROM projects WHERE projects.id=17), 1, 736, 736);
INSERT INTO supporting_packages(id, option_list, package_count, order_id, project_package_id, supporting_project_id) VALUES (736, '["촬영 장비"]', 4, 736, 17, 736);
INSERT INTO supporting_projects(supporting_project_id, supported_at, delivery_id, payment_id, project_id, user_id) VALUES (737, (SELECT projects.start_date + INTERVAL 47 DAY FROM projects WHERE projects.id=17), 1, 737, 17, 34);
INSERT INTO orders (order_id, created_at, delivery_id, payment_id, supporting_project_id) VALUES (737, (SELECT projects.start_date + INTERVAL 47 DAY FROM projects WHERE projects.id=17), 1, 737, 737);
INSERT INTO supporting_packages(id, option_list, package_count, order_id, project_package_id, supporting_project_id) VALUES (737, '["촬영 장비"]', 7, 737, 17, 737);
INSERT INTO supporting_projects(supporting_project_id, supported_at, delivery_id, payment_id, project_id, user_id) VALUES (738, (SELECT projects.start_date + INTERVAL 29 DAY FROM projects WHERE projects.id=17), 1, 738, 17, 3);
INSERT INTO orders (order_id, created_at, delivery_id, payment_id, supporting_project_id) VALUES (738, (SELECT projects.start_date + INTERVAL 29 DAY FROM projects WHERE projects.id=17), 1, 738, 738);
INSERT INTO supporting_packages(id, option_list, package_count, order_id, project_package_id, supporting_project_id) VALUES (738, '["촬영 장비"]', 1, 738, 17, 738);
INSERT INTO supporting_projects(supporting_project_id, supported_at, delivery_id, payment_id, project_id, user_id) VALUES (739, (SELECT projects.start_date + INTERVAL 26 DAY FROM projects WHERE projects.id=17), 1, 739, 17, 34);
INSERT INTO orders (order_id, created_at, delivery_id, payment_id, supporting_project_id) VALUES (739, (SELECT projects.start_date + INTERVAL 26 DAY FROM projects WHERE projects.id=17), 1, 739, 739);
INSERT INTO supporting_packages(id, option_list, package_count, order_id, project_package_id, supporting_project_id) VALUES (739, '["편집 소프트웨어"]', 5, 739, 17, 739);
INSERT INTO supporting_projects(supporting_project_id, supported_at, delivery_id, payment_id, project_id, user_id) VALUES (740, (SELECT projects.start_date + INTERVAL 10 DAY FROM projects WHERE projects.id=17), 1, 740, 17, 30);
INSERT INTO orders (order_id, created_at, delivery_id, payment_id, supporting_project_id) VALUES (740, (SELECT projects.start_date + INTERVAL 10 DAY FROM projects WHERE projects.id=17), 1, 740, 740);
INSERT INTO supporting_packages(id, option_list, package_count, order_id, project_package_id, supporting_project_id) VALUES (740, '["편집 소프트웨어"]', 8, 740, 17, 740);
INSERT INTO supporting_projects(supporting_project_id, supported_at, delivery_id, payment_id, project_id, user_id) VALUES (741, (SELECT projects.start_date + INTERVAL 29 DAY FROM projects WHERE projects.id=17), 1, 741, 17, 39);
INSERT INTO orders (order_id, created_at, delivery_id, payment_id, supporting_project_id) VALUES (741, (SELECT projects.start_date + INTERVAL 29 DAY FROM projects WHERE projects.id=17), 1, 741, 741);
INSERT INTO supporting_packages(id, option_list, package_count, order_id, project_package_id, supporting_project_id) VALUES (741, '["기획 가이드"]', 3, 741, 17, 741);
INSERT INTO supporting_projects(supporting_project_id, supported_at, delivery_id, payment_id, project_id, user_id) VALUES (742, (SELECT projects.start_date + INTERVAL 1 DAY FROM projects WHERE projects.id=17), 1, 742, 17, 19);
INSERT INTO orders (order_id, created_at, delivery_id, payment_id, supporting_project_id) VALUES (742, (SELECT projects.start_date + INTERVAL 1 DAY FROM projects WHERE projects.id=17), 1, 742, 742);
INSERT INTO supporting_packages(id, option_list, package_count, order_id, project_package_id, supporting_project_id) VALUES (742, '["편집 소프트웨어"]', 6, 742, 17, 742);
INSERT INTO supporting_projects(supporting_project_id, supported_at, delivery_id, payment_id, project_id, user_id) VALUES (743, (SELECT projects.start_date + INTERVAL 41 DAY FROM projects WHERE projects.id=19), 1, 743, 19, 34);
INSERT INTO orders (order_id, created_at, delivery_id, payment_id, supporting_project_id) VALUES (743, (SELECT projects.start_date + INTERVAL 41 DAY FROM projects WHERE projects.id=19), 1, 743, 743);
INSERT INTO supporting_packages(id, option_list, package_count, order_id, project_package_id, supporting_project_id) VALUES (743, '["기초"]', 7, 743, 19, 743);
INSERT INTO supporting_projects(supporting_project_id, supported_at, delivery_id, payment_id, project_id, user_id) VALUES (744, (SELECT projects.start_date + INTERVAL 34 DAY FROM projects WHERE projects.id=19), 1, 744, 19, 33);
INSERT INTO orders (order_id, created_at, delivery_id, payment_id, supporting_project_id) VALUES (744, (SELECT projects.start_date + INTERVAL 34 DAY FROM projects WHERE projects.id=19), 1, 744, 744);
INSERT INTO supporting_packages(id, option_list, package_count, order_id, project_package_id, supporting_project_id) VALUES (744, '["창작"]', 1, 744, 19, 744);
INSERT INTO supporting_projects(supporting_project_id, supported_at, delivery_id, payment_id, project_id, user_id) VALUES (745, (SELECT projects.start_date + INTERVAL 13 DAY FROM projects WHERE projects.id=19), 1, 745, 19, 18);
INSERT INTO orders (order_id, created_at, delivery_id, payment_id, supporting_project_id) VALUES (745, (SELECT projects.start_date + INTERVAL 13 DAY FROM projects WHERE projects.id=19), 1, 745, 745);
INSERT INTO supporting_packages(id, option_list, package_count, order_id, project_package_id, supporting_project_id) VALUES (745, '["창작"]', 3, 745, 19, 745);
INSERT INTO supporting_projects(supporting_project_id, supported_at, delivery_id, payment_id, project_id, user_id) VALUES (746, (SELECT projects.start_date + INTERVAL 40 DAY FROM projects WHERE projects.id=19), 1, 746, 19, 38);
INSERT INTO orders (order_id, created_at, delivery_id, payment_id, supporting_project_id) VALUES (746, (SELECT projects.start_date + INTERVAL 40 DAY FROM projects WHERE projects.id=19), 1, 746, 746);
INSERT INTO supporting_packages(id, option_list, package_count, order_id, project_package_id, supporting_project_id) VALUES (746, '["응용"]', 9, 746, 19, 746);
INSERT INTO supporting_projects(supporting_project_id, supported_at, delivery_id, payment_id, project_id, user_id) VALUES (747, (SELECT projects.start_date + INTERVAL 3 DAY FROM projects WHERE projects.id=19), 1, 747, 19, 15);
INSERT INTO orders (order_id, created_at, delivery_id, payment_id, supporting_project_id) VALUES (747, (SELECT projects.start_date + INTERVAL 3 DAY FROM projects WHERE projects.id=19), 1, 747, 747);
INSERT INTO supporting_packages(id, option_list, package_count, order_id, project_package_id, supporting_project_id) VALUES (747, '["창작"]', 3, 747, 19, 747);
INSERT INTO supporting_projects(supporting_project_id, supported_at, delivery_id, payment_id, project_id, user_id) VALUES (748, (SELECT projects.start_date + INTERVAL 46 DAY FROM projects WHERE projects.id=19), 1, 748, 19, 26);
INSERT INTO orders (order_id, created_at, delivery_id, payment_id, supporting_project_id) VALUES (748, (SELECT projects.start_date + INTERVAL 46 DAY FROM projects WHERE projects.id=19), 1, 748, 748);
INSERT INTO supporting_packages(id, option_list, package_count, order_id, project_package_id, supporting_project_id) VALUES (748, '["창작"]', 9, 748, 19, 748);
INSERT INTO supporting_projects(supporting_project_id, supported_at, delivery_id, payment_id, project_id, user_id) VALUES (749, (SELECT projects.start_date + INTERVAL 3 DAY FROM projects WHERE projects.id=19), 1, 749, 19, 33);
INSERT INTO orders (order_id, created_at, delivery_id, payment_id, supporting_project_id) VALUES (749, (SELECT projects.start_date + INTERVAL 3 DAY FROM projects WHERE projects.id=19), 1, 749, 749);
INSERT INTO supporting_packages(id, option_list, package_count, order_id, project_package_id, supporting_project_id) VALUES (749, '["기초"]', 2, 749, 19, 749);
INSERT INTO supporting_projects(supporting_project_id, supported_at, delivery_id, payment_id, project_id, user_id) VALUES (750, (SELECT projects.start_date + INTERVAL 18 DAY FROM projects WHERE projects.id=19), 1, 750, 19, 1);
INSERT INTO orders (order_id, created_at, delivery_id, payment_id, supporting_project_id) VALUES (750, (SELECT projects.start_date + INTERVAL 18 DAY FROM projects WHERE projects.id=19), 1, 750, 750);
INSERT INTO supporting_packages(id, option_list, package_count, order_id, project_package_id, supporting_project_id) VALUES (750, '["기초"]', 8, 750, 19, 750);
INSERT INTO supporting_projects(supporting_project_id, supported_at, delivery_id, payment_id, project_id, user_id) VALUES (751, (SELECT projects.start_date + INTERVAL 43 DAY FROM projects WHERE projects.id=19), 1, 751, 19, 15);
INSERT INTO orders (order_id, created_at, delivery_id, payment_id, supporting_project_id) VALUES (751, (SELECT projects.start_date + INTERVAL 43 DAY FROM projects WHERE projects.id=19), 1, 751, 751);
INSERT INTO supporting_packages(id, option_list, package_count, order_id, project_package_id, supporting_project_id) VALUES (751, '["응용"]', 8, 751, 19, 751);
INSERT INTO supporting_projects(supporting_project_id, supported_at, delivery_id, payment_id, project_id, user_id) VALUES (752, (SELECT projects.start_date + INTERVAL 28 DAY FROM projects WHERE projects.id=19), 1, 752, 19, 33);
INSERT INTO orders (order_id, created_at, delivery_id, payment_id, supporting_project_id) VALUES (752, (SELECT projects.start_date + INTERVAL 28 DAY FROM projects WHERE projects.id=19), 1, 752, 752);
INSERT INTO supporting_packages(id, option_list, package_count, order_id, project_package_id, supporting_project_id) VALUES (752, '["기초"]', 8, 752, 19, 752);
INSERT INTO supporting_projects(supporting_project_id, supported_at, delivery_id, payment_id, project_id, user_id) VALUES (753, (SELECT projects.start_date + INTERVAL 5 DAY FROM projects WHERE projects.id=19), 1, 753, 19, 20);
INSERT INTO orders (order_id, created_at, delivery_id, payment_id, supporting_project_id) VALUES (753, (SELECT projects.start_date + INTERVAL 5 DAY FROM projects WHERE projects.id=19), 1, 753, 753);
INSERT INTO supporting_packages(id, option_list, package_count, order_id, project_package_id, supporting_project_id) VALUES (753, '["창작"]', 8, 753, 19, 753);
INSERT INTO supporting_projects(supporting_project_id, supported_at, delivery_id, payment_id, project_id, user_id) VALUES (754, (SELECT projects.start_date + INTERVAL 26 DAY FROM projects WHERE projects.id=19), 1, 754, 19, 32);
INSERT INTO orders (order_id, created_at, delivery_id, payment_id, supporting_project_id) VALUES (754, (SELECT projects.start_date + INTERVAL 26 DAY FROM projects WHERE projects.id=19), 1, 754, 754);
INSERT INTO supporting_packages(id, option_list, package_count, order_id, project_package_id, supporting_project_id) VALUES (754, '["응용"]', 6, 754, 19, 754);
INSERT INTO supporting_projects(supporting_project_id, supported_at, delivery_id, payment_id, project_id, user_id) VALUES (755, (SELECT projects.start_date + INTERVAL 12 DAY FROM projects WHERE projects.id=19), 1, 755, 19, 9);
INSERT INTO orders (order_id, created_at, delivery_id, payment_id, supporting_project_id) VALUES (755, (SELECT projects.start_date + INTERVAL 12 DAY FROM projects WHERE projects.id=19), 1, 755, 755);
INSERT INTO supporting_packages(id, option_list, package_count, order_id, project_package_id, supporting_project_id) VALUES (755, '["기초"]', 4, 755, 19, 755);
INSERT INTO supporting_projects(supporting_project_id, supported_at, delivery_id, payment_id, project_id, user_id) VALUES (756, (SELECT projects.start_date + INTERVAL 3 DAY FROM projects WHERE projects.id=19), 1, 756, 19, 39);
INSERT INTO orders (order_id, created_at, delivery_id, payment_id, supporting_project_id) VALUES (756, (SELECT projects.start_date + INTERVAL 3 DAY FROM projects WHERE projects.id=19), 1, 756, 756);
INSERT INTO supporting_packages(id, option_list, package_count, order_id, project_package_id, supporting_project_id) VALUES (756, '["응용"]', 5, 756, 19, 756);
INSERT INTO supporting_projects(supporting_project_id, supported_at, delivery_id, payment_id, project_id, user_id) VALUES (757, (SELECT projects.start_date + INTERVAL 4 DAY FROM projects WHERE projects.id=19), 1, 757, 19, 36);
INSERT INTO orders (order_id, created_at, delivery_id, payment_id, supporting_project_id) VALUES (757, (SELECT projects.start_date + INTERVAL 4 DAY FROM projects WHERE projects.id=19), 1, 757, 757);
INSERT INTO supporting_packages(id, option_list, package_count, order_id, project_package_id, supporting_project_id) VALUES (757, '["기초"]', 5, 757, 19, 757);
INSERT INTO supporting_projects(supporting_project_id, supported_at, delivery_id, payment_id, project_id, user_id) VALUES (758, (SELECT projects.start_date + INTERVAL 29 DAY FROM projects WHERE projects.id=19), 1, 758, 19, 16);
INSERT INTO orders (order_id, created_at, delivery_id, payment_id, supporting_project_id) VALUES (758, (SELECT projects.start_date + INTERVAL 29 DAY FROM projects WHERE projects.id=19), 1, 758, 758);
INSERT INTO supporting_packages(id, option_list, package_count, order_id, project_package_id, supporting_project_id) VALUES (758, '["창작"]', 2, 758, 19, 758);
INSERT INTO supporting_projects(supporting_project_id, supported_at, delivery_id, payment_id, project_id, user_id) VALUES (759, (SELECT projects.start_date + INTERVAL 24 DAY FROM projects WHERE projects.id=19), 1, 759, 19, 38);
INSERT INTO orders (order_id, created_at, delivery_id, payment_id, supporting_project_id) VALUES (759, (SELECT projects.start_date + INTERVAL 24 DAY FROM projects WHERE projects.id=19), 1, 759, 759);
INSERT INTO supporting_packages(id, option_list, package_count, order_id, project_package_id, supporting_project_id) VALUES (759, '["응용"]', 8, 759, 19, 759);
INSERT INTO supporting_projects(supporting_project_id, supported_at, delivery_id, payment_id, project_id, user_id) VALUES (760, (SELECT projects.start_date + INTERVAL 10 DAY FROM projects WHERE projects.id=19), 1, 760, 19, 32);
INSERT INTO orders (order_id, created_at, delivery_id, payment_id, supporting_project_id) VALUES (760, (SELECT projects.start_date + INTERVAL 10 DAY FROM projects WHERE projects.id=19), 1, 760, 760);
INSERT INTO supporting_packages(id, option_list, package_count, order_id, project_package_id, supporting_project_id) VALUES (760, '["기초"]', 3, 760, 19, 760);
INSERT INTO supporting_projects(supporting_project_id, supported_at, delivery_id, payment_id, project_id, user_id) VALUES (761, (SELECT projects.start_date + INTERVAL 3 DAY FROM projects WHERE projects.id=19), 1, 761, 19, 1);
INSERT INTO orders (order_id, created_at, delivery_id, payment_id, supporting_project_id) VALUES (761, (SELECT projects.start_date + INTERVAL 3 DAY FROM projects WHERE projects.id=19), 1, 761, 761);
INSERT INTO supporting_packages(id, option_list, package_count, order_id, project_package_id, supporting_project_id) VALUES (761, '["창작"]', 10, 761, 19, 761);
INSERT INTO supporting_projects(supporting_project_id, supported_at, delivery_id, payment_id, project_id, user_id) VALUES (762, (SELECT projects.start_date + INTERVAL 50 DAY FROM projects WHERE projects.id=19), 1, 762, 19, 1);
INSERT INTO orders (order_id, created_at, delivery_id, payment_id, supporting_project_id) VALUES (762, (SELECT projects.start_date + INTERVAL 50 DAY FROM projects WHERE projects.id=19), 1, 762, 762);
INSERT INTO supporting_packages(id, option_list, package_count, order_id, project_package_id, supporting_project_id) VALUES (762, '["창작"]', 7, 762, 19, 762);
INSERT INTO supporting_projects(supporting_project_id, supported_at, delivery_id, payment_id, project_id, user_id) VALUES (763, (SELECT projects.start_date + INTERVAL 22 DAY FROM projects WHERE projects.id=19), 1, 763, 19, 9);
INSERT INTO orders (order_id, created_at, delivery_id, payment_id, supporting_project_id) VALUES (763, (SELECT projects.start_date + INTERVAL 22 DAY FROM projects WHERE projects.id=19), 1, 763, 763);
INSERT INTO supporting_packages(id, option_list, package_count, order_id, project_package_id, supporting_project_id) VALUES (763, '["창작"]', 7, 763, 19, 763);
INSERT INTO supporting_projects(supporting_project_id, supported_at, delivery_id, payment_id, project_id, user_id) VALUES (764, (SELECT projects.start_date + INTERVAL 34 DAY FROM projects WHERE projects.id=19), 1, 764, 19, 8);
INSERT INTO orders (order_id, created_at, delivery_id, payment_id, supporting_project_id) VALUES (764, (SELECT projects.start_date + INTERVAL 34 DAY FROM projects WHERE projects.id=19), 1, 764, 764);
INSERT INTO supporting_packages(id, option_list, package_count, order_id, project_package_id, supporting_project_id) VALUES (764, '["창작"]', 10, 764, 19, 764);
INSERT INTO supporting_projects(supporting_project_id, supported_at, delivery_id, payment_id, project_id, user_id) VALUES (765, (SELECT projects.start_date + INTERVAL 2 DAY FROM projects WHERE projects.id=19), 1, 765, 19, 29);
INSERT INTO orders (order_id, created_at, delivery_id, payment_id, supporting_project_id) VALUES (765, (SELECT projects.start_date + INTERVAL 2 DAY FROM projects WHERE projects.id=19), 1, 765, 765);
INSERT INTO supporting_packages(id, option_list, package_count, order_id, project_package_id, supporting_project_id) VALUES (765, '["기초"]', 9, 765, 19, 765);
INSERT INTO supporting_projects(supporting_project_id, supported_at, delivery_id, payment_id, project_id, user_id) VALUES (766, (SELECT projects.start_date + INTERVAL 21 DAY FROM projects WHERE projects.id=19), 1, 766, 19, 38);
INSERT INTO orders (order_id, created_at, delivery_id, payment_id, supporting_project_id) VALUES (766, (SELECT projects.start_date + INTERVAL 21 DAY FROM projects WHERE projects.id=19), 1, 766, 766);
INSERT INTO supporting_packages(id, option_list, package_count, order_id, project_package_id, supporting_project_id) VALUES (766, '["창작"]', 8, 766, 19, 766);
INSERT INTO supporting_projects(supporting_project_id, supported_at, delivery_id, payment_id, project_id, user_id) VALUES (767, (SELECT projects.start_date + INTERVAL 7 DAY FROM projects WHERE projects.id=19), 1, 767, 19, 4);
INSERT INTO orders (order_id, created_at, delivery_id, payment_id, supporting_project_id) VALUES (767, (SELECT projects.start_date + INTERVAL 7 DAY FROM projects WHERE projects.id=19), 1, 767, 767);
INSERT INTO supporting_packages(id, option_list, package_count, order_id, project_package_id, supporting_project_id) VALUES (767, '["응용"]', 5, 767, 19, 767);
INSERT INTO supporting_projects(supporting_project_id, supported_at, delivery_id, payment_id, project_id, user_id) VALUES (768, (SELECT projects.start_date + INTERVAL 50 DAY FROM projects WHERE projects.id=19), 1, 768, 19, 32);
INSERT INTO orders (order_id, created_at, delivery_id, payment_id, supporting_project_id) VALUES (768, (SELECT projects.start_date + INTERVAL 50 DAY FROM projects WHERE projects.id=19), 1, 768, 768);
INSERT INTO supporting_packages(id, option_list, package_count, order_id, project_package_id, supporting_project_id) VALUES (768, '["응용"]', 6, 768, 19, 768);
INSERT INTO supporting_projects(supporting_project_id, supported_at, delivery_id, payment_id, project_id, user_id) VALUES (769, (SELECT projects.start_date + INTERVAL 8 DAY FROM projects WHERE projects.id=19), 1, 769, 19, 27);
INSERT INTO orders (order_id, created_at, delivery_id, payment_id, supporting_project_id) VALUES (769, (SELECT projects.start_date + INTERVAL 8 DAY FROM projects WHERE projects.id=19), 1, 769, 769);
INSERT INTO supporting_packages(id, option_list, package_count, order_id, project_package_id, supporting_project_id) VALUES (769, '["기초"]', 10, 769, 19, 769);
INSERT INTO supporting_projects(supporting_project_id, supported_at, delivery_id, payment_id, project_id, user_id) VALUES (770, (SELECT projects.start_date + INTERVAL 37 DAY FROM projects WHERE projects.id=19), 1, 770, 19, 2);
INSERT INTO orders (order_id, created_at, delivery_id, payment_id, supporting_project_id) VALUES (770, (SELECT projects.start_date + INTERVAL 37 DAY FROM projects WHERE projects.id=19), 1, 770, 770);
INSERT INTO supporting_packages(id, option_list, package_count, order_id, project_package_id, supporting_project_id) VALUES (770, '["응용"]', 7, 770, 19, 770);
INSERT INTO supporting_projects(supporting_project_id, supported_at, delivery_id, payment_id, project_id, user_id) VALUES (771, (SELECT projects.start_date + INTERVAL 23 DAY FROM projects WHERE projects.id=19), 1, 771, 19, 20);
INSERT INTO orders (order_id, created_at, delivery_id, payment_id, supporting_project_id) VALUES (771, (SELECT projects.start_date + INTERVAL 23 DAY FROM projects WHERE projects.id=19), 1, 771, 771);
INSERT INTO supporting_packages(id, option_list, package_count, order_id, project_package_id, supporting_project_id) VALUES (771, '["기초"]', 9, 771, 19, 771);
INSERT INTO supporting_projects(supporting_project_id, supported_at, delivery_id, payment_id, project_id, user_id) VALUES (772, (SELECT projects.start_date + INTERVAL 30 DAY FROM projects WHERE projects.id=19), 1, 772, 19, 37);
INSERT INTO orders (order_id, created_at, delivery_id, payment_id, supporting_project_id) VALUES (772, (SELECT projects.start_date + INTERVAL 30 DAY FROM projects WHERE projects.id=19), 1, 772, 772);
INSERT INTO supporting_packages(id, option_list, package_count, order_id, project_package_id, supporting_project_id) VALUES (772, '["기초"]', 1, 772, 19, 772);
INSERT INTO supporting_projects(supporting_project_id, supported_at, delivery_id, payment_id, project_id, user_id) VALUES (773, (SELECT projects.start_date + INTERVAL 31 DAY FROM projects WHERE projects.id=19), 1, 773, 19, 21);
INSERT INTO orders (order_id, created_at, delivery_id, payment_id, supporting_project_id) VALUES (773, (SELECT projects.start_date + INTERVAL 31 DAY FROM projects WHERE projects.id=19), 1, 773, 773);
INSERT INTO supporting_packages(id, option_list, package_count, order_id, project_package_id, supporting_project_id) VALUES (773, '["응용"]', 1, 773, 19, 773);
INSERT INTO supporting_projects(supporting_project_id, supported_at, delivery_id, payment_id, project_id, user_id) VALUES (774, (SELECT projects.start_date + INTERVAL 17 DAY FROM projects WHERE projects.id=19), 1, 774, 19, 13);
INSERT INTO orders (order_id, created_at, delivery_id, payment_id, supporting_project_id) VALUES (774, (SELECT projects.start_date + INTERVAL 17 DAY FROM projects WHERE projects.id=19), 1, 774, 774);
INSERT INTO supporting_packages(id, option_list, package_count, order_id, project_package_id, supporting_project_id) VALUES (774, '["기초"]', 10, 774, 19, 774);
INSERT INTO supporting_projects(supporting_project_id, supported_at, delivery_id, payment_id, project_id, user_id) VALUES (775, (SELECT projects.start_date + INTERVAL 9 DAY FROM projects WHERE projects.id=19), 1, 775, 19, 36);
INSERT INTO orders (order_id, created_at, delivery_id, payment_id, supporting_project_id) VALUES (775, (SELECT projects.start_date + INTERVAL 9 DAY FROM projects WHERE projects.id=19), 1, 775, 775);
INSERT INTO supporting_packages(id, option_list, package_count, order_id, project_package_id, supporting_project_id) VALUES (775, '["기초"]', 6, 775, 19, 775);
INSERT INTO supporting_projects(supporting_project_id, supported_at, delivery_id, payment_id, project_id, user_id) VALUES (776, (SELECT projects.start_date + INTERVAL 8 DAY FROM projects WHERE projects.id=19), 1, 776, 19, 14);
INSERT INTO orders (order_id, created_at, delivery_id, payment_id, supporting_project_id) VALUES (776, (SELECT projects.start_date + INTERVAL 8 DAY FROM projects WHERE projects.id=19), 1, 776, 776);
INSERT INTO supporting_packages(id, option_list, package_count, order_id, project_package_id, supporting_project_id) VALUES (776, '["창작"]', 3, 776, 19, 776);
INSERT INTO supporting_projects(supporting_project_id, supported_at, delivery_id, payment_id, project_id, user_id) VALUES (777, (SELECT projects.start_date + INTERVAL 8 DAY FROM projects WHERE projects.id=19), 1, 777, 19, 32);
INSERT INTO orders (order_id, created_at, delivery_id, payment_id, supporting_project_id) VALUES (777, (SELECT projects.start_date + INTERVAL 8 DAY FROM projects WHERE projects.id=19), 1, 777, 777);
INSERT INTO supporting_packages(id, option_list, package_count, order_id, project_package_id, supporting_project_id) VALUES (777, '["창작"]', 3, 777, 19, 777);
INSERT INTO supporting_projects(supporting_project_id, supported_at, delivery_id, payment_id, project_id, user_id) VALUES (778, (SELECT projects.start_date + INTERVAL 5 DAY FROM projects WHERE projects.id=19), 1, 778, 19, 19);
INSERT INTO orders (order_id, created_at, delivery_id, payment_id, supporting_project_id) VALUES (778, (SELECT projects.start_date + INTERVAL 5 DAY FROM projects WHERE projects.id=19), 1, 778, 778);
INSERT INTO supporting_packages(id, option_list, package_count, order_id, project_package_id, supporting_project_id) VALUES (778, '["창작"]', 8, 778, 19, 778);
INSERT INTO supporting_projects(supporting_project_id, supported_at, delivery_id, payment_id, project_id, user_id) VALUES (779, (SELECT projects.start_date + INTERVAL 8 DAY FROM projects WHERE projects.id=19), 1, 779, 19, 35);
INSERT INTO orders (order_id, created_at, delivery_id, payment_id, supporting_project_id) VALUES (779, (SELECT projects.start_date + INTERVAL 8 DAY FROM projects WHERE projects.id=19), 1, 779, 779);
INSERT INTO supporting_packages(id, option_list, package_count, order_id, project_package_id, supporting_project_id) VALUES (779, '["기초"]', 6, 779, 19, 779);
INSERT INTO supporting_projects(supporting_project_id, supported_at, delivery_id, payment_id, project_id, user_id) VALUES (780, (SELECT projects.start_date + INTERVAL 45 DAY FROM projects WHERE projects.id=19), 1, 780, 19, 28);
INSERT INTO orders (order_id, created_at, delivery_id, payment_id, supporting_project_id) VALUES (780, (SELECT projects.start_date + INTERVAL 45 DAY FROM projects WHERE projects.id=19), 1, 780, 780);
INSERT INTO supporting_packages(id, option_list, package_count, order_id, project_package_id, supporting_project_id) VALUES (780, '["응용"]', 5, 780, 19, 780);
INSERT INTO supporting_projects(supporting_project_id, supported_at, delivery_id, payment_id, project_id, user_id) VALUES (781, (SELECT projects.start_date + INTERVAL 7 DAY FROM projects WHERE projects.id=19), 1, 781, 19, 36);
INSERT INTO orders (order_id, created_at, delivery_id, payment_id, supporting_project_id) VALUES (781, (SELECT projects.start_date + INTERVAL 7 DAY FROM projects WHERE projects.id=19), 1, 781, 781);
INSERT INTO supporting_packages(id, option_list, package_count, order_id, project_package_id, supporting_project_id) VALUES (781, '["창작"]', 4, 781, 19, 781);
INSERT INTO supporting_projects(supporting_project_id, supported_at, delivery_id, payment_id, project_id, user_id) VALUES (782, (SELECT projects.start_date + INTERVAL 31 DAY FROM projects WHERE projects.id=19), 1, 782, 19, 27);
INSERT INTO orders (order_id, created_at, delivery_id, payment_id, supporting_project_id) VALUES (782, (SELECT projects.start_date + INTERVAL 31 DAY FROM projects WHERE projects.id=19), 1, 782, 782);
INSERT INTO supporting_packages(id, option_list, package_count, order_id, project_package_id, supporting_project_id) VALUES (782, '["창작"]', 6, 782, 19, 782);
INSERT INTO supporting_projects(supporting_project_id, supported_at, delivery_id, payment_id, project_id, user_id) VALUES (783, (SELECT projects.start_date + INTERVAL 21 DAY FROM projects WHERE projects.id=19), 1, 783, 19, 22);
INSERT INTO orders (order_id, created_at, delivery_id, payment_id, supporting_project_id) VALUES (783, (SELECT projects.start_date + INTERVAL 21 DAY FROM projects WHERE projects.id=19), 1, 783, 783);
INSERT INTO supporting_packages(id, option_list, package_count, order_id, project_package_id, supporting_project_id) VALUES (783, '["창작"]', 9, 783, 19, 783);
INSERT INTO supporting_projects(supporting_project_id, supported_at, delivery_id, payment_id, project_id, user_id) VALUES (784, (SELECT projects.start_date + INTERVAL 30 DAY FROM projects WHERE projects.id=19), 1, 784, 19, 5);
INSERT INTO orders (order_id, created_at, delivery_id, payment_id, supporting_project_id) VALUES (784, (SELECT projects.start_date + INTERVAL 30 DAY FROM projects WHERE projects.id=19), 1, 784, 784);
INSERT INTO supporting_packages(id, option_list, package_count, order_id, project_package_id, supporting_project_id) VALUES (784, '["창작"]', 5, 784, 19, 784);
INSERT INTO supporting_projects(supporting_project_id, supported_at, delivery_id, payment_id, project_id, user_id) VALUES (785, (SELECT projects.start_date + INTERVAL 8 DAY FROM projects WHERE projects.id=19), 1, 785, 19, 25);
INSERT INTO orders (order_id, created_at, delivery_id, payment_id, supporting_project_id) VALUES (785, (SELECT projects.start_date + INTERVAL 8 DAY FROM projects WHERE projects.id=19), 1, 785, 785);
INSERT INTO supporting_packages(id, option_list, package_count, order_id, project_package_id, supporting_project_id) VALUES (785, '["기초"]', 10, 785, 19, 785);
INSERT INTO supporting_projects(supporting_project_id, supported_at, delivery_id, payment_id, project_id, user_id) VALUES (786, (SELECT projects.start_date + INTERVAL 50 DAY FROM projects WHERE projects.id=19), 1, 786, 19, 26);
INSERT INTO orders (order_id, created_at, delivery_id, payment_id, supporting_project_id) VALUES (786, (SELECT projects.start_date + INTERVAL 50 DAY FROM projects WHERE projects.id=19), 1, 786, 786);
INSERT INTO supporting_packages(id, option_list, package_count, order_id, project_package_id, supporting_project_id) VALUES (786, '["창작"]', 3, 786, 19, 786);
INSERT INTO supporting_projects(supporting_project_id, supported_at, delivery_id, payment_id, project_id, user_id) VALUES (787, (SELECT projects.start_date + INTERVAL 20 DAY FROM projects WHERE projects.id=23), 1, 787, 23, 18);
INSERT INTO orders (order_id, created_at, delivery_id, payment_id, supporting_project_id) VALUES (787, (SELECT projects.start_date + INTERVAL 20 DAY FROM projects WHERE projects.id=23), 1, 787, 787);
INSERT INTO supporting_packages(id, option_list, package_count, order_id, project_package_id, supporting_project_id) VALUES (787, '["촬영 현장 방문권"]', 3, 787, 23, 787);
INSERT INTO supporting_projects(supporting_project_id, supported_at, delivery_id, payment_id, project_id, user_id) VALUES (788, (SELECT projects.start_date + INTERVAL 40 DAY FROM projects WHERE projects.id=23), 1, 788, 23, 24);
INSERT INTO orders (order_id, created_at, delivery_id, payment_id, supporting_project_id) VALUES (788, (SELECT projects.start_date + INTERVAL 40 DAY FROM projects WHERE projects.id=23), 1, 788, 788);
INSERT INTO supporting_packages(id, option_list, package_count, order_id, project_package_id, supporting_project_id) VALUES (788, '["연기 클래스"]', 8, 788, 23, 788);
INSERT INTO supporting_projects(supporting_project_id, supported_at, delivery_id, payment_id, project_id, user_id) VALUES (789, (SELECT projects.start_date + INTERVAL 36 DAY FROM projects WHERE projects.id=23), 1, 789, 23, 4);
INSERT INTO orders (order_id, created_at, delivery_id, payment_id, supporting_project_id) VALUES (789, (SELECT projects.start_date + INTERVAL 36 DAY FROM projects WHERE projects.id=23), 1, 789, 789);
INSERT INTO supporting_packages(id, option_list, package_count, order_id, project_package_id, supporting_project_id) VALUES (789, '["연기 클래스"]', 1, 789, 23, 789);
INSERT INTO supporting_projects(supporting_project_id, supported_at, delivery_id, payment_id, project_id, user_id) VALUES (790, (SELECT projects.start_date + INTERVAL 48 DAY FROM projects WHERE projects.id=23), 1, 790, 23, 22);
INSERT INTO orders (order_id, created_at, delivery_id, payment_id, supporting_project_id) VALUES (790, (SELECT projects.start_date + INTERVAL 48 DAY FROM projects WHERE projects.id=23), 1, 790, 790);
INSERT INTO supporting_packages(id, option_list, package_count, order_id, project_package_id, supporting_project_id) VALUES (790, '["시나리오 작성 가이드"]', 9, 790, 23, 790);
INSERT INTO supporting_projects(supporting_project_id, supported_at, delivery_id, payment_id, project_id, user_id) VALUES (791, (SELECT projects.start_date + INTERVAL 39 DAY FROM projects WHERE projects.id=23), 1, 791, 23, 35);
INSERT INTO orders (order_id, created_at, delivery_id, payment_id, supporting_project_id) VALUES (791, (SELECT projects.start_date + INTERVAL 39 DAY FROM projects WHERE projects.id=23), 1, 791, 791);
INSERT INTO supporting_packages(id, option_list, package_count, order_id, project_package_id, supporting_project_id) VALUES (791, '["촬영 현장 방문권"]', 8, 791, 23, 791);
INSERT INTO supporting_projects(supporting_project_id, supported_at, delivery_id, payment_id, project_id, user_id) VALUES (792, (SELECT projects.start_date + INTERVAL 40 DAY FROM projects WHERE projects.id=23), 1, 792, 23, 37);
INSERT INTO orders (order_id, created_at, delivery_id, payment_id, supporting_project_id) VALUES (792, (SELECT projects.start_date + INTERVAL 40 DAY FROM projects WHERE projects.id=23), 1, 792, 792);
INSERT INTO supporting_packages(id, option_list, package_count, order_id, project_package_id, supporting_project_id) VALUES (792, '["촬영 현장 방문권"]', 1, 792, 23, 792);
INSERT INTO supporting_projects(supporting_project_id, supported_at, delivery_id, payment_id, project_id, user_id) VALUES (793, (SELECT projects.start_date + INTERVAL 41 DAY FROM projects WHERE projects.id=23), 1, 793, 23, 9);
INSERT INTO orders (order_id, created_at, delivery_id, payment_id, supporting_project_id) VALUES (793, (SELECT projects.start_date + INTERVAL 41 DAY FROM projects WHERE projects.id=23), 1, 793, 793);
INSERT INTO supporting_packages(id, option_list, package_count, order_id, project_package_id, supporting_project_id) VALUES (793, '["연기 클래스"]', 4, 793, 23, 793);
INSERT INTO supporting_projects(supporting_project_id, supported_at, delivery_id, payment_id, project_id, user_id) VALUES (794, (SELECT projects.start_date + INTERVAL 12 DAY FROM projects WHERE projects.id=23), 1, 794, 23, 13);
INSERT INTO orders (order_id, created_at, delivery_id, payment_id, supporting_project_id) VALUES (794, (SELECT projects.start_date + INTERVAL 12 DAY FROM projects WHERE projects.id=23), 1, 794, 794);
INSERT INTO supporting_packages(id, option_list, package_count, order_id, project_package_id, supporting_project_id) VALUES (794, '["연기 클래스"]', 1, 794, 23, 794);
INSERT INTO supporting_projects(supporting_project_id, supported_at, delivery_id, payment_id, project_id, user_id) VALUES (795, (SELECT projects.start_date + INTERVAL 15 DAY FROM projects WHERE projects.id=23), 1, 795, 23, 33);
INSERT INTO orders (order_id, created_at, delivery_id, payment_id, supporting_project_id) VALUES (795, (SELECT projects.start_date + INTERVAL 15 DAY FROM projects WHERE projects.id=23), 1, 795, 795);
INSERT INTO supporting_packages(id, option_list, package_count, order_id, project_package_id, supporting_project_id) VALUES (795, '["시나리오 작성 가이드"]', 1, 795, 23, 795);
INSERT INTO supporting_projects(supporting_project_id, supported_at, delivery_id, payment_id, project_id, user_id) VALUES (796, (SELECT projects.start_date + INTERVAL 31 DAY FROM projects WHERE projects.id=23), 1, 796, 23, 39);
INSERT INTO orders (order_id, created_at, delivery_id, payment_id, supporting_project_id) VALUES (796, (SELECT projects.start_date + INTERVAL 31 DAY FROM projects WHERE projects.id=23), 1, 796, 796);
INSERT INTO supporting_packages(id, option_list, package_count, order_id, project_package_id, supporting_project_id) VALUES (796, '["촬영 현장 방문권"]', 6, 796, 23, 796);
INSERT INTO supporting_projects(supporting_project_id, supported_at, delivery_id, payment_id, project_id, user_id) VALUES (797, (SELECT projects.start_date + INTERVAL 23 DAY FROM projects WHERE projects.id=23), 1, 797, 23, 34);
INSERT INTO orders (order_id, created_at, delivery_id, payment_id, supporting_project_id) VALUES (797, (SELECT projects.start_date + INTERVAL 23 DAY FROM projects WHERE projects.id=23), 1, 797, 797);
INSERT INTO supporting_packages(id, option_list, package_count, order_id, project_package_id, supporting_project_id) VALUES (797, '["시나리오 작성 가이드"]', 6, 797, 23, 797);
INSERT INTO supporting_projects(supporting_project_id, supported_at, delivery_id, payment_id, project_id, user_id) VALUES (798, (SELECT projects.start_date + INTERVAL 8 DAY FROM projects WHERE projects.id=23), 1, 798, 23, 8);
INSERT INTO orders (order_id, created_at, delivery_id, payment_id, supporting_project_id) VALUES (798, (SELECT projects.start_date + INTERVAL 8 DAY FROM projects WHERE projects.id=23), 1, 798, 798);
INSERT INTO supporting_packages(id, option_list, package_count, order_id, project_package_id, supporting_project_id) VALUES (798, '["촬영 현장 방문권"]', 2, 798, 23, 798);
INSERT INTO supporting_projects(supporting_project_id, supported_at, delivery_id, payment_id, project_id, user_id) VALUES (799, (SELECT projects.start_date + INTERVAL 40 DAY FROM projects WHERE projects.id=23), 1, 799, 23, 23);
INSERT INTO orders (order_id, created_at, delivery_id, payment_id, supporting_project_id) VALUES (799, (SELECT projects.start_date + INTERVAL 40 DAY FROM projects WHERE projects.id=23), 1, 799, 799);
INSERT INTO supporting_packages(id, option_list, package_count, order_id, project_package_id, supporting_project_id) VALUES (799, '["시나리오 작성 가이드"]', 4, 799, 23, 799);
INSERT INTO supporting_projects(supporting_project_id, supported_at, delivery_id, payment_id, project_id, user_id) VALUES (800, (SELECT projects.start_date + INTERVAL 46 DAY FROM projects WHERE projects.id=23), 1, 800, 23, 25);
INSERT INTO orders (order_id, created_at, delivery_id, payment_id, supporting_project_id) VALUES (800, (SELECT projects.start_date + INTERVAL 46 DAY FROM projects WHERE projects.id=23), 1, 800, 800);
INSERT INTO supporting_packages(id, option_list, package_count, order_id, project_package_id, supporting_project_id) VALUES (800, '["연기 클래스"]', 5, 800, 23, 800);
INSERT INTO supporting_projects(supporting_project_id, supported_at, delivery_id, payment_id, project_id, user_id) VALUES (801, (SELECT projects.start_date + INTERVAL 49 DAY FROM projects WHERE projects.id=23), 1, 801, 23, 35);
INSERT INTO orders (order_id, created_at, delivery_id, payment_id, supporting_project_id) VALUES (801, (SELECT projects.start_date + INTERVAL 49 DAY FROM projects WHERE projects.id=23), 1, 801, 801);
INSERT INTO supporting_packages(id, option_list, package_count, order_id, project_package_id, supporting_project_id) VALUES (801, '["시나리오 작성 가이드"]', 10, 801, 23, 801);
INSERT INTO supporting_projects(supporting_project_id, supported_at, delivery_id, payment_id, project_id, user_id) VALUES (802, (SELECT projects.start_date + INTERVAL 7 DAY FROM projects WHERE projects.id=23), 1, 802, 23, 30);
INSERT INTO orders (order_id, created_at, delivery_id, payment_id, supporting_project_id) VALUES (802, (SELECT projects.start_date + INTERVAL 7 DAY FROM projects WHERE projects.id=23), 1, 802, 802);
INSERT INTO supporting_packages(id, option_list, package_count, order_id, project_package_id, supporting_project_id) VALUES (802, '["촬영 현장 방문권"]', 5, 802, 23, 802);
INSERT INTO supporting_projects(supporting_project_id, supported_at, delivery_id, payment_id, project_id, user_id) VALUES (803, (SELECT projects.start_date + INTERVAL 26 DAY FROM projects WHERE projects.id=23), 1, 803, 23, 20);
INSERT INTO orders (order_id, created_at, delivery_id, payment_id, supporting_project_id) VALUES (803, (SELECT projects.start_date + INTERVAL 26 DAY FROM projects WHERE projects.id=23), 1, 803, 803);
INSERT INTO supporting_packages(id, option_list, package_count, order_id, project_package_id, supporting_project_id) VALUES (803, '["연기 클래스"]', 6, 803, 23, 803);
INSERT INTO supporting_projects(supporting_project_id, supported_at, delivery_id, payment_id, project_id, user_id) VALUES (804, (SELECT projects.start_date + INTERVAL 20 DAY FROM projects WHERE projects.id=23), 1, 804, 23, 40);
INSERT INTO orders (order_id, created_at, delivery_id, payment_id, supporting_project_id) VALUES (804, (SELECT projects.start_date + INTERVAL 20 DAY FROM projects WHERE projects.id=23), 1, 804, 804);
INSERT INTO supporting_packages(id, option_list, package_count, order_id, project_package_id, supporting_project_id) VALUES (804, '["촬영 현장 방문권"]', 5, 804, 23, 804);
INSERT INTO supporting_projects(supporting_project_id, supported_at, delivery_id, payment_id, project_id, user_id) VALUES (805, (SELECT projects.start_date + INTERVAL 9 DAY FROM projects WHERE projects.id=23), 1, 805, 23, 31);
INSERT INTO orders (order_id, created_at, delivery_id, payment_id, supporting_project_id) VALUES (805, (SELECT projects.start_date + INTERVAL 9 DAY FROM projects WHERE projects.id=23), 1, 805, 805);
INSERT INTO supporting_packages(id, option_list, package_count, order_id, project_package_id, supporting_project_id) VALUES (805, '["촬영 현장 방문권"]', 10, 805, 23, 805);
INSERT INTO supporting_projects(supporting_project_id, supported_at, delivery_id, payment_id, project_id, user_id) VALUES (806, (SELECT projects.start_date + INTERVAL 24 DAY FROM projects WHERE projects.id=23), 1, 806, 23, 30);
INSERT INTO orders (order_id, created_at, delivery_id, payment_id, supporting_project_id) VALUES (806, (SELECT projects.start_date + INTERVAL 24 DAY FROM projects WHERE projects.id=23), 1, 806, 806);
INSERT INTO supporting_packages(id, option_list, package_count, order_id, project_package_id, supporting_project_id) VALUES (806, '["시나리오 작성 가이드"]', 4, 806, 23, 806);
INSERT INTO supporting_projects(supporting_project_id, supported_at, delivery_id, payment_id, project_id, user_id) VALUES (807, (SELECT projects.start_date + INTERVAL 5 DAY FROM projects WHERE projects.id=23), 1, 807, 23, 24);
INSERT INTO orders (order_id, created_at, delivery_id, payment_id, supporting_project_id) VALUES (807, (SELECT projects.start_date + INTERVAL 5 DAY FROM projects WHERE projects.id=23), 1, 807, 807);
INSERT INTO supporting_packages(id, option_list, package_count, order_id, project_package_id, supporting_project_id) VALUES (807, '["시나리오 작성 가이드"]', 7, 807, 23, 807);
INSERT INTO supporting_projects(supporting_project_id, supported_at, delivery_id, payment_id, project_id, user_id) VALUES (808, (SELECT projects.start_date + INTERVAL 15 DAY FROM projects WHERE projects.id=23), 1, 808, 23, 5);
INSERT INTO orders (order_id, created_at, delivery_id, payment_id, supporting_project_id) VALUES (808, (SELECT projects.start_date + INTERVAL 15 DAY FROM projects WHERE projects.id=23), 1, 808, 808);
INSERT INTO supporting_packages(id, option_list, package_count, order_id, project_package_id, supporting_project_id) VALUES (808, '["시나리오 작성 가이드"]', 7, 808, 23, 808);
INSERT INTO supporting_projects(supporting_project_id, supported_at, delivery_id, payment_id, project_id, user_id) VALUES (809, (SELECT projects.start_date + INTERVAL 27 DAY FROM projects WHERE projects.id=23), 1, 809, 23, 18);
INSERT INTO orders (order_id, created_at, delivery_id, payment_id, supporting_project_id) VALUES (809, (SELECT projects.start_date + INTERVAL 27 DAY FROM projects WHERE projects.id=23), 1, 809, 809);
INSERT INTO supporting_packages(id, option_list, package_count, order_id, project_package_id, supporting_project_id) VALUES (809, '["촬영 현장 방문권"]', 2, 809, 23, 809);
INSERT INTO supporting_projects(supporting_project_id, supported_at, delivery_id, payment_id, project_id, user_id) VALUES (810, (SELECT projects.start_date + INTERVAL 39 DAY FROM projects WHERE projects.id=23), 1, 810, 23, 7);
INSERT INTO orders (order_id, created_at, delivery_id, payment_id, supporting_project_id) VALUES (810, (SELECT projects.start_date + INTERVAL 39 DAY FROM projects WHERE projects.id=23), 1, 810, 810);
INSERT INTO supporting_packages(id, option_list, package_count, order_id, project_package_id, supporting_project_id) VALUES (810, '["시나리오 작성 가이드"]', 10, 810, 23, 810);
INSERT INTO supporting_projects(supporting_project_id, supported_at, delivery_id, payment_id, project_id, user_id) VALUES (811, (SELECT projects.start_date + INTERVAL 44 DAY FROM projects WHERE projects.id=23), 1, 811, 23, 3);
INSERT INTO orders (order_id, created_at, delivery_id, payment_id, supporting_project_id) VALUES (811, (SELECT projects.start_date + INTERVAL 44 DAY FROM projects WHERE projects.id=23), 1, 811, 811);
INSERT INTO supporting_packages(id, option_list, package_count, order_id, project_package_id, supporting_project_id) VALUES (811, '["시나리오 작성 가이드"]', 2, 811, 23, 811);
INSERT INTO supporting_projects(supporting_project_id, supported_at, delivery_id, payment_id, project_id, user_id) VALUES (812, (SELECT projects.start_date + INTERVAL 47 DAY FROM projects WHERE projects.id=23), 1, 812, 23, 39);
INSERT INTO orders (order_id, created_at, delivery_id, payment_id, supporting_project_id) VALUES (812, (SELECT projects.start_date + INTERVAL 47 DAY FROM projects WHERE projects.id=23), 1, 812, 812);
INSERT INTO supporting_packages(id, option_list, package_count, order_id, project_package_id, supporting_project_id) VALUES (812, '["촬영 현장 방문권"]', 1, 812, 23, 812);
INSERT INTO supporting_projects(supporting_project_id, supported_at, delivery_id, payment_id, project_id, user_id) VALUES (813, (SELECT projects.start_date + INTERVAL 39 DAY FROM projects WHERE projects.id=23), 1, 813, 23, 29);
INSERT INTO orders (order_id, created_at, delivery_id, payment_id, supporting_project_id) VALUES (813, (SELECT projects.start_date + INTERVAL 39 DAY FROM projects WHERE projects.id=23), 1, 813, 813);
INSERT INTO supporting_packages(id, option_list, package_count, order_id, project_package_id, supporting_project_id) VALUES (813, '["시나리오 작성 가이드"]', 7, 813, 23, 813);
INSERT INTO supporting_projects(supporting_project_id, supported_at, delivery_id, payment_id, project_id, user_id) VALUES (814, (SELECT projects.start_date + INTERVAL 23 DAY FROM projects WHERE projects.id=23), 1, 814, 23, 8);
INSERT INTO orders (order_id, created_at, delivery_id, payment_id, supporting_project_id) VALUES (814, (SELECT projects.start_date + INTERVAL 23 DAY FROM projects WHERE projects.id=23), 1, 814, 814);
INSERT INTO supporting_packages(id, option_list, package_count, order_id, project_package_id, supporting_project_id) VALUES (814, '["연기 클래스"]', 4, 814, 23, 814);
INSERT INTO supporting_projects(supporting_project_id, supported_at, delivery_id, payment_id, project_id, user_id) VALUES (815, (SELECT projects.start_date + INTERVAL 17 DAY FROM projects WHERE projects.id=23), 1, 815, 23, 22);
INSERT INTO orders (order_id, created_at, delivery_id, payment_id, supporting_project_id) VALUES (815, (SELECT projects.start_date + INTERVAL 17 DAY FROM projects WHERE projects.id=23), 1, 815, 815);
INSERT INTO supporting_packages(id, option_list, package_count, order_id, project_package_id, supporting_project_id) VALUES (815, '["연기 클래스"]', 7, 815, 23, 815);
INSERT INTO supporting_projects(supporting_project_id, supported_at, delivery_id, payment_id, project_id, user_id) VALUES (816, (SELECT projects.start_date + INTERVAL 25 DAY FROM projects WHERE projects.id=23), 1, 816, 23, 16);
INSERT INTO orders (order_id, created_at, delivery_id, payment_id, supporting_project_id) VALUES (816, (SELECT projects.start_date + INTERVAL 25 DAY FROM projects WHERE projects.id=23), 1, 816, 816);
INSERT INTO supporting_packages(id, option_list, package_count, order_id, project_package_id, supporting_project_id) VALUES (816, '["촬영 현장 방문권"]', 1, 816, 23, 816);
INSERT INTO supporting_projects(supporting_project_id, supported_at, delivery_id, payment_id, project_id, user_id) VALUES (817, (SELECT projects.start_date + INTERVAL 40 DAY FROM projects WHERE projects.id=23), 1, 817, 23, 3);
INSERT INTO orders (order_id, created_at, delivery_id, payment_id, supporting_project_id) VALUES (817, (SELECT projects.start_date + INTERVAL 40 DAY FROM projects WHERE projects.id=23), 1, 817, 817);
INSERT INTO supporting_packages(id, option_list, package_count, order_id, project_package_id, supporting_project_id) VALUES (817, '["촬영 현장 방문권"]', 1, 817, 23, 817);
INSERT INTO supporting_projects(supporting_project_id, supported_at, delivery_id, payment_id, project_id, user_id) VALUES (818, (SELECT projects.start_date + INTERVAL 46 DAY FROM projects WHERE projects.id=23), 1, 818, 23, 6);
INSERT INTO orders (order_id, created_at, delivery_id, payment_id, supporting_project_id) VALUES (818, (SELECT projects.start_date + INTERVAL 46 DAY FROM projects WHERE projects.id=23), 1, 818, 818);
INSERT INTO supporting_packages(id, option_list, package_count, order_id, project_package_id, supporting_project_id) VALUES (818, '["연기 클래스"]', 10, 818, 23, 818);
INSERT INTO supporting_projects(supporting_project_id, supported_at, delivery_id, payment_id, project_id, user_id) VALUES (819, (SELECT projects.start_date + INTERVAL 39 DAY FROM projects WHERE projects.id=23), 1, 819, 23, 37);
INSERT INTO orders (order_id, created_at, delivery_id, payment_id, supporting_project_id) VALUES (819, (SELECT projects.start_date + INTERVAL 39 DAY FROM projects WHERE projects.id=23), 1, 819, 819);
INSERT INTO supporting_packages(id, option_list, package_count, order_id, project_package_id, supporting_project_id) VALUES (819, '["촬영 현장 방문권"]', 9, 819, 23, 819);
INSERT INTO supporting_projects(supporting_project_id, supported_at, delivery_id, payment_id, project_id, user_id) VALUES (820, (SELECT projects.start_date + INTERVAL 9 DAY FROM projects WHERE projects.id=23), 1, 820, 23, 36);
INSERT INTO orders (order_id, created_at, delivery_id, payment_id, supporting_project_id) VALUES (820, (SELECT projects.start_date + INTERVAL 9 DAY FROM projects WHERE projects.id=23), 1, 820, 820);
INSERT INTO supporting_packages(id, option_list, package_count, order_id, project_package_id, supporting_project_id) VALUES (820, '["연기 클래스"]', 6, 820, 23, 820);
INSERT INTO supporting_projects(supporting_project_id, supported_at, delivery_id, payment_id, project_id, user_id) VALUES (821, (SELECT projects.start_date + INTERVAL 36 DAY FROM projects WHERE projects.id=23), 1, 821, 23, 36);
INSERT INTO orders (order_id, created_at, delivery_id, payment_id, supporting_project_id) VALUES (821, (SELECT projects.start_date + INTERVAL 36 DAY FROM projects WHERE projects.id=23), 1, 821, 821);
INSERT INTO supporting_packages(id, option_list, package_count, order_id, project_package_id, supporting_project_id) VALUES (821, '["시나리오 작성 가이드"]', 8, 821, 23, 821);
INSERT INTO supporting_projects(supporting_project_id, supported_at, delivery_id, payment_id, project_id, user_id) VALUES (822, (SELECT projects.start_date + INTERVAL 48 DAY FROM projects WHERE projects.id=23), 1, 822, 23, 35);
INSERT INTO orders (order_id, created_at, delivery_id, payment_id, supporting_project_id) VALUES (822, (SELECT projects.start_date + INTERVAL 48 DAY FROM projects WHERE projects.id=23), 1, 822, 822);
INSERT INTO supporting_packages(id, option_list, package_count, order_id, project_package_id, supporting_project_id) VALUES (822, '["연기 클래스"]', 5, 822, 23, 822);
INSERT INTO supporting_projects(supporting_project_id, supported_at, delivery_id, payment_id, project_id, user_id) VALUES (823, (SELECT projects.start_date + INTERVAL 5 DAY FROM projects WHERE projects.id=23), 1, 823, 23, 12);
INSERT INTO orders (order_id, created_at, delivery_id, payment_id, supporting_project_id) VALUES (823, (SELECT projects.start_date + INTERVAL 5 DAY FROM projects WHERE projects.id=23), 1, 823, 823);
INSERT INTO supporting_packages(id, option_list, package_count, order_id, project_package_id, supporting_project_id) VALUES (823, '["시나리오 작성 가이드"]', 8, 823, 23, 823);
INSERT INTO supporting_projects(supporting_project_id, supported_at, delivery_id, payment_id, project_id, user_id) VALUES (824, (SELECT projects.start_date + INTERVAL 9 DAY FROM projects WHERE projects.id=23), 1, 824, 23, 26);
INSERT INTO orders (order_id, created_at, delivery_id, payment_id, supporting_project_id) VALUES (824, (SELECT projects.start_date + INTERVAL 9 DAY FROM projects WHERE projects.id=23), 1, 824, 824);
INSERT INTO supporting_packages(id, option_list, package_count, order_id, project_package_id, supporting_project_id) VALUES (824, '["연기 클래스"]', 3, 824, 23, 824);
INSERT INTO supporting_projects(supporting_project_id, supported_at, delivery_id, payment_id, project_id, user_id) VALUES (825, (SELECT projects.start_date + INTERVAL 2 DAY FROM projects WHERE projects.id=23), 1, 825, 23, 9);
INSERT INTO orders (order_id, created_at, delivery_id, payment_id, supporting_project_id) VALUES (825, (SELECT projects.start_date + INTERVAL 2 DAY FROM projects WHERE projects.id=23), 1, 825, 825);
INSERT INTO supporting_packages(id, option_list, package_count, order_id, project_package_id, supporting_project_id) VALUES (825, '["촬영 현장 방문권"]', 8, 825, 23, 825);
INSERT INTO supporting_projects(supporting_project_id, supported_at, delivery_id, payment_id, project_id, user_id) VALUES (826, (SELECT projects.start_date + INTERVAL 29 DAY FROM projects WHERE projects.id=23), 1, 826, 23, 6);
INSERT INTO orders (order_id, created_at, delivery_id, payment_id, supporting_project_id) VALUES (826, (SELECT projects.start_date + INTERVAL 29 DAY FROM projects WHERE projects.id=23), 1, 826, 826);
INSERT INTO supporting_packages(id, option_list, package_count, order_id, project_package_id, supporting_project_id) VALUES (826, '["연기 클래스"]', 7, 826, 23, 826);
INSERT INTO supporting_projects(supporting_project_id, supported_at, delivery_id, payment_id, project_id, user_id) VALUES (827, (SELECT projects.start_date + INTERVAL 45 DAY FROM projects WHERE projects.id=23), 1, 827, 23, 9);
INSERT INTO orders (order_id, created_at, delivery_id, payment_id, supporting_project_id) VALUES (827, (SELECT projects.start_date + INTERVAL 45 DAY FROM projects WHERE projects.id=23), 1, 827, 827);
INSERT INTO supporting_packages(id, option_list, package_count, order_id, project_package_id, supporting_project_id) VALUES (827, '["시나리오 작성 가이드"]', 7, 827, 23, 827);
INSERT INTO supporting_projects(supporting_project_id, supported_at, delivery_id, payment_id, project_id, user_id) VALUES (828, (SELECT projects.start_date + INTERVAL 36 DAY FROM projects WHERE projects.id=23), 1, 828, 23, 37);
INSERT INTO orders (order_id, created_at, delivery_id, payment_id, supporting_project_id) VALUES (828, (SELECT projects.start_date + INTERVAL 36 DAY FROM projects WHERE projects.id=23), 1, 828, 828);
INSERT INTO supporting_packages(id, option_list, package_count, order_id, project_package_id, supporting_project_id) VALUES (828, '["시나리오 작성 가이드"]', 3, 828, 23, 828);
INSERT INTO supporting_projects(supporting_project_id, supported_at, delivery_id, payment_id, project_id, user_id) VALUES (829, (SELECT projects.start_date + INTERVAL 20 DAY FROM projects WHERE projects.id=23), 1, 829, 23, 38);
INSERT INTO orders (order_id, created_at, delivery_id, payment_id, supporting_project_id) VALUES (829, (SELECT projects.start_date + INTERVAL 20 DAY FROM projects WHERE projects.id=23), 1, 829, 829);
INSERT INTO supporting_packages(id, option_list, package_count, order_id, project_package_id, supporting_project_id) VALUES (829, '["연기 클래스"]', 1, 829, 23, 829);
INSERT INTO supporting_projects(supporting_project_id, supported_at, delivery_id, payment_id, project_id, user_id) VALUES (830, (SELECT projects.start_date + INTERVAL 21 DAY FROM projects WHERE projects.id=23), 1, 830, 23, 40);
INSERT INTO orders (order_id, created_at, delivery_id, payment_id, supporting_project_id) VALUES (830, (SELECT projects.start_date + INTERVAL 21 DAY FROM projects WHERE projects.id=23), 1, 830, 830);
INSERT INTO supporting_packages(id, option_list, package_count, order_id, project_package_id, supporting_project_id) VALUES (830, '["시나리오 작성 가이드"]', 3, 830, 23, 830);
INSERT INTO supporting_projects(supporting_project_id, supported_at, delivery_id, payment_id, project_id, user_id) VALUES (831, (SELECT projects.start_date + INTERVAL 12 DAY FROM projects WHERE projects.id=23), 1, 831, 23, 1);
INSERT INTO orders (order_id, created_at, delivery_id, payment_id, supporting_project_id) VALUES (831, (SELECT projects.start_date + INTERVAL 12 DAY FROM projects WHERE projects.id=23), 1, 831, 831);
INSERT INTO supporting_packages(id, option_list, package_count, order_id, project_package_id, supporting_project_id) VALUES (831, '["촬영 현장 방문권"]', 2, 831, 23, 831);
INSERT INTO supporting_projects(supporting_project_id, supported_at, delivery_id, payment_id, project_id, user_id) VALUES (832, (SELECT projects.start_date + INTERVAL 14 DAY FROM projects WHERE projects.id=23), 1, 832, 23, 36);
INSERT INTO orders (order_id, created_at, delivery_id, payment_id, supporting_project_id) VALUES (832, (SELECT projects.start_date + INTERVAL 14 DAY FROM projects WHERE projects.id=23), 1, 832, 832);
INSERT INTO supporting_packages(id, option_list, package_count, order_id, project_package_id, supporting_project_id) VALUES (832, '["연기 클래스"]', 1, 832, 23, 832);
INSERT INTO supporting_projects(supporting_project_id, supported_at, delivery_id, payment_id, project_id, user_id) VALUES (833, (SELECT projects.start_date + INTERVAL 46 DAY FROM projects WHERE projects.id=23), 1, 833, 23, 34);
INSERT INTO orders (order_id, created_at, delivery_id, payment_id, supporting_project_id) VALUES (833, (SELECT projects.start_date + INTERVAL 46 DAY FROM projects WHERE projects.id=23), 1, 833, 833);
INSERT INTO supporting_packages(id, option_list, package_count, order_id, project_package_id, supporting_project_id) VALUES (833, '["연기 클래스"]', 9, 833, 23, 833);
INSERT INTO supporting_projects(supporting_project_id, supported_at, delivery_id, payment_id, project_id, user_id) VALUES (834, (SELECT projects.start_date + INTERVAL 43 DAY FROM projects WHERE projects.id=23), 1, 834, 23, 6);
INSERT INTO orders (order_id, created_at, delivery_id, payment_id, supporting_project_id) VALUES (834, (SELECT projects.start_date + INTERVAL 43 DAY FROM projects WHERE projects.id=23), 1, 834, 834);
INSERT INTO supporting_packages(id, option_list, package_count, order_id, project_package_id, supporting_project_id) VALUES (834, '["시나리오 작성 가이드"]', 3, 834, 23, 834);
INSERT INTO supporting_projects(supporting_project_id, supported_at, delivery_id, payment_id, project_id, user_id) VALUES (835, (SELECT projects.start_date + INTERVAL 10 DAY FROM projects WHERE projects.id=23), 1, 835, 23, 21);
INSERT INTO orders (order_id, created_at, delivery_id, payment_id, supporting_project_id) VALUES (835, (SELECT projects.start_date + INTERVAL 10 DAY FROM projects WHERE projects.id=23), 1, 835, 835);
INSERT INTO supporting_packages(id, option_list, package_count, order_id, project_package_id, supporting_project_id) VALUES (835, '["연기 클래스"]', 10, 835, 23, 835);
INSERT INTO supporting_projects(supporting_project_id, supported_at, delivery_id, payment_id, project_id, user_id) VALUES (836, (SELECT projects.start_date + INTERVAL 39 DAY FROM projects WHERE projects.id=23), 1, 836, 23, 17);
INSERT INTO orders (order_id, created_at, delivery_id, payment_id, supporting_project_id) VALUES (836, (SELECT projects.start_date + INTERVAL 39 DAY FROM projects WHERE projects.id=23), 1, 836, 836);
INSERT INTO supporting_packages(id, option_list, package_count, order_id, project_package_id, supporting_project_id) VALUES (836, '["시나리오 작성 가이드"]', 10, 836, 23, 836);
INSERT INTO supporting_projects(supporting_project_id, supported_at, delivery_id, payment_id, project_id, user_id) VALUES (837, (SELECT projects.start_date + INTERVAL 24 DAY FROM projects WHERE projects.id=23), 1, 837, 23, 3);
INSERT INTO orders (order_id, created_at, delivery_id, payment_id, supporting_project_id) VALUES (837, (SELECT projects.start_date + INTERVAL 24 DAY FROM projects WHERE projects.id=23), 1, 837, 837);
INSERT INTO supporting_packages(id, option_list, package_count, order_id, project_package_id, supporting_project_id) VALUES (837, '["촬영 현장 방문권"]', 3, 837, 23, 837);
INSERT INTO supporting_projects(supporting_project_id, supported_at, delivery_id, payment_id, project_id, user_id) VALUES (838, (SELECT projects.start_date + INTERVAL 25 DAY FROM projects WHERE projects.id=23), 1, 838, 23, 5);
INSERT INTO orders (order_id, created_at, delivery_id, payment_id, supporting_project_id) VALUES (838, (SELECT projects.start_date + INTERVAL 25 DAY FROM projects WHERE projects.id=23), 1, 838, 838);
INSERT INTO supporting_packages(id, option_list, package_count, order_id, project_package_id, supporting_project_id) VALUES (838, '["시나리오 작성 가이드"]', 5, 838, 23, 838);
INSERT INTO supporting_projects(supporting_project_id, supported_at, delivery_id, payment_id, project_id, user_id) VALUES (839, (SELECT projects.start_date + INTERVAL 31 DAY FROM projects WHERE projects.id=23), 1, 839, 23, 37);
INSERT INTO orders (order_id, created_at, delivery_id, payment_id, supporting_project_id) VALUES (839, (SELECT projects.start_date + INTERVAL 31 DAY FROM projects WHERE projects.id=23), 1, 839, 839);
INSERT INTO supporting_packages(id, option_list, package_count, order_id, project_package_id, supporting_project_id) VALUES (839, '["촬영 현장 방문권"]', 7, 839, 23, 839);
INSERT INTO supporting_projects(supporting_project_id, supported_at, delivery_id, payment_id, project_id, user_id) VALUES (840, (SELECT projects.start_date + INTERVAL 14 DAY FROM projects WHERE projects.id=23), 1, 840, 23, 29);
INSERT INTO orders (order_id, created_at, delivery_id, payment_id, supporting_project_id) VALUES (840, (SELECT projects.start_date + INTERVAL 14 DAY FROM projects WHERE projects.id=23), 1, 840, 840);
INSERT INTO supporting_packages(id, option_list, package_count, order_id, project_package_id, supporting_project_id) VALUES (840, '["연기 클래스"]', 3, 840, 23, 840);
INSERT INTO supporting_projects(supporting_project_id, supported_at, delivery_id, payment_id, project_id, user_id) VALUES (841, (SELECT projects.start_date + INTERVAL 18 DAY FROM projects WHERE projects.id=23), 1, 841, 23, 8);
INSERT INTO orders (order_id, created_at, delivery_id, payment_id, supporting_project_id) VALUES (841, (SELECT projects.start_date + INTERVAL 18 DAY FROM projects WHERE projects.id=23), 1, 841, 841);
INSERT INTO supporting_packages(id, option_list, package_count, order_id, project_package_id, supporting_project_id) VALUES (841, '["연기 클래스"]', 10, 841, 23, 841);
INSERT INTO supporting_projects(supporting_project_id, supported_at, delivery_id, payment_id, project_id, user_id) VALUES (842, (SELECT projects.start_date + INTERVAL 33 DAY FROM projects WHERE projects.id=23), 1, 842, 23, 33);
INSERT INTO orders (order_id, created_at, delivery_id, payment_id, supporting_project_id) VALUES (842, (SELECT projects.start_date + INTERVAL 33 DAY FROM projects WHERE projects.id=23), 1, 842, 842);
INSERT INTO supporting_packages(id, option_list, package_count, order_id, project_package_id, supporting_project_id) VALUES (842, '["연기 클래스"]', 1, 842, 23, 842);
INSERT INTO supporting_projects(supporting_project_id, supported_at, delivery_id, payment_id, project_id, user_id) VALUES (843, (SELECT projects.start_date + INTERVAL 44 DAY FROM projects WHERE projects.id=23), 1, 843, 23, 16);
INSERT INTO orders (order_id, created_at, delivery_id, payment_id, supporting_project_id) VALUES (843, (SELECT projects.start_date + INTERVAL 44 DAY FROM projects WHERE projects.id=23), 1, 843, 843);
INSERT INTO supporting_packages(id, option_list, package_count, order_id, project_package_id, supporting_project_id) VALUES (843, '["연기 클래스"]', 4, 843, 23, 843);
INSERT INTO supporting_projects(supporting_project_id, supported_at, delivery_id, payment_id, project_id, user_id) VALUES (844, (SELECT projects.start_date + INTERVAL 46 DAY FROM projects WHERE projects.id=23), 1, 844, 23, 33);
INSERT INTO orders (order_id, created_at, delivery_id, payment_id, supporting_project_id) VALUES (844, (SELECT projects.start_date + INTERVAL 46 DAY FROM projects WHERE projects.id=23), 1, 844, 844);
INSERT INTO supporting_packages(id, option_list, package_count, order_id, project_package_id, supporting_project_id) VALUES (844, '["촬영 현장 방문권"]', 2, 844, 23, 844);
INSERT INTO supporting_projects(supporting_project_id, supported_at, delivery_id, payment_id, project_id, user_id) VALUES (845, (SELECT projects.start_date + INTERVAL 45 DAY FROM projects WHERE projects.id=23), 1, 845, 23, 1);
INSERT INTO orders (order_id, created_at, delivery_id, payment_id, supporting_project_id) VALUES (845, (SELECT projects.start_date + INTERVAL 45 DAY FROM projects WHERE projects.id=23), 1, 845, 845);
INSERT INTO supporting_packages(id, option_list, package_count, order_id, project_package_id, supporting_project_id) VALUES (845, '["촬영 현장 방문권"]', 3, 845, 23, 845);
INSERT INTO supporting_projects(supporting_project_id, supported_at, delivery_id, payment_id, project_id, user_id) VALUES (846, (SELECT projects.start_date + INTERVAL 16 DAY FROM projects WHERE projects.id=23), 1, 846, 23, 2);
INSERT INTO orders (order_id, created_at, delivery_id, payment_id, supporting_project_id) VALUES (846, (SELECT projects.start_date + INTERVAL 16 DAY FROM projects WHERE projects.id=23), 1, 846, 846);
INSERT INTO supporting_packages(id, option_list, package_count, order_id, project_package_id, supporting_project_id) VALUES (846, '["시나리오 작성 가이드"]', 8, 846, 23, 846);
INSERT INTO supporting_projects(supporting_project_id, supported_at, delivery_id, payment_id, project_id, user_id) VALUES (847, (SELECT projects.start_date + INTERVAL 31 DAY FROM projects WHERE projects.id=23), 1, 847, 23, 17);
INSERT INTO orders (order_id, created_at, delivery_id, payment_id, supporting_project_id) VALUES (847, (SELECT projects.start_date + INTERVAL 31 DAY FROM projects WHERE projects.id=23), 1, 847, 847);
INSERT INTO supporting_packages(id, option_list, package_count, order_id, project_package_id, supporting_project_id) VALUES (847, '["촬영 현장 방문권"]', 7, 847, 23, 847);
INSERT INTO supporting_projects(supporting_project_id, supported_at, delivery_id, payment_id, project_id, user_id) VALUES (848, (SELECT projects.start_date + INTERVAL 27 DAY FROM projects WHERE projects.id=23), 1, 848, 23, 18);
INSERT INTO orders (order_id, created_at, delivery_id, payment_id, supporting_project_id) VALUES (848, (SELECT projects.start_date + INTERVAL 27 DAY FROM projects WHERE projects.id=23), 1, 848, 848);
INSERT INTO supporting_packages(id, option_list, package_count, order_id, project_package_id, supporting_project_id) VALUES (848, '["촬영 현장 방문권"]', 7, 848, 23, 848);
INSERT INTO supporting_projects(supporting_project_id, supported_at, delivery_id, payment_id, project_id, user_id) VALUES (849, (SELECT projects.start_date + INTERVAL 35 DAY FROM projects WHERE projects.id=23), 1, 849, 23, 22);
INSERT INTO orders (order_id, created_at, delivery_id, payment_id, supporting_project_id) VALUES (849, (SELECT projects.start_date + INTERVAL 35 DAY FROM projects WHERE projects.id=23), 1, 849, 849);
INSERT INTO supporting_packages(id, option_list, package_count, order_id, project_package_id, supporting_project_id) VALUES (849, '["시나리오 작성 가이드"]', 7, 849, 23, 849);
INSERT INTO supporting_projects(supporting_project_id, supported_at, delivery_id, payment_id, project_id, user_id) VALUES (850, (SELECT projects.start_date + INTERVAL 43 DAY FROM projects WHERE projects.id=23), 1, 850, 23, 5);
INSERT INTO orders (order_id, created_at, delivery_id, payment_id, supporting_project_id) VALUES (850, (SELECT projects.start_date + INTERVAL 43 DAY FROM projects WHERE projects.id=23), 1, 850, 850);
INSERT INTO supporting_packages(id, option_list, package_count, order_id, project_package_id, supporting_project_id) VALUES (850, '["촬영 현장 방문권"]', 3, 850, 23, 850);
INSERT INTO supporting_projects(supporting_project_id, supported_at, delivery_id, payment_id, project_id, user_id) VALUES (851, (SELECT projects.start_date + INTERVAL 3 DAY FROM projects WHERE projects.id=23), 1, 851, 23, 23);
INSERT INTO orders (order_id, created_at, delivery_id, payment_id, supporting_project_id) VALUES (851, (SELECT projects.start_date + INTERVAL 3 DAY FROM projects WHERE projects.id=23), 1, 851, 851);
INSERT INTO supporting_packages(id, option_list, package_count, order_id, project_package_id, supporting_project_id) VALUES (851, '["연기 클래스"]', 3, 851, 23, 851);
INSERT INTO supporting_projects(supporting_project_id, supported_at, delivery_id, payment_id, project_id, user_id) VALUES (852, (SELECT projects.start_date + INTERVAL 31 DAY FROM projects WHERE projects.id=23), 1, 852, 23, 12);
INSERT INTO orders (order_id, created_at, delivery_id, payment_id, supporting_project_id) VALUES (852, (SELECT projects.start_date + INTERVAL 31 DAY FROM projects WHERE projects.id=23), 1, 852, 852);
INSERT INTO supporting_packages(id, option_list, package_count, order_id, project_package_id, supporting_project_id) VALUES (852, '["시나리오 작성 가이드"]', 6, 852, 23, 852);
INSERT INTO supporting_projects(supporting_project_id, supported_at, delivery_id, payment_id, project_id, user_id) VALUES (853, (SELECT projects.start_date + INTERVAL 17 DAY FROM projects WHERE projects.id=23), 1, 853, 23, 12);
INSERT INTO orders (order_id, created_at, delivery_id, payment_id, supporting_project_id) VALUES (853, (SELECT projects.start_date + INTERVAL 17 DAY FROM projects WHERE projects.id=23), 1, 853, 853);
INSERT INTO supporting_packages(id, option_list, package_count, order_id, project_package_id, supporting_project_id) VALUES (853, '["시나리오 작성 가이드"]', 9, 853, 23, 853);
INSERT INTO supporting_projects(supporting_project_id, supported_at, delivery_id, payment_id, project_id, user_id) VALUES (854, (SELECT projects.start_date + INTERVAL 3 DAY FROM projects WHERE projects.id=23), 1, 854, 23, 12);
INSERT INTO orders (order_id, created_at, delivery_id, payment_id, supporting_project_id) VALUES (854, (SELECT projects.start_date + INTERVAL 3 DAY FROM projects WHERE projects.id=23), 1, 854, 854);
INSERT INTO supporting_packages(id, option_list, package_count, order_id, project_package_id, supporting_project_id) VALUES (854, '["연기 클래스"]', 1, 854, 23, 854);
INSERT INTO supporting_projects(supporting_project_id, supported_at, delivery_id, payment_id, project_id, user_id) VALUES (855, (SELECT projects.start_date + INTERVAL 5 DAY FROM projects WHERE projects.id=23), 1, 855, 23, 33);
INSERT INTO orders (order_id, created_at, delivery_id, payment_id, supporting_project_id) VALUES (855, (SELECT projects.start_date + INTERVAL 5 DAY FROM projects WHERE projects.id=23), 1, 855, 855);
INSERT INTO supporting_packages(id, option_list, package_count, order_id, project_package_id, supporting_project_id) VALUES (855, '["촬영 현장 방문권"]', 7, 855, 23, 855);
INSERT INTO supporting_projects(supporting_project_id, supported_at, delivery_id, payment_id, project_id, user_id) VALUES (856, (SELECT projects.start_date + INTERVAL 22 DAY FROM projects WHERE projects.id=23), 1, 856, 23, 40);
INSERT INTO orders (order_id, created_at, delivery_id, payment_id, supporting_project_id) VALUES (856, (SELECT projects.start_date + INTERVAL 22 DAY FROM projects WHERE projects.id=23), 1, 856, 856);
INSERT INTO supporting_packages(id, option_list, package_count, order_id, project_package_id, supporting_project_id) VALUES (856, '["시나리오 작성 가이드"]', 7, 856, 23, 856);
INSERT INTO supporting_projects(supporting_project_id, supported_at, delivery_id, payment_id, project_id, user_id) VALUES (857, (SELECT projects.start_date + INTERVAL 35 DAY FROM projects WHERE projects.id=23), 1, 857, 23, 1);
INSERT INTO orders (order_id, created_at, delivery_id, payment_id, supporting_project_id) VALUES (857, (SELECT projects.start_date + INTERVAL 35 DAY FROM projects WHERE projects.id=23), 1, 857, 857);
INSERT INTO supporting_packages(id, option_list, package_count, order_id, project_package_id, supporting_project_id) VALUES (857, '["시나리오 작성 가이드"]', 10, 857, 23, 857);
INSERT INTO supporting_projects(supporting_project_id, supported_at, delivery_id, payment_id, project_id, user_id) VALUES (858, (SELECT projects.start_date + INTERVAL 25 DAY FROM projects WHERE projects.id=23), 1, 858, 23, 38);
INSERT INTO orders (order_id, created_at, delivery_id, payment_id, supporting_project_id) VALUES (858, (SELECT projects.start_date + INTERVAL 25 DAY FROM projects WHERE projects.id=23), 1, 858, 858);
INSERT INTO supporting_packages(id, option_list, package_count, order_id, project_package_id, supporting_project_id) VALUES (858, '["촬영 현장 방문권"]', 2, 858, 23, 858);
INSERT INTO supporting_projects(supporting_project_id, supported_at, delivery_id, payment_id, project_id, user_id) VALUES (859, (SELECT projects.start_date + INTERVAL 27 DAY FROM projects WHERE projects.id=23), 1, 859, 23, 36);
INSERT INTO orders (order_id, created_at, delivery_id, payment_id, supporting_project_id) VALUES (859, (SELECT projects.start_date + INTERVAL 27 DAY FROM projects WHERE projects.id=23), 1, 859, 859);
INSERT INTO supporting_packages(id, option_list, package_count, order_id, project_package_id, supporting_project_id) VALUES (859, '["촬영 현장 방문권"]', 7, 859, 23, 859);
INSERT INTO supporting_projects(supporting_project_id, supported_at, delivery_id, payment_id, project_id, user_id) VALUES (860, (SELECT projects.start_date + INTERVAL 31 DAY FROM projects WHERE projects.id=23), 1, 860, 23, 6);
INSERT INTO orders (order_id, created_at, delivery_id, payment_id, supporting_project_id) VALUES (860, (SELECT projects.start_date + INTERVAL 31 DAY FROM projects WHERE projects.id=23), 1, 860, 860);
INSERT INTO supporting_packages(id, option_list, package_count, order_id, project_package_id, supporting_project_id) VALUES (860, '["연기 클래스"]', 9, 860, 23, 860);
INSERT INTO supporting_projects(supporting_project_id, supported_at, delivery_id, payment_id, project_id, user_id) VALUES (861, (SELECT projects.start_date + INTERVAL 21 DAY FROM projects WHERE projects.id=23), 1, 861, 23, 12);
INSERT INTO orders (order_id, created_at, delivery_id, payment_id, supporting_project_id) VALUES (861, (SELECT projects.start_date + INTERVAL 21 DAY FROM projects WHERE projects.id=23), 1, 861, 861);
INSERT INTO supporting_packages(id, option_list, package_count, order_id, project_package_id, supporting_project_id) VALUES (861, '["시나리오 작성 가이드"]', 6, 861, 23, 861);
INSERT INTO supporting_projects(supporting_project_id, supported_at, delivery_id, payment_id, project_id, user_id) VALUES (862, (SELECT projects.start_date + INTERVAL 8 DAY FROM projects WHERE projects.id=23), 1, 862, 23, 35);
INSERT INTO orders (order_id, created_at, delivery_id, payment_id, supporting_project_id) VALUES (862, (SELECT projects.start_date + INTERVAL 8 DAY FROM projects WHERE projects.id=23), 1, 862, 862);
INSERT INTO supporting_packages(id, option_list, package_count, order_id, project_package_id, supporting_project_id) VALUES (862, '["연기 클래스"]', 7, 862, 23, 862);
INSERT INTO supporting_projects(supporting_project_id, supported_at, delivery_id, payment_id, project_id, user_id) VALUES (863, (SELECT projects.start_date + INTERVAL 7 DAY FROM projects WHERE projects.id=23), 1, 863, 23, 12);
INSERT INTO orders (order_id, created_at, delivery_id, payment_id, supporting_project_id) VALUES (863, (SELECT projects.start_date + INTERVAL 7 DAY FROM projects WHERE projects.id=23), 1, 863, 863);
INSERT INTO supporting_packages(id, option_list, package_count, order_id, project_package_id, supporting_project_id) VALUES (863, '["촬영 현장 방문권"]', 1, 863, 23, 863);
INSERT INTO supporting_projects(supporting_project_id, supported_at, delivery_id, payment_id, project_id, user_id) VALUES (864, (SELECT projects.start_date + INTERVAL 1 DAY FROM projects WHERE projects.id=23), 1, 864, 23, 5);
INSERT INTO orders (order_id, created_at, delivery_id, payment_id, supporting_project_id) VALUES (864, (SELECT projects.start_date + INTERVAL 1 DAY FROM projects WHERE projects.id=23), 1, 864, 864);
INSERT INTO supporting_packages(id, option_list, package_count, order_id, project_package_id, supporting_project_id) VALUES (864, '["촬영 현장 방문권"]', 4, 864, 23, 864);
INSERT INTO supporting_projects(supporting_project_id, supported_at, delivery_id, payment_id, project_id, user_id) VALUES (865, (SELECT projects.start_date + INTERVAL 13 DAY FROM projects WHERE projects.id=23), 1, 865, 23, 17);
INSERT INTO orders (order_id, created_at, delivery_id, payment_id, supporting_project_id) VALUES (865, (SELECT projects.start_date + INTERVAL 13 DAY FROM projects WHERE projects.id=23), 1, 865, 865);
INSERT INTO supporting_packages(id, option_list, package_count, order_id, project_package_id, supporting_project_id) VALUES (865, '["연기 클래스"]', 10, 865, 23, 865);
INSERT INTO supporting_projects(supporting_project_id, supported_at, delivery_id, payment_id, project_id, user_id) VALUES (866, (SELECT projects.start_date + INTERVAL 32 DAY FROM projects WHERE projects.id=23), 1, 866, 23, 35);
INSERT INTO orders (order_id, created_at, delivery_id, payment_id, supporting_project_id) VALUES (866, (SELECT projects.start_date + INTERVAL 32 DAY FROM projects WHERE projects.id=23), 1, 866, 866);
INSERT INTO supporting_packages(id, option_list, package_count, order_id, project_package_id, supporting_project_id) VALUES (866, '["연기 클래스"]', 5, 866, 23, 866);
INSERT INTO supporting_projects(supporting_project_id, supported_at, delivery_id, payment_id, project_id, user_id) VALUES (867, (SELECT projects.start_date + INTERVAL 27 DAY FROM projects WHERE projects.id=23), 1, 867, 23, 38);
INSERT INTO orders (order_id, created_at, delivery_id, payment_id, supporting_project_id) VALUES (867, (SELECT projects.start_date + INTERVAL 27 DAY FROM projects WHERE projects.id=23), 1, 867, 867);
INSERT INTO supporting_packages(id, option_list, package_count, order_id, project_package_id, supporting_project_id) VALUES (867, '["시나리오 작성 가이드"]', 2, 867, 23, 867);
INSERT INTO supporting_projects(supporting_project_id, supported_at, delivery_id, payment_id, project_id, user_id) VALUES (868, (SELECT projects.start_date + INTERVAL 33 DAY FROM projects WHERE projects.id=23), 1, 868, 23, 39);
INSERT INTO orders (order_id, created_at, delivery_id, payment_id, supporting_project_id) VALUES (868, (SELECT projects.start_date + INTERVAL 33 DAY FROM projects WHERE projects.id=23), 1, 868, 868);
INSERT INTO supporting_packages(id, option_list, package_count, order_id, project_package_id, supporting_project_id) VALUES (868, '["촬영 현장 방문권"]', 7, 868, 23, 868);
INSERT INTO supporting_projects(supporting_project_id, supported_at, delivery_id, payment_id, project_id, user_id) VALUES (869, (SELECT projects.start_date + INTERVAL 7 DAY FROM projects WHERE projects.id=23), 1, 869, 23, 33);
INSERT INTO orders (order_id, created_at, delivery_id, payment_id, supporting_project_id) VALUES (869, (SELECT projects.start_date + INTERVAL 7 DAY FROM projects WHERE projects.id=23), 1, 869, 869);
INSERT INTO supporting_packages(id, option_list, package_count, order_id, project_package_id, supporting_project_id) VALUES (869, '["시나리오 작성 가이드"]', 1, 869, 23, 869);
INSERT INTO supporting_projects(supporting_project_id, supported_at, delivery_id, payment_id, project_id, user_id) VALUES (870, (SELECT projects.start_date + INTERVAL 42 DAY FROM projects WHERE projects.id=23), 1, 870, 23, 26);
INSERT INTO orders (order_id, created_at, delivery_id, payment_id, supporting_project_id) VALUES (870, (SELECT projects.start_date + INTERVAL 42 DAY FROM projects WHERE projects.id=23), 1, 870, 870);
INSERT INTO supporting_packages(id, option_list, package_count, order_id, project_package_id, supporting_project_id) VALUES (870, '["연기 클래스"]', 5, 870, 23, 870);
INSERT INTO supporting_projects(supporting_project_id, supported_at, delivery_id, payment_id, project_id, user_id) VALUES (871, (SELECT projects.start_date + INTERVAL 48 DAY FROM projects WHERE projects.id=23), 1, 871, 23, 17);
INSERT INTO orders (order_id, created_at, delivery_id, payment_id, supporting_project_id) VALUES (871, (SELECT projects.start_date + INTERVAL 48 DAY FROM projects WHERE projects.id=23), 1, 871, 871);
INSERT INTO supporting_packages(id, option_list, package_count, order_id, project_package_id, supporting_project_id) VALUES (871, '["연기 클래스"]', 4, 871, 23, 871);
INSERT INTO supporting_projects(supporting_project_id, supported_at, delivery_id, payment_id, project_id, user_id) VALUES (872, (SELECT projects.start_date + INTERVAL 9 DAY FROM projects WHERE projects.id=23), 1, 872, 23, 7);
INSERT INTO orders (order_id, created_at, delivery_id, payment_id, supporting_project_id) VALUES (872, (SELECT projects.start_date + INTERVAL 9 DAY FROM projects WHERE projects.id=23), 1, 872, 872);
INSERT INTO supporting_packages(id, option_list, package_count, order_id, project_package_id, supporting_project_id) VALUES (872, '["촬영 현장 방문권"]', 2, 872, 23, 872);
INSERT INTO supporting_projects(supporting_project_id, supported_at, delivery_id, payment_id, project_id, user_id) VALUES (873, (SELECT projects.start_date + INTERVAL 27 DAY FROM projects WHERE projects.id=23), 1, 873, 23, 29);
INSERT INTO orders (order_id, created_at, delivery_id, payment_id, supporting_project_id) VALUES (873, (SELECT projects.start_date + INTERVAL 27 DAY FROM projects WHERE projects.id=23), 1, 873, 873);
INSERT INTO supporting_packages(id, option_list, package_count, order_id, project_package_id, supporting_project_id) VALUES (873, '["연기 클래스"]', 7, 873, 23, 873);
INSERT INTO supporting_projects(supporting_project_id, supported_at, delivery_id, payment_id, project_id, user_id) VALUES (874, (SELECT projects.start_date + INTERVAL 23 DAY FROM projects WHERE projects.id=23), 1, 874, 23, 32);
INSERT INTO orders (order_id, created_at, delivery_id, payment_id, supporting_project_id) VALUES (874, (SELECT projects.start_date + INTERVAL 23 DAY FROM projects WHERE projects.id=23), 1, 874, 874);
INSERT INTO supporting_packages(id, option_list, package_count, order_id, project_package_id, supporting_project_id) VALUES (874, '["촬영 현장 방문권"]', 4, 874, 23, 874);
INSERT INTO supporting_projects(supporting_project_id, supported_at, delivery_id, payment_id, project_id, user_id) VALUES (875, (SELECT projects.start_date + INTERVAL 11 DAY FROM projects WHERE projects.id=23), 1, 875, 23, 6);
INSERT INTO orders (order_id, created_at, delivery_id, payment_id, supporting_project_id) VALUES (875, (SELECT projects.start_date + INTERVAL 11 DAY FROM projects WHERE projects.id=23), 1, 875, 875);
INSERT INTO supporting_packages(id, option_list, package_count, order_id, project_package_id, supporting_project_id) VALUES (875, '["연기 클래스"]', 2, 875, 23, 875);
INSERT INTO supporting_projects(supporting_project_id, supported_at, delivery_id, payment_id, project_id, user_id) VALUES (876, (SELECT projects.start_date + INTERVAL 11 DAY FROM projects WHERE projects.id=23), 1, 876, 23, 28);
INSERT INTO orders (order_id, created_at, delivery_id, payment_id, supporting_project_id) VALUES (876, (SELECT projects.start_date + INTERVAL 11 DAY FROM projects WHERE projects.id=23), 1, 876, 876);
INSERT INTO supporting_packages(id, option_list, package_count, order_id, project_package_id, supporting_project_id) VALUES (876, '["촬영 현장 방문권"]', 10, 876, 23, 876);
INSERT INTO supporting_projects(supporting_project_id, supported_at, delivery_id, payment_id, project_id, user_id) VALUES (877, (SELECT projects.start_date + INTERVAL 4 DAY FROM projects WHERE projects.id=23), 1, 877, 23, 8);
INSERT INTO orders (order_id, created_at, delivery_id, payment_id, supporting_project_id) VALUES (877, (SELECT projects.start_date + INTERVAL 4 DAY FROM projects WHERE projects.id=23), 1, 877, 877);
INSERT INTO supporting_packages(id, option_list, package_count, order_id, project_package_id, supporting_project_id) VALUES (877, '["촬영 현장 방문권"]', 9, 877, 23, 877);
INSERT INTO supporting_projects(supporting_project_id, supported_at, delivery_id, payment_id, project_id, user_id) VALUES (878, (SELECT projects.start_date + INTERVAL 40 DAY FROM projects WHERE projects.id=23), 1, 878, 23, 38);
INSERT INTO orders (order_id, created_at, delivery_id, payment_id, supporting_project_id) VALUES (878, (SELECT projects.start_date + INTERVAL 40 DAY FROM projects WHERE projects.id=23), 1, 878, 878);
INSERT INTO supporting_packages(id, option_list, package_count, order_id, project_package_id, supporting_project_id) VALUES (878, '["시나리오 작성 가이드"]', 1, 878, 23, 878);
INSERT INTO supporting_projects(supporting_project_id, supported_at, delivery_id, payment_id, project_id, user_id) VALUES (879, (SELECT projects.start_date + INTERVAL 46 DAY FROM projects WHERE projects.id=23), 1, 879, 23, 2);
INSERT INTO orders (order_id, created_at, delivery_id, payment_id, supporting_project_id) VALUES (879, (SELECT projects.start_date + INTERVAL 46 DAY FROM projects WHERE projects.id=23), 1, 879, 879);
INSERT INTO supporting_packages(id, option_list, package_count, order_id, project_package_id, supporting_project_id) VALUES (879, '["촬영 현장 방문권"]', 2, 879, 23, 879);
INSERT INTO supporting_projects(supporting_project_id, supported_at, delivery_id, payment_id, project_id, user_id) VALUES (880, (SELECT projects.start_date + INTERVAL 13 DAY FROM projects WHERE projects.id=23), 1, 880, 23, 35);
INSERT INTO orders (order_id, created_at, delivery_id, payment_id, supporting_project_id) VALUES (880, (SELECT projects.start_date + INTERVAL 13 DAY FROM projects WHERE projects.id=23), 1, 880, 880);
INSERT INTO supporting_packages(id, option_list, package_count, order_id, project_package_id, supporting_project_id) VALUES (880, '["촬영 현장 방문권"]', 1, 880, 23, 880);
INSERT INTO supporting_projects(supporting_project_id, supported_at, delivery_id, payment_id, project_id, user_id) VALUES (881, (SELECT projects.start_date + INTERVAL 19 DAY FROM projects WHERE projects.id=23), 1, 881, 23, 21);
INSERT INTO orders (order_id, created_at, delivery_id, payment_id, supporting_project_id) VALUES (881, (SELECT projects.start_date + INTERVAL 19 DAY FROM projects WHERE projects.id=23), 1, 881, 881);
INSERT INTO supporting_packages(id, option_list, package_count, order_id, project_package_id, supporting_project_id) VALUES (881, '["연기 클래스"]', 5, 881, 23, 881);
INSERT INTO supporting_projects(supporting_project_id, supported_at, delivery_id, payment_id, project_id, user_id) VALUES (882, (SELECT projects.start_date + INTERVAL 10 DAY FROM projects WHERE projects.id=23), 1, 882, 23, 18);
INSERT INTO orders (order_id, created_at, delivery_id, payment_id, supporting_project_id) VALUES (882, (SELECT projects.start_date + INTERVAL 10 DAY FROM projects WHERE projects.id=23), 1, 882, 882);
INSERT INTO supporting_packages(id, option_list, package_count, order_id, project_package_id, supporting_project_id) VALUES (882, '["연기 클래스"]', 4, 882, 23, 882);
INSERT INTO supporting_projects(supporting_project_id, supported_at, delivery_id, payment_id, project_id, user_id) VALUES (883, (SELECT projects.start_date + INTERVAL 44 DAY FROM projects WHERE projects.id=23), 1, 883, 23, 37);
INSERT INTO orders (order_id, created_at, delivery_id, payment_id, supporting_project_id) VALUES (883, (SELECT projects.start_date + INTERVAL 44 DAY FROM projects WHERE projects.id=23), 1, 883, 883);
INSERT INTO supporting_packages(id, option_list, package_count, order_id, project_package_id, supporting_project_id) VALUES (883, '["연기 클래스"]', 6, 883, 23, 883);
INSERT INTO supporting_projects(supporting_project_id, supported_at, delivery_id, payment_id, project_id, user_id) VALUES (884, (SELECT projects.start_date + INTERVAL 15 DAY FROM projects WHERE projects.id=23), 1, 884, 23, 26);
INSERT INTO orders (order_id, created_at, delivery_id, payment_id, supporting_project_id) VALUES (884, (SELECT projects.start_date + INTERVAL 15 DAY FROM projects WHERE projects.id=23), 1, 884, 884);
INSERT INTO supporting_packages(id, option_list, package_count, order_id, project_package_id, supporting_project_id) VALUES (884, '["시나리오 작성 가이드"]', 1, 884, 23, 884);
INSERT INTO supporting_projects(supporting_project_id, supported_at, delivery_id, payment_id, project_id, user_id) VALUES (885, (SELECT projects.start_date + INTERVAL 25 DAY FROM projects WHERE projects.id=24), 1, 885, 24, 37);
INSERT INTO orders (order_id, created_at, delivery_id, payment_id, supporting_project_id) VALUES (885, (SELECT projects.start_date + INTERVAL 25 DAY FROM projects WHERE projects.id=24), 1, 885, 885);
INSERT INTO supporting_packages(id, option_list, package_count, order_id, project_package_id, supporting_project_id) VALUES (885, '["영화 티켓"]', 10, 885, 24, 885);
INSERT INTO supporting_projects(supporting_project_id, supported_at, delivery_id, payment_id, project_id, user_id) VALUES (886, (SELECT projects.start_date + INTERVAL 25 DAY FROM projects WHERE projects.id=24), 1, 886, 24, 15);
INSERT INTO orders (order_id, created_at, delivery_id, payment_id, supporting_project_id) VALUES (886, (SELECT projects.start_date + INTERVAL 25 DAY FROM projects WHERE projects.id=24), 1, 886, 886);
INSERT INTO supporting_packages(id, option_list, package_count, order_id, project_package_id, supporting_project_id) VALUES (886, '["팝콘 세트"]', 2, 886, 24, 886);
INSERT INTO supporting_projects(supporting_project_id, supported_at, delivery_id, payment_id, project_id, user_id) VALUES (887, (SELECT projects.start_date + INTERVAL 24 DAY FROM projects WHERE projects.id=24), 1, 887, 24, 39);
INSERT INTO orders (order_id, created_at, delivery_id, payment_id, supporting_project_id) VALUES (887, (SELECT projects.start_date + INTERVAL 24 DAY FROM projects WHERE projects.id=24), 1, 887, 887);
INSERT INTO supporting_packages(id, option_list, package_count, order_id, project_package_id, supporting_project_id) VALUES (887, '["영화 포스터"]', 4, 887, 24, 887);
INSERT INTO supporting_projects(supporting_project_id, supported_at, delivery_id, payment_id, project_id, user_id) VALUES (888, (SELECT projects.start_date + INTERVAL 4 DAY FROM projects WHERE projects.id=24), 1, 888, 24, 34);
INSERT INTO orders (order_id, created_at, delivery_id, payment_id, supporting_project_id) VALUES (888, (SELECT projects.start_date + INTERVAL 4 DAY FROM projects WHERE projects.id=24), 1, 888, 888);
INSERT INTO supporting_packages(id, option_list, package_count, order_id, project_package_id, supporting_project_id) VALUES (888, '["팝콘 세트"]', 9, 888, 24, 888);
INSERT INTO supporting_projects(supporting_project_id, supported_at, delivery_id, payment_id, project_id, user_id) VALUES (889, (SELECT projects.start_date + INTERVAL 10 DAY FROM projects WHERE projects.id=24), 1, 889, 24, 29);
INSERT INTO orders (order_id, created_at, delivery_id, payment_id, supporting_project_id) VALUES (889, (SELECT projects.start_date + INTERVAL 10 DAY FROM projects WHERE projects.id=24), 1, 889, 889);
INSERT INTO supporting_packages(id, option_list, package_count, order_id, project_package_id, supporting_project_id) VALUES (889, '["영화 티켓"]', 4, 889, 24, 889);
INSERT INTO supporting_projects(supporting_project_id, supported_at, delivery_id, payment_id, project_id, user_id) VALUES (890, (SELECT projects.start_date + INTERVAL 4 DAY FROM projects WHERE projects.id=24), 1, 890, 24, 28);
INSERT INTO orders (order_id, created_at, delivery_id, payment_id, supporting_project_id) VALUES (890, (SELECT projects.start_date + INTERVAL 4 DAY FROM projects WHERE projects.id=24), 1, 890, 890);
INSERT INTO supporting_packages(id, option_list, package_count, order_id, project_package_id, supporting_project_id) VALUES (890, '["영화 포스터"]', 4, 890, 24, 890);
INSERT INTO supporting_projects(supporting_project_id, supported_at, delivery_id, payment_id, project_id, user_id) VALUES (891, (SELECT projects.start_date + INTERVAL 1 DAY FROM projects WHERE projects.id=24), 1, 891, 24, 6);
INSERT INTO orders (order_id, created_at, delivery_id, payment_id, supporting_project_id) VALUES (891, (SELECT projects.start_date + INTERVAL 1 DAY FROM projects WHERE projects.id=24), 1, 891, 891);
INSERT INTO supporting_packages(id, option_list, package_count, order_id, project_package_id, supporting_project_id) VALUES (891, '["영화 티켓"]', 5, 891, 24, 891);
INSERT INTO supporting_projects(supporting_project_id, supported_at, delivery_id, payment_id, project_id, user_id) VALUES (892, (SELECT projects.start_date + INTERVAL 29 DAY FROM projects WHERE projects.id=24), 1, 892, 24, 23);
INSERT INTO orders (order_id, created_at, delivery_id, payment_id, supporting_project_id) VALUES (892, (SELECT projects.start_date + INTERVAL 29 DAY FROM projects WHERE projects.id=24), 1, 892, 892);
INSERT INTO supporting_packages(id, option_list, package_count, order_id, project_package_id, supporting_project_id) VALUES (892, '["팝콘 세트"]', 1, 892, 24, 892);
INSERT INTO supporting_projects(supporting_project_id, supported_at, delivery_id, payment_id, project_id, user_id) VALUES (893, (SELECT projects.start_date + INTERVAL 39 DAY FROM projects WHERE projects.id=24), 1, 893, 24, 27);
INSERT INTO orders (order_id, created_at, delivery_id, payment_id, supporting_project_id) VALUES (893, (SELECT projects.start_date + INTERVAL 39 DAY FROM projects WHERE projects.id=24), 1, 893, 893);
INSERT INTO supporting_packages(id, option_list, package_count, order_id, project_package_id, supporting_project_id) VALUES (893, '["팝콘 세트"]', 8, 893, 24, 893);
INSERT INTO supporting_projects(supporting_project_id, supported_at, delivery_id, payment_id, project_id, user_id) VALUES (894, (SELECT projects.start_date + INTERVAL 7 DAY FROM projects WHERE projects.id=24), 1, 894, 24, 24);
INSERT INTO orders (order_id, created_at, delivery_id, payment_id, supporting_project_id) VALUES (894, (SELECT projects.start_date + INTERVAL 7 DAY FROM projects WHERE projects.id=24), 1, 894, 894);
INSERT INTO supporting_packages(id, option_list, package_count, order_id, project_package_id, supporting_project_id) VALUES (894, '["영화 포스터"]', 8, 894, 24, 894);
INSERT INTO supporting_projects(supporting_project_id, supported_at, delivery_id, payment_id, project_id, user_id) VALUES (895, (SELECT projects.start_date + INTERVAL 12 DAY FROM projects WHERE projects.id=24), 1, 895, 24, 24);
INSERT INTO orders (order_id, created_at, delivery_id, payment_id, supporting_project_id) VALUES (895, (SELECT projects.start_date + INTERVAL 12 DAY FROM projects WHERE projects.id=24), 1, 895, 895);
INSERT INTO supporting_packages(id, option_list, package_count, order_id, project_package_id, supporting_project_id) VALUES (895, '["영화 티켓"]', 7, 895, 24, 895);
INSERT INTO supporting_projects(supporting_project_id, supported_at, delivery_id, payment_id, project_id, user_id) VALUES (896, (SELECT projects.start_date + INTERVAL 20 DAY FROM projects WHERE projects.id=24), 1, 896, 24, 33);
INSERT INTO orders (order_id, created_at, delivery_id, payment_id, supporting_project_id) VALUES (896, (SELECT projects.start_date + INTERVAL 20 DAY FROM projects WHERE projects.id=24), 1, 896, 896);
INSERT INTO supporting_packages(id, option_list, package_count, order_id, project_package_id, supporting_project_id) VALUES (896, '["팝콘 세트"]', 2, 896, 24, 896);
INSERT INTO supporting_projects(supporting_project_id, supported_at, delivery_id, payment_id, project_id, user_id) VALUES (897, (SELECT projects.start_date + INTERVAL 21 DAY FROM projects WHERE projects.id=24), 1, 897, 24, 19);
INSERT INTO orders (order_id, created_at, delivery_id, payment_id, supporting_project_id) VALUES (897, (SELECT projects.start_date + INTERVAL 21 DAY FROM projects WHERE projects.id=24), 1, 897, 897);
INSERT INTO supporting_packages(id, option_list, package_count, order_id, project_package_id, supporting_project_id) VALUES (897, '["팝콘 세트"]', 6, 897, 24, 897);
INSERT INTO supporting_projects(supporting_project_id, supported_at, delivery_id, payment_id, project_id, user_id) VALUES (898, (SELECT projects.start_date + INTERVAL 35 DAY FROM projects WHERE projects.id=24), 1, 898, 24, 6);
INSERT INTO orders (order_id, created_at, delivery_id, payment_id, supporting_project_id) VALUES (898, (SELECT projects.start_date + INTERVAL 35 DAY FROM projects WHERE projects.id=24), 1, 898, 898);
INSERT INTO supporting_packages(id, option_list, package_count, order_id, project_package_id, supporting_project_id) VALUES (898, '["영화 티켓"]', 6, 898, 24, 898);
INSERT INTO supporting_projects(supporting_project_id, supported_at, delivery_id, payment_id, project_id, user_id) VALUES (899, (SELECT projects.start_date + INTERVAL 31 DAY FROM projects WHERE projects.id=24), 1, 899, 24, 31);
INSERT INTO orders (order_id, created_at, delivery_id, payment_id, supporting_project_id) VALUES (899, (SELECT projects.start_date + INTERVAL 31 DAY FROM projects WHERE projects.id=24), 1, 899, 899);
INSERT INTO supporting_packages(id, option_list, package_count, order_id, project_package_id, supporting_project_id) VALUES (899, '["영화 티켓"]', 4, 899, 24, 899);
INSERT INTO supporting_projects(supporting_project_id, supported_at, delivery_id, payment_id, project_id, user_id) VALUES (900, (SELECT projects.start_date + INTERVAL 18 DAY FROM projects WHERE projects.id=24), 1, 900, 24, 25);
INSERT INTO orders (order_id, created_at, delivery_id, payment_id, supporting_project_id) VALUES (900, (SELECT projects.start_date + INTERVAL 18 DAY FROM projects WHERE projects.id=24), 1, 900, 900);
INSERT INTO supporting_packages(id, option_list, package_count, order_id, project_package_id, supporting_project_id) VALUES (900, '["영화 티켓"]', 4, 900, 24, 900);
INSERT INTO supporting_projects(supporting_project_id, supported_at, delivery_id, payment_id, project_id, user_id) VALUES (901, (SELECT projects.start_date + INTERVAL 50 DAY FROM projects WHERE projects.id=24), 1, 901, 24, 12);
INSERT INTO orders (order_id, created_at, delivery_id, payment_id, supporting_project_id) VALUES (901, (SELECT projects.start_date + INTERVAL 50 DAY FROM projects WHERE projects.id=24), 1, 901, 901);
INSERT INTO supporting_packages(id, option_list, package_count, order_id, project_package_id, supporting_project_id) VALUES (901, '["영화 포스터"]', 2, 901, 24, 901);
INSERT INTO supporting_projects(supporting_project_id, supported_at, delivery_id, payment_id, project_id, user_id) VALUES (902, (SELECT projects.start_date + INTERVAL 31 DAY FROM projects WHERE projects.id=24), 1, 902, 24, 29);
INSERT INTO orders (order_id, created_at, delivery_id, payment_id, supporting_project_id) VALUES (902, (SELECT projects.start_date + INTERVAL 31 DAY FROM projects WHERE projects.id=24), 1, 902, 902);
INSERT INTO supporting_packages(id, option_list, package_count, order_id, project_package_id, supporting_project_id) VALUES (902, '["영화 티켓"]', 3, 902, 24, 902);
INSERT INTO supporting_projects(supporting_project_id, supported_at, delivery_id, payment_id, project_id, user_id) VALUES (903, (SELECT projects.start_date + INTERVAL 47 DAY FROM projects WHERE projects.id=24), 1, 903, 24, 30);
INSERT INTO orders (order_id, created_at, delivery_id, payment_id, supporting_project_id) VALUES (903, (SELECT projects.start_date + INTERVAL 47 DAY FROM projects WHERE projects.id=24), 1, 903, 903);
INSERT INTO supporting_packages(id, option_list, package_count, order_id, project_package_id, supporting_project_id) VALUES (903, '["영화 티켓"]', 6, 903, 24, 903);
INSERT INTO supporting_projects(supporting_project_id, supported_at, delivery_id, payment_id, project_id, user_id) VALUES (904, (SELECT projects.start_date + INTERVAL 41 DAY FROM projects WHERE projects.id=24), 1, 904, 24, 20);
INSERT INTO orders (order_id, created_at, delivery_id, payment_id, supporting_project_id) VALUES (904, (SELECT projects.start_date + INTERVAL 41 DAY FROM projects WHERE projects.id=24), 1, 904, 904);
INSERT INTO supporting_packages(id, option_list, package_count, order_id, project_package_id, supporting_project_id) VALUES (904, '["영화 포스터"]', 5, 904, 24, 904);
INSERT INTO supporting_projects(supporting_project_id, supported_at, delivery_id, payment_id, project_id, user_id) VALUES (905, (SELECT projects.start_date + INTERVAL 19 DAY FROM projects WHERE projects.id=24), 1, 905, 24, 12);
INSERT INTO orders (order_id, created_at, delivery_id, payment_id, supporting_project_id) VALUES (905, (SELECT projects.start_date + INTERVAL 19 DAY FROM projects WHERE projects.id=24), 1, 905, 905);
INSERT INTO supporting_packages(id, option_list, package_count, order_id, project_package_id, supporting_project_id) VALUES (905, '["팝콘 세트"]', 7, 905, 24, 905);
INSERT INTO supporting_projects(supporting_project_id, supported_at, delivery_id, payment_id, project_id, user_id) VALUES (906, (SELECT projects.start_date + INTERVAL 29 DAY FROM projects WHERE projects.id=24), 1, 906, 24, 18);
INSERT INTO orders (order_id, created_at, delivery_id, payment_id, supporting_project_id) VALUES (906, (SELECT projects.start_date + INTERVAL 29 DAY FROM projects WHERE projects.id=24), 1, 906, 906);
INSERT INTO supporting_packages(id, option_list, package_count, order_id, project_package_id, supporting_project_id) VALUES (906, '["영화 티켓"]', 1, 906, 24, 906);
INSERT INTO supporting_projects(supporting_project_id, supported_at, delivery_id, payment_id, project_id, user_id) VALUES (907, (SELECT projects.start_date + INTERVAL 47 DAY FROM projects WHERE projects.id=24), 1, 907, 24, 28);
INSERT INTO orders (order_id, created_at, delivery_id, payment_id, supporting_project_id) VALUES (907, (SELECT projects.start_date + INTERVAL 47 DAY FROM projects WHERE projects.id=24), 1, 907, 907);
INSERT INTO supporting_packages(id, option_list, package_count, order_id, project_package_id, supporting_project_id) VALUES (907, '["영화 포스터"]', 7, 907, 24, 907);
INSERT INTO supporting_projects(supporting_project_id, supported_at, delivery_id, payment_id, project_id, user_id) VALUES (908, (SELECT projects.start_date + INTERVAL 41 DAY FROM projects WHERE projects.id=24), 1, 908, 24, 7);
INSERT INTO orders (order_id, created_at, delivery_id, payment_id, supporting_project_id) VALUES (908, (SELECT projects.start_date + INTERVAL 41 DAY FROM projects WHERE projects.id=24), 1, 908, 908);
INSERT INTO supporting_packages(id, option_list, package_count, order_id, project_package_id, supporting_project_id) VALUES (908, '["영화 포스터"]', 3, 908, 24, 908);
INSERT INTO supporting_projects(supporting_project_id, supported_at, delivery_id, payment_id, project_id, user_id) VALUES (909, (SELECT projects.start_date + INTERVAL 33 DAY FROM projects WHERE projects.id=24), 1, 909, 24, 40);
INSERT INTO orders (order_id, created_at, delivery_id, payment_id, supporting_project_id) VALUES (909, (SELECT projects.start_date + INTERVAL 33 DAY FROM projects WHERE projects.id=24), 1, 909, 909);
INSERT INTO supporting_packages(id, option_list, package_count, order_id, project_package_id, supporting_project_id) VALUES (909, '["영화 포스터"]', 1, 909, 24, 909);
INSERT INTO supporting_projects(supporting_project_id, supported_at, delivery_id, payment_id, project_id, user_id) VALUES (910, (SELECT projects.start_date + INTERVAL 1 DAY FROM projects WHERE projects.id=24), 1, 910, 24, 26);
INSERT INTO orders (order_id, created_at, delivery_id, payment_id, supporting_project_id) VALUES (910, (SELECT projects.start_date + INTERVAL 1 DAY FROM projects WHERE projects.id=24), 1, 910, 910);
INSERT INTO supporting_packages(id, option_list, package_count, order_id, project_package_id, supporting_project_id) VALUES (910, '["영화 포스터"]', 10, 910, 24, 910);
INSERT INTO supporting_projects(supporting_project_id, supported_at, delivery_id, payment_id, project_id, user_id) VALUES (911, (SELECT projects.start_date + INTERVAL 22 DAY FROM projects WHERE projects.id=24), 1, 911, 24, 13);
INSERT INTO orders (order_id, created_at, delivery_id, payment_id, supporting_project_id) VALUES (911, (SELECT projects.start_date + INTERVAL 22 DAY FROM projects WHERE projects.id=24), 1, 911, 911);
INSERT INTO supporting_packages(id, option_list, package_count, order_id, project_package_id, supporting_project_id) VALUES (911, '["팝콘 세트"]', 2, 911, 24, 911);
INSERT INTO supporting_projects(supporting_project_id, supported_at, delivery_id, payment_id, project_id, user_id) VALUES (912, (SELECT projects.start_date + INTERVAL 17 DAY FROM projects WHERE projects.id=24), 1, 912, 24, 36);
INSERT INTO orders (order_id, created_at, delivery_id, payment_id, supporting_project_id) VALUES (912, (SELECT projects.start_date + INTERVAL 17 DAY FROM projects WHERE projects.id=24), 1, 912, 912);
INSERT INTO supporting_packages(id, option_list, package_count, order_id, project_package_id, supporting_project_id) VALUES (912, '["팝콘 세트"]', 7, 912, 24, 912);
INSERT INTO supporting_projects(supporting_project_id, supported_at, delivery_id, payment_id, project_id, user_id) VALUES (913, (SELECT projects.start_date + INTERVAL 26 DAY FROM projects WHERE projects.id=24), 1, 913, 24, 28);
INSERT INTO orders (order_id, created_at, delivery_id, payment_id, supporting_project_id) VALUES (913, (SELECT projects.start_date + INTERVAL 26 DAY FROM projects WHERE projects.id=24), 1, 913, 913);
INSERT INTO supporting_packages(id, option_list, package_count, order_id, project_package_id, supporting_project_id) VALUES (913, '["팝콘 세트"]', 10, 913, 24, 913);
INSERT INTO supporting_projects(supporting_project_id, supported_at, delivery_id, payment_id, project_id, user_id) VALUES (914, (SELECT projects.start_date + INTERVAL 19 DAY FROM projects WHERE projects.id=24), 1, 914, 24, 21);
INSERT INTO orders (order_id, created_at, delivery_id, payment_id, supporting_project_id) VALUES (914, (SELECT projects.start_date + INTERVAL 19 DAY FROM projects WHERE projects.id=24), 1, 914, 914);
INSERT INTO supporting_packages(id, option_list, package_count, order_id, project_package_id, supporting_project_id) VALUES (914, '["영화 포스터"]', 7, 914, 24, 914);
INSERT INTO supporting_projects(supporting_project_id, supported_at, delivery_id, payment_id, project_id, user_id) VALUES (915, (SELECT projects.start_date + INTERVAL 6 DAY FROM projects WHERE projects.id=24), 1, 915, 24, 27);
INSERT INTO orders (order_id, created_at, delivery_id, payment_id, supporting_project_id) VALUES (915, (SELECT projects.start_date + INTERVAL 6 DAY FROM projects WHERE projects.id=24), 1, 915, 915);
INSERT INTO supporting_packages(id, option_list, package_count, order_id, project_package_id, supporting_project_id) VALUES (915, '["영화 포스터"]', 10, 915, 24, 915);
INSERT INTO supporting_projects(supporting_project_id, supported_at, delivery_id, payment_id, project_id, user_id) VALUES (916, (SELECT projects.start_date + INTERVAL 33 DAY FROM projects WHERE projects.id=24), 1, 916, 24, 13);
INSERT INTO orders (order_id, created_at, delivery_id, payment_id, supporting_project_id) VALUES (916, (SELECT projects.start_date + INTERVAL 33 DAY FROM projects WHERE projects.id=24), 1, 916, 916);
INSERT INTO supporting_packages(id, option_list, package_count, order_id, project_package_id, supporting_project_id) VALUES (916, '["영화 포스터"]', 7, 916, 24, 916);
INSERT INTO supporting_projects(supporting_project_id, supported_at, delivery_id, payment_id, project_id, user_id) VALUES (917, (SELECT projects.start_date + INTERVAL 37 DAY FROM projects WHERE projects.id=24), 1, 917, 24, 20);
INSERT INTO orders (order_id, created_at, delivery_id, payment_id, supporting_project_id) VALUES (917, (SELECT projects.start_date + INTERVAL 37 DAY FROM projects WHERE projects.id=24), 1, 917, 917);
INSERT INTO supporting_packages(id, option_list, package_count, order_id, project_package_id, supporting_project_id) VALUES (917, '["팝콘 세트"]', 4, 917, 24, 917);
INSERT INTO supporting_projects(supporting_project_id, supported_at, delivery_id, payment_id, project_id, user_id) VALUES (918, (SELECT projects.start_date + INTERVAL 11 DAY FROM projects WHERE projects.id=24), 1, 918, 24, 19);
INSERT INTO orders (order_id, created_at, delivery_id, payment_id, supporting_project_id) VALUES (918, (SELECT projects.start_date + INTERVAL 11 DAY FROM projects WHERE projects.id=24), 1, 918, 918);
INSERT INTO supporting_packages(id, option_list, package_count, order_id, project_package_id, supporting_project_id) VALUES (918, '["영화 포스터"]', 9, 918, 24, 918);
INSERT INTO supporting_projects(supporting_project_id, supported_at, delivery_id, payment_id, project_id, user_id) VALUES (919, (SELECT projects.start_date + INTERVAL 37 DAY FROM projects WHERE projects.id=24), 1, 919, 24, 12);
INSERT INTO orders (order_id, created_at, delivery_id, payment_id, supporting_project_id) VALUES (919, (SELECT projects.start_date + INTERVAL 37 DAY FROM projects WHERE projects.id=24), 1, 919, 919);
INSERT INTO supporting_packages(id, option_list, package_count, order_id, project_package_id, supporting_project_id) VALUES (919, '["팝콘 세트"]', 1, 919, 24, 919);
INSERT INTO supporting_projects(supporting_project_id, supported_at, delivery_id, payment_id, project_id, user_id) VALUES (920, (SELECT projects.start_date + INTERVAL 33 DAY FROM projects WHERE projects.id=24), 1, 920, 24, 12);
INSERT INTO orders (order_id, created_at, delivery_id, payment_id, supporting_project_id) VALUES (920, (SELECT projects.start_date + INTERVAL 33 DAY FROM projects WHERE projects.id=24), 1, 920, 920);
INSERT INTO supporting_packages(id, option_list, package_count, order_id, project_package_id, supporting_project_id) VALUES (920, '["영화 포스터"]', 10, 920, 24, 920);
INSERT INTO supporting_projects(supporting_project_id, supported_at, delivery_id, payment_id, project_id, user_id) VALUES (921, (SELECT projects.start_date + INTERVAL 49 DAY FROM projects WHERE projects.id=24), 1, 921, 24, 8);
INSERT INTO orders (order_id, created_at, delivery_id, payment_id, supporting_project_id) VALUES (921, (SELECT projects.start_date + INTERVAL 49 DAY FROM projects WHERE projects.id=24), 1, 921, 921);
INSERT INTO supporting_packages(id, option_list, package_count, order_id, project_package_id, supporting_project_id) VALUES (921, '["영화 티켓"]', 5, 921, 24, 921);
INSERT INTO supporting_projects(supporting_project_id, supported_at, delivery_id, payment_id, project_id, user_id) VALUES (922, (SELECT projects.start_date + INTERVAL 18 DAY FROM projects WHERE projects.id=24), 1, 922, 24, 34);
INSERT INTO orders (order_id, created_at, delivery_id, payment_id, supporting_project_id) VALUES (922, (SELECT projects.start_date + INTERVAL 18 DAY FROM projects WHERE projects.id=24), 1, 922, 922);
INSERT INTO supporting_packages(id, option_list, package_count, order_id, project_package_id, supporting_project_id) VALUES (922, '["팝콘 세트"]', 3, 922, 24, 922);
INSERT INTO supporting_projects(supporting_project_id, supported_at, delivery_id, payment_id, project_id, user_id) VALUES (923, (SELECT projects.start_date + INTERVAL 33 DAY FROM projects WHERE projects.id=24), 1, 923, 24, 20);
INSERT INTO orders (order_id, created_at, delivery_id, payment_id, supporting_project_id) VALUES (923, (SELECT projects.start_date + INTERVAL 33 DAY FROM projects WHERE projects.id=24), 1, 923, 923);
INSERT INTO supporting_packages(id, option_list, package_count, order_id, project_package_id, supporting_project_id) VALUES (923, '["영화 티켓"]', 7, 923, 24, 923);
INSERT INTO supporting_projects(supporting_project_id, supported_at, delivery_id, payment_id, project_id, user_id) VALUES (924, (SELECT projects.start_date + INTERVAL 1 DAY FROM projects WHERE projects.id=24), 1, 924, 24, 31);
INSERT INTO orders (order_id, created_at, delivery_id, payment_id, supporting_project_id) VALUES (924, (SELECT projects.start_date + INTERVAL 1 DAY FROM projects WHERE projects.id=24), 1, 924, 924);
INSERT INTO supporting_packages(id, option_list, package_count, order_id, project_package_id, supporting_project_id) VALUES (924, '["팝콘 세트"]', 1, 924, 24, 924);
INSERT INTO supporting_projects(supporting_project_id, supported_at, delivery_id, payment_id, project_id, user_id) VALUES (925, (SELECT projects.start_date + INTERVAL 27 DAY FROM projects WHERE projects.id=24), 1, 925, 24, 24);
INSERT INTO orders (order_id, created_at, delivery_id, payment_id, supporting_project_id) VALUES (925, (SELECT projects.start_date + INTERVAL 27 DAY FROM projects WHERE projects.id=24), 1, 925, 925);
INSERT INTO supporting_packages(id, option_list, package_count, order_id, project_package_id, supporting_project_id) VALUES (925, '["영화 포스터"]', 10, 925, 24, 925);
INSERT INTO supporting_projects(supporting_project_id, supported_at, delivery_id, payment_id, project_id, user_id) VALUES (926, (SELECT projects.start_date + INTERVAL 32 DAY FROM projects WHERE projects.id=24), 1, 926, 24, 30);
INSERT INTO orders (order_id, created_at, delivery_id, payment_id, supporting_project_id) VALUES (926, (SELECT projects.start_date + INTERVAL 32 DAY FROM projects WHERE projects.id=24), 1, 926, 926);
INSERT INTO supporting_packages(id, option_list, package_count, order_id, project_package_id, supporting_project_id) VALUES (926, '["영화 티켓"]', 9, 926, 24, 926);
INSERT INTO supporting_projects(supporting_project_id, supported_at, delivery_id, payment_id, project_id, user_id) VALUES (927, (SELECT projects.start_date + INTERVAL 18 DAY FROM projects WHERE projects.id=24), 1, 927, 24, 13);
INSERT INTO orders (order_id, created_at, delivery_id, payment_id, supporting_project_id) VALUES (927, (SELECT projects.start_date + INTERVAL 18 DAY FROM projects WHERE projects.id=24), 1, 927, 927);
INSERT INTO supporting_packages(id, option_list, package_count, order_id, project_package_id, supporting_project_id) VALUES (927, '["영화 티켓"]', 3, 927, 24, 927);
INSERT INTO supporting_projects(supporting_project_id, supported_at, delivery_id, payment_id, project_id, user_id) VALUES (928, (SELECT projects.start_date + INTERVAL 11 DAY FROM projects WHERE projects.id=24), 1, 928, 24, 4);
INSERT INTO orders (order_id, created_at, delivery_id, payment_id, supporting_project_id) VALUES (928, (SELECT projects.start_date + INTERVAL 11 DAY FROM projects WHERE projects.id=24), 1, 928, 928);
INSERT INTO supporting_packages(id, option_list, package_count, order_id, project_package_id, supporting_project_id) VALUES (928, '["영화 포스터"]', 4, 928, 24, 928);
INSERT INTO supporting_projects(supporting_project_id, supported_at, delivery_id, payment_id, project_id, user_id) VALUES (929, (SELECT projects.start_date + INTERVAL 21 DAY FROM projects WHERE projects.id=24), 1, 929, 24, 11);
INSERT INTO orders (order_id, created_at, delivery_id, payment_id, supporting_project_id) VALUES (929, (SELECT projects.start_date + INTERVAL 21 DAY FROM projects WHERE projects.id=24), 1, 929, 929);
INSERT INTO supporting_packages(id, option_list, package_count, order_id, project_package_id, supporting_project_id) VALUES (929, '["영화 티켓"]', 3, 929, 24, 929);
INSERT INTO supporting_projects(supporting_project_id, supported_at, delivery_id, payment_id, project_id, user_id) VALUES (930, (SELECT projects.start_date + INTERVAL 7 DAY FROM projects WHERE projects.id=24), 1, 930, 24, 25);
INSERT INTO orders (order_id, created_at, delivery_id, payment_id, supporting_project_id) VALUES (930, (SELECT projects.start_date + INTERVAL 7 DAY FROM projects WHERE projects.id=24), 1, 930, 930);
INSERT INTO supporting_packages(id, option_list, package_count, order_id, project_package_id, supporting_project_id) VALUES (930, '["영화 포스터"]', 7, 930, 24, 930);
INSERT INTO supporting_projects(supporting_project_id, supported_at, delivery_id, payment_id, project_id, user_id) VALUES (931, (SELECT projects.start_date + INTERVAL 11 DAY FROM projects WHERE projects.id=24), 1, 931, 24, 37);
INSERT INTO orders (order_id, created_at, delivery_id, payment_id, supporting_project_id) VALUES (931, (SELECT projects.start_date + INTERVAL 11 DAY FROM projects WHERE projects.id=24), 1, 931, 931);
INSERT INTO supporting_packages(id, option_list, package_count, order_id, project_package_id, supporting_project_id) VALUES (931, '["팝콘 세트"]', 4, 931, 24, 931);
INSERT INTO supporting_projects(supporting_project_id, supported_at, delivery_id, payment_id, project_id, user_id) VALUES (932, (SELECT projects.start_date + INTERVAL 38 DAY FROM projects WHERE projects.id=24), 1, 932, 24, 15);
INSERT INTO orders (order_id, created_at, delivery_id, payment_id, supporting_project_id) VALUES (932, (SELECT projects.start_date + INTERVAL 38 DAY FROM projects WHERE projects.id=24), 1, 932, 932);
INSERT INTO supporting_packages(id, option_list, package_count, order_id, project_package_id, supporting_project_id) VALUES (932, '["영화 포스터"]', 6, 932, 24, 932);
INSERT INTO supporting_projects(supporting_project_id, supported_at, delivery_id, payment_id, project_id, user_id) VALUES (933, (SELECT projects.start_date + INTERVAL 20 DAY FROM projects WHERE projects.id=24), 1, 933, 24, 39);
INSERT INTO orders (order_id, created_at, delivery_id, payment_id, supporting_project_id) VALUES (933, (SELECT projects.start_date + INTERVAL 20 DAY FROM projects WHERE projects.id=24), 1, 933, 933);
INSERT INTO supporting_packages(id, option_list, package_count, order_id, project_package_id, supporting_project_id) VALUES (933, '["영화 포스터"]', 9, 933, 24, 933);
INSERT INTO supporting_projects(supporting_project_id, supported_at, delivery_id, payment_id, project_id, user_id) VALUES (934, (SELECT projects.start_date + INTERVAL 15 DAY FROM projects WHERE projects.id=24), 1, 934, 24, 20);
INSERT INTO orders (order_id, created_at, delivery_id, payment_id, supporting_project_id) VALUES (934, (SELECT projects.start_date + INTERVAL 15 DAY FROM projects WHERE projects.id=24), 1, 934, 934);
INSERT INTO supporting_packages(id, option_list, package_count, order_id, project_package_id, supporting_project_id) VALUES (934, '["영화 티켓"]', 10, 934, 24, 934);
INSERT INTO supporting_projects(supporting_project_id, supported_at, delivery_id, payment_id, project_id, user_id) VALUES (935, (SELECT projects.start_date + INTERVAL 44 DAY FROM projects WHERE projects.id=24), 1, 935, 24, 1);
INSERT INTO orders (order_id, created_at, delivery_id, payment_id, supporting_project_id) VALUES (935, (SELECT projects.start_date + INTERVAL 44 DAY FROM projects WHERE projects.id=24), 1, 935, 935);
INSERT INTO supporting_packages(id, option_list, package_count, order_id, project_package_id, supporting_project_id) VALUES (935, '["영화 티켓"]', 1, 935, 24, 935);
INSERT INTO supporting_projects(supporting_project_id, supported_at, delivery_id, payment_id, project_id, user_id) VALUES (936, (SELECT projects.start_date + INTERVAL 19 DAY FROM projects WHERE projects.id=24), 1, 936, 24, 27);
INSERT INTO orders (order_id, created_at, delivery_id, payment_id, supporting_project_id) VALUES (936, (SELECT projects.start_date + INTERVAL 19 DAY FROM projects WHERE projects.id=24), 1, 936, 936);
INSERT INTO supporting_packages(id, option_list, package_count, order_id, project_package_id, supporting_project_id) VALUES (936, '["팝콘 세트"]', 1, 936, 24, 936);
INSERT INTO supporting_projects(supporting_project_id, supported_at, delivery_id, payment_id, project_id, user_id) VALUES (937, (SELECT projects.start_date + INTERVAL 20 DAY FROM projects WHERE projects.id=24), 1, 937, 24, 40);
INSERT INTO orders (order_id, created_at, delivery_id, payment_id, supporting_project_id) VALUES (937, (SELECT projects.start_date + INTERVAL 20 DAY FROM projects WHERE projects.id=24), 1, 937, 937);
INSERT INTO supporting_packages(id, option_list, package_count, order_id, project_package_id, supporting_project_id) VALUES (937, '["영화 티켓"]', 9, 937, 24, 937);
INSERT INTO supporting_projects(supporting_project_id, supported_at, delivery_id, payment_id, project_id, user_id) VALUES (938, (SELECT projects.start_date + INTERVAL 29 DAY FROM projects WHERE projects.id=24), 1, 938, 24, 39);
INSERT INTO orders (order_id, created_at, delivery_id, payment_id, supporting_project_id) VALUES (938, (SELECT projects.start_date + INTERVAL 29 DAY FROM projects WHERE projects.id=24), 1, 938, 938);
INSERT INTO supporting_packages(id, option_list, package_count, order_id, project_package_id, supporting_project_id) VALUES (938, '["영화 포스터"]', 7, 938, 24, 938);
INSERT INTO supporting_projects(supporting_project_id, supported_at, delivery_id, payment_id, project_id, user_id) VALUES (939, (SELECT projects.start_date + INTERVAL 2 DAY FROM projects WHERE projects.id=24), 1, 939, 24, 12);
INSERT INTO orders (order_id, created_at, delivery_id, payment_id, supporting_project_id) VALUES (939, (SELECT projects.start_date + INTERVAL 2 DAY FROM projects WHERE projects.id=24), 1, 939, 939);
INSERT INTO supporting_packages(id, option_list, package_count, order_id, project_package_id, supporting_project_id) VALUES (939, '["영화 포스터"]', 6, 939, 24, 939);
INSERT INTO supporting_projects(supporting_project_id, supported_at, delivery_id, payment_id, project_id, user_id) VALUES (940, (SELECT projects.start_date + INTERVAL 23 DAY FROM projects WHERE projects.id=24), 1, 940, 24, 7);
INSERT INTO orders (order_id, created_at, delivery_id, payment_id, supporting_project_id) VALUES (940, (SELECT projects.start_date + INTERVAL 23 DAY FROM projects WHERE projects.id=24), 1, 940, 940);
INSERT INTO supporting_packages(id, option_list, package_count, order_id, project_package_id, supporting_project_id) VALUES (940, '["팝콘 세트"]', 5, 940, 24, 940);
INSERT INTO supporting_projects(supporting_project_id, supported_at, delivery_id, payment_id, project_id, user_id) VALUES (941, (SELECT projects.start_date + INTERVAL 23 DAY FROM projects WHERE projects.id=24), 1, 941, 24, 24);
INSERT INTO orders (order_id, created_at, delivery_id, payment_id, supporting_project_id) VALUES (941, (SELECT projects.start_date + INTERVAL 23 DAY FROM projects WHERE projects.id=24), 1, 941, 941);
INSERT INTO supporting_packages(id, option_list, package_count, order_id, project_package_id, supporting_project_id) VALUES (941, '["팝콘 세트"]', 5, 941, 24, 941);
INSERT INTO supporting_projects(supporting_project_id, supported_at, delivery_id, payment_id, project_id, user_id) VALUES (942, (SELECT projects.start_date + INTERVAL 16 DAY FROM projects WHERE projects.id=24), 1, 942, 24, 14);
INSERT INTO orders (order_id, created_at, delivery_id, payment_id, supporting_project_id) VALUES (942, (SELECT projects.start_date + INTERVAL 16 DAY FROM projects WHERE projects.id=24), 1, 942, 942);
INSERT INTO supporting_packages(id, option_list, package_count, order_id, project_package_id, supporting_project_id) VALUES (942, '["영화 티켓"]', 7, 942, 24, 942);
INSERT INTO supporting_projects(supporting_project_id, supported_at, delivery_id, payment_id, project_id, user_id) VALUES (943, (SELECT projects.start_date + INTERVAL 33 DAY FROM projects WHERE projects.id=24), 1, 943, 24, 24);
INSERT INTO orders (order_id, created_at, delivery_id, payment_id, supporting_project_id) VALUES (943, (SELECT projects.start_date + INTERVAL 33 DAY FROM projects WHERE projects.id=24), 1, 943, 943);
INSERT INTO supporting_packages(id, option_list, package_count, order_id, project_package_id, supporting_project_id) VALUES (943, '["영화 포스터"]', 4, 943, 24, 943);
INSERT INTO supporting_projects(supporting_project_id, supported_at, delivery_id, payment_id, project_id, user_id) VALUES (944, (SELECT projects.start_date + INTERVAL 24 DAY FROM projects WHERE projects.id=24), 1, 944, 24, 30);
INSERT INTO orders (order_id, created_at, delivery_id, payment_id, supporting_project_id) VALUES (944, (SELECT projects.start_date + INTERVAL 24 DAY FROM projects WHERE projects.id=24), 1, 944, 944);
INSERT INTO supporting_packages(id, option_list, package_count, order_id, project_package_id, supporting_project_id) VALUES (944, '["팝콘 세트"]', 8, 944, 24, 944);
INSERT INTO supporting_projects(supporting_project_id, supported_at, delivery_id, payment_id, project_id, user_id) VALUES (945, (SELECT projects.start_date + INTERVAL 4 DAY FROM projects WHERE projects.id=24), 1, 945, 24, 38);
INSERT INTO orders (order_id, created_at, delivery_id, payment_id, supporting_project_id) VALUES (945, (SELECT projects.start_date + INTERVAL 4 DAY FROM projects WHERE projects.id=24), 1, 945, 945);
INSERT INTO supporting_packages(id, option_list, package_count, order_id, project_package_id, supporting_project_id) VALUES (945, '["팝콘 세트"]', 5, 945, 24, 945);
INSERT INTO supporting_projects(supporting_project_id, supported_at, delivery_id, payment_id, project_id, user_id) VALUES (946, (SELECT projects.start_date + INTERVAL 35 DAY FROM projects WHERE projects.id=24), 1, 946, 24, 4);
INSERT INTO orders (order_id, created_at, delivery_id, payment_id, supporting_project_id) VALUES (946, (SELECT projects.start_date + INTERVAL 35 DAY FROM projects WHERE projects.id=24), 1, 946, 946);
INSERT INTO supporting_packages(id, option_list, package_count, order_id, project_package_id, supporting_project_id) VALUES (946, '["영화 티켓"]', 3, 946, 24, 946);
INSERT INTO supporting_projects(supporting_project_id, supported_at, delivery_id, payment_id, project_id, user_id) VALUES (947, (SELECT projects.start_date + INTERVAL 4 DAY FROM projects WHERE projects.id=24), 1, 947, 24, 3);
INSERT INTO orders (order_id, created_at, delivery_id, payment_id, supporting_project_id) VALUES (947, (SELECT projects.start_date + INTERVAL 4 DAY FROM projects WHERE projects.id=24), 1, 947, 947);
INSERT INTO supporting_packages(id, option_list, package_count, order_id, project_package_id, supporting_project_id) VALUES (947, '["영화 티켓"]', 7, 947, 24, 947);
INSERT INTO supporting_projects(supporting_project_id, supported_at, delivery_id, payment_id, project_id, user_id) VALUES (948, (SELECT projects.start_date + INTERVAL 6 DAY FROM projects WHERE projects.id=24), 1, 948, 24, 10);
INSERT INTO orders (order_id, created_at, delivery_id, payment_id, supporting_project_id) VALUES (948, (SELECT projects.start_date + INTERVAL 6 DAY FROM projects WHERE projects.id=24), 1, 948, 948);
INSERT INTO supporting_packages(id, option_list, package_count, order_id, project_package_id, supporting_project_id) VALUES (948, '["팝콘 세트"]', 4, 948, 24, 948);
INSERT INTO supporting_projects(supporting_project_id, supported_at, delivery_id, payment_id, project_id, user_id) VALUES (949, (SELECT projects.start_date + INTERVAL 32 DAY FROM projects WHERE projects.id=24), 1, 949, 24, 6);
INSERT INTO orders (order_id, created_at, delivery_id, payment_id, supporting_project_id) VALUES (949, (SELECT projects.start_date + INTERVAL 32 DAY FROM projects WHERE projects.id=24), 1, 949, 949);
INSERT INTO supporting_packages(id, option_list, package_count, order_id, project_package_id, supporting_project_id) VALUES (949, '["영화 포스터"]', 5, 949, 24, 949);
INSERT INTO supporting_projects(supporting_project_id, supported_at, delivery_id, payment_id, project_id, user_id) VALUES (950, (SELECT projects.start_date + INTERVAL 18 DAY FROM projects WHERE projects.id=24), 1, 950, 24, 36);
INSERT INTO orders (order_id, created_at, delivery_id, payment_id, supporting_project_id) VALUES (950, (SELECT projects.start_date + INTERVAL 18 DAY FROM projects WHERE projects.id=24), 1, 950, 950);
INSERT INTO supporting_packages(id, option_list, package_count, order_id, project_package_id, supporting_project_id) VALUES (950, '["영화 포스터"]', 5, 950, 24, 950);
INSERT INTO supporting_projects(supporting_project_id, supported_at, delivery_id, payment_id, project_id, user_id) VALUES (951, (SELECT projects.start_date + INTERVAL 9 DAY FROM projects WHERE projects.id=24), 1, 951, 24, 23);
INSERT INTO orders (order_id, created_at, delivery_id, payment_id, supporting_project_id) VALUES (951, (SELECT projects.start_date + INTERVAL 9 DAY FROM projects WHERE projects.id=24), 1, 951, 951);
INSERT INTO supporting_packages(id, option_list, package_count, order_id, project_package_id, supporting_project_id) VALUES (951, '["영화 포스터"]', 4, 951, 24, 951);
INSERT INTO supporting_projects(supporting_project_id, supported_at, delivery_id, payment_id, project_id, user_id) VALUES (952, (SELECT projects.start_date + INTERVAL 40 DAY FROM projects WHERE projects.id=24), 1, 952, 24, 37);
INSERT INTO orders (order_id, created_at, delivery_id, payment_id, supporting_project_id) VALUES (952, (SELECT projects.start_date + INTERVAL 40 DAY FROM projects WHERE projects.id=24), 1, 952, 952);
INSERT INTO supporting_packages(id, option_list, package_count, order_id, project_package_id, supporting_project_id) VALUES (952, '["영화 포스터"]', 8, 952, 24, 952);
INSERT INTO supporting_projects(supporting_project_id, supported_at, delivery_id, payment_id, project_id, user_id) VALUES (953, (SELECT projects.start_date + INTERVAL 13 DAY FROM projects WHERE projects.id=24), 1, 953, 24, 40);
INSERT INTO orders (order_id, created_at, delivery_id, payment_id, supporting_project_id) VALUES (953, (SELECT projects.start_date + INTERVAL 13 DAY FROM projects WHERE projects.id=24), 1, 953, 953);
INSERT INTO supporting_packages(id, option_list, package_count, order_id, project_package_id, supporting_project_id) VALUES (953, '["영화 티켓"]', 6, 953, 24, 953);
INSERT INTO supporting_projects(supporting_project_id, supported_at, delivery_id, payment_id, project_id, user_id) VALUES (954, (SELECT projects.start_date + INTERVAL 37 DAY FROM projects WHERE projects.id=24), 1, 954, 24, 9);
INSERT INTO orders (order_id, created_at, delivery_id, payment_id, supporting_project_id) VALUES (954, (SELECT projects.start_date + INTERVAL 37 DAY FROM projects WHERE projects.id=24), 1, 954, 954);
INSERT INTO supporting_packages(id, option_list, package_count, order_id, project_package_id, supporting_project_id) VALUES (954, '["영화 포스터"]', 5, 954, 24, 954);
INSERT INTO supporting_projects(supporting_project_id, supported_at, delivery_id, payment_id, project_id, user_id) VALUES (955, (SELECT projects.start_date + INTERVAL 36 DAY FROM projects WHERE projects.id=24), 1, 955, 24, 13);
INSERT INTO orders (order_id, created_at, delivery_id, payment_id, supporting_project_id) VALUES (955, (SELECT projects.start_date + INTERVAL 36 DAY FROM projects WHERE projects.id=24), 1, 955, 955);
INSERT INTO supporting_packages(id, option_list, package_count, order_id, project_package_id, supporting_project_id) VALUES (955, '["영화 포스터"]', 9, 955, 24, 955);
INSERT INTO supporting_projects(supporting_project_id, supported_at, delivery_id, payment_id, project_id, user_id) VALUES (956, (SELECT projects.start_date + INTERVAL 1 DAY FROM projects WHERE projects.id=24), 1, 956, 24, 39);
INSERT INTO orders (order_id, created_at, delivery_id, payment_id, supporting_project_id) VALUES (956, (SELECT projects.start_date + INTERVAL 1 DAY FROM projects WHERE projects.id=24), 1, 956, 956);
INSERT INTO supporting_packages(id, option_list, package_count, order_id, project_package_id, supporting_project_id) VALUES (956, '["영화 포스터"]', 1, 956, 24, 956);
INSERT INTO supporting_projects(supporting_project_id, supported_at, delivery_id, payment_id, project_id, user_id) VALUES (957, (SELECT projects.start_date + INTERVAL 39 DAY FROM projects WHERE projects.id=24), 1, 957, 24, 17);
INSERT INTO orders (order_id, created_at, delivery_id, payment_id, supporting_project_id) VALUES (957, (SELECT projects.start_date + INTERVAL 39 DAY FROM projects WHERE projects.id=24), 1, 957, 957);
INSERT INTO supporting_packages(id, option_list, package_count, order_id, project_package_id, supporting_project_id) VALUES (957, '["영화 포스터"]', 8, 957, 24, 957);
INSERT INTO supporting_projects(supporting_project_id, supported_at, delivery_id, payment_id, project_id, user_id) VALUES (958, (SELECT projects.start_date + INTERVAL 7 DAY FROM projects WHERE projects.id=24), 1, 958, 24, 9);
INSERT INTO orders (order_id, created_at, delivery_id, payment_id, supporting_project_id) VALUES (958, (SELECT projects.start_date + INTERVAL 7 DAY FROM projects WHERE projects.id=24), 1, 958, 958);
INSERT INTO supporting_packages(id, option_list, package_count, order_id, project_package_id, supporting_project_id) VALUES (958, '["영화 티켓"]', 3, 958, 24, 958);
INSERT INTO supporting_projects(supporting_project_id, supported_at, delivery_id, payment_id, project_id, user_id) VALUES (959, (SELECT projects.start_date + INTERVAL 1 DAY FROM projects WHERE projects.id=24), 1, 959, 24, 27);
INSERT INTO orders (order_id, created_at, delivery_id, payment_id, supporting_project_id) VALUES (959, (SELECT projects.start_date + INTERVAL 1 DAY FROM projects WHERE projects.id=24), 1, 959, 959);
INSERT INTO supporting_packages(id, option_list, package_count, order_id, project_package_id, supporting_project_id) VALUES (959, '["영화 티켓"]', 2, 959, 24, 959);
INSERT INTO supporting_projects(supporting_project_id, supported_at, delivery_id, payment_id, project_id, user_id) VALUES (960, (SELECT projects.start_date + INTERVAL 29 DAY FROM projects WHERE projects.id=24), 1, 960, 24, 28);
INSERT INTO orders (order_id, created_at, delivery_id, payment_id, supporting_project_id) VALUES (960, (SELECT projects.start_date + INTERVAL 29 DAY FROM projects WHERE projects.id=24), 1, 960, 960);
INSERT INTO supporting_packages(id, option_list, package_count, order_id, project_package_id, supporting_project_id) VALUES (960, '["영화 티켓"]', 2, 960, 24, 960);
INSERT INTO supporting_projects(supporting_project_id, supported_at, delivery_id, payment_id, project_id, user_id) VALUES (961, (SELECT projects.start_date + INTERVAL 38 DAY FROM projects WHERE projects.id=24), 1, 961, 24, 12);
INSERT INTO orders (order_id, created_at, delivery_id, payment_id, supporting_project_id) VALUES (961, (SELECT projects.start_date + INTERVAL 38 DAY FROM projects WHERE projects.id=24), 1, 961, 961);
INSERT INTO supporting_packages(id, option_list, package_count, order_id, project_package_id, supporting_project_id) VALUES (961, '["팝콘 세트"]', 7, 961, 24, 961);
INSERT INTO supporting_projects(supporting_project_id, supported_at, delivery_id, payment_id, project_id, user_id) VALUES (962, (SELECT projects.start_date + INTERVAL 1 DAY FROM projects WHERE projects.id=24), 1, 962, 24, 26);
INSERT INTO orders (order_id, created_at, delivery_id, payment_id, supporting_project_id) VALUES (962, (SELECT projects.start_date + INTERVAL 1 DAY FROM projects WHERE projects.id=24), 1, 962, 962);
INSERT INTO supporting_packages(id, option_list, package_count, order_id, project_package_id, supporting_project_id) VALUES (962, '["영화 포스터"]', 1, 962, 24, 962);
INSERT INTO supporting_projects(supporting_project_id, supported_at, delivery_id, payment_id, project_id, user_id) VALUES (963, (SELECT projects.start_date + INTERVAL 14 DAY FROM projects WHERE projects.id=24), 1, 963, 24, 36);
INSERT INTO orders (order_id, created_at, delivery_id, payment_id, supporting_project_id) VALUES (963, (SELECT projects.start_date + INTERVAL 14 DAY FROM projects WHERE projects.id=24), 1, 963, 963);
INSERT INTO supporting_packages(id, option_list, package_count, order_id, project_package_id, supporting_project_id) VALUES (963, '["영화 포스터"]', 6, 963, 24, 963);
INSERT INTO supporting_projects(supporting_project_id, supported_at, delivery_id, payment_id, project_id, user_id) VALUES (964, (SELECT projects.start_date + INTERVAL 22 DAY FROM projects WHERE projects.id=24), 1, 964, 24, 34);
INSERT INTO orders (order_id, created_at, delivery_id, payment_id, supporting_project_id) VALUES (964, (SELECT projects.start_date + INTERVAL 22 DAY FROM projects WHERE projects.id=24), 1, 964, 964);
INSERT INTO supporting_packages(id, option_list, package_count, order_id, project_package_id, supporting_project_id) VALUES (964, '["영화 티켓"]', 8, 964, 24, 964);
INSERT INTO supporting_projects(supporting_project_id, supported_at, delivery_id, payment_id, project_id, user_id) VALUES (965, (SELECT projects.start_date + INTERVAL 28 DAY FROM projects WHERE projects.id=24), 1, 965, 24, 9);
INSERT INTO orders (order_id, created_at, delivery_id, payment_id, supporting_project_id) VALUES (965, (SELECT projects.start_date + INTERVAL 28 DAY FROM projects WHERE projects.id=24), 1, 965, 965);
INSERT INTO supporting_packages(id, option_list, package_count, order_id, project_package_id, supporting_project_id) VALUES (965, '["팝콘 세트"]', 10, 965, 24, 965);
INSERT INTO supporting_projects(supporting_project_id, supported_at, delivery_id, payment_id, project_id, user_id) VALUES (966, (SELECT projects.start_date + INTERVAL 3 DAY FROM projects WHERE projects.id=24), 1, 966, 24, 28);
INSERT INTO orders (order_id, created_at, delivery_id, payment_id, supporting_project_id) VALUES (966, (SELECT projects.start_date + INTERVAL 3 DAY FROM projects WHERE projects.id=24), 1, 966, 966);
INSERT INTO supporting_packages(id, option_list, package_count, order_id, project_package_id, supporting_project_id) VALUES (966, '["팝콘 세트"]', 9, 966, 24, 966);
INSERT INTO supporting_projects(supporting_project_id, supported_at, delivery_id, payment_id, project_id, user_id) VALUES (967, (SELECT projects.start_date + INTERVAL 43 DAY FROM projects WHERE projects.id=24), 1, 967, 24, 10);
INSERT INTO orders (order_id, created_at, delivery_id, payment_id, supporting_project_id) VALUES (967, (SELECT projects.start_date + INTERVAL 43 DAY FROM projects WHERE projects.id=24), 1, 967, 967);
INSERT INTO supporting_packages(id, option_list, package_count, order_id, project_package_id, supporting_project_id) VALUES (967, '["영화 포스터"]', 3, 967, 24, 967);
INSERT INTO supporting_projects(supporting_project_id, supported_at, delivery_id, payment_id, project_id, user_id) VALUES (968, (SELECT projects.start_date + INTERVAL 36 DAY FROM projects WHERE projects.id=24), 1, 968, 24, 23);
INSERT INTO orders (order_id, created_at, delivery_id, payment_id, supporting_project_id) VALUES (968, (SELECT projects.start_date + INTERVAL 36 DAY FROM projects WHERE projects.id=24), 1, 968, 968);
INSERT INTO supporting_packages(id, option_list, package_count, order_id, project_package_id, supporting_project_id) VALUES (968, '["영화 포스터"]', 4, 968, 24, 968);
INSERT INTO supporting_projects(supporting_project_id, supported_at, delivery_id, payment_id, project_id, user_id) VALUES (969, (SELECT projects.start_date + INTERVAL 27 DAY FROM projects WHERE projects.id=24), 1, 969, 24, 9);
INSERT INTO orders (order_id, created_at, delivery_id, payment_id, supporting_project_id) VALUES (969, (SELECT projects.start_date + INTERVAL 27 DAY FROM projects WHERE projects.id=24), 1, 969, 969);
INSERT INTO supporting_packages(id, option_list, package_count, order_id, project_package_id, supporting_project_id) VALUES (969, '["영화 티켓"]', 10, 969, 24, 969);
INSERT INTO supporting_projects(supporting_project_id, supported_at, delivery_id, payment_id, project_id, user_id) VALUES (970, (SELECT projects.start_date + INTERVAL 16 DAY FROM projects WHERE projects.id=24), 1, 970, 24, 3);
INSERT INTO orders (order_id, created_at, delivery_id, payment_id, supporting_project_id) VALUES (970, (SELECT projects.start_date + INTERVAL 16 DAY FROM projects WHERE projects.id=24), 1, 970, 970);
INSERT INTO supporting_packages(id, option_list, package_count, order_id, project_package_id, supporting_project_id) VALUES (970, '["팝콘 세트"]', 5, 970, 24, 970);
INSERT INTO supporting_projects(supporting_project_id, supported_at, delivery_id, payment_id, project_id, user_id) VALUES (971, (SELECT projects.start_date + INTERVAL 24 DAY FROM projects WHERE projects.id=24), 1, 971, 24, 13);
INSERT INTO orders (order_id, created_at, delivery_id, payment_id, supporting_project_id) VALUES (971, (SELECT projects.start_date + INTERVAL 24 DAY FROM projects WHERE projects.id=24), 1, 971, 971);
INSERT INTO supporting_packages(id, option_list, package_count, order_id, project_package_id, supporting_project_id) VALUES (971, '["영화 포스터"]', 10, 971, 24, 971);
INSERT INTO supporting_projects(supporting_project_id, supported_at, delivery_id, payment_id, project_id, user_id) VALUES (972, (SELECT projects.start_date + INTERVAL 50 DAY FROM projects WHERE projects.id=24), 1, 972, 24, 25);
INSERT INTO orders (order_id, created_at, delivery_id, payment_id, supporting_project_id) VALUES (972, (SELECT projects.start_date + INTERVAL 50 DAY FROM projects WHERE projects.id=24), 1, 972, 972);
INSERT INTO supporting_packages(id, option_list, package_count, order_id, project_package_id, supporting_project_id) VALUES (972, '["팝콘 세트"]', 8, 972, 24, 972);
INSERT INTO supporting_projects(supporting_project_id, supported_at, delivery_id, payment_id, project_id, user_id) VALUES (973, (SELECT projects.start_date + INTERVAL 9 DAY FROM projects WHERE projects.id=24), 1, 973, 24, 7);
INSERT INTO orders (order_id, created_at, delivery_id, payment_id, supporting_project_id) VALUES (973, (SELECT projects.start_date + INTERVAL 9 DAY FROM projects WHERE projects.id=24), 1, 973, 973);
INSERT INTO supporting_packages(id, option_list, package_count, order_id, project_package_id, supporting_project_id) VALUES (973, '["팝콘 세트"]', 7, 973, 24, 973);
INSERT INTO supporting_projects(supporting_project_id, supported_at, delivery_id, payment_id, project_id, user_id) VALUES (974, (SELECT projects.start_date + INTERVAL 2 DAY FROM projects WHERE projects.id=24), 1, 974, 24, 33);
INSERT INTO orders (order_id, created_at, delivery_id, payment_id, supporting_project_id) VALUES (974, (SELECT projects.start_date + INTERVAL 2 DAY FROM projects WHERE projects.id=24), 1, 974, 974);
INSERT INTO supporting_packages(id, option_list, package_count, order_id, project_package_id, supporting_project_id) VALUES (974, '["영화 포스터"]', 7, 974, 24, 974);
INSERT INTO supporting_projects(supporting_project_id, supported_at, delivery_id, payment_id, project_id, user_id) VALUES (975, (SELECT projects.start_date + INTERVAL 6 DAY FROM projects WHERE projects.id=24), 1, 975, 24, 20);
INSERT INTO orders (order_id, created_at, delivery_id, payment_id, supporting_project_id) VALUES (975, (SELECT projects.start_date + INTERVAL 6 DAY FROM projects WHERE projects.id=24), 1, 975, 975);
INSERT INTO supporting_packages(id, option_list, package_count, order_id, project_package_id, supporting_project_id) VALUES (975, '["영화 포스터"]', 6, 975, 24, 975);
INSERT INTO supporting_projects(supporting_project_id, supported_at, delivery_id, payment_id, project_id, user_id) VALUES (976, (SELECT projects.start_date + INTERVAL 33 DAY FROM projects WHERE projects.id=24), 1, 976, 24, 15);
INSERT INTO orders (order_id, created_at, delivery_id, payment_id, supporting_project_id) VALUES (976, (SELECT projects.start_date + INTERVAL 33 DAY FROM projects WHERE projects.id=24), 1, 976, 976);
INSERT INTO supporting_packages(id, option_list, package_count, order_id, project_package_id, supporting_project_id) VALUES (976, '["영화 티켓"]', 8, 976, 24, 976);
INSERT INTO supporting_projects(supporting_project_id, supported_at, delivery_id, payment_id, project_id, user_id) VALUES (977, (SELECT projects.start_date + INTERVAL 25 DAY FROM projects WHERE projects.id=24), 1, 977, 24, 32);
INSERT INTO orders (order_id, created_at, delivery_id, payment_id, supporting_project_id) VALUES (977, (SELECT projects.start_date + INTERVAL 25 DAY FROM projects WHERE projects.id=24), 1, 977, 977);
INSERT INTO supporting_packages(id, option_list, package_count, order_id, project_package_id, supporting_project_id) VALUES (977, '["영화 티켓"]', 6, 977, 24, 977);
INSERT INTO supporting_projects(supporting_project_id, supported_at, delivery_id, payment_id, project_id, user_id) VALUES (978, (SELECT projects.start_date + INTERVAL 11 DAY FROM projects WHERE projects.id=24), 1, 978, 24, 2);
INSERT INTO orders (order_id, created_at, delivery_id, payment_id, supporting_project_id) VALUES (978, (SELECT projects.start_date + INTERVAL 11 DAY FROM projects WHERE projects.id=24), 1, 978, 978);
INSERT INTO supporting_packages(id, option_list, package_count, order_id, project_package_id, supporting_project_id) VALUES (978, '["팝콘 세트"]', 8, 978, 24, 978);
INSERT INTO supporting_projects(supporting_project_id, supported_at, delivery_id, payment_id, project_id, user_id) VALUES (979, (SELECT projects.start_date + INTERVAL 17 DAY FROM projects WHERE projects.id=25), 1, 979, 25, 17);
INSERT INTO orders (order_id, created_at, delivery_id, payment_id, supporting_project_id) VALUES (979, (SELECT projects.start_date + INTERVAL 17 DAY FROM projects WHERE projects.id=25), 1, 979, 979);
INSERT INTO supporting_packages(id, option_list, package_count, order_id, project_package_id, supporting_project_id) VALUES (979, '["촬영장 방문"]', 5, 979, 25, 979);
INSERT INTO supporting_projects(supporting_project_id, supported_at, delivery_id, payment_id, project_id, user_id) VALUES (980, (SELECT projects.start_date + INTERVAL 48 DAY FROM projects WHERE projects.id=25), 1, 980, 25, 19);
INSERT INTO orders (order_id, created_at, delivery_id, payment_id, supporting_project_id) VALUES (980, (SELECT projects.start_date + INTERVAL 48 DAY FROM projects WHERE projects.id=25), 1, 980, 980);
INSERT INTO supporting_packages(id, option_list, package_count, order_id, project_package_id, supporting_project_id) VALUES (980, '["대본 리딩 참관"]', 9, 980, 25, 980);
INSERT INTO supporting_projects(supporting_project_id, supported_at, delivery_id, payment_id, project_id, user_id) VALUES (981, (SELECT projects.start_date + INTERVAL 33 DAY FROM projects WHERE projects.id=25), 1, 981, 25, 27);
INSERT INTO orders (order_id, created_at, delivery_id, payment_id, supporting_project_id) VALUES (981, (SELECT projects.start_date + INTERVAL 33 DAY FROM projects WHERE projects.id=25), 1, 981, 981);
INSERT INTO supporting_packages(id, option_list, package_count, order_id, project_package_id, supporting_project_id) VALUES (981, '["배우 사인회"]', 9, 981, 25, 981);
INSERT INTO supporting_projects(supporting_project_id, supported_at, delivery_id, payment_id, project_id, user_id) VALUES (982, (SELECT projects.start_date + INTERVAL 23 DAY FROM projects WHERE projects.id=25), 1, 982, 25, 5);
INSERT INTO orders (order_id, created_at, delivery_id, payment_id, supporting_project_id) VALUES (982, (SELECT projects.start_date + INTERVAL 23 DAY FROM projects WHERE projects.id=25), 1, 982, 982);
INSERT INTO supporting_packages(id, option_list, package_count, order_id, project_package_id, supporting_project_id) VALUES (982, '["배우 사인회"]', 4, 982, 25, 982);
INSERT INTO supporting_projects(supporting_project_id, supported_at, delivery_id, payment_id, project_id, user_id) VALUES (983, (SELECT projects.start_date + INTERVAL 20 DAY FROM projects WHERE projects.id=25), 1, 983, 25, 14);
INSERT INTO orders (order_id, created_at, delivery_id, payment_id, supporting_project_id) VALUES (983, (SELECT projects.start_date + INTERVAL 20 DAY FROM projects WHERE projects.id=25), 1, 983, 983);
INSERT INTO supporting_packages(id, option_list, package_count, order_id, project_package_id, supporting_project_id) VALUES (983, '["대본 리딩 참관"]', 5, 983, 25, 983);
INSERT INTO supporting_projects(supporting_project_id, supported_at, delivery_id, payment_id, project_id, user_id) VALUES (984, (SELECT projects.start_date + INTERVAL 20 DAY FROM projects WHERE projects.id=25), 1, 984, 25, 16);
INSERT INTO orders (order_id, created_at, delivery_id, payment_id, supporting_project_id) VALUES (984, (SELECT projects.start_date + INTERVAL 20 DAY FROM projects WHERE projects.id=25), 1, 984, 984);
INSERT INTO supporting_packages(id, option_list, package_count, order_id, project_package_id, supporting_project_id) VALUES (984, '["대본 리딩 참관"]', 9, 984, 25, 984);
INSERT INTO supporting_projects(supporting_project_id, supported_at, delivery_id, payment_id, project_id, user_id) VALUES (985, (SELECT projects.start_date + INTERVAL 47 DAY FROM projects WHERE projects.id=25), 1, 985, 25, 38);
INSERT INTO orders (order_id, created_at, delivery_id, payment_id, supporting_project_id) VALUES (985, (SELECT projects.start_date + INTERVAL 47 DAY FROM projects WHERE projects.id=25), 1, 985, 985);
INSERT INTO supporting_packages(id, option_list, package_count, order_id, project_package_id, supporting_project_id) VALUES (985, '["촬영장 방문"]', 7, 985, 25, 985);
INSERT INTO supporting_projects(supporting_project_id, supported_at, delivery_id, payment_id, project_id, user_id) VALUES (986, (SELECT projects.start_date + INTERVAL 22 DAY FROM projects WHERE projects.id=25), 1, 986, 25, 7);
INSERT INTO orders (order_id, created_at, delivery_id, payment_id, supporting_project_id) VALUES (986, (SELECT projects.start_date + INTERVAL 22 DAY FROM projects WHERE projects.id=25), 1, 986, 986);
INSERT INTO supporting_packages(id, option_list, package_count, order_id, project_package_id, supporting_project_id) VALUES (986, '["촬영장 방문"]', 6, 986, 25, 986);
INSERT INTO supporting_projects(supporting_project_id, supported_at, delivery_id, payment_id, project_id, user_id) VALUES (987, (SELECT projects.start_date + INTERVAL 23 DAY FROM projects WHERE projects.id=25), 1, 987, 25, 27);
INSERT INTO orders (order_id, created_at, delivery_id, payment_id, supporting_project_id) VALUES (987, (SELECT projects.start_date + INTERVAL 23 DAY FROM projects WHERE projects.id=25), 1, 987, 987);
INSERT INTO supporting_packages(id, option_list, package_count, order_id, project_package_id, supporting_project_id) VALUES (987, '["배우 사인회"]', 7, 987, 25, 987);
INSERT INTO supporting_projects(supporting_project_id, supported_at, delivery_id, payment_id, project_id, user_id) VALUES (988, (SELECT projects.start_date + INTERVAL 50 DAY FROM projects WHERE projects.id=25), 1, 988, 25, 2);
INSERT INTO orders (order_id, created_at, delivery_id, payment_id, supporting_project_id) VALUES (988, (SELECT projects.start_date + INTERVAL 50 DAY FROM projects WHERE projects.id=25), 1, 988, 988);
INSERT INTO supporting_packages(id, option_list, package_count, order_id, project_package_id, supporting_project_id) VALUES (988, '["대본 리딩 참관"]', 5, 988, 25, 988);
INSERT INTO supporting_projects(supporting_project_id, supported_at, delivery_id, payment_id, project_id, user_id) VALUES (989, (SELECT projects.start_date + INTERVAL 37 DAY FROM projects WHERE projects.id=25), 1, 989, 25, 36);
INSERT INTO orders (order_id, created_at, delivery_id, payment_id, supporting_project_id) VALUES (989, (SELECT projects.start_date + INTERVAL 37 DAY FROM projects WHERE projects.id=25), 1, 989, 989);
INSERT INTO supporting_packages(id, option_list, package_count, order_id, project_package_id, supporting_project_id) VALUES (989, '["촬영장 방문"]', 6, 989, 25, 989);
INSERT INTO supporting_projects(supporting_project_id, supported_at, delivery_id, payment_id, project_id, user_id) VALUES (990, (SELECT projects.start_date + INTERVAL 47 DAY FROM projects WHERE projects.id=25), 1, 990, 25, 36);
INSERT INTO orders (order_id, created_at, delivery_id, payment_id, supporting_project_id) VALUES (990, (SELECT projects.start_date + INTERVAL 47 DAY FROM projects WHERE projects.id=25), 1, 990, 990);
INSERT INTO supporting_packages(id, option_list, package_count, order_id, project_package_id, supporting_project_id) VALUES (990, '["배우 사인회"]', 3, 990, 25, 990);
INSERT INTO supporting_projects(supporting_project_id, supported_at, delivery_id, payment_id, project_id, user_id) VALUES (991, (SELECT projects.start_date + INTERVAL 48 DAY FROM projects WHERE projects.id=25), 1, 991, 25, 2);
INSERT INTO orders (order_id, created_at, delivery_id, payment_id, supporting_project_id) VALUES (991, (SELECT projects.start_date + INTERVAL 48 DAY FROM projects WHERE projects.id=25), 1, 991, 991);
INSERT INTO supporting_packages(id, option_list, package_count, order_id, project_package_id, supporting_project_id) VALUES (991, '["촬영장 방문"]', 2, 991, 25, 991);
INSERT INTO supporting_projects(supporting_project_id, supported_at, delivery_id, payment_id, project_id, user_id) VALUES (992, (SELECT projects.start_date + INTERVAL 37 DAY FROM projects WHERE projects.id=25), 1, 992, 25, 19);
INSERT INTO orders (order_id, created_at, delivery_id, payment_id, supporting_project_id) VALUES (992, (SELECT projects.start_date + INTERVAL 37 DAY FROM projects WHERE projects.id=25), 1, 992, 992);
INSERT INTO supporting_packages(id, option_list, package_count, order_id, project_package_id, supporting_project_id) VALUES (992, '["촬영장 방문"]', 1, 992, 25, 992);
INSERT INTO supporting_projects(supporting_project_id, supported_at, delivery_id, payment_id, project_id, user_id) VALUES (993, (SELECT projects.start_date + INTERVAL 26 DAY FROM projects WHERE projects.id=25), 1, 993, 25, 2);
INSERT INTO orders (order_id, created_at, delivery_id, payment_id, supporting_project_id) VALUES (993, (SELECT projects.start_date + INTERVAL 26 DAY FROM projects WHERE projects.id=25), 1, 993, 993);
INSERT INTO supporting_packages(id, option_list, package_count, order_id, project_package_id, supporting_project_id) VALUES (993, '["촬영장 방문"]', 7, 993, 25, 993);
INSERT INTO supporting_projects(supporting_project_id, supported_at, delivery_id, payment_id, project_id, user_id) VALUES (994, (SELECT projects.start_date + INTERVAL 19 DAY FROM projects WHERE projects.id=25), 1, 994, 25, 7);
INSERT INTO orders (order_id, created_at, delivery_id, payment_id, supporting_project_id) VALUES (994, (SELECT projects.start_date + INTERVAL 19 DAY FROM projects WHERE projects.id=25), 1, 994, 994);
INSERT INTO supporting_packages(id, option_list, package_count, order_id, project_package_id, supporting_project_id) VALUES (994, '["대본 리딩 참관"]', 10, 994, 25, 994);
INSERT INTO supporting_projects(supporting_project_id, supported_at, delivery_id, payment_id, project_id, user_id) VALUES (995, (SELECT projects.start_date + INTERVAL 34 DAY FROM projects WHERE projects.id=25), 1, 995, 25, 1);
INSERT INTO orders (order_id, created_at, delivery_id, payment_id, supporting_project_id) VALUES (995, (SELECT projects.start_date + INTERVAL 34 DAY FROM projects WHERE projects.id=25), 1, 995, 995);
INSERT INTO supporting_packages(id, option_list, package_count, order_id, project_package_id, supporting_project_id) VALUES (995, '["촬영장 방문"]', 1, 995, 25, 995);
INSERT INTO supporting_projects(supporting_project_id, supported_at, delivery_id, payment_id, project_id, user_id) VALUES (996, (SELECT projects.start_date + INTERVAL 15 DAY FROM projects WHERE projects.id=25), 1, 996, 25, 13);
INSERT INTO orders (order_id, created_at, delivery_id, payment_id, supporting_project_id) VALUES (996, (SELECT projects.start_date + INTERVAL 15 DAY FROM projects WHERE projects.id=25), 1, 996, 996);
INSERT INTO supporting_packages(id, option_list, package_count, order_id, project_package_id, supporting_project_id) VALUES (996, '["촬영장 방문"]', 4, 996, 25, 996);
INSERT INTO supporting_projects(supporting_project_id, supported_at, delivery_id, payment_id, project_id, user_id) VALUES (997, (SELECT projects.start_date + INTERVAL 21 DAY FROM projects WHERE projects.id=25), 1, 997, 25, 19);
INSERT INTO orders (order_id, created_at, delivery_id, payment_id, supporting_project_id) VALUES (997, (SELECT projects.start_date + INTERVAL 21 DAY FROM projects WHERE projects.id=25), 1, 997, 997);
INSERT INTO supporting_packages(id, option_list, package_count, order_id, project_package_id, supporting_project_id) VALUES (997, '["촬영장 방문"]', 7, 997, 25, 997);
INSERT INTO supporting_projects(supporting_project_id, supported_at, delivery_id, payment_id, project_id, user_id) VALUES (998, (SELECT projects.start_date + INTERVAL 26 DAY FROM projects WHERE projects.id=25), 1, 998, 25, 31);
INSERT INTO orders (order_id, created_at, delivery_id, payment_id, supporting_project_id) VALUES (998, (SELECT projects.start_date + INTERVAL 26 DAY FROM projects WHERE projects.id=25), 1, 998, 998);
INSERT INTO supporting_packages(id, option_list, package_count, order_id, project_package_id, supporting_project_id) VALUES (998, '["배우 사인회"]', 2, 998, 25, 998);
INSERT INTO supporting_projects(supporting_project_id, supported_at, delivery_id, payment_id, project_id, user_id) VALUES (999, (SELECT projects.start_date + INTERVAL 36 DAY FROM projects WHERE projects.id=25), 1, 999, 25, 6);
INSERT INTO orders (order_id, created_at, delivery_id, payment_id, supporting_project_id) VALUES (999, (SELECT projects.start_date + INTERVAL 36 DAY FROM projects WHERE projects.id=25), 1, 999, 999);
INSERT INTO supporting_packages(id, option_list, package_count, order_id, project_package_id, supporting_project_id) VALUES (999, '["배우 사인회"]', 7, 999, 25, 999);
INSERT INTO supporting_projects(supporting_project_id, supported_at, delivery_id, payment_id, project_id, user_id) VALUES (1000, (SELECT projects.start_date + INTERVAL 30 DAY FROM projects WHERE projects.id=25), 1, 1000, 25, 37);
INSERT INTO orders (order_id, created_at, delivery_id, payment_id, supporting_project_id) VALUES (1000, (SELECT projects.start_date + INTERVAL 30 DAY FROM projects WHERE projects.id=25), 1, 1000, 1000);
INSERT INTO supporting_packages(id, option_list, package_count, order_id, project_package_id, supporting_project_id) VALUES (1000, '["촬영장 방문"]', 8, 1000, 25, 1000);
INSERT INTO supporting_projects(supporting_project_id, supported_at, delivery_id, payment_id, project_id, user_id) VALUES (1001, (SELECT projects.start_date + INTERVAL 46 DAY FROM projects WHERE projects.id=25), 1, 1001, 25, 8);
INSERT INTO orders (order_id, created_at, delivery_id, payment_id, supporting_project_id) VALUES (1001, (SELECT projects.start_date + INTERVAL 46 DAY FROM projects WHERE projects.id=25), 1, 1001, 1001);
INSERT INTO supporting_packages(id, option_list, package_count, order_id, project_package_id, supporting_project_id) VALUES (1001, '["촬영장 방문"]', 7, 1001, 25, 1001);
INSERT INTO supporting_projects(supporting_project_id, supported_at, delivery_id, payment_id, project_id, user_id) VALUES (1002, (SELECT projects.start_date + INTERVAL 43 DAY FROM projects WHERE projects.id=25), 1, 1002, 25, 5);
INSERT INTO orders (order_id, created_at, delivery_id, payment_id, supporting_project_id) VALUES (1002, (SELECT projects.start_date + INTERVAL 43 DAY FROM projects WHERE projects.id=25), 1, 1002, 1002);
INSERT INTO supporting_packages(id, option_list, package_count, order_id, project_package_id, supporting_project_id) VALUES (1002, '["대본 리딩 참관"]', 10, 1002, 25, 1002);
INSERT INTO supporting_projects(supporting_project_id, supported_at, delivery_id, payment_id, project_id, user_id) VALUES (1003, (SELECT projects.start_date + INTERVAL 33 DAY FROM projects WHERE projects.id=25), 1, 1003, 25, 12);
INSERT INTO orders (order_id, created_at, delivery_id, payment_id, supporting_project_id) VALUES (1003, (SELECT projects.start_date + INTERVAL 33 DAY FROM projects WHERE projects.id=25), 1, 1003, 1003);
INSERT INTO supporting_packages(id, option_list, package_count, order_id, project_package_id, supporting_project_id) VALUES (1003, '["촬영장 방문"]', 9, 1003, 25, 1003);
INSERT INTO supporting_projects(supporting_project_id, supported_at, delivery_id, payment_id, project_id, user_id) VALUES (1004, (SELECT projects.start_date + INTERVAL 9 DAY FROM projects WHERE projects.id=25), 1, 1004, 25, 22);
INSERT INTO orders (order_id, created_at, delivery_id, payment_id, supporting_project_id) VALUES (1004, (SELECT projects.start_date + INTERVAL 9 DAY FROM projects WHERE projects.id=25), 1, 1004, 1004);
INSERT INTO supporting_packages(id, option_list, package_count, order_id, project_package_id, supporting_project_id) VALUES (1004, '["촬영장 방문"]', 7, 1004, 25, 1004);
INSERT INTO supporting_projects(supporting_project_id, supported_at, delivery_id, payment_id, project_id, user_id) VALUES (1005, (SELECT projects.start_date + INTERVAL 14 DAY FROM projects WHERE projects.id=25), 1, 1005, 25, 12);
INSERT INTO orders (order_id, created_at, delivery_id, payment_id, supporting_project_id) VALUES (1005, (SELECT projects.start_date + INTERVAL 14 DAY FROM projects WHERE projects.id=25), 1, 1005, 1005);
INSERT INTO supporting_packages(id, option_list, package_count, order_id, project_package_id, supporting_project_id) VALUES (1005, '["대본 리딩 참관"]', 5, 1005, 25, 1005);
INSERT INTO supporting_projects(supporting_project_id, supported_at, delivery_id, payment_id, project_id, user_id) VALUES (1006, (SELECT projects.start_date + INTERVAL 49 DAY FROM projects WHERE projects.id=25), 1, 1006, 25, 26);
INSERT INTO orders (order_id, created_at, delivery_id, payment_id, supporting_project_id) VALUES (1006, (SELECT projects.start_date + INTERVAL 49 DAY FROM projects WHERE projects.id=25), 1, 1006, 1006);
INSERT INTO supporting_packages(id, option_list, package_count, order_id, project_package_id, supporting_project_id) VALUES (1006, '["배우 사인회"]', 5, 1006, 25, 1006);
INSERT INTO supporting_projects(supporting_project_id, supported_at, delivery_id, payment_id, project_id, user_id) VALUES (1007, (SELECT projects.start_date + INTERVAL 48 DAY FROM projects WHERE projects.id=25), 1, 1007, 25, 21);
INSERT INTO orders (order_id, created_at, delivery_id, payment_id, supporting_project_id) VALUES (1007, (SELECT projects.start_date + INTERVAL 48 DAY FROM projects WHERE projects.id=25), 1, 1007, 1007);
INSERT INTO supporting_packages(id, option_list, package_count, order_id, project_package_id, supporting_project_id) VALUES (1007, '["대본 리딩 참관"]', 5, 1007, 25, 1007);
INSERT INTO supporting_projects(supporting_project_id, supported_at, delivery_id, payment_id, project_id, user_id) VALUES (1008, (SELECT projects.start_date + INTERVAL 30 DAY FROM projects WHERE projects.id=25), 1, 1008, 25, 2);
INSERT INTO orders (order_id, created_at, delivery_id, payment_id, supporting_project_id) VALUES (1008, (SELECT projects.start_date + INTERVAL 30 DAY FROM projects WHERE projects.id=25), 1, 1008, 1008);
INSERT INTO supporting_packages(id, option_list, package_count, order_id, project_package_id, supporting_project_id) VALUES (1008, '["촬영장 방문"]', 2, 1008, 25, 1008);
INSERT INTO supporting_projects(supporting_project_id, supported_at, delivery_id, payment_id, project_id, user_id) VALUES (1009, (SELECT projects.start_date + INTERVAL 7 DAY FROM projects WHERE projects.id=25), 1, 1009, 25, 40);
INSERT INTO orders (order_id, created_at, delivery_id, payment_id, supporting_project_id) VALUES (1009, (SELECT projects.start_date + INTERVAL 7 DAY FROM projects WHERE projects.id=25), 1, 1009, 1009);
INSERT INTO supporting_packages(id, option_list, package_count, order_id, project_package_id, supporting_project_id) VALUES (1009, '["배우 사인회"]', 10, 1009, 25, 1009);
INSERT INTO supporting_projects(supporting_project_id, supported_at, delivery_id, payment_id, project_id, user_id) VALUES (1010, (SELECT projects.start_date + INTERVAL 4 DAY FROM projects WHERE projects.id=25), 1, 1010, 25, 19);
INSERT INTO orders (order_id, created_at, delivery_id, payment_id, supporting_project_id) VALUES (1010, (SELECT projects.start_date + INTERVAL 4 DAY FROM projects WHERE projects.id=25), 1, 1010, 1010);
INSERT INTO supporting_packages(id, option_list, package_count, order_id, project_package_id, supporting_project_id) VALUES (1010, '["대본 리딩 참관"]', 9, 1010, 25, 1010);
INSERT INTO supporting_projects(supporting_project_id, supported_at, delivery_id, payment_id, project_id, user_id) VALUES (1011, (SELECT projects.start_date + INTERVAL 17 DAY FROM projects WHERE projects.id=25), 1, 1011, 25, 21);
INSERT INTO orders (order_id, created_at, delivery_id, payment_id, supporting_project_id) VALUES (1011, (SELECT projects.start_date + INTERVAL 17 DAY FROM projects WHERE projects.id=25), 1, 1011, 1011);
INSERT INTO supporting_packages(id, option_list, package_count, order_id, project_package_id, supporting_project_id) VALUES (1011, '["배우 사인회"]', 1, 1011, 25, 1011);
INSERT INTO supporting_projects(supporting_project_id, supported_at, delivery_id, payment_id, project_id, user_id) VALUES (1012, (SELECT projects.start_date + INTERVAL 24 DAY FROM projects WHERE projects.id=25), 1, 1012, 25, 26);
INSERT INTO orders (order_id, created_at, delivery_id, payment_id, supporting_project_id) VALUES (1012, (SELECT projects.start_date + INTERVAL 24 DAY FROM projects WHERE projects.id=25), 1, 1012, 1012);
INSERT INTO supporting_packages(id, option_list, package_count, order_id, project_package_id, supporting_project_id) VALUES (1012, '["배우 사인회"]', 7, 1012, 25, 1012);
INSERT INTO supporting_projects(supporting_project_id, supported_at, delivery_id, payment_id, project_id, user_id) VALUES (1013, (SELECT projects.start_date + INTERVAL 46 DAY FROM projects WHERE projects.id=25), 1, 1013, 25, 26);
INSERT INTO orders (order_id, created_at, delivery_id, payment_id, supporting_project_id) VALUES (1013, (SELECT projects.start_date + INTERVAL 46 DAY FROM projects WHERE projects.id=25), 1, 1013, 1013);
INSERT INTO supporting_packages(id, option_list, package_count, order_id, project_package_id, supporting_project_id) VALUES (1013, '["배우 사인회"]', 1, 1013, 25, 1013);
INSERT INTO supporting_projects(supporting_project_id, supported_at, delivery_id, payment_id, project_id, user_id) VALUES (1014, (SELECT projects.start_date + INTERVAL 48 DAY FROM projects WHERE projects.id=25), 1, 1014, 25, 14);
INSERT INTO orders (order_id, created_at, delivery_id, payment_id, supporting_project_id) VALUES (1014, (SELECT projects.start_date + INTERVAL 48 DAY FROM projects WHERE projects.id=25), 1, 1014, 1014);
INSERT INTO supporting_packages(id, option_list, package_count, order_id, project_package_id, supporting_project_id) VALUES (1014, '["촬영장 방문"]', 6, 1014, 25, 1014);
INSERT INTO supporting_projects(supporting_project_id, supported_at, delivery_id, payment_id, project_id, user_id) VALUES (1015, (SELECT projects.start_date + INTERVAL 41 DAY FROM projects WHERE projects.id=25), 1, 1015, 25, 14);
INSERT INTO orders (order_id, created_at, delivery_id, payment_id, supporting_project_id) VALUES (1015, (SELECT projects.start_date + INTERVAL 41 DAY FROM projects WHERE projects.id=25), 1, 1015, 1015);
INSERT INTO supporting_packages(id, option_list, package_count, order_id, project_package_id, supporting_project_id) VALUES (1015, '["촬영장 방문"]', 5, 1015, 25, 1015);
INSERT INTO supporting_projects(supporting_project_id, supported_at, delivery_id, payment_id, project_id, user_id) VALUES (1016, (SELECT projects.start_date + INTERVAL 19 DAY FROM projects WHERE projects.id=25), 1, 1016, 25, 9);
INSERT INTO orders (order_id, created_at, delivery_id, payment_id, supporting_project_id) VALUES (1016, (SELECT projects.start_date + INTERVAL 19 DAY FROM projects WHERE projects.id=25), 1, 1016, 1016);
INSERT INTO supporting_packages(id, option_list, package_count, order_id, project_package_id, supporting_project_id) VALUES (1016, '["배우 사인회"]', 1, 1016, 25, 1016);
INSERT INTO supporting_projects(supporting_project_id, supported_at, delivery_id, payment_id, project_id, user_id) VALUES (1017, (SELECT projects.start_date + INTERVAL 17 DAY FROM projects WHERE projects.id=25), 1, 1017, 25, 32);
INSERT INTO orders (order_id, created_at, delivery_id, payment_id, supporting_project_id) VALUES (1017, (SELECT projects.start_date + INTERVAL 17 DAY FROM projects WHERE projects.id=25), 1, 1017, 1017);
INSERT INTO supporting_packages(id, option_list, package_count, order_id, project_package_id, supporting_project_id) VALUES (1017, '["촬영장 방문"]', 2, 1017, 25, 1017);
INSERT INTO supporting_projects(supporting_project_id, supported_at, delivery_id, payment_id, project_id, user_id) VALUES (1018, (SELECT projects.start_date + INTERVAL 2 DAY FROM projects WHERE projects.id=25), 1, 1018, 25, 33);
INSERT INTO orders (order_id, created_at, delivery_id, payment_id, supporting_project_id) VALUES (1018, (SELECT projects.start_date + INTERVAL 2 DAY FROM projects WHERE projects.id=25), 1, 1018, 1018);
INSERT INTO supporting_packages(id, option_list, package_count, order_id, project_package_id, supporting_project_id) VALUES (1018, '["대본 리딩 참관"]', 8, 1018, 25, 1018);
INSERT INTO supporting_projects(supporting_project_id, supported_at, delivery_id, payment_id, project_id, user_id) VALUES (1019, (SELECT projects.start_date + INTERVAL 39 DAY FROM projects WHERE projects.id=25), 1, 1019, 25, 4);
INSERT INTO orders (order_id, created_at, delivery_id, payment_id, supporting_project_id) VALUES (1019, (SELECT projects.start_date + INTERVAL 39 DAY FROM projects WHERE projects.id=25), 1, 1019, 1019);
INSERT INTO supporting_packages(id, option_list, package_count, order_id, project_package_id, supporting_project_id) VALUES (1019, '["배우 사인회"]', 9, 1019, 25, 1019);
INSERT INTO supporting_projects(supporting_project_id, supported_at, delivery_id, payment_id, project_id, user_id) VALUES (1020, (SELECT projects.start_date + INTERVAL 13 DAY FROM projects WHERE projects.id=25), 1, 1020, 25, 14);
INSERT INTO orders (order_id, created_at, delivery_id, payment_id, supporting_project_id) VALUES (1020, (SELECT projects.start_date + INTERVAL 13 DAY FROM projects WHERE projects.id=25), 1, 1020, 1020);
INSERT INTO supporting_packages(id, option_list, package_count, order_id, project_package_id, supporting_project_id) VALUES (1020, '["배우 사인회"]', 6, 1020, 25, 1020);
INSERT INTO supporting_projects(supporting_project_id, supported_at, delivery_id, payment_id, project_id, user_id) VALUES (1021, (SELECT projects.start_date + INTERVAL 32 DAY FROM projects WHERE projects.id=25), 1, 1021, 25, 38);
INSERT INTO orders (order_id, created_at, delivery_id, payment_id, supporting_project_id) VALUES (1021, (SELECT projects.start_date + INTERVAL 32 DAY FROM projects WHERE projects.id=25), 1, 1021, 1021);
INSERT INTO supporting_packages(id, option_list, package_count, order_id, project_package_id, supporting_project_id) VALUES (1021, '["대본 리딩 참관"]', 10, 1021, 25, 1021);
INSERT INTO supporting_projects(supporting_project_id, supported_at, delivery_id, payment_id, project_id, user_id) VALUES (1022, (SELECT projects.start_date + INTERVAL 46 DAY FROM projects WHERE projects.id=25), 1, 1022, 25, 15);
INSERT INTO orders (order_id, created_at, delivery_id, payment_id, supporting_project_id) VALUES (1022, (SELECT projects.start_date + INTERVAL 46 DAY FROM projects WHERE projects.id=25), 1, 1022, 1022);
INSERT INTO supporting_packages(id, option_list, package_count, order_id, project_package_id, supporting_project_id) VALUES (1022, '["배우 사인회"]', 4, 1022, 25, 1022);
INSERT INTO supporting_projects(supporting_project_id, supported_at, delivery_id, payment_id, project_id, user_id) VALUES (1023, (SELECT projects.start_date + INTERVAL 21 DAY FROM projects WHERE projects.id=25), 1, 1023, 25, 40);
INSERT INTO orders (order_id, created_at, delivery_id, payment_id, supporting_project_id) VALUES (1023, (SELECT projects.start_date + INTERVAL 21 DAY FROM projects WHERE projects.id=25), 1, 1023, 1023);
INSERT INTO supporting_packages(id, option_list, package_count, order_id, project_package_id, supporting_project_id) VALUES (1023, '["배우 사인회"]', 3, 1023, 25, 1023);
INSERT INTO supporting_projects(supporting_project_id, supported_at, delivery_id, payment_id, project_id, user_id) VALUES (1024, (SELECT projects.start_date + INTERVAL 5 DAY FROM projects WHERE projects.id=25), 1, 1024, 25, 17);
INSERT INTO orders (order_id, created_at, delivery_id, payment_id, supporting_project_id) VALUES (1024, (SELECT projects.start_date + INTERVAL 5 DAY FROM projects WHERE projects.id=25), 1, 1024, 1024);
INSERT INTO supporting_packages(id, option_list, package_count, order_id, project_package_id, supporting_project_id) VALUES (1024, '["배우 사인회"]', 10, 1024, 25, 1024);
INSERT INTO supporting_projects(supporting_project_id, supported_at, delivery_id, payment_id, project_id, user_id) VALUES (1025, (SELECT projects.start_date + INTERVAL 41 DAY FROM projects WHERE projects.id=25), 1, 1025, 25, 6);
INSERT INTO orders (order_id, created_at, delivery_id, payment_id, supporting_project_id) VALUES (1025, (SELECT projects.start_date + INTERVAL 41 DAY FROM projects WHERE projects.id=25), 1, 1025, 1025);
INSERT INTO supporting_packages(id, option_list, package_count, order_id, project_package_id, supporting_project_id) VALUES (1025, '["배우 사인회"]', 8, 1025, 25, 1025);
INSERT INTO supporting_projects(supporting_project_id, supported_at, delivery_id, payment_id, project_id, user_id) VALUES (1026, (SELECT projects.start_date + INTERVAL 21 DAY FROM projects WHERE projects.id=25), 1, 1026, 25, 13);
INSERT INTO orders (order_id, created_at, delivery_id, payment_id, supporting_project_id) VALUES (1026, (SELECT projects.start_date + INTERVAL 21 DAY FROM projects WHERE projects.id=25), 1, 1026, 1026);
INSERT INTO supporting_packages(id, option_list, package_count, order_id, project_package_id, supporting_project_id) VALUES (1026, '["배우 사인회"]', 9, 1026, 25, 1026);
INSERT INTO supporting_projects(supporting_project_id, supported_at, delivery_id, payment_id, project_id, user_id) VALUES (1027, (SELECT projects.start_date + INTERVAL 1 DAY FROM projects WHERE projects.id=25), 1, 1027, 25, 40);
INSERT INTO orders (order_id, created_at, delivery_id, payment_id, supporting_project_id) VALUES (1027, (SELECT projects.start_date + INTERVAL 1 DAY FROM projects WHERE projects.id=25), 1, 1027, 1027);
INSERT INTO supporting_packages(id, option_list, package_count, order_id, project_package_id, supporting_project_id) VALUES (1027, '["촬영장 방문"]', 6, 1027, 25, 1027);
INSERT INTO supporting_projects(supporting_project_id, supported_at, delivery_id, payment_id, project_id, user_id) VALUES (1028, (SELECT projects.start_date + INTERVAL 43 DAY FROM projects WHERE projects.id=25), 1, 1028, 25, 14);
INSERT INTO orders (order_id, created_at, delivery_id, payment_id, supporting_project_id) VALUES (1028, (SELECT projects.start_date + INTERVAL 43 DAY FROM projects WHERE projects.id=25), 1, 1028, 1028);
INSERT INTO supporting_packages(id, option_list, package_count, order_id, project_package_id, supporting_project_id) VALUES (1028, '["대본 리딩 참관"]', 10, 1028, 25, 1028);
INSERT INTO supporting_projects(supporting_project_id, supported_at, delivery_id, payment_id, project_id, user_id) VALUES (1029, (SELECT projects.start_date + INTERVAL 2 DAY FROM projects WHERE projects.id=25), 1, 1029, 25, 12);
INSERT INTO orders (order_id, created_at, delivery_id, payment_id, supporting_project_id) VALUES (1029, (SELECT projects.start_date + INTERVAL 2 DAY FROM projects WHERE projects.id=25), 1, 1029, 1029);
INSERT INTO supporting_packages(id, option_list, package_count, order_id, project_package_id, supporting_project_id) VALUES (1029, '["촬영장 방문"]', 2, 1029, 25, 1029);
INSERT INTO supporting_projects(supporting_project_id, supported_at, delivery_id, payment_id, project_id, user_id) VALUES (1030, (SELECT projects.start_date + INTERVAL 25 DAY FROM projects WHERE projects.id=25), 1, 1030, 25, 31);
INSERT INTO orders (order_id, created_at, delivery_id, payment_id, supporting_project_id) VALUES (1030, (SELECT projects.start_date + INTERVAL 25 DAY FROM projects WHERE projects.id=25), 1, 1030, 1030);
INSERT INTO supporting_packages(id, option_list, package_count, order_id, project_package_id, supporting_project_id) VALUES (1030, '["배우 사인회"]', 9, 1030, 25, 1030);
INSERT INTO supporting_projects(supporting_project_id, supported_at, delivery_id, payment_id, project_id, user_id) VALUES (1031, (SELECT projects.start_date + INTERVAL 6 DAY FROM projects WHERE projects.id=25), 1, 1031, 25, 38);
INSERT INTO orders (order_id, created_at, delivery_id, payment_id, supporting_project_id) VALUES (1031, (SELECT projects.start_date + INTERVAL 6 DAY FROM projects WHERE projects.id=25), 1, 1031, 1031);
INSERT INTO supporting_packages(id, option_list, package_count, order_id, project_package_id, supporting_project_id) VALUES (1031, '["배우 사인회"]', 2, 1031, 25, 1031);
INSERT INTO supporting_projects(supporting_project_id, supported_at, delivery_id, payment_id, project_id, user_id) VALUES (1032, (SELECT projects.start_date + INTERVAL 8 DAY FROM projects WHERE projects.id=25), 1, 1032, 25, 15);
INSERT INTO orders (order_id, created_at, delivery_id, payment_id, supporting_project_id) VALUES (1032, (SELECT projects.start_date + INTERVAL 8 DAY FROM projects WHERE projects.id=25), 1, 1032, 1032);
INSERT INTO supporting_packages(id, option_list, package_count, order_id, project_package_id, supporting_project_id) VALUES (1032, '["대본 리딩 참관"]', 7, 1032, 25, 1032);
INSERT INTO supporting_projects(supporting_project_id, supported_at, delivery_id, payment_id, project_id, user_id) VALUES (1033, (SELECT projects.start_date + INTERVAL 45 DAY FROM projects WHERE projects.id=25), 1, 1033, 25, 4);
INSERT INTO orders (order_id, created_at, delivery_id, payment_id, supporting_project_id) VALUES (1033, (SELECT projects.start_date + INTERVAL 45 DAY FROM projects WHERE projects.id=25), 1, 1033, 1033);
INSERT INTO supporting_packages(id, option_list, package_count, order_id, project_package_id, supporting_project_id) VALUES (1033, '["배우 사인회"]', 6, 1033, 25, 1033);
INSERT INTO supporting_projects(supporting_project_id, supported_at, delivery_id, payment_id, project_id, user_id) VALUES (1034, (SELECT projects.start_date + INTERVAL 22 DAY FROM projects WHERE projects.id=25), 1, 1034, 25, 34);
INSERT INTO orders (order_id, created_at, delivery_id, payment_id, supporting_project_id) VALUES (1034, (SELECT projects.start_date + INTERVAL 22 DAY FROM projects WHERE projects.id=25), 1, 1034, 1034);
INSERT INTO supporting_packages(id, option_list, package_count, order_id, project_package_id, supporting_project_id) VALUES (1034, '["대본 리딩 참관"]', 4, 1034, 25, 1034);
INSERT INTO supporting_projects(supporting_project_id, supported_at, delivery_id, payment_id, project_id, user_id) VALUES (1035, (SELECT projects.start_date + INTERVAL 37 DAY FROM projects WHERE projects.id=25), 1, 1035, 25, 3);
INSERT INTO orders (order_id, created_at, delivery_id, payment_id, supporting_project_id) VALUES (1035, (SELECT projects.start_date + INTERVAL 37 DAY FROM projects WHERE projects.id=25), 1, 1035, 1035);
INSERT INTO supporting_packages(id, option_list, package_count, order_id, project_package_id, supporting_project_id) VALUES (1035, '["배우 사인회"]', 2, 1035, 25, 1035);
INSERT INTO supporting_projects(supporting_project_id, supported_at, delivery_id, payment_id, project_id, user_id) VALUES (1036, (SELECT projects.start_date + INTERVAL 28 DAY FROM projects WHERE projects.id=25), 1, 1036, 25, 4);
INSERT INTO orders (order_id, created_at, delivery_id, payment_id, supporting_project_id) VALUES (1036, (SELECT projects.start_date + INTERVAL 28 DAY FROM projects WHERE projects.id=25), 1, 1036, 1036);
INSERT INTO supporting_packages(id, option_list, package_count, order_id, project_package_id, supporting_project_id) VALUES (1036, '["대본 리딩 참관"]', 3, 1036, 25, 1036);
INSERT INTO supporting_projects(supporting_project_id, supported_at, delivery_id, payment_id, project_id, user_id) VALUES (1037, (SELECT projects.start_date + INTERVAL 12 DAY FROM projects WHERE projects.id=25), 1, 1037, 25, 22);
INSERT INTO orders (order_id, created_at, delivery_id, payment_id, supporting_project_id) VALUES (1037, (SELECT projects.start_date + INTERVAL 12 DAY FROM projects WHERE projects.id=25), 1, 1037, 1037);
INSERT INTO supporting_packages(id, option_list, package_count, order_id, project_package_id, supporting_project_id) VALUES (1037, '["대본 리딩 참관"]', 5, 1037, 25, 1037);
INSERT INTO supporting_projects(supporting_project_id, supported_at, delivery_id, payment_id, project_id, user_id) VALUES (1038, (SELECT projects.start_date + INTERVAL 31 DAY FROM projects WHERE projects.id=25), 1, 1038, 25, 5);
INSERT INTO orders (order_id, created_at, delivery_id, payment_id, supporting_project_id) VALUES (1038, (SELECT projects.start_date + INTERVAL 31 DAY FROM projects WHERE projects.id=25), 1, 1038, 1038);
INSERT INTO supporting_packages(id, option_list, package_count, order_id, project_package_id, supporting_project_id) VALUES (1038, '["배우 사인회"]', 9, 1038, 25, 1038);
INSERT INTO supporting_projects(supporting_project_id, supported_at, delivery_id, payment_id, project_id, user_id) VALUES (1039, (SELECT projects.start_date + INTERVAL 24 DAY FROM projects WHERE projects.id=25), 1, 1039, 25, 26);
INSERT INTO orders (order_id, created_at, delivery_id, payment_id, supporting_project_id) VALUES (1039, (SELECT projects.start_date + INTERVAL 24 DAY FROM projects WHERE projects.id=25), 1, 1039, 1039);
INSERT INTO supporting_packages(id, option_list, package_count, order_id, project_package_id, supporting_project_id) VALUES (1039, '["촬영장 방문"]', 9, 1039, 25, 1039);
INSERT INTO supporting_projects(supporting_project_id, supported_at, delivery_id, payment_id, project_id, user_id) VALUES (1040, (SELECT projects.start_date + INTERVAL 50 DAY FROM projects WHERE projects.id=25), 1, 1040, 25, 1);
INSERT INTO orders (order_id, created_at, delivery_id, payment_id, supporting_project_id) VALUES (1040, (SELECT projects.start_date + INTERVAL 50 DAY FROM projects WHERE projects.id=25), 1, 1040, 1040);
INSERT INTO supporting_packages(id, option_list, package_count, order_id, project_package_id, supporting_project_id) VALUES (1040, '["대본 리딩 참관"]', 3, 1040, 25, 1040);
INSERT INTO supporting_projects(supporting_project_id, supported_at, delivery_id, payment_id, project_id, user_id) VALUES (1041, (SELECT projects.start_date + INTERVAL 32 DAY FROM projects WHERE projects.id=25), 1, 1041, 25, 9);
INSERT INTO orders (order_id, created_at, delivery_id, payment_id, supporting_project_id) VALUES (1041, (SELECT projects.start_date + INTERVAL 32 DAY FROM projects WHERE projects.id=25), 1, 1041, 1041);
INSERT INTO supporting_packages(id, option_list, package_count, order_id, project_package_id, supporting_project_id) VALUES (1041, '["촬영장 방문"]', 1, 1041, 25, 1041);
INSERT INTO supporting_projects(supporting_project_id, supported_at, delivery_id, payment_id, project_id, user_id) VALUES (1042, (SELECT projects.start_date + INTERVAL 5 DAY FROM projects WHERE projects.id=25), 1, 1042, 25, 29);
INSERT INTO orders (order_id, created_at, delivery_id, payment_id, supporting_project_id) VALUES (1042, (SELECT projects.start_date + INTERVAL 5 DAY FROM projects WHERE projects.id=25), 1, 1042, 1042);
INSERT INTO supporting_packages(id, option_list, package_count, order_id, project_package_id, supporting_project_id) VALUES (1042, '["대본 리딩 참관"]', 3, 1042, 25, 1042);
INSERT INTO supporting_projects(supporting_project_id, supported_at, delivery_id, payment_id, project_id, user_id) VALUES (1043, (SELECT projects.start_date + INTERVAL 16 DAY FROM projects WHERE projects.id=25), 1, 1043, 25, 1);
INSERT INTO orders (order_id, created_at, delivery_id, payment_id, supporting_project_id) VALUES (1043, (SELECT projects.start_date + INTERVAL 16 DAY FROM projects WHERE projects.id=25), 1, 1043, 1043);
INSERT INTO supporting_packages(id, option_list, package_count, order_id, project_package_id, supporting_project_id) VALUES (1043, '["배우 사인회"]', 9, 1043, 25, 1043);
INSERT INTO supporting_projects(supporting_project_id, supported_at, delivery_id, payment_id, project_id, user_id) VALUES (1044, (SELECT projects.start_date + INTERVAL 8 DAY FROM projects WHERE projects.id=25), 1, 1044, 25, 40);
INSERT INTO orders (order_id, created_at, delivery_id, payment_id, supporting_project_id) VALUES (1044, (SELECT projects.start_date + INTERVAL 8 DAY FROM projects WHERE projects.id=25), 1, 1044, 1044);
INSERT INTO supporting_packages(id, option_list, package_count, order_id, project_package_id, supporting_project_id) VALUES (1044, '["대본 리딩 참관"]', 1, 1044, 25, 1044);
INSERT INTO supporting_projects(supporting_project_id, supported_at, delivery_id, payment_id, project_id, user_id) VALUES (1045, (SELECT projects.start_date + INTERVAL 12 DAY FROM projects WHERE projects.id=25), 1, 1045, 25, 35);
INSERT INTO orders (order_id, created_at, delivery_id, payment_id, supporting_project_id) VALUES (1045, (SELECT projects.start_date + INTERVAL 12 DAY FROM projects WHERE projects.id=25), 1, 1045, 1045);
INSERT INTO supporting_packages(id, option_list, package_count, order_id, project_package_id, supporting_project_id) VALUES (1045, '["촬영장 방문"]', 10, 1045, 25, 1045);
INSERT INTO supporting_projects(supporting_project_id, supported_at, delivery_id, payment_id, project_id, user_id) VALUES (1046, (SELECT projects.start_date + INTERVAL 41 DAY FROM projects WHERE projects.id=25), 1, 1046, 25, 4);
INSERT INTO orders (order_id, created_at, delivery_id, payment_id, supporting_project_id) VALUES (1046, (SELECT projects.start_date + INTERVAL 41 DAY FROM projects WHERE projects.id=25), 1, 1046, 1046);
INSERT INTO supporting_packages(id, option_list, package_count, order_id, project_package_id, supporting_project_id) VALUES (1046, '["대본 리딩 참관"]', 6, 1046, 25, 1046);
INSERT INTO supporting_projects(supporting_project_id, supported_at, delivery_id, payment_id, project_id, user_id) VALUES (1047, (SELECT projects.start_date + INTERVAL 35 DAY FROM projects WHERE projects.id=25), 1, 1047, 25, 17);
INSERT INTO orders (order_id, created_at, delivery_id, payment_id, supporting_project_id) VALUES (1047, (SELECT projects.start_date + INTERVAL 35 DAY FROM projects WHERE projects.id=25), 1, 1047, 1047);
INSERT INTO supporting_packages(id, option_list, package_count, order_id, project_package_id, supporting_project_id) VALUES (1047, '["대본 리딩 참관"]', 4, 1047, 25, 1047);
INSERT INTO supporting_projects(supporting_project_id, supported_at, delivery_id, payment_id, project_id, user_id) VALUES (1048, (SELECT projects.start_date + INTERVAL 15 DAY FROM projects WHERE projects.id=25), 1, 1048, 25, 37);
INSERT INTO orders (order_id, created_at, delivery_id, payment_id, supporting_project_id) VALUES (1048, (SELECT projects.start_date + INTERVAL 15 DAY FROM projects WHERE projects.id=25), 1, 1048, 1048);
INSERT INTO supporting_packages(id, option_list, package_count, order_id, project_package_id, supporting_project_id) VALUES (1048, '["촬영장 방문"]', 8, 1048, 25, 1048);
INSERT INTO supporting_projects(supporting_project_id, supported_at, delivery_id, payment_id, project_id, user_id) VALUES (1049, (SELECT projects.start_date + INTERVAL 18 DAY FROM projects WHERE projects.id=25), 1, 1049, 25, 39);
INSERT INTO orders (order_id, created_at, delivery_id, payment_id, supporting_project_id) VALUES (1049, (SELECT projects.start_date + INTERVAL 18 DAY FROM projects WHERE projects.id=25), 1, 1049, 1049);
INSERT INTO supporting_packages(id, option_list, package_count, order_id, project_package_id, supporting_project_id) VALUES (1049, '["배우 사인회"]', 1, 1049, 25, 1049);
INSERT INTO supporting_projects(supporting_project_id, supported_at, delivery_id, payment_id, project_id, user_id) VALUES (1050, (SELECT projects.start_date + INTERVAL 3 DAY FROM projects WHERE projects.id=25), 1, 1050, 25, 18);
INSERT INTO orders (order_id, created_at, delivery_id, payment_id, supporting_project_id) VALUES (1050, (SELECT projects.start_date + INTERVAL 3 DAY FROM projects WHERE projects.id=25), 1, 1050, 1050);
INSERT INTO supporting_packages(id, option_list, package_count, order_id, project_package_id, supporting_project_id) VALUES (1050, '["대본 리딩 참관"]', 8, 1050, 25, 1050);
INSERT INTO supporting_projects(supporting_project_id, supported_at, delivery_id, payment_id, project_id, user_id) VALUES (1051, (SELECT projects.start_date + INTERVAL 23 DAY FROM projects WHERE projects.id=25), 1, 1051, 25, 4);
INSERT INTO orders (order_id, created_at, delivery_id, payment_id, supporting_project_id) VALUES (1051, (SELECT projects.start_date + INTERVAL 23 DAY FROM projects WHERE projects.id=25), 1, 1051, 1051);
INSERT INTO supporting_packages(id, option_list, package_count, order_id, project_package_id, supporting_project_id) VALUES (1051, '["촬영장 방문"]', 5, 1051, 25, 1051);
INSERT INTO supporting_projects(supporting_project_id, supported_at, delivery_id, payment_id, project_id, user_id) VALUES (1052, (SELECT projects.start_date + INTERVAL 32 DAY FROM projects WHERE projects.id=25), 1, 1052, 25, 3);
INSERT INTO orders (order_id, created_at, delivery_id, payment_id, supporting_project_id) VALUES (1052, (SELECT projects.start_date + INTERVAL 32 DAY FROM projects WHERE projects.id=25), 1, 1052, 1052);
INSERT INTO supporting_packages(id, option_list, package_count, order_id, project_package_id, supporting_project_id) VALUES (1052, '["대본 리딩 참관"]', 10, 1052, 25, 1052);
INSERT INTO supporting_projects(supporting_project_id, supported_at, delivery_id, payment_id, project_id, user_id) VALUES (1053, (SELECT projects.start_date + INTERVAL 34 DAY FROM projects WHERE projects.id=25), 1, 1053, 25, 16);
INSERT INTO orders (order_id, created_at, delivery_id, payment_id, supporting_project_id) VALUES (1053, (SELECT projects.start_date + INTERVAL 34 DAY FROM projects WHERE projects.id=25), 1, 1053, 1053);
INSERT INTO supporting_packages(id, option_list, package_count, order_id, project_package_id, supporting_project_id) VALUES (1053, '["배우 사인회"]', 10, 1053, 25, 1053);
INSERT INTO supporting_projects(supporting_project_id, supported_at, delivery_id, payment_id, project_id, user_id) VALUES (1054, (SELECT projects.start_date + INTERVAL 13 DAY FROM projects WHERE projects.id=25), 1, 1054, 25, 13);
INSERT INTO orders (order_id, created_at, delivery_id, payment_id, supporting_project_id) VALUES (1054, (SELECT projects.start_date + INTERVAL 13 DAY FROM projects WHERE projects.id=25), 1, 1054, 1054);
INSERT INTO supporting_packages(id, option_list, package_count, order_id, project_package_id, supporting_project_id) VALUES (1054, '["배우 사인회"]', 4, 1054, 25, 1054);
INSERT INTO supporting_projects(supporting_project_id, supported_at, delivery_id, payment_id, project_id, user_id) VALUES (1055, (SELECT projects.start_date + INTERVAL 34 DAY FROM projects WHERE projects.id=25), 1, 1055, 25, 11);
INSERT INTO orders (order_id, created_at, delivery_id, payment_id, supporting_project_id) VALUES (1055, (SELECT projects.start_date + INTERVAL 34 DAY FROM projects WHERE projects.id=25), 1, 1055, 1055);
INSERT INTO supporting_packages(id, option_list, package_count, order_id, project_package_id, supporting_project_id) VALUES (1055, '["배우 사인회"]', 7, 1055, 25, 1055);
INSERT INTO supporting_projects(supporting_project_id, supported_at, delivery_id, payment_id, project_id, user_id) VALUES (1056, (SELECT projects.start_date + INTERVAL 48 DAY FROM projects WHERE projects.id=25), 1, 1056, 25, 6);
INSERT INTO orders (order_id, created_at, delivery_id, payment_id, supporting_project_id) VALUES (1056, (SELECT projects.start_date + INTERVAL 48 DAY FROM projects WHERE projects.id=25), 1, 1056, 1056);
INSERT INTO supporting_packages(id, option_list, package_count, order_id, project_package_id, supporting_project_id) VALUES (1056, '["대본 리딩 참관"]', 9, 1056, 25, 1056);
INSERT INTO supporting_projects(supporting_project_id, supported_at, delivery_id, payment_id, project_id, user_id) VALUES (1057, (SELECT projects.start_date + INTERVAL 35 DAY FROM projects WHERE projects.id=27), 1, 1057, 27, 3);
INSERT INTO orders (order_id, created_at, delivery_id, payment_id, supporting_project_id) VALUES (1057, (SELECT projects.start_date + INTERVAL 35 DAY FROM projects WHERE projects.id=27), 1, 1057, 1057);
INSERT INTO supporting_packages(id, option_list, package_count, order_id, project_package_id, supporting_project_id) VALUES (1057, '["포토카드"]', 5, 1057, 27, 1057);
INSERT INTO supporting_projects(supporting_project_id, supported_at, delivery_id, payment_id, project_id, user_id) VALUES (1058, (SELECT projects.start_date + INTERVAL 32 DAY FROM projects WHERE projects.id=27), 1, 1058, 27, 33);
INSERT INTO orders (order_id, created_at, delivery_id, payment_id, supporting_project_id) VALUES (1058, (SELECT projects.start_date + INTERVAL 32 DAY FROM projects WHERE projects.id=27), 1, 1058, 1058);
INSERT INTO supporting_packages(id, option_list, package_count, order_id, project_package_id, supporting_project_id) VALUES (1058, '["포토카드"]', 8, 1058, 27, 1058);
INSERT INTO supporting_projects(supporting_project_id, supported_at, delivery_id, payment_id, project_id, user_id) VALUES (1059, (SELECT projects.start_date + INTERVAL 49 DAY FROM projects WHERE projects.id=27), 1, 1059, 27, 3);
INSERT INTO orders (order_id, created_at, delivery_id, payment_id, supporting_project_id) VALUES (1059, (SELECT projects.start_date + INTERVAL 49 DAY FROM projects WHERE projects.id=27), 1, 1059, 1059);
INSERT INTO supporting_packages(id, option_list, package_count, order_id, project_package_id, supporting_project_id) VALUES (1059, '["폰케이스"]', 5, 1059, 27, 1059);
INSERT INTO supporting_projects(supporting_project_id, supported_at, delivery_id, payment_id, project_id, user_id) VALUES (1060, (SELECT projects.start_date + INTERVAL 28 DAY FROM projects WHERE projects.id=27), 1, 1060, 27, 36);
INSERT INTO orders (order_id, created_at, delivery_id, payment_id, supporting_project_id) VALUES (1060, (SELECT projects.start_date + INTERVAL 28 DAY FROM projects WHERE projects.id=27), 1, 1060, 1060);
INSERT INTO supporting_packages(id, option_list, package_count, order_id, project_package_id, supporting_project_id) VALUES (1060, '["키링"]', 9, 1060, 27, 1060);
INSERT INTO supporting_projects(supporting_project_id, supported_at, delivery_id, payment_id, project_id, user_id) VALUES (1061, (SELECT projects.start_date + INTERVAL 28 DAY FROM projects WHERE projects.id=27), 1, 1061, 27, 19);
INSERT INTO orders (order_id, created_at, delivery_id, payment_id, supporting_project_id) VALUES (1061, (SELECT projects.start_date + INTERVAL 28 DAY FROM projects WHERE projects.id=27), 1, 1061, 1061);
INSERT INTO supporting_packages(id, option_list, package_count, order_id, project_package_id, supporting_project_id) VALUES (1061, '["포토카드"]', 4, 1061, 27, 1061);
INSERT INTO supporting_projects(supporting_project_id, supported_at, delivery_id, payment_id, project_id, user_id) VALUES (1062, (SELECT projects.start_date + INTERVAL 43 DAY FROM projects WHERE projects.id=27), 1, 1062, 27, 24);
INSERT INTO orders (order_id, created_at, delivery_id, payment_id, supporting_project_id) VALUES (1062, (SELECT projects.start_date + INTERVAL 43 DAY FROM projects WHERE projects.id=27), 1, 1062, 1062);
INSERT INTO supporting_packages(id, option_list, package_count, order_id, project_package_id, supporting_project_id) VALUES (1062, '["폰케이스"]', 5, 1062, 27, 1062);
INSERT INTO supporting_projects(supporting_project_id, supported_at, delivery_id, payment_id, project_id, user_id) VALUES (1063, (SELECT projects.start_date + INTERVAL 24 DAY FROM projects WHERE projects.id=27), 1, 1063, 27, 30);
INSERT INTO orders (order_id, created_at, delivery_id, payment_id, supporting_project_id) VALUES (1063, (SELECT projects.start_date + INTERVAL 24 DAY FROM projects WHERE projects.id=27), 1, 1063, 1063);
INSERT INTO supporting_packages(id, option_list, package_count, order_id, project_package_id, supporting_project_id) VALUES (1063, '["폰케이스"]', 5, 1063, 27, 1063);
INSERT INTO supporting_projects(supporting_project_id, supported_at, delivery_id, payment_id, project_id, user_id) VALUES (1064, (SELECT projects.start_date + INTERVAL 45 DAY FROM projects WHERE projects.id=27), 1, 1064, 27, 34);
INSERT INTO orders (order_id, created_at, delivery_id, payment_id, supporting_project_id) VALUES (1064, (SELECT projects.start_date + INTERVAL 45 DAY FROM projects WHERE projects.id=27), 1, 1064, 1064);
INSERT INTO supporting_packages(id, option_list, package_count, order_id, project_package_id, supporting_project_id) VALUES (1064, '["키링"]', 10, 1064, 27, 1064);
INSERT INTO supporting_projects(supporting_project_id, supported_at, delivery_id, payment_id, project_id, user_id) VALUES (1065, (SELECT projects.start_date + INTERVAL 39 DAY FROM projects WHERE projects.id=27), 1, 1065, 27, 19);
INSERT INTO orders (order_id, created_at, delivery_id, payment_id, supporting_project_id) VALUES (1065, (SELECT projects.start_date + INTERVAL 39 DAY FROM projects WHERE projects.id=27), 1, 1065, 1065);
INSERT INTO supporting_packages(id, option_list, package_count, order_id, project_package_id, supporting_project_id) VALUES (1065, '["포토카드"]', 1, 1065, 27, 1065);
INSERT INTO supporting_projects(supporting_project_id, supported_at, delivery_id, payment_id, project_id, user_id) VALUES (1066, (SELECT projects.start_date + INTERVAL 10 DAY FROM projects WHERE projects.id=27), 1, 1066, 27, 24);
INSERT INTO orders (order_id, created_at, delivery_id, payment_id, supporting_project_id) VALUES (1066, (SELECT projects.start_date + INTERVAL 10 DAY FROM projects WHERE projects.id=27), 1, 1066, 1066);
INSERT INTO supporting_packages(id, option_list, package_count, order_id, project_package_id, supporting_project_id) VALUES (1066, '["키링"]', 7, 1066, 27, 1066);
INSERT INTO supporting_projects(supporting_project_id, supported_at, delivery_id, payment_id, project_id, user_id) VALUES (1067, (SELECT projects.start_date + INTERVAL 35 DAY FROM projects WHERE projects.id=27), 1, 1067, 27, 39);
INSERT INTO orders (order_id, created_at, delivery_id, payment_id, supporting_project_id) VALUES (1067, (SELECT projects.start_date + INTERVAL 35 DAY FROM projects WHERE projects.id=27), 1, 1067, 1067);
INSERT INTO supporting_packages(id, option_list, package_count, order_id, project_package_id, supporting_project_id) VALUES (1067, '["폰케이스"]', 3, 1067, 27, 1067);
INSERT INTO supporting_projects(supporting_project_id, supported_at, delivery_id, payment_id, project_id, user_id) VALUES (1068, (SELECT projects.start_date + INTERVAL 32 DAY FROM projects WHERE projects.id=27), 1, 1068, 27, 5);
INSERT INTO orders (order_id, created_at, delivery_id, payment_id, supporting_project_id) VALUES (1068, (SELECT projects.start_date + INTERVAL 32 DAY FROM projects WHERE projects.id=27), 1, 1068, 1068);
INSERT INTO supporting_packages(id, option_list, package_count, order_id, project_package_id, supporting_project_id) VALUES (1068, '["포토카드"]', 3, 1068, 27, 1068);
INSERT INTO supporting_projects(supporting_project_id, supported_at, delivery_id, payment_id, project_id, user_id) VALUES (1069, (SELECT projects.start_date + INTERVAL 10 DAY FROM projects WHERE projects.id=27), 1, 1069, 27, 15);
INSERT INTO orders (order_id, created_at, delivery_id, payment_id, supporting_project_id) VALUES (1069, (SELECT projects.start_date + INTERVAL 10 DAY FROM projects WHERE projects.id=27), 1, 1069, 1069);
INSERT INTO supporting_packages(id, option_list, package_count, order_id, project_package_id, supporting_project_id) VALUES (1069, '["키링"]', 1, 1069, 27, 1069);
INSERT INTO supporting_projects(supporting_project_id, supported_at, delivery_id, payment_id, project_id, user_id) VALUES (1070, (SELECT projects.start_date + INTERVAL 41 DAY FROM projects WHERE projects.id=27), 1, 1070, 27, 3);
INSERT INTO orders (order_id, created_at, delivery_id, payment_id, supporting_project_id) VALUES (1070, (SELECT projects.start_date + INTERVAL 41 DAY FROM projects WHERE projects.id=27), 1, 1070, 1070);
INSERT INTO supporting_packages(id, option_list, package_count, order_id, project_package_id, supporting_project_id) VALUES (1070, '["키링"]', 5, 1070, 27, 1070);
INSERT INTO supporting_projects(supporting_project_id, supported_at, delivery_id, payment_id, project_id, user_id) VALUES (1071, (SELECT projects.start_date + INTERVAL 11 DAY FROM projects WHERE projects.id=27), 1, 1071, 27, 13);
INSERT INTO orders (order_id, created_at, delivery_id, payment_id, supporting_project_id) VALUES (1071, (SELECT projects.start_date + INTERVAL 11 DAY FROM projects WHERE projects.id=27), 1, 1071, 1071);
INSERT INTO supporting_packages(id, option_list, package_count, order_id, project_package_id, supporting_project_id) VALUES (1071, '["포토카드"]', 7, 1071, 27, 1071);
INSERT INTO supporting_projects(supporting_project_id, supported_at, delivery_id, payment_id, project_id, user_id) VALUES (1072, (SELECT projects.start_date + INTERVAL 7 DAY FROM projects WHERE projects.id=27), 1, 1072, 27, 28);
INSERT INTO orders (order_id, created_at, delivery_id, payment_id, supporting_project_id) VALUES (1072, (SELECT projects.start_date + INTERVAL 7 DAY FROM projects WHERE projects.id=27), 1, 1072, 1072);
INSERT INTO supporting_packages(id, option_list, package_count, order_id, project_package_id, supporting_project_id) VALUES (1072, '["키링"]', 10, 1072, 27, 1072);
INSERT INTO supporting_projects(supporting_project_id, supported_at, delivery_id, payment_id, project_id, user_id) VALUES (1073, (SELECT projects.start_date + INTERVAL 22 DAY FROM projects WHERE projects.id=27), 1, 1073, 27, 37);
INSERT INTO orders (order_id, created_at, delivery_id, payment_id, supporting_project_id) VALUES (1073, (SELECT projects.start_date + INTERVAL 22 DAY FROM projects WHERE projects.id=27), 1, 1073, 1073);
INSERT INTO supporting_packages(id, option_list, package_count, order_id, project_package_id, supporting_project_id) VALUES (1073, '["키링"]', 7, 1073, 27, 1073);
INSERT INTO supporting_projects(supporting_project_id, supported_at, delivery_id, payment_id, project_id, user_id) VALUES (1074, (SELECT projects.start_date + INTERVAL 23 DAY FROM projects WHERE projects.id=27), 1, 1074, 27, 32);
INSERT INTO orders (order_id, created_at, delivery_id, payment_id, supporting_project_id) VALUES (1074, (SELECT projects.start_date + INTERVAL 23 DAY FROM projects WHERE projects.id=27), 1, 1074, 1074);
INSERT INTO supporting_packages(id, option_list, package_count, order_id, project_package_id, supporting_project_id) VALUES (1074, '["포토카드"]', 2, 1074, 27, 1074);
INSERT INTO supporting_projects(supporting_project_id, supported_at, delivery_id, payment_id, project_id, user_id) VALUES (1075, (SELECT projects.start_date + INTERVAL 34 DAY FROM projects WHERE projects.id=27), 1, 1075, 27, 3);
INSERT INTO orders (order_id, created_at, delivery_id, payment_id, supporting_project_id) VALUES (1075, (SELECT projects.start_date + INTERVAL 34 DAY FROM projects WHERE projects.id=27), 1, 1075, 1075);
INSERT INTO supporting_packages(id, option_list, package_count, order_id, project_package_id, supporting_project_id) VALUES (1075, '["폰케이스"]', 10, 1075, 27, 1075);
INSERT INTO supporting_projects(supporting_project_id, supported_at, delivery_id, payment_id, project_id, user_id) VALUES (1076, (SELECT projects.start_date + INTERVAL 21 DAY FROM projects WHERE projects.id=27), 1, 1076, 27, 6);
INSERT INTO orders (order_id, created_at, delivery_id, payment_id, supporting_project_id) VALUES (1076, (SELECT projects.start_date + INTERVAL 21 DAY FROM projects WHERE projects.id=27), 1, 1076, 1076);
INSERT INTO supporting_packages(id, option_list, package_count, order_id, project_package_id, supporting_project_id) VALUES (1076, '["포토카드"]', 9, 1076, 27, 1076);
INSERT INTO supporting_projects(supporting_project_id, supported_at, delivery_id, payment_id, project_id, user_id) VALUES (1077, (SELECT projects.start_date + INTERVAL 20 DAY FROM projects WHERE projects.id=27), 1, 1077, 27, 4);
INSERT INTO orders (order_id, created_at, delivery_id, payment_id, supporting_project_id) VALUES (1077, (SELECT projects.start_date + INTERVAL 20 DAY FROM projects WHERE projects.id=27), 1, 1077, 1077);
INSERT INTO supporting_packages(id, option_list, package_count, order_id, project_package_id, supporting_project_id) VALUES (1077, '["키링"]', 1, 1077, 27, 1077);
INSERT INTO supporting_projects(supporting_project_id, supported_at, delivery_id, payment_id, project_id, user_id) VALUES (1078, (SELECT projects.start_date + INTERVAL 25 DAY FROM projects WHERE projects.id=27), 1, 1078, 27, 24);
INSERT INTO orders (order_id, created_at, delivery_id, payment_id, supporting_project_id) VALUES (1078, (SELECT projects.start_date + INTERVAL 25 DAY FROM projects WHERE projects.id=27), 1, 1078, 1078);
INSERT INTO supporting_packages(id, option_list, package_count, order_id, project_package_id, supporting_project_id) VALUES (1078, '["포토카드"]', 2, 1078, 27, 1078);
INSERT INTO supporting_projects(supporting_project_id, supported_at, delivery_id, payment_id, project_id, user_id) VALUES (1079, (SELECT projects.start_date + INTERVAL 31 DAY FROM projects WHERE projects.id=27), 1, 1079, 27, 23);
INSERT INTO orders (order_id, created_at, delivery_id, payment_id, supporting_project_id) VALUES (1079, (SELECT projects.start_date + INTERVAL 31 DAY FROM projects WHERE projects.id=27), 1, 1079, 1079);
INSERT INTO supporting_packages(id, option_list, package_count, order_id, project_package_id, supporting_project_id) VALUES (1079, '["포토카드"]', 3, 1079, 27, 1079);
INSERT INTO supporting_projects(supporting_project_id, supported_at, delivery_id, payment_id, project_id, user_id) VALUES (1080, (SELECT projects.start_date + INTERVAL 37 DAY FROM projects WHERE projects.id=27), 1, 1080, 27, 4);
INSERT INTO orders (order_id, created_at, delivery_id, payment_id, supporting_project_id) VALUES (1080, (SELECT projects.start_date + INTERVAL 37 DAY FROM projects WHERE projects.id=27), 1, 1080, 1080);
INSERT INTO supporting_packages(id, option_list, package_count, order_id, project_package_id, supporting_project_id) VALUES (1080, '["폰케이스"]', 2, 1080, 27, 1080);
INSERT INTO supporting_projects(supporting_project_id, supported_at, delivery_id, payment_id, project_id, user_id) VALUES (1081, (SELECT projects.start_date + INTERVAL 41 DAY FROM projects WHERE projects.id=27), 1, 1081, 27, 38);
INSERT INTO orders (order_id, created_at, delivery_id, payment_id, supporting_project_id) VALUES (1081, (SELECT projects.start_date + INTERVAL 41 DAY FROM projects WHERE projects.id=27), 1, 1081, 1081);
INSERT INTO supporting_packages(id, option_list, package_count, order_id, project_package_id, supporting_project_id) VALUES (1081, '["키링"]', 4, 1081, 27, 1081);
INSERT INTO supporting_projects(supporting_project_id, supported_at, delivery_id, payment_id, project_id, user_id) VALUES (1082, (SELECT projects.start_date + INTERVAL 2 DAY FROM projects WHERE projects.id=27), 1, 1082, 27, 23);
INSERT INTO orders (order_id, created_at, delivery_id, payment_id, supporting_project_id) VALUES (1082, (SELECT projects.start_date + INTERVAL 2 DAY FROM projects WHERE projects.id=27), 1, 1082, 1082);
INSERT INTO supporting_packages(id, option_list, package_count, order_id, project_package_id, supporting_project_id) VALUES (1082, '["폰케이스"]', 6, 1082, 27, 1082);
INSERT INTO supporting_projects(supporting_project_id, supported_at, delivery_id, payment_id, project_id, user_id) VALUES (1083, (SELECT projects.start_date + INTERVAL 9 DAY FROM projects WHERE projects.id=27), 1, 1083, 27, 4);
INSERT INTO orders (order_id, created_at, delivery_id, payment_id, supporting_project_id) VALUES (1083, (SELECT projects.start_date + INTERVAL 9 DAY FROM projects WHERE projects.id=27), 1, 1083, 1083);
INSERT INTO supporting_packages(id, option_list, package_count, order_id, project_package_id, supporting_project_id) VALUES (1083, '["키링"]', 3, 1083, 27, 1083);
INSERT INTO supporting_projects(supporting_project_id, supported_at, delivery_id, payment_id, project_id, user_id) VALUES (1084, (SELECT projects.start_date + INTERVAL 45 DAY FROM projects WHERE projects.id=27), 1, 1084, 27, 5);
INSERT INTO orders (order_id, created_at, delivery_id, payment_id, supporting_project_id) VALUES (1084, (SELECT projects.start_date + INTERVAL 45 DAY FROM projects WHERE projects.id=27), 1, 1084, 1084);
INSERT INTO supporting_packages(id, option_list, package_count, order_id, project_package_id, supporting_project_id) VALUES (1084, '["포토카드"]', 3, 1084, 27, 1084);
INSERT INTO supporting_projects(supporting_project_id, supported_at, delivery_id, payment_id, project_id, user_id) VALUES (1085, (SELECT projects.start_date + INTERVAL 2 DAY FROM projects WHERE projects.id=27), 1, 1085, 27, 34);
INSERT INTO orders (order_id, created_at, delivery_id, payment_id, supporting_project_id) VALUES (1085, (SELECT projects.start_date + INTERVAL 2 DAY FROM projects WHERE projects.id=27), 1, 1085, 1085);
INSERT INTO supporting_packages(id, option_list, package_count, order_id, project_package_id, supporting_project_id) VALUES (1085, '["포토카드"]', 2, 1085, 27, 1085);
INSERT INTO supporting_projects(supporting_project_id, supported_at, delivery_id, payment_id, project_id, user_id) VALUES (1086, (SELECT projects.start_date + INTERVAL 43 DAY FROM projects WHERE projects.id=27), 1, 1086, 27, 14);
INSERT INTO orders (order_id, created_at, delivery_id, payment_id, supporting_project_id) VALUES (1086, (SELECT projects.start_date + INTERVAL 43 DAY FROM projects WHERE projects.id=27), 1, 1086, 1086);
INSERT INTO supporting_packages(id, option_list, package_count, order_id, project_package_id, supporting_project_id) VALUES (1086, '["폰케이스"]', 6, 1086, 27, 1086);
INSERT INTO supporting_projects(supporting_project_id, supported_at, delivery_id, payment_id, project_id, user_id) VALUES (1087, (SELECT projects.start_date + INTERVAL 29 DAY FROM projects WHERE projects.id=27), 1, 1087, 27, 23);
INSERT INTO orders (order_id, created_at, delivery_id, payment_id, supporting_project_id) VALUES (1087, (SELECT projects.start_date + INTERVAL 29 DAY FROM projects WHERE projects.id=27), 1, 1087, 1087);
INSERT INTO supporting_packages(id, option_list, package_count, order_id, project_package_id, supporting_project_id) VALUES (1087, '["키링"]', 2, 1087, 27, 1087);
INSERT INTO supporting_projects(supporting_project_id, supported_at, delivery_id, payment_id, project_id, user_id) VALUES (1088, (SELECT projects.start_date + INTERVAL 24 DAY FROM projects WHERE projects.id=27), 1, 1088, 27, 33);
INSERT INTO orders (order_id, created_at, delivery_id, payment_id, supporting_project_id) VALUES (1088, (SELECT projects.start_date + INTERVAL 24 DAY FROM projects WHERE projects.id=27), 1, 1088, 1088);
INSERT INTO supporting_packages(id, option_list, package_count, order_id, project_package_id, supporting_project_id) VALUES (1088, '["키링"]', 9, 1088, 27, 1088);
INSERT INTO supporting_projects(supporting_project_id, supported_at, delivery_id, payment_id, project_id, user_id) VALUES (1089, (SELECT projects.start_date + INTERVAL 29 DAY FROM projects WHERE projects.id=27), 1, 1089, 27, 10);
INSERT INTO orders (order_id, created_at, delivery_id, payment_id, supporting_project_id) VALUES (1089, (SELECT projects.start_date + INTERVAL 29 DAY FROM projects WHERE projects.id=27), 1, 1089, 1089);
INSERT INTO supporting_packages(id, option_list, package_count, order_id, project_package_id, supporting_project_id) VALUES (1089, '["포토카드"]', 6, 1089, 27, 1089);
INSERT INTO supporting_projects(supporting_project_id, supported_at, delivery_id, payment_id, project_id, user_id) VALUES (1090, (SELECT projects.start_date + INTERVAL 34 DAY FROM projects WHERE projects.id=27), 1, 1090, 27, 22);
INSERT INTO orders (order_id, created_at, delivery_id, payment_id, supporting_project_id) VALUES (1090, (SELECT projects.start_date + INTERVAL 34 DAY FROM projects WHERE projects.id=27), 1, 1090, 1090);
INSERT INTO supporting_packages(id, option_list, package_count, order_id, project_package_id, supporting_project_id) VALUES (1090, '["키링"]', 2, 1090, 27, 1090);
INSERT INTO supporting_projects(supporting_project_id, supported_at, delivery_id, payment_id, project_id, user_id) VALUES (1091, (SELECT projects.start_date + INTERVAL 42 DAY FROM projects WHERE projects.id=27), 1, 1091, 27, 30);
INSERT INTO orders (order_id, created_at, delivery_id, payment_id, supporting_project_id) VALUES (1091, (SELECT projects.start_date + INTERVAL 42 DAY FROM projects WHERE projects.id=27), 1, 1091, 1091);
INSERT INTO supporting_packages(id, option_list, package_count, order_id, project_package_id, supporting_project_id) VALUES (1091, '["포토카드"]', 3, 1091, 27, 1091);
INSERT INTO supporting_projects(supporting_project_id, supported_at, delivery_id, payment_id, project_id, user_id) VALUES (1092, (SELECT projects.start_date + INTERVAL 35 DAY FROM projects WHERE projects.id=27), 1, 1092, 27, 15);
INSERT INTO orders (order_id, created_at, delivery_id, payment_id, supporting_project_id) VALUES (1092, (SELECT projects.start_date + INTERVAL 35 DAY FROM projects WHERE projects.id=27), 1, 1092, 1092);
INSERT INTO supporting_packages(id, option_list, package_count, order_id, project_package_id, supporting_project_id) VALUES (1092, '["포토카드"]', 10, 1092, 27, 1092);
INSERT INTO supporting_projects(supporting_project_id, supported_at, delivery_id, payment_id, project_id, user_id) VALUES (1093, (SELECT projects.start_date + INTERVAL 25 DAY FROM projects WHERE projects.id=27), 1, 1093, 27, 9);
INSERT INTO orders (order_id, created_at, delivery_id, payment_id, supporting_project_id) VALUES (1093, (SELECT projects.start_date + INTERVAL 25 DAY FROM projects WHERE projects.id=27), 1, 1093, 1093);
INSERT INTO supporting_packages(id, option_list, package_count, order_id, project_package_id, supporting_project_id) VALUES (1093, '["폰케이스"]', 1, 1093, 27, 1093);
INSERT INTO supporting_projects(supporting_project_id, supported_at, delivery_id, payment_id, project_id, user_id) VALUES (1094, (SELECT projects.start_date + INTERVAL 42 DAY FROM projects WHERE projects.id=27), 1, 1094, 27, 40);
INSERT INTO orders (order_id, created_at, delivery_id, payment_id, supporting_project_id) VALUES (1094, (SELECT projects.start_date + INTERVAL 42 DAY FROM projects WHERE projects.id=27), 1, 1094, 1094);
INSERT INTO supporting_packages(id, option_list, package_count, order_id, project_package_id, supporting_project_id) VALUES (1094, '["폰케이스"]', 7, 1094, 27, 1094);
INSERT INTO supporting_projects(supporting_project_id, supported_at, delivery_id, payment_id, project_id, user_id) VALUES (1095, (SELECT projects.start_date + INTERVAL 19 DAY FROM projects WHERE projects.id=27), 1, 1095, 27, 32);
INSERT INTO orders (order_id, created_at, delivery_id, payment_id, supporting_project_id) VALUES (1095, (SELECT projects.start_date + INTERVAL 19 DAY FROM projects WHERE projects.id=27), 1, 1095, 1095);
INSERT INTO supporting_packages(id, option_list, package_count, order_id, project_package_id, supporting_project_id) VALUES (1095, '["폰케이스"]', 1, 1095, 27, 1095);
INSERT INTO supporting_projects(supporting_project_id, supported_at, delivery_id, payment_id, project_id, user_id) VALUES (1096, (SELECT projects.start_date + INTERVAL 4 DAY FROM projects WHERE projects.id=27), 1, 1096, 27, 31);
INSERT INTO orders (order_id, created_at, delivery_id, payment_id, supporting_project_id) VALUES (1096, (SELECT projects.start_date + INTERVAL 4 DAY FROM projects WHERE projects.id=27), 1, 1096, 1096);
INSERT INTO supporting_packages(id, option_list, package_count, order_id, project_package_id, supporting_project_id) VALUES (1096, '["키링"]', 8, 1096, 27, 1096);
INSERT INTO supporting_projects(supporting_project_id, supported_at, delivery_id, payment_id, project_id, user_id) VALUES (1097, (SELECT projects.start_date + INTERVAL 49 DAY FROM projects WHERE projects.id=27), 1, 1097, 27, 12);
INSERT INTO orders (order_id, created_at, delivery_id, payment_id, supporting_project_id) VALUES (1097, (SELECT projects.start_date + INTERVAL 49 DAY FROM projects WHERE projects.id=27), 1, 1097, 1097);
INSERT INTO supporting_packages(id, option_list, package_count, order_id, project_package_id, supporting_project_id) VALUES (1097, '["폰케이스"]', 4, 1097, 27, 1097);
INSERT INTO supporting_projects(supporting_project_id, supported_at, delivery_id, payment_id, project_id, user_id) VALUES (1098, (SELECT projects.start_date + INTERVAL 2 DAY FROM projects WHERE projects.id=27), 1, 1098, 27, 39);
INSERT INTO orders (order_id, created_at, delivery_id, payment_id, supporting_project_id) VALUES (1098, (SELECT projects.start_date + INTERVAL 2 DAY FROM projects WHERE projects.id=27), 1, 1098, 1098);
INSERT INTO supporting_packages(id, option_list, package_count, order_id, project_package_id, supporting_project_id) VALUES (1098, '["포토카드"]', 7, 1098, 27, 1098);
INSERT INTO supporting_projects(supporting_project_id, supported_at, delivery_id, payment_id, project_id, user_id) VALUES (1099, (SELECT projects.start_date + INTERVAL 14 DAY FROM projects WHERE projects.id=27), 1, 1099, 27, 38);
INSERT INTO orders (order_id, created_at, delivery_id, payment_id, supporting_project_id) VALUES (1099, (SELECT projects.start_date + INTERVAL 14 DAY FROM projects WHERE projects.id=27), 1, 1099, 1099);
INSERT INTO supporting_packages(id, option_list, package_count, order_id, project_package_id, supporting_project_id) VALUES (1099, '["키링"]', 8, 1099, 27, 1099);
INSERT INTO supporting_projects(supporting_project_id, supported_at, delivery_id, payment_id, project_id, user_id) VALUES (1100, (SELECT projects.start_date + INTERVAL 23 DAY FROM projects WHERE projects.id=27), 1, 1100, 27, 15);
INSERT INTO orders (order_id, created_at, delivery_id, payment_id, supporting_project_id) VALUES (1100, (SELECT projects.start_date + INTERVAL 23 DAY FROM projects WHERE projects.id=27), 1, 1100, 1100);
INSERT INTO supporting_packages(id, option_list, package_count, order_id, project_package_id, supporting_project_id) VALUES (1100, '["폰케이스"]', 1, 1100, 27, 1100);
INSERT INTO supporting_projects(supporting_project_id, supported_at, delivery_id, payment_id, project_id, user_id) VALUES (1101, (SELECT projects.start_date + INTERVAL 4 DAY FROM projects WHERE projects.id=27), 1, 1101, 27, 28);
INSERT INTO orders (order_id, created_at, delivery_id, payment_id, supporting_project_id) VALUES (1101, (SELECT projects.start_date + INTERVAL 4 DAY FROM projects WHERE projects.id=27), 1, 1101, 1101);
INSERT INTO supporting_packages(id, option_list, package_count, order_id, project_package_id, supporting_project_id) VALUES (1101, '["포토카드"]', 6, 1101, 27, 1101);
INSERT INTO supporting_projects(supporting_project_id, supported_at, delivery_id, payment_id, project_id, user_id) VALUES (1102, (SELECT projects.start_date + INTERVAL 12 DAY FROM projects WHERE projects.id=27), 1, 1102, 27, 20);
INSERT INTO orders (order_id, created_at, delivery_id, payment_id, supporting_project_id) VALUES (1102, (SELECT projects.start_date + INTERVAL 12 DAY FROM projects WHERE projects.id=27), 1, 1102, 1102);
INSERT INTO supporting_packages(id, option_list, package_count, order_id, project_package_id, supporting_project_id) VALUES (1102, '["키링"]', 6, 1102, 27, 1102);
INSERT INTO supporting_projects(supporting_project_id, supported_at, delivery_id, payment_id, project_id, user_id) VALUES (1103, (SELECT projects.start_date + INTERVAL 30 DAY FROM projects WHERE projects.id=30), 1, 1103, 30, 32);
INSERT INTO orders (order_id, created_at, delivery_id, payment_id, supporting_project_id) VALUES (1103, (SELECT projects.start_date + INTERVAL 30 DAY FROM projects WHERE projects.id=30), 1, 1103, 1103);
INSERT INTO supporting_packages(id, option_list, package_count, order_id, project_package_id, supporting_project_id) VALUES (1103, '["기념 포스터"]', 7, 1103, 30, 1103);
INSERT INTO supporting_projects(supporting_project_id, supported_at, delivery_id, payment_id, project_id, user_id) VALUES (1104, (SELECT projects.start_date + INTERVAL 25 DAY FROM projects WHERE projects.id=30), 1, 1104, 30, 21);
INSERT INTO orders (order_id, created_at, delivery_id, payment_id, supporting_project_id) VALUES (1104, (SELECT projects.start_date + INTERVAL 25 DAY FROM projects WHERE projects.id=30), 1, 1104, 1104);
INSERT INTO supporting_packages(id, option_list, package_count, order_id, project_package_id, supporting_project_id) VALUES (1104, '["기념 포스터"]', 9, 1104, 30, 1104);
INSERT INTO supporting_projects(supporting_project_id, supported_at, delivery_id, payment_id, project_id, user_id) VALUES (1105, (SELECT projects.start_date + INTERVAL 10 DAY FROM projects WHERE projects.id=30), 1, 1105, 30, 3);
INSERT INTO orders (order_id, created_at, delivery_id, payment_id, supporting_project_id) VALUES (1105, (SELECT projects.start_date + INTERVAL 10 DAY FROM projects WHERE projects.id=30), 1, 1105, 1105);
INSERT INTO supporting_packages(id, option_list, package_count, order_id, project_package_id, supporting_project_id) VALUES (1105, '["영화 티켓"]', 3, 1105, 30, 1105);
INSERT INTO supporting_projects(supporting_project_id, supported_at, delivery_id, payment_id, project_id, user_id) VALUES (1106, (SELECT projects.start_date + INTERVAL 40 DAY FROM projects WHERE projects.id=31), 1, 1106, 31, 11);
INSERT INTO orders (order_id, created_at, delivery_id, payment_id, supporting_project_id) VALUES (1106, (SELECT projects.start_date + INTERVAL 40 DAY FROM projects WHERE projects.id=31), 1, 1106, 1106);
INSERT INTO supporting_packages(id, option_list, package_count, order_id, project_package_id, supporting_project_id) VALUES (1106, '["깍두기"]', 4, 1106, 31, 1106);
INSERT INTO supporting_projects(supporting_project_id, supported_at, delivery_id, payment_id, project_id, user_id) VALUES (1107, (SELECT projects.start_date + INTERVAL 10 DAY FROM projects WHERE projects.id=31), 1, 1107, 31, 34);
INSERT INTO orders (order_id, created_at, delivery_id, payment_id, supporting_project_id) VALUES (1107, (SELECT projects.start_date + INTERVAL 10 DAY FROM projects WHERE projects.id=31), 1, 1107, 1107);
INSERT INTO supporting_packages(id, option_list, package_count, order_id, project_package_id, supporting_project_id) VALUES (1107, '["배추김치"]', 3, 1107, 31, 1107);
INSERT INTO supporting_projects(supporting_project_id, supported_at, delivery_id, payment_id, project_id, user_id) VALUES (1108, (SELECT projects.start_date + INTERVAL 24 DAY FROM projects WHERE projects.id=31), 1, 1108, 31, 39);
INSERT INTO orders (order_id, created_at, delivery_id, payment_id, supporting_project_id) VALUES (1108, (SELECT projects.start_date + INTERVAL 24 DAY FROM projects WHERE projects.id=31), 1, 1108, 1108);
INSERT INTO supporting_packages(id, option_list, package_count, order_id, project_package_id, supporting_project_id) VALUES (1108, '["파김치"]', 7, 1108, 31, 1108);
INSERT INTO supporting_projects(supporting_project_id, supported_at, delivery_id, payment_id, project_id, user_id) VALUES (1109, (SELECT projects.start_date + INTERVAL 44 DAY FROM projects WHERE projects.id=31), 1, 1109, 31, 23);
INSERT INTO orders (order_id, created_at, delivery_id, payment_id, supporting_project_id) VALUES (1109, (SELECT projects.start_date + INTERVAL 44 DAY FROM projects WHERE projects.id=31), 1, 1109, 1109);
INSERT INTO supporting_packages(id, option_list, package_count, order_id, project_package_id, supporting_project_id) VALUES (1109, '["깍두기"]', 6, 1109, 31, 1109);
INSERT INTO supporting_projects(supporting_project_id, supported_at, delivery_id, payment_id, project_id, user_id) VALUES (1110, (SELECT projects.start_date + INTERVAL 40 DAY FROM projects WHERE projects.id=31), 1, 1110, 31, 11);
INSERT INTO orders (order_id, created_at, delivery_id, payment_id, supporting_project_id) VALUES (1110, (SELECT projects.start_date + INTERVAL 40 DAY FROM projects WHERE projects.id=31), 1, 1110, 1110);
INSERT INTO supporting_packages(id, option_list, package_count, order_id, project_package_id, supporting_project_id) VALUES (1110, '["파김치"]', 1, 1110, 31, 1110);
INSERT INTO supporting_projects(supporting_project_id, supported_at, delivery_id, payment_id, project_id, user_id) VALUES (1111, (SELECT projects.start_date + INTERVAL 22 DAY FROM projects WHERE projects.id=31), 1, 1111, 31, 32);
INSERT INTO orders (order_id, created_at, delivery_id, payment_id, supporting_project_id) VALUES (1111, (SELECT projects.start_date + INTERVAL 22 DAY FROM projects WHERE projects.id=31), 1, 1111, 1111);
INSERT INTO supporting_packages(id, option_list, package_count, order_id, project_package_id, supporting_project_id) VALUES (1111, '["파김치"]', 4, 1111, 31, 1111);
INSERT INTO supporting_projects(supporting_project_id, supported_at, delivery_id, payment_id, project_id, user_id) VALUES (1112, (SELECT projects.start_date + INTERVAL 40 DAY FROM projects WHERE projects.id=31), 1, 1112, 31, 19);
INSERT INTO orders (order_id, created_at, delivery_id, payment_id, supporting_project_id) VALUES (1112, (SELECT projects.start_date + INTERVAL 40 DAY FROM projects WHERE projects.id=31), 1, 1112, 1112);
INSERT INTO supporting_packages(id, option_list, package_count, order_id, project_package_id, supporting_project_id) VALUES (1112, '["깍두기"]', 4, 1112, 31, 1112);
INSERT INTO supporting_projects(supporting_project_id, supported_at, delivery_id, payment_id, project_id, user_id) VALUES (1113, (SELECT projects.start_date + INTERVAL 12 DAY FROM projects WHERE projects.id=31), 1, 1113, 31, 13);
INSERT INTO orders (order_id, created_at, delivery_id, payment_id, supporting_project_id) VALUES (1113, (SELECT projects.start_date + INTERVAL 12 DAY FROM projects WHERE projects.id=31), 1, 1113, 1113);
INSERT INTO supporting_packages(id, option_list, package_count, order_id, project_package_id, supporting_project_id) VALUES (1113, '["배추김치"]', 1, 1113, 31, 1113);
INSERT INTO supporting_projects(supporting_project_id, supported_at, delivery_id, payment_id, project_id, user_id) VALUES (1114, (SELECT projects.start_date + INTERVAL 7 DAY FROM projects WHERE projects.id=31), 1, 1114, 31, 22);
INSERT INTO orders (order_id, created_at, delivery_id, payment_id, supporting_project_id) VALUES (1114, (SELECT projects.start_date + INTERVAL 7 DAY FROM projects WHERE projects.id=31), 1, 1114, 1114);
INSERT INTO supporting_packages(id, option_list, package_count, order_id, project_package_id, supporting_project_id) VALUES (1114, '["깍두기"]', 10, 1114, 31, 1114);
INSERT INTO supporting_projects(supporting_project_id, supported_at, delivery_id, payment_id, project_id, user_id) VALUES (1115, (SELECT projects.start_date + INTERVAL 33 DAY FROM projects WHERE projects.id=32), 1, 1115, 32, 4);
INSERT INTO orders (order_id, created_at, delivery_id, payment_id, supporting_project_id) VALUES (1115, (SELECT projects.start_date + INTERVAL 33 DAY FROM projects WHERE projects.id=32), 1, 1115, 1115);
INSERT INTO supporting_packages(id, option_list, package_count, order_id, project_package_id, supporting_project_id) VALUES (1115, '["프로페셔널 클래스"]', 9, 1115, 32, 1115);
INSERT INTO supporting_projects(supporting_project_id, supported_at, delivery_id, payment_id, project_id, user_id) VALUES (1116, (SELECT projects.start_date + INTERVAL 48 DAY FROM projects WHERE projects.id=32), 1, 1116, 32, 6);
INSERT INTO orders (order_id, created_at, delivery_id, payment_id, supporting_project_id) VALUES (1116, (SELECT projects.start_date + INTERVAL 48 DAY FROM projects WHERE projects.id=32), 1, 1116, 1116);
INSERT INTO supporting_packages(id, option_list, package_count, order_id, project_package_id, supporting_project_id) VALUES (1116, '["프로페셔널 클래스"]', 9, 1116, 32, 1116);
INSERT INTO supporting_projects(supporting_project_id, supported_at, delivery_id, payment_id, project_id, user_id) VALUES (1117, (SELECT projects.start_date + INTERVAL 18 DAY FROM projects WHERE projects.id=32), 1, 1117, 32, 38);
INSERT INTO orders (order_id, created_at, delivery_id, payment_id, supporting_project_id) VALUES (1117, (SELECT projects.start_date + INTERVAL 18 DAY FROM projects WHERE projects.id=32), 1, 1117, 1117);
INSERT INTO supporting_packages(id, option_list, package_count, order_id, project_package_id, supporting_project_id) VALUES (1117, '["원데이클래스"]', 9, 1117, 32, 1117);
INSERT INTO supporting_projects(supporting_project_id, supported_at, delivery_id, payment_id, project_id, user_id) VALUES (1118, (SELECT projects.start_date + INTERVAL 29 DAY FROM projects WHERE projects.id=32), 1, 1118, 32, 6);
INSERT INTO orders (order_id, created_at, delivery_id, payment_id, supporting_project_id) VALUES (1118, (SELECT projects.start_date + INTERVAL 29 DAY FROM projects WHERE projects.id=32), 1, 1118, 1118);
INSERT INTO supporting_packages(id, option_list, package_count, order_id, project_package_id, supporting_project_id) VALUES (1118, '["원데이클래스"]', 7, 1118, 32, 1118);
INSERT INTO supporting_projects(supporting_project_id, supported_at, delivery_id, payment_id, project_id, user_id) VALUES (1119, (SELECT projects.start_date + INTERVAL 41 DAY FROM projects WHERE projects.id=32), 1, 1119, 32, 23);
INSERT INTO orders (order_id, created_at, delivery_id, payment_id, supporting_project_id) VALUES (1119, (SELECT projects.start_date + INTERVAL 41 DAY FROM projects WHERE projects.id=32), 1, 1119, 1119);
INSERT INTO supporting_packages(id, option_list, package_count, order_id, project_package_id, supporting_project_id) VALUES (1119, '["원데이클래스"]', 9, 1119, 32, 1119);
INSERT INTO supporting_projects(supporting_project_id, supported_at, delivery_id, payment_id, project_id, user_id) VALUES (1120, (SELECT projects.start_date + INTERVAL 14 DAY FROM projects WHERE projects.id=32), 1, 1120, 32, 37);
INSERT INTO orders (order_id, created_at, delivery_id, payment_id, supporting_project_id) VALUES (1120, (SELECT projects.start_date + INTERVAL 14 DAY FROM projects WHERE projects.id=32), 1, 1120, 1120);
INSERT INTO supporting_packages(id, option_list, package_count, order_id, project_package_id, supporting_project_id) VALUES (1120, '["프로페셔널 클래스"]', 9, 1120, 32, 1120);
INSERT INTO supporting_projects(supporting_project_id, supported_at, delivery_id, payment_id, project_id, user_id) VALUES (1121, (SELECT projects.start_date + INTERVAL 4 DAY FROM projects WHERE projects.id=32), 1, 1121, 32, 39);
INSERT INTO orders (order_id, created_at, delivery_id, payment_id, supporting_project_id) VALUES (1121, (SELECT projects.start_date + INTERVAL 4 DAY FROM projects WHERE projects.id=32), 1, 1121, 1121);
INSERT INTO supporting_packages(id, option_list, package_count, order_id, project_package_id, supporting_project_id) VALUES (1121, '["중급 클래스"]', 7, 1121, 32, 1121);
INSERT INTO supporting_projects(supporting_project_id, supported_at, delivery_id, payment_id, project_id, user_id) VALUES (1122, (SELECT projects.start_date + INTERVAL 48 DAY FROM projects WHERE projects.id=32), 1, 1122, 32, 10);
INSERT INTO orders (order_id, created_at, delivery_id, payment_id, supporting_project_id) VALUES (1122, (SELECT projects.start_date + INTERVAL 48 DAY FROM projects WHERE projects.id=32), 1, 1122, 1122);
INSERT INTO supporting_packages(id, option_list, package_count, order_id, project_package_id, supporting_project_id) VALUES (1122, '["중급 클래스"]', 3, 1122, 32, 1122);
INSERT INTO supporting_projects(supporting_project_id, supported_at, delivery_id, payment_id, project_id, user_id) VALUES (1123, (SELECT projects.start_date + INTERVAL 20 DAY FROM projects WHERE projects.id=32), 1, 1123, 32, 32);
INSERT INTO orders (order_id, created_at, delivery_id, payment_id, supporting_project_id) VALUES (1123, (SELECT projects.start_date + INTERVAL 20 DAY FROM projects WHERE projects.id=32), 1, 1123, 1123);
INSERT INTO supporting_packages(id, option_list, package_count, order_id, project_package_id, supporting_project_id) VALUES (1123, '["프로페셔널 클래스"]', 2, 1123, 32, 1123);
INSERT INTO supporting_projects(supporting_project_id, supported_at, delivery_id, payment_id, project_id, user_id) VALUES (1124, (SELECT projects.start_date + INTERVAL 22 DAY FROM projects WHERE projects.id=32), 1, 1124, 32, 19);
INSERT INTO orders (order_id, created_at, delivery_id, payment_id, supporting_project_id) VALUES (1124, (SELECT projects.start_date + INTERVAL 22 DAY FROM projects WHERE projects.id=32), 1, 1124, 1124);
INSERT INTO supporting_packages(id, option_list, package_count, order_id, project_package_id, supporting_project_id) VALUES (1124, '["원데이클래스"]', 1, 1124, 32, 1124);
INSERT INTO supporting_projects(supporting_project_id, supported_at, delivery_id, payment_id, project_id, user_id) VALUES (1125, (SELECT projects.start_date + INTERVAL 41 DAY FROM projects WHERE projects.id=32), 1, 1125, 32, 19);
INSERT INTO orders (order_id, created_at, delivery_id, payment_id, supporting_project_id) VALUES (1125, (SELECT projects.start_date + INTERVAL 41 DAY FROM projects WHERE projects.id=32), 1, 1125, 1125);
INSERT INTO supporting_packages(id, option_list, package_count, order_id, project_package_id, supporting_project_id) VALUES (1125, '["프로페셔널 클래스"]', 5, 1125, 32, 1125);
INSERT INTO supporting_projects(supporting_project_id, supported_at, delivery_id, payment_id, project_id, user_id) VALUES (1126, (SELECT projects.start_date + INTERVAL 36 DAY FROM projects WHERE projects.id=32), 1, 1126, 32, 33);
INSERT INTO orders (order_id, created_at, delivery_id, payment_id, supporting_project_id) VALUES (1126, (SELECT projects.start_date + INTERVAL 36 DAY FROM projects WHERE projects.id=32), 1, 1126, 1126);
INSERT INTO supporting_packages(id, option_list, package_count, order_id, project_package_id, supporting_project_id) VALUES (1126, '["원데이클래스"]', 6, 1126, 32, 1126);
INSERT INTO supporting_projects(supporting_project_id, supported_at, delivery_id, payment_id, project_id, user_id) VALUES (1127, (SELECT projects.start_date + INTERVAL 27 DAY FROM projects WHERE projects.id=32), 1, 1127, 32, 16);
INSERT INTO orders (order_id, created_at, delivery_id, payment_id, supporting_project_id) VALUES (1127, (SELECT projects.start_date + INTERVAL 27 DAY FROM projects WHERE projects.id=32), 1, 1127, 1127);
INSERT INTO supporting_packages(id, option_list, package_count, order_id, project_package_id, supporting_project_id) VALUES (1127, '["중급 클래스"]', 4, 1127, 32, 1127);
INSERT INTO supporting_projects(supporting_project_id, supported_at, delivery_id, payment_id, project_id, user_id) VALUES (1128, (SELECT projects.start_date + INTERVAL 45 DAY FROM projects WHERE projects.id=32), 1, 1128, 32, 3);
INSERT INTO orders (order_id, created_at, delivery_id, payment_id, supporting_project_id) VALUES (1128, (SELECT projects.start_date + INTERVAL 45 DAY FROM projects WHERE projects.id=32), 1, 1128, 1128);
INSERT INTO supporting_packages(id, option_list, package_count, order_id, project_package_id, supporting_project_id) VALUES (1128, '["프로페셔널 클래스"]', 8, 1128, 32, 1128);
INSERT INTO supporting_projects(supporting_project_id, supported_at, delivery_id, payment_id, project_id, user_id) VALUES (1129, (SELECT projects.start_date + INTERVAL 1 DAY FROM projects WHERE projects.id=32), 1, 1129, 32, 2);
INSERT INTO orders (order_id, created_at, delivery_id, payment_id, supporting_project_id) VALUES (1129, (SELECT projects.start_date + INTERVAL 1 DAY FROM projects WHERE projects.id=32), 1, 1129, 1129);
INSERT INTO supporting_packages(id, option_list, package_count, order_id, project_package_id, supporting_project_id) VALUES (1129, '["원데이클래스"]', 6, 1129, 32, 1129);
INSERT INTO supporting_projects(supporting_project_id, supported_at, delivery_id, payment_id, project_id, user_id) VALUES (1130, (SELECT projects.start_date + INTERVAL 10 DAY FROM projects WHERE projects.id=32), 1, 1130, 32, 10);
INSERT INTO orders (order_id, created_at, delivery_id, payment_id, supporting_project_id) VALUES (1130, (SELECT projects.start_date + INTERVAL 10 DAY FROM projects WHERE projects.id=32), 1, 1130, 1130);
INSERT INTO supporting_packages(id, option_list, package_count, order_id, project_package_id, supporting_project_id) VALUES (1130, '["프로페셔널 클래스"]', 4, 1130, 32, 1130);
INSERT INTO supporting_projects(supporting_project_id, supported_at, delivery_id, payment_id, project_id, user_id) VALUES (1131, (SELECT projects.start_date + INTERVAL 21 DAY FROM projects WHERE projects.id=32), 1, 1131, 32, 15);
INSERT INTO orders (order_id, created_at, delivery_id, payment_id, supporting_project_id) VALUES (1131, (SELECT projects.start_date + INTERVAL 21 DAY FROM projects WHERE projects.id=32), 1, 1131, 1131);
INSERT INTO supporting_packages(id, option_list, package_count, order_id, project_package_id, supporting_project_id) VALUES (1131, '["프로페셔널 클래스"]', 2, 1131, 32, 1131);
INSERT INTO supporting_projects(supporting_project_id, supported_at, delivery_id, payment_id, project_id, user_id) VALUES (1132, (SELECT projects.start_date + INTERVAL 47 DAY FROM projects WHERE projects.id=32), 1, 1132, 32, 8);
INSERT INTO orders (order_id, created_at, delivery_id, payment_id, supporting_project_id) VALUES (1132, (SELECT projects.start_date + INTERVAL 47 DAY FROM projects WHERE projects.id=32), 1, 1132, 1132);
INSERT INTO supporting_packages(id, option_list, package_count, order_id, project_package_id, supporting_project_id) VALUES (1132, '["중급 클래스"]', 10, 1132, 32, 1132);
INSERT INTO supporting_projects(supporting_project_id, supported_at, delivery_id, payment_id, project_id, user_id) VALUES (1133, (SELECT projects.start_date + INTERVAL 10 DAY FROM projects WHERE projects.id=32), 1, 1133, 32, 34);
INSERT INTO orders (order_id, created_at, delivery_id, payment_id, supporting_project_id) VALUES (1133, (SELECT projects.start_date + INTERVAL 10 DAY FROM projects WHERE projects.id=32), 1, 1133, 1133);
INSERT INTO supporting_packages(id, option_list, package_count, order_id, project_package_id, supporting_project_id) VALUES (1133, '["원데이클래스"]', 2, 1133, 32, 1133);
INSERT INTO supporting_projects(supporting_project_id, supported_at, delivery_id, payment_id, project_id, user_id) VALUES (1134, (SELECT projects.start_date + INTERVAL 38 DAY FROM projects WHERE projects.id=32), 1, 1134, 32, 17);
INSERT INTO orders (order_id, created_at, delivery_id, payment_id, supporting_project_id) VALUES (1134, (SELECT projects.start_date + INTERVAL 38 DAY FROM projects WHERE projects.id=32), 1, 1134, 1134);
INSERT INTO supporting_packages(id, option_list, package_count, order_id, project_package_id, supporting_project_id) VALUES (1134, '["중급 클래스"]', 8, 1134, 32, 1134);
INSERT INTO supporting_projects(supporting_project_id, supported_at, delivery_id, payment_id, project_id, user_id) VALUES (1135, (SELECT projects.start_date + INTERVAL 44 DAY FROM projects WHERE projects.id=32), 1, 1135, 32, 5);
INSERT INTO orders (order_id, created_at, delivery_id, payment_id, supporting_project_id) VALUES (1135, (SELECT projects.start_date + INTERVAL 44 DAY FROM projects WHERE projects.id=32), 1, 1135, 1135);
INSERT INTO supporting_packages(id, option_list, package_count, order_id, project_package_id, supporting_project_id) VALUES (1135, '["프로페셔널 클래스"]', 6, 1135, 32, 1135);
INSERT INTO supporting_projects(supporting_project_id, supported_at, delivery_id, payment_id, project_id, user_id) VALUES (1136, (SELECT projects.start_date + INTERVAL 37 DAY FROM projects WHERE projects.id=32), 1, 1136, 32, 12);
INSERT INTO orders (order_id, created_at, delivery_id, payment_id, supporting_project_id) VALUES (1136, (SELECT projects.start_date + INTERVAL 37 DAY FROM projects WHERE projects.id=32), 1, 1136, 1136);
INSERT INTO supporting_packages(id, option_list, package_count, order_id, project_package_id, supporting_project_id) VALUES (1136, '["프로페셔널 클래스"]', 9, 1136, 32, 1136);
INSERT INTO supporting_projects(supporting_project_id, supported_at, delivery_id, payment_id, project_id, user_id) VALUES (1137, (SELECT projects.start_date + INTERVAL 3 DAY FROM projects WHERE projects.id=32), 1, 1137, 32, 16);
INSERT INTO orders (order_id, created_at, delivery_id, payment_id, supporting_project_id) VALUES (1137, (SELECT projects.start_date + INTERVAL 3 DAY FROM projects WHERE projects.id=32), 1, 1137, 1137);
INSERT INTO supporting_packages(id, option_list, package_count, order_id, project_package_id, supporting_project_id) VALUES (1137, '["중급 클래스"]', 1, 1137, 32, 1137);
INSERT INTO supporting_projects(supporting_project_id, supported_at, delivery_id, payment_id, project_id, user_id) VALUES (1138, (SELECT projects.start_date + INTERVAL 7 DAY FROM projects WHERE projects.id=32), 1, 1138, 32, 12);
INSERT INTO orders (order_id, created_at, delivery_id, payment_id, supporting_project_id) VALUES (1138, (SELECT projects.start_date + INTERVAL 7 DAY FROM projects WHERE projects.id=32), 1, 1138, 1138);
INSERT INTO supporting_packages(id, option_list, package_count, order_id, project_package_id, supporting_project_id) VALUES (1138, '["중급 클래스"]', 7, 1138, 32, 1138);
INSERT INTO supporting_projects(supporting_project_id, supported_at, delivery_id, payment_id, project_id, user_id) VALUES (1139, (SELECT projects.start_date + INTERVAL 40 DAY FROM projects WHERE projects.id=32), 1, 1139, 32, 9);
INSERT INTO orders (order_id, created_at, delivery_id, payment_id, supporting_project_id) VALUES (1139, (SELECT projects.start_date + INTERVAL 40 DAY FROM projects WHERE projects.id=32), 1, 1139, 1139);
INSERT INTO supporting_packages(id, option_list, package_count, order_id, project_package_id, supporting_project_id) VALUES (1139, '["중급 클래스"]', 6, 1139, 32, 1139);
INSERT INTO supporting_projects(supporting_project_id, supported_at, delivery_id, payment_id, project_id, user_id) VALUES (1140, (SELECT projects.start_date + INTERVAL 13 DAY FROM projects WHERE projects.id=32), 1, 1140, 32, 36);
INSERT INTO orders (order_id, created_at, delivery_id, payment_id, supporting_project_id) VALUES (1140, (SELECT projects.start_date + INTERVAL 13 DAY FROM projects WHERE projects.id=32), 1, 1140, 1140);
INSERT INTO supporting_packages(id, option_list, package_count, order_id, project_package_id, supporting_project_id) VALUES (1140, '["원데이클래스"]', 6, 1140, 32, 1140);
INSERT INTO supporting_projects(supporting_project_id, supported_at, delivery_id, payment_id, project_id, user_id) VALUES (1141, (SELECT projects.start_date + INTERVAL 43 DAY FROM projects WHERE projects.id=32), 1, 1141, 32, 31);
INSERT INTO orders (order_id, created_at, delivery_id, payment_id, supporting_project_id) VALUES (1141, (SELECT projects.start_date + INTERVAL 43 DAY FROM projects WHERE projects.id=32), 1, 1141, 1141);
INSERT INTO supporting_packages(id, option_list, package_count, order_id, project_package_id, supporting_project_id) VALUES (1141, '["원데이클래스"]', 2, 1141, 32, 1141);
INSERT INTO supporting_projects(supporting_project_id, supported_at, delivery_id, payment_id, project_id, user_id) VALUES (1142, (SELECT projects.start_date + INTERVAL 40 DAY FROM projects WHERE projects.id=32), 1, 1142, 32, 39);
INSERT INTO orders (order_id, created_at, delivery_id, payment_id, supporting_project_id) VALUES (1142, (SELECT projects.start_date + INTERVAL 40 DAY FROM projects WHERE projects.id=32), 1, 1142, 1142);
INSERT INTO supporting_packages(id, option_list, package_count, order_id, project_package_id, supporting_project_id) VALUES (1142, '["원데이클래스"]', 7, 1142, 32, 1142);
INSERT INTO supporting_projects(supporting_project_id, supported_at, delivery_id, payment_id, project_id, user_id) VALUES (1143, (SELECT projects.start_date + INTERVAL 1 DAY FROM projects WHERE projects.id=32), 1, 1143, 32, 17);
INSERT INTO orders (order_id, created_at, delivery_id, payment_id, supporting_project_id) VALUES (1143, (SELECT projects.start_date + INTERVAL 1 DAY FROM projects WHERE projects.id=32), 1, 1143, 1143);
INSERT INTO supporting_packages(id, option_list, package_count, order_id, project_package_id, supporting_project_id) VALUES (1143, '["중급 클래스"]', 8, 1143, 32, 1143);
INSERT INTO supporting_projects(supporting_project_id, supported_at, delivery_id, payment_id, project_id, user_id) VALUES (1144, (SELECT projects.start_date + INTERVAL 13 DAY FROM projects WHERE projects.id=32), 1, 1144, 32, 28);
INSERT INTO orders (order_id, created_at, delivery_id, payment_id, supporting_project_id) VALUES (1144, (SELECT projects.start_date + INTERVAL 13 DAY FROM projects WHERE projects.id=32), 1, 1144, 1144);
INSERT INTO supporting_packages(id, option_list, package_count, order_id, project_package_id, supporting_project_id) VALUES (1144, '["원데이클래스"]', 4, 1144, 32, 1144);
INSERT INTO supporting_projects(supporting_project_id, supported_at, delivery_id, payment_id, project_id, user_id) VALUES (1145, (SELECT projects.start_date + INTERVAL 10 DAY FROM projects WHERE projects.id=32), 1, 1145, 32, 10);
INSERT INTO orders (order_id, created_at, delivery_id, payment_id, supporting_project_id) VALUES (1145, (SELECT projects.start_date + INTERVAL 10 DAY FROM projects WHERE projects.id=32), 1, 1145, 1145);
INSERT INTO supporting_packages(id, option_list, package_count, order_id, project_package_id, supporting_project_id) VALUES (1145, '["프로페셔널 클래스"]', 2, 1145, 32, 1145);
INSERT INTO supporting_projects(supporting_project_id, supported_at, delivery_id, payment_id, project_id, user_id) VALUES (1146, (SELECT projects.start_date + INTERVAL 7 DAY FROM projects WHERE projects.id=32), 1, 1146, 32, 36);
INSERT INTO orders (order_id, created_at, delivery_id, payment_id, supporting_project_id) VALUES (1146, (SELECT projects.start_date + INTERVAL 7 DAY FROM projects WHERE projects.id=32), 1, 1146, 1146);
INSERT INTO supporting_packages(id, option_list, package_count, order_id, project_package_id, supporting_project_id) VALUES (1146, '["원데이클래스"]', 5, 1146, 32, 1146);
INSERT INTO supporting_projects(supporting_project_id, supported_at, delivery_id, payment_id, project_id, user_id) VALUES (1147, (SELECT projects.start_date + INTERVAL 18 DAY FROM projects WHERE projects.id=32), 1, 1147, 32, 21);
INSERT INTO orders (order_id, created_at, delivery_id, payment_id, supporting_project_id) VALUES (1147, (SELECT projects.start_date + INTERVAL 18 DAY FROM projects WHERE projects.id=32), 1, 1147, 1147);
INSERT INTO supporting_packages(id, option_list, package_count, order_id, project_package_id, supporting_project_id) VALUES (1147, '["원데이클래스"]', 7, 1147, 32, 1147);
INSERT INTO supporting_projects(supporting_project_id, supported_at, delivery_id, payment_id, project_id, user_id) VALUES (1148, (SELECT projects.start_date + INTERVAL 48 DAY FROM projects WHERE projects.id=32), 1, 1148, 32, 14);
INSERT INTO orders (order_id, created_at, delivery_id, payment_id, supporting_project_id) VALUES (1148, (SELECT projects.start_date + INTERVAL 48 DAY FROM projects WHERE projects.id=32), 1, 1148, 1148);
INSERT INTO supporting_packages(id, option_list, package_count, order_id, project_package_id, supporting_project_id) VALUES (1148, '["프로페셔널 클래스"]', 10, 1148, 32, 1148);
INSERT INTO supporting_projects(supporting_project_id, supported_at, delivery_id, payment_id, project_id, user_id) VALUES (1149, (SELECT projects.start_date + INTERVAL 50 DAY FROM projects WHERE projects.id=32), 1, 1149, 32, 38);
INSERT INTO orders (order_id, created_at, delivery_id, payment_id, supporting_project_id) VALUES (1149, (SELECT projects.start_date + INTERVAL 50 DAY FROM projects WHERE projects.id=32), 1, 1149, 1149);
INSERT INTO supporting_packages(id, option_list, package_count, order_id, project_package_id, supporting_project_id) VALUES (1149, '["원데이클래스"]', 2, 1149, 32, 1149);
INSERT INTO supporting_projects(supporting_project_id, supported_at, delivery_id, payment_id, project_id, user_id) VALUES (1150, (SELECT projects.start_date + INTERVAL 25 DAY FROM projects WHERE projects.id=32), 1, 1150, 32, 14);
INSERT INTO orders (order_id, created_at, delivery_id, payment_id, supporting_project_id) VALUES (1150, (SELECT projects.start_date + INTERVAL 25 DAY FROM projects WHERE projects.id=32), 1, 1150, 1150);
INSERT INTO supporting_packages(id, option_list, package_count, order_id, project_package_id, supporting_project_id) VALUES (1150, '["원데이클래스"]', 2, 1150, 32, 1150);
INSERT INTO supporting_projects(supporting_project_id, supported_at, delivery_id, payment_id, project_id, user_id) VALUES (1151, (SELECT projects.start_date + INTERVAL 27 DAY FROM projects WHERE projects.id=32), 1, 1151, 32, 24);
INSERT INTO orders (order_id, created_at, delivery_id, payment_id, supporting_project_id) VALUES (1151, (SELECT projects.start_date + INTERVAL 27 DAY FROM projects WHERE projects.id=32), 1, 1151, 1151);
INSERT INTO supporting_packages(id, option_list, package_count, order_id, project_package_id, supporting_project_id) VALUES (1151, '["중급 클래스"]', 8, 1151, 32, 1151);
INSERT INTO supporting_projects(supporting_project_id, supported_at, delivery_id, payment_id, project_id, user_id) VALUES (1152, (SELECT projects.start_date + INTERVAL 32 DAY FROM projects WHERE projects.id=32), 1, 1152, 32, 34);
INSERT INTO orders (order_id, created_at, delivery_id, payment_id, supporting_project_id) VALUES (1152, (SELECT projects.start_date + INTERVAL 32 DAY FROM projects WHERE projects.id=32), 1, 1152, 1152);
INSERT INTO supporting_packages(id, option_list, package_count, order_id, project_package_id, supporting_project_id) VALUES (1152, '["원데이클래스"]', 9, 1152, 32, 1152);
INSERT INTO supporting_projects(supporting_project_id, supported_at, delivery_id, payment_id, project_id, user_id) VALUES (1153, (SELECT projects.start_date + INTERVAL 2 DAY FROM projects WHERE projects.id=32), 1, 1153, 32, 20);
INSERT INTO orders (order_id, created_at, delivery_id, payment_id, supporting_project_id) VALUES (1153, (SELECT projects.start_date + INTERVAL 2 DAY FROM projects WHERE projects.id=32), 1, 1153, 1153);
INSERT INTO supporting_packages(id, option_list, package_count, order_id, project_package_id, supporting_project_id) VALUES (1153, '["프로페셔널 클래스"]', 7, 1153, 32, 1153);
INSERT INTO supporting_projects(supporting_project_id, supported_at, delivery_id, payment_id, project_id, user_id) VALUES (1154, (SELECT projects.start_date + INTERVAL 5 DAY FROM projects WHERE projects.id=32), 1, 1154, 32, 24);
INSERT INTO orders (order_id, created_at, delivery_id, payment_id, supporting_project_id) VALUES (1154, (SELECT projects.start_date + INTERVAL 5 DAY FROM projects WHERE projects.id=32), 1, 1154, 1154);
INSERT INTO supporting_packages(id, option_list, package_count, order_id, project_package_id, supporting_project_id) VALUES (1154, '["프로페셔널 클래스"]', 10, 1154, 32, 1154);
INSERT INTO supporting_projects(supporting_project_id, supported_at, delivery_id, payment_id, project_id, user_id) VALUES (1155, (SELECT projects.start_date + INTERVAL 20 DAY FROM projects WHERE projects.id=32), 1, 1155, 32, 11);
INSERT INTO orders (order_id, created_at, delivery_id, payment_id, supporting_project_id) VALUES (1155, (SELECT projects.start_date + INTERVAL 20 DAY FROM projects WHERE projects.id=32), 1, 1155, 1155);
INSERT INTO supporting_packages(id, option_list, package_count, order_id, project_package_id, supporting_project_id) VALUES (1155, '["중급 클래스"]', 8, 1155, 32, 1155);
INSERT INTO supporting_projects(supporting_project_id, supported_at, delivery_id, payment_id, project_id, user_id) VALUES (1156, (SELECT projects.start_date + INTERVAL 43 DAY FROM projects WHERE projects.id=32), 1, 1156, 32, 29);
INSERT INTO orders (order_id, created_at, delivery_id, payment_id, supporting_project_id) VALUES (1156, (SELECT projects.start_date + INTERVAL 43 DAY FROM projects WHERE projects.id=32), 1, 1156, 1156);
INSERT INTO supporting_packages(id, option_list, package_count, order_id, project_package_id, supporting_project_id) VALUES (1156, '["중급 클래스"]', 1, 1156, 32, 1156);
INSERT INTO supporting_projects(supporting_project_id, supported_at, delivery_id, payment_id, project_id, user_id) VALUES (1157, (SELECT projects.start_date + INTERVAL 9 DAY FROM projects WHERE projects.id=32), 1, 1157, 32, 19);
INSERT INTO orders (order_id, created_at, delivery_id, payment_id, supporting_project_id) VALUES (1157, (SELECT projects.start_date + INTERVAL 9 DAY FROM projects WHERE projects.id=32), 1, 1157, 1157);
INSERT INTO supporting_packages(id, option_list, package_count, order_id, project_package_id, supporting_project_id) VALUES (1157, '["중급 클래스"]', 6, 1157, 32, 1157);
INSERT INTO supporting_projects(supporting_project_id, supported_at, delivery_id, payment_id, project_id, user_id) VALUES (1158, (SELECT projects.start_date + INTERVAL 20 DAY FROM projects WHERE projects.id=32), 1, 1158, 32, 24);
INSERT INTO orders (order_id, created_at, delivery_id, payment_id, supporting_project_id) VALUES (1158, (SELECT projects.start_date + INTERVAL 20 DAY FROM projects WHERE projects.id=32), 1, 1158, 1158);
INSERT INTO supporting_packages(id, option_list, package_count, order_id, project_package_id, supporting_project_id) VALUES (1158, '["중급 클래스"]', 9, 1158, 32, 1158);
INSERT INTO supporting_projects(supporting_project_id, supported_at, delivery_id, payment_id, project_id, user_id) VALUES (1159, (SELECT projects.start_date + INTERVAL 20 DAY FROM projects WHERE projects.id=32), 1, 1159, 32, 24);
INSERT INTO orders (order_id, created_at, delivery_id, payment_id, supporting_project_id) VALUES (1159, (SELECT projects.start_date + INTERVAL 20 DAY FROM projects WHERE projects.id=32), 1, 1159, 1159);
INSERT INTO supporting_packages(id, option_list, package_count, order_id, project_package_id, supporting_project_id) VALUES (1159, '["중급 클래스"]', 8, 1159, 32, 1159);
INSERT INTO supporting_projects(supporting_project_id, supported_at, delivery_id, payment_id, project_id, user_id) VALUES (1160, (SELECT projects.start_date + INTERVAL 25 DAY FROM projects WHERE projects.id=32), 1, 1160, 32, 35);
INSERT INTO orders (order_id, created_at, delivery_id, payment_id, supporting_project_id) VALUES (1160, (SELECT projects.start_date + INTERVAL 25 DAY FROM projects WHERE projects.id=32), 1, 1160, 1160);
INSERT INTO supporting_packages(id, option_list, package_count, order_id, project_package_id, supporting_project_id) VALUES (1160, '["중급 클래스"]', 5, 1160, 32, 1160);
INSERT INTO supporting_projects(supporting_project_id, supported_at, delivery_id, payment_id, project_id, user_id) VALUES (1161, (SELECT projects.start_date + INTERVAL 42 DAY FROM projects WHERE projects.id=32), 1, 1161, 32, 40);
INSERT INTO orders (order_id, created_at, delivery_id, payment_id, supporting_project_id) VALUES (1161, (SELECT projects.start_date + INTERVAL 42 DAY FROM projects WHERE projects.id=32), 1, 1161, 1161);
INSERT INTO supporting_packages(id, option_list, package_count, order_id, project_package_id, supporting_project_id) VALUES (1161, '["원데이클래스"]', 2, 1161, 32, 1161);
INSERT INTO supporting_projects(supporting_project_id, supported_at, delivery_id, payment_id, project_id, user_id) VALUES (1162, (SELECT projects.start_date + INTERVAL 24 DAY FROM projects WHERE projects.id=32), 1, 1162, 32, 40);
INSERT INTO orders (order_id, created_at, delivery_id, payment_id, supporting_project_id) VALUES (1162, (SELECT projects.start_date + INTERVAL 24 DAY FROM projects WHERE projects.id=32), 1, 1162, 1162);
INSERT INTO supporting_packages(id, option_list, package_count, order_id, project_package_id, supporting_project_id) VALUES (1162, '["원데이클래스"]', 7, 1162, 32, 1162);
INSERT INTO supporting_projects(supporting_project_id, supported_at, delivery_id, payment_id, project_id, user_id) VALUES (1163, (SELECT projects.start_date + INTERVAL 29 DAY FROM projects WHERE projects.id=32), 1, 1163, 32, 3);
INSERT INTO orders (order_id, created_at, delivery_id, payment_id, supporting_project_id) VALUES (1163, (SELECT projects.start_date + INTERVAL 29 DAY FROM projects WHERE projects.id=32), 1, 1163, 1163);
INSERT INTO supporting_packages(id, option_list, package_count, order_id, project_package_id, supporting_project_id) VALUES (1163, '["원데이클래스"]', 8, 1163, 32, 1163);
INSERT INTO supporting_projects(supporting_project_id, supported_at, delivery_id, payment_id, project_id, user_id) VALUES (1164, (SELECT projects.start_date + INTERVAL 36 DAY FROM projects WHERE projects.id=32), 1, 1164, 32, 35);
INSERT INTO orders (order_id, created_at, delivery_id, payment_id, supporting_project_id) VALUES (1164, (SELECT projects.start_date + INTERVAL 36 DAY FROM projects WHERE projects.id=32), 1, 1164, 1164);
INSERT INTO supporting_packages(id, option_list, package_count, order_id, project_package_id, supporting_project_id) VALUES (1164, '["중급 클래스"]', 1, 1164, 32, 1164);
INSERT INTO supporting_projects(supporting_project_id, supported_at, delivery_id, payment_id, project_id, user_id) VALUES (1165, (SELECT projects.start_date + INTERVAL 31 DAY FROM projects WHERE projects.id=32), 1, 1165, 32, 17);
INSERT INTO orders (order_id, created_at, delivery_id, payment_id, supporting_project_id) VALUES (1165, (SELECT projects.start_date + INTERVAL 31 DAY FROM projects WHERE projects.id=32), 1, 1165, 1165);
INSERT INTO supporting_packages(id, option_list, package_count, order_id, project_package_id, supporting_project_id) VALUES (1165, '["프로페셔널 클래스"]', 3, 1165, 32, 1165);
INSERT INTO supporting_projects(supporting_project_id, supported_at, delivery_id, payment_id, project_id, user_id) VALUES (1166, (SELECT projects.start_date + INTERVAL 29 DAY FROM projects WHERE projects.id=32), 1, 1166, 32, 33);
INSERT INTO orders (order_id, created_at, delivery_id, payment_id, supporting_project_id) VALUES (1166, (SELECT projects.start_date + INTERVAL 29 DAY FROM projects WHERE projects.id=32), 1, 1166, 1166);
INSERT INTO supporting_packages(id, option_list, package_count, order_id, project_package_id, supporting_project_id) VALUES (1166, '["프로페셔널 클래스"]', 10, 1166, 32, 1166);
INSERT INTO supporting_projects(supporting_project_id, supported_at, delivery_id, payment_id, project_id, user_id) VALUES (1167, (SELECT projects.start_date + INTERVAL 6 DAY FROM projects WHERE projects.id=32), 1, 1167, 32, 34);
INSERT INTO orders (order_id, created_at, delivery_id, payment_id, supporting_project_id) VALUES (1167, (SELECT projects.start_date + INTERVAL 6 DAY FROM projects WHERE projects.id=32), 1, 1167, 1167);
INSERT INTO supporting_packages(id, option_list, package_count, order_id, project_package_id, supporting_project_id) VALUES (1167, '["중급 클래스"]', 1, 1167, 32, 1167);
INSERT INTO supporting_projects(supporting_project_id, supported_at, delivery_id, payment_id, project_id, user_id) VALUES (1168, (SELECT projects.start_date + INTERVAL 40 DAY FROM projects WHERE projects.id=32), 1, 1168, 32, 37);
INSERT INTO orders (order_id, created_at, delivery_id, payment_id, supporting_project_id) VALUES (1168, (SELECT projects.start_date + INTERVAL 40 DAY FROM projects WHERE projects.id=32), 1, 1168, 1168);
INSERT INTO supporting_packages(id, option_list, package_count, order_id, project_package_id, supporting_project_id) VALUES (1168, '["원데이클래스"]', 6, 1168, 32, 1168);
INSERT INTO supporting_projects(supporting_project_id, supported_at, delivery_id, payment_id, project_id, user_id) VALUES (1169, (SELECT projects.start_date + INTERVAL 6 DAY FROM projects WHERE projects.id=32), 1, 1169, 32, 23);
INSERT INTO orders (order_id, created_at, delivery_id, payment_id, supporting_project_id) VALUES (1169, (SELECT projects.start_date + INTERVAL 6 DAY FROM projects WHERE projects.id=32), 1, 1169, 1169);
INSERT INTO supporting_packages(id, option_list, package_count, order_id, project_package_id, supporting_project_id) VALUES (1169, '["프로페셔널 클래스"]', 4, 1169, 32, 1169);
INSERT INTO supporting_projects(supporting_project_id, supported_at, delivery_id, payment_id, project_id, user_id) VALUES (1170, (SELECT projects.start_date + INTERVAL 21 DAY FROM projects WHERE projects.id=32), 1, 1170, 32, 31);
INSERT INTO orders (order_id, created_at, delivery_id, payment_id, supporting_project_id) VALUES (1170, (SELECT projects.start_date + INTERVAL 21 DAY FROM projects WHERE projects.id=32), 1, 1170, 1170);
INSERT INTO supporting_packages(id, option_list, package_count, order_id, project_package_id, supporting_project_id) VALUES (1170, '["중급 클래스"]', 3, 1170, 32, 1170);
INSERT INTO supporting_projects(supporting_project_id, supported_at, delivery_id, payment_id, project_id, user_id) VALUES (1171, (SELECT projects.start_date + INTERVAL 49 DAY FROM projects WHERE projects.id=32), 1, 1171, 32, 34);
INSERT INTO orders (order_id, created_at, delivery_id, payment_id, supporting_project_id) VALUES (1171, (SELECT projects.start_date + INTERVAL 49 DAY FROM projects WHERE projects.id=32), 1, 1171, 1171);
INSERT INTO supporting_packages(id, option_list, package_count, order_id, project_package_id, supporting_project_id) VALUES (1171, '["프로페셔널 클래스"]', 10, 1171, 32, 1171);
INSERT INTO supporting_projects(supporting_project_id, supported_at, delivery_id, payment_id, project_id, user_id) VALUES (1172, (SELECT projects.start_date + INTERVAL 28 DAY FROM projects WHERE projects.id=32), 1, 1172, 32, 31);
INSERT INTO orders (order_id, created_at, delivery_id, payment_id, supporting_project_id) VALUES (1172, (SELECT projects.start_date + INTERVAL 28 DAY FROM projects WHERE projects.id=32), 1, 1172, 1172);
INSERT INTO supporting_packages(id, option_list, package_count, order_id, project_package_id, supporting_project_id) VALUES (1172, '["프로페셔널 클래스"]', 6, 1172, 32, 1172);
INSERT INTO supporting_projects(supporting_project_id, supported_at, delivery_id, payment_id, project_id, user_id) VALUES (1173, (SELECT projects.start_date + INTERVAL 6 DAY FROM projects WHERE projects.id=32), 1, 1173, 32, 1);
INSERT INTO orders (order_id, created_at, delivery_id, payment_id, supporting_project_id) VALUES (1173, (SELECT projects.start_date + INTERVAL 6 DAY FROM projects WHERE projects.id=32), 1, 1173, 1173);
INSERT INTO supporting_packages(id, option_list, package_count, order_id, project_package_id, supporting_project_id) VALUES (1173, '["원데이클래스"]', 9, 1173, 32, 1173);
INSERT INTO supporting_projects(supporting_project_id, supported_at, delivery_id, payment_id, project_id, user_id) VALUES (1174, (SELECT projects.start_date + INTERVAL 14 DAY FROM projects WHERE projects.id=32), 1, 1174, 32, 2);
INSERT INTO orders (order_id, created_at, delivery_id, payment_id, supporting_project_id) VALUES (1174, (SELECT projects.start_date + INTERVAL 14 DAY FROM projects WHERE projects.id=32), 1, 1174, 1174);
INSERT INTO supporting_packages(id, option_list, package_count, order_id, project_package_id, supporting_project_id) VALUES (1174, '["원데이클래스"]', 6, 1174, 32, 1174);
INSERT INTO supporting_projects(supporting_project_id, supported_at, delivery_id, payment_id, project_id, user_id) VALUES (1175, (SELECT projects.start_date + INTERVAL 12 DAY FROM projects WHERE projects.id=32), 1, 1175, 32, 11);
INSERT INTO orders (order_id, created_at, delivery_id, payment_id, supporting_project_id) VALUES (1175, (SELECT projects.start_date + INTERVAL 12 DAY FROM projects WHERE projects.id=32), 1, 1175, 1175);
INSERT INTO supporting_packages(id, option_list, package_count, order_id, project_package_id, supporting_project_id) VALUES (1175, '["프로페셔널 클래스"]', 1, 1175, 32, 1175);
INSERT INTO supporting_projects(supporting_project_id, supported_at, delivery_id, payment_id, project_id, user_id) VALUES (1176, (SELECT projects.start_date + INTERVAL 13 DAY FROM projects WHERE projects.id=32), 1, 1176, 32, 25);
INSERT INTO orders (order_id, created_at, delivery_id, payment_id, supporting_project_id) VALUES (1176, (SELECT projects.start_date + INTERVAL 13 DAY FROM projects WHERE projects.id=32), 1, 1176, 1176);
INSERT INTO supporting_packages(id, option_list, package_count, order_id, project_package_id, supporting_project_id) VALUES (1176, '["프로페셔널 클래스"]', 1, 1176, 32, 1176);
INSERT INTO supporting_projects(supporting_project_id, supported_at, delivery_id, payment_id, project_id, user_id) VALUES (1177, (SELECT projects.start_date + INTERVAL 40 DAY FROM projects WHERE projects.id=32), 1, 1177, 32, 26);
INSERT INTO orders (order_id, created_at, delivery_id, payment_id, supporting_project_id) VALUES (1177, (SELECT projects.start_date + INTERVAL 40 DAY FROM projects WHERE projects.id=32), 1, 1177, 1177);
INSERT INTO supporting_packages(id, option_list, package_count, order_id, project_package_id, supporting_project_id) VALUES (1177, '["원데이클래스"]', 3, 1177, 32, 1177);
INSERT INTO supporting_projects(supporting_project_id, supported_at, delivery_id, payment_id, project_id, user_id) VALUES (1178, (SELECT projects.start_date + INTERVAL 30 DAY FROM projects WHERE projects.id=32), 1, 1178, 32, 3);
INSERT INTO orders (order_id, created_at, delivery_id, payment_id, supporting_project_id) VALUES (1178, (SELECT projects.start_date + INTERVAL 30 DAY FROM projects WHERE projects.id=32), 1, 1178, 1178);
INSERT INTO supporting_packages(id, option_list, package_count, order_id, project_package_id, supporting_project_id) VALUES (1178, '["프로페셔널 클래스"]', 6, 1178, 32, 1178);
INSERT INTO supporting_projects(supporting_project_id, supported_at, delivery_id, payment_id, project_id, user_id) VALUES (1179, (SELECT projects.start_date + INTERVAL 43 DAY FROM projects WHERE projects.id=32), 1, 1179, 32, 32);
INSERT INTO orders (order_id, created_at, delivery_id, payment_id, supporting_project_id) VALUES (1179, (SELECT projects.start_date + INTERVAL 43 DAY FROM projects WHERE projects.id=32), 1, 1179, 1179);
INSERT INTO supporting_packages(id, option_list, package_count, order_id, project_package_id, supporting_project_id) VALUES (1179, '["중급 클래스"]', 9, 1179, 32, 1179);
INSERT INTO supporting_projects(supporting_project_id, supported_at, delivery_id, payment_id, project_id, user_id) VALUES (1180, (SELECT projects.start_date + INTERVAL 3 DAY FROM projects WHERE projects.id=32), 1, 1180, 32, 5);
INSERT INTO orders (order_id, created_at, delivery_id, payment_id, supporting_project_id) VALUES (1180, (SELECT projects.start_date + INTERVAL 3 DAY FROM projects WHERE projects.id=32), 1, 1180, 1180);
INSERT INTO supporting_packages(id, option_list, package_count, order_id, project_package_id, supporting_project_id) VALUES (1180, '["원데이클래스"]', 2, 1180, 32, 1180);
INSERT INTO supporting_projects(supporting_project_id, supported_at, delivery_id, payment_id, project_id, user_id) VALUES (1181, (SELECT projects.start_date + INTERVAL 34 DAY FROM projects WHERE projects.id=32), 1, 1181, 32, 9);
INSERT INTO orders (order_id, created_at, delivery_id, payment_id, supporting_project_id) VALUES (1181, (SELECT projects.start_date + INTERVAL 34 DAY FROM projects WHERE projects.id=32), 1, 1181, 1181);
INSERT INTO supporting_packages(id, option_list, package_count, order_id, project_package_id, supporting_project_id) VALUES (1181, '["중급 클래스"]', 5, 1181, 32, 1181);
INSERT INTO supporting_projects(supporting_project_id, supported_at, delivery_id, payment_id, project_id, user_id) VALUES (1182, (SELECT projects.start_date + INTERVAL 24 DAY FROM projects WHERE projects.id=32), 1, 1182, 32, 16);
INSERT INTO orders (order_id, created_at, delivery_id, payment_id, supporting_project_id) VALUES (1182, (SELECT projects.start_date + INTERVAL 24 DAY FROM projects WHERE projects.id=32), 1, 1182, 1182);
INSERT INTO supporting_packages(id, option_list, package_count, order_id, project_package_id, supporting_project_id) VALUES (1182, '["중급 클래스"]', 8, 1182, 32, 1182);
INSERT INTO supporting_projects(supporting_project_id, supported_at, delivery_id, payment_id, project_id, user_id) VALUES (1183, (SELECT projects.start_date + INTERVAL 2 DAY FROM projects WHERE projects.id=32), 1, 1183, 32, 2);
INSERT INTO orders (order_id, created_at, delivery_id, payment_id, supporting_project_id) VALUES (1183, (SELECT projects.start_date + INTERVAL 2 DAY FROM projects WHERE projects.id=32), 1, 1183, 1183);
INSERT INTO supporting_packages(id, option_list, package_count, order_id, project_package_id, supporting_project_id) VALUES (1183, '["원데이클래스"]', 4, 1183, 32, 1183);
INSERT INTO supporting_projects(supporting_project_id, supported_at, delivery_id, payment_id, project_id, user_id) VALUES (1184, (SELECT projects.start_date + INTERVAL 9 DAY FROM projects WHERE projects.id=32), 1, 1184, 32, 8);
INSERT INTO orders (order_id, created_at, delivery_id, payment_id, supporting_project_id) VALUES (1184, (SELECT projects.start_date + INTERVAL 9 DAY FROM projects WHERE projects.id=32), 1, 1184, 1184);
INSERT INTO supporting_packages(id, option_list, package_count, order_id, project_package_id, supporting_project_id) VALUES (1184, '["원데이클래스"]', 3, 1184, 32, 1184);
INSERT INTO supporting_projects(supporting_project_id, supported_at, delivery_id, payment_id, project_id, user_id) VALUES (1185, (SELECT projects.start_date + INTERVAL 35 DAY FROM projects WHERE projects.id=32), 1, 1185, 32, 8);
INSERT INTO orders (order_id, created_at, delivery_id, payment_id, supporting_project_id) VALUES (1185, (SELECT projects.start_date + INTERVAL 35 DAY FROM projects WHERE projects.id=32), 1, 1185, 1185);
INSERT INTO supporting_packages(id, option_list, package_count, order_id, project_package_id, supporting_project_id) VALUES (1185, '["프로페셔널 클래스"]', 5, 1185, 32, 1185);
INSERT INTO supporting_projects(supporting_project_id, supported_at, delivery_id, payment_id, project_id, user_id) VALUES (1186, (SELECT projects.start_date + INTERVAL 48 DAY FROM projects WHERE projects.id=32), 1, 1186, 32, 15);
INSERT INTO orders (order_id, created_at, delivery_id, payment_id, supporting_project_id) VALUES (1186, (SELECT projects.start_date + INTERVAL 48 DAY FROM projects WHERE projects.id=32), 1, 1186, 1186);
INSERT INTO supporting_packages(id, option_list, package_count, order_id, project_package_id, supporting_project_id) VALUES (1186, '["프로페셔널 클래스"]', 7, 1186, 32, 1186);
INSERT INTO supporting_projects(supporting_project_id, supported_at, delivery_id, payment_id, project_id, user_id) VALUES (1187, (SELECT projects.start_date + INTERVAL 7 DAY FROM projects WHERE projects.id=32), 1, 1187, 32, 12);
INSERT INTO orders (order_id, created_at, delivery_id, payment_id, supporting_project_id) VALUES (1187, (SELECT projects.start_date + INTERVAL 7 DAY FROM projects WHERE projects.id=32), 1, 1187, 1187);
INSERT INTO supporting_packages(id, option_list, package_count, order_id, project_package_id, supporting_project_id) VALUES (1187, '["프로페셔널 클래스"]', 6, 1187, 32, 1187);
INSERT INTO supporting_projects(supporting_project_id, supported_at, delivery_id, payment_id, project_id, user_id) VALUES (1188, (SELECT projects.start_date + INTERVAL 2 DAY FROM projects WHERE projects.id=32), 1, 1188, 32, 14);
INSERT INTO orders (order_id, created_at, delivery_id, payment_id, supporting_project_id) VALUES (1188, (SELECT projects.start_date + INTERVAL 2 DAY FROM projects WHERE projects.id=32), 1, 1188, 1188);
INSERT INTO supporting_packages(id, option_list, package_count, order_id, project_package_id, supporting_project_id) VALUES (1188, '["원데이클래스"]', 7, 1188, 32, 1188);
INSERT INTO supporting_projects(supporting_project_id, supported_at, delivery_id, payment_id, project_id, user_id) VALUES (1189, (SELECT projects.start_date + INTERVAL 2 DAY FROM projects WHERE projects.id=32), 1, 1189, 32, 6);
INSERT INTO orders (order_id, created_at, delivery_id, payment_id, supporting_project_id) VALUES (1189, (SELECT projects.start_date + INTERVAL 2 DAY FROM projects WHERE projects.id=32), 1, 1189, 1189);
INSERT INTO supporting_packages(id, option_list, package_count, order_id, project_package_id, supporting_project_id) VALUES (1189, '["프로페셔널 클래스"]', 8, 1189, 32, 1189);
INSERT INTO supporting_projects(supporting_project_id, supported_at, delivery_id, payment_id, project_id, user_id) VALUES (1190, (SELECT projects.start_date + INTERVAL 39 DAY FROM projects WHERE projects.id=32), 1, 1190, 32, 14);
INSERT INTO orders (order_id, created_at, delivery_id, payment_id, supporting_project_id) VALUES (1190, (SELECT projects.start_date + INTERVAL 39 DAY FROM projects WHERE projects.id=32), 1, 1190, 1190);
INSERT INTO supporting_packages(id, option_list, package_count, order_id, project_package_id, supporting_project_id) VALUES (1190, '["원데이클래스"]', 3, 1190, 32, 1190);
INSERT INTO supporting_projects(supporting_project_id, supported_at, delivery_id, payment_id, project_id, user_id) VALUES (1191, (SELECT projects.start_date + INTERVAL 42 DAY FROM projects WHERE projects.id=32), 1, 1191, 32, 7);
INSERT INTO orders (order_id, created_at, delivery_id, payment_id, supporting_project_id) VALUES (1191, (SELECT projects.start_date + INTERVAL 42 DAY FROM projects WHERE projects.id=32), 1, 1191, 1191);
INSERT INTO supporting_packages(id, option_list, package_count, order_id, project_package_id, supporting_project_id) VALUES (1191, '["원데이클래스"]', 3, 1191, 32, 1191);
INSERT INTO supporting_projects(supporting_project_id, supported_at, delivery_id, payment_id, project_id, user_id) VALUES (1192, (SELECT projects.start_date + INTERVAL 1 DAY FROM projects WHERE projects.id=32), 1, 1192, 32, 21);
INSERT INTO orders (order_id, created_at, delivery_id, payment_id, supporting_project_id) VALUES (1192, (SELECT projects.start_date + INTERVAL 1 DAY FROM projects WHERE projects.id=32), 1, 1192, 1192);
INSERT INTO supporting_packages(id, option_list, package_count, order_id, project_package_id, supporting_project_id) VALUES (1192, '["중급 클래스"]', 6, 1192, 32, 1192);
INSERT INTO supporting_projects(supporting_project_id, supported_at, delivery_id, payment_id, project_id, user_id) VALUES (1193, (SELECT projects.start_date + INTERVAL 45 DAY FROM projects WHERE projects.id=32), 1, 1193, 32, 23);
INSERT INTO orders (order_id, created_at, delivery_id, payment_id, supporting_project_id) VALUES (1193, (SELECT projects.start_date + INTERVAL 45 DAY FROM projects WHERE projects.id=32), 1, 1193, 1193);
INSERT INTO supporting_packages(id, option_list, package_count, order_id, project_package_id, supporting_project_id) VALUES (1193, '["원데이클래스"]', 8, 1193, 32, 1193);
INSERT INTO supporting_projects(supporting_project_id, supported_at, delivery_id, payment_id, project_id, user_id) VALUES (1194, (SELECT projects.start_date + INTERVAL 50 DAY FROM projects WHERE projects.id=32), 1, 1194, 32, 27);
INSERT INTO orders (order_id, created_at, delivery_id, payment_id, supporting_project_id) VALUES (1194, (SELECT projects.start_date + INTERVAL 50 DAY FROM projects WHERE projects.id=32), 1, 1194, 1194);
INSERT INTO supporting_packages(id, option_list, package_count, order_id, project_package_id, supporting_project_id) VALUES (1194, '["중급 클래스"]', 5, 1194, 32, 1194);
INSERT INTO supporting_projects(supporting_project_id, supported_at, delivery_id, payment_id, project_id, user_id) VALUES (1195, (SELECT projects.start_date + INTERVAL 1 DAY FROM projects WHERE projects.id=32), 1, 1195, 32, 31);
INSERT INTO orders (order_id, created_at, delivery_id, payment_id, supporting_project_id) VALUES (1195, (SELECT projects.start_date + INTERVAL 1 DAY FROM projects WHERE projects.id=32), 1, 1195, 1195);
INSERT INTO supporting_packages(id, option_list, package_count, order_id, project_package_id, supporting_project_id) VALUES (1195, '["원데이클래스"]', 3, 1195, 32, 1195);
INSERT INTO supporting_projects(supporting_project_id, supported_at, delivery_id, payment_id, project_id, user_id) VALUES (1196, (SELECT projects.start_date + INTERVAL 14 DAY FROM projects WHERE projects.id=32), 1, 1196, 32, 34);
INSERT INTO orders (order_id, created_at, delivery_id, payment_id, supporting_project_id) VALUES (1196, (SELECT projects.start_date + INTERVAL 14 DAY FROM projects WHERE projects.id=32), 1, 1196, 1196);
INSERT INTO supporting_packages(id, option_list, package_count, order_id, project_package_id, supporting_project_id) VALUES (1196, '["프로페셔널 클래스"]', 10, 1196, 32, 1196);
INSERT INTO supporting_projects(supporting_project_id, supported_at, delivery_id, payment_id, project_id, user_id) VALUES (1197, (SELECT projects.start_date + INTERVAL 17 DAY FROM projects WHERE projects.id=32), 1, 1197, 32, 33);
INSERT INTO orders (order_id, created_at, delivery_id, payment_id, supporting_project_id) VALUES (1197, (SELECT projects.start_date + INTERVAL 17 DAY FROM projects WHERE projects.id=32), 1, 1197, 1197);
INSERT INTO supporting_packages(id, option_list, package_count, order_id, project_package_id, supporting_project_id) VALUES (1197, '["원데이클래스"]', 4, 1197, 32, 1197);
INSERT INTO supporting_projects(supporting_project_id, supported_at, delivery_id, payment_id, project_id, user_id) VALUES (1198, (SELECT projects.start_date + INTERVAL 44 DAY FROM projects WHERE projects.id=32), 1, 1198, 32, 28);
INSERT INTO orders (order_id, created_at, delivery_id, payment_id, supporting_project_id) VALUES (1198, (SELECT projects.start_date + INTERVAL 44 DAY FROM projects WHERE projects.id=32), 1, 1198, 1198);
INSERT INTO supporting_packages(id, option_list, package_count, order_id, project_package_id, supporting_project_id) VALUES (1198, '["프로페셔널 클래스"]', 4, 1198, 32, 1198);
INSERT INTO supporting_projects(supporting_project_id, supported_at, delivery_id, payment_id, project_id, user_id) VALUES (1199, (SELECT projects.start_date + INTERVAL 17 DAY FROM projects WHERE projects.id=32), 1, 1199, 32, 19);
INSERT INTO orders (order_id, created_at, delivery_id, payment_id, supporting_project_id) VALUES (1199, (SELECT projects.start_date + INTERVAL 17 DAY FROM projects WHERE projects.id=32), 1, 1199, 1199);
INSERT INTO supporting_packages(id, option_list, package_count, order_id, project_package_id, supporting_project_id) VALUES (1199, '["프로페셔널 클래스"]', 4, 1199, 32, 1199);
INSERT INTO supporting_projects(supporting_project_id, supported_at, delivery_id, payment_id, project_id, user_id) VALUES (1200, (SELECT projects.start_date + INTERVAL 13 DAY FROM projects WHERE projects.id=32), 1, 1200, 32, 20);
INSERT INTO orders (order_id, created_at, delivery_id, payment_id, supporting_project_id) VALUES (1200, (SELECT projects.start_date + INTERVAL 13 DAY FROM projects WHERE projects.id=32), 1, 1200, 1200);
INSERT INTO supporting_packages(id, option_list, package_count, order_id, project_package_id, supporting_project_id) VALUES (1200, '["원데이클래스"]', 3, 1200, 32, 1200);
INSERT INTO supporting_projects(supporting_project_id, supported_at, delivery_id, payment_id, project_id, user_id) VALUES (1201, (SELECT projects.start_date + INTERVAL 47 DAY FROM projects WHERE projects.id=32), 1, 1201, 32, 30);
INSERT INTO orders (order_id, created_at, delivery_id, payment_id, supporting_project_id) VALUES (1201, (SELECT projects.start_date + INTERVAL 47 DAY FROM projects WHERE projects.id=32), 1, 1201, 1201);
INSERT INTO supporting_packages(id, option_list, package_count, order_id, project_package_id, supporting_project_id) VALUES (1201, '["원데이클래스"]', 8, 1201, 32, 1201);
INSERT INTO supporting_projects(supporting_project_id, supported_at, delivery_id, payment_id, project_id, user_id) VALUES (1202, (SELECT projects.start_date + INTERVAL 21 DAY FROM projects WHERE projects.id=32), 1, 1202, 32, 31);
INSERT INTO orders (order_id, created_at, delivery_id, payment_id, supporting_project_id) VALUES (1202, (SELECT projects.start_date + INTERVAL 21 DAY FROM projects WHERE projects.id=32), 1, 1202, 1202);
INSERT INTO supporting_packages(id, option_list, package_count, order_id, project_package_id, supporting_project_id) VALUES (1202, '["원데이클래스"]', 3, 1202, 32, 1202);
INSERT INTO supporting_projects(supporting_project_id, supported_at, delivery_id, payment_id, project_id, user_id) VALUES (1203, (SELECT projects.start_date + INTERVAL 7 DAY FROM projects WHERE projects.id=32), 1, 1203, 32, 3);
INSERT INTO orders (order_id, created_at, delivery_id, payment_id, supporting_project_id) VALUES (1203, (SELECT projects.start_date + INTERVAL 7 DAY FROM projects WHERE projects.id=32), 1, 1203, 1203);
INSERT INTO supporting_packages(id, option_list, package_count, order_id, project_package_id, supporting_project_id) VALUES (1203, '["중급 클래스"]', 5, 1203, 32, 1203);
INSERT INTO supporting_projects(supporting_project_id, supported_at, delivery_id, payment_id, project_id, user_id) VALUES (1204, (SELECT projects.start_date + INTERVAL 35 DAY FROM projects WHERE projects.id=32), 1, 1204, 32, 12);
INSERT INTO orders (order_id, created_at, delivery_id, payment_id, supporting_project_id) VALUES (1204, (SELECT projects.start_date + INTERVAL 35 DAY FROM projects WHERE projects.id=32), 1, 1204, 1204);
INSERT INTO supporting_packages(id, option_list, package_count, order_id, project_package_id, supporting_project_id) VALUES (1204, '["원데이클래스"]', 9, 1204, 32, 1204);
INSERT INTO supporting_projects(supporting_project_id, supported_at, delivery_id, payment_id, project_id, user_id) VALUES (1205, (SELECT projects.start_date + INTERVAL 30 DAY FROM projects WHERE projects.id=32), 1, 1205, 32, 22);
INSERT INTO orders (order_id, created_at, delivery_id, payment_id, supporting_project_id) VALUES (1205, (SELECT projects.start_date + INTERVAL 30 DAY FROM projects WHERE projects.id=32), 1, 1205, 1205);
INSERT INTO supporting_packages(id, option_list, package_count, order_id, project_package_id, supporting_project_id) VALUES (1205, '["중급 클래스"]', 3, 1205, 32, 1205);
INSERT INTO supporting_projects(supporting_project_id, supported_at, delivery_id, payment_id, project_id, user_id) VALUES (1206, (SELECT projects.start_date + INTERVAL 10 DAY FROM projects WHERE projects.id=32), 1, 1206, 32, 21);
INSERT INTO orders (order_id, created_at, delivery_id, payment_id, supporting_project_id) VALUES (1206, (SELECT projects.start_date + INTERVAL 10 DAY FROM projects WHERE projects.id=32), 1, 1206, 1206);
INSERT INTO supporting_packages(id, option_list, package_count, order_id, project_package_id, supporting_project_id) VALUES (1206, '["원데이클래스"]', 1, 1206, 32, 1206);
INSERT INTO supporting_projects(supporting_project_id, supported_at, delivery_id, payment_id, project_id, user_id) VALUES (1207, (SELECT projects.start_date + INTERVAL 42 DAY FROM projects WHERE projects.id=32), 1, 1207, 32, 14);
INSERT INTO orders (order_id, created_at, delivery_id, payment_id, supporting_project_id) VALUES (1207, (SELECT projects.start_date + INTERVAL 42 DAY FROM projects WHERE projects.id=32), 1, 1207, 1207);
INSERT INTO supporting_packages(id, option_list, package_count, order_id, project_package_id, supporting_project_id) VALUES (1207, '["중급 클래스"]', 7, 1207, 32, 1207);
INSERT INTO supporting_projects(supporting_project_id, supported_at, delivery_id, payment_id, project_id, user_id) VALUES (1208, (SELECT projects.start_date + INTERVAL 16 DAY FROM projects WHERE projects.id=32), 1, 1208, 32, 3);
INSERT INTO orders (order_id, created_at, delivery_id, payment_id, supporting_project_id) VALUES (1208, (SELECT projects.start_date + INTERVAL 16 DAY FROM projects WHERE projects.id=32), 1, 1208, 1208);
INSERT INTO supporting_packages(id, option_list, package_count, order_id, project_package_id, supporting_project_id) VALUES (1208, '["중급 클래스"]', 1, 1208, 32, 1208);
INSERT INTO supporting_projects(supporting_project_id, supported_at, delivery_id, payment_id, project_id, user_id) VALUES (1209, (SELECT projects.start_date + INTERVAL 37 DAY FROM projects WHERE projects.id=32), 1, 1209, 32, 7);
INSERT INTO orders (order_id, created_at, delivery_id, payment_id, supporting_project_id) VALUES (1209, (SELECT projects.start_date + INTERVAL 37 DAY FROM projects WHERE projects.id=32), 1, 1209, 1209);
INSERT INTO supporting_packages(id, option_list, package_count, order_id, project_package_id, supporting_project_id) VALUES (1209, '["중급 클래스"]', 1, 1209, 32, 1209);
INSERT INTO supporting_projects(supporting_project_id, supported_at, delivery_id, payment_id, project_id, user_id) VALUES (1210, (SELECT projects.start_date + INTERVAL 46 DAY FROM projects WHERE projects.id=32), 1, 1210, 32, 21);
INSERT INTO orders (order_id, created_at, delivery_id, payment_id, supporting_project_id) VALUES (1210, (SELECT projects.start_date + INTERVAL 46 DAY FROM projects WHERE projects.id=32), 1, 1210, 1210);
INSERT INTO supporting_packages(id, option_list, package_count, order_id, project_package_id, supporting_project_id) VALUES (1210, '["중급 클래스"]', 4, 1210, 32, 1210);
INSERT INTO supporting_projects(supporting_project_id, supported_at, delivery_id, payment_id, project_id, user_id) VALUES (1211, (SELECT projects.start_date + INTERVAL 22 DAY FROM projects WHERE projects.id=32), 1, 1211, 32, 36);
INSERT INTO orders (order_id, created_at, delivery_id, payment_id, supporting_project_id) VALUES (1211, (SELECT projects.start_date + INTERVAL 22 DAY FROM projects WHERE projects.id=32), 1, 1211, 1211);
INSERT INTO supporting_packages(id, option_list, package_count, order_id, project_package_id, supporting_project_id) VALUES (1211, '["원데이클래스"]', 7, 1211, 32, 1211);
INSERT INTO supporting_projects(supporting_project_id, supported_at, delivery_id, payment_id, project_id, user_id) VALUES (1212, (SELECT projects.start_date + INTERVAL 47 DAY FROM projects WHERE projects.id=32), 1, 1212, 32, 14);
INSERT INTO orders (order_id, created_at, delivery_id, payment_id, supporting_project_id) VALUES (1212, (SELECT projects.start_date + INTERVAL 47 DAY FROM projects WHERE projects.id=32), 1, 1212, 1212);
INSERT INTO supporting_packages(id, option_list, package_count, order_id, project_package_id, supporting_project_id) VALUES (1212, '["중급 클래스"]', 10, 1212, 32, 1212);
INSERT INTO supporting_projects(supporting_project_id, supported_at, delivery_id, payment_id, project_id, user_id) VALUES (1213, (SELECT projects.start_date + INTERVAL 23 DAY FROM projects WHERE projects.id=32), 1, 1213, 32, 29);
INSERT INTO orders (order_id, created_at, delivery_id, payment_id, supporting_project_id) VALUES (1213, (SELECT projects.start_date + INTERVAL 23 DAY FROM projects WHERE projects.id=32), 1, 1213, 1213);
INSERT INTO supporting_packages(id, option_list, package_count, order_id, project_package_id, supporting_project_id) VALUES (1213, '["중급 클래스"]', 3, 1213, 32, 1213);
INSERT INTO supporting_projects(supporting_project_id, supported_at, delivery_id, payment_id, project_id, user_id) VALUES (1214, (SELECT projects.start_date + INTERVAL 42 DAY FROM projects WHERE projects.id=32), 1, 1214, 32, 21);
INSERT INTO orders (order_id, created_at, delivery_id, payment_id, supporting_project_id) VALUES (1214, (SELECT projects.start_date + INTERVAL 42 DAY FROM projects WHERE projects.id=32), 1, 1214, 1214);
INSERT INTO supporting_packages(id, option_list, package_count, order_id, project_package_id, supporting_project_id) VALUES (1214, '["원데이클래스"]', 4, 1214, 32, 1214);
INSERT INTO supporting_projects(supporting_project_id, supported_at, delivery_id, payment_id, project_id, user_id) VALUES (1215, (SELECT projects.start_date + INTERVAL 19 DAY FROM projects WHERE projects.id=32), 1, 1215, 32, 21);
INSERT INTO orders (order_id, created_at, delivery_id, payment_id, supporting_project_id) VALUES (1215, (SELECT projects.start_date + INTERVAL 19 DAY FROM projects WHERE projects.id=32), 1, 1215, 1215);
INSERT INTO supporting_packages(id, option_list, package_count, order_id, project_package_id, supporting_project_id) VALUES (1215, '["중급 클래스"]', 7, 1215, 32, 1215);
INSERT INTO supporting_projects(supporting_project_id, supported_at, delivery_id, payment_id, project_id, user_id) VALUES (1216, (SELECT projects.start_date + INTERVAL 32 DAY FROM projects WHERE projects.id=32), 1, 1216, 32, 6);
INSERT INTO orders (order_id, created_at, delivery_id, payment_id, supporting_project_id) VALUES (1216, (SELECT projects.start_date + INTERVAL 32 DAY FROM projects WHERE projects.id=32), 1, 1216, 1216);
INSERT INTO supporting_packages(id, option_list, package_count, order_id, project_package_id, supporting_project_id) VALUES (1216, '["원데이클래스"]', 4, 1216, 32, 1216);
INSERT INTO supporting_projects(supporting_project_id, supported_at, delivery_id, payment_id, project_id, user_id) VALUES (1217, (SELECT projects.start_date + INTERVAL 11 DAY FROM projects WHERE projects.id=32), 1, 1217, 32, 29);
INSERT INTO orders (order_id, created_at, delivery_id, payment_id, supporting_project_id) VALUES (1217, (SELECT projects.start_date + INTERVAL 11 DAY FROM projects WHERE projects.id=32), 1, 1217, 1217);
INSERT INTO supporting_packages(id, option_list, package_count, order_id, project_package_id, supporting_project_id) VALUES (1217, '["중급 클래스"]', 5, 1217, 32, 1217);
INSERT INTO supporting_projects(supporting_project_id, supported_at, delivery_id, payment_id, project_id, user_id) VALUES (1218, (SELECT projects.start_date + INTERVAL 27 DAY FROM projects WHERE projects.id=32), 1, 1218, 32, 12);
INSERT INTO orders (order_id, created_at, delivery_id, payment_id, supporting_project_id) VALUES (1218, (SELECT projects.start_date + INTERVAL 27 DAY FROM projects WHERE projects.id=32), 1, 1218, 1218);
INSERT INTO supporting_packages(id, option_list, package_count, order_id, project_package_id, supporting_project_id) VALUES (1218, '["원데이클래스"]', 5, 1218, 32, 1218);
INSERT INTO supporting_projects(supporting_project_id, supported_at, delivery_id, payment_id, project_id, user_id) VALUES (1219, (SELECT projects.start_date + INTERVAL 41 DAY FROM projects WHERE projects.id=32), 1, 1219, 32, 12);
INSERT INTO orders (order_id, created_at, delivery_id, payment_id, supporting_project_id) VALUES (1219, (SELECT projects.start_date + INTERVAL 41 DAY FROM projects WHERE projects.id=32), 1, 1219, 1219);
INSERT INTO supporting_packages(id, option_list, package_count, order_id, project_package_id, supporting_project_id) VALUES (1219, '["중급 클래스"]', 2, 1219, 32, 1219);
INSERT INTO supporting_projects(supporting_project_id, supported_at, delivery_id, payment_id, project_id, user_id) VALUES (1220, (SELECT projects.start_date + INTERVAL 46 DAY FROM projects WHERE projects.id=32), 1, 1220, 32, 15);
INSERT INTO orders (order_id, created_at, delivery_id, payment_id, supporting_project_id) VALUES (1220, (SELECT projects.start_date + INTERVAL 46 DAY FROM projects WHERE projects.id=32), 1, 1220, 1220);
INSERT INTO supporting_packages(id, option_list, package_count, order_id, project_package_id, supporting_project_id) VALUES (1220, '["원데이클래스"]', 3, 1220, 32, 1220);
INSERT INTO supporting_projects(supporting_project_id, supported_at, delivery_id, payment_id, project_id, user_id) VALUES (1221, (SELECT projects.start_date + INTERVAL 28 DAY FROM projects WHERE projects.id=32), 1, 1221, 32, 25);
INSERT INTO orders (order_id, created_at, delivery_id, payment_id, supporting_project_id) VALUES (1221, (SELECT projects.start_date + INTERVAL 28 DAY FROM projects WHERE projects.id=32), 1, 1221, 1221);
INSERT INTO supporting_packages(id, option_list, package_count, order_id, project_package_id, supporting_project_id) VALUES (1221, '["프로페셔널 클래스"]', 1, 1221, 32, 1221);
INSERT INTO supporting_projects(supporting_project_id, supported_at, delivery_id, payment_id, project_id, user_id) VALUES (1222, (SELECT projects.start_date + INTERVAL 16 DAY FROM projects WHERE projects.id=32), 1, 1222, 32, 29);
INSERT INTO orders (order_id, created_at, delivery_id, payment_id, supporting_project_id) VALUES (1222, (SELECT projects.start_date + INTERVAL 16 DAY FROM projects WHERE projects.id=32), 1, 1222, 1222);
INSERT INTO supporting_packages(id, option_list, package_count, order_id, project_package_id, supporting_project_id) VALUES (1222, '["중급 클래스"]', 7, 1222, 32, 1222);
INSERT INTO supporting_projects(supporting_project_id, supported_at, delivery_id, payment_id, project_id, user_id) VALUES (1223, (SELECT projects.start_date + INTERVAL 40 DAY FROM projects WHERE projects.id=32), 1, 1223, 32, 9);
INSERT INTO orders (order_id, created_at, delivery_id, payment_id, supporting_project_id) VALUES (1223, (SELECT projects.start_date + INTERVAL 40 DAY FROM projects WHERE projects.id=32), 1, 1223, 1223);
INSERT INTO supporting_packages(id, option_list, package_count, order_id, project_package_id, supporting_project_id) VALUES (1223, '["프로페셔널 클래스"]', 9, 1223, 32, 1223);
INSERT INTO supporting_projects(supporting_project_id, supported_at, delivery_id, payment_id, project_id, user_id) VALUES (1224, (SELECT projects.start_date + INTERVAL 20 DAY FROM projects WHERE projects.id=32), 1, 1224, 32, 10);
INSERT INTO orders (order_id, created_at, delivery_id, payment_id, supporting_project_id) VALUES (1224, (SELECT projects.start_date + INTERVAL 20 DAY FROM projects WHERE projects.id=32), 1, 1224, 1224);
INSERT INTO supporting_packages(id, option_list, package_count, order_id, project_package_id, supporting_project_id) VALUES (1224, '["원데이클래스"]', 7, 1224, 32, 1224);
INSERT INTO supporting_projects(supporting_project_id, supported_at, delivery_id, payment_id, project_id, user_id) VALUES (1225, (SELECT projects.start_date + INTERVAL 39 DAY FROM projects WHERE projects.id=32), 1, 1225, 32, 14);
INSERT INTO orders (order_id, created_at, delivery_id, payment_id, supporting_project_id) VALUES (1225, (SELECT projects.start_date + INTERVAL 39 DAY FROM projects WHERE projects.id=32), 1, 1225, 1225);
INSERT INTO supporting_packages(id, option_list, package_count, order_id, project_package_id, supporting_project_id) VALUES (1225, '["프로페셔널 클래스"]', 4, 1225, 32, 1225);
INSERT INTO supporting_projects(supporting_project_id, supported_at, delivery_id, payment_id, project_id, user_id) VALUES (1226, (SELECT projects.start_date + INTERVAL 17 DAY FROM projects WHERE projects.id=32), 1, 1226, 32, 7);
INSERT INTO orders (order_id, created_at, delivery_id, payment_id, supporting_project_id) VALUES (1226, (SELECT projects.start_date + INTERVAL 17 DAY FROM projects WHERE projects.id=32), 1, 1226, 1226);
INSERT INTO supporting_packages(id, option_list, package_count, order_id, project_package_id, supporting_project_id) VALUES (1226, '["프로페셔널 클래스"]', 9, 1226, 32, 1226);
INSERT INTO supporting_projects(supporting_project_id, supported_at, delivery_id, payment_id, project_id, user_id) VALUES (1227, (SELECT projects.start_date + INTERVAL 23 DAY FROM projects WHERE projects.id=32), 1, 1227, 32, 23);
INSERT INTO orders (order_id, created_at, delivery_id, payment_id, supporting_project_id) VALUES (1227, (SELECT projects.start_date + INTERVAL 23 DAY FROM projects WHERE projects.id=32), 1, 1227, 1227);
INSERT INTO supporting_packages(id, option_list, package_count, order_id, project_package_id, supporting_project_id) VALUES (1227, '["원데이클래스"]', 3, 1227, 32, 1227);
INSERT INTO supporting_projects(supporting_project_id, supported_at, delivery_id, payment_id, project_id, user_id) VALUES (1228, (SELECT projects.start_date + INTERVAL 2 DAY FROM projects WHERE projects.id=32), 1, 1228, 32, 28);
INSERT INTO orders (order_id, created_at, delivery_id, payment_id, supporting_project_id) VALUES (1228, (SELECT projects.start_date + INTERVAL 2 DAY FROM projects WHERE projects.id=32), 1, 1228, 1228);
INSERT INTO supporting_packages(id, option_list, package_count, order_id, project_package_id, supporting_project_id) VALUES (1228, '["프로페셔널 클래스"]', 10, 1228, 32, 1228);
INSERT INTO supporting_projects(supporting_project_id, supported_at, delivery_id, payment_id, project_id, user_id) VALUES (1229, (SELECT projects.start_date + INTERVAL 5 DAY FROM projects WHERE projects.id=32), 1, 1229, 32, 14);
INSERT INTO orders (order_id, created_at, delivery_id, payment_id, supporting_project_id) VALUES (1229, (SELECT projects.start_date + INTERVAL 5 DAY FROM projects WHERE projects.id=32), 1, 1229, 1229);
INSERT INTO supporting_packages(id, option_list, package_count, order_id, project_package_id, supporting_project_id) VALUES (1229, '["중급 클래스"]', 8, 1229, 32, 1229);
INSERT INTO supporting_projects(supporting_project_id, supported_at, delivery_id, payment_id, project_id, user_id) VALUES (1230, (SELECT projects.start_date + INTERVAL 15 DAY FROM projects WHERE projects.id=32), 1, 1230, 32, 40);
INSERT INTO orders (order_id, created_at, delivery_id, payment_id, supporting_project_id) VALUES (1230, (SELECT projects.start_date + INTERVAL 15 DAY FROM projects WHERE projects.id=32), 1, 1230, 1230);
INSERT INTO supporting_packages(id, option_list, package_count, order_id, project_package_id, supporting_project_id) VALUES (1230, '["프로페셔널 클래스"]', 5, 1230, 32, 1230);
INSERT INTO supporting_projects(supporting_project_id, supported_at, delivery_id, payment_id, project_id, user_id) VALUES (1231, (SELECT projects.start_date + INTERVAL 13 DAY FROM projects WHERE projects.id=32), 1, 1231, 32, 12);
INSERT INTO orders (order_id, created_at, delivery_id, payment_id, supporting_project_id) VALUES (1231, (SELECT projects.start_date + INTERVAL 13 DAY FROM projects WHERE projects.id=32), 1, 1231, 1231);
INSERT INTO supporting_packages(id, option_list, package_count, order_id, project_package_id, supporting_project_id) VALUES (1231, '["프로페셔널 클래스"]', 5, 1231, 32, 1231);
INSERT INTO supporting_projects(supporting_project_id, supported_at, delivery_id, payment_id, project_id, user_id) VALUES (1232, (SELECT projects.start_date + INTERVAL 17 DAY FROM projects WHERE projects.id=32), 1, 1232, 32, 35);
INSERT INTO orders (order_id, created_at, delivery_id, payment_id, supporting_project_id) VALUES (1232, (SELECT projects.start_date + INTERVAL 17 DAY FROM projects WHERE projects.id=32), 1, 1232, 1232);
INSERT INTO supporting_packages(id, option_list, package_count, order_id, project_package_id, supporting_project_id) VALUES (1232, '["중급 클래스"]', 1, 1232, 32, 1232);
INSERT INTO supporting_projects(supporting_project_id, supported_at, delivery_id, payment_id, project_id, user_id) VALUES (1233, (SELECT projects.start_date + INTERVAL 30 DAY FROM projects WHERE projects.id=32), 1, 1233, 32, 27);
INSERT INTO orders (order_id, created_at, delivery_id, payment_id, supporting_project_id) VALUES (1233, (SELECT projects.start_date + INTERVAL 30 DAY FROM projects WHERE projects.id=32), 1, 1233, 1233);
INSERT INTO supporting_packages(id, option_list, package_count, order_id, project_package_id, supporting_project_id) VALUES (1233, '["원데이클래스"]', 6, 1233, 32, 1233);
INSERT INTO supporting_projects(supporting_project_id, supported_at, delivery_id, payment_id, project_id, user_id) VALUES (1234, (SELECT projects.start_date + INTERVAL 45 DAY FROM projects WHERE projects.id=32), 1, 1234, 32, 36);
INSERT INTO orders (order_id, created_at, delivery_id, payment_id, supporting_project_id) VALUES (1234, (SELECT projects.start_date + INTERVAL 45 DAY FROM projects WHERE projects.id=32), 1, 1234, 1234);
INSERT INTO supporting_packages(id, option_list, package_count, order_id, project_package_id, supporting_project_id) VALUES (1234, '["원데이클래스"]', 1, 1234, 32, 1234);
INSERT INTO supporting_projects(supporting_project_id, supported_at, delivery_id, payment_id, project_id, user_id) VALUES (1235, (SELECT projects.start_date + INTERVAL 38 DAY FROM projects WHERE projects.id=32), 1, 1235, 32, 17);
INSERT INTO orders (order_id, created_at, delivery_id, payment_id, supporting_project_id) VALUES (1235, (SELECT projects.start_date + INTERVAL 38 DAY FROM projects WHERE projects.id=32), 1, 1235, 1235);
INSERT INTO supporting_packages(id, option_list, package_count, order_id, project_package_id, supporting_project_id) VALUES (1235, '["프로페셔널 클래스"]', 1, 1235, 32, 1235);
INSERT INTO supporting_projects(supporting_project_id, supported_at, delivery_id, payment_id, project_id, user_id) VALUES (1236, (SELECT projects.start_date + INTERVAL 36 DAY FROM projects WHERE projects.id=32), 1, 1236, 32, 24);
INSERT INTO orders (order_id, created_at, delivery_id, payment_id, supporting_project_id) VALUES (1236, (SELECT projects.start_date + INTERVAL 36 DAY FROM projects WHERE projects.id=32), 1, 1236, 1236);
INSERT INTO supporting_packages(id, option_list, package_count, order_id, project_package_id, supporting_project_id) VALUES (1236, '["프로페셔널 클래스"]', 10, 1236, 32, 1236);
INSERT INTO supporting_projects(supporting_project_id, supported_at, delivery_id, payment_id, project_id, user_id) VALUES (1237, (SELECT projects.start_date + INTERVAL 24 DAY FROM projects WHERE projects.id=32), 1, 1237, 32, 13);
INSERT INTO orders (order_id, created_at, delivery_id, payment_id, supporting_project_id) VALUES (1237, (SELECT projects.start_date + INTERVAL 24 DAY FROM projects WHERE projects.id=32), 1, 1237, 1237);
INSERT INTO supporting_packages(id, option_list, package_count, order_id, project_package_id, supporting_project_id) VALUES (1237, '["중급 클래스"]', 4, 1237, 32, 1237);
INSERT INTO supporting_projects(supporting_project_id, supported_at, delivery_id, payment_id, project_id, user_id) VALUES (1238, (SELECT projects.start_date + INTERVAL 7 DAY FROM projects WHERE projects.id=32), 1, 1238, 32, 39);
INSERT INTO orders (order_id, created_at, delivery_id, payment_id, supporting_project_id) VALUES (1238, (SELECT projects.start_date + INTERVAL 7 DAY FROM projects WHERE projects.id=32), 1, 1238, 1238);
INSERT INTO supporting_packages(id, option_list, package_count, order_id, project_package_id, supporting_project_id) VALUES (1238, '["프로페셔널 클래스"]', 4, 1238, 32, 1238);
INSERT INTO supporting_projects(supporting_project_id, supported_at, delivery_id, payment_id, project_id, user_id) VALUES (1239, (SELECT projects.start_date + INTERVAL 23 DAY FROM projects WHERE projects.id=32), 1, 1239, 32, 11);
INSERT INTO orders (order_id, created_at, delivery_id, payment_id, supporting_project_id) VALUES (1239, (SELECT projects.start_date + INTERVAL 23 DAY FROM projects WHERE projects.id=32), 1, 1239, 1239);
INSERT INTO supporting_packages(id, option_list, package_count, order_id, project_package_id, supporting_project_id) VALUES (1239, '["중급 클래스"]', 1, 1239, 32, 1239);
INSERT INTO supporting_projects(supporting_project_id, supported_at, delivery_id, payment_id, project_id, user_id) VALUES (1240, (SELECT projects.start_date + INTERVAL 40 DAY FROM projects WHERE projects.id=32), 1, 1240, 32, 13);
INSERT INTO orders (order_id, created_at, delivery_id, payment_id, supporting_project_id) VALUES (1240, (SELECT projects.start_date + INTERVAL 40 DAY FROM projects WHERE projects.id=32), 1, 1240, 1240);
INSERT INTO supporting_packages(id, option_list, package_count, order_id, project_package_id, supporting_project_id) VALUES (1240, '["원데이클래스"]', 4, 1240, 32, 1240);
INSERT INTO supporting_projects(supporting_project_id, supported_at, delivery_id, payment_id, project_id, user_id) VALUES (1241, (SELECT projects.start_date + INTERVAL 15 DAY FROM projects WHERE projects.id=32), 1, 1241, 32, 30);
INSERT INTO orders (order_id, created_at, delivery_id, payment_id, supporting_project_id) VALUES (1241, (SELECT projects.start_date + INTERVAL 15 DAY FROM projects WHERE projects.id=32), 1, 1241, 1241);
INSERT INTO supporting_packages(id, option_list, package_count, order_id, project_package_id, supporting_project_id) VALUES (1241, '["프로페셔널 클래스"]', 9, 1241, 32, 1241);
INSERT INTO supporting_projects(supporting_project_id, supported_at, delivery_id, payment_id, project_id, user_id) VALUES (1242, (SELECT projects.start_date + INTERVAL 31 DAY FROM projects WHERE projects.id=32), 1, 1242, 32, 17);
INSERT INTO orders (order_id, created_at, delivery_id, payment_id, supporting_project_id) VALUES (1242, (SELECT projects.start_date + INTERVAL 31 DAY FROM projects WHERE projects.id=32), 1, 1242, 1242);
INSERT INTO supporting_packages(id, option_list, package_count, order_id, project_package_id, supporting_project_id) VALUES (1242, '["중급 클래스"]', 5, 1242, 32, 1242);
INSERT INTO supporting_projects(supporting_project_id, supported_at, delivery_id, payment_id, project_id, user_id) VALUES (1243, (SELECT projects.start_date + INTERVAL 44 DAY FROM projects WHERE projects.id=32), 1, 1243, 32, 11);
INSERT INTO orders (order_id, created_at, delivery_id, payment_id, supporting_project_id) VALUES (1243, (SELECT projects.start_date + INTERVAL 44 DAY FROM projects WHERE projects.id=32), 1, 1243, 1243);
INSERT INTO supporting_packages(id, option_list, package_count, order_id, project_package_id, supporting_project_id) VALUES (1243, '["원데이클래스"]', 7, 1243, 32, 1243);
INSERT INTO supporting_projects(supporting_project_id, supported_at, delivery_id, payment_id, project_id, user_id) VALUES (1244, (SELECT projects.start_date + INTERVAL 45 DAY FROM projects WHERE projects.id=32), 1, 1244, 32, 38);
INSERT INTO orders (order_id, created_at, delivery_id, payment_id, supporting_project_id) VALUES (1244, (SELECT projects.start_date + INTERVAL 45 DAY FROM projects WHERE projects.id=32), 1, 1244, 1244);
INSERT INTO supporting_packages(id, option_list, package_count, order_id, project_package_id, supporting_project_id) VALUES (1244, '["중급 클래스"]', 3, 1244, 32, 1244);
INSERT INTO supporting_projects(supporting_project_id, supported_at, delivery_id, payment_id, project_id, user_id) VALUES (1245, (SELECT projects.start_date + INTERVAL 22 DAY FROM projects WHERE projects.id=32), 1, 1245, 32, 3);
INSERT INTO orders (order_id, created_at, delivery_id, payment_id, supporting_project_id) VALUES (1245, (SELECT projects.start_date + INTERVAL 22 DAY FROM projects WHERE projects.id=32), 1, 1245, 1245);
INSERT INTO supporting_packages(id, option_list, package_count, order_id, project_package_id, supporting_project_id) VALUES (1245, '["중급 클래스"]', 3, 1245, 32, 1245);
INSERT INTO supporting_projects(supporting_project_id, supported_at, delivery_id, payment_id, project_id, user_id) VALUES (1246, (SELECT projects.start_date + INTERVAL 40 DAY FROM projects WHERE projects.id=32), 1, 1246, 32, 39);
INSERT INTO orders (order_id, created_at, delivery_id, payment_id, supporting_project_id) VALUES (1246, (SELECT projects.start_date + INTERVAL 40 DAY FROM projects WHERE projects.id=32), 1, 1246, 1246);
INSERT INTO supporting_packages(id, option_list, package_count, order_id, project_package_id, supporting_project_id) VALUES (1246, '["중급 클래스"]', 4, 1246, 32, 1246);
INSERT INTO supporting_projects(supporting_project_id, supported_at, delivery_id, payment_id, project_id, user_id) VALUES (1247, (SELECT projects.start_date + INTERVAL 43 DAY FROM projects WHERE projects.id=32), 1, 1247, 32, 32);
INSERT INTO orders (order_id, created_at, delivery_id, payment_id, supporting_project_id) VALUES (1247, (SELECT projects.start_date + INTERVAL 43 DAY FROM projects WHERE projects.id=32), 1, 1247, 1247);
INSERT INTO supporting_packages(id, option_list, package_count, order_id, project_package_id, supporting_project_id) VALUES (1247, '["원데이클래스"]', 1, 1247, 32, 1247);
INSERT INTO supporting_projects(supporting_project_id, supported_at, delivery_id, payment_id, project_id, user_id) VALUES (1248, (SELECT projects.start_date + INTERVAL 50 DAY FROM projects WHERE projects.id=33), 1, 1248, 33, 11);
INSERT INTO orders (order_id, created_at, delivery_id, payment_id, supporting_project_id) VALUES (1248, (SELECT projects.start_date + INTERVAL 50 DAY FROM projects WHERE projects.id=33), 1, 1248, 1248);
INSERT INTO supporting_packages(id, option_list, package_count, order_id, project_package_id, supporting_project_id) VALUES (1248, '["스페셜"]', 4, 1248, 33, 1248);
INSERT INTO supporting_projects(supporting_project_id, supported_at, delivery_id, payment_id, project_id, user_id) VALUES (1249, (SELECT projects.start_date + INTERVAL 44 DAY FROM projects WHERE projects.id=33), 1, 1249, 33, 26);
INSERT INTO orders (order_id, created_at, delivery_id, payment_id, supporting_project_id) VALUES (1249, (SELECT projects.start_date + INTERVAL 44 DAY FROM projects WHERE projects.id=33), 1, 1249, 1249);
INSERT INTO supporting_packages(id, option_list, package_count, order_id, project_package_id, supporting_project_id) VALUES (1249, '["프리미엄"]', 4, 1249, 33, 1249);
INSERT INTO supporting_projects(supporting_project_id, supported_at, delivery_id, payment_id, project_id, user_id) VALUES (1250, (SELECT projects.start_date + INTERVAL 7 DAY FROM projects WHERE projects.id=33), 1, 1250, 33, 23);
INSERT INTO orders (order_id, created_at, delivery_id, payment_id, supporting_project_id) VALUES (1250, (SELECT projects.start_date + INTERVAL 7 DAY FROM projects WHERE projects.id=33), 1, 1250, 1250);
INSERT INTO supporting_packages(id, option_list, package_count, order_id, project_package_id, supporting_project_id) VALUES (1250, '["스페셜"]', 10, 1250, 33, 1250);
INSERT INTO supporting_projects(supporting_project_id, supported_at, delivery_id, payment_id, project_id, user_id) VALUES (1251, (SELECT projects.start_date + INTERVAL 17 DAY FROM projects WHERE projects.id=33), 1, 1251, 33, 25);
INSERT INTO orders (order_id, created_at, delivery_id, payment_id, supporting_project_id) VALUES (1251, (SELECT projects.start_date + INTERVAL 17 DAY FROM projects WHERE projects.id=33), 1, 1251, 1251);
INSERT INTO supporting_packages(id, option_list, package_count, order_id, project_package_id, supporting_project_id) VALUES (1251, '["프리미엄"]', 1, 1251, 33, 1251);
INSERT INTO supporting_projects(supporting_project_id, supported_at, delivery_id, payment_id, project_id, user_id) VALUES (1252, (SELECT projects.start_date + INTERVAL 27 DAY FROM projects WHERE projects.id=33), 1, 1252, 33, 35);
INSERT INTO orders (order_id, created_at, delivery_id, payment_id, supporting_project_id) VALUES (1252, (SELECT projects.start_date + INTERVAL 27 DAY FROM projects WHERE projects.id=33), 1, 1252, 1252);
INSERT INTO supporting_packages(id, option_list, package_count, order_id, project_package_id, supporting_project_id) VALUES (1252, '["프리미엄"]', 8, 1252, 33, 1252);
INSERT INTO supporting_projects(supporting_project_id, supported_at, delivery_id, payment_id, project_id, user_id) VALUES (1253, (SELECT projects.start_date + INTERVAL 25 DAY FROM projects WHERE projects.id=33), 1, 1253, 33, 17);
INSERT INTO orders (order_id, created_at, delivery_id, payment_id, supporting_project_id) VALUES (1253, (SELECT projects.start_date + INTERVAL 25 DAY FROM projects WHERE projects.id=33), 1, 1253, 1253);
INSERT INTO supporting_packages(id, option_list, package_count, order_id, project_package_id, supporting_project_id) VALUES (1253, '["스페셜"]', 6, 1253, 33, 1253);
INSERT INTO supporting_projects(supporting_project_id, supported_at, delivery_id, payment_id, project_id, user_id) VALUES (1254, (SELECT projects.start_date + INTERVAL 39 DAY FROM projects WHERE projects.id=33), 1, 1254, 33, 30);
INSERT INTO orders (order_id, created_at, delivery_id, payment_id, supporting_project_id) VALUES (1254, (SELECT projects.start_date + INTERVAL 39 DAY FROM projects WHERE projects.id=33), 1, 1254, 1254);
INSERT INTO supporting_packages(id, option_list, package_count, order_id, project_package_id, supporting_project_id) VALUES (1254, '["스페셜"]', 2, 1254, 33, 1254);
INSERT INTO supporting_projects(supporting_project_id, supported_at, delivery_id, payment_id, project_id, user_id) VALUES (1255, (SELECT projects.start_date + INTERVAL 11 DAY FROM projects WHERE projects.id=33), 1, 1255, 33, 27);
INSERT INTO orders (order_id, created_at, delivery_id, payment_id, supporting_project_id) VALUES (1255, (SELECT projects.start_date + INTERVAL 11 DAY FROM projects WHERE projects.id=33), 1, 1255, 1255);
INSERT INTO supporting_packages(id, option_list, package_count, order_id, project_package_id, supporting_project_id) VALUES (1255, '["기본"]', 1, 1255, 33, 1255);
INSERT INTO supporting_projects(supporting_project_id, supported_at, delivery_id, payment_id, project_id, user_id) VALUES (1256, (SELECT projects.start_date + INTERVAL 49 DAY FROM projects WHERE projects.id=33), 1, 1256, 33, 30);
INSERT INTO orders (order_id, created_at, delivery_id, payment_id, supporting_project_id) VALUES (1256, (SELECT projects.start_date + INTERVAL 49 DAY FROM projects WHERE projects.id=33), 1, 1256, 1256);
INSERT INTO supporting_packages(id, option_list, package_count, order_id, project_package_id, supporting_project_id) VALUES (1256, '["스페셜"]', 10, 1256, 33, 1256);
INSERT INTO supporting_projects(supporting_project_id, supported_at, delivery_id, payment_id, project_id, user_id) VALUES (1257, (SELECT projects.start_date + INTERVAL 39 DAY FROM projects WHERE projects.id=33), 1, 1257, 33, 1);
INSERT INTO orders (order_id, created_at, delivery_id, payment_id, supporting_project_id) VALUES (1257, (SELECT projects.start_date + INTERVAL 39 DAY FROM projects WHERE projects.id=33), 1, 1257, 1257);
INSERT INTO supporting_packages(id, option_list, package_count, order_id, project_package_id, supporting_project_id) VALUES (1257, '["스페셜"]', 4, 1257, 33, 1257);
INSERT INTO supporting_projects(supporting_project_id, supported_at, delivery_id, payment_id, project_id, user_id) VALUES (1258, (SELECT projects.start_date + INTERVAL 13 DAY FROM projects WHERE projects.id=33), 1, 1258, 33, 18);
INSERT INTO orders (order_id, created_at, delivery_id, payment_id, supporting_project_id) VALUES (1258, (SELECT projects.start_date + INTERVAL 13 DAY FROM projects WHERE projects.id=33), 1, 1258, 1258);
INSERT INTO supporting_packages(id, option_list, package_count, order_id, project_package_id, supporting_project_id) VALUES (1258, '["기본"]', 7, 1258, 33, 1258);
INSERT INTO supporting_projects(supporting_project_id, supported_at, delivery_id, payment_id, project_id, user_id) VALUES (1259, (SELECT projects.start_date + INTERVAL 22 DAY FROM projects WHERE projects.id=33), 1, 1259, 33, 3);
INSERT INTO orders (order_id, created_at, delivery_id, payment_id, supporting_project_id) VALUES (1259, (SELECT projects.start_date + INTERVAL 22 DAY FROM projects WHERE projects.id=33), 1, 1259, 1259);
INSERT INTO supporting_packages(id, option_list, package_count, order_id, project_package_id, supporting_project_id) VALUES (1259, '["스페셜"]', 6, 1259, 33, 1259);
INSERT INTO supporting_projects(supporting_project_id, supported_at, delivery_id, payment_id, project_id, user_id) VALUES (1260, (SELECT projects.start_date + INTERVAL 36 DAY FROM projects WHERE projects.id=35), 1, 1260, 35, 6);
INSERT INTO orders (order_id, created_at, delivery_id, payment_id, supporting_project_id) VALUES (1260, (SELECT projects.start_date + INTERVAL 36 DAY FROM projects WHERE projects.id=35), 1, 1260, 1260);
INSERT INTO supporting_packages(id, option_list, package_count, order_id, project_package_id, supporting_project_id) VALUES (1260, '["전통"]', 2, 1260, 35, 1260);
INSERT INTO supporting_projects(supporting_project_id, supported_at, delivery_id, payment_id, project_id, user_id) VALUES (1261, (SELECT projects.start_date + INTERVAL 25 DAY FROM projects WHERE projects.id=35), 1, 1261, 35, 26);
INSERT INTO orders (order_id, created_at, delivery_id, payment_id, supporting_project_id) VALUES (1261, (SELECT projects.start_date + INTERVAL 25 DAY FROM projects WHERE projects.id=35), 1, 1261, 1261);
INSERT INTO supporting_packages(id, option_list, package_count, order_id, project_package_id, supporting_project_id) VALUES (1261, '["퓨전"]', 6, 1261, 35, 1261);
INSERT INTO supporting_projects(supporting_project_id, supported_at, delivery_id, payment_id, project_id, user_id) VALUES (1262, (SELECT projects.start_date + INTERVAL 42 DAY FROM projects WHERE projects.id=35), 1, 1262, 35, 32);
INSERT INTO orders (order_id, created_at, delivery_id, payment_id, supporting_project_id) VALUES (1262, (SELECT projects.start_date + INTERVAL 42 DAY FROM projects WHERE projects.id=35), 1, 1262, 1262);
INSERT INTO supporting_packages(id, option_list, package_count, order_id, project_package_id, supporting_project_id) VALUES (1262, '["퓨전"]', 3, 1262, 35, 1262);
INSERT INTO supporting_projects(supporting_project_id, supported_at, delivery_id, payment_id, project_id, user_id) VALUES (1263, (SELECT projects.start_date + INTERVAL 6 DAY FROM projects WHERE projects.id=35), 1, 1263, 35, 27);
INSERT INTO orders (order_id, created_at, delivery_id, payment_id, supporting_project_id) VALUES (1263, (SELECT projects.start_date + INTERVAL 6 DAY FROM projects WHERE projects.id=35), 1, 1263, 1263);
INSERT INTO supporting_packages(id, option_list, package_count, order_id, project_package_id, supporting_project_id) VALUES (1263, '["퓨전"]', 6, 1263, 35, 1263);
INSERT INTO supporting_projects(supporting_project_id, supported_at, delivery_id, payment_id, project_id, user_id) VALUES (1264, (SELECT projects.start_date + INTERVAL 23 DAY FROM projects WHERE projects.id=35), 1, 1264, 35, 29);
INSERT INTO orders (order_id, created_at, delivery_id, payment_id, supporting_project_id) VALUES (1264, (SELECT projects.start_date + INTERVAL 23 DAY FROM projects WHERE projects.id=35), 1, 1264, 1264);
INSERT INTO supporting_packages(id, option_list, package_count, order_id, project_package_id, supporting_project_id) VALUES (1264, '["전통"]', 10, 1264, 35, 1264);
INSERT INTO supporting_projects(supporting_project_id, supported_at, delivery_id, payment_id, project_id, user_id) VALUES (1265, (SELECT projects.start_date + INTERVAL 15 DAY FROM projects WHERE projects.id=35), 1, 1265, 35, 1);
INSERT INTO orders (order_id, created_at, delivery_id, payment_id, supporting_project_id) VALUES (1265, (SELECT projects.start_date + INTERVAL 15 DAY FROM projects WHERE projects.id=35), 1, 1265, 1265);
INSERT INTO supporting_packages(id, option_list, package_count, order_id, project_package_id, supporting_project_id) VALUES (1265, '["전통"]', 8, 1265, 35, 1265);
INSERT INTO supporting_projects(supporting_project_id, supported_at, delivery_id, payment_id, project_id, user_id) VALUES (1266, (SELECT projects.start_date + INTERVAL 36 DAY FROM projects WHERE projects.id=35), 1, 1266, 35, 30);
INSERT INTO orders (order_id, created_at, delivery_id, payment_id, supporting_project_id) VALUES (1266, (SELECT projects.start_date + INTERVAL 36 DAY FROM projects WHERE projects.id=35), 1, 1266, 1266);
INSERT INTO supporting_packages(id, option_list, package_count, order_id, project_package_id, supporting_project_id) VALUES (1266, '["전통"]', 8, 1266, 35, 1266);
INSERT INTO supporting_projects(supporting_project_id, supported_at, delivery_id, payment_id, project_id, user_id) VALUES (1267, (SELECT projects.start_date + INTERVAL 38 DAY FROM projects WHERE projects.id=35), 1, 1267, 35, 25);
INSERT INTO orders (order_id, created_at, delivery_id, payment_id, supporting_project_id) VALUES (1267, (SELECT projects.start_date + INTERVAL 38 DAY FROM projects WHERE projects.id=35), 1, 1267, 1267);
INSERT INTO supporting_packages(id, option_list, package_count, order_id, project_package_id, supporting_project_id) VALUES (1267, '["프리미엄"]', 8, 1267, 35, 1267);
INSERT INTO supporting_projects(supporting_project_id, supported_at, delivery_id, payment_id, project_id, user_id) VALUES (1268, (SELECT projects.start_date + INTERVAL 29 DAY FROM projects WHERE projects.id=35), 1, 1268, 35, 17);
INSERT INTO orders (order_id, created_at, delivery_id, payment_id, supporting_project_id) VALUES (1268, (SELECT projects.start_date + INTERVAL 29 DAY FROM projects WHERE projects.id=35), 1, 1268, 1268);
INSERT INTO supporting_packages(id, option_list, package_count, order_id, project_package_id, supporting_project_id) VALUES (1268, '["퓨전"]', 2, 1268, 35, 1268);
INSERT INTO supporting_projects(supporting_project_id, supported_at, delivery_id, payment_id, project_id, user_id) VALUES (1269, (SELECT projects.start_date + INTERVAL 22 DAY FROM projects WHERE projects.id=35), 1, 1269, 35, 8);
INSERT INTO orders (order_id, created_at, delivery_id, payment_id, supporting_project_id) VALUES (1269, (SELECT projects.start_date + INTERVAL 22 DAY FROM projects WHERE projects.id=35), 1, 1269, 1269);
INSERT INTO supporting_packages(id, option_list, package_count, order_id, project_package_id, supporting_project_id) VALUES (1269, '["프리미엄"]', 5, 1269, 35, 1269);
INSERT INTO supporting_projects(supporting_project_id, supported_at, delivery_id, payment_id, project_id, user_id) VALUES (1270, (SELECT projects.start_date + INTERVAL 9 DAY FROM projects WHERE projects.id=35), 1, 1270, 35, 22);
INSERT INTO orders (order_id, created_at, delivery_id, payment_id, supporting_project_id) VALUES (1270, (SELECT projects.start_date + INTERVAL 9 DAY FROM projects WHERE projects.id=35), 1, 1270, 1270);
INSERT INTO supporting_packages(id, option_list, package_count, order_id, project_package_id, supporting_project_id) VALUES (1270, '["퓨전"]', 6, 1270, 35, 1270);
INSERT INTO supporting_projects(supporting_project_id, supported_at, delivery_id, payment_id, project_id, user_id) VALUES (1271, (SELECT projects.start_date + INTERVAL 22 DAY FROM projects WHERE projects.id=35), 1, 1271, 35, 32);
INSERT INTO orders (order_id, created_at, delivery_id, payment_id, supporting_project_id) VALUES (1271, (SELECT projects.start_date + INTERVAL 22 DAY FROM projects WHERE projects.id=35), 1, 1271, 1271);
INSERT INTO supporting_packages(id, option_list, package_count, order_id, project_package_id, supporting_project_id) VALUES (1271, '["프리미엄"]', 8, 1271, 35, 1271);
INSERT INTO supporting_projects(supporting_project_id, supported_at, delivery_id, payment_id, project_id, user_id) VALUES (1272, (SELECT projects.start_date + INTERVAL 26 DAY FROM projects WHERE projects.id=35), 1, 1272, 35, 18);
INSERT INTO orders (order_id, created_at, delivery_id, payment_id, supporting_project_id) VALUES (1272, (SELECT projects.start_date + INTERVAL 26 DAY FROM projects WHERE projects.id=35), 1, 1272, 1272);
INSERT INTO supporting_packages(id, option_list, package_count, order_id, project_package_id, supporting_project_id) VALUES (1272, '["퓨전"]', 3, 1272, 35, 1272);
INSERT INTO supporting_projects(supporting_project_id, supported_at, delivery_id, payment_id, project_id, user_id) VALUES (1273, (SELECT projects.start_date + INTERVAL 48 DAY FROM projects WHERE projects.id=35), 1, 1273, 35, 11);
INSERT INTO orders (order_id, created_at, delivery_id, payment_id, supporting_project_id) VALUES (1273, (SELECT projects.start_date + INTERVAL 48 DAY FROM projects WHERE projects.id=35), 1, 1273, 1273);
INSERT INTO supporting_packages(id, option_list, package_count, order_id, project_package_id, supporting_project_id) VALUES (1273, '["프리미엄"]', 3, 1273, 35, 1273);
INSERT INTO supporting_projects(supporting_project_id, supported_at, delivery_id, payment_id, project_id, user_id) VALUES (1274, (SELECT projects.start_date + INTERVAL 16 DAY FROM projects WHERE projects.id=35), 1, 1274, 35, 6);
INSERT INTO orders (order_id, created_at, delivery_id, payment_id, supporting_project_id) VALUES (1274, (SELECT projects.start_date + INTERVAL 16 DAY FROM projects WHERE projects.id=35), 1, 1274, 1274);
INSERT INTO supporting_packages(id, option_list, package_count, order_id, project_package_id, supporting_project_id) VALUES (1274, '["프리미엄"]', 9, 1274, 35, 1274);
INSERT INTO supporting_projects(supporting_project_id, supported_at, delivery_id, payment_id, project_id, user_id) VALUES (1275, (SELECT projects.start_date + INTERVAL 5 DAY FROM projects WHERE projects.id=35), 1, 1275, 35, 20);
INSERT INTO orders (order_id, created_at, delivery_id, payment_id, supporting_project_id) VALUES (1275, (SELECT projects.start_date + INTERVAL 5 DAY FROM projects WHERE projects.id=35), 1, 1275, 1275);
INSERT INTO supporting_packages(id, option_list, package_count, order_id, project_package_id, supporting_project_id) VALUES (1275, '["프리미엄"]', 2, 1275, 35, 1275);
INSERT INTO supporting_projects(supporting_project_id, supported_at, delivery_id, payment_id, project_id, user_id) VALUES (1276, (SELECT projects.start_date + INTERVAL 46 DAY FROM projects WHERE projects.id=35), 1, 1276, 35, 29);
INSERT INTO orders (order_id, created_at, delivery_id, payment_id, supporting_project_id) VALUES (1276, (SELECT projects.start_date + INTERVAL 46 DAY FROM projects WHERE projects.id=35), 1, 1276, 1276);
INSERT INTO supporting_packages(id, option_list, package_count, order_id, project_package_id, supporting_project_id) VALUES (1276, '["프리미엄"]', 10, 1276, 35, 1276);
INSERT INTO supporting_projects(supporting_project_id, supported_at, delivery_id, payment_id, project_id, user_id) VALUES (1277, (SELECT projects.start_date + INTERVAL 22 DAY FROM projects WHERE projects.id=35), 1, 1277, 35, 2);
INSERT INTO orders (order_id, created_at, delivery_id, payment_id, supporting_project_id) VALUES (1277, (SELECT projects.start_date + INTERVAL 22 DAY FROM projects WHERE projects.id=35), 1, 1277, 1277);
INSERT INTO supporting_packages(id, option_list, package_count, order_id, project_package_id, supporting_project_id) VALUES (1277, '["전통"]', 2, 1277, 35, 1277);
INSERT INTO supporting_projects(supporting_project_id, supported_at, delivery_id, payment_id, project_id, user_id) VALUES (1278, (SELECT projects.start_date + INTERVAL 18 DAY FROM projects WHERE projects.id=35), 1, 1278, 35, 31);
INSERT INTO orders (order_id, created_at, delivery_id, payment_id, supporting_project_id) VALUES (1278, (SELECT projects.start_date + INTERVAL 18 DAY FROM projects WHERE projects.id=35), 1, 1278, 1278);
INSERT INTO supporting_packages(id, option_list, package_count, order_id, project_package_id, supporting_project_id) VALUES (1278, '["전통"]', 6, 1278, 35, 1278);
INSERT INTO supporting_projects(supporting_project_id, supported_at, delivery_id, payment_id, project_id, user_id) VALUES (1279, (SELECT projects.start_date + INTERVAL 12 DAY FROM projects WHERE projects.id=35), 1, 1279, 35, 24);
INSERT INTO orders (order_id, created_at, delivery_id, payment_id, supporting_project_id) VALUES (1279, (SELECT projects.start_date + INTERVAL 12 DAY FROM projects WHERE projects.id=35), 1, 1279, 1279);
INSERT INTO supporting_packages(id, option_list, package_count, order_id, project_package_id, supporting_project_id) VALUES (1279, '["퓨전"]', 6, 1279, 35, 1279);
INSERT INTO supporting_projects(supporting_project_id, supported_at, delivery_id, payment_id, project_id, user_id) VALUES (1280, (SELECT projects.start_date + INTERVAL 28 DAY FROM projects WHERE projects.id=35), 1, 1280, 35, 25);
INSERT INTO orders (order_id, created_at, delivery_id, payment_id, supporting_project_id) VALUES (1280, (SELECT projects.start_date + INTERVAL 28 DAY FROM projects WHERE projects.id=35), 1, 1280, 1280);
INSERT INTO supporting_packages(id, option_list, package_count, order_id, project_package_id, supporting_project_id) VALUES (1280, '["퓨전"]', 3, 1280, 35, 1280);
INSERT INTO supporting_projects(supporting_project_id, supported_at, delivery_id, payment_id, project_id, user_id) VALUES (1281, (SELECT projects.start_date + INTERVAL 50 DAY FROM projects WHERE projects.id=35), 1, 1281, 35, 22);
INSERT INTO orders (order_id, created_at, delivery_id, payment_id, supporting_project_id) VALUES (1281, (SELECT projects.start_date + INTERVAL 50 DAY FROM projects WHERE projects.id=35), 1, 1281, 1281);
INSERT INTO supporting_packages(id, option_list, package_count, order_id, project_package_id, supporting_project_id) VALUES (1281, '["퓨전"]', 8, 1281, 35, 1281);
INSERT INTO supporting_projects(supporting_project_id, supported_at, delivery_id, payment_id, project_id, user_id) VALUES (1282, (SELECT projects.start_date + INTERVAL 23 DAY FROM projects WHERE projects.id=35), 1, 1282, 35, 40);
INSERT INTO orders (order_id, created_at, delivery_id, payment_id, supporting_project_id) VALUES (1282, (SELECT projects.start_date + INTERVAL 23 DAY FROM projects WHERE projects.id=35), 1, 1282, 1282);
INSERT INTO supporting_packages(id, option_list, package_count, order_id, project_package_id, supporting_project_id) VALUES (1282, '["전통"]', 10, 1282, 35, 1282);
INSERT INTO supporting_projects(supporting_project_id, supported_at, delivery_id, payment_id, project_id, user_id) VALUES (1283, (SELECT projects.start_date + INTERVAL 22 DAY FROM projects WHERE projects.id=35), 1, 1283, 35, 37);
INSERT INTO orders (order_id, created_at, delivery_id, payment_id, supporting_project_id) VALUES (1283, (SELECT projects.start_date + INTERVAL 22 DAY FROM projects WHERE projects.id=35), 1, 1283, 1283);
INSERT INTO supporting_packages(id, option_list, package_count, order_id, project_package_id, supporting_project_id) VALUES (1283, '["프리미엄"]', 3, 1283, 35, 1283);
INSERT INTO supporting_projects(supporting_project_id, supported_at, delivery_id, payment_id, project_id, user_id) VALUES (1284, (SELECT projects.start_date + INTERVAL 36 DAY FROM projects WHERE projects.id=35), 1, 1284, 35, 11);
INSERT INTO orders (order_id, created_at, delivery_id, payment_id, supporting_project_id) VALUES (1284, (SELECT projects.start_date + INTERVAL 36 DAY FROM projects WHERE projects.id=35), 1, 1284, 1284);
INSERT INTO supporting_packages(id, option_list, package_count, order_id, project_package_id, supporting_project_id) VALUES (1284, '["퓨전"]', 8, 1284, 35, 1284);
INSERT INTO supporting_projects(supporting_project_id, supported_at, delivery_id, payment_id, project_id, user_id) VALUES (1285, (SELECT projects.start_date + INTERVAL 8 DAY FROM projects WHERE projects.id=35), 1, 1285, 35, 19);
INSERT INTO orders (order_id, created_at, delivery_id, payment_id, supporting_project_id) VALUES (1285, (SELECT projects.start_date + INTERVAL 8 DAY FROM projects WHERE projects.id=35), 1, 1285, 1285);
INSERT INTO supporting_packages(id, option_list, package_count, order_id, project_package_id, supporting_project_id) VALUES (1285, '["프리미엄"]', 5, 1285, 35, 1285);
INSERT INTO supporting_projects(supporting_project_id, supported_at, delivery_id, payment_id, project_id, user_id) VALUES (1286, (SELECT projects.start_date + INTERVAL 28 DAY FROM projects WHERE projects.id=35), 1, 1286, 35, 24);
INSERT INTO orders (order_id, created_at, delivery_id, payment_id, supporting_project_id) VALUES (1286, (SELECT projects.start_date + INTERVAL 28 DAY FROM projects WHERE projects.id=35), 1, 1286, 1286);
INSERT INTO supporting_packages(id, option_list, package_count, order_id, project_package_id, supporting_project_id) VALUES (1286, '["프리미엄"]', 2, 1286, 35, 1286);
INSERT INTO supporting_projects(supporting_project_id, supported_at, delivery_id, payment_id, project_id, user_id) VALUES (1287, (SELECT projects.start_date + INTERVAL 6 DAY FROM projects WHERE projects.id=35), 1, 1287, 35, 16);
INSERT INTO orders (order_id, created_at, delivery_id, payment_id, supporting_project_id) VALUES (1287, (SELECT projects.start_date + INTERVAL 6 DAY FROM projects WHERE projects.id=35), 1, 1287, 1287);
INSERT INTO supporting_packages(id, option_list, package_count, order_id, project_package_id, supporting_project_id) VALUES (1287, '["프리미엄"]', 7, 1287, 35, 1287);
INSERT INTO supporting_projects(supporting_project_id, supported_at, delivery_id, payment_id, project_id, user_id) VALUES (1288, (SELECT projects.start_date + INTERVAL 35 DAY FROM projects WHERE projects.id=35), 1, 1288, 35, 38);
INSERT INTO orders (order_id, created_at, delivery_id, payment_id, supporting_project_id) VALUES (1288, (SELECT projects.start_date + INTERVAL 35 DAY FROM projects WHERE projects.id=35), 1, 1288, 1288);
INSERT INTO supporting_packages(id, option_list, package_count, order_id, project_package_id, supporting_project_id) VALUES (1288, '["전통"]', 2, 1288, 35, 1288);
INSERT INTO supporting_projects(supporting_project_id, supported_at, delivery_id, payment_id, project_id, user_id) VALUES (1289, (SELECT projects.start_date + INTERVAL 17 DAY FROM projects WHERE projects.id=35), 1, 1289, 35, 16);
INSERT INTO orders (order_id, created_at, delivery_id, payment_id, supporting_project_id) VALUES (1289, (SELECT projects.start_date + INTERVAL 17 DAY FROM projects WHERE projects.id=35), 1, 1289, 1289);
INSERT INTO supporting_packages(id, option_list, package_count, order_id, project_package_id, supporting_project_id) VALUES (1289, '["퓨전"]', 5, 1289, 35, 1289);
INSERT INTO supporting_projects(supporting_project_id, supported_at, delivery_id, payment_id, project_id, user_id) VALUES (1290, (SELECT projects.start_date + INTERVAL 7 DAY FROM projects WHERE projects.id=35), 1, 1290, 35, 1);
INSERT INTO orders (order_id, created_at, delivery_id, payment_id, supporting_project_id) VALUES (1290, (SELECT projects.start_date + INTERVAL 7 DAY FROM projects WHERE projects.id=35), 1, 1290, 1290);
INSERT INTO supporting_packages(id, option_list, package_count, order_id, project_package_id, supporting_project_id) VALUES (1290, '["전통"]', 5, 1290, 35, 1290);
INSERT INTO supporting_projects(supporting_project_id, supported_at, delivery_id, payment_id, project_id, user_id) VALUES (1291, (SELECT projects.start_date + INTERVAL 17 DAY FROM projects WHERE projects.id=35), 1, 1291, 35, 18);
INSERT INTO orders (order_id, created_at, delivery_id, payment_id, supporting_project_id) VALUES (1291, (SELECT projects.start_date + INTERVAL 17 DAY FROM projects WHERE projects.id=35), 1, 1291, 1291);
INSERT INTO supporting_packages(id, option_list, package_count, order_id, project_package_id, supporting_project_id) VALUES (1291, '["전통"]', 10, 1291, 35, 1291);
INSERT INTO supporting_projects(supporting_project_id, supported_at, delivery_id, payment_id, project_id, user_id) VALUES (1292, (SELECT projects.start_date + INTERVAL 3 DAY FROM projects WHERE projects.id=35), 1, 1292, 35, 9);
INSERT INTO orders (order_id, created_at, delivery_id, payment_id, supporting_project_id) VALUES (1292, (SELECT projects.start_date + INTERVAL 3 DAY FROM projects WHERE projects.id=35), 1, 1292, 1292);
INSERT INTO supporting_packages(id, option_list, package_count, order_id, project_package_id, supporting_project_id) VALUES (1292, '["퓨전"]', 5, 1292, 35, 1292);
INSERT INTO supporting_projects(supporting_project_id, supported_at, delivery_id, payment_id, project_id, user_id) VALUES (1293, (SELECT projects.start_date + INTERVAL 21 DAY FROM projects WHERE projects.id=35), 1, 1293, 35, 28);
INSERT INTO orders (order_id, created_at, delivery_id, payment_id, supporting_project_id) VALUES (1293, (SELECT projects.start_date + INTERVAL 21 DAY FROM projects WHERE projects.id=35), 1, 1293, 1293);
INSERT INTO supporting_packages(id, option_list, package_count, order_id, project_package_id, supporting_project_id) VALUES (1293, '["퓨전"]', 6, 1293, 35, 1293);
INSERT INTO supporting_projects(supporting_project_id, supported_at, delivery_id, payment_id, project_id, user_id) VALUES (1294, (SELECT projects.start_date + INTERVAL 39 DAY FROM projects WHERE projects.id=35), 1, 1294, 35, 40);
INSERT INTO orders (order_id, created_at, delivery_id, payment_id, supporting_project_id) VALUES (1294, (SELECT projects.start_date + INTERVAL 39 DAY FROM projects WHERE projects.id=35), 1, 1294, 1294);
INSERT INTO supporting_packages(id, option_list, package_count, order_id, project_package_id, supporting_project_id) VALUES (1294, '["전통"]', 10, 1294, 35, 1294);
INSERT INTO supporting_projects(supporting_project_id, supported_at, delivery_id, payment_id, project_id, user_id) VALUES (1295, (SELECT projects.start_date + INTERVAL 22 DAY FROM projects WHERE projects.id=35), 1, 1295, 35, 22);
INSERT INTO orders (order_id, created_at, delivery_id, payment_id, supporting_project_id) VALUES (1295, (SELECT projects.start_date + INTERVAL 22 DAY FROM projects WHERE projects.id=35), 1, 1295, 1295);
INSERT INTO supporting_packages(id, option_list, package_count, order_id, project_package_id, supporting_project_id) VALUES (1295, '["퓨전"]', 8, 1295, 35, 1295);
INSERT INTO supporting_projects(supporting_project_id, supported_at, delivery_id, payment_id, project_id, user_id) VALUES (1296, (SELECT projects.start_date + INTERVAL 9 DAY FROM projects WHERE projects.id=35), 1, 1296, 35, 21);
INSERT INTO orders (order_id, created_at, delivery_id, payment_id, supporting_project_id) VALUES (1296, (SELECT projects.start_date + INTERVAL 9 DAY FROM projects WHERE projects.id=35), 1, 1296, 1296);
INSERT INTO supporting_packages(id, option_list, package_count, order_id, project_package_id, supporting_project_id) VALUES (1296, '["퓨전"]', 6, 1296, 35, 1296);
INSERT INTO supporting_projects(supporting_project_id, supported_at, delivery_id, payment_id, project_id, user_id) VALUES (1297, (SELECT projects.start_date + INTERVAL 21 DAY FROM projects WHERE projects.id=35), 1, 1297, 35, 35);
INSERT INTO orders (order_id, created_at, delivery_id, payment_id, supporting_project_id) VALUES (1297, (SELECT projects.start_date + INTERVAL 21 DAY FROM projects WHERE projects.id=35), 1, 1297, 1297);
INSERT INTO supporting_packages(id, option_list, package_count, order_id, project_package_id, supporting_project_id) VALUES (1297, '["프리미엄"]', 10, 1297, 35, 1297);
INSERT INTO supporting_projects(supporting_project_id, supported_at, delivery_id, payment_id, project_id, user_id) VALUES (1298, (SELECT projects.start_date + INTERVAL 7 DAY FROM projects WHERE projects.id=35), 1, 1298, 35, 36);
INSERT INTO orders (order_id, created_at, delivery_id, payment_id, supporting_project_id) VALUES (1298, (SELECT projects.start_date + INTERVAL 7 DAY FROM projects WHERE projects.id=35), 1, 1298, 1298);
INSERT INTO supporting_packages(id, option_list, package_count, order_id, project_package_id, supporting_project_id) VALUES (1298, '["퓨전"]', 7, 1298, 35, 1298);
INSERT INTO supporting_projects(supporting_project_id, supported_at, delivery_id, payment_id, project_id, user_id) VALUES (1299, (SELECT projects.start_date + INTERVAL 47 DAY FROM projects WHERE projects.id=35), 1, 1299, 35, 39);
INSERT INTO orders (order_id, created_at, delivery_id, payment_id, supporting_project_id) VALUES (1299, (SELECT projects.start_date + INTERVAL 47 DAY FROM projects WHERE projects.id=35), 1, 1299, 1299);
INSERT INTO supporting_packages(id, option_list, package_count, order_id, project_package_id, supporting_project_id) VALUES (1299, '["프리미엄"]', 10, 1299, 35, 1299);
INSERT INTO supporting_projects(supporting_project_id, supported_at, delivery_id, payment_id, project_id, user_id) VALUES (1300, (SELECT projects.start_date + INTERVAL 28 DAY FROM projects WHERE projects.id=35), 1, 1300, 35, 4);
INSERT INTO orders (order_id, created_at, delivery_id, payment_id, supporting_project_id) VALUES (1300, (SELECT projects.start_date + INTERVAL 28 DAY FROM projects WHERE projects.id=35), 1, 1300, 1300);
INSERT INTO supporting_packages(id, option_list, package_count, order_id, project_package_id, supporting_project_id) VALUES (1300, '["프리미엄"]', 7, 1300, 35, 1300);
INSERT INTO supporting_projects(supporting_project_id, supported_at, delivery_id, payment_id, project_id, user_id) VALUES (1301, (SELECT projects.start_date + INTERVAL 45 DAY FROM projects WHERE projects.id=35), 1, 1301, 35, 21);
INSERT INTO orders (order_id, created_at, delivery_id, payment_id, supporting_project_id) VALUES (1301, (SELECT projects.start_date + INTERVAL 45 DAY FROM projects WHERE projects.id=35), 1, 1301, 1301);
INSERT INTO supporting_packages(id, option_list, package_count, order_id, project_package_id, supporting_project_id) VALUES (1301, '["프리미엄"]', 7, 1301, 35, 1301);
INSERT INTO supporting_projects(supporting_project_id, supported_at, delivery_id, payment_id, project_id, user_id) VALUES (1302, (SELECT projects.start_date + INTERVAL 16 DAY FROM projects WHERE projects.id=35), 1, 1302, 35, 27);
INSERT INTO orders (order_id, created_at, delivery_id, payment_id, supporting_project_id) VALUES (1302, (SELECT projects.start_date + INTERVAL 16 DAY FROM projects WHERE projects.id=35), 1, 1302, 1302);
INSERT INTO supporting_packages(id, option_list, package_count, order_id, project_package_id, supporting_project_id) VALUES (1302, '["전통"]', 10, 1302, 35, 1302);
INSERT INTO supporting_projects(supporting_project_id, supported_at, delivery_id, payment_id, project_id, user_id) VALUES (1303, (SELECT projects.start_date + INTERVAL 7 DAY FROM projects WHERE projects.id=35), 1, 1303, 35, 31);
INSERT INTO orders (order_id, created_at, delivery_id, payment_id, supporting_project_id) VALUES (1303, (SELECT projects.start_date + INTERVAL 7 DAY FROM projects WHERE projects.id=35), 1, 1303, 1303);
INSERT INTO supporting_packages(id, option_list, package_count, order_id, project_package_id, supporting_project_id) VALUES (1303, '["프리미엄"]', 1, 1303, 35, 1303);
INSERT INTO supporting_projects(supporting_project_id, supported_at, delivery_id, payment_id, project_id, user_id) VALUES (1304, (SELECT projects.start_date + INTERVAL 10 DAY FROM projects WHERE projects.id=35), 1, 1304, 35, 25);
INSERT INTO orders (order_id, created_at, delivery_id, payment_id, supporting_project_id) VALUES (1304, (SELECT projects.start_date + INTERVAL 10 DAY FROM projects WHERE projects.id=35), 1, 1304, 1304);
INSERT INTO supporting_packages(id, option_list, package_count, order_id, project_package_id, supporting_project_id) VALUES (1304, '["전통"]', 8, 1304, 35, 1304);
INSERT INTO supporting_projects(supporting_project_id, supported_at, delivery_id, payment_id, project_id, user_id) VALUES (1305, (SELECT projects.start_date + INTERVAL 50 DAY FROM projects WHERE projects.id=35), 1, 1305, 35, 10);
INSERT INTO orders (order_id, created_at, delivery_id, payment_id, supporting_project_id) VALUES (1305, (SELECT projects.start_date + INTERVAL 50 DAY FROM projects WHERE projects.id=35), 1, 1305, 1305);
INSERT INTO supporting_packages(id, option_list, package_count, order_id, project_package_id, supporting_project_id) VALUES (1305, '["전통"]', 5, 1305, 35, 1305);
INSERT INTO supporting_projects(supporting_project_id, supported_at, delivery_id, payment_id, project_id, user_id) VALUES (1306, (SELECT projects.start_date + INTERVAL 30 DAY FROM projects WHERE projects.id=35), 1, 1306, 35, 38);
INSERT INTO orders (order_id, created_at, delivery_id, payment_id, supporting_project_id) VALUES (1306, (SELECT projects.start_date + INTERVAL 30 DAY FROM projects WHERE projects.id=35), 1, 1306, 1306);
INSERT INTO supporting_packages(id, option_list, package_count, order_id, project_package_id, supporting_project_id) VALUES (1306, '["퓨전"]', 3, 1306, 35, 1306);
INSERT INTO supporting_projects(supporting_project_id, supported_at, delivery_id, payment_id, project_id, user_id) VALUES (1307, (SELECT projects.start_date + INTERVAL 29 DAY FROM projects WHERE projects.id=35), 1, 1307, 35, 20);
INSERT INTO orders (order_id, created_at, delivery_id, payment_id, supporting_project_id) VALUES (1307, (SELECT projects.start_date + INTERVAL 29 DAY FROM projects WHERE projects.id=35), 1, 1307, 1307);
INSERT INTO supporting_packages(id, option_list, package_count, order_id, project_package_id, supporting_project_id) VALUES (1307, '["전통"]', 7, 1307, 35, 1307);
INSERT INTO supporting_projects(supporting_project_id, supported_at, delivery_id, payment_id, project_id, user_id) VALUES (1308, (SELECT projects.start_date + INTERVAL 11 DAY FROM projects WHERE projects.id=35), 1, 1308, 35, 30);
INSERT INTO orders (order_id, created_at, delivery_id, payment_id, supporting_project_id) VALUES (1308, (SELECT projects.start_date + INTERVAL 11 DAY FROM projects WHERE projects.id=35), 1, 1308, 1308);
INSERT INTO supporting_packages(id, option_list, package_count, order_id, project_package_id, supporting_project_id) VALUES (1308, '["전통"]', 10, 1308, 35, 1308);
INSERT INTO supporting_projects(supporting_project_id, supported_at, delivery_id, payment_id, project_id, user_id) VALUES (1309, (SELECT projects.start_date + INTERVAL 24 DAY FROM projects WHERE projects.id=35), 1, 1309, 35, 14);
INSERT INTO orders (order_id, created_at, delivery_id, payment_id, supporting_project_id) VALUES (1309, (SELECT projects.start_date + INTERVAL 24 DAY FROM projects WHERE projects.id=35), 1, 1309, 1309);
INSERT INTO supporting_packages(id, option_list, package_count, order_id, project_package_id, supporting_project_id) VALUES (1309, '["전통"]', 9, 1309, 35, 1309);
INSERT INTO supporting_projects(supporting_project_id, supported_at, delivery_id, payment_id, project_id, user_id) VALUES (1310, (SELECT projects.start_date + INTERVAL 43 DAY FROM projects WHERE projects.id=35), 1, 1310, 35, 20);
INSERT INTO orders (order_id, created_at, delivery_id, payment_id, supporting_project_id) VALUES (1310, (SELECT projects.start_date + INTERVAL 43 DAY FROM projects WHERE projects.id=35), 1, 1310, 1310);
INSERT INTO supporting_packages(id, option_list, package_count, order_id, project_package_id, supporting_project_id) VALUES (1310, '["전통"]', 5, 1310, 35, 1310);
INSERT INTO supporting_projects(supporting_project_id, supported_at, delivery_id, payment_id, project_id, user_id) VALUES (1311, (SELECT projects.start_date + INTERVAL 37 DAY FROM projects WHERE projects.id=35), 1, 1311, 35, 40);
INSERT INTO orders (order_id, created_at, delivery_id, payment_id, supporting_project_id) VALUES (1311, (SELECT projects.start_date + INTERVAL 37 DAY FROM projects WHERE projects.id=35), 1, 1311, 1311);
INSERT INTO supporting_packages(id, option_list, package_count, order_id, project_package_id, supporting_project_id) VALUES (1311, '["전통"]', 8, 1311, 35, 1311);
INSERT INTO supporting_projects(supporting_project_id, supported_at, delivery_id, payment_id, project_id, user_id) VALUES (1312, (SELECT projects.start_date + INTERVAL 38 DAY FROM projects WHERE projects.id=35), 1, 1312, 35, 21);
INSERT INTO orders (order_id, created_at, delivery_id, payment_id, supporting_project_id) VALUES (1312, (SELECT projects.start_date + INTERVAL 38 DAY FROM projects WHERE projects.id=35), 1, 1312, 1312);
INSERT INTO supporting_packages(id, option_list, package_count, order_id, project_package_id, supporting_project_id) VALUES (1312, '["프리미엄"]', 2, 1312, 35, 1312);
INSERT INTO supporting_projects(supporting_project_id, supported_at, delivery_id, payment_id, project_id, user_id) VALUES (1313, (SELECT projects.start_date + INTERVAL 31 DAY FROM projects WHERE projects.id=36), 1, 1313, 36, 14);
INSERT INTO orders (order_id, created_at, delivery_id, payment_id, supporting_project_id) VALUES (1313, (SELECT projects.start_date + INTERVAL 31 DAY FROM projects WHERE projects.id=36), 1, 1313, 1313);
INSERT INTO supporting_packages(id, option_list, package_count, order_id, project_package_id, supporting_project_id) VALUES (1313, '["입문자용"]', 1, 1313, 36, 1313);
INSERT INTO supporting_projects(supporting_project_id, supported_at, delivery_id, payment_id, project_id, user_id) VALUES (1314, (SELECT projects.start_date + INTERVAL 46 DAY FROM projects WHERE projects.id=36), 1, 1314, 36, 34);
INSERT INTO orders (order_id, created_at, delivery_id, payment_id, supporting_project_id) VALUES (1314, (SELECT projects.start_date + INTERVAL 46 DAY FROM projects WHERE projects.id=36), 1, 1314, 1314);
INSERT INTO supporting_packages(id, option_list, package_count, order_id, project_package_id, supporting_project_id) VALUES (1314, '["고급자용"]', 9, 1314, 36, 1314);
INSERT INTO supporting_projects(supporting_project_id, supported_at, delivery_id, payment_id, project_id, user_id) VALUES (1315, (SELECT projects.start_date + INTERVAL 5 DAY FROM projects WHERE projects.id=36), 1, 1315, 36, 3);
INSERT INTO orders (order_id, created_at, delivery_id, payment_id, supporting_project_id) VALUES (1315, (SELECT projects.start_date + INTERVAL 5 DAY FROM projects WHERE projects.id=36), 1, 1315, 1315);
INSERT INTO supporting_packages(id, option_list, package_count, order_id, project_package_id, supporting_project_id) VALUES (1315, '["고급자용"]', 9, 1315, 36, 1315);
INSERT INTO supporting_projects(supporting_project_id, supported_at, delivery_id, payment_id, project_id, user_id) VALUES (1316, (SELECT projects.start_date + INTERVAL 42 DAY FROM projects WHERE projects.id=36), 1, 1316, 36, 9);
INSERT INTO orders (order_id, created_at, delivery_id, payment_id, supporting_project_id) VALUES (1316, (SELECT projects.start_date + INTERVAL 42 DAY FROM projects WHERE projects.id=36), 1, 1316, 1316);
INSERT INTO supporting_packages(id, option_list, package_count, order_id, project_package_id, supporting_project_id) VALUES (1316, '["입문자용"]', 4, 1316, 36, 1316);
INSERT INTO supporting_projects(supporting_project_id, supported_at, delivery_id, payment_id, project_id, user_id) VALUES (1317, (SELECT projects.start_date + INTERVAL 19 DAY FROM projects WHERE projects.id=36), 1, 1317, 36, 21);
INSERT INTO orders (order_id, created_at, delivery_id, payment_id, supporting_project_id) VALUES (1317, (SELECT projects.start_date + INTERVAL 19 DAY FROM projects WHERE projects.id=36), 1, 1317, 1317);
INSERT INTO supporting_packages(id, option_list, package_count, order_id, project_package_id, supporting_project_id) VALUES (1317, '["전문가용"]', 8, 1317, 36, 1317);
INSERT INTO supporting_projects(supporting_project_id, supported_at, delivery_id, payment_id, project_id, user_id) VALUES (1318, (SELECT projects.start_date + INTERVAL 24 DAY FROM projects WHERE projects.id=36), 1, 1318, 36, 37);
INSERT INTO orders (order_id, created_at, delivery_id, payment_id, supporting_project_id) VALUES (1318, (SELECT projects.start_date + INTERVAL 24 DAY FROM projects WHERE projects.id=36), 1, 1318, 1318);
INSERT INTO supporting_packages(id, option_list, package_count, order_id, project_package_id, supporting_project_id) VALUES (1318, '["전문가용"]', 2, 1318, 36, 1318);
INSERT INTO supporting_projects(supporting_project_id, supported_at, delivery_id, payment_id, project_id, user_id) VALUES (1319, (SELECT projects.start_date + INTERVAL 4 DAY FROM projects WHERE projects.id=36), 1, 1319, 36, 39);
INSERT INTO orders (order_id, created_at, delivery_id, payment_id, supporting_project_id) VALUES (1319, (SELECT projects.start_date + INTERVAL 4 DAY FROM projects WHERE projects.id=36), 1, 1319, 1319);
INSERT INTO supporting_packages(id, option_list, package_count, order_id, project_package_id, supporting_project_id) VALUES (1319, '["전문가용"]', 7, 1319, 36, 1319);
INSERT INTO supporting_projects(supporting_project_id, supported_at, delivery_id, payment_id, project_id, user_id) VALUES (1320, (SELECT projects.start_date + INTERVAL 12 DAY FROM projects WHERE projects.id=36), 1, 1320, 36, 40);
INSERT INTO orders (order_id, created_at, delivery_id, payment_id, supporting_project_id) VALUES (1320, (SELECT projects.start_date + INTERVAL 12 DAY FROM projects WHERE projects.id=36), 1, 1320, 1320);
INSERT INTO supporting_packages(id, option_list, package_count, order_id, project_package_id, supporting_project_id) VALUES (1320, '["고급자용"]', 9, 1320, 36, 1320);
INSERT INTO supporting_projects(supporting_project_id, supported_at, delivery_id, payment_id, project_id, user_id) VALUES (1321, (SELECT projects.start_date + INTERVAL 47 DAY FROM projects WHERE projects.id=36), 1, 1321, 36, 20);
INSERT INTO orders (order_id, created_at, delivery_id, payment_id, supporting_project_id) VALUES (1321, (SELECT projects.start_date + INTERVAL 47 DAY FROM projects WHERE projects.id=36), 1, 1321, 1321);
INSERT INTO supporting_packages(id, option_list, package_count, order_id, project_package_id, supporting_project_id) VALUES (1321, '["고급자용"]', 4, 1321, 36, 1321);
INSERT INTO supporting_projects(supporting_project_id, supported_at, delivery_id, payment_id, project_id, user_id) VALUES (1322, (SELECT projects.start_date + INTERVAL 37 DAY FROM projects WHERE projects.id=36), 1, 1322, 36, 31);
INSERT INTO orders (order_id, created_at, delivery_id, payment_id, supporting_project_id) VALUES (1322, (SELECT projects.start_date + INTERVAL 37 DAY FROM projects WHERE projects.id=36), 1, 1322, 1322);
INSERT INTO supporting_packages(id, option_list, package_count, order_id, project_package_id, supporting_project_id) VALUES (1322, '["전문가용"]', 4, 1322, 36, 1322);
INSERT INTO supporting_projects(supporting_project_id, supported_at, delivery_id, payment_id, project_id, user_id) VALUES (1323, (SELECT projects.start_date + INTERVAL 35 DAY FROM projects WHERE projects.id=36), 1, 1323, 36, 1);
INSERT INTO orders (order_id, created_at, delivery_id, payment_id, supporting_project_id) VALUES (1323, (SELECT projects.start_date + INTERVAL 35 DAY FROM projects WHERE projects.id=36), 1, 1323, 1323);
INSERT INTO supporting_packages(id, option_list, package_count, order_id, project_package_id, supporting_project_id) VALUES (1323, '["입문자용"]', 3, 1323, 36, 1323);
INSERT INTO supporting_projects(supporting_project_id, supported_at, delivery_id, payment_id, project_id, user_id) VALUES (1324, (SELECT projects.start_date + INTERVAL 45 DAY FROM projects WHERE projects.id=36), 1, 1324, 36, 14);
INSERT INTO orders (order_id, created_at, delivery_id, payment_id, supporting_project_id) VALUES (1324, (SELECT projects.start_date + INTERVAL 45 DAY FROM projects WHERE projects.id=36), 1, 1324, 1324);
INSERT INTO supporting_packages(id, option_list, package_count, order_id, project_package_id, supporting_project_id) VALUES (1324, '["입문자용"]', 7, 1324, 36, 1324);
INSERT INTO supporting_projects(supporting_project_id, supported_at, delivery_id, payment_id, project_id, user_id) VALUES (1325, (SELECT projects.start_date + INTERVAL 36 DAY FROM projects WHERE projects.id=36), 1, 1325, 36, 31);
INSERT INTO orders (order_id, created_at, delivery_id, payment_id, supporting_project_id) VALUES (1325, (SELECT projects.start_date + INTERVAL 36 DAY FROM projects WHERE projects.id=36), 1, 1325, 1325);
INSERT INTO supporting_packages(id, option_list, package_count, order_id, project_package_id, supporting_project_id) VALUES (1325, '["고급자용"]', 2, 1325, 36, 1325);
INSERT INTO supporting_projects(supporting_project_id, supported_at, delivery_id, payment_id, project_id, user_id) VALUES (1326, (SELECT projects.start_date + INTERVAL 27 DAY FROM projects WHERE projects.id=36), 1, 1326, 36, 15);
INSERT INTO orders (order_id, created_at, delivery_id, payment_id, supporting_project_id) VALUES (1326, (SELECT projects.start_date + INTERVAL 27 DAY FROM projects WHERE projects.id=36), 1, 1326, 1326);
INSERT INTO supporting_packages(id, option_list, package_count, order_id, project_package_id, supporting_project_id) VALUES (1326, '["전문가용"]', 4, 1326, 36, 1326);
INSERT INTO supporting_projects(supporting_project_id, supported_at, delivery_id, payment_id, project_id, user_id) VALUES (1327, (SELECT projects.start_date + INTERVAL 45 DAY FROM projects WHERE projects.id=36), 1, 1327, 36, 32);
INSERT INTO orders (order_id, created_at, delivery_id, payment_id, supporting_project_id) VALUES (1327, (SELECT projects.start_date + INTERVAL 45 DAY FROM projects WHERE projects.id=36), 1, 1327, 1327);
INSERT INTO supporting_packages(id, option_list, package_count, order_id, project_package_id, supporting_project_id) VALUES (1327, '["입문자용"]', 10, 1327, 36, 1327);
INSERT INTO supporting_projects(supporting_project_id, supported_at, delivery_id, payment_id, project_id, user_id) VALUES (1328, (SELECT projects.start_date + INTERVAL 39 DAY FROM projects WHERE projects.id=36), 1, 1328, 36, 28);
INSERT INTO orders (order_id, created_at, delivery_id, payment_id, supporting_project_id) VALUES (1328, (SELECT projects.start_date + INTERVAL 39 DAY FROM projects WHERE projects.id=36), 1, 1328, 1328);
INSERT INTO supporting_packages(id, option_list, package_count, order_id, project_package_id, supporting_project_id) VALUES (1328, '["입문자용"]', 6, 1328, 36, 1328);
INSERT INTO supporting_projects(supporting_project_id, supported_at, delivery_id, payment_id, project_id, user_id) VALUES (1329, (SELECT projects.start_date + INTERVAL 2 DAY FROM projects WHERE projects.id=36), 1, 1329, 36, 13);
INSERT INTO orders (order_id, created_at, delivery_id, payment_id, supporting_project_id) VALUES (1329, (SELECT projects.start_date + INTERVAL 2 DAY FROM projects WHERE projects.id=36), 1, 1329, 1329);
INSERT INTO supporting_packages(id, option_list, package_count, order_id, project_package_id, supporting_project_id) VALUES (1329, '["고급자용"]', 10, 1329, 36, 1329);
INSERT INTO supporting_projects(supporting_project_id, supported_at, delivery_id, payment_id, project_id, user_id) VALUES (1330, (SELECT projects.start_date + INTERVAL 42 DAY FROM projects WHERE projects.id=36), 1, 1330, 36, 26);
INSERT INTO orders (order_id, created_at, delivery_id, payment_id, supporting_project_id) VALUES (1330, (SELECT projects.start_date + INTERVAL 42 DAY FROM projects WHERE projects.id=36), 1, 1330, 1330);
INSERT INTO supporting_packages(id, option_list, package_count, order_id, project_package_id, supporting_project_id) VALUES (1330, '["전문가용"]', 6, 1330, 36, 1330);
INSERT INTO supporting_projects(supporting_project_id, supported_at, delivery_id, payment_id, project_id, user_id) VALUES (1331, (SELECT projects.start_date + INTERVAL 10 DAY FROM projects WHERE projects.id=36), 1, 1331, 36, 32);
INSERT INTO orders (order_id, created_at, delivery_id, payment_id, supporting_project_id) VALUES (1331, (SELECT projects.start_date + INTERVAL 10 DAY FROM projects WHERE projects.id=36), 1, 1331, 1331);
INSERT INTO supporting_packages(id, option_list, package_count, order_id, project_package_id, supporting_project_id) VALUES (1331, '["고급자용"]', 9, 1331, 36, 1331);
INSERT INTO supporting_projects(supporting_project_id, supported_at, delivery_id, payment_id, project_id, user_id) VALUES (1332, (SELECT projects.start_date + INTERVAL 7 DAY FROM projects WHERE projects.id=36), 1, 1332, 36, 34);
INSERT INTO orders (order_id, created_at, delivery_id, payment_id, supporting_project_id) VALUES (1332, (SELECT projects.start_date + INTERVAL 7 DAY FROM projects WHERE projects.id=36), 1, 1332, 1332);
INSERT INTO supporting_packages(id, option_list, package_count, order_id, project_package_id, supporting_project_id) VALUES (1332, '["입문자용"]', 1, 1332, 36, 1332);
INSERT INTO supporting_projects(supporting_project_id, supported_at, delivery_id, payment_id, project_id, user_id) VALUES (1333, (SELECT projects.start_date + INTERVAL 35 DAY FROM projects WHERE projects.id=36), 1, 1333, 36, 10);
INSERT INTO orders (order_id, created_at, delivery_id, payment_id, supporting_project_id) VALUES (1333, (SELECT projects.start_date + INTERVAL 35 DAY FROM projects WHERE projects.id=36), 1, 1333, 1333);
INSERT INTO supporting_packages(id, option_list, package_count, order_id, project_package_id, supporting_project_id) VALUES (1333, '["전문가용"]', 5, 1333, 36, 1333);
INSERT INTO supporting_projects(supporting_project_id, supported_at, delivery_id, payment_id, project_id, user_id) VALUES (1334, (SELECT projects.start_date + INTERVAL 11 DAY FROM projects WHERE projects.id=36), 1, 1334, 36, 10);
INSERT INTO orders (order_id, created_at, delivery_id, payment_id, supporting_project_id) VALUES (1334, (SELECT projects.start_date + INTERVAL 11 DAY FROM projects WHERE projects.id=36), 1, 1334, 1334);
INSERT INTO supporting_packages(id, option_list, package_count, order_id, project_package_id, supporting_project_id) VALUES (1334, '["입문자용"]', 2, 1334, 36, 1334);
INSERT INTO supporting_projects(supporting_project_id, supported_at, delivery_id, payment_id, project_id, user_id) VALUES (1335, (SELECT projects.start_date + INTERVAL 43 DAY FROM projects WHERE projects.id=36), 1, 1335, 36, 18);
INSERT INTO orders (order_id, created_at, delivery_id, payment_id, supporting_project_id) VALUES (1335, (SELECT projects.start_date + INTERVAL 43 DAY FROM projects WHERE projects.id=36), 1, 1335, 1335);
INSERT INTO supporting_packages(id, option_list, package_count, order_id, project_package_id, supporting_project_id) VALUES (1335, '["입문자용"]', 10, 1335, 36, 1335);
INSERT INTO supporting_projects(supporting_project_id, supported_at, delivery_id, payment_id, project_id, user_id) VALUES (1336, (SELECT projects.start_date + INTERVAL 42 DAY FROM projects WHERE projects.id=36), 1, 1336, 36, 29);
INSERT INTO orders (order_id, created_at, delivery_id, payment_id, supporting_project_id) VALUES (1336, (SELECT projects.start_date + INTERVAL 42 DAY FROM projects WHERE projects.id=36), 1, 1336, 1336);
INSERT INTO supporting_packages(id, option_list, package_count, order_id, project_package_id, supporting_project_id) VALUES (1336, '["입문자용"]', 8, 1336, 36, 1336);
INSERT INTO supporting_projects(supporting_project_id, supported_at, delivery_id, payment_id, project_id, user_id) VALUES (1337, (SELECT projects.start_date + INTERVAL 45 DAY FROM projects WHERE projects.id=36), 1, 1337, 36, 21);
INSERT INTO orders (order_id, created_at, delivery_id, payment_id, supporting_project_id) VALUES (1337, (SELECT projects.start_date + INTERVAL 45 DAY FROM projects WHERE projects.id=36), 1, 1337, 1337);
INSERT INTO supporting_packages(id, option_list, package_count, order_id, project_package_id, supporting_project_id) VALUES (1337, '["입문자용"]', 1, 1337, 36, 1337);
INSERT INTO supporting_projects(supporting_project_id, supported_at, delivery_id, payment_id, project_id, user_id) VALUES (1338, (SELECT projects.start_date + INTERVAL 8 DAY FROM projects WHERE projects.id=36), 1, 1338, 36, 38);
INSERT INTO orders (order_id, created_at, delivery_id, payment_id, supporting_project_id) VALUES (1338, (SELECT projects.start_date + INTERVAL 8 DAY FROM projects WHERE projects.id=36), 1, 1338, 1338);
INSERT INTO supporting_packages(id, option_list, package_count, order_id, project_package_id, supporting_project_id) VALUES (1338, '["고급자용"]', 8, 1338, 36, 1338);
INSERT INTO supporting_projects(supporting_project_id, supported_at, delivery_id, payment_id, project_id, user_id) VALUES (1339, (SELECT projects.start_date + INTERVAL 11 DAY FROM projects WHERE projects.id=36), 1, 1339, 36, 7);
INSERT INTO orders (order_id, created_at, delivery_id, payment_id, supporting_project_id) VALUES (1339, (SELECT projects.start_date + INTERVAL 11 DAY FROM projects WHERE projects.id=36), 1, 1339, 1339);
INSERT INTO supporting_packages(id, option_list, package_count, order_id, project_package_id, supporting_project_id) VALUES (1339, '["입문자용"]', 6, 1339, 36, 1339);
INSERT INTO supporting_projects(supporting_project_id, supported_at, delivery_id, payment_id, project_id, user_id) VALUES (1340, (SELECT projects.start_date + INTERVAL 48 DAY FROM projects WHERE projects.id=36), 1, 1340, 36, 37);
INSERT INTO orders (order_id, created_at, delivery_id, payment_id, supporting_project_id) VALUES (1340, (SELECT projects.start_date + INTERVAL 48 DAY FROM projects WHERE projects.id=36), 1, 1340, 1340);
INSERT INTO supporting_packages(id, option_list, package_count, order_id, project_package_id, supporting_project_id) VALUES (1340, '["고급자용"]', 7, 1340, 36, 1340);
INSERT INTO supporting_projects(supporting_project_id, supported_at, delivery_id, payment_id, project_id, user_id) VALUES (1341, (SELECT projects.start_date + INTERVAL 47 DAY FROM projects WHERE projects.id=36), 1, 1341, 36, 21);
INSERT INTO orders (order_id, created_at, delivery_id, payment_id, supporting_project_id) VALUES (1341, (SELECT projects.start_date + INTERVAL 47 DAY FROM projects WHERE projects.id=36), 1, 1341, 1341);
INSERT INTO supporting_packages(id, option_list, package_count, order_id, project_package_id, supporting_project_id) VALUES (1341, '["입문자용"]', 7, 1341, 36, 1341);
INSERT INTO supporting_projects(supporting_project_id, supported_at, delivery_id, payment_id, project_id, user_id) VALUES (1342, (SELECT projects.start_date + INTERVAL 48 DAY FROM projects WHERE projects.id=36), 1, 1342, 36, 1);
INSERT INTO orders (order_id, created_at, delivery_id, payment_id, supporting_project_id) VALUES (1342, (SELECT projects.start_date + INTERVAL 48 DAY FROM projects WHERE projects.id=36), 1, 1342, 1342);
INSERT INTO supporting_packages(id, option_list, package_count, order_id, project_package_id, supporting_project_id) VALUES (1342, '["전문가용"]', 4, 1342, 36, 1342);
INSERT INTO supporting_projects(supporting_project_id, supported_at, delivery_id, payment_id, project_id, user_id) VALUES (1343, (SELECT projects.start_date + INTERVAL 46 DAY FROM projects WHERE projects.id=36), 1, 1343, 36, 21);
INSERT INTO orders (order_id, created_at, delivery_id, payment_id, supporting_project_id) VALUES (1343, (SELECT projects.start_date + INTERVAL 46 DAY FROM projects WHERE projects.id=36), 1, 1343, 1343);
INSERT INTO supporting_packages(id, option_list, package_count, order_id, project_package_id, supporting_project_id) VALUES (1343, '["전문가용"]', 1, 1343, 36, 1343);
INSERT INTO supporting_projects(supporting_project_id, supported_at, delivery_id, payment_id, project_id, user_id) VALUES (1344, (SELECT projects.start_date + INTERVAL 16 DAY FROM projects WHERE projects.id=36), 1, 1344, 36, 2);
INSERT INTO orders (order_id, created_at, delivery_id, payment_id, supporting_project_id) VALUES (1344, (SELECT projects.start_date + INTERVAL 16 DAY FROM projects WHERE projects.id=36), 1, 1344, 1344);
INSERT INTO supporting_packages(id, option_list, package_count, order_id, project_package_id, supporting_project_id) VALUES (1344, '["전문가용"]', 7, 1344, 36, 1344);
INSERT INTO supporting_projects(supporting_project_id, supported_at, delivery_id, payment_id, project_id, user_id) VALUES (1345, (SELECT projects.start_date + INTERVAL 26 DAY FROM projects WHERE projects.id=36), 1, 1345, 36, 30);
INSERT INTO orders (order_id, created_at, delivery_id, payment_id, supporting_project_id) VALUES (1345, (SELECT projects.start_date + INTERVAL 26 DAY FROM projects WHERE projects.id=36), 1, 1345, 1345);
INSERT INTO supporting_packages(id, option_list, package_count, order_id, project_package_id, supporting_project_id) VALUES (1345, '["입문자용"]', 8, 1345, 36, 1345);
INSERT INTO supporting_projects(supporting_project_id, supported_at, delivery_id, payment_id, project_id, user_id) VALUES (1346, (SELECT projects.start_date + INTERVAL 45 DAY FROM projects WHERE projects.id=36), 1, 1346, 36, 32);
INSERT INTO orders (order_id, created_at, delivery_id, payment_id, supporting_project_id) VALUES (1346, (SELECT projects.start_date + INTERVAL 45 DAY FROM projects WHERE projects.id=36), 1, 1346, 1346);
INSERT INTO supporting_packages(id, option_list, package_count, order_id, project_package_id, supporting_project_id) VALUES (1346, '["고급자용"]', 10, 1346, 36, 1346);
INSERT INTO supporting_projects(supporting_project_id, supported_at, delivery_id, payment_id, project_id, user_id) VALUES (1347, (SELECT projects.start_date + INTERVAL 23 DAY FROM projects WHERE projects.id=36), 1, 1347, 36, 33);
INSERT INTO orders (order_id, created_at, delivery_id, payment_id, supporting_project_id) VALUES (1347, (SELECT projects.start_date + INTERVAL 23 DAY FROM projects WHERE projects.id=36), 1, 1347, 1347);
INSERT INTO supporting_packages(id, option_list, package_count, order_id, project_package_id, supporting_project_id) VALUES (1347, '["입문자용"]', 9, 1347, 36, 1347);
INSERT INTO supporting_projects(supporting_project_id, supported_at, delivery_id, payment_id, project_id, user_id) VALUES (1348, (SELECT projects.start_date + INTERVAL 6 DAY FROM projects WHERE projects.id=36), 1, 1348, 36, 36);
INSERT INTO orders (order_id, created_at, delivery_id, payment_id, supporting_project_id) VALUES (1348, (SELECT projects.start_date + INTERVAL 6 DAY FROM projects WHERE projects.id=36), 1, 1348, 1348);
INSERT INTO supporting_packages(id, option_list, package_count, order_id, project_package_id, supporting_project_id) VALUES (1348, '["입문자용"]', 2, 1348, 36, 1348);
INSERT INTO supporting_projects(supporting_project_id, supported_at, delivery_id, payment_id, project_id, user_id) VALUES (1349, (SELECT projects.start_date + INTERVAL 29 DAY FROM projects WHERE projects.id=36), 1, 1349, 36, 16);
INSERT INTO orders (order_id, created_at, delivery_id, payment_id, supporting_project_id) VALUES (1349, (SELECT projects.start_date + INTERVAL 29 DAY FROM projects WHERE projects.id=36), 1, 1349, 1349);
INSERT INTO supporting_packages(id, option_list, package_count, order_id, project_package_id, supporting_project_id) VALUES (1349, '["입문자용"]', 9, 1349, 36, 1349);
INSERT INTO supporting_projects(supporting_project_id, supported_at, delivery_id, payment_id, project_id, user_id) VALUES (1350, (SELECT projects.start_date + INTERVAL 20 DAY FROM projects WHERE projects.id=36), 1, 1350, 36, 40);
INSERT INTO orders (order_id, created_at, delivery_id, payment_id, supporting_project_id) VALUES (1350, (SELECT projects.start_date + INTERVAL 20 DAY FROM projects WHERE projects.id=36), 1, 1350, 1350);
INSERT INTO supporting_packages(id, option_list, package_count, order_id, project_package_id, supporting_project_id) VALUES (1350, '["입문자용"]', 4, 1350, 36, 1350);
INSERT INTO supporting_projects(supporting_project_id, supported_at, delivery_id, payment_id, project_id, user_id) VALUES (1351, (SELECT projects.start_date + INTERVAL 4 DAY FROM projects WHERE projects.id=36), 1, 1351, 36, 39);
INSERT INTO orders (order_id, created_at, delivery_id, payment_id, supporting_project_id) VALUES (1351, (SELECT projects.start_date + INTERVAL 4 DAY FROM projects WHERE projects.id=36), 1, 1351, 1351);
INSERT INTO supporting_packages(id, option_list, package_count, order_id, project_package_id, supporting_project_id) VALUES (1351, '["고급자용"]', 1, 1351, 36, 1351);
INSERT INTO supporting_projects(supporting_project_id, supported_at, delivery_id, payment_id, project_id, user_id) VALUES (1352, (SELECT projects.start_date + INTERVAL 26 DAY FROM projects WHERE projects.id=36), 1, 1352, 36, 25);
INSERT INTO orders (order_id, created_at, delivery_id, payment_id, supporting_project_id) VALUES (1352, (SELECT projects.start_date + INTERVAL 26 DAY FROM projects WHERE projects.id=36), 1, 1352, 1352);
INSERT INTO supporting_packages(id, option_list, package_count, order_id, project_package_id, supporting_project_id) VALUES (1352, '["전문가용"]', 4, 1352, 36, 1352);
INSERT INTO supporting_projects(supporting_project_id, supported_at, delivery_id, payment_id, project_id, user_id) VALUES (1353, (SELECT projects.start_date + INTERVAL 37 DAY FROM projects WHERE projects.id=36), 1, 1353, 36, 36);
INSERT INTO orders (order_id, created_at, delivery_id, payment_id, supporting_project_id) VALUES (1353, (SELECT projects.start_date + INTERVAL 37 DAY FROM projects WHERE projects.id=36), 1, 1353, 1353);
INSERT INTO supporting_packages(id, option_list, package_count, order_id, project_package_id, supporting_project_id) VALUES (1353, '["입문자용"]', 7, 1353, 36, 1353);
INSERT INTO supporting_projects(supporting_project_id, supported_at, delivery_id, payment_id, project_id, user_id) VALUES (1354, (SELECT projects.start_date + INTERVAL 24 DAY FROM projects WHERE projects.id=36), 1, 1354, 36, 6);
INSERT INTO orders (order_id, created_at, delivery_id, payment_id, supporting_project_id) VALUES (1354, (SELECT projects.start_date + INTERVAL 24 DAY FROM projects WHERE projects.id=36), 1, 1354, 1354);
INSERT INTO supporting_packages(id, option_list, package_count, order_id, project_package_id, supporting_project_id) VALUES (1354, '["전문가용"]', 4, 1354, 36, 1354);
INSERT INTO supporting_projects(supporting_project_id, supported_at, delivery_id, payment_id, project_id, user_id) VALUES (1355, (SELECT projects.start_date + INTERVAL 24 DAY FROM projects WHERE projects.id=36), 1, 1355, 36, 28);
INSERT INTO orders (order_id, created_at, delivery_id, payment_id, supporting_project_id) VALUES (1355, (SELECT projects.start_date + INTERVAL 24 DAY FROM projects WHERE projects.id=36), 1, 1355, 1355);
INSERT INTO supporting_packages(id, option_list, package_count, order_id, project_package_id, supporting_project_id) VALUES (1355, '["전문가용"]', 4, 1355, 36, 1355);
INSERT INTO supporting_projects(supporting_project_id, supported_at, delivery_id, payment_id, project_id, user_id) VALUES (1356, (SELECT projects.start_date + INTERVAL 22 DAY FROM projects WHERE projects.id=36), 1, 1356, 36, 27);
INSERT INTO orders (order_id, created_at, delivery_id, payment_id, supporting_project_id) VALUES (1356, (SELECT projects.start_date + INTERVAL 22 DAY FROM projects WHERE projects.id=36), 1, 1356, 1356);
INSERT INTO supporting_packages(id, option_list, package_count, order_id, project_package_id, supporting_project_id) VALUES (1356, '["전문가용"]', 9, 1356, 36, 1356);
INSERT INTO supporting_projects(supporting_project_id, supported_at, delivery_id, payment_id, project_id, user_id) VALUES (1357, (SELECT projects.start_date + INTERVAL 50 DAY FROM projects WHERE projects.id=36), 1, 1357, 36, 39);
INSERT INTO orders (order_id, created_at, delivery_id, payment_id, supporting_project_id) VALUES (1357, (SELECT projects.start_date + INTERVAL 50 DAY FROM projects WHERE projects.id=36), 1, 1357, 1357);
INSERT INTO supporting_packages(id, option_list, package_count, order_id, project_package_id, supporting_project_id) VALUES (1357, '["전문가용"]', 1, 1357, 36, 1357);
INSERT INTO supporting_projects(supporting_project_id, supported_at, delivery_id, payment_id, project_id, user_id) VALUES (1358, (SELECT projects.start_date + INTERVAL 31 DAY FROM projects WHERE projects.id=36), 1, 1358, 36, 24);
INSERT INTO orders (order_id, created_at, delivery_id, payment_id, supporting_project_id) VALUES (1358, (SELECT projects.start_date + INTERVAL 31 DAY FROM projects WHERE projects.id=36), 1, 1358, 1358);
INSERT INTO supporting_packages(id, option_list, package_count, order_id, project_package_id, supporting_project_id) VALUES (1358, '["고급자용"]', 10, 1358, 36, 1358);
INSERT INTO supporting_projects(supporting_project_id, supported_at, delivery_id, payment_id, project_id, user_id) VALUES (1359, (SELECT projects.start_date + INTERVAL 31 DAY FROM projects WHERE projects.id=36), 1, 1359, 36, 15);
INSERT INTO orders (order_id, created_at, delivery_id, payment_id, supporting_project_id) VALUES (1359, (SELECT projects.start_date + INTERVAL 31 DAY FROM projects WHERE projects.id=36), 1, 1359, 1359);
INSERT INTO supporting_packages(id, option_list, package_count, order_id, project_package_id, supporting_project_id) VALUES (1359, '["입문자용"]', 8, 1359, 36, 1359);
INSERT INTO supporting_projects(supporting_project_id, supported_at, delivery_id, payment_id, project_id, user_id) VALUES (1360, (SELECT projects.start_date + INTERVAL 18 DAY FROM projects WHERE projects.id=36), 1, 1360, 36, 9);
INSERT INTO orders (order_id, created_at, delivery_id, payment_id, supporting_project_id) VALUES (1360, (SELECT projects.start_date + INTERVAL 18 DAY FROM projects WHERE projects.id=36), 1, 1360, 1360);
INSERT INTO supporting_packages(id, option_list, package_count, order_id, project_package_id, supporting_project_id) VALUES (1360, '["입문자용"]', 3, 1360, 36, 1360);
INSERT INTO supporting_projects(supporting_project_id, supported_at, delivery_id, payment_id, project_id, user_id) VALUES (1361, (SELECT projects.start_date + INTERVAL 3 DAY FROM projects WHERE projects.id=36), 1, 1361, 36, 37);
INSERT INTO orders (order_id, created_at, delivery_id, payment_id, supporting_project_id) VALUES (1361, (SELECT projects.start_date + INTERVAL 3 DAY FROM projects WHERE projects.id=36), 1, 1361, 1361);
INSERT INTO supporting_packages(id, option_list, package_count, order_id, project_package_id, supporting_project_id) VALUES (1361, '["입문자용"]', 9, 1361, 36, 1361);
INSERT INTO supporting_projects(supporting_project_id, supported_at, delivery_id, payment_id, project_id, user_id) VALUES (1362, (SELECT projects.start_date + INTERVAL 41 DAY FROM projects WHERE projects.id=36), 1, 1362, 36, 22);
INSERT INTO orders (order_id, created_at, delivery_id, payment_id, supporting_project_id) VALUES (1362, (SELECT projects.start_date + INTERVAL 41 DAY FROM projects WHERE projects.id=36), 1, 1362, 1362);
INSERT INTO supporting_packages(id, option_list, package_count, order_id, project_package_id, supporting_project_id) VALUES (1362, '["고급자용"]', 10, 1362, 36, 1362);
INSERT INTO supporting_projects(supporting_project_id, supported_at, delivery_id, payment_id, project_id, user_id) VALUES (1363, (SELECT projects.start_date + INTERVAL 8 DAY FROM projects WHERE projects.id=36), 1, 1363, 36, 12);
INSERT INTO orders (order_id, created_at, delivery_id, payment_id, supporting_project_id) VALUES (1363, (SELECT projects.start_date + INTERVAL 8 DAY FROM projects WHERE projects.id=36), 1, 1363, 1363);
INSERT INTO supporting_packages(id, option_list, package_count, order_id, project_package_id, supporting_project_id) VALUES (1363, '["고급자용"]', 9, 1363, 36, 1363);
INSERT INTO supporting_projects(supporting_project_id, supported_at, delivery_id, payment_id, project_id, user_id) VALUES (1364, (SELECT projects.start_date + INTERVAL 4 DAY FROM projects WHERE projects.id=36), 1, 1364, 36, 25);
INSERT INTO orders (order_id, created_at, delivery_id, payment_id, supporting_project_id) VALUES (1364, (SELECT projects.start_date + INTERVAL 4 DAY FROM projects WHERE projects.id=36), 1, 1364, 1364);
INSERT INTO supporting_packages(id, option_list, package_count, order_id, project_package_id, supporting_project_id) VALUES (1364, '["전문가용"]', 5, 1364, 36, 1364);
INSERT INTO supporting_projects(supporting_project_id, supported_at, delivery_id, payment_id, project_id, user_id) VALUES (1365, (SELECT projects.start_date + INTERVAL 45 DAY FROM projects WHERE projects.id=36), 1, 1365, 36, 28);
INSERT INTO orders (order_id, created_at, delivery_id, payment_id, supporting_project_id) VALUES (1365, (SELECT projects.start_date + INTERVAL 45 DAY FROM projects WHERE projects.id=36), 1, 1365, 1365);
INSERT INTO supporting_packages(id, option_list, package_count, order_id, project_package_id, supporting_project_id) VALUES (1365, '["전문가용"]', 6, 1365, 36, 1365);
INSERT INTO supporting_projects(supporting_project_id, supported_at, delivery_id, payment_id, project_id, user_id) VALUES (1366, (SELECT projects.start_date + INTERVAL 26 DAY FROM projects WHERE projects.id=36), 1, 1366, 36, 27);
INSERT INTO orders (order_id, created_at, delivery_id, payment_id, supporting_project_id) VALUES (1366, (SELECT projects.start_date + INTERVAL 26 DAY FROM projects WHERE projects.id=36), 1, 1366, 1366);
INSERT INTO supporting_packages(id, option_list, package_count, order_id, project_package_id, supporting_project_id) VALUES (1366, '["입문자용"]', 8, 1366, 36, 1366);
INSERT INTO supporting_projects(supporting_project_id, supported_at, delivery_id, payment_id, project_id, user_id) VALUES (1367, (SELECT projects.start_date + INTERVAL 44 DAY FROM projects WHERE projects.id=36), 1, 1367, 36, 11);
INSERT INTO orders (order_id, created_at, delivery_id, payment_id, supporting_project_id) VALUES (1367, (SELECT projects.start_date + INTERVAL 44 DAY FROM projects WHERE projects.id=36), 1, 1367, 1367);
INSERT INTO supporting_packages(id, option_list, package_count, order_id, project_package_id, supporting_project_id) VALUES (1367, '["전문가용"]', 2, 1367, 36, 1367);
INSERT INTO supporting_projects(supporting_project_id, supported_at, delivery_id, payment_id, project_id, user_id) VALUES (1368, (SELECT projects.start_date + INTERVAL 21 DAY FROM projects WHERE projects.id=36), 1, 1368, 36, 33);
INSERT INTO orders (order_id, created_at, delivery_id, payment_id, supporting_project_id) VALUES (1368, (SELECT projects.start_date + INTERVAL 21 DAY FROM projects WHERE projects.id=36), 1, 1368, 1368);
INSERT INTO supporting_packages(id, option_list, package_count, order_id, project_package_id, supporting_project_id) VALUES (1368, '["전문가용"]', 2, 1368, 36, 1368);
INSERT INTO supporting_projects(supporting_project_id, supported_at, delivery_id, payment_id, project_id, user_id) VALUES (1369, (SELECT projects.start_date + INTERVAL 4 DAY FROM projects WHERE projects.id=36), 1, 1369, 36, 21);
INSERT INTO orders (order_id, created_at, delivery_id, payment_id, supporting_project_id) VALUES (1369, (SELECT projects.start_date + INTERVAL 4 DAY FROM projects WHERE projects.id=36), 1, 1369, 1369);
INSERT INTO supporting_packages(id, option_list, package_count, order_id, project_package_id, supporting_project_id) VALUES (1369, '["입문자용"]', 6, 1369, 36, 1369);
INSERT INTO supporting_projects(supporting_project_id, supported_at, delivery_id, payment_id, project_id, user_id) VALUES (1370, (SELECT projects.start_date + INTERVAL 17 DAY FROM projects WHERE projects.id=36), 1, 1370, 36, 20);
INSERT INTO orders (order_id, created_at, delivery_id, payment_id, supporting_project_id) VALUES (1370, (SELECT projects.start_date + INTERVAL 17 DAY FROM projects WHERE projects.id=36), 1, 1370, 1370);
INSERT INTO supporting_packages(id, option_list, package_count, order_id, project_package_id, supporting_project_id) VALUES (1370, '["고급자용"]', 10, 1370, 36, 1370);
INSERT INTO supporting_projects(supporting_project_id, supported_at, delivery_id, payment_id, project_id, user_id) VALUES (1371, (SELECT projects.start_date + INTERVAL 15 DAY FROM projects WHERE projects.id=36), 1, 1371, 36, 16);
INSERT INTO orders (order_id, created_at, delivery_id, payment_id, supporting_project_id) VALUES (1371, (SELECT projects.start_date + INTERVAL 15 DAY FROM projects WHERE projects.id=36), 1, 1371, 1371);
INSERT INTO supporting_packages(id, option_list, package_count, order_id, project_package_id, supporting_project_id) VALUES (1371, '["전문가용"]', 3, 1371, 36, 1371);
INSERT INTO supporting_projects(supporting_project_id, supported_at, delivery_id, payment_id, project_id, user_id) VALUES (1372, (SELECT projects.start_date + INTERVAL 45 DAY FROM projects WHERE projects.id=36), 1, 1372, 36, 31);
INSERT INTO orders (order_id, created_at, delivery_id, payment_id, supporting_project_id) VALUES (1372, (SELECT projects.start_date + INTERVAL 45 DAY FROM projects WHERE projects.id=36), 1, 1372, 1372);
INSERT INTO supporting_packages(id, option_list, package_count, order_id, project_package_id, supporting_project_id) VALUES (1372, '["고급자용"]', 2, 1372, 36, 1372);
INSERT INTO supporting_projects(supporting_project_id, supported_at, delivery_id, payment_id, project_id, user_id) VALUES (1373, (SELECT projects.start_date + INTERVAL 45 DAY FROM projects WHERE projects.id=36), 1, 1373, 36, 29);
INSERT INTO orders (order_id, created_at, delivery_id, payment_id, supporting_project_id) VALUES (1373, (SELECT projects.start_date + INTERVAL 45 DAY FROM projects WHERE projects.id=36), 1, 1373, 1373);
INSERT INTO supporting_packages(id, option_list, package_count, order_id, project_package_id, supporting_project_id) VALUES (1373, '["전문가용"]', 1, 1373, 36, 1373);
INSERT INTO supporting_projects(supporting_project_id, supported_at, delivery_id, payment_id, project_id, user_id) VALUES (1374, (SELECT projects.start_date + INTERVAL 8 DAY FROM projects WHERE projects.id=36), 1, 1374, 36, 34);
INSERT INTO orders (order_id, created_at, delivery_id, payment_id, supporting_project_id) VALUES (1374, (SELECT projects.start_date + INTERVAL 8 DAY FROM projects WHERE projects.id=36), 1, 1374, 1374);
INSERT INTO supporting_packages(id, option_list, package_count, order_id, project_package_id, supporting_project_id) VALUES (1374, '["고급자용"]', 7, 1374, 36, 1374);
INSERT INTO supporting_projects(supporting_project_id, supported_at, delivery_id, payment_id, project_id, user_id) VALUES (1375, (SELECT projects.start_date + INTERVAL 4 DAY FROM projects WHERE projects.id=36), 1, 1375, 36, 5);
INSERT INTO orders (order_id, created_at, delivery_id, payment_id, supporting_project_id) VALUES (1375, (SELECT projects.start_date + INTERVAL 4 DAY FROM projects WHERE projects.id=36), 1, 1375, 1375);
INSERT INTO supporting_packages(id, option_list, package_count, order_id, project_package_id, supporting_project_id) VALUES (1375, '["고급자용"]', 3, 1375, 36, 1375);
INSERT INTO supporting_projects(supporting_project_id, supported_at, delivery_id, payment_id, project_id, user_id) VALUES (1376, (SELECT projects.start_date + INTERVAL 49 DAY FROM projects WHERE projects.id=36), 1, 1376, 36, 38);
INSERT INTO orders (order_id, created_at, delivery_id, payment_id, supporting_project_id) VALUES (1376, (SELECT projects.start_date + INTERVAL 49 DAY FROM projects WHERE projects.id=36), 1, 1376, 1376);
INSERT INTO supporting_packages(id, option_list, package_count, order_id, project_package_id, supporting_project_id) VALUES (1376, '["전문가용"]', 6, 1376, 36, 1376);
INSERT INTO supporting_projects(supporting_project_id, supported_at, delivery_id, payment_id, project_id, user_id) VALUES (1377, (SELECT projects.start_date + INTERVAL 39 DAY FROM projects WHERE projects.id=36), 1, 1377, 36, 35);
INSERT INTO orders (order_id, created_at, delivery_id, payment_id, supporting_project_id) VALUES (1377, (SELECT projects.start_date + INTERVAL 39 DAY FROM projects WHERE projects.id=36), 1, 1377, 1377);
INSERT INTO supporting_packages(id, option_list, package_count, order_id, project_package_id, supporting_project_id) VALUES (1377, '["전문가용"]', 4, 1377, 36, 1377);
INSERT INTO supporting_projects(supporting_project_id, supported_at, delivery_id, payment_id, project_id, user_id) VALUES (1378, (SELECT projects.start_date + INTERVAL 43 DAY FROM projects WHERE projects.id=36), 1, 1378, 36, 1);
INSERT INTO orders (order_id, created_at, delivery_id, payment_id, supporting_project_id) VALUES (1378, (SELECT projects.start_date + INTERVAL 43 DAY FROM projects WHERE projects.id=36), 1, 1378, 1378);
INSERT INTO supporting_packages(id, option_list, package_count, order_id, project_package_id, supporting_project_id) VALUES (1378, '["입문자용"]', 9, 1378, 36, 1378);
INSERT INTO supporting_projects(supporting_project_id, supported_at, delivery_id, payment_id, project_id, user_id) VALUES (1379, (SELECT projects.start_date + INTERVAL 6 DAY FROM projects WHERE projects.id=36), 1, 1379, 36, 14);
INSERT INTO orders (order_id, created_at, delivery_id, payment_id, supporting_project_id) VALUES (1379, (SELECT projects.start_date + INTERVAL 6 DAY FROM projects WHERE projects.id=36), 1, 1379, 1379);
INSERT INTO supporting_packages(id, option_list, package_count, order_id, project_package_id, supporting_project_id) VALUES (1379, '["입문자용"]', 9, 1379, 36, 1379);
INSERT INTO supporting_projects(supporting_project_id, supported_at, delivery_id, payment_id, project_id, user_id) VALUES (1380, (SELECT projects.start_date + INTERVAL 10 DAY FROM projects WHERE projects.id=36), 1, 1380, 36, 2);
INSERT INTO orders (order_id, created_at, delivery_id, payment_id, supporting_project_id) VALUES (1380, (SELECT projects.start_date + INTERVAL 10 DAY FROM projects WHERE projects.id=36), 1, 1380, 1380);
INSERT INTO supporting_packages(id, option_list, package_count, order_id, project_package_id, supporting_project_id) VALUES (1380, '["고급자용"]', 7, 1380, 36, 1380);
INSERT INTO supporting_projects(supporting_project_id, supported_at, delivery_id, payment_id, project_id, user_id) VALUES (1381, (SELECT projects.start_date + INTERVAL 23 DAY FROM projects WHERE projects.id=36), 1, 1381, 36, 28);
INSERT INTO orders (order_id, created_at, delivery_id, payment_id, supporting_project_id) VALUES (1381, (SELECT projects.start_date + INTERVAL 23 DAY FROM projects WHERE projects.id=36), 1, 1381, 1381);
INSERT INTO supporting_packages(id, option_list, package_count, order_id, project_package_id, supporting_project_id) VALUES (1381, '["전문가용"]', 2, 1381, 36, 1381);
INSERT INTO supporting_projects(supporting_project_id, supported_at, delivery_id, payment_id, project_id, user_id) VALUES (1382, (SELECT projects.start_date + INTERVAL 1 DAY FROM projects WHERE projects.id=36), 1, 1382, 36, 6);
INSERT INTO orders (order_id, created_at, delivery_id, payment_id, supporting_project_id) VALUES (1382, (SELECT projects.start_date + INTERVAL 1 DAY FROM projects WHERE projects.id=36), 1, 1382, 1382);
INSERT INTO supporting_packages(id, option_list, package_count, order_id, project_package_id, supporting_project_id) VALUES (1382, '["고급자용"]', 5, 1382, 36, 1382);
INSERT INTO supporting_projects(supporting_project_id, supported_at, delivery_id, payment_id, project_id, user_id) VALUES (1383, (SELECT projects.start_date + INTERVAL 35 DAY FROM projects WHERE projects.id=36), 1, 1383, 36, 28);
INSERT INTO orders (order_id, created_at, delivery_id, payment_id, supporting_project_id) VALUES (1383, (SELECT projects.start_date + INTERVAL 35 DAY FROM projects WHERE projects.id=36), 1, 1383, 1383);
INSERT INTO supporting_packages(id, option_list, package_count, order_id, project_package_id, supporting_project_id) VALUES (1383, '["전문가용"]', 7, 1383, 36, 1383);
INSERT INTO supporting_projects(supporting_project_id, supported_at, delivery_id, payment_id, project_id, user_id) VALUES (1384, (SELECT projects.start_date + INTERVAL 21 DAY FROM projects WHERE projects.id=36), 1, 1384, 36, 5);
INSERT INTO orders (order_id, created_at, delivery_id, payment_id, supporting_project_id) VALUES (1384, (SELECT projects.start_date + INTERVAL 21 DAY FROM projects WHERE projects.id=36), 1, 1384, 1384);
INSERT INTO supporting_packages(id, option_list, package_count, order_id, project_package_id, supporting_project_id) VALUES (1384, '["입문자용"]', 3, 1384, 36, 1384);
INSERT INTO supporting_projects(supporting_project_id, supported_at, delivery_id, payment_id, project_id, user_id) VALUES (1385, (SELECT projects.start_date + INTERVAL 46 DAY FROM projects WHERE projects.id=36), 1, 1385, 36, 28);
INSERT INTO orders (order_id, created_at, delivery_id, payment_id, supporting_project_id) VALUES (1385, (SELECT projects.start_date + INTERVAL 46 DAY FROM projects WHERE projects.id=36), 1, 1385, 1385);
INSERT INTO supporting_packages(id, option_list, package_count, order_id, project_package_id, supporting_project_id) VALUES (1385, '["전문가용"]', 2, 1385, 36, 1385);
INSERT INTO supporting_projects(supporting_project_id, supported_at, delivery_id, payment_id, project_id, user_id) VALUES (1386, (SELECT projects.start_date + INTERVAL 16 DAY FROM projects WHERE projects.id=36), 1, 1386, 36, 30);
INSERT INTO orders (order_id, created_at, delivery_id, payment_id, supporting_project_id) VALUES (1386, (SELECT projects.start_date + INTERVAL 16 DAY FROM projects WHERE projects.id=36), 1, 1386, 1386);
INSERT INTO supporting_packages(id, option_list, package_count, order_id, project_package_id, supporting_project_id) VALUES (1386, '["고급자용"]', 8, 1386, 36, 1386);
INSERT INTO supporting_projects(supporting_project_id, supported_at, delivery_id, payment_id, project_id, user_id) VALUES (1387, (SELECT projects.start_date + INTERVAL 44 DAY FROM projects WHERE projects.id=36), 1, 1387, 36, 30);
INSERT INTO orders (order_id, created_at, delivery_id, payment_id, supporting_project_id) VALUES (1387, (SELECT projects.start_date + INTERVAL 44 DAY FROM projects WHERE projects.id=36), 1, 1387, 1387);
INSERT INTO supporting_packages(id, option_list, package_count, order_id, project_package_id, supporting_project_id) VALUES (1387, '["입문자용"]', 10, 1387, 36, 1387);
INSERT INTO supporting_projects(supporting_project_id, supported_at, delivery_id, payment_id, project_id, user_id) VALUES (1388, (SELECT projects.start_date + INTERVAL 43 DAY FROM projects WHERE projects.id=36), 1, 1388, 36, 37);
INSERT INTO orders (order_id, created_at, delivery_id, payment_id, supporting_project_id) VALUES (1388, (SELECT projects.start_date + INTERVAL 43 DAY FROM projects WHERE projects.id=36), 1, 1388, 1388);
INSERT INTO supporting_packages(id, option_list, package_count, order_id, project_package_id, supporting_project_id) VALUES (1388, '["입문자용"]', 3, 1388, 36, 1388);
INSERT INTO supporting_projects(supporting_project_id, supported_at, delivery_id, payment_id, project_id, user_id) VALUES (1389, (SELECT projects.start_date + INTERVAL 36 DAY FROM projects WHERE projects.id=36), 1, 1389, 36, 7);
INSERT INTO orders (order_id, created_at, delivery_id, payment_id, supporting_project_id) VALUES (1389, (SELECT projects.start_date + INTERVAL 36 DAY FROM projects WHERE projects.id=36), 1, 1389, 1389);
INSERT INTO supporting_packages(id, option_list, package_count, order_id, project_package_id, supporting_project_id) VALUES (1389, '["고급자용"]', 4, 1389, 36, 1389);
INSERT INTO supporting_projects(supporting_project_id, supported_at, delivery_id, payment_id, project_id, user_id) VALUES (1390, (SELECT projects.start_date + INTERVAL 7 DAY FROM projects WHERE projects.id=36), 1, 1390, 36, 20);
INSERT INTO orders (order_id, created_at, delivery_id, payment_id, supporting_project_id) VALUES (1390, (SELECT projects.start_date + INTERVAL 7 DAY FROM projects WHERE projects.id=36), 1, 1390, 1390);
INSERT INTO supporting_packages(id, option_list, package_count, order_id, project_package_id, supporting_project_id) VALUES (1390, '["전문가용"]', 10, 1390, 36, 1390);
INSERT INTO supporting_projects(supporting_project_id, supported_at, delivery_id, payment_id, project_id, user_id) VALUES (1391, (SELECT projects.start_date + INTERVAL 28 DAY FROM projects WHERE projects.id=36), 1, 1391, 36, 9);
INSERT INTO orders (order_id, created_at, delivery_id, payment_id, supporting_project_id) VALUES (1391, (SELECT projects.start_date + INTERVAL 28 DAY FROM projects WHERE projects.id=36), 1, 1391, 1391);
INSERT INTO supporting_packages(id, option_list, package_count, order_id, project_package_id, supporting_project_id) VALUES (1391, '["입문자용"]', 1, 1391, 36, 1391);
INSERT INTO supporting_projects(supporting_project_id, supported_at, delivery_id, payment_id, project_id, user_id) VALUES (1392, (SELECT projects.start_date + INTERVAL 27 DAY FROM projects WHERE projects.id=36), 1, 1392, 36, 28);
INSERT INTO orders (order_id, created_at, delivery_id, payment_id, supporting_project_id) VALUES (1392, (SELECT projects.start_date + INTERVAL 27 DAY FROM projects WHERE projects.id=36), 1, 1392, 1392);
INSERT INTO supporting_packages(id, option_list, package_count, order_id, project_package_id, supporting_project_id) VALUES (1392, '["입문자용"]', 7, 1392, 36, 1392);
INSERT INTO supporting_projects(supporting_project_id, supported_at, delivery_id, payment_id, project_id, user_id) VALUES (1393, (SELECT projects.start_date + INTERVAL 41 DAY FROM projects WHERE projects.id=36), 1, 1393, 36, 9);
INSERT INTO orders (order_id, created_at, delivery_id, payment_id, supporting_project_id) VALUES (1393, (SELECT projects.start_date + INTERVAL 41 DAY FROM projects WHERE projects.id=36), 1, 1393, 1393);
INSERT INTO supporting_packages(id, option_list, package_count, order_id, project_package_id, supporting_project_id) VALUES (1393, '["전문가용"]', 7, 1393, 36, 1393);
INSERT INTO supporting_projects(supporting_project_id, supported_at, delivery_id, payment_id, project_id, user_id) VALUES (1394, (SELECT projects.start_date + INTERVAL 11 DAY FROM projects WHERE projects.id=36), 1, 1394, 36, 27);
INSERT INTO orders (order_id, created_at, delivery_id, payment_id, supporting_project_id) VALUES (1394, (SELECT projects.start_date + INTERVAL 11 DAY FROM projects WHERE projects.id=36), 1, 1394, 1394);
INSERT INTO supporting_packages(id, option_list, package_count, order_id, project_package_id, supporting_project_id) VALUES (1394, '["전문가용"]', 6, 1394, 36, 1394);
INSERT INTO supporting_projects(supporting_project_id, supported_at, delivery_id, payment_id, project_id, user_id) VALUES (1395, (SELECT projects.start_date + INTERVAL 3 DAY FROM projects WHERE projects.id=36), 1, 1395, 36, 23);
INSERT INTO orders (order_id, created_at, delivery_id, payment_id, supporting_project_id) VALUES (1395, (SELECT projects.start_date + INTERVAL 3 DAY FROM projects WHERE projects.id=36), 1, 1395, 1395);
INSERT INTO supporting_packages(id, option_list, package_count, order_id, project_package_id, supporting_project_id) VALUES (1395, '["입문자용"]', 4, 1395, 36, 1395);
INSERT INTO supporting_projects(supporting_project_id, supported_at, delivery_id, payment_id, project_id, user_id) VALUES (1396, (SELECT projects.start_date + INTERVAL 12 DAY FROM projects WHERE projects.id=36), 1, 1396, 36, 37);
INSERT INTO orders (order_id, created_at, delivery_id, payment_id, supporting_project_id) VALUES (1396, (SELECT projects.start_date + INTERVAL 12 DAY FROM projects WHERE projects.id=36), 1, 1396, 1396);
INSERT INTO supporting_packages(id, option_list, package_count, order_id, project_package_id, supporting_project_id) VALUES (1396, '["전문가용"]', 7, 1396, 36, 1396);
INSERT INTO supporting_projects(supporting_project_id, supported_at, delivery_id, payment_id, project_id, user_id) VALUES (1397, (SELECT projects.start_date + INTERVAL 29 DAY FROM projects WHERE projects.id=36), 1, 1397, 36, 12);
INSERT INTO orders (order_id, created_at, delivery_id, payment_id, supporting_project_id) VALUES (1397, (SELECT projects.start_date + INTERVAL 29 DAY FROM projects WHERE projects.id=36), 1, 1397, 1397);
INSERT INTO supporting_packages(id, option_list, package_count, order_id, project_package_id, supporting_project_id) VALUES (1397, '["입문자용"]', 2, 1397, 36, 1397);
INSERT INTO supporting_projects(supporting_project_id, supported_at, delivery_id, payment_id, project_id, user_id) VALUES (1398, (SELECT projects.start_date + INTERVAL 15 DAY FROM projects WHERE projects.id=36), 1, 1398, 36, 38);
INSERT INTO orders (order_id, created_at, delivery_id, payment_id, supporting_project_id) VALUES (1398, (SELECT projects.start_date + INTERVAL 15 DAY FROM projects WHERE projects.id=36), 1, 1398, 1398);
INSERT INTO supporting_packages(id, option_list, package_count, order_id, project_package_id, supporting_project_id) VALUES (1398, '["전문가용"]', 7, 1398, 36, 1398);
INSERT INTO supporting_projects(supporting_project_id, supported_at, delivery_id, payment_id, project_id, user_id) VALUES (1399, (SELECT projects.start_date + INTERVAL 7 DAY FROM projects WHERE projects.id=36), 1, 1399, 36, 21);
INSERT INTO orders (order_id, created_at, delivery_id, payment_id, supporting_project_id) VALUES (1399, (SELECT projects.start_date + INTERVAL 7 DAY FROM projects WHERE projects.id=36), 1, 1399, 1399);
INSERT INTO supporting_packages(id, option_list, package_count, order_id, project_package_id, supporting_project_id) VALUES (1399, '["전문가용"]', 7, 1399, 36, 1399);
INSERT INTO supporting_projects(supporting_project_id, supported_at, delivery_id, payment_id, project_id, user_id) VALUES (1400, (SELECT projects.start_date + INTERVAL 25 DAY FROM projects WHERE projects.id=36), 1, 1400, 36, 35);
INSERT INTO orders (order_id, created_at, delivery_id, payment_id, supporting_project_id) VALUES (1400, (SELECT projects.start_date + INTERVAL 25 DAY FROM projects WHERE projects.id=36), 1, 1400, 1400);
INSERT INTO supporting_packages(id, option_list, package_count, order_id, project_package_id, supporting_project_id) VALUES (1400, '["고급자용"]', 10, 1400, 36, 1400);
INSERT INTO supporting_projects(supporting_project_id, supported_at, delivery_id, payment_id, project_id, user_id) VALUES (1401, (SELECT projects.start_date + INTERVAL 32 DAY FROM projects WHERE projects.id=36), 1, 1401, 36, 24);
INSERT INTO orders (order_id, created_at, delivery_id, payment_id, supporting_project_id) VALUES (1401, (SELECT projects.start_date + INTERVAL 32 DAY FROM projects WHERE projects.id=36), 1, 1401, 1401);
INSERT INTO supporting_packages(id, option_list, package_count, order_id, project_package_id, supporting_project_id) VALUES (1401, '["고급자용"]', 4, 1401, 36, 1401);
INSERT INTO supporting_projects(supporting_project_id, supported_at, delivery_id, payment_id, project_id, user_id) VALUES (1402, (SELECT projects.start_date + INTERVAL 47 DAY FROM projects WHERE projects.id=36), 1, 1402, 36, 23);
INSERT INTO orders (order_id, created_at, delivery_id, payment_id, supporting_project_id) VALUES (1402, (SELECT projects.start_date + INTERVAL 47 DAY FROM projects WHERE projects.id=36), 1, 1402, 1402);
INSERT INTO supporting_packages(id, option_list, package_count, order_id, project_package_id, supporting_project_id) VALUES (1402, '["고급자용"]', 5, 1402, 36, 1402);
INSERT INTO supporting_projects(supporting_project_id, supported_at, delivery_id, payment_id, project_id, user_id) VALUES (1403, (SELECT projects.start_date + INTERVAL 16 DAY FROM projects WHERE projects.id=36), 1, 1403, 36, 31);
INSERT INTO orders (order_id, created_at, delivery_id, payment_id, supporting_project_id) VALUES (1403, (SELECT projects.start_date + INTERVAL 16 DAY FROM projects WHERE projects.id=36), 1, 1403, 1403);
INSERT INTO supporting_packages(id, option_list, package_count, order_id, project_package_id, supporting_project_id) VALUES (1403, '["입문자용"]', 7, 1403, 36, 1403);
INSERT INTO supporting_projects(supporting_project_id, supported_at, delivery_id, payment_id, project_id, user_id) VALUES (1404, (SELECT projects.start_date + INTERVAL 27 DAY FROM projects WHERE projects.id=36), 1, 1404, 36, 36);
INSERT INTO orders (order_id, created_at, delivery_id, payment_id, supporting_project_id) VALUES (1404, (SELECT projects.start_date + INTERVAL 27 DAY FROM projects WHERE projects.id=36), 1, 1404, 1404);
INSERT INTO supporting_packages(id, option_list, package_count, order_id, project_package_id, supporting_project_id) VALUES (1404, '["입문자용"]', 6, 1404, 36, 1404);
INSERT INTO supporting_projects(supporting_project_id, supported_at, delivery_id, payment_id, project_id, user_id) VALUES (1405, (SELECT projects.start_date + INTERVAL 40 DAY FROM projects WHERE projects.id=36), 1, 1405, 36, 36);
INSERT INTO orders (order_id, created_at, delivery_id, payment_id, supporting_project_id) VALUES (1405, (SELECT projects.start_date + INTERVAL 40 DAY FROM projects WHERE projects.id=36), 1, 1405, 1405);
INSERT INTO supporting_packages(id, option_list, package_count, order_id, project_package_id, supporting_project_id) VALUES (1405, '["고급자용"]', 3, 1405, 36, 1405);
INSERT INTO supporting_projects(supporting_project_id, supported_at, delivery_id, payment_id, project_id, user_id) VALUES (1406, (SELECT projects.start_date + INTERVAL 6 DAY FROM projects WHERE projects.id=36), 1, 1406, 36, 9);
INSERT INTO orders (order_id, created_at, delivery_id, payment_id, supporting_project_id) VALUES (1406, (SELECT projects.start_date + INTERVAL 6 DAY FROM projects WHERE projects.id=36), 1, 1406, 1406);
INSERT INTO supporting_packages(id, option_list, package_count, order_id, project_package_id, supporting_project_id) VALUES (1406, '["고급자용"]', 10, 1406, 36, 1406);
INSERT INTO supporting_projects(supporting_project_id, supported_at, delivery_id, payment_id, project_id, user_id) VALUES (1407, (SELECT projects.start_date + INTERVAL 9 DAY FROM projects WHERE projects.id=36), 1, 1407, 36, 11);
INSERT INTO orders (order_id, created_at, delivery_id, payment_id, supporting_project_id) VALUES (1407, (SELECT projects.start_date + INTERVAL 9 DAY FROM projects WHERE projects.id=36), 1, 1407, 1407);
INSERT INTO supporting_packages(id, option_list, package_count, order_id, project_package_id, supporting_project_id) VALUES (1407, '["고급자용"]', 4, 1407, 36, 1407);
INSERT INTO supporting_projects(supporting_project_id, supported_at, delivery_id, payment_id, project_id, user_id) VALUES (1408, (SELECT projects.start_date + INTERVAL 45 DAY FROM projects WHERE projects.id=36), 1, 1408, 36, 19);
INSERT INTO orders (order_id, created_at, delivery_id, payment_id, supporting_project_id) VALUES (1408, (SELECT projects.start_date + INTERVAL 45 DAY FROM projects WHERE projects.id=36), 1, 1408, 1408);
INSERT INTO supporting_packages(id, option_list, package_count, order_id, project_package_id, supporting_project_id) VALUES (1408, '["입문자용"]', 4, 1408, 36, 1408);
INSERT INTO supporting_projects(supporting_project_id, supported_at, delivery_id, payment_id, project_id, user_id) VALUES (1409, (SELECT projects.start_date + INTERVAL 2 DAY FROM projects WHERE projects.id=36), 1, 1409, 36, 28);
INSERT INTO orders (order_id, created_at, delivery_id, payment_id, supporting_project_id) VALUES (1409, (SELECT projects.start_date + INTERVAL 2 DAY FROM projects WHERE projects.id=36), 1, 1409, 1409);
INSERT INTO supporting_packages(id, option_list, package_count, order_id, project_package_id, supporting_project_id) VALUES (1409, '["입문자용"]', 4, 1409, 36, 1409);
INSERT INTO supporting_projects(supporting_project_id, supported_at, delivery_id, payment_id, project_id, user_id) VALUES (1410, (SELECT projects.start_date + INTERVAL 32 DAY FROM projects WHERE projects.id=36), 1, 1410, 36, 29);
INSERT INTO orders (order_id, created_at, delivery_id, payment_id, supporting_project_id) VALUES (1410, (SELECT projects.start_date + INTERVAL 32 DAY FROM projects WHERE projects.id=36), 1, 1410, 1410);
INSERT INTO supporting_packages(id, option_list, package_count, order_id, project_package_id, supporting_project_id) VALUES (1410, '["전문가용"]', 5, 1410, 36, 1410);
INSERT INTO supporting_projects(supporting_project_id, supported_at, delivery_id, payment_id, project_id, user_id) VALUES (1411, (SELECT projects.start_date + INTERVAL 50 DAY FROM projects WHERE projects.id=36), 1, 1411, 36, 33);
INSERT INTO orders (order_id, created_at, delivery_id, payment_id, supporting_project_id) VALUES (1411, (SELECT projects.start_date + INTERVAL 50 DAY FROM projects WHERE projects.id=36), 1, 1411, 1411);
INSERT INTO supporting_packages(id, option_list, package_count, order_id, project_package_id, supporting_project_id) VALUES (1411, '["고급자용"]', 3, 1411, 36, 1411);
INSERT INTO supporting_projects(supporting_project_id, supported_at, delivery_id, payment_id, project_id, user_id) VALUES (1412, (SELECT projects.start_date + INTERVAL 49 DAY FROM projects WHERE projects.id=36), 1, 1412, 36, 11);
INSERT INTO orders (order_id, created_at, delivery_id, payment_id, supporting_project_id) VALUES (1412, (SELECT projects.start_date + INTERVAL 49 DAY FROM projects WHERE projects.id=36), 1, 1412, 1412);
INSERT INTO supporting_packages(id, option_list, package_count, order_id, project_package_id, supporting_project_id) VALUES (1412, '["입문자용"]', 1, 1412, 36, 1412);
INSERT INTO supporting_projects(supporting_project_id, supported_at, delivery_id, payment_id, project_id, user_id) VALUES (1413, (SELECT projects.start_date + INTERVAL 34 DAY FROM projects WHERE projects.id=36), 1, 1413, 36, 17);
INSERT INTO orders (order_id, created_at, delivery_id, payment_id, supporting_project_id) VALUES (1413, (SELECT projects.start_date + INTERVAL 34 DAY FROM projects WHERE projects.id=36), 1, 1413, 1413);
INSERT INTO supporting_packages(id, option_list, package_count, order_id, project_package_id, supporting_project_id) VALUES (1413, '["입문자용"]', 6, 1413, 36, 1413);
INSERT INTO supporting_projects(supporting_project_id, supported_at, delivery_id, payment_id, project_id, user_id) VALUES (1414, (SELECT projects.start_date + INTERVAL 10 DAY FROM projects WHERE projects.id=36), 1, 1414, 36, 37);
INSERT INTO orders (order_id, created_at, delivery_id, payment_id, supporting_project_id) VALUES (1414, (SELECT projects.start_date + INTERVAL 10 DAY FROM projects WHERE projects.id=36), 1, 1414, 1414);
INSERT INTO supporting_packages(id, option_list, package_count, order_id, project_package_id, supporting_project_id) VALUES (1414, '["전문가용"]', 9, 1414, 36, 1414);
INSERT INTO supporting_projects(supporting_project_id, supported_at, delivery_id, payment_id, project_id, user_id) VALUES (1415, (SELECT projects.start_date + INTERVAL 41 DAY FROM projects WHERE projects.id=36), 1, 1415, 36, 19);
INSERT INTO orders (order_id, created_at, delivery_id, payment_id, supporting_project_id) VALUES (1415, (SELECT projects.start_date + INTERVAL 41 DAY FROM projects WHERE projects.id=36), 1, 1415, 1415);
INSERT INTO supporting_packages(id, option_list, package_count, order_id, project_package_id, supporting_project_id) VALUES (1415, '["입문자용"]', 2, 1415, 36, 1415);
INSERT INTO supporting_projects(supporting_project_id, supported_at, delivery_id, payment_id, project_id, user_id) VALUES (1416, (SELECT projects.start_date + INTERVAL 32 DAY FROM projects WHERE projects.id=36), 1, 1416, 36, 21);
INSERT INTO orders (order_id, created_at, delivery_id, payment_id, supporting_project_id) VALUES (1416, (SELECT projects.start_date + INTERVAL 32 DAY FROM projects WHERE projects.id=36), 1, 1416, 1416);
INSERT INTO supporting_packages(id, option_list, package_count, order_id, project_package_id, supporting_project_id) VALUES (1416, '["전문가용"]', 6, 1416, 36, 1416);
INSERT INTO supporting_projects(supporting_project_id, supported_at, delivery_id, payment_id, project_id, user_id) VALUES (1417, (SELECT projects.start_date + INTERVAL 3 DAY FROM projects WHERE projects.id=36), 1, 1417, 36, 20);
INSERT INTO orders (order_id, created_at, delivery_id, payment_id, supporting_project_id) VALUES (1417, (SELECT projects.start_date + INTERVAL 3 DAY FROM projects WHERE projects.id=36), 1, 1417, 1417);
INSERT INTO supporting_packages(id, option_list, package_count, order_id, project_package_id, supporting_project_id) VALUES (1417, '["전문가용"]', 6, 1417, 36, 1417);
INSERT INTO supporting_projects(supporting_project_id, supported_at, delivery_id, payment_id, project_id, user_id) VALUES (1418, (SELECT projects.start_date + INTERVAL 47 DAY FROM projects WHERE projects.id=36), 1, 1418, 36, 11);
INSERT INTO orders (order_id, created_at, delivery_id, payment_id, supporting_project_id) VALUES (1418, (SELECT projects.start_date + INTERVAL 47 DAY FROM projects WHERE projects.id=36), 1, 1418, 1418);
INSERT INTO supporting_packages(id, option_list, package_count, order_id, project_package_id, supporting_project_id) VALUES (1418, '["고급자용"]', 9, 1418, 36, 1418);
INSERT INTO supporting_projects(supporting_project_id, supported_at, delivery_id, payment_id, project_id, user_id) VALUES (1419, (SELECT projects.start_date + INTERVAL 46 DAY FROM projects WHERE projects.id=36), 1, 1419, 36, 15);
INSERT INTO orders (order_id, created_at, delivery_id, payment_id, supporting_project_id) VALUES (1419, (SELECT projects.start_date + INTERVAL 46 DAY FROM projects WHERE projects.id=36), 1, 1419, 1419);
INSERT INTO supporting_packages(id, option_list, package_count, order_id, project_package_id, supporting_project_id) VALUES (1419, '["고급자용"]', 9, 1419, 36, 1419);
INSERT INTO supporting_projects(supporting_project_id, supported_at, delivery_id, payment_id, project_id, user_id) VALUES (1420, (SELECT projects.start_date + INTERVAL 43 DAY FROM projects WHERE projects.id=36), 1, 1420, 36, 37);
INSERT INTO orders (order_id, created_at, delivery_id, payment_id, supporting_project_id) VALUES (1420, (SELECT projects.start_date + INTERVAL 43 DAY FROM projects WHERE projects.id=36), 1, 1420, 1420);
INSERT INTO supporting_packages(id, option_list, package_count, order_id, project_package_id, supporting_project_id) VALUES (1420, '["전문가용"]', 9, 1420, 36, 1420);
INSERT INTO supporting_projects(supporting_project_id, supported_at, delivery_id, payment_id, project_id, user_id) VALUES (1421, (SELECT projects.start_date + INTERVAL 26 DAY FROM projects WHERE projects.id=36), 1, 1421, 36, 40);
INSERT INTO orders (order_id, created_at, delivery_id, payment_id, supporting_project_id) VALUES (1421, (SELECT projects.start_date + INTERVAL 26 DAY FROM projects WHERE projects.id=36), 1, 1421, 1421);
INSERT INTO supporting_packages(id, option_list, package_count, order_id, project_package_id, supporting_project_id) VALUES (1421, '["전문가용"]', 2, 1421, 36, 1421);
INSERT INTO supporting_projects(supporting_project_id, supported_at, delivery_id, payment_id, project_id, user_id) VALUES (1422, (SELECT projects.start_date + INTERVAL 17 DAY FROM projects WHERE projects.id=36), 1, 1422, 36, 15);
INSERT INTO orders (order_id, created_at, delivery_id, payment_id, supporting_project_id) VALUES (1422, (SELECT projects.start_date + INTERVAL 17 DAY FROM projects WHERE projects.id=36), 1, 1422, 1422);
INSERT INTO supporting_packages(id, option_list, package_count, order_id, project_package_id, supporting_project_id) VALUES (1422, '["고급자용"]', 7, 1422, 36, 1422);
INSERT INTO supporting_projects(supporting_project_id, supported_at, delivery_id, payment_id, project_id, user_id) VALUES (1423, (SELECT projects.start_date + INTERVAL 5 DAY FROM projects WHERE projects.id=36), 1, 1423, 36, 36);
INSERT INTO orders (order_id, created_at, delivery_id, payment_id, supporting_project_id) VALUES (1423, (SELECT projects.start_date + INTERVAL 5 DAY FROM projects WHERE projects.id=36), 1, 1423, 1423);
INSERT INTO supporting_packages(id, option_list, package_count, order_id, project_package_id, supporting_project_id) VALUES (1423, '["입문자용"]', 5, 1423, 36, 1423);
INSERT INTO supporting_projects(supporting_project_id, supported_at, delivery_id, payment_id, project_id, user_id) VALUES (1424, (SELECT projects.start_date + INTERVAL 48 DAY FROM projects WHERE projects.id=36), 1, 1424, 36, 30);
INSERT INTO orders (order_id, created_at, delivery_id, payment_id, supporting_project_id) VALUES (1424, (SELECT projects.start_date + INTERVAL 48 DAY FROM projects WHERE projects.id=36), 1, 1424, 1424);
INSERT INTO supporting_packages(id, option_list, package_count, order_id, project_package_id, supporting_project_id) VALUES (1424, '["전문가용"]', 6, 1424, 36, 1424);
INSERT INTO supporting_projects(supporting_project_id, supported_at, delivery_id, payment_id, project_id, user_id) VALUES (1425, (SELECT projects.start_date + INTERVAL 37 DAY FROM projects WHERE projects.id=36), 1, 1425, 36, 22);
INSERT INTO orders (order_id, created_at, delivery_id, payment_id, supporting_project_id) VALUES (1425, (SELECT projects.start_date + INTERVAL 37 DAY FROM projects WHERE projects.id=36), 1, 1425, 1425);
INSERT INTO supporting_packages(id, option_list, package_count, order_id, project_package_id, supporting_project_id) VALUES (1425, '["입문자용"]', 9, 1425, 36, 1425);
INSERT INTO supporting_projects(supporting_project_id, supported_at, delivery_id, payment_id, project_id, user_id) VALUES (1426, (SELECT projects.start_date + INTERVAL 13 DAY FROM projects WHERE projects.id=36), 1, 1426, 36, 5);
INSERT INTO orders (order_id, created_at, delivery_id, payment_id, supporting_project_id) VALUES (1426, (SELECT projects.start_date + INTERVAL 13 DAY FROM projects WHERE projects.id=36), 1, 1426, 1426);
INSERT INTO supporting_packages(id, option_list, package_count, order_id, project_package_id, supporting_project_id) VALUES (1426, '["입문자용"]', 9, 1426, 36, 1426);
INSERT INTO supporting_projects(supporting_project_id, supported_at, delivery_id, payment_id, project_id, user_id) VALUES (1427, (SELECT projects.start_date + INTERVAL 33 DAY FROM projects WHERE projects.id=36), 1, 1427, 36, 5);
INSERT INTO orders (order_id, created_at, delivery_id, payment_id, supporting_project_id) VALUES (1427, (SELECT projects.start_date + INTERVAL 33 DAY FROM projects WHERE projects.id=36), 1, 1427, 1427);
INSERT INTO supporting_packages(id, option_list, package_count, order_id, project_package_id, supporting_project_id) VALUES (1427, '["고급자용"]', 5, 1427, 36, 1427);
INSERT INTO supporting_projects(supporting_project_id, supported_at, delivery_id, payment_id, project_id, user_id) VALUES (1428, (SELECT projects.start_date + INTERVAL 42 DAY FROM projects WHERE projects.id=38), 1, 1428, 38, 17);
INSERT INTO orders (order_id, created_at, delivery_id, payment_id, supporting_project_id) VALUES (1428, (SELECT projects.start_date + INTERVAL 42 DAY FROM projects WHERE projects.id=38), 1, 1428, 1428);
INSERT INTO supporting_packages(id, option_list, package_count, order_id, project_package_id, supporting_project_id) VALUES (1428, '["1인"]', 6, 1428, 38, 1428);
INSERT INTO supporting_projects(supporting_project_id, supported_at, delivery_id, payment_id, project_id, user_id) VALUES (1429, (SELECT projects.start_date + INTERVAL 25 DAY FROM projects WHERE projects.id=38), 1, 1429, 38, 32);
INSERT INTO orders (order_id, created_at, delivery_id, payment_id, supporting_project_id) VALUES (1429, (SELECT projects.start_date + INTERVAL 25 DAY FROM projects WHERE projects.id=38), 1, 1429, 1429);
INSERT INTO supporting_packages(id, option_list, package_count, order_id, project_package_id, supporting_project_id) VALUES (1429, '["2인"]', 2, 1429, 38, 1429);
INSERT INTO supporting_projects(supporting_project_id, supported_at, delivery_id, payment_id, project_id, user_id) VALUES (1430, (SELECT projects.start_date + INTERVAL 33 DAY FROM projects WHERE projects.id=38), 1, 1430, 38, 31);
INSERT INTO orders (order_id, created_at, delivery_id, payment_id, supporting_project_id) VALUES (1430, (SELECT projects.start_date + INTERVAL 33 DAY FROM projects WHERE projects.id=38), 1, 1430, 1430);
INSERT INTO supporting_packages(id, option_list, package_count, order_id, project_package_id, supporting_project_id) VALUES (1430, '["1인"]', 2, 1430, 38, 1430);
INSERT INTO supporting_projects(supporting_project_id, supported_at, delivery_id, payment_id, project_id, user_id) VALUES (1431, (SELECT projects.start_date + INTERVAL 4 DAY FROM projects WHERE projects.id=38), 1, 1431, 38, 39);
INSERT INTO orders (order_id, created_at, delivery_id, payment_id, supporting_project_id) VALUES (1431, (SELECT projects.start_date + INTERVAL 4 DAY FROM projects WHERE projects.id=38), 1, 1431, 1431);
INSERT INTO supporting_packages(id, option_list, package_count, order_id, project_package_id, supporting_project_id) VALUES (1431, '["2인"]', 8, 1431, 38, 1431);
INSERT INTO supporting_projects(supporting_project_id, supported_at, delivery_id, payment_id, project_id, user_id) VALUES (1432, (SELECT projects.start_date + INTERVAL 23 DAY FROM projects WHERE projects.id=38), 1, 1432, 38, 18);
INSERT INTO orders (order_id, created_at, delivery_id, payment_id, supporting_project_id) VALUES (1432, (SELECT projects.start_date + INTERVAL 23 DAY FROM projects WHERE projects.id=38), 1, 1432, 1432);
INSERT INTO supporting_packages(id, option_list, package_count, order_id, project_package_id, supporting_project_id) VALUES (1432, '["가족용"]', 8, 1432, 38, 1432);
INSERT INTO supporting_projects(supporting_project_id, supported_at, delivery_id, payment_id, project_id, user_id) VALUES (1433, (SELECT projects.start_date + INTERVAL 20 DAY FROM projects WHERE projects.id=38), 1, 1433, 38, 20);
INSERT INTO orders (order_id, created_at, delivery_id, payment_id, supporting_project_id) VALUES (1433, (SELECT projects.start_date + INTERVAL 20 DAY FROM projects WHERE projects.id=38), 1, 1433, 1433);
INSERT INTO supporting_packages(id, option_list, package_count, order_id, project_package_id, supporting_project_id) VALUES (1433, '["1인"]', 7, 1433, 38, 1433);
INSERT INTO supporting_projects(supporting_project_id, supported_at, delivery_id, payment_id, project_id, user_id) VALUES (1434, (SELECT projects.start_date + INTERVAL 33 DAY FROM projects WHERE projects.id=38), 1, 1434, 38, 7);
INSERT INTO orders (order_id, created_at, delivery_id, payment_id, supporting_project_id) VALUES (1434, (SELECT projects.start_date + INTERVAL 33 DAY FROM projects WHERE projects.id=38), 1, 1434, 1434);
INSERT INTO supporting_packages(id, option_list, package_count, order_id, project_package_id, supporting_project_id) VALUES (1434, '["2인"]', 6, 1434, 38, 1434);
INSERT INTO supporting_projects(supporting_project_id, supported_at, delivery_id, payment_id, project_id, user_id) VALUES (1435, (SELECT projects.start_date + INTERVAL 46 DAY FROM projects WHERE projects.id=38), 1, 1435, 38, 9);
INSERT INTO orders (order_id, created_at, delivery_id, payment_id, supporting_project_id) VALUES (1435, (SELECT projects.start_date + INTERVAL 46 DAY FROM projects WHERE projects.id=38), 1, 1435, 1435);
INSERT INTO supporting_packages(id, option_list, package_count, order_id, project_package_id, supporting_project_id) VALUES (1435, '["2인"]', 5, 1435, 38, 1435);
INSERT INTO supporting_projects(supporting_project_id, supported_at, delivery_id, payment_id, project_id, user_id) VALUES (1436, (SELECT projects.start_date + INTERVAL 37 DAY FROM projects WHERE projects.id=38), 1, 1436, 38, 16);
INSERT INTO orders (order_id, created_at, delivery_id, payment_id, supporting_project_id) VALUES (1436, (SELECT projects.start_date + INTERVAL 37 DAY FROM projects WHERE projects.id=38), 1, 1436, 1436);
INSERT INTO supporting_packages(id, option_list, package_count, order_id, project_package_id, supporting_project_id) VALUES (1436, '["2인"]', 3, 1436, 38, 1436);
INSERT INTO supporting_projects(supporting_project_id, supported_at, delivery_id, payment_id, project_id, user_id) VALUES (1437, (SELECT projects.start_date + INTERVAL 2 DAY FROM projects WHERE projects.id=38), 1, 1437, 38, 30);
INSERT INTO orders (order_id, created_at, delivery_id, payment_id, supporting_project_id) VALUES (1437, (SELECT projects.start_date + INTERVAL 2 DAY FROM projects WHERE projects.id=38), 1, 1437, 1437);
INSERT INTO supporting_packages(id, option_list, package_count, order_id, project_package_id, supporting_project_id) VALUES (1437, '["가족용"]', 9, 1437, 38, 1437);
INSERT INTO supporting_projects(supporting_project_id, supported_at, delivery_id, payment_id, project_id, user_id) VALUES (1438, (SELECT projects.start_date + INTERVAL 46 DAY FROM projects WHERE projects.id=38), 1, 1438, 38, 26);
INSERT INTO orders (order_id, created_at, delivery_id, payment_id, supporting_project_id) VALUES (1438, (SELECT projects.start_date + INTERVAL 46 DAY FROM projects WHERE projects.id=38), 1, 1438, 1438);
INSERT INTO supporting_packages(id, option_list, package_count, order_id, project_package_id, supporting_project_id) VALUES (1438, '["1인"]', 7, 1438, 38, 1438);
INSERT INTO supporting_projects(supporting_project_id, supported_at, delivery_id, payment_id, project_id, user_id) VALUES (1439, (SELECT projects.start_date + INTERVAL 7 DAY FROM projects WHERE projects.id=38), 1, 1439, 38, 30);
INSERT INTO orders (order_id, created_at, delivery_id, payment_id, supporting_project_id) VALUES (1439, (SELECT projects.start_date + INTERVAL 7 DAY FROM projects WHERE projects.id=38), 1, 1439, 1439);
INSERT INTO supporting_packages(id, option_list, package_count, order_id, project_package_id, supporting_project_id) VALUES (1439, '["1인"]', 6, 1439, 38, 1439);
INSERT INTO supporting_projects(supporting_project_id, supported_at, delivery_id, payment_id, project_id, user_id) VALUES (1440, (SELECT projects.start_date + INTERVAL 23 DAY FROM projects WHERE projects.id=38), 1, 1440, 38, 8);
INSERT INTO orders (order_id, created_at, delivery_id, payment_id, supporting_project_id) VALUES (1440, (SELECT projects.start_date + INTERVAL 23 DAY FROM projects WHERE projects.id=38), 1, 1440, 1440);
INSERT INTO supporting_packages(id, option_list, package_count, order_id, project_package_id, supporting_project_id) VALUES (1440, '["2인"]', 5, 1440, 38, 1440);
INSERT INTO supporting_projects(supporting_project_id, supported_at, delivery_id, payment_id, project_id, user_id) VALUES (1441, (SELECT projects.start_date + INTERVAL 18 DAY FROM projects WHERE projects.id=38), 1, 1441, 38, 11);
INSERT INTO orders (order_id, created_at, delivery_id, payment_id, supporting_project_id) VALUES (1441, (SELECT projects.start_date + INTERVAL 18 DAY FROM projects WHERE projects.id=38), 1, 1441, 1441);
INSERT INTO supporting_packages(id, option_list, package_count, order_id, project_package_id, supporting_project_id) VALUES (1441, '["가족용"]', 1, 1441, 38, 1441);
INSERT INTO supporting_projects(supporting_project_id, supported_at, delivery_id, payment_id, project_id, user_id) VALUES (1442, (SELECT projects.start_date + INTERVAL 35 DAY FROM projects WHERE projects.id=38), 1, 1442, 38, 22);
INSERT INTO orders (order_id, created_at, delivery_id, payment_id, supporting_project_id) VALUES (1442, (SELECT projects.start_date + INTERVAL 35 DAY FROM projects WHERE projects.id=38), 1, 1442, 1442);
INSERT INTO supporting_packages(id, option_list, package_count, order_id, project_package_id, supporting_project_id) VALUES (1442, '["2인"]', 10, 1442, 38, 1442);
INSERT INTO supporting_projects(supporting_project_id, supported_at, delivery_id, payment_id, project_id, user_id) VALUES (1443, (SELECT projects.start_date + INTERVAL 3 DAY FROM projects WHERE projects.id=38), 1, 1443, 38, 2);
INSERT INTO orders (order_id, created_at, delivery_id, payment_id, supporting_project_id) VALUES (1443, (SELECT projects.start_date + INTERVAL 3 DAY FROM projects WHERE projects.id=38), 1, 1443, 1443);
INSERT INTO supporting_packages(id, option_list, package_count, order_id, project_package_id, supporting_project_id) VALUES (1443, '["1인"]', 2, 1443, 38, 1443);
INSERT INTO supporting_projects(supporting_project_id, supported_at, delivery_id, payment_id, project_id, user_id) VALUES (1444, (SELECT projects.start_date + INTERVAL 39 DAY FROM projects WHERE projects.id=38), 1, 1444, 38, 5);
INSERT INTO orders (order_id, created_at, delivery_id, payment_id, supporting_project_id) VALUES (1444, (SELECT projects.start_date + INTERVAL 39 DAY FROM projects WHERE projects.id=38), 1, 1444, 1444);
INSERT INTO supporting_packages(id, option_list, package_count, order_id, project_package_id, supporting_project_id) VALUES (1444, '["1인"]', 7, 1444, 38, 1444);
INSERT INTO supporting_projects(supporting_project_id, supported_at, delivery_id, payment_id, project_id, user_id) VALUES (1445, (SELECT projects.start_date + INTERVAL 33 DAY FROM projects WHERE projects.id=38), 1, 1445, 38, 32);
INSERT INTO orders (order_id, created_at, delivery_id, payment_id, supporting_project_id) VALUES (1445, (SELECT projects.start_date + INTERVAL 33 DAY FROM projects WHERE projects.id=38), 1, 1445, 1445);
INSERT INTO supporting_packages(id, option_list, package_count, order_id, project_package_id, supporting_project_id) VALUES (1445, '["1인"]', 5, 1445, 38, 1445);
INSERT INTO supporting_projects(supporting_project_id, supported_at, delivery_id, payment_id, project_id, user_id) VALUES (1446, (SELECT projects.start_date + INTERVAL 2 DAY FROM projects WHERE projects.id=38), 1, 1446, 38, 19);
INSERT INTO orders (order_id, created_at, delivery_id, payment_id, supporting_project_id) VALUES (1446, (SELECT projects.start_date + INTERVAL 2 DAY FROM projects WHERE projects.id=38), 1, 1446, 1446);
INSERT INTO supporting_packages(id, option_list, package_count, order_id, project_package_id, supporting_project_id) VALUES (1446, '["2인"]', 4, 1446, 38, 1446);
INSERT INTO supporting_projects(supporting_project_id, supported_at, delivery_id, payment_id, project_id, user_id) VALUES (1447, (SELECT projects.start_date + INTERVAL 28 DAY FROM projects WHERE projects.id=38), 1, 1447, 38, 3);
INSERT INTO orders (order_id, created_at, delivery_id, payment_id, supporting_project_id) VALUES (1447, (SELECT projects.start_date + INTERVAL 28 DAY FROM projects WHERE projects.id=38), 1, 1447, 1447);
INSERT INTO supporting_packages(id, option_list, package_count, order_id, project_package_id, supporting_project_id) VALUES (1447, '["가족용"]', 3, 1447, 38, 1447);
INSERT INTO supporting_projects(supporting_project_id, supported_at, delivery_id, payment_id, project_id, user_id) VALUES (1448, (SELECT projects.start_date + INTERVAL 37 DAY FROM projects WHERE projects.id=38), 1, 1448, 38, 12);
INSERT INTO orders (order_id, created_at, delivery_id, payment_id, supporting_project_id) VALUES (1448, (SELECT projects.start_date + INTERVAL 37 DAY FROM projects WHERE projects.id=38), 1, 1448, 1448);
INSERT INTO supporting_packages(id, option_list, package_count, order_id, project_package_id, supporting_project_id) VALUES (1448, '["가족용"]', 2, 1448, 38, 1448);
INSERT INTO supporting_projects(supporting_project_id, supported_at, delivery_id, payment_id, project_id, user_id) VALUES (1449, (SELECT projects.start_date + INTERVAL 18 DAY FROM projects WHERE projects.id=38), 1, 1449, 38, 14);
INSERT INTO orders (order_id, created_at, delivery_id, payment_id, supporting_project_id) VALUES (1449, (SELECT projects.start_date + INTERVAL 18 DAY FROM projects WHERE projects.id=38), 1, 1449, 1449);
INSERT INTO supporting_packages(id, option_list, package_count, order_id, project_package_id, supporting_project_id) VALUES (1449, '["2인"]', 9, 1449, 38, 1449);
INSERT INTO supporting_projects(supporting_project_id, supported_at, delivery_id, payment_id, project_id, user_id) VALUES (1450, (SELECT projects.start_date + INTERVAL 48 DAY FROM projects WHERE projects.id=38), 1, 1450, 38, 11);
INSERT INTO orders (order_id, created_at, delivery_id, payment_id, supporting_project_id) VALUES (1450, (SELECT projects.start_date + INTERVAL 48 DAY FROM projects WHERE projects.id=38), 1, 1450, 1450);
INSERT INTO supporting_packages(id, option_list, package_count, order_id, project_package_id, supporting_project_id) VALUES (1450, '["2인"]', 10, 1450, 38, 1450);
INSERT INTO supporting_projects(supporting_project_id, supported_at, delivery_id, payment_id, project_id, user_id) VALUES (1451, (SELECT projects.start_date + INTERVAL 16 DAY FROM projects WHERE projects.id=38), 1, 1451, 38, 21);
INSERT INTO orders (order_id, created_at, delivery_id, payment_id, supporting_project_id) VALUES (1451, (SELECT projects.start_date + INTERVAL 16 DAY FROM projects WHERE projects.id=38), 1, 1451, 1451);
INSERT INTO supporting_packages(id, option_list, package_count, order_id, project_package_id, supporting_project_id) VALUES (1451, '["가족용"]', 5, 1451, 38, 1451);
INSERT INTO supporting_projects(supporting_project_id, supported_at, delivery_id, payment_id, project_id, user_id) VALUES (1452, (SELECT projects.start_date + INTERVAL 20 DAY FROM projects WHERE projects.id=38), 1, 1452, 38, 35);
INSERT INTO orders (order_id, created_at, delivery_id, payment_id, supporting_project_id) VALUES (1452, (SELECT projects.start_date + INTERVAL 20 DAY FROM projects WHERE projects.id=38), 1, 1452, 1452);
INSERT INTO supporting_packages(id, option_list, package_count, order_id, project_package_id, supporting_project_id) VALUES (1452, '["1인"]', 10, 1452, 38, 1452);
INSERT INTO supporting_projects(supporting_project_id, supported_at, delivery_id, payment_id, project_id, user_id) VALUES (1453, (SELECT projects.start_date + INTERVAL 17 DAY FROM projects WHERE projects.id=38), 1, 1453, 38, 36);
INSERT INTO orders (order_id, created_at, delivery_id, payment_id, supporting_project_id) VALUES (1453, (SELECT projects.start_date + INTERVAL 17 DAY FROM projects WHERE projects.id=38), 1, 1453, 1453);
INSERT INTO supporting_packages(id, option_list, package_count, order_id, project_package_id, supporting_project_id) VALUES (1453, '["2인"]', 2, 1453, 38, 1453);
INSERT INTO supporting_projects(supporting_project_id, supported_at, delivery_id, payment_id, project_id, user_id) VALUES (1454, (SELECT projects.start_date + INTERVAL 10 DAY FROM projects WHERE projects.id=38), 1, 1454, 38, 31);
INSERT INTO orders (order_id, created_at, delivery_id, payment_id, supporting_project_id) VALUES (1454, (SELECT projects.start_date + INTERVAL 10 DAY FROM projects WHERE projects.id=38), 1, 1454, 1454);
INSERT INTO supporting_packages(id, option_list, package_count, order_id, project_package_id, supporting_project_id) VALUES (1454, '["2인"]', 9, 1454, 38, 1454);
INSERT INTO supporting_projects(supporting_project_id, supported_at, delivery_id, payment_id, project_id, user_id) VALUES (1455, (SELECT projects.start_date + INTERVAL 27 DAY FROM projects WHERE projects.id=38), 1, 1455, 38, 25);
INSERT INTO orders (order_id, created_at, delivery_id, payment_id, supporting_project_id) VALUES (1455, (SELECT projects.start_date + INTERVAL 27 DAY FROM projects WHERE projects.id=38), 1, 1455, 1455);
INSERT INTO supporting_packages(id, option_list, package_count, order_id, project_package_id, supporting_project_id) VALUES (1455, '["가족용"]', 7, 1455, 38, 1455);
INSERT INTO supporting_projects(supporting_project_id, supported_at, delivery_id, payment_id, project_id, user_id) VALUES (1456, (SELECT projects.start_date + INTERVAL 49 DAY FROM projects WHERE projects.id=38), 1, 1456, 38, 9);
INSERT INTO orders (order_id, created_at, delivery_id, payment_id, supporting_project_id) VALUES (1456, (SELECT projects.start_date + INTERVAL 49 DAY FROM projects WHERE projects.id=38), 1, 1456, 1456);
INSERT INTO supporting_packages(id, option_list, package_count, order_id, project_package_id, supporting_project_id) VALUES (1456, '["1인"]', 9, 1456, 38, 1456);
INSERT INTO supporting_projects(supporting_project_id, supported_at, delivery_id, payment_id, project_id, user_id) VALUES (1457, (SELECT projects.start_date + INTERVAL 2 DAY FROM projects WHERE projects.id=38), 1, 1457, 38, 10);
INSERT INTO orders (order_id, created_at, delivery_id, payment_id, supporting_project_id) VALUES (1457, (SELECT projects.start_date + INTERVAL 2 DAY FROM projects WHERE projects.id=38), 1, 1457, 1457);
INSERT INTO supporting_packages(id, option_list, package_count, order_id, project_package_id, supporting_project_id) VALUES (1457, '["2인"]', 7, 1457, 38, 1457);
INSERT INTO supporting_projects(supporting_project_id, supported_at, delivery_id, payment_id, project_id, user_id) VALUES (1458, (SELECT projects.start_date + INTERVAL 24 DAY FROM projects WHERE projects.id=38), 1, 1458, 38, 3);
INSERT INTO orders (order_id, created_at, delivery_id, payment_id, supporting_project_id) VALUES (1458, (SELECT projects.start_date + INTERVAL 24 DAY FROM projects WHERE projects.id=38), 1, 1458, 1458);
INSERT INTO supporting_packages(id, option_list, package_count, order_id, project_package_id, supporting_project_id) VALUES (1458, '["가족용"]', 8, 1458, 38, 1458);
INSERT INTO supporting_projects(supporting_project_id, supported_at, delivery_id, payment_id, project_id, user_id) VALUES (1459, (SELECT projects.start_date + INTERVAL 29 DAY FROM projects WHERE projects.id=38), 1, 1459, 38, 23);
INSERT INTO orders (order_id, created_at, delivery_id, payment_id, supporting_project_id) VALUES (1459, (SELECT projects.start_date + INTERVAL 29 DAY FROM projects WHERE projects.id=38), 1, 1459, 1459);
INSERT INTO supporting_packages(id, option_list, package_count, order_id, project_package_id, supporting_project_id) VALUES (1459, '["가족용"]', 2, 1459, 38, 1459);
INSERT INTO supporting_projects(supporting_project_id, supported_at, delivery_id, payment_id, project_id, user_id) VALUES (1460, (SELECT projects.start_date + INTERVAL 7 DAY FROM projects WHERE projects.id=38), 1, 1460, 38, 28);
INSERT INTO orders (order_id, created_at, delivery_id, payment_id, supporting_project_id) VALUES (1460, (SELECT projects.start_date + INTERVAL 7 DAY FROM projects WHERE projects.id=38), 1, 1460, 1460);
INSERT INTO supporting_packages(id, option_list, package_count, order_id, project_package_id, supporting_project_id) VALUES (1460, '["1인"]', 6, 1460, 38, 1460);
INSERT INTO supporting_projects(supporting_project_id, supported_at, delivery_id, payment_id, project_id, user_id) VALUES (1461, (SELECT projects.start_date + INTERVAL 49 DAY FROM projects WHERE projects.id=38), 1, 1461, 38, 37);
INSERT INTO orders (order_id, created_at, delivery_id, payment_id, supporting_project_id) VALUES (1461, (SELECT projects.start_date + INTERVAL 49 DAY FROM projects WHERE projects.id=38), 1, 1461, 1461);
INSERT INTO supporting_packages(id, option_list, package_count, order_id, project_package_id, supporting_project_id) VALUES (1461, '["1인"]', 2, 1461, 38, 1461);
INSERT INTO supporting_projects(supporting_project_id, supported_at, delivery_id, payment_id, project_id, user_id) VALUES (1462, (SELECT projects.start_date + INTERVAL 48 DAY FROM projects WHERE projects.id=38), 1, 1462, 38, 1);
INSERT INTO orders (order_id, created_at, delivery_id, payment_id, supporting_project_id) VALUES (1462, (SELECT projects.start_date + INTERVAL 48 DAY FROM projects WHERE projects.id=38), 1, 1462, 1462);
INSERT INTO supporting_packages(id, option_list, package_count, order_id, project_package_id, supporting_project_id) VALUES (1462, '["1인"]', 1, 1462, 38, 1462);
INSERT INTO supporting_projects(supporting_project_id, supported_at, delivery_id, payment_id, project_id, user_id) VALUES (1463, (SELECT projects.start_date + INTERVAL 14 DAY FROM projects WHERE projects.id=38), 1, 1463, 38, 25);
INSERT INTO orders (order_id, created_at, delivery_id, payment_id, supporting_project_id) VALUES (1463, (SELECT projects.start_date + INTERVAL 14 DAY FROM projects WHERE projects.id=38), 1, 1463, 1463);
INSERT INTO supporting_packages(id, option_list, package_count, order_id, project_package_id, supporting_project_id) VALUES (1463, '["2인"]', 3, 1463, 38, 1463);
INSERT INTO supporting_projects(supporting_project_id, supported_at, delivery_id, payment_id, project_id, user_id) VALUES (1464, (SELECT projects.start_date + INTERVAL 17 DAY FROM projects WHERE projects.id=38), 1, 1464, 38, 7);
INSERT INTO orders (order_id, created_at, delivery_id, payment_id, supporting_project_id) VALUES (1464, (SELECT projects.start_date + INTERVAL 17 DAY FROM projects WHERE projects.id=38), 1, 1464, 1464);
INSERT INTO supporting_packages(id, option_list, package_count, order_id, project_package_id, supporting_project_id) VALUES (1464, '["2인"]', 8, 1464, 38, 1464);
INSERT INTO supporting_projects(supporting_project_id, supported_at, delivery_id, payment_id, project_id, user_id) VALUES (1465, (SELECT projects.start_date + INTERVAL 14 DAY FROM projects WHERE projects.id=38), 1, 1465, 38, 28);
INSERT INTO orders (order_id, created_at, delivery_id, payment_id, supporting_project_id) VALUES (1465, (SELECT projects.start_date + INTERVAL 14 DAY FROM projects WHERE projects.id=38), 1, 1465, 1465);
INSERT INTO supporting_packages(id, option_list, package_count, order_id, project_package_id, supporting_project_id) VALUES (1465, '["가족용"]', 8, 1465, 38, 1465);
INSERT INTO supporting_projects(supporting_project_id, supported_at, delivery_id, payment_id, project_id, user_id) VALUES (1466, (SELECT projects.start_date + INTERVAL 34 DAY FROM projects WHERE projects.id=38), 1, 1466, 38, 27);
INSERT INTO orders (order_id, created_at, delivery_id, payment_id, supporting_project_id) VALUES (1466, (SELECT projects.start_date + INTERVAL 34 DAY FROM projects WHERE projects.id=38), 1, 1466, 1466);
INSERT INTO supporting_packages(id, option_list, package_count, order_id, project_package_id, supporting_project_id) VALUES (1466, '["2인"]', 10, 1466, 38, 1466);
INSERT INTO supporting_projects(supporting_project_id, supported_at, delivery_id, payment_id, project_id, user_id) VALUES (1467, (SELECT projects.start_date + INTERVAL 13 DAY FROM projects WHERE projects.id=38), 1, 1467, 38, 12);
INSERT INTO orders (order_id, created_at, delivery_id, payment_id, supporting_project_id) VALUES (1467, (SELECT projects.start_date + INTERVAL 13 DAY FROM projects WHERE projects.id=38), 1, 1467, 1467);
INSERT INTO supporting_packages(id, option_list, package_count, order_id, project_package_id, supporting_project_id) VALUES (1467, '["2인"]', 7, 1467, 38, 1467);
INSERT INTO supporting_projects(supporting_project_id, supported_at, delivery_id, payment_id, project_id, user_id) VALUES (1468, (SELECT projects.start_date + INTERVAL 41 DAY FROM projects WHERE projects.id=38), 1, 1468, 38, 1);
INSERT INTO orders (order_id, created_at, delivery_id, payment_id, supporting_project_id) VALUES (1468, (SELECT projects.start_date + INTERVAL 41 DAY FROM projects WHERE projects.id=38), 1, 1468, 1468);
INSERT INTO supporting_packages(id, option_list, package_count, order_id, project_package_id, supporting_project_id) VALUES (1468, '["1인"]', 5, 1468, 38, 1468);
INSERT INTO supporting_projects(supporting_project_id, supported_at, delivery_id, payment_id, project_id, user_id) VALUES (1469, (SELECT projects.start_date + INTERVAL 48 DAY FROM projects WHERE projects.id=38), 1, 1469, 38, 28);
INSERT INTO orders (order_id, created_at, delivery_id, payment_id, supporting_project_id) VALUES (1469, (SELECT projects.start_date + INTERVAL 48 DAY FROM projects WHERE projects.id=38), 1, 1469, 1469);
INSERT INTO supporting_packages(id, option_list, package_count, order_id, project_package_id, supporting_project_id) VALUES (1469, '["가족용"]', 2, 1469, 38, 1469);
INSERT INTO supporting_projects(supporting_project_id, supported_at, delivery_id, payment_id, project_id, user_id) VALUES (1470, (SELECT projects.start_date + INTERVAL 12 DAY FROM projects WHERE projects.id=38), 1, 1470, 38, 1);
INSERT INTO orders (order_id, created_at, delivery_id, payment_id, supporting_project_id) VALUES (1470, (SELECT projects.start_date + INTERVAL 12 DAY FROM projects WHERE projects.id=38), 1, 1470, 1470);
INSERT INTO supporting_packages(id, option_list, package_count, order_id, project_package_id, supporting_project_id) VALUES (1470, '["2인"]', 4, 1470, 38, 1470);
INSERT INTO supporting_projects(supporting_project_id, supported_at, delivery_id, payment_id, project_id, user_id) VALUES (1471, (SELECT projects.start_date + INTERVAL 21 DAY FROM projects WHERE projects.id=38), 1, 1471, 38, 20);
INSERT INTO orders (order_id, created_at, delivery_id, payment_id, supporting_project_id) VALUES (1471, (SELECT projects.start_date + INTERVAL 21 DAY FROM projects WHERE projects.id=38), 1, 1471, 1471);
INSERT INTO supporting_packages(id, option_list, package_count, order_id, project_package_id, supporting_project_id) VALUES (1471, '["2인"]', 5, 1471, 38, 1471);
INSERT INTO supporting_projects(supporting_project_id, supported_at, delivery_id, payment_id, project_id, user_id) VALUES (1472, (SELECT projects.start_date + INTERVAL 6 DAY FROM projects WHERE projects.id=38), 1, 1472, 38, 25);
INSERT INTO orders (order_id, created_at, delivery_id, payment_id, supporting_project_id) VALUES (1472, (SELECT projects.start_date + INTERVAL 6 DAY FROM projects WHERE projects.id=38), 1, 1472, 1472);
INSERT INTO supporting_packages(id, option_list, package_count, order_id, project_package_id, supporting_project_id) VALUES (1472, '["2인"]', 3, 1472, 38, 1472);
INSERT INTO supporting_projects(supporting_project_id, supported_at, delivery_id, payment_id, project_id, user_id) VALUES (1473, (SELECT projects.start_date + INTERVAL 24 DAY FROM projects WHERE projects.id=38), 1, 1473, 38, 11);
INSERT INTO orders (order_id, created_at, delivery_id, payment_id, supporting_project_id) VALUES (1473, (SELECT projects.start_date + INTERVAL 24 DAY FROM projects WHERE projects.id=38), 1, 1473, 1473);
INSERT INTO supporting_packages(id, option_list, package_count, order_id, project_package_id, supporting_project_id) VALUES (1473, '["2인"]', 3, 1473, 38, 1473);
INSERT INTO supporting_projects(supporting_project_id, supported_at, delivery_id, payment_id, project_id, user_id) VALUES (1474, (SELECT projects.start_date + INTERVAL 25 DAY FROM projects WHERE projects.id=38), 1, 1474, 38, 16);
INSERT INTO orders (order_id, created_at, delivery_id, payment_id, supporting_project_id) VALUES (1474, (SELECT projects.start_date + INTERVAL 25 DAY FROM projects WHERE projects.id=38), 1, 1474, 1474);
INSERT INTO supporting_packages(id, option_list, package_count, order_id, project_package_id, supporting_project_id) VALUES (1474, '["가족용"]', 4, 1474, 38, 1474);
INSERT INTO supporting_projects(supporting_project_id, supported_at, delivery_id, payment_id, project_id, user_id) VALUES (1475, (SELECT projects.start_date + INTERVAL 13 DAY FROM projects WHERE projects.id=38), 1, 1475, 38, 4);
INSERT INTO orders (order_id, created_at, delivery_id, payment_id, supporting_project_id) VALUES (1475, (SELECT projects.start_date + INTERVAL 13 DAY FROM projects WHERE projects.id=38), 1, 1475, 1475);
INSERT INTO supporting_packages(id, option_list, package_count, order_id, project_package_id, supporting_project_id) VALUES (1475, '["2인"]', 8, 1475, 38, 1475);
INSERT INTO supporting_projects(supporting_project_id, supported_at, delivery_id, payment_id, project_id, user_id) VALUES (1476, (SELECT projects.start_date + INTERVAL 20 DAY FROM projects WHERE projects.id=38), 1, 1476, 38, 27);
INSERT INTO orders (order_id, created_at, delivery_id, payment_id, supporting_project_id) VALUES (1476, (SELECT projects.start_date + INTERVAL 20 DAY FROM projects WHERE projects.id=38), 1, 1476, 1476);
INSERT INTO supporting_packages(id, option_list, package_count, order_id, project_package_id, supporting_project_id) VALUES (1476, '["가족용"]', 3, 1476, 38, 1476);
INSERT INTO supporting_projects(supporting_project_id, supported_at, delivery_id, payment_id, project_id, user_id) VALUES (1477, (SELECT projects.start_date + INTERVAL 17 DAY FROM projects WHERE projects.id=38), 1, 1477, 38, 2);
INSERT INTO orders (order_id, created_at, delivery_id, payment_id, supporting_project_id) VALUES (1477, (SELECT projects.start_date + INTERVAL 17 DAY FROM projects WHERE projects.id=38), 1, 1477, 1477);
INSERT INTO supporting_packages(id, option_list, package_count, order_id, project_package_id, supporting_project_id) VALUES (1477, '["2인"]', 5, 1477, 38, 1477);
INSERT INTO supporting_projects(supporting_project_id, supported_at, delivery_id, payment_id, project_id, user_id) VALUES (1478, (SELECT projects.start_date + INTERVAL 22 DAY FROM projects WHERE projects.id=38), 1, 1478, 38, 35);
INSERT INTO orders (order_id, created_at, delivery_id, payment_id, supporting_project_id) VALUES (1478, (SELECT projects.start_date + INTERVAL 22 DAY FROM projects WHERE projects.id=38), 1, 1478, 1478);
INSERT INTO supporting_packages(id, option_list, package_count, order_id, project_package_id, supporting_project_id) VALUES (1478, '["2인"]', 3, 1478, 38, 1478);
INSERT INTO supporting_projects(supporting_project_id, supported_at, delivery_id, payment_id, project_id, user_id) VALUES (1479, (SELECT projects.start_date + INTERVAL 39 DAY FROM projects WHERE projects.id=38), 1, 1479, 38, 23);
INSERT INTO orders (order_id, created_at, delivery_id, payment_id, supporting_project_id) VALUES (1479, (SELECT projects.start_date + INTERVAL 39 DAY FROM projects WHERE projects.id=38), 1, 1479, 1479);
INSERT INTO supporting_packages(id, option_list, package_count, order_id, project_package_id, supporting_project_id) VALUES (1479, '["2인"]', 4, 1479, 38, 1479);
INSERT INTO supporting_projects(supporting_project_id, supported_at, delivery_id, payment_id, project_id, user_id) VALUES (1480, (SELECT projects.start_date + INTERVAL 9 DAY FROM projects WHERE projects.id=38), 1, 1480, 38, 39);
INSERT INTO orders (order_id, created_at, delivery_id, payment_id, supporting_project_id) VALUES (1480, (SELECT projects.start_date + INTERVAL 9 DAY FROM projects WHERE projects.id=38), 1, 1480, 1480);
INSERT INTO supporting_packages(id, option_list, package_count, order_id, project_package_id, supporting_project_id) VALUES (1480, '["1인"]', 1, 1480, 38, 1480);
INSERT INTO supporting_projects(supporting_project_id, supported_at, delivery_id, payment_id, project_id, user_id) VALUES (1481, (SELECT projects.start_date + INTERVAL 30 DAY FROM projects WHERE projects.id=38), 1, 1481, 38, 17);
INSERT INTO orders (order_id, created_at, delivery_id, payment_id, supporting_project_id) VALUES (1481, (SELECT projects.start_date + INTERVAL 30 DAY FROM projects WHERE projects.id=38), 1, 1481, 1481);
INSERT INTO supporting_packages(id, option_list, package_count, order_id, project_package_id, supporting_project_id) VALUES (1481, '["2인"]', 10, 1481, 38, 1481);
INSERT INTO supporting_projects(supporting_project_id, supported_at, delivery_id, payment_id, project_id, user_id) VALUES (1482, (SELECT projects.start_date + INTERVAL 28 DAY FROM projects WHERE projects.id=38), 1, 1482, 38, 15);
INSERT INTO orders (order_id, created_at, delivery_id, payment_id, supporting_project_id) VALUES (1482, (SELECT projects.start_date + INTERVAL 28 DAY FROM projects WHERE projects.id=38), 1, 1482, 1482);
INSERT INTO supporting_packages(id, option_list, package_count, order_id, project_package_id, supporting_project_id) VALUES (1482, '["1인"]', 2, 1482, 38, 1482);
INSERT INTO supporting_projects(supporting_project_id, supported_at, delivery_id, payment_id, project_id, user_id) VALUES (1483, (SELECT projects.start_date + INTERVAL 25 DAY FROM projects WHERE projects.id=38), 1, 1483, 38, 34);
INSERT INTO orders (order_id, created_at, delivery_id, payment_id, supporting_project_id) VALUES (1483, (SELECT projects.start_date + INTERVAL 25 DAY FROM projects WHERE projects.id=38), 1, 1483, 1483);
INSERT INTO supporting_packages(id, option_list, package_count, order_id, project_package_id, supporting_project_id) VALUES (1483, '["2인"]', 8, 1483, 38, 1483);
INSERT INTO supporting_projects(supporting_project_id, supported_at, delivery_id, payment_id, project_id, user_id) VALUES (1484, (SELECT projects.start_date + INTERVAL 23 DAY FROM projects WHERE projects.id=38), 1, 1484, 38, 37);
INSERT INTO orders (order_id, created_at, delivery_id, payment_id, supporting_project_id) VALUES (1484, (SELECT projects.start_date + INTERVAL 23 DAY FROM projects WHERE projects.id=38), 1, 1484, 1484);
INSERT INTO supporting_packages(id, option_list, package_count, order_id, project_package_id, supporting_project_id) VALUES (1484, '["1인"]', 4, 1484, 38, 1484);
INSERT INTO supporting_projects(supporting_project_id, supported_at, delivery_id, payment_id, project_id, user_id) VALUES (1485, (SELECT projects.start_date + INTERVAL 39 DAY FROM projects WHERE projects.id=38), 1, 1485, 38, 17);
INSERT INTO orders (order_id, created_at, delivery_id, payment_id, supporting_project_id) VALUES (1485, (SELECT projects.start_date + INTERVAL 39 DAY FROM projects WHERE projects.id=38), 1, 1485, 1485);
INSERT INTO supporting_packages(id, option_list, package_count, order_id, project_package_id, supporting_project_id) VALUES (1485, '["가족용"]', 5, 1485, 38, 1485);
INSERT INTO supporting_projects(supporting_project_id, supported_at, delivery_id, payment_id, project_id, user_id) VALUES (1486, (SELECT projects.start_date + INTERVAL 44 DAY FROM projects WHERE projects.id=38), 1, 1486, 38, 40);
INSERT INTO orders (order_id, created_at, delivery_id, payment_id, supporting_project_id) VALUES (1486, (SELECT projects.start_date + INTERVAL 44 DAY FROM projects WHERE projects.id=38), 1, 1486, 1486);
INSERT INTO supporting_packages(id, option_list, package_count, order_id, project_package_id, supporting_project_id) VALUES (1486, '["2인"]', 6, 1486, 38, 1486);
INSERT INTO supporting_projects(supporting_project_id, supported_at, delivery_id, payment_id, project_id, user_id) VALUES (1487, (SELECT projects.start_date + INTERVAL 7 DAY FROM projects WHERE projects.id=38), 1, 1487, 38, 40);
INSERT INTO orders (order_id, created_at, delivery_id, payment_id, supporting_project_id) VALUES (1487, (SELECT projects.start_date + INTERVAL 7 DAY FROM projects WHERE projects.id=38), 1, 1487, 1487);
INSERT INTO supporting_packages(id, option_list, package_count, order_id, project_package_id, supporting_project_id) VALUES (1487, '["2인"]', 3, 1487, 38, 1487);
INSERT INTO supporting_projects(supporting_project_id, supported_at, delivery_id, payment_id, project_id, user_id) VALUES (1488, (SELECT projects.start_date + INTERVAL 9 DAY FROM projects WHERE projects.id=38), 1, 1488, 38, 14);
INSERT INTO orders (order_id, created_at, delivery_id, payment_id, supporting_project_id) VALUES (1488, (SELECT projects.start_date + INTERVAL 9 DAY FROM projects WHERE projects.id=38), 1, 1488, 1488);
INSERT INTO supporting_packages(id, option_list, package_count, order_id, project_package_id, supporting_project_id) VALUES (1488, '["가족용"]', 1, 1488, 38, 1488);
INSERT INTO supporting_projects(supporting_project_id, supported_at, delivery_id, payment_id, project_id, user_id) VALUES (1489, (SELECT projects.start_date + INTERVAL 11 DAY FROM projects WHERE projects.id=38), 1, 1489, 38, 12);
INSERT INTO orders (order_id, created_at, delivery_id, payment_id, supporting_project_id) VALUES (1489, (SELECT projects.start_date + INTERVAL 11 DAY FROM projects WHERE projects.id=38), 1, 1489, 1489);
INSERT INTO supporting_packages(id, option_list, package_count, order_id, project_package_id, supporting_project_id) VALUES (1489, '["2인"]', 3, 1489, 38, 1489);
INSERT INTO supporting_projects(supporting_project_id, supported_at, delivery_id, payment_id, project_id, user_id) VALUES (1490, (SELECT projects.start_date + INTERVAL 31 DAY FROM projects WHERE projects.id=38), 1, 1490, 38, 7);
INSERT INTO orders (order_id, created_at, delivery_id, payment_id, supporting_project_id) VALUES (1490, (SELECT projects.start_date + INTERVAL 31 DAY FROM projects WHERE projects.id=38), 1, 1490, 1490);
INSERT INTO supporting_packages(id, option_list, package_count, order_id, project_package_id, supporting_project_id) VALUES (1490, '["2인"]', 10, 1490, 38, 1490);
INSERT INTO supporting_projects(supporting_project_id, supported_at, delivery_id, payment_id, project_id, user_id) VALUES (1491, (SELECT projects.start_date + INTERVAL 25 DAY FROM projects WHERE projects.id=38), 1, 1491, 38, 11);
INSERT INTO orders (order_id, created_at, delivery_id, payment_id, supporting_project_id) VALUES (1491, (SELECT projects.start_date + INTERVAL 25 DAY FROM projects WHERE projects.id=38), 1, 1491, 1491);
INSERT INTO supporting_packages(id, option_list, package_count, order_id, project_package_id, supporting_project_id) VALUES (1491, '["2인"]', 10, 1491, 38, 1491);
INSERT INTO supporting_projects(supporting_project_id, supported_at, delivery_id, payment_id, project_id, user_id) VALUES (1492, (SELECT projects.start_date + INTERVAL 10 DAY FROM projects WHERE projects.id=38), 1, 1492, 38, 24);
INSERT INTO orders (order_id, created_at, delivery_id, payment_id, supporting_project_id) VALUES (1492, (SELECT projects.start_date + INTERVAL 10 DAY FROM projects WHERE projects.id=38), 1, 1492, 1492);
INSERT INTO supporting_packages(id, option_list, package_count, order_id, project_package_id, supporting_project_id) VALUES (1492, '["가족용"]', 6, 1492, 38, 1492);
INSERT INTO supporting_projects(supporting_project_id, supported_at, delivery_id, payment_id, project_id, user_id) VALUES (1493, (SELECT projects.start_date + INTERVAL 33 DAY FROM projects WHERE projects.id=38), 1, 1493, 38, 34);
INSERT INTO orders (order_id, created_at, delivery_id, payment_id, supporting_project_id) VALUES (1493, (SELECT projects.start_date + INTERVAL 33 DAY FROM projects WHERE projects.id=38), 1, 1493, 1493);
INSERT INTO supporting_packages(id, option_list, package_count, order_id, project_package_id, supporting_project_id) VALUES (1493, '["가족용"]', 2, 1493, 38, 1493);
INSERT INTO supporting_projects(supporting_project_id, supported_at, delivery_id, payment_id, project_id, user_id) VALUES (1494, (SELECT projects.start_date + INTERVAL 33 DAY FROM projects WHERE projects.id=38), 1, 1494, 38, 6);
INSERT INTO orders (order_id, created_at, delivery_id, payment_id, supporting_project_id) VALUES (1494, (SELECT projects.start_date + INTERVAL 33 DAY FROM projects WHERE projects.id=38), 1, 1494, 1494);
INSERT INTO supporting_packages(id, option_list, package_count, order_id, project_package_id, supporting_project_id) VALUES (1494, '["가족용"]', 1, 1494, 38, 1494);
INSERT INTO supporting_projects(supporting_project_id, supported_at, delivery_id, payment_id, project_id, user_id) VALUES (1495, (SELECT projects.start_date + INTERVAL 44 DAY FROM projects WHERE projects.id=38), 1, 1495, 38, 16);
INSERT INTO orders (order_id, created_at, delivery_id, payment_id, supporting_project_id) VALUES (1495, (SELECT projects.start_date + INTERVAL 44 DAY FROM projects WHERE projects.id=38), 1, 1495, 1495);
INSERT INTO supporting_packages(id, option_list, package_count, order_id, project_package_id, supporting_project_id) VALUES (1495, '["2인"]', 1, 1495, 38, 1495);
INSERT INTO supporting_projects(supporting_project_id, supported_at, delivery_id, payment_id, project_id, user_id) VALUES (1496, (SELECT projects.start_date + INTERVAL 14 DAY FROM projects WHERE projects.id=38), 1, 1496, 38, 35);
INSERT INTO orders (order_id, created_at, delivery_id, payment_id, supporting_project_id) VALUES (1496, (SELECT projects.start_date + INTERVAL 14 DAY FROM projects WHERE projects.id=38), 1, 1496, 1496);
INSERT INTO supporting_packages(id, option_list, package_count, order_id, project_package_id, supporting_project_id) VALUES (1496, '["가족용"]', 4, 1496, 38, 1496);
INSERT INTO supporting_projects(supporting_project_id, supported_at, delivery_id, payment_id, project_id, user_id) VALUES (1497, (SELECT projects.start_date + INTERVAL 23 DAY FROM projects WHERE projects.id=38), 1, 1497, 38, 6);
INSERT INTO orders (order_id, created_at, delivery_id, payment_id, supporting_project_id) VALUES (1497, (SELECT projects.start_date + INTERVAL 23 DAY FROM projects WHERE projects.id=38), 1, 1497, 1497);
INSERT INTO supporting_packages(id, option_list, package_count, order_id, project_package_id, supporting_project_id) VALUES (1497, '["가족용"]', 6, 1497, 38, 1497);
INSERT INTO supporting_projects(supporting_project_id, supported_at, delivery_id, payment_id, project_id, user_id) VALUES (1498, (SELECT projects.start_date + INTERVAL 2 DAY FROM projects WHERE projects.id=39), 1, 1498, 39, 40);
INSERT INTO orders (order_id, created_at, delivery_id, payment_id, supporting_project_id) VALUES (1498, (SELECT projects.start_date + INTERVAL 2 DAY FROM projects WHERE projects.id=39), 1, 1498, 1498);
INSERT INTO supporting_packages(id, option_list, package_count, order_id, project_package_id, supporting_project_id) VALUES (1498, '["마스터"]', 9, 1498, 39, 1498);
INSERT INTO supporting_projects(supporting_project_id, supported_at, delivery_id, payment_id, project_id, user_id) VALUES (1499, (SELECT projects.start_date + INTERVAL 7 DAY FROM projects WHERE projects.id=39), 1, 1499, 39, 18);
INSERT INTO orders (order_id, created_at, delivery_id, payment_id, supporting_project_id) VALUES (1499, (SELECT projects.start_date + INTERVAL 7 DAY FROM projects WHERE projects.id=39), 1, 1499, 1499);
INSERT INTO supporting_packages(id, option_list, package_count, order_id, project_package_id, supporting_project_id) VALUES (1499, '["기본"]', 9, 1499, 39, 1499);
INSERT INTO supporting_projects(supporting_project_id, supported_at, delivery_id, payment_id, project_id, user_id) VALUES (1500, (SELECT projects.start_date + INTERVAL 9 DAY FROM projects WHERE projects.id=39), 1, 1500, 39, 19);
INSERT INTO orders (order_id, created_at, delivery_id, payment_id, supporting_project_id) VALUES (1500, (SELECT projects.start_date + INTERVAL 9 DAY FROM projects WHERE projects.id=39), 1, 1500, 1500);
INSERT INTO supporting_packages(id, option_list, package_count, order_id, project_package_id, supporting_project_id) VALUES (1500, '["마스터"]', 6, 1500, 39, 1500);
INSERT INTO supporting_projects(supporting_project_id, supported_at, delivery_id, payment_id, project_id, user_id) VALUES (1501, (SELECT projects.start_date + INTERVAL 21 DAY FROM projects WHERE projects.id=39), 1, 1501, 39, 37);
INSERT INTO orders (order_id, created_at, delivery_id, payment_id, supporting_project_id) VALUES (1501, (SELECT projects.start_date + INTERVAL 21 DAY FROM projects WHERE projects.id=39), 1, 1501, 1501);
INSERT INTO supporting_packages(id, option_list, package_count, order_id, project_package_id, supporting_project_id) VALUES (1501, '["기본"]', 6, 1501, 39, 1501);
INSERT INTO supporting_projects(supporting_project_id, supported_at, delivery_id, payment_id, project_id, user_id) VALUES (1502, (SELECT projects.start_date + INTERVAL 8 DAY FROM projects WHERE projects.id=39), 1, 1502, 39, 21);
INSERT INTO orders (order_id, created_at, delivery_id, payment_id, supporting_project_id) VALUES (1502, (SELECT projects.start_date + INTERVAL 8 DAY FROM projects WHERE projects.id=39), 1, 1502, 1502);
INSERT INTO supporting_packages(id, option_list, package_count, order_id, project_package_id, supporting_project_id) VALUES (1502, '["심화"]', 7, 1502, 39, 1502);
INSERT INTO supporting_projects(supporting_project_id, supported_at, delivery_id, payment_id, project_id, user_id) VALUES (1503, (SELECT projects.start_date + INTERVAL 30 DAY FROM projects WHERE projects.id=39), 1, 1503, 39, 29);
INSERT INTO orders (order_id, created_at, delivery_id, payment_id, supporting_project_id) VALUES (1503, (SELECT projects.start_date + INTERVAL 30 DAY FROM projects WHERE projects.id=39), 1, 1503, 1503);
INSERT INTO supporting_packages(id, option_list, package_count, order_id, project_package_id, supporting_project_id) VALUES (1503, '["마스터"]', 6, 1503, 39, 1503);
INSERT INTO supporting_projects(supporting_project_id, supported_at, delivery_id, payment_id, project_id, user_id) VALUES (1504, (SELECT projects.start_date + INTERVAL 27 DAY FROM projects WHERE projects.id=39), 1, 1504, 39, 21);
INSERT INTO orders (order_id, created_at, delivery_id, payment_id, supporting_project_id) VALUES (1504, (SELECT projects.start_date + INTERVAL 27 DAY FROM projects WHERE projects.id=39), 1, 1504, 1504);
INSERT INTO supporting_packages(id, option_list, package_count, order_id, project_package_id, supporting_project_id) VALUES (1504, '["기본"]', 10, 1504, 39, 1504);
INSERT INTO supporting_projects(supporting_project_id, supported_at, delivery_id, payment_id, project_id, user_id) VALUES (1505, (SELECT projects.start_date + INTERVAL 7 DAY FROM projects WHERE projects.id=39), 1, 1505, 39, 39);
INSERT INTO orders (order_id, created_at, delivery_id, payment_id, supporting_project_id) VALUES (1505, (SELECT projects.start_date + INTERVAL 7 DAY FROM projects WHERE projects.id=39), 1, 1505, 1505);
INSERT INTO supporting_packages(id, option_list, package_count, order_id, project_package_id, supporting_project_id) VALUES (1505, '["기본"]', 7, 1505, 39, 1505);
INSERT INTO supporting_projects(supporting_project_id, supported_at, delivery_id, payment_id, project_id, user_id) VALUES (1506, (SELECT projects.start_date + INTERVAL 10 DAY FROM projects WHERE projects.id=39), 1, 1506, 39, 20);
INSERT INTO orders (order_id, created_at, delivery_id, payment_id, supporting_project_id) VALUES (1506, (SELECT projects.start_date + INTERVAL 10 DAY FROM projects WHERE projects.id=39), 1, 1506, 1506);
INSERT INTO supporting_packages(id, option_list, package_count, order_id, project_package_id, supporting_project_id) VALUES (1506, '["마스터"]', 9, 1506, 39, 1506);
INSERT INTO supporting_projects(supporting_project_id, supported_at, delivery_id, payment_id, project_id, user_id) VALUES (1507, (SELECT projects.start_date + INTERVAL 7 DAY FROM projects WHERE projects.id=39), 1, 1507, 39, 11);
INSERT INTO orders (order_id, created_at, delivery_id, payment_id, supporting_project_id) VALUES (1507, (SELECT projects.start_date + INTERVAL 7 DAY FROM projects WHERE projects.id=39), 1, 1507, 1507);
INSERT INTO supporting_packages(id, option_list, package_count, order_id, project_package_id, supporting_project_id) VALUES (1507, '["마스터"]', 1, 1507, 39, 1507);
INSERT INTO supporting_projects(supporting_project_id, supported_at, delivery_id, payment_id, project_id, user_id) VALUES (1508, (SELECT projects.start_date + INTERVAL 50 DAY FROM projects WHERE projects.id=39), 1, 1508, 39, 27);
INSERT INTO orders (order_id, created_at, delivery_id, payment_id, supporting_project_id) VALUES (1508, (SELECT projects.start_date + INTERVAL 50 DAY FROM projects WHERE projects.id=39), 1, 1508, 1508);
INSERT INTO supporting_packages(id, option_list, package_count, order_id, project_package_id, supporting_project_id) VALUES (1508, '["기본"]', 7, 1508, 39, 1508);
INSERT INTO supporting_projects(supporting_project_id, supported_at, delivery_id, payment_id, project_id, user_id) VALUES (1509, (SELECT projects.start_date + INTERVAL 41 DAY FROM projects WHERE projects.id=39), 1, 1509, 39, 34);
INSERT INTO orders (order_id, created_at, delivery_id, payment_id, supporting_project_id) VALUES (1509, (SELECT projects.start_date + INTERVAL 41 DAY FROM projects WHERE projects.id=39), 1, 1509, 1509);
INSERT INTO supporting_packages(id, option_list, package_count, order_id, project_package_id, supporting_project_id) VALUES (1509, '["기본"]', 9, 1509, 39, 1509);
INSERT INTO supporting_projects(supporting_project_id, supported_at, delivery_id, payment_id, project_id, user_id) VALUES (1510, (SELECT projects.start_date + INTERVAL 22 DAY FROM projects WHERE projects.id=39), 1, 1510, 39, 8);
INSERT INTO orders (order_id, created_at, delivery_id, payment_id, supporting_project_id) VALUES (1510, (SELECT projects.start_date + INTERVAL 22 DAY FROM projects WHERE projects.id=39), 1, 1510, 1510);
INSERT INTO supporting_packages(id, option_list, package_count, order_id, project_package_id, supporting_project_id) VALUES (1510, '["기본"]', 6, 1510, 39, 1510);
INSERT INTO supporting_projects(supporting_project_id, supported_at, delivery_id, payment_id, project_id, user_id) VALUES (1511, (SELECT projects.start_date + INTERVAL 1 DAY FROM projects WHERE projects.id=39), 1, 1511, 39, 36);
INSERT INTO orders (order_id, created_at, delivery_id, payment_id, supporting_project_id) VALUES (1511, (SELECT projects.start_date + INTERVAL 1 DAY FROM projects WHERE projects.id=39), 1, 1511, 1511);
INSERT INTO supporting_packages(id, option_list, package_count, order_id, project_package_id, supporting_project_id) VALUES (1511, '["기본"]', 3, 1511, 39, 1511);
INSERT INTO supporting_projects(supporting_project_id, supported_at, delivery_id, payment_id, project_id, user_id) VALUES (1512, (SELECT projects.start_date + INTERVAL 43 DAY FROM projects WHERE projects.id=39), 1, 1512, 39, 24);
INSERT INTO orders (order_id, created_at, delivery_id, payment_id, supporting_project_id) VALUES (1512, (SELECT projects.start_date + INTERVAL 43 DAY FROM projects WHERE projects.id=39), 1, 1512, 1512);
INSERT INTO supporting_packages(id, option_list, package_count, order_id, project_package_id, supporting_project_id) VALUES (1512, '["기본"]', 1, 1512, 39, 1512);
INSERT INTO supporting_projects(supporting_project_id, supported_at, delivery_id, payment_id, project_id, user_id) VALUES (1513, (SELECT projects.start_date + INTERVAL 40 DAY FROM projects WHERE projects.id=39), 1, 1513, 39, 36);
INSERT INTO orders (order_id, created_at, delivery_id, payment_id, supporting_project_id) VALUES (1513, (SELECT projects.start_date + INTERVAL 40 DAY FROM projects WHERE projects.id=39), 1, 1513, 1513);
INSERT INTO supporting_packages(id, option_list, package_count, order_id, project_package_id, supporting_project_id) VALUES (1513, '["심화"]', 4, 1513, 39, 1513);
INSERT INTO supporting_projects(supporting_project_id, supported_at, delivery_id, payment_id, project_id, user_id) VALUES (1514, (SELECT projects.start_date + INTERVAL 33 DAY FROM projects WHERE projects.id=39), 1, 1514, 39, 22);
INSERT INTO orders (order_id, created_at, delivery_id, payment_id, supporting_project_id) VALUES (1514, (SELECT projects.start_date + INTERVAL 33 DAY FROM projects WHERE projects.id=39), 1, 1514, 1514);
INSERT INTO supporting_packages(id, option_list, package_count, order_id, project_package_id, supporting_project_id) VALUES (1514, '["기본"]', 4, 1514, 39, 1514);
INSERT INTO supporting_projects(supporting_project_id, supported_at, delivery_id, payment_id, project_id, user_id) VALUES (1515, (SELECT projects.start_date + INTERVAL 19 DAY FROM projects WHERE projects.id=39), 1, 1515, 39, 23);
INSERT INTO orders (order_id, created_at, delivery_id, payment_id, supporting_project_id) VALUES (1515, (SELECT projects.start_date + INTERVAL 19 DAY FROM projects WHERE projects.id=39), 1, 1515, 1515);
INSERT INTO supporting_packages(id, option_list, package_count, order_id, project_package_id, supporting_project_id) VALUES (1515, '["마스터"]', 1, 1515, 39, 1515);
INSERT INTO supporting_projects(supporting_project_id, supported_at, delivery_id, payment_id, project_id, user_id) VALUES (1516, (SELECT projects.start_date + INTERVAL 2 DAY FROM projects WHERE projects.id=39), 1, 1516, 39, 30);
INSERT INTO orders (order_id, created_at, delivery_id, payment_id, supporting_project_id) VALUES (1516, (SELECT projects.start_date + INTERVAL 2 DAY FROM projects WHERE projects.id=39), 1, 1516, 1516);
INSERT INTO supporting_packages(id, option_list, package_count, order_id, project_package_id, supporting_project_id) VALUES (1516, '["기본"]', 10, 1516, 39, 1516);
INSERT INTO supporting_projects(supporting_project_id, supported_at, delivery_id, payment_id, project_id, user_id) VALUES (1517, (SELECT projects.start_date + INTERVAL 43 DAY FROM projects WHERE projects.id=39), 1, 1517, 39, 10);
INSERT INTO orders (order_id, created_at, delivery_id, payment_id, supporting_project_id) VALUES (1517, (SELECT projects.start_date + INTERVAL 43 DAY FROM projects WHERE projects.id=39), 1, 1517, 1517);
INSERT INTO supporting_packages(id, option_list, package_count, order_id, project_package_id, supporting_project_id) VALUES (1517, '["심화"]', 5, 1517, 39, 1517);
INSERT INTO supporting_projects(supporting_project_id, supported_at, delivery_id, payment_id, project_id, user_id) VALUES (1518, (SELECT projects.start_date + INTERVAL 32 DAY FROM projects WHERE projects.id=39), 1, 1518, 39, 1);
INSERT INTO orders (order_id, created_at, delivery_id, payment_id, supporting_project_id) VALUES (1518, (SELECT projects.start_date + INTERVAL 32 DAY FROM projects WHERE projects.id=39), 1, 1518, 1518);
INSERT INTO supporting_packages(id, option_list, package_count, order_id, project_package_id, supporting_project_id) VALUES (1518, '["심화"]', 9, 1518, 39, 1518);
INSERT INTO supporting_projects(supporting_project_id, supported_at, delivery_id, payment_id, project_id, user_id) VALUES (1519, (SELECT projects.start_date + INTERVAL 8 DAY FROM projects WHERE projects.id=39), 1, 1519, 39, 35);
INSERT INTO orders (order_id, created_at, delivery_id, payment_id, supporting_project_id) VALUES (1519, (SELECT projects.start_date + INTERVAL 8 DAY FROM projects WHERE projects.id=39), 1, 1519, 1519);
INSERT INTO supporting_packages(id, option_list, package_count, order_id, project_package_id, supporting_project_id) VALUES (1519, '["심화"]', 10, 1519, 39, 1519);
INSERT INTO supporting_projects(supporting_project_id, supported_at, delivery_id, payment_id, project_id, user_id) VALUES (1520, (SELECT projects.start_date + INTERVAL 26 DAY FROM projects WHERE projects.id=39), 1, 1520, 39, 5);
INSERT INTO orders (order_id, created_at, delivery_id, payment_id, supporting_project_id) VALUES (1520, (SELECT projects.start_date + INTERVAL 26 DAY FROM projects WHERE projects.id=39), 1, 1520, 1520);
INSERT INTO supporting_packages(id, option_list, package_count, order_id, project_package_id, supporting_project_id) VALUES (1520, '["심화"]', 10, 1520, 39, 1520);
INSERT INTO supporting_projects(supporting_project_id, supported_at, delivery_id, payment_id, project_id, user_id) VALUES (1521, (SELECT projects.start_date + INTERVAL 3 DAY FROM projects WHERE projects.id=39), 1, 1521, 39, 26);
INSERT INTO orders (order_id, created_at, delivery_id, payment_id, supporting_project_id) VALUES (1521, (SELECT projects.start_date + INTERVAL 3 DAY FROM projects WHERE projects.id=39), 1, 1521, 1521);
INSERT INTO supporting_packages(id, option_list, package_count, order_id, project_package_id, supporting_project_id) VALUES (1521, '["마스터"]', 4, 1521, 39, 1521);
INSERT INTO supporting_projects(supporting_project_id, supported_at, delivery_id, payment_id, project_id, user_id) VALUES (1522, (SELECT projects.start_date + INTERVAL 33 DAY FROM projects WHERE projects.id=39), 1, 1522, 39, 3);
INSERT INTO orders (order_id, created_at, delivery_id, payment_id, supporting_project_id) VALUES (1522, (SELECT projects.start_date + INTERVAL 33 DAY FROM projects WHERE projects.id=39), 1, 1522, 1522);
INSERT INTO supporting_packages(id, option_list, package_count, order_id, project_package_id, supporting_project_id) VALUES (1522, '["심화"]', 2, 1522, 39, 1522);
INSERT INTO supporting_projects(supporting_project_id, supported_at, delivery_id, payment_id, project_id, user_id) VALUES (1523, (SELECT projects.start_date + INTERVAL 20 DAY FROM projects WHERE projects.id=39), 1, 1523, 39, 35);
INSERT INTO orders (order_id, created_at, delivery_id, payment_id, supporting_project_id) VALUES (1523, (SELECT projects.start_date + INTERVAL 20 DAY FROM projects WHERE projects.id=39), 1, 1523, 1523);
INSERT INTO supporting_packages(id, option_list, package_count, order_id, project_package_id, supporting_project_id) VALUES (1523, '["마스터"]', 6, 1523, 39, 1523);
INSERT INTO supporting_projects(supporting_project_id, supported_at, delivery_id, payment_id, project_id, user_id) VALUES (1524, (SELECT projects.start_date + INTERVAL 20 DAY FROM projects WHERE projects.id=39), 1, 1524, 39, 5);
INSERT INTO orders (order_id, created_at, delivery_id, payment_id, supporting_project_id) VALUES (1524, (SELECT projects.start_date + INTERVAL 20 DAY FROM projects WHERE projects.id=39), 1, 1524, 1524);
INSERT INTO supporting_packages(id, option_list, package_count, order_id, project_package_id, supporting_project_id) VALUES (1524, '["심화"]', 8, 1524, 39, 1524);
INSERT INTO supporting_projects(supporting_project_id, supported_at, delivery_id, payment_id, project_id, user_id) VALUES (1525, (SELECT projects.start_date + INTERVAL 7 DAY FROM projects WHERE projects.id=39), 1, 1525, 39, 9);
INSERT INTO orders (order_id, created_at, delivery_id, payment_id, supporting_project_id) VALUES (1525, (SELECT projects.start_date + INTERVAL 7 DAY FROM projects WHERE projects.id=39), 1, 1525, 1525);
INSERT INTO supporting_packages(id, option_list, package_count, order_id, project_package_id, supporting_project_id) VALUES (1525, '["심화"]', 2, 1525, 39, 1525);
INSERT INTO supporting_projects(supporting_project_id, supported_at, delivery_id, payment_id, project_id, user_id) VALUES (1526, (SELECT projects.start_date + INTERVAL 19 DAY FROM projects WHERE projects.id=39), 1, 1526, 39, 2);
INSERT INTO orders (order_id, created_at, delivery_id, payment_id, supporting_project_id) VALUES (1526, (SELECT projects.start_date + INTERVAL 19 DAY FROM projects WHERE projects.id=39), 1, 1526, 1526);
INSERT INTO supporting_packages(id, option_list, package_count, order_id, project_package_id, supporting_project_id) VALUES (1526, '["심화"]', 9, 1526, 39, 1526);
INSERT INTO supporting_projects(supporting_project_id, supported_at, delivery_id, payment_id, project_id, user_id) VALUES (1527, (SELECT projects.start_date + INTERVAL 34 DAY FROM projects WHERE projects.id=39), 1, 1527, 39, 24);
INSERT INTO orders (order_id, created_at, delivery_id, payment_id, supporting_project_id) VALUES (1527, (SELECT projects.start_date + INTERVAL 34 DAY FROM projects WHERE projects.id=39), 1, 1527, 1527);
INSERT INTO supporting_packages(id, option_list, package_count, order_id, project_package_id, supporting_project_id) VALUES (1527, '["심화"]', 5, 1527, 39, 1527);
INSERT INTO supporting_projects(supporting_project_id, supported_at, delivery_id, payment_id, project_id, user_id) VALUES (1528, (SELECT projects.start_date + INTERVAL 32 DAY FROM projects WHERE projects.id=39), 1, 1528, 39, 14);
INSERT INTO orders (order_id, created_at, delivery_id, payment_id, supporting_project_id) VALUES (1528, (SELECT projects.start_date + INTERVAL 32 DAY FROM projects WHERE projects.id=39), 1, 1528, 1528);
INSERT INTO supporting_packages(id, option_list, package_count, order_id, project_package_id, supporting_project_id) VALUES (1528, '["심화"]', 7, 1528, 39, 1528);
INSERT INTO supporting_projects(supporting_project_id, supported_at, delivery_id, payment_id, project_id, user_id) VALUES (1529, (SELECT projects.start_date + INTERVAL 50 DAY FROM projects WHERE projects.id=39), 1, 1529, 39, 27);
INSERT INTO orders (order_id, created_at, delivery_id, payment_id, supporting_project_id) VALUES (1529, (SELECT projects.start_date + INTERVAL 50 DAY FROM projects WHERE projects.id=39), 1, 1529, 1529);
INSERT INTO supporting_packages(id, option_list, package_count, order_id, project_package_id, supporting_project_id) VALUES (1529, '["마스터"]', 7, 1529, 39, 1529);
INSERT INTO supporting_projects(supporting_project_id, supported_at, delivery_id, payment_id, project_id, user_id) VALUES (1530, (SELECT projects.start_date + INTERVAL 20 DAY FROM projects WHERE projects.id=39), 1, 1530, 39, 30);
INSERT INTO orders (order_id, created_at, delivery_id, payment_id, supporting_project_id) VALUES (1530, (SELECT projects.start_date + INTERVAL 20 DAY FROM projects WHERE projects.id=39), 1, 1530, 1530);
INSERT INTO supporting_packages(id, option_list, package_count, order_id, project_package_id, supporting_project_id) VALUES (1530, '["심화"]', 1, 1530, 39, 1530);
INSERT INTO supporting_projects(supporting_project_id, supported_at, delivery_id, payment_id, project_id, user_id) VALUES (1531, (SELECT projects.start_date + INTERVAL 11 DAY FROM projects WHERE projects.id=39), 1, 1531, 39, 4);
INSERT INTO orders (order_id, created_at, delivery_id, payment_id, supporting_project_id) VALUES (1531, (SELECT projects.start_date + INTERVAL 11 DAY FROM projects WHERE projects.id=39), 1, 1531, 1531);
INSERT INTO supporting_packages(id, option_list, package_count, order_id, project_package_id, supporting_project_id) VALUES (1531, '["심화"]', 10, 1531, 39, 1531);
INSERT INTO supporting_projects(supporting_project_id, supported_at, delivery_id, payment_id, project_id, user_id) VALUES (1532, (SELECT projects.start_date + INTERVAL 3 DAY FROM projects WHERE projects.id=39), 1, 1532, 39, 35);
INSERT INTO orders (order_id, created_at, delivery_id, payment_id, supporting_project_id) VALUES (1532, (SELECT projects.start_date + INTERVAL 3 DAY FROM projects WHERE projects.id=39), 1, 1532, 1532);
INSERT INTO supporting_packages(id, option_list, package_count, order_id, project_package_id, supporting_project_id) VALUES (1532, '["마스터"]', 8, 1532, 39, 1532);
INSERT INTO supporting_projects(supporting_project_id, supported_at, delivery_id, payment_id, project_id, user_id) VALUES (1533, (SELECT projects.start_date + INTERVAL 8 DAY FROM projects WHERE projects.id=39), 1, 1533, 39, 13);
INSERT INTO orders (order_id, created_at, delivery_id, payment_id, supporting_project_id) VALUES (1533, (SELECT projects.start_date + INTERVAL 8 DAY FROM projects WHERE projects.id=39), 1, 1533, 1533);
INSERT INTO supporting_packages(id, option_list, package_count, order_id, project_package_id, supporting_project_id) VALUES (1533, '["기본"]', 9, 1533, 39, 1533);
INSERT INTO supporting_projects(supporting_project_id, supported_at, delivery_id, payment_id, project_id, user_id) VALUES (1534, (SELECT projects.start_date + INTERVAL 15 DAY FROM projects WHERE projects.id=39), 1, 1534, 39, 40);
INSERT INTO orders (order_id, created_at, delivery_id, payment_id, supporting_project_id) VALUES (1534, (SELECT projects.start_date + INTERVAL 15 DAY FROM projects WHERE projects.id=39), 1, 1534, 1534);
INSERT INTO supporting_packages(id, option_list, package_count, order_id, project_package_id, supporting_project_id) VALUES (1534, '["마스터"]', 10, 1534, 39, 1534);
INSERT INTO supporting_projects(supporting_project_id, supported_at, delivery_id, payment_id, project_id, user_id) VALUES (1535, (SELECT projects.start_date + INTERVAL 19 DAY FROM projects WHERE projects.id=39), 1, 1535, 39, 37);
INSERT INTO orders (order_id, created_at, delivery_id, payment_id, supporting_project_id) VALUES (1535, (SELECT projects.start_date + INTERVAL 19 DAY FROM projects WHERE projects.id=39), 1, 1535, 1535);
INSERT INTO supporting_packages(id, option_list, package_count, order_id, project_package_id, supporting_project_id) VALUES (1535, '["기본"]', 10, 1535, 39, 1535);
INSERT INTO supporting_projects(supporting_project_id, supported_at, delivery_id, payment_id, project_id, user_id) VALUES (1536, (SELECT projects.start_date + INTERVAL 48 DAY FROM projects WHERE projects.id=39), 1, 1536, 39, 25);
INSERT INTO orders (order_id, created_at, delivery_id, payment_id, supporting_project_id) VALUES (1536, (SELECT projects.start_date + INTERVAL 48 DAY FROM projects WHERE projects.id=39), 1, 1536, 1536);
INSERT INTO supporting_packages(id, option_list, package_count, order_id, project_package_id, supporting_project_id) VALUES (1536, '["심화"]', 5, 1536, 39, 1536);
INSERT INTO supporting_projects(supporting_project_id, supported_at, delivery_id, payment_id, project_id, user_id) VALUES (1537, (SELECT projects.start_date + INTERVAL 50 DAY FROM projects WHERE projects.id=39), 1, 1537, 39, 22);
INSERT INTO orders (order_id, created_at, delivery_id, payment_id, supporting_project_id) VALUES (1537, (SELECT projects.start_date + INTERVAL 50 DAY FROM projects WHERE projects.id=39), 1, 1537, 1537);
INSERT INTO supporting_packages(id, option_list, package_count, order_id, project_package_id, supporting_project_id) VALUES (1537, '["마스터"]', 10, 1537, 39, 1537);
INSERT INTO supporting_projects(supporting_project_id, supported_at, delivery_id, payment_id, project_id, user_id) VALUES (1538, (SELECT projects.start_date + INTERVAL 30 DAY FROM projects WHERE projects.id=39), 1, 1538, 39, 38);
INSERT INTO orders (order_id, created_at, delivery_id, payment_id, supporting_project_id) VALUES (1538, (SELECT projects.start_date + INTERVAL 30 DAY FROM projects WHERE projects.id=39), 1, 1538, 1538);
INSERT INTO supporting_packages(id, option_list, package_count, order_id, project_package_id, supporting_project_id) VALUES (1538, '["기본"]', 1, 1538, 39, 1538);
INSERT INTO supporting_projects(supporting_project_id, supported_at, delivery_id, payment_id, project_id, user_id) VALUES (1539, (SELECT projects.start_date + INTERVAL 27 DAY FROM projects WHERE projects.id=39), 1, 1539, 39, 34);
INSERT INTO orders (order_id, created_at, delivery_id, payment_id, supporting_project_id) VALUES (1539, (SELECT projects.start_date + INTERVAL 27 DAY FROM projects WHERE projects.id=39), 1, 1539, 1539);
INSERT INTO supporting_packages(id, option_list, package_count, order_id, project_package_id, supporting_project_id) VALUES (1539, '["마스터"]', 3, 1539, 39, 1539);
INSERT INTO supporting_projects(supporting_project_id, supported_at, delivery_id, payment_id, project_id, user_id) VALUES (1540, (SELECT projects.start_date + INTERVAL 8 DAY FROM projects WHERE projects.id=39), 1, 1540, 39, 10);
INSERT INTO orders (order_id, created_at, delivery_id, payment_id, supporting_project_id) VALUES (1540, (SELECT projects.start_date + INTERVAL 8 DAY FROM projects WHERE projects.id=39), 1, 1540, 1540);
INSERT INTO supporting_packages(id, option_list, package_count, order_id, project_package_id, supporting_project_id) VALUES (1540, '["심화"]', 2, 1540, 39, 1540);
INSERT INTO supporting_projects(supporting_project_id, supported_at, delivery_id, payment_id, project_id, user_id) VALUES (1541, (SELECT projects.start_date + INTERVAL 16 DAY FROM projects WHERE projects.id=39), 1, 1541, 39, 39);
INSERT INTO orders (order_id, created_at, delivery_id, payment_id, supporting_project_id) VALUES (1541, (SELECT projects.start_date + INTERVAL 16 DAY FROM projects WHERE projects.id=39), 1, 1541, 1541);
INSERT INTO supporting_packages(id, option_list, package_count, order_id, project_package_id, supporting_project_id) VALUES (1541, '["심화"]', 9, 1541, 39, 1541);
INSERT INTO supporting_projects(supporting_project_id, supported_at, delivery_id, payment_id, project_id, user_id) VALUES (1542, (SELECT projects.start_date + INTERVAL 35 DAY FROM projects WHERE projects.id=39), 1, 1542, 39, 31);
INSERT INTO orders (order_id, created_at, delivery_id, payment_id, supporting_project_id) VALUES (1542, (SELECT projects.start_date + INTERVAL 35 DAY FROM projects WHERE projects.id=39), 1, 1542, 1542);
INSERT INTO supporting_packages(id, option_list, package_count, order_id, project_package_id, supporting_project_id) VALUES (1542, '["심화"]', 3, 1542, 39, 1542);
INSERT INTO supporting_projects(supporting_project_id, supported_at, delivery_id, payment_id, project_id, user_id) VALUES (1543, (SELECT projects.start_date + INTERVAL 42 DAY FROM projects WHERE projects.id=39), 1, 1543, 39, 37);
INSERT INTO orders (order_id, created_at, delivery_id, payment_id, supporting_project_id) VALUES (1543, (SELECT projects.start_date + INTERVAL 42 DAY FROM projects WHERE projects.id=39), 1, 1543, 1543);
INSERT INTO supporting_packages(id, option_list, package_count, order_id, project_package_id, supporting_project_id) VALUES (1543, '["심화"]', 8, 1543, 39, 1543);
INSERT INTO supporting_projects(supporting_project_id, supported_at, delivery_id, payment_id, project_id, user_id) VALUES (1544, (SELECT projects.start_date + INTERVAL 20 DAY FROM projects WHERE projects.id=39), 1, 1544, 39, 18);
INSERT INTO orders (order_id, created_at, delivery_id, payment_id, supporting_project_id) VALUES (1544, (SELECT projects.start_date + INTERVAL 20 DAY FROM projects WHERE projects.id=39), 1, 1544, 1544);
INSERT INTO supporting_packages(id, option_list, package_count, order_id, project_package_id, supporting_project_id) VALUES (1544, '["마스터"]', 2, 1544, 39, 1544);
INSERT INTO supporting_projects(supporting_project_id, supported_at, delivery_id, payment_id, project_id, user_id) VALUES (1545, (SELECT projects.start_date + INTERVAL 6 DAY FROM projects WHERE projects.id=39), 1, 1545, 39, 38);
INSERT INTO orders (order_id, created_at, delivery_id, payment_id, supporting_project_id) VALUES (1545, (SELECT projects.start_date + INTERVAL 6 DAY FROM projects WHERE projects.id=39), 1, 1545, 1545);
INSERT INTO supporting_packages(id, option_list, package_count, order_id, project_package_id, supporting_project_id) VALUES (1545, '["기본"]', 6, 1545, 39, 1545);
INSERT INTO supporting_projects(supporting_project_id, supported_at, delivery_id, payment_id, project_id, user_id) VALUES (1546, (SELECT projects.start_date + INTERVAL 9 DAY FROM projects WHERE projects.id=39), 1, 1546, 39, 35);
INSERT INTO orders (order_id, created_at, delivery_id, payment_id, supporting_project_id) VALUES (1546, (SELECT projects.start_date + INTERVAL 9 DAY FROM projects WHERE projects.id=39), 1, 1546, 1546);
INSERT INTO supporting_packages(id, option_list, package_count, order_id, project_package_id, supporting_project_id) VALUES (1546, '["심화"]', 8, 1546, 39, 1546);
INSERT INTO supporting_projects(supporting_project_id, supported_at, delivery_id, payment_id, project_id, user_id) VALUES (1547, (SELECT projects.start_date + INTERVAL 22 DAY FROM projects WHERE projects.id=39), 1, 1547, 39, 16);
INSERT INTO orders (order_id, created_at, delivery_id, payment_id, supporting_project_id) VALUES (1547, (SELECT projects.start_date + INTERVAL 22 DAY FROM projects WHERE projects.id=39), 1, 1547, 1547);
INSERT INTO supporting_packages(id, option_list, package_count, order_id, project_package_id, supporting_project_id) VALUES (1547, '["심화"]', 2, 1547, 39, 1547);
INSERT INTO supporting_projects(supporting_project_id, supported_at, delivery_id, payment_id, project_id, user_id) VALUES (1548, (SELECT projects.start_date + INTERVAL 28 DAY FROM projects WHERE projects.id=39), 1, 1548, 39, 29);
INSERT INTO orders (order_id, created_at, delivery_id, payment_id, supporting_project_id) VALUES (1548, (SELECT projects.start_date + INTERVAL 28 DAY FROM projects WHERE projects.id=39), 1, 1548, 1548);
INSERT INTO supporting_packages(id, option_list, package_count, order_id, project_package_id, supporting_project_id) VALUES (1548, '["기본"]', 2, 1548, 39, 1548);
INSERT INTO supporting_projects(supporting_project_id, supported_at, delivery_id, payment_id, project_id, user_id) VALUES (1549, (SELECT projects.start_date + INTERVAL 13 DAY FROM projects WHERE projects.id=39), 1, 1549, 39, 3);
INSERT INTO orders (order_id, created_at, delivery_id, payment_id, supporting_project_id) VALUES (1549, (SELECT projects.start_date + INTERVAL 13 DAY FROM projects WHERE projects.id=39), 1, 1549, 1549);
INSERT INTO supporting_packages(id, option_list, package_count, order_id, project_package_id, supporting_project_id) VALUES (1549, '["심화"]', 10, 1549, 39, 1549);
INSERT INTO supporting_projects(supporting_project_id, supported_at, delivery_id, payment_id, project_id, user_id) VALUES (1550, (SELECT projects.start_date + INTERVAL 27 DAY FROM projects WHERE projects.id=39), 1, 1550, 39, 39);
INSERT INTO orders (order_id, created_at, delivery_id, payment_id, supporting_project_id) VALUES (1550, (SELECT projects.start_date + INTERVAL 27 DAY FROM projects WHERE projects.id=39), 1, 1550, 1550);
INSERT INTO supporting_packages(id, option_list, package_count, order_id, project_package_id, supporting_project_id) VALUES (1550, '["심화"]', 1, 1550, 39, 1550);
INSERT INTO supporting_projects(supporting_project_id, supported_at, delivery_id, payment_id, project_id, user_id) VALUES (1551, (SELECT projects.start_date + INTERVAL 10 DAY FROM projects WHERE projects.id=39), 1, 1551, 39, 33);
INSERT INTO orders (order_id, created_at, delivery_id, payment_id, supporting_project_id) VALUES (1551, (SELECT projects.start_date + INTERVAL 10 DAY FROM projects WHERE projects.id=39), 1, 1551, 1551);
INSERT INTO supporting_packages(id, option_list, package_count, order_id, project_package_id, supporting_project_id) VALUES (1551, '["기본"]', 8, 1551, 39, 1551);
INSERT INTO supporting_projects(supporting_project_id, supported_at, delivery_id, payment_id, project_id, user_id) VALUES (1552, (SELECT projects.start_date + INTERVAL 11 DAY FROM projects WHERE projects.id=39), 1, 1552, 39, 34);
INSERT INTO orders (order_id, created_at, delivery_id, payment_id, supporting_project_id) VALUES (1552, (SELECT projects.start_date + INTERVAL 11 DAY FROM projects WHERE projects.id=39), 1, 1552, 1552);
INSERT INTO supporting_packages(id, option_list, package_count, order_id, project_package_id, supporting_project_id) VALUES (1552, '["마스터"]', 5, 1552, 39, 1552);
INSERT INTO supporting_projects(supporting_project_id, supported_at, delivery_id, payment_id, project_id, user_id) VALUES (1553, (SELECT projects.start_date + INTERVAL 40 DAY FROM projects WHERE projects.id=39), 1, 1553, 39, 10);
INSERT INTO orders (order_id, created_at, delivery_id, payment_id, supporting_project_id) VALUES (1553, (SELECT projects.start_date + INTERVAL 40 DAY FROM projects WHERE projects.id=39), 1, 1553, 1553);
INSERT INTO supporting_packages(id, option_list, package_count, order_id, project_package_id, supporting_project_id) VALUES (1553, '["기본"]', 7, 1553, 39, 1553);
INSERT INTO supporting_projects(supporting_project_id, supported_at, delivery_id, payment_id, project_id, user_id) VALUES (1554, (SELECT projects.start_date + INTERVAL 50 DAY FROM projects WHERE projects.id=39), 1, 1554, 39, 19);
INSERT INTO orders (order_id, created_at, delivery_id, payment_id, supporting_project_id) VALUES (1554, (SELECT projects.start_date + INTERVAL 50 DAY FROM projects WHERE projects.id=39), 1, 1554, 1554);
INSERT INTO supporting_packages(id, option_list, package_count, order_id, project_package_id, supporting_project_id) VALUES (1554, '["마스터"]', 3, 1554, 39, 1554);
INSERT INTO supporting_projects(supporting_project_id, supported_at, delivery_id, payment_id, project_id, user_id) VALUES (1555, (SELECT projects.start_date + INTERVAL 2 DAY FROM projects WHERE projects.id=39), 1, 1555, 39, 17);
INSERT INTO orders (order_id, created_at, delivery_id, payment_id, supporting_project_id) VALUES (1555, (SELECT projects.start_date + INTERVAL 2 DAY FROM projects WHERE projects.id=39), 1, 1555, 1555);
INSERT INTO supporting_packages(id, option_list, package_count, order_id, project_package_id, supporting_project_id) VALUES (1555, '["마스터"]', 10, 1555, 39, 1555);
INSERT INTO supporting_projects(supporting_project_id, supported_at, delivery_id, payment_id, project_id, user_id) VALUES (1556, (SELECT projects.start_date + INTERVAL 32 DAY FROM projects WHERE projects.id=39), 1, 1556, 39, 39);
INSERT INTO orders (order_id, created_at, delivery_id, payment_id, supporting_project_id) VALUES (1556, (SELECT projects.start_date + INTERVAL 32 DAY FROM projects WHERE projects.id=39), 1, 1556, 1556);
INSERT INTO supporting_packages(id, option_list, package_count, order_id, project_package_id, supporting_project_id) VALUES (1556, '["심화"]', 3, 1556, 39, 1556);
INSERT INTO supporting_projects(supporting_project_id, supported_at, delivery_id, payment_id, project_id, user_id) VALUES (1557, (SELECT projects.start_date + INTERVAL 9 DAY FROM projects WHERE projects.id=39), 1, 1557, 39, 25);
INSERT INTO orders (order_id, created_at, delivery_id, payment_id, supporting_project_id) VALUES (1557, (SELECT projects.start_date + INTERVAL 9 DAY FROM projects WHERE projects.id=39), 1, 1557, 1557);
INSERT INTO supporting_packages(id, option_list, package_count, order_id, project_package_id, supporting_project_id) VALUES (1557, '["심화"]', 3, 1557, 39, 1557);
INSERT INTO supporting_projects(supporting_project_id, supported_at, delivery_id, payment_id, project_id, user_id) VALUES (1558, (SELECT projects.start_date + INTERVAL 25 DAY FROM projects WHERE projects.id=39), 1, 1558, 39, 9);
INSERT INTO orders (order_id, created_at, delivery_id, payment_id, supporting_project_id) VALUES (1558, (SELECT projects.start_date + INTERVAL 25 DAY FROM projects WHERE projects.id=39), 1, 1558, 1558);
INSERT INTO supporting_packages(id, option_list, package_count, order_id, project_package_id, supporting_project_id) VALUES (1558, '["심화"]', 7, 1558, 39, 1558);
INSERT INTO supporting_projects(supporting_project_id, supported_at, delivery_id, payment_id, project_id, user_id) VALUES (1559, (SELECT projects.start_date + INTERVAL 17 DAY FROM projects WHERE projects.id=39), 1, 1559, 39, 15);
INSERT INTO orders (order_id, created_at, delivery_id, payment_id, supporting_project_id) VALUES (1559, (SELECT projects.start_date + INTERVAL 17 DAY FROM projects WHERE projects.id=39), 1, 1559, 1559);
INSERT INTO supporting_packages(id, option_list, package_count, order_id, project_package_id, supporting_project_id) VALUES (1559, '["심화"]', 5, 1559, 39, 1559);
INSERT INTO supporting_projects(supporting_project_id, supported_at, delivery_id, payment_id, project_id, user_id) VALUES (1560, (SELECT projects.start_date + INTERVAL 10 DAY FROM projects WHERE projects.id=39), 1, 1560, 39, 8);
INSERT INTO orders (order_id, created_at, delivery_id, payment_id, supporting_project_id) VALUES (1560, (SELECT projects.start_date + INTERVAL 10 DAY FROM projects WHERE projects.id=39), 1, 1560, 1560);
INSERT INTO supporting_packages(id, option_list, package_count, order_id, project_package_id, supporting_project_id) VALUES (1560, '["심화"]', 7, 1560, 39, 1560);
INSERT INTO supporting_projects(supporting_project_id, supported_at, delivery_id, payment_id, project_id, user_id) VALUES (1561, (SELECT projects.start_date + INTERVAL 4 DAY FROM projects WHERE projects.id=39), 1, 1561, 39, 3);
INSERT INTO orders (order_id, created_at, delivery_id, payment_id, supporting_project_id) VALUES (1561, (SELECT projects.start_date + INTERVAL 4 DAY FROM projects WHERE projects.id=39), 1, 1561, 1561);
INSERT INTO supporting_packages(id, option_list, package_count, order_id, project_package_id, supporting_project_id) VALUES (1561, '["기본"]', 2, 1561, 39, 1561);
INSERT INTO supporting_projects(supporting_project_id, supported_at, delivery_id, payment_id, project_id, user_id) VALUES (1562, (SELECT projects.start_date + INTERVAL 10 DAY FROM projects WHERE projects.id=39), 1, 1562, 39, 18);
INSERT INTO orders (order_id, created_at, delivery_id, payment_id, supporting_project_id) VALUES (1562, (SELECT projects.start_date + INTERVAL 10 DAY FROM projects WHERE projects.id=39), 1, 1562, 1562);
INSERT INTO supporting_packages(id, option_list, package_count, order_id, project_package_id, supporting_project_id) VALUES (1562, '["심화"]', 2, 1562, 39, 1562);
INSERT INTO supporting_projects(supporting_project_id, supported_at, delivery_id, payment_id, project_id, user_id) VALUES (1563, (SELECT projects.start_date + INTERVAL 2 DAY FROM projects WHERE projects.id=39), 1, 1563, 39, 40);
INSERT INTO orders (order_id, created_at, delivery_id, payment_id, supporting_project_id) VALUES (1563, (SELECT projects.start_date + INTERVAL 2 DAY FROM projects WHERE projects.id=39), 1, 1563, 1563);
INSERT INTO supporting_packages(id, option_list, package_count, order_id, project_package_id, supporting_project_id) VALUES (1563, '["심화"]', 4, 1563, 39, 1563);
INSERT INTO supporting_projects(supporting_project_id, supported_at, delivery_id, payment_id, project_id, user_id) VALUES (1564, (SELECT projects.start_date + INTERVAL 27 DAY FROM projects WHERE projects.id=39), 1, 1564, 39, 30);
INSERT INTO orders (order_id, created_at, delivery_id, payment_id, supporting_project_id) VALUES (1564, (SELECT projects.start_date + INTERVAL 27 DAY FROM projects WHERE projects.id=39), 1, 1564, 1564);
INSERT INTO supporting_packages(id, option_list, package_count, order_id, project_package_id, supporting_project_id) VALUES (1564, '["심화"]', 1, 1564, 39, 1564);
INSERT INTO supporting_projects(supporting_project_id, supported_at, delivery_id, payment_id, project_id, user_id) VALUES (1565, (SELECT projects.start_date + INTERVAL 6 DAY FROM projects WHERE projects.id=39), 1, 1565, 39, 32);
INSERT INTO orders (order_id, created_at, delivery_id, payment_id, supporting_project_id) VALUES (1565, (SELECT projects.start_date + INTERVAL 6 DAY FROM projects WHERE projects.id=39), 1, 1565, 1565);
INSERT INTO supporting_packages(id, option_list, package_count, order_id, project_package_id, supporting_project_id) VALUES (1565, '["마스터"]', 9, 1565, 39, 1565);
INSERT INTO supporting_projects(supporting_project_id, supported_at, delivery_id, payment_id, project_id, user_id) VALUES (1566, (SELECT projects.start_date + INTERVAL 8 DAY FROM projects WHERE projects.id=39), 1, 1566, 39, 25);
INSERT INTO orders (order_id, created_at, delivery_id, payment_id, supporting_project_id) VALUES (1566, (SELECT projects.start_date + INTERVAL 8 DAY FROM projects WHERE projects.id=39), 1, 1566, 1566);
INSERT INTO supporting_packages(id, option_list, package_count, order_id, project_package_id, supporting_project_id) VALUES (1566, '["마스터"]', 8, 1566, 39, 1566);
INSERT INTO supporting_projects(supporting_project_id, supported_at, delivery_id, payment_id, project_id, user_id) VALUES (1567, (SELECT projects.start_date + INTERVAL 42 DAY FROM projects WHERE projects.id=39), 1, 1567, 39, 11);
INSERT INTO orders (order_id, created_at, delivery_id, payment_id, supporting_project_id) VALUES (1567, (SELECT projects.start_date + INTERVAL 42 DAY FROM projects WHERE projects.id=39), 1, 1567, 1567);
INSERT INTO supporting_packages(id, option_list, package_count, order_id, project_package_id, supporting_project_id) VALUES (1567, '["심화"]', 1, 1567, 39, 1567);
INSERT INTO supporting_projects(supporting_project_id, supported_at, delivery_id, payment_id, project_id, user_id) VALUES (1568, (SELECT projects.start_date + INTERVAL 48 DAY FROM projects WHERE projects.id=39), 1, 1568, 39, 33);
INSERT INTO orders (order_id, created_at, delivery_id, payment_id, supporting_project_id) VALUES (1568, (SELECT projects.start_date + INTERVAL 48 DAY FROM projects WHERE projects.id=39), 1, 1568, 1568);
INSERT INTO supporting_packages(id, option_list, package_count, order_id, project_package_id, supporting_project_id) VALUES (1568, '["마스터"]', 1, 1568, 39, 1568);
INSERT INTO supporting_projects(supporting_project_id, supported_at, delivery_id, payment_id, project_id, user_id) VALUES (1569, (SELECT projects.start_date + INTERVAL 28 DAY FROM projects WHERE projects.id=39), 1, 1569, 39, 26);
INSERT INTO orders (order_id, created_at, delivery_id, payment_id, supporting_project_id) VALUES (1569, (SELECT projects.start_date + INTERVAL 28 DAY FROM projects WHERE projects.id=39), 1, 1569, 1569);
INSERT INTO supporting_packages(id, option_list, package_count, order_id, project_package_id, supporting_project_id) VALUES (1569, '["기본"]', 9, 1569, 39, 1569);
INSERT INTO supporting_projects(supporting_project_id, supported_at, delivery_id, payment_id, project_id, user_id) VALUES (1570, (SELECT projects.start_date + INTERVAL 28 DAY FROM projects WHERE projects.id=39), 1, 1570, 39, 4);
INSERT INTO orders (order_id, created_at, delivery_id, payment_id, supporting_project_id) VALUES (1570, (SELECT projects.start_date + INTERVAL 28 DAY FROM projects WHERE projects.id=39), 1, 1570, 1570);
INSERT INTO supporting_packages(id, option_list, package_count, order_id, project_package_id, supporting_project_id) VALUES (1570, '["마스터"]', 6, 1570, 39, 1570);
INSERT INTO supporting_projects(supporting_project_id, supported_at, delivery_id, payment_id, project_id, user_id) VALUES (1571, (SELECT projects.start_date + INTERVAL 26 DAY FROM projects WHERE projects.id=39), 1, 1571, 39, 36);
INSERT INTO orders (order_id, created_at, delivery_id, payment_id, supporting_project_id) VALUES (1571, (SELECT projects.start_date + INTERVAL 26 DAY FROM projects WHERE projects.id=39), 1, 1571, 1571);
INSERT INTO supporting_packages(id, option_list, package_count, order_id, project_package_id, supporting_project_id) VALUES (1571, '["기본"]', 9, 1571, 39, 1571);
INSERT INTO supporting_projects(supporting_project_id, supported_at, delivery_id, payment_id, project_id, user_id) VALUES (1572, (SELECT projects.start_date + INTERVAL 6 DAY FROM projects WHERE projects.id=39), 1, 1572, 39, 24);
INSERT INTO orders (order_id, created_at, delivery_id, payment_id, supporting_project_id) VALUES (1572, (SELECT projects.start_date + INTERVAL 6 DAY FROM projects WHERE projects.id=39), 1, 1572, 1572);
INSERT INTO supporting_packages(id, option_list, package_count, order_id, project_package_id, supporting_project_id) VALUES (1572, '["심화"]', 6, 1572, 39, 1572);
INSERT INTO supporting_projects(supporting_project_id, supported_at, delivery_id, payment_id, project_id, user_id) VALUES (1573, (SELECT projects.start_date + INTERVAL 25 DAY FROM projects WHERE projects.id=39), 1, 1573, 39, 24);
INSERT INTO orders (order_id, created_at, delivery_id, payment_id, supporting_project_id) VALUES (1573, (SELECT projects.start_date + INTERVAL 25 DAY FROM projects WHERE projects.id=39), 1, 1573, 1573);
INSERT INTO supporting_packages(id, option_list, package_count, order_id, project_package_id, supporting_project_id) VALUES (1573, '["심화"]', 9, 1573, 39, 1573);
INSERT INTO supporting_projects(supporting_project_id, supported_at, delivery_id, payment_id, project_id, user_id) VALUES (1574, (SELECT projects.start_date + INTERVAL 24 DAY FROM projects WHERE projects.id=39), 1, 1574, 39, 12);
INSERT INTO orders (order_id, created_at, delivery_id, payment_id, supporting_project_id) VALUES (1574, (SELECT projects.start_date + INTERVAL 24 DAY FROM projects WHERE projects.id=39), 1, 1574, 1574);
INSERT INTO supporting_packages(id, option_list, package_count, order_id, project_package_id, supporting_project_id) VALUES (1574, '["기본"]', 6, 1574, 39, 1574);
INSERT INTO supporting_projects(supporting_project_id, supported_at, delivery_id, payment_id, project_id, user_id) VALUES (1575, (SELECT projects.start_date + INTERVAL 35 DAY FROM projects WHERE projects.id=39), 1, 1575, 39, 16);
INSERT INTO orders (order_id, created_at, delivery_id, payment_id, supporting_project_id) VALUES (1575, (SELECT projects.start_date + INTERVAL 35 DAY FROM projects WHERE projects.id=39), 1, 1575, 1575);
INSERT INTO supporting_packages(id, option_list, package_count, order_id, project_package_id, supporting_project_id) VALUES (1575, '["기본"]', 3, 1575, 39, 1575);
INSERT INTO supporting_projects(supporting_project_id, supported_at, delivery_id, payment_id, project_id, user_id) VALUES (1576, (SELECT projects.start_date + INTERVAL 39 DAY FROM projects WHERE projects.id=39), 1, 1576, 39, 13);
INSERT INTO orders (order_id, created_at, delivery_id, payment_id, supporting_project_id) VALUES (1576, (SELECT projects.start_date + INTERVAL 39 DAY FROM projects WHERE projects.id=39), 1, 1576, 1576);
INSERT INTO supporting_packages(id, option_list, package_count, order_id, project_package_id, supporting_project_id) VALUES (1576, '["심화"]', 1, 1576, 39, 1576);
INSERT INTO supporting_projects(supporting_project_id, supported_at, delivery_id, payment_id, project_id, user_id) VALUES (1577, (SELECT projects.start_date + INTERVAL 34 DAY FROM projects WHERE projects.id=39), 1, 1577, 39, 11);
INSERT INTO orders (order_id, created_at, delivery_id, payment_id, supporting_project_id) VALUES (1577, (SELECT projects.start_date + INTERVAL 34 DAY FROM projects WHERE projects.id=39), 1, 1577, 1577);
INSERT INTO supporting_packages(id, option_list, package_count, order_id, project_package_id, supporting_project_id) VALUES (1577, '["심화"]', 9, 1577, 39, 1577);
INSERT INTO supporting_projects(supporting_project_id, supported_at, delivery_id, payment_id, project_id, user_id) VALUES (1578, (SELECT projects.start_date + INTERVAL 34 DAY FROM projects WHERE projects.id=39), 1, 1578, 39, 26);
INSERT INTO orders (order_id, created_at, delivery_id, payment_id, supporting_project_id) VALUES (1578, (SELECT projects.start_date + INTERVAL 34 DAY FROM projects WHERE projects.id=39), 1, 1578, 1578);
INSERT INTO supporting_packages(id, option_list, package_count, order_id, project_package_id, supporting_project_id) VALUES (1578, '["마스터"]', 9, 1578, 39, 1578);
INSERT INTO supporting_projects(supporting_project_id, supported_at, delivery_id, payment_id, project_id, user_id) VALUES (1579, (SELECT projects.start_date + INTERVAL 44 DAY FROM projects WHERE projects.id=39), 1, 1579, 39, 10);
INSERT INTO orders (order_id, created_at, delivery_id, payment_id, supporting_project_id) VALUES (1579, (SELECT projects.start_date + INTERVAL 44 DAY FROM projects WHERE projects.id=39), 1, 1579, 1579);
INSERT INTO supporting_packages(id, option_list, package_count, order_id, project_package_id, supporting_project_id) VALUES (1579, '["마스터"]', 9, 1579, 39, 1579);
INSERT INTO supporting_projects(supporting_project_id, supported_at, delivery_id, payment_id, project_id, user_id) VALUES (1580, (SELECT projects.start_date + INTERVAL 4 DAY FROM projects WHERE projects.id=39), 1, 1580, 39, 37);
INSERT INTO orders (order_id, created_at, delivery_id, payment_id, supporting_project_id) VALUES (1580, (SELECT projects.start_date + INTERVAL 4 DAY FROM projects WHERE projects.id=39), 1, 1580, 1580);
INSERT INTO supporting_packages(id, option_list, package_count, order_id, project_package_id, supporting_project_id) VALUES (1580, '["심화"]', 3, 1580, 39, 1580);
INSERT INTO supporting_projects(supporting_project_id, supported_at, delivery_id, payment_id, project_id, user_id) VALUES (1581, (SELECT projects.start_date + INTERVAL 1 DAY FROM projects WHERE projects.id=39), 1, 1581, 39, 25);
INSERT INTO orders (order_id, created_at, delivery_id, payment_id, supporting_project_id) VALUES (1581, (SELECT projects.start_date + INTERVAL 1 DAY FROM projects WHERE projects.id=39), 1, 1581, 1581);
INSERT INTO supporting_packages(id, option_list, package_count, order_id, project_package_id, supporting_project_id) VALUES (1581, '["마스터"]', 5, 1581, 39, 1581);
INSERT INTO supporting_projects(supporting_project_id, supported_at, delivery_id, payment_id, project_id, user_id) VALUES (1582, (SELECT projects.start_date + INTERVAL 48 DAY FROM projects WHERE projects.id=39), 1, 1582, 39, 38);
INSERT INTO orders (order_id, created_at, delivery_id, payment_id, supporting_project_id) VALUES (1582, (SELECT projects.start_date + INTERVAL 48 DAY FROM projects WHERE projects.id=39), 1, 1582, 1582);
INSERT INTO supporting_packages(id, option_list, package_count, order_id, project_package_id, supporting_project_id) VALUES (1582, '["심화"]', 10, 1582, 39, 1582);
INSERT INTO supporting_projects(supporting_project_id, supported_at, delivery_id, payment_id, project_id, user_id) VALUES (1583, (SELECT projects.start_date + INTERVAL 40 DAY FROM projects WHERE projects.id=39), 1, 1583, 39, 3);
INSERT INTO orders (order_id, created_at, delivery_id, payment_id, supporting_project_id) VALUES (1583, (SELECT projects.start_date + INTERVAL 40 DAY FROM projects WHERE projects.id=39), 1, 1583, 1583);
INSERT INTO supporting_packages(id, option_list, package_count, order_id, project_package_id, supporting_project_id) VALUES (1583, '["기본"]', 2, 1583, 39, 1583);
INSERT INTO supporting_projects(supporting_project_id, supported_at, delivery_id, payment_id, project_id, user_id) VALUES (1584, (SELECT projects.start_date + INTERVAL 47 DAY FROM projects WHERE projects.id=39), 1, 1584, 39, 5);
INSERT INTO orders (order_id, created_at, delivery_id, payment_id, supporting_project_id) VALUES (1584, (SELECT projects.start_date + INTERVAL 47 DAY FROM projects WHERE projects.id=39), 1, 1584, 1584);
INSERT INTO supporting_packages(id, option_list, package_count, order_id, project_package_id, supporting_project_id) VALUES (1584, '["기본"]', 7, 1584, 39, 1584);
INSERT INTO supporting_projects(supporting_project_id, supported_at, delivery_id, payment_id, project_id, user_id) VALUES (1585, (SELECT projects.start_date + INTERVAL 10 DAY FROM projects WHERE projects.id=39), 1, 1585, 39, 17);
INSERT INTO orders (order_id, created_at, delivery_id, payment_id, supporting_project_id) VALUES (1585, (SELECT projects.start_date + INTERVAL 10 DAY FROM projects WHERE projects.id=39), 1, 1585, 1585);
INSERT INTO supporting_packages(id, option_list, package_count, order_id, project_package_id, supporting_project_id) VALUES (1585, '["마스터"]', 5, 1585, 39, 1585);
INSERT INTO supporting_projects(supporting_project_id, supported_at, delivery_id, payment_id, project_id, user_id) VALUES (1586, (SELECT projects.start_date + INTERVAL 29 DAY FROM projects WHERE projects.id=39), 1, 1586, 39, 26);
INSERT INTO orders (order_id, created_at, delivery_id, payment_id, supporting_project_id) VALUES (1586, (SELECT projects.start_date + INTERVAL 29 DAY FROM projects WHERE projects.id=39), 1, 1586, 1586);
INSERT INTO supporting_packages(id, option_list, package_count, order_id, project_package_id, supporting_project_id) VALUES (1586, '["마스터"]', 5, 1586, 39, 1586);
INSERT INTO supporting_projects(supporting_project_id, supported_at, delivery_id, payment_id, project_id, user_id) VALUES (1587, (SELECT projects.start_date + INTERVAL 35 DAY FROM projects WHERE projects.id=39), 1, 1587, 39, 7);
INSERT INTO orders (order_id, created_at, delivery_id, payment_id, supporting_project_id) VALUES (1587, (SELECT projects.start_date + INTERVAL 35 DAY FROM projects WHERE projects.id=39), 1, 1587, 1587);
INSERT INTO supporting_packages(id, option_list, package_count, order_id, project_package_id, supporting_project_id) VALUES (1587, '["심화"]', 7, 1587, 39, 1587);
INSERT INTO supporting_projects(supporting_project_id, supported_at, delivery_id, payment_id, project_id, user_id) VALUES (1588, (SELECT projects.start_date + INTERVAL 16 DAY FROM projects WHERE projects.id=39), 1, 1588, 39, 26);
INSERT INTO orders (order_id, created_at, delivery_id, payment_id, supporting_project_id) VALUES (1588, (SELECT projects.start_date + INTERVAL 16 DAY FROM projects WHERE projects.id=39), 1, 1588, 1588);
INSERT INTO supporting_packages(id, option_list, package_count, order_id, project_package_id, supporting_project_id) VALUES (1588, '["기본"]', 10, 1588, 39, 1588);
INSERT INTO supporting_projects(supporting_project_id, supported_at, delivery_id, payment_id, project_id, user_id) VALUES (1589, (SELECT projects.start_date + INTERVAL 18 DAY FROM projects WHERE projects.id=39), 1, 1589, 39, 23);
INSERT INTO orders (order_id, created_at, delivery_id, payment_id, supporting_project_id) VALUES (1589, (SELECT projects.start_date + INTERVAL 18 DAY FROM projects WHERE projects.id=39), 1, 1589, 1589);
INSERT INTO supporting_packages(id, option_list, package_count, order_id, project_package_id, supporting_project_id) VALUES (1589, '["심화"]', 2, 1589, 39, 1589);
INSERT INTO supporting_projects(supporting_project_id, supported_at, delivery_id, payment_id, project_id, user_id) VALUES (1590, (SELECT projects.start_date + INTERVAL 26 DAY FROM projects WHERE projects.id=39), 1, 1590, 39, 35);
INSERT INTO orders (order_id, created_at, delivery_id, payment_id, supporting_project_id) VALUES (1590, (SELECT projects.start_date + INTERVAL 26 DAY FROM projects WHERE projects.id=39), 1, 1590, 1590);
INSERT INTO supporting_packages(id, option_list, package_count, order_id, project_package_id, supporting_project_id) VALUES (1590, '["심화"]', 1, 1590, 39, 1590);
INSERT INTO supporting_projects(supporting_project_id, supported_at, delivery_id, payment_id, project_id, user_id) VALUES (1591, (SELECT projects.start_date + INTERVAL 18 DAY FROM projects WHERE projects.id=39), 1, 1591, 39, 28);
INSERT INTO orders (order_id, created_at, delivery_id, payment_id, supporting_project_id) VALUES (1591, (SELECT projects.start_date + INTERVAL 18 DAY FROM projects WHERE projects.id=39), 1, 1591, 1591);
INSERT INTO supporting_packages(id, option_list, package_count, order_id, project_package_id, supporting_project_id) VALUES (1591, '["마스터"]', 9, 1591, 39, 1591);
INSERT INTO supporting_projects(supporting_project_id, supported_at, delivery_id, payment_id, project_id, user_id) VALUES (1592, (SELECT projects.start_date + INTERVAL 7 DAY FROM projects WHERE projects.id=39), 1, 1592, 39, 8);
INSERT INTO orders (order_id, created_at, delivery_id, payment_id, supporting_project_id) VALUES (1592, (SELECT projects.start_date + INTERVAL 7 DAY FROM projects WHERE projects.id=39), 1, 1592, 1592);
INSERT INTO supporting_packages(id, option_list, package_count, order_id, project_package_id, supporting_project_id) VALUES (1592, '["마스터"]', 3, 1592, 39, 1592);
INSERT INTO supporting_projects(supporting_project_id, supported_at, delivery_id, payment_id, project_id, user_id) VALUES (1593, (SELECT projects.start_date + INTERVAL 30 DAY FROM projects WHERE projects.id=39), 1, 1593, 39, 39);
INSERT INTO orders (order_id, created_at, delivery_id, payment_id, supporting_project_id) VALUES (1593, (SELECT projects.start_date + INTERVAL 30 DAY FROM projects WHERE projects.id=39), 1, 1593, 1593);
INSERT INTO supporting_packages(id, option_list, package_count, order_id, project_package_id, supporting_project_id) VALUES (1593, '["마스터"]', 1, 1593, 39, 1593);
INSERT INTO supporting_projects(supporting_project_id, supported_at, delivery_id, payment_id, project_id, user_id) VALUES (1594, (SELECT projects.start_date + INTERVAL 28 DAY FROM projects WHERE projects.id=39), 1, 1594, 39, 28);
INSERT INTO orders (order_id, created_at, delivery_id, payment_id, supporting_project_id) VALUES (1594, (SELECT projects.start_date + INTERVAL 28 DAY FROM projects WHERE projects.id=39), 1, 1594, 1594);
INSERT INTO supporting_packages(id, option_list, package_count, order_id, project_package_id, supporting_project_id) VALUES (1594, '["마스터"]', 1, 1594, 39, 1594);
INSERT INTO supporting_projects(supporting_project_id, supported_at, delivery_id, payment_id, project_id, user_id) VALUES (1595, (SELECT projects.start_date + INTERVAL 47 DAY FROM projects WHERE projects.id=39), 1, 1595, 39, 24);
INSERT INTO orders (order_id, created_at, delivery_id, payment_id, supporting_project_id) VALUES (1595, (SELECT projects.start_date + INTERVAL 47 DAY FROM projects WHERE projects.id=39), 1, 1595, 1595);
INSERT INTO supporting_packages(id, option_list, package_count, order_id, project_package_id, supporting_project_id) VALUES (1595, '["마스터"]', 3, 1595, 39, 1595);
INSERT INTO supporting_projects(supporting_project_id, supported_at, delivery_id, payment_id, project_id, user_id) VALUES (1596, (SELECT projects.start_date + INTERVAL 34 DAY FROM projects WHERE projects.id=39), 1, 1596, 39, 40);
INSERT INTO orders (order_id, created_at, delivery_id, payment_id, supporting_project_id) VALUES (1596, (SELECT projects.start_date + INTERVAL 34 DAY FROM projects WHERE projects.id=39), 1, 1596, 1596);
INSERT INTO supporting_packages(id, option_list, package_count, order_id, project_package_id, supporting_project_id) VALUES (1596, '["심화"]', 1, 1596, 39, 1596);
INSERT INTO supporting_projects(supporting_project_id, supported_at, delivery_id, payment_id, project_id, user_id) VALUES (1597, (SELECT projects.start_date + INTERVAL 43 DAY FROM projects WHERE projects.id=39), 1, 1597, 39, 26);
INSERT INTO orders (order_id, created_at, delivery_id, payment_id, supporting_project_id) VALUES (1597, (SELECT projects.start_date + INTERVAL 43 DAY FROM projects WHERE projects.id=39), 1, 1597, 1597);
INSERT INTO supporting_packages(id, option_list, package_count, order_id, project_package_id, supporting_project_id) VALUES (1597, '["심화"]', 2, 1597, 39, 1597);
INSERT INTO supporting_projects(supporting_project_id, supported_at, delivery_id, payment_id, project_id, user_id) VALUES (1598, (SELECT projects.start_date + INTERVAL 10 DAY FROM projects WHERE projects.id=39), 1, 1598, 39, 26);
INSERT INTO orders (order_id, created_at, delivery_id, payment_id, supporting_project_id) VALUES (1598, (SELECT projects.start_date + INTERVAL 10 DAY FROM projects WHERE projects.id=39), 1, 1598, 1598);
INSERT INTO supporting_packages(id, option_list, package_count, order_id, project_package_id, supporting_project_id) VALUES (1598, '["심화"]', 4, 1598, 39, 1598);
INSERT INTO supporting_projects(supporting_project_id, supported_at, delivery_id, payment_id, project_id, user_id) VALUES (1599, (SELECT projects.start_date + INTERVAL 25 DAY FROM projects WHERE projects.id=39), 1, 1599, 39, 35);
INSERT INTO orders (order_id, created_at, delivery_id, payment_id, supporting_project_id) VALUES (1599, (SELECT projects.start_date + INTERVAL 25 DAY FROM projects WHERE projects.id=39), 1, 1599, 1599);
INSERT INTO supporting_packages(id, option_list, package_count, order_id, project_package_id, supporting_project_id) VALUES (1599, '["심화"]', 10, 1599, 39, 1599);
INSERT INTO supporting_projects(supporting_project_id, supported_at, delivery_id, payment_id, project_id, user_id) VALUES (1600, (SELECT projects.start_date + INTERVAL 20 DAY FROM projects WHERE projects.id=39), 1, 1600, 39, 6);
INSERT INTO orders (order_id, created_at, delivery_id, payment_id, supporting_project_id) VALUES (1600, (SELECT projects.start_date + INTERVAL 20 DAY FROM projects WHERE projects.id=39), 1, 1600, 1600);
INSERT INTO supporting_packages(id, option_list, package_count, order_id, project_package_id, supporting_project_id) VALUES (1600, '["기본"]', 10, 1600, 39, 1600);
INSERT INTO supporting_projects(supporting_project_id, supported_at, delivery_id, payment_id, project_id, user_id) VALUES (1601, (SELECT projects.start_date + INTERVAL 46 DAY FROM projects WHERE projects.id=39), 1, 1601, 39, 1);
INSERT INTO orders (order_id, created_at, delivery_id, payment_id, supporting_project_id) VALUES (1601, (SELECT projects.start_date + INTERVAL 46 DAY FROM projects WHERE projects.id=39), 1, 1601, 1601);
INSERT INTO supporting_packages(id, option_list, package_count, order_id, project_package_id, supporting_project_id) VALUES (1601, '["심화"]', 5, 1601, 39, 1601);
INSERT INTO supporting_projects(supporting_project_id, supported_at, delivery_id, payment_id, project_id, user_id) VALUES (1602, (SELECT projects.start_date + INTERVAL 8 DAY FROM projects WHERE projects.id=39), 1, 1602, 39, 8);
INSERT INTO orders (order_id, created_at, delivery_id, payment_id, supporting_project_id) VALUES (1602, (SELECT projects.start_date + INTERVAL 8 DAY FROM projects WHERE projects.id=39), 1, 1602, 1602);
INSERT INTO supporting_packages(id, option_list, package_count, order_id, project_package_id, supporting_project_id) VALUES (1602, '["마스터"]', 8, 1602, 39, 1602);
INSERT INTO supporting_projects(supporting_project_id, supported_at, delivery_id, payment_id, project_id, user_id) VALUES (1603, (SELECT projects.start_date + INTERVAL 18 DAY FROM projects WHERE projects.id=39), 1, 1603, 39, 25);
INSERT INTO orders (order_id, created_at, delivery_id, payment_id, supporting_project_id) VALUES (1603, (SELECT projects.start_date + INTERVAL 18 DAY FROM projects WHERE projects.id=39), 1, 1603, 1603);
INSERT INTO supporting_packages(id, option_list, package_count, order_id, project_package_id, supporting_project_id) VALUES (1603, '["기본"]', 10, 1603, 39, 1603);
INSERT INTO supporting_projects(supporting_project_id, supported_at, delivery_id, payment_id, project_id, user_id) VALUES (1604, (SELECT projects.start_date + INTERVAL 29 DAY FROM projects WHERE projects.id=39), 1, 1604, 39, 10);
INSERT INTO orders (order_id, created_at, delivery_id, payment_id, supporting_project_id) VALUES (1604, (SELECT projects.start_date + INTERVAL 29 DAY FROM projects WHERE projects.id=39), 1, 1604, 1604);
INSERT INTO supporting_packages(id, option_list, package_count, order_id, project_package_id, supporting_project_id) VALUES (1604, '["심화"]', 3, 1604, 39, 1604);
INSERT INTO supporting_projects(supporting_project_id, supported_at, delivery_id, payment_id, project_id, user_id) VALUES (1605, (SELECT projects.start_date + INTERVAL 31 DAY FROM projects WHERE projects.id=39), 1, 1605, 39, 14);
INSERT INTO orders (order_id, created_at, delivery_id, payment_id, supporting_project_id) VALUES (1605, (SELECT projects.start_date + INTERVAL 31 DAY FROM projects WHERE projects.id=39), 1, 1605, 1605);
INSERT INTO supporting_packages(id, option_list, package_count, order_id, project_package_id, supporting_project_id) VALUES (1605, '["심화"]', 7, 1605, 39, 1605);
INSERT INTO supporting_projects(supporting_project_id, supported_at, delivery_id, payment_id, project_id, user_id) VALUES (1606, (SELECT projects.start_date + INTERVAL 40 DAY FROM projects WHERE projects.id=39), 1, 1606, 39, 13);
INSERT INTO orders (order_id, created_at, delivery_id, payment_id, supporting_project_id) VALUES (1606, (SELECT projects.start_date + INTERVAL 40 DAY FROM projects WHERE projects.id=39), 1, 1606, 1606);
INSERT INTO supporting_packages(id, option_list, package_count, order_id, project_package_id, supporting_project_id) VALUES (1606, '["심화"]', 1, 1606, 39, 1606);
INSERT INTO supporting_projects(supporting_project_id, supported_at, delivery_id, payment_id, project_id, user_id) VALUES (1607, (SELECT projects.start_date + INTERVAL 30 DAY FROM projects WHERE projects.id=39), 1, 1607, 39, 28);
INSERT INTO orders (order_id, created_at, delivery_id, payment_id, supporting_project_id) VALUES (1607, (SELECT projects.start_date + INTERVAL 30 DAY FROM projects WHERE projects.id=39), 1, 1607, 1607);
INSERT INTO supporting_packages(id, option_list, package_count, order_id, project_package_id, supporting_project_id) VALUES (1607, '["마스터"]', 4, 1607, 39, 1607);
INSERT INTO supporting_projects(supporting_project_id, supported_at, delivery_id, payment_id, project_id, user_id) VALUES (1608, (SELECT projects.start_date + INTERVAL 3 DAY FROM projects WHERE projects.id=39), 1, 1608, 39, 32);
INSERT INTO orders (order_id, created_at, delivery_id, payment_id, supporting_project_id) VALUES (1608, (SELECT projects.start_date + INTERVAL 3 DAY FROM projects WHERE projects.id=39), 1, 1608, 1608);
INSERT INTO supporting_packages(id, option_list, package_count, order_id, project_package_id, supporting_project_id) VALUES (1608, '["기본"]', 8, 1608, 39, 1608);
INSERT INTO supporting_projects(supporting_project_id, supported_at, delivery_id, payment_id, project_id, user_id) VALUES (1609, (SELECT projects.start_date + INTERVAL 1 DAY FROM projects WHERE projects.id=39), 1, 1609, 39, 22);
INSERT INTO orders (order_id, created_at, delivery_id, payment_id, supporting_project_id) VALUES (1609, (SELECT projects.start_date + INTERVAL 1 DAY FROM projects WHERE projects.id=39), 1, 1609, 1609);
INSERT INTO supporting_packages(id, option_list, package_count, order_id, project_package_id, supporting_project_id) VALUES (1609, '["마스터"]', 4, 1609, 39, 1609);
INSERT INTO supporting_projects(supporting_project_id, supported_at, delivery_id, payment_id, project_id, user_id) VALUES (1610, (SELECT projects.start_date + INTERVAL 50 DAY FROM projects WHERE projects.id=39), 1, 1610, 39, 18);
INSERT INTO orders (order_id, created_at, delivery_id, payment_id, supporting_project_id) VALUES (1610, (SELECT projects.start_date + INTERVAL 50 DAY FROM projects WHERE projects.id=39), 1, 1610, 1610);
INSERT INTO supporting_packages(id, option_list, package_count, order_id, project_package_id, supporting_project_id) VALUES (1610, '["기본"]', 2, 1610, 39, 1610);
INSERT INTO supporting_projects(supporting_project_id, supported_at, delivery_id, payment_id, project_id, user_id) VALUES (1611, (SELECT projects.start_date + INTERVAL 47 DAY FROM projects WHERE projects.id=39), 1, 1611, 39, 28);
INSERT INTO orders (order_id, created_at, delivery_id, payment_id, supporting_project_id) VALUES (1611, (SELECT projects.start_date + INTERVAL 47 DAY FROM projects WHERE projects.id=39), 1, 1611, 1611);
INSERT INTO supporting_packages(id, option_list, package_count, order_id, project_package_id, supporting_project_id) VALUES (1611, '["기본"]', 10, 1611, 39, 1611);
INSERT INTO supporting_projects(supporting_project_id, supported_at, delivery_id, payment_id, project_id, user_id) VALUES (1612, (SELECT projects.start_date + INTERVAL 13 DAY FROM projects WHERE projects.id=39), 1, 1612, 39, 9);
INSERT INTO orders (order_id, created_at, delivery_id, payment_id, supporting_project_id) VALUES (1612, (SELECT projects.start_date + INTERVAL 13 DAY FROM projects WHERE projects.id=39), 1, 1612, 1612);
INSERT INTO supporting_packages(id, option_list, package_count, order_id, project_package_id, supporting_project_id) VALUES (1612, '["기본"]', 8, 1612, 39, 1612);
INSERT INTO supporting_projects(supporting_project_id, supported_at, delivery_id, payment_id, project_id, user_id) VALUES (1613, (SELECT projects.start_date + INTERVAL 24 DAY FROM projects WHERE projects.id=39), 1, 1613, 39, 36);
INSERT INTO orders (order_id, created_at, delivery_id, payment_id, supporting_project_id) VALUES (1613, (SELECT projects.start_date + INTERVAL 24 DAY FROM projects WHERE projects.id=39), 1, 1613, 1613);
INSERT INTO supporting_packages(id, option_list, package_count, order_id, project_package_id, supporting_project_id) VALUES (1613, '["마스터"]', 7, 1613, 39, 1613);
INSERT INTO supporting_projects(supporting_project_id, supported_at, delivery_id, payment_id, project_id, user_id) VALUES (1614, (SELECT projects.start_date + INTERVAL 26 DAY FROM projects WHERE projects.id=39), 1, 1614, 39, 13);
INSERT INTO orders (order_id, created_at, delivery_id, payment_id, supporting_project_id) VALUES (1614, (SELECT projects.start_date + INTERVAL 26 DAY FROM projects WHERE projects.id=39), 1, 1614, 1614);
INSERT INTO supporting_packages(id, option_list, package_count, order_id, project_package_id, supporting_project_id) VALUES (1614, '["심화"]', 4, 1614, 39, 1614);
INSERT INTO supporting_projects(supporting_project_id, supported_at, delivery_id, payment_id, project_id, user_id) VALUES (1615, (SELECT projects.start_date + INTERVAL 42 DAY FROM projects WHERE projects.id=39), 1, 1615, 39, 17);
INSERT INTO orders (order_id, created_at, delivery_id, payment_id, supporting_project_id) VALUES (1615, (SELECT projects.start_date + INTERVAL 42 DAY FROM projects WHERE projects.id=39), 1, 1615, 1615);
INSERT INTO supporting_packages(id, option_list, package_count, order_id, project_package_id, supporting_project_id) VALUES (1615, '["기본"]', 1, 1615, 39, 1615);
INSERT INTO supporting_projects(supporting_project_id, supported_at, delivery_id, payment_id, project_id, user_id) VALUES (1616, (SELECT projects.start_date + INTERVAL 18 DAY FROM projects WHERE projects.id=39), 1, 1616, 39, 16);
INSERT INTO orders (order_id, created_at, delivery_id, payment_id, supporting_project_id) VALUES (1616, (SELECT projects.start_date + INTERVAL 18 DAY FROM projects WHERE projects.id=39), 1, 1616, 1616);
INSERT INTO supporting_packages(id, option_list, package_count, order_id, project_package_id, supporting_project_id) VALUES (1616, '["기본"]', 7, 1616, 39, 1616);
INSERT INTO supporting_projects(supporting_project_id, supported_at, delivery_id, payment_id, project_id, user_id) VALUES (1617, (SELECT projects.start_date + INTERVAL 1 DAY FROM projects WHERE projects.id=39), 1, 1617, 39, 23);
INSERT INTO orders (order_id, created_at, delivery_id, payment_id, supporting_project_id) VALUES (1617, (SELECT projects.start_date + INTERVAL 1 DAY FROM projects WHERE projects.id=39), 1, 1617, 1617);
INSERT INTO supporting_packages(id, option_list, package_count, order_id, project_package_id, supporting_project_id) VALUES (1617, '["마스터"]', 5, 1617, 39, 1617);
INSERT INTO supporting_projects(supporting_project_id, supported_at, delivery_id, payment_id, project_id, user_id) VALUES (1618, (SELECT projects.start_date + INTERVAL 11 DAY FROM projects WHERE projects.id=39), 1, 1618, 39, 29);
INSERT INTO orders (order_id, created_at, delivery_id, payment_id, supporting_project_id) VALUES (1618, (SELECT projects.start_date + INTERVAL 11 DAY FROM projects WHERE projects.id=39), 1, 1618, 1618);
INSERT INTO supporting_packages(id, option_list, package_count, order_id, project_package_id, supporting_project_id) VALUES (1618, '["기본"]', 8, 1618, 39, 1618);
INSERT INTO supporting_projects(supporting_project_id, supported_at, delivery_id, payment_id, project_id, user_id) VALUES (1619, (SELECT projects.start_date + INTERVAL 4 DAY FROM projects WHERE projects.id=39), 1, 1619, 39, 3);
INSERT INTO orders (order_id, created_at, delivery_id, payment_id, supporting_project_id) VALUES (1619, (SELECT projects.start_date + INTERVAL 4 DAY FROM projects WHERE projects.id=39), 1, 1619, 1619);
INSERT INTO supporting_packages(id, option_list, package_count, order_id, project_package_id, supporting_project_id) VALUES (1619, '["기본"]', 2, 1619, 39, 1619);
INSERT INTO supporting_projects(supporting_project_id, supported_at, delivery_id, payment_id, project_id, user_id) VALUES (1620, (SELECT projects.start_date + INTERVAL 36 DAY FROM projects WHERE projects.id=39), 1, 1620, 39, 15);
INSERT INTO orders (order_id, created_at, delivery_id, payment_id, supporting_project_id) VALUES (1620, (SELECT projects.start_date + INTERVAL 36 DAY FROM projects WHERE projects.id=39), 1, 1620, 1620);
INSERT INTO supporting_packages(id, option_list, package_count, order_id, project_package_id, supporting_project_id) VALUES (1620, '["마스터"]', 5, 1620, 39, 1620);
INSERT INTO supporting_projects(supporting_project_id, supported_at, delivery_id, payment_id, project_id, user_id) VALUES (1621, (SELECT projects.start_date + INTERVAL 11 DAY FROM projects WHERE projects.id=39), 1, 1621, 39, 18);
INSERT INTO orders (order_id, created_at, delivery_id, payment_id, supporting_project_id) VALUES (1621, (SELECT projects.start_date + INTERVAL 11 DAY FROM projects WHERE projects.id=39), 1, 1621, 1621);
INSERT INTO supporting_packages(id, option_list, package_count, order_id, project_package_id, supporting_project_id) VALUES (1621, '["기본"]', 6, 1621, 39, 1621);
INSERT INTO supporting_projects(supporting_project_id, supported_at, delivery_id, payment_id, project_id, user_id) VALUES (1622, (SELECT projects.start_date + INTERVAL 33 DAY FROM projects WHERE projects.id=39), 1, 1622, 39, 21);
INSERT INTO orders (order_id, created_at, delivery_id, payment_id, supporting_project_id) VALUES (1622, (SELECT projects.start_date + INTERVAL 33 DAY FROM projects WHERE projects.id=39), 1, 1622, 1622);
INSERT INTO supporting_packages(id, option_list, package_count, order_id, project_package_id, supporting_project_id) VALUES (1622, '["마스터"]', 10, 1622, 39, 1622);
INSERT INTO supporting_projects(supporting_project_id, supported_at, delivery_id, payment_id, project_id, user_id) VALUES (1623, (SELECT projects.start_date + INTERVAL 26 DAY FROM projects WHERE projects.id=39), 1, 1623, 39, 33);
INSERT INTO orders (order_id, created_at, delivery_id, payment_id, supporting_project_id) VALUES (1623, (SELECT projects.start_date + INTERVAL 26 DAY FROM projects WHERE projects.id=39), 1, 1623, 1623);
INSERT INTO supporting_packages(id, option_list, package_count, order_id, project_package_id, supporting_project_id) VALUES (1623, '["마스터"]', 5, 1623, 39, 1623);
INSERT INTO supporting_projects(supporting_project_id, supported_at, delivery_id, payment_id, project_id, user_id) VALUES (1624, (SELECT projects.start_date + INTERVAL 35 DAY FROM projects WHERE projects.id=39), 1, 1624, 39, 30);
INSERT INTO orders (order_id, created_at, delivery_id, payment_id, supporting_project_id) VALUES (1624, (SELECT projects.start_date + INTERVAL 35 DAY FROM projects WHERE projects.id=39), 1, 1624, 1624);
INSERT INTO supporting_packages(id, option_list, package_count, order_id, project_package_id, supporting_project_id) VALUES (1624, '["심화"]', 6, 1624, 39, 1624);
INSERT INTO supporting_projects(supporting_project_id, supported_at, delivery_id, payment_id, project_id, user_id) VALUES (1625, (SELECT projects.start_date + INTERVAL 11 DAY FROM projects WHERE projects.id=39), 1, 1625, 39, 11);
INSERT INTO orders (order_id, created_at, delivery_id, payment_id, supporting_project_id) VALUES (1625, (SELECT projects.start_date + INTERVAL 11 DAY FROM projects WHERE projects.id=39), 1, 1625, 1625);
INSERT INTO supporting_packages(id, option_list, package_count, order_id, project_package_id, supporting_project_id) VALUES (1625, '["기본"]', 4, 1625, 39, 1625);
INSERT INTO supporting_projects(supporting_project_id, supported_at, delivery_id, payment_id, project_id, user_id) VALUES (1626, (SELECT projects.start_date + INTERVAL 29 DAY FROM projects WHERE projects.id=39), 1, 1626, 39, 12);
INSERT INTO orders (order_id, created_at, delivery_id, payment_id, supporting_project_id) VALUES (1626, (SELECT projects.start_date + INTERVAL 29 DAY FROM projects WHERE projects.id=39), 1, 1626, 1626);
INSERT INTO supporting_packages(id, option_list, package_count, order_id, project_package_id, supporting_project_id) VALUES (1626, '["심화"]', 4, 1626, 39, 1626);
INSERT INTO supporting_projects(supporting_project_id, supported_at, delivery_id, payment_id, project_id, user_id) VALUES (1627, (SELECT projects.start_date + INTERVAL 36 DAY FROM projects WHERE projects.id=39), 1, 1627, 39, 20);
INSERT INTO orders (order_id, created_at, delivery_id, payment_id, supporting_project_id) VALUES (1627, (SELECT projects.start_date + INTERVAL 36 DAY FROM projects WHERE projects.id=39), 1, 1627, 1627);
INSERT INTO supporting_packages(id, option_list, package_count, order_id, project_package_id, supporting_project_id) VALUES (1627, '["마스터"]', 6, 1627, 39, 1627);
INSERT INTO supporting_projects(supporting_project_id, supported_at, delivery_id, payment_id, project_id, user_id) VALUES (1628, (SELECT projects.start_date + INTERVAL 5 DAY FROM projects WHERE projects.id=39), 1, 1628, 39, 3);
INSERT INTO orders (order_id, created_at, delivery_id, payment_id, supporting_project_id) VALUES (1628, (SELECT projects.start_date + INTERVAL 5 DAY FROM projects WHERE projects.id=39), 1, 1628, 1628);
INSERT INTO supporting_packages(id, option_list, package_count, order_id, project_package_id, supporting_project_id) VALUES (1628, '["심화"]', 3, 1628, 39, 1628);
INSERT INTO supporting_projects(supporting_project_id, supported_at, delivery_id, payment_id, project_id, user_id) VALUES (1629, (SELECT projects.start_date + INTERVAL 40 DAY FROM projects WHERE projects.id=39), 1, 1629, 39, 34);
INSERT INTO orders (order_id, created_at, delivery_id, payment_id, supporting_project_id) VALUES (1629, (SELECT projects.start_date + INTERVAL 40 DAY FROM projects WHERE projects.id=39), 1, 1629, 1629);
INSERT INTO supporting_packages(id, option_list, package_count, order_id, project_package_id, supporting_project_id) VALUES (1629, '["마스터"]', 2, 1629, 39, 1629);
INSERT INTO supporting_projects(supporting_project_id, supported_at, delivery_id, payment_id, project_id, user_id) VALUES (1630, (SELECT projects.start_date + INTERVAL 34 DAY FROM projects WHERE projects.id=39), 1, 1630, 39, 35);
INSERT INTO orders (order_id, created_at, delivery_id, payment_id, supporting_project_id) VALUES (1630, (SELECT projects.start_date + INTERVAL 34 DAY FROM projects WHERE projects.id=39), 1, 1630, 1630);
INSERT INTO supporting_packages(id, option_list, package_count, order_id, project_package_id, supporting_project_id) VALUES (1630, '["기본"]', 4, 1630, 39, 1630);
INSERT INTO supporting_projects(supporting_project_id, supported_at, delivery_id, payment_id, project_id, user_id) VALUES (1631, (SELECT projects.start_date + INTERVAL 37 DAY FROM projects WHERE projects.id=39), 1, 1631, 39, 5);
INSERT INTO orders (order_id, created_at, delivery_id, payment_id, supporting_project_id) VALUES (1631, (SELECT projects.start_date + INTERVAL 37 DAY FROM projects WHERE projects.id=39), 1, 1631, 1631);
INSERT INTO supporting_packages(id, option_list, package_count, order_id, project_package_id, supporting_project_id) VALUES (1631, '["심화"]', 3, 1631, 39, 1631);
INSERT INTO supporting_projects(supporting_project_id, supported_at, delivery_id, payment_id, project_id, user_id) VALUES (1632, (SELECT projects.start_date + INTERVAL 49 DAY FROM projects WHERE projects.id=43), 1, 1632, 43, 9);
INSERT INTO orders (order_id, created_at, delivery_id, payment_id, supporting_project_id) VALUES (1632, (SELECT projects.start_date + INTERVAL 49 DAY FROM projects WHERE projects.id=43), 1, 1632, 1632);
INSERT INTO supporting_packages(id, option_list, package_count, order_id, project_package_id, supporting_project_id) VALUES (1632, '["LP"]', 7, 1632, 43, 1632);
INSERT INTO supporting_projects(supporting_project_id, supported_at, delivery_id, payment_id, project_id, user_id) VALUES (1633, (SELECT projects.start_date + INTERVAL 36 DAY FROM projects WHERE projects.id=43), 1, 1633, 43, 17);
INSERT INTO orders (order_id, created_at, delivery_id, payment_id, supporting_project_id) VALUES (1633, (SELECT projects.start_date + INTERVAL 36 DAY FROM projects WHERE projects.id=43), 1, 1633, 1633);
INSERT INTO supporting_packages(id, option_list, package_count, order_id, project_package_id, supporting_project_id) VALUES (1633, '["CD"]', 7, 1633, 43, 1633);
INSERT INTO supporting_projects(supporting_project_id, supported_at, delivery_id, payment_id, project_id, user_id) VALUES (1634, (SELECT projects.start_date + INTERVAL 49 DAY FROM projects WHERE projects.id=43), 1, 1634, 43, 6);
INSERT INTO orders (order_id, created_at, delivery_id, payment_id, supporting_project_id) VALUES (1634, (SELECT projects.start_date + INTERVAL 49 DAY FROM projects WHERE projects.id=43), 1, 1634, 1634);
INSERT INTO supporting_packages(id, option_list, package_count, order_id, project_package_id, supporting_project_id) VALUES (1634, '["LP"]', 2, 1634, 43, 1634);
INSERT INTO supporting_projects(supporting_project_id, supported_at, delivery_id, payment_id, project_id, user_id) VALUES (1635, (SELECT projects.start_date + INTERVAL 23 DAY FROM projects WHERE projects.id=43), 1, 1635, 43, 8);
INSERT INTO orders (order_id, created_at, delivery_id, payment_id, supporting_project_id) VALUES (1635, (SELECT projects.start_date + INTERVAL 23 DAY FROM projects WHERE projects.id=43), 1, 1635, 1635);
INSERT INTO supporting_packages(id, option_list, package_count, order_id, project_package_id, supporting_project_id) VALUES (1635, '["LP"]', 4, 1635, 43, 1635);
INSERT INTO supporting_projects(supporting_project_id, supported_at, delivery_id, payment_id, project_id, user_id) VALUES (1636, (SELECT projects.start_date + INTERVAL 37 DAY FROM projects WHERE projects.id=43), 1, 1636, 43, 39);
INSERT INTO orders (order_id, created_at, delivery_id, payment_id, supporting_project_id) VALUES (1636, (SELECT projects.start_date + INTERVAL 37 DAY FROM projects WHERE projects.id=43), 1, 1636, 1636);
INSERT INTO supporting_packages(id, option_list, package_count, order_id, project_package_id, supporting_project_id) VALUES (1636, '["디지털 다운로드"]', 10, 1636, 43, 1636);
INSERT INTO supporting_projects(supporting_project_id, supported_at, delivery_id, payment_id, project_id, user_id) VALUES (1637, (SELECT projects.start_date + INTERVAL 48 DAY FROM projects WHERE projects.id=43), 1, 1637, 43, 17);
INSERT INTO orders (order_id, created_at, delivery_id, payment_id, supporting_project_id) VALUES (1637, (SELECT projects.start_date + INTERVAL 48 DAY FROM projects WHERE projects.id=43), 1, 1637, 1637);
INSERT INTO supporting_packages(id, option_list, package_count, order_id, project_package_id, supporting_project_id) VALUES (1637, '["CD"]', 10, 1637, 43, 1637);
INSERT INTO supporting_projects(supporting_project_id, supported_at, delivery_id, payment_id, project_id, user_id) VALUES (1638, (SELECT projects.start_date + INTERVAL 48 DAY FROM projects WHERE projects.id=43), 1, 1638, 43, 19);
INSERT INTO orders (order_id, created_at, delivery_id, payment_id, supporting_project_id) VALUES (1638, (SELECT projects.start_date + INTERVAL 48 DAY FROM projects WHERE projects.id=43), 1, 1638, 1638);
INSERT INTO supporting_packages(id, option_list, package_count, order_id, project_package_id, supporting_project_id) VALUES (1638, '["CD"]', 4, 1638, 43, 1638);
INSERT INTO supporting_projects(supporting_project_id, supported_at, delivery_id, payment_id, project_id, user_id) VALUES (1639, (SELECT projects.start_date + INTERVAL 4 DAY FROM projects WHERE projects.id=43), 1, 1639, 43, 29);
INSERT INTO orders (order_id, created_at, delivery_id, payment_id, supporting_project_id) VALUES (1639, (SELECT projects.start_date + INTERVAL 4 DAY FROM projects WHERE projects.id=43), 1, 1639, 1639);
INSERT INTO supporting_packages(id, option_list, package_count, order_id, project_package_id, supporting_project_id) VALUES (1639, '["LP"]', 4, 1639, 43, 1639);
INSERT INTO supporting_projects(supporting_project_id, supported_at, delivery_id, payment_id, project_id, user_id) VALUES (1640, (SELECT projects.start_date + INTERVAL 2 DAY FROM projects WHERE projects.id=43), 1, 1640, 43, 31);
INSERT INTO orders (order_id, created_at, delivery_id, payment_id, supporting_project_id) VALUES (1640, (SELECT projects.start_date + INTERVAL 2 DAY FROM projects WHERE projects.id=43), 1, 1640, 1640);
INSERT INTO supporting_packages(id, option_list, package_count, order_id, project_package_id, supporting_project_id) VALUES (1640, '["CD"]', 4, 1640, 43, 1640);
INSERT INTO supporting_projects(supporting_project_id, supported_at, delivery_id, payment_id, project_id, user_id) VALUES (1641, (SELECT projects.start_date + INTERVAL 1 DAY FROM projects WHERE projects.id=43), 1, 1641, 43, 9);
INSERT INTO orders (order_id, created_at, delivery_id, payment_id, supporting_project_id) VALUES (1641, (SELECT projects.start_date + INTERVAL 1 DAY FROM projects WHERE projects.id=43), 1, 1641, 1641);
INSERT INTO supporting_packages(id, option_list, package_count, order_id, project_package_id, supporting_project_id) VALUES (1641, '["CD"]', 7, 1641, 43, 1641);
INSERT INTO supporting_projects(supporting_project_id, supported_at, delivery_id, payment_id, project_id, user_id) VALUES (1642, (SELECT projects.start_date + INTERVAL 2 DAY FROM projects WHERE projects.id=44), 1, 1642, 44, 18);
INSERT INTO orders (order_id, created_at, delivery_id, payment_id, supporting_project_id) VALUES (1642, (SELECT projects.start_date + INTERVAL 2 DAY FROM projects WHERE projects.id=44), 1, 1642, 1642);
INSERT INTO supporting_packages(id, option_list, package_count, order_id, project_package_id, supporting_project_id) VALUES (1642, '["머그컵"]', 4, 1642, 44, 1642);
INSERT INTO supporting_projects(supporting_project_id, supported_at, delivery_id, payment_id, project_id, user_id) VALUES (1643, (SELECT projects.start_date + INTERVAL 7 DAY FROM projects WHERE projects.id=44), 1, 1643, 44, 18);
INSERT INTO orders (order_id, created_at, delivery_id, payment_id, supporting_project_id) VALUES (1643, (SELECT projects.start_date + INTERVAL 7 DAY FROM projects WHERE projects.id=44), 1, 1643, 1643);
INSERT INTO supporting_packages(id, option_list, package_count, order_id, project_package_id, supporting_project_id) VALUES (1643, '["에코백"]', 3, 1643, 44, 1643);
INSERT INTO supporting_projects(supporting_project_id, supported_at, delivery_id, payment_id, project_id, user_id) VALUES (1644, (SELECT projects.start_date + INTERVAL 36 DAY FROM projects WHERE projects.id=44), 1, 1644, 44, 5);
INSERT INTO orders (order_id, created_at, delivery_id, payment_id, supporting_project_id) VALUES (1644, (SELECT projects.start_date + INTERVAL 36 DAY FROM projects WHERE projects.id=44), 1, 1644, 1644);
INSERT INTO supporting_packages(id, option_list, package_count, order_id, project_package_id, supporting_project_id) VALUES (1644, '["머그컵"]', 5, 1644, 44, 1644);
INSERT INTO supporting_projects(supporting_project_id, supported_at, delivery_id, payment_id, project_id, user_id) VALUES (1645, (SELECT projects.start_date + INTERVAL 45 DAY FROM projects WHERE projects.id=44), 1, 1645, 44, 19);
INSERT INTO orders (order_id, created_at, delivery_id, payment_id, supporting_project_id) VALUES (1645, (SELECT projects.start_date + INTERVAL 45 DAY FROM projects WHERE projects.id=44), 1, 1645, 1645);
INSERT INTO supporting_packages(id, option_list, package_count, order_id, project_package_id, supporting_project_id) VALUES (1645, '["머그컵"]', 3, 1645, 44, 1645);
INSERT INTO supporting_projects(supporting_project_id, supported_at, delivery_id, payment_id, project_id, user_id) VALUES (1646, (SELECT projects.start_date + INTERVAL 48 DAY FROM projects WHERE projects.id=44), 1, 1646, 44, 38);
INSERT INTO orders (order_id, created_at, delivery_id, payment_id, supporting_project_id) VALUES (1646, (SELECT projects.start_date + INTERVAL 48 DAY FROM projects WHERE projects.id=44), 1, 1646, 1646);
INSERT INTO supporting_packages(id, option_list, package_count, order_id, project_package_id, supporting_project_id) VALUES (1646, '["머그컵"]', 8, 1646, 44, 1646);
INSERT INTO supporting_projects(supporting_project_id, supported_at, delivery_id, payment_id, project_id, user_id) VALUES (1647, (SELECT projects.start_date + INTERVAL 40 DAY FROM projects WHERE projects.id=44), 1, 1647, 44, 26);
INSERT INTO orders (order_id, created_at, delivery_id, payment_id, supporting_project_id) VALUES (1647, (SELECT projects.start_date + INTERVAL 40 DAY FROM projects WHERE projects.id=44), 1, 1647, 1647);
INSERT INTO supporting_packages(id, option_list, package_count, order_id, project_package_id, supporting_project_id) VALUES (1647, '["키링"]', 5, 1647, 44, 1647);
INSERT INTO supporting_projects(supporting_project_id, supported_at, delivery_id, payment_id, project_id, user_id) VALUES (1648, (SELECT projects.start_date + INTERVAL 11 DAY FROM projects WHERE projects.id=44), 1, 1648, 44, 30);
INSERT INTO orders (order_id, created_at, delivery_id, payment_id, supporting_project_id) VALUES (1648, (SELECT projects.start_date + INTERVAL 11 DAY FROM projects WHERE projects.id=44), 1, 1648, 1648);
INSERT INTO supporting_packages(id, option_list, package_count, order_id, project_package_id, supporting_project_id) VALUES (1648, '["머그컵"]', 2, 1648, 44, 1648);
INSERT INTO supporting_projects(supporting_project_id, supported_at, delivery_id, payment_id, project_id, user_id) VALUES (1649, (SELECT projects.start_date + INTERVAL 43 DAY FROM projects WHERE projects.id=44), 1, 1649, 44, 4);
INSERT INTO orders (order_id, created_at, delivery_id, payment_id, supporting_project_id) VALUES (1649, (SELECT projects.start_date + INTERVAL 43 DAY FROM projects WHERE projects.id=44), 1, 1649, 1649);
INSERT INTO supporting_packages(id, option_list, package_count, order_id, project_package_id, supporting_project_id) VALUES (1649, '["에코백"]', 8, 1649, 44, 1649);
INSERT INTO supporting_projects(supporting_project_id, supported_at, delivery_id, payment_id, project_id, user_id) VALUES (1650, (SELECT projects.start_date + INTERVAL 22 DAY FROM projects WHERE projects.id=44), 1, 1650, 44, 22);
INSERT INTO orders (order_id, created_at, delivery_id, payment_id, supporting_project_id) VALUES (1650, (SELECT projects.start_date + INTERVAL 22 DAY FROM projects WHERE projects.id=44), 1, 1650, 1650);
INSERT INTO supporting_packages(id, option_list, package_count, order_id, project_package_id, supporting_project_id) VALUES (1650, '["키링"]', 9, 1650, 44, 1650);
INSERT INTO supporting_projects(supporting_project_id, supported_at, delivery_id, payment_id, project_id, user_id) VALUES (1651, (SELECT projects.start_date + INTERVAL 36 DAY FROM projects WHERE projects.id=44), 1, 1651, 44, 6);
INSERT INTO orders (order_id, created_at, delivery_id, payment_id, supporting_project_id) VALUES (1651, (SELECT projects.start_date + INTERVAL 36 DAY FROM projects WHERE projects.id=44), 1, 1651, 1651);
INSERT INTO supporting_packages(id, option_list, package_count, order_id, project_package_id, supporting_project_id) VALUES (1651, '["키링"]', 4, 1651, 44, 1651);
INSERT INTO supporting_projects(supporting_project_id, supported_at, delivery_id, payment_id, project_id, user_id) VALUES (1652, (SELECT projects.start_date + INTERVAL 50 DAY FROM projects WHERE projects.id=44), 1, 1652, 44, 8);
INSERT INTO orders (order_id, created_at, delivery_id, payment_id, supporting_project_id) VALUES (1652, (SELECT projects.start_date + INTERVAL 50 DAY FROM projects WHERE projects.id=44), 1, 1652, 1652);
INSERT INTO supporting_packages(id, option_list, package_count, order_id, project_package_id, supporting_project_id) VALUES (1652, '["머그컵"]', 3, 1652, 44, 1652);
INSERT INTO supporting_projects(supporting_project_id, supported_at, delivery_id, payment_id, project_id, user_id) VALUES (1653, (SELECT projects.start_date + INTERVAL 43 DAY FROM projects WHERE projects.id=44), 1, 1653, 44, 5);
INSERT INTO orders (order_id, created_at, delivery_id, payment_id, supporting_project_id) VALUES (1653, (SELECT projects.start_date + INTERVAL 43 DAY FROM projects WHERE projects.id=44), 1, 1653, 1653);
INSERT INTO supporting_packages(id, option_list, package_count, order_id, project_package_id, supporting_project_id) VALUES (1653, '["키링"]', 10, 1653, 44, 1653);
INSERT INTO supporting_projects(supporting_project_id, supported_at, delivery_id, payment_id, project_id, user_id) VALUES (1654, (SELECT projects.start_date + INTERVAL 49 DAY FROM projects WHERE projects.id=44), 1, 1654, 44, 16);
INSERT INTO orders (order_id, created_at, delivery_id, payment_id, supporting_project_id) VALUES (1654, (SELECT projects.start_date + INTERVAL 49 DAY FROM projects WHERE projects.id=44), 1, 1654, 1654);
INSERT INTO supporting_packages(id, option_list, package_count, order_id, project_package_id, supporting_project_id) VALUES (1654, '["키링"]', 1, 1654, 44, 1654);
INSERT INTO supporting_projects(supporting_project_id, supported_at, delivery_id, payment_id, project_id, user_id) VALUES (1655, (SELECT projects.start_date + INTERVAL 19 DAY FROM projects WHERE projects.id=44), 1, 1655, 44, 21);
INSERT INTO orders (order_id, created_at, delivery_id, payment_id, supporting_project_id) VALUES (1655, (SELECT projects.start_date + INTERVAL 19 DAY FROM projects WHERE projects.id=44), 1, 1655, 1655);
INSERT INTO supporting_packages(id, option_list, package_count, order_id, project_package_id, supporting_project_id) VALUES (1655, '["머그컵"]', 5, 1655, 44, 1655);
INSERT INTO supporting_projects(supporting_project_id, supported_at, delivery_id, payment_id, project_id, user_id) VALUES (1656, (SELECT projects.start_date + INTERVAL 50 DAY FROM projects WHERE projects.id=44), 1, 1656, 44, 39);
INSERT INTO orders (order_id, created_at, delivery_id, payment_id, supporting_project_id) VALUES (1656, (SELECT projects.start_date + INTERVAL 50 DAY FROM projects WHERE projects.id=44), 1, 1656, 1656);
INSERT INTO supporting_packages(id, option_list, package_count, order_id, project_package_id, supporting_project_id) VALUES (1656, '["에코백"]', 10, 1656, 44, 1656);
INSERT INTO supporting_projects(supporting_project_id, supported_at, delivery_id, payment_id, project_id, user_id) VALUES (1657, (SELECT projects.start_date + INTERVAL 16 DAY FROM projects WHERE projects.id=44), 1, 1657, 44, 13);
INSERT INTO orders (order_id, created_at, delivery_id, payment_id, supporting_project_id) VALUES (1657, (SELECT projects.start_date + INTERVAL 16 DAY FROM projects WHERE projects.id=44), 1, 1657, 1657);
INSERT INTO supporting_packages(id, option_list, package_count, order_id, project_package_id, supporting_project_id) VALUES (1657, '["머그컵"]', 3, 1657, 44, 1657);
INSERT INTO supporting_projects(supporting_project_id, supported_at, delivery_id, payment_id, project_id, user_id) VALUES (1658, (SELECT projects.start_date + INTERVAL 27 DAY FROM projects WHERE projects.id=44), 1, 1658, 44, 35);
INSERT INTO orders (order_id, created_at, delivery_id, payment_id, supporting_project_id) VALUES (1658, (SELECT projects.start_date + INTERVAL 27 DAY FROM projects WHERE projects.id=44), 1, 1658, 1658);
INSERT INTO supporting_packages(id, option_list, package_count, order_id, project_package_id, supporting_project_id) VALUES (1658, '["머그컵"]', 4, 1658, 44, 1658);
INSERT INTO supporting_projects(supporting_project_id, supported_at, delivery_id, payment_id, project_id, user_id) VALUES (1659, (SELECT projects.start_date + INTERVAL 47 DAY FROM projects WHERE projects.id=44), 1, 1659, 44, 22);
INSERT INTO orders (order_id, created_at, delivery_id, payment_id, supporting_project_id) VALUES (1659, (SELECT projects.start_date + INTERVAL 47 DAY FROM projects WHERE projects.id=44), 1, 1659, 1659);
INSERT INTO supporting_packages(id, option_list, package_count, order_id, project_package_id, supporting_project_id) VALUES (1659, '["키링"]', 7, 1659, 44, 1659);
INSERT INTO supporting_projects(supporting_project_id, supported_at, delivery_id, payment_id, project_id, user_id) VALUES (1660, (SELECT projects.start_date + INTERVAL 34 DAY FROM projects WHERE projects.id=44), 1, 1660, 44, 15);
INSERT INTO orders (order_id, created_at, delivery_id, payment_id, supporting_project_id) VALUES (1660, (SELECT projects.start_date + INTERVAL 34 DAY FROM projects WHERE projects.id=44), 1, 1660, 1660);
INSERT INTO supporting_packages(id, option_list, package_count, order_id, project_package_id, supporting_project_id) VALUES (1660, '["키링"]', 6, 1660, 44, 1660);
INSERT INTO supporting_projects(supporting_project_id, supported_at, delivery_id, payment_id, project_id, user_id) VALUES (1661, (SELECT projects.start_date + INTERVAL 44 DAY FROM projects WHERE projects.id=44), 1, 1661, 44, 19);
INSERT INTO orders (order_id, created_at, delivery_id, payment_id, supporting_project_id) VALUES (1661, (SELECT projects.start_date + INTERVAL 44 DAY FROM projects WHERE projects.id=44), 1, 1661, 1661);
INSERT INTO supporting_packages(id, option_list, package_count, order_id, project_package_id, supporting_project_id) VALUES (1661, '["키링"]', 7, 1661, 44, 1661);
INSERT INTO supporting_projects(supporting_project_id, supported_at, delivery_id, payment_id, project_id, user_id) VALUES (1662, (SELECT projects.start_date + INTERVAL 41 DAY FROM projects WHERE projects.id=44), 1, 1662, 44, 11);
INSERT INTO orders (order_id, created_at, delivery_id, payment_id, supporting_project_id) VALUES (1662, (SELECT projects.start_date + INTERVAL 41 DAY FROM projects WHERE projects.id=44), 1, 1662, 1662);
INSERT INTO supporting_packages(id, option_list, package_count, order_id, project_package_id, supporting_project_id) VALUES (1662, '["머그컵"]', 9, 1662, 44, 1662);
INSERT INTO supporting_projects(supporting_project_id, supported_at, delivery_id, payment_id, project_id, user_id) VALUES (1663, (SELECT projects.start_date + INTERVAL 12 DAY FROM projects WHERE projects.id=44), 1, 1663, 44, 15);
INSERT INTO orders (order_id, created_at, delivery_id, payment_id, supporting_project_id) VALUES (1663, (SELECT projects.start_date + INTERVAL 12 DAY FROM projects WHERE projects.id=44), 1, 1663, 1663);
INSERT INTO supporting_packages(id, option_list, package_count, order_id, project_package_id, supporting_project_id) VALUES (1663, '["에코백"]', 8, 1663, 44, 1663);
INSERT INTO supporting_projects(supporting_project_id, supported_at, delivery_id, payment_id, project_id, user_id) VALUES (1664, (SELECT projects.start_date + INTERVAL 17 DAY FROM projects WHERE projects.id=44), 1, 1664, 44, 14);
INSERT INTO orders (order_id, created_at, delivery_id, payment_id, supporting_project_id) VALUES (1664, (SELECT projects.start_date + INTERVAL 17 DAY FROM projects WHERE projects.id=44), 1, 1664, 1664);
INSERT INTO supporting_packages(id, option_list, package_count, order_id, project_package_id, supporting_project_id) VALUES (1664, '["머그컵"]', 10, 1664, 44, 1664);
INSERT INTO supporting_projects(supporting_project_id, supported_at, delivery_id, payment_id, project_id, user_id) VALUES (1665, (SELECT projects.start_date + INTERVAL 47 DAY FROM projects WHERE projects.id=44), 1, 1665, 44, 21);
INSERT INTO orders (order_id, created_at, delivery_id, payment_id, supporting_project_id) VALUES (1665, (SELECT projects.start_date + INTERVAL 47 DAY FROM projects WHERE projects.id=44), 1, 1665, 1665);
INSERT INTO supporting_packages(id, option_list, package_count, order_id, project_package_id, supporting_project_id) VALUES (1665, '["에코백"]', 1, 1665, 44, 1665);
INSERT INTO supporting_projects(supporting_project_id, supported_at, delivery_id, payment_id, project_id, user_id) VALUES (1666, (SELECT projects.start_date + INTERVAL 47 DAY FROM projects WHERE projects.id=44), 1, 1666, 44, 4);
INSERT INTO orders (order_id, created_at, delivery_id, payment_id, supporting_project_id) VALUES (1666, (SELECT projects.start_date + INTERVAL 47 DAY FROM projects WHERE projects.id=44), 1, 1666, 1666);
INSERT INTO supporting_packages(id, option_list, package_count, order_id, project_package_id, supporting_project_id) VALUES (1666, '["에코백"]', 7, 1666, 44, 1666);
INSERT INTO supporting_projects(supporting_project_id, supported_at, delivery_id, payment_id, project_id, user_id) VALUES (1667, (SELECT projects.start_date + INTERVAL 29 DAY FROM projects WHERE projects.id=44), 1, 1667, 44, 24);
INSERT INTO orders (order_id, created_at, delivery_id, payment_id, supporting_project_id) VALUES (1667, (SELECT projects.start_date + INTERVAL 29 DAY FROM projects WHERE projects.id=44), 1, 1667, 1667);
INSERT INTO supporting_packages(id, option_list, package_count, order_id, project_package_id, supporting_project_id) VALUES (1667, '["에코백"]', 7, 1667, 44, 1667);
INSERT INTO supporting_projects(supporting_project_id, supported_at, delivery_id, payment_id, project_id, user_id) VALUES (1668, (SELECT projects.start_date + INTERVAL 46 DAY FROM projects WHERE projects.id=44), 1, 1668, 44, 35);
INSERT INTO orders (order_id, created_at, delivery_id, payment_id, supporting_project_id) VALUES (1668, (SELECT projects.start_date + INTERVAL 46 DAY FROM projects WHERE projects.id=44), 1, 1668, 1668);
INSERT INTO supporting_packages(id, option_list, package_count, order_id, project_package_id, supporting_project_id) VALUES (1668, '["머그컵"]', 9, 1668, 44, 1668);
INSERT INTO supporting_projects(supporting_project_id, supported_at, delivery_id, payment_id, project_id, user_id) VALUES (1669, (SELECT projects.start_date + INTERVAL 11 DAY FROM projects WHERE projects.id=44), 1, 1669, 44, 3);
INSERT INTO orders (order_id, created_at, delivery_id, payment_id, supporting_project_id) VALUES (1669, (SELECT projects.start_date + INTERVAL 11 DAY FROM projects WHERE projects.id=44), 1, 1669, 1669);
INSERT INTO supporting_packages(id, option_list, package_count, order_id, project_package_id, supporting_project_id) VALUES (1669, '["키링"]', 10, 1669, 44, 1669);
INSERT INTO supporting_projects(supporting_project_id, supported_at, delivery_id, payment_id, project_id, user_id) VALUES (1670, (SELECT projects.start_date + INTERVAL 9 DAY FROM projects WHERE projects.id=44), 1, 1670, 44, 40);
INSERT INTO orders (order_id, created_at, delivery_id, payment_id, supporting_project_id) VALUES (1670, (SELECT projects.start_date + INTERVAL 9 DAY FROM projects WHERE projects.id=44), 1, 1670, 1670);
INSERT INTO supporting_packages(id, option_list, package_count, order_id, project_package_id, supporting_project_id) VALUES (1670, '["머그컵"]', 9, 1670, 44, 1670);
INSERT INTO supporting_projects(supporting_project_id, supported_at, delivery_id, payment_id, project_id, user_id) VALUES (1671, (SELECT projects.start_date + INTERVAL 14 DAY FROM projects WHERE projects.id=44), 1, 1671, 44, 8);
INSERT INTO orders (order_id, created_at, delivery_id, payment_id, supporting_project_id) VALUES (1671, (SELECT projects.start_date + INTERVAL 14 DAY FROM projects WHERE projects.id=44), 1, 1671, 1671);
INSERT INTO supporting_packages(id, option_list, package_count, order_id, project_package_id, supporting_project_id) VALUES (1671, '["에코백"]', 4, 1671, 44, 1671);
INSERT INTO supporting_projects(supporting_project_id, supported_at, delivery_id, payment_id, project_id, user_id) VALUES (1672, (SELECT projects.start_date + INTERVAL 24 DAY FROM projects WHERE projects.id=44), 1, 1672, 44, 28);
INSERT INTO orders (order_id, created_at, delivery_id, payment_id, supporting_project_id) VALUES (1672, (SELECT projects.start_date + INTERVAL 24 DAY FROM projects WHERE projects.id=44), 1, 1672, 1672);
INSERT INTO supporting_packages(id, option_list, package_count, order_id, project_package_id, supporting_project_id) VALUES (1672, '["키링"]', 2, 1672, 44, 1672);
INSERT INTO supporting_projects(supporting_project_id, supported_at, delivery_id, payment_id, project_id, user_id) VALUES (1673, (SELECT projects.start_date + INTERVAL 21 DAY FROM projects WHERE projects.id=44), 1, 1673, 44, 37);
INSERT INTO orders (order_id, created_at, delivery_id, payment_id, supporting_project_id) VALUES (1673, (SELECT projects.start_date + INTERVAL 21 DAY FROM projects WHERE projects.id=44), 1, 1673, 1673);
INSERT INTO supporting_packages(id, option_list, package_count, order_id, project_package_id, supporting_project_id) VALUES (1673, '["에코백"]', 8, 1673, 44, 1673);
INSERT INTO supporting_projects(supporting_project_id, supported_at, delivery_id, payment_id, project_id, user_id) VALUES (1674, (SELECT projects.start_date + INTERVAL 30 DAY FROM projects WHERE projects.id=44), 1, 1674, 44, 32);
INSERT INTO orders (order_id, created_at, delivery_id, payment_id, supporting_project_id) VALUES (1674, (SELECT projects.start_date + INTERVAL 30 DAY FROM projects WHERE projects.id=44), 1, 1674, 1674);
INSERT INTO supporting_packages(id, option_list, package_count, order_id, project_package_id, supporting_project_id) VALUES (1674, '["에코백"]', 5, 1674, 44, 1674);
INSERT INTO supporting_projects(supporting_project_id, supported_at, delivery_id, payment_id, project_id, user_id) VALUES (1675, (SELECT projects.start_date + INTERVAL 47 DAY FROM projects WHERE projects.id=44), 1, 1675, 44, 5);
INSERT INTO orders (order_id, created_at, delivery_id, payment_id, supporting_project_id) VALUES (1675, (SELECT projects.start_date + INTERVAL 47 DAY FROM projects WHERE projects.id=44), 1, 1675, 1675);
INSERT INTO supporting_packages(id, option_list, package_count, order_id, project_package_id, supporting_project_id) VALUES (1675, '["키링"]', 6, 1675, 44, 1675);
INSERT INTO supporting_projects(supporting_project_id, supported_at, delivery_id, payment_id, project_id, user_id) VALUES (1676, (SELECT projects.start_date + INTERVAL 17 DAY FROM projects WHERE projects.id=44), 1, 1676, 44, 12);
INSERT INTO orders (order_id, created_at, delivery_id, payment_id, supporting_project_id) VALUES (1676, (SELECT projects.start_date + INTERVAL 17 DAY FROM projects WHERE projects.id=44), 1, 1676, 1676);
INSERT INTO supporting_packages(id, option_list, package_count, order_id, project_package_id, supporting_project_id) VALUES (1676, '["에코백"]', 2, 1676, 44, 1676);
INSERT INTO supporting_projects(supporting_project_id, supported_at, delivery_id, payment_id, project_id, user_id) VALUES (1677, (SELECT projects.start_date + INTERVAL 18 DAY FROM projects WHERE projects.id=44), 1, 1677, 44, 18);
INSERT INTO orders (order_id, created_at, delivery_id, payment_id, supporting_project_id) VALUES (1677, (SELECT projects.start_date + INTERVAL 18 DAY FROM projects WHERE projects.id=44), 1, 1677, 1677);
INSERT INTO supporting_packages(id, option_list, package_count, order_id, project_package_id, supporting_project_id) VALUES (1677, '["에코백"]', 4, 1677, 44, 1677);
INSERT INTO supporting_projects(supporting_project_id, supported_at, delivery_id, payment_id, project_id, user_id) VALUES (1678, (SELECT projects.start_date + INTERVAL 6 DAY FROM projects WHERE projects.id=44), 1, 1678, 44, 32);
INSERT INTO orders (order_id, created_at, delivery_id, payment_id, supporting_project_id) VALUES (1678, (SELECT projects.start_date + INTERVAL 6 DAY FROM projects WHERE projects.id=44), 1, 1678, 1678);
INSERT INTO supporting_packages(id, option_list, package_count, order_id, project_package_id, supporting_project_id) VALUES (1678, '["에코백"]', 5, 1678, 44, 1678);
INSERT INTO supporting_projects(supporting_project_id, supported_at, delivery_id, payment_id, project_id, user_id) VALUES (1679, (SELECT projects.start_date + INTERVAL 5 DAY FROM projects WHERE projects.id=44), 1, 1679, 44, 2);
INSERT INTO orders (order_id, created_at, delivery_id, payment_id, supporting_project_id) VALUES (1679, (SELECT projects.start_date + INTERVAL 5 DAY FROM projects WHERE projects.id=44), 1, 1679, 1679);
INSERT INTO supporting_packages(id, option_list, package_count, order_id, project_package_id, supporting_project_id) VALUES (1679, '["에코백"]', 6, 1679, 44, 1679);
INSERT INTO supporting_projects(supporting_project_id, supported_at, delivery_id, payment_id, project_id, user_id) VALUES (1680, (SELECT projects.start_date + INTERVAL 18 DAY FROM projects WHERE projects.id=44), 1, 1680, 44, 25);
INSERT INTO orders (order_id, created_at, delivery_id, payment_id, supporting_project_id) VALUES (1680, (SELECT projects.start_date + INTERVAL 18 DAY FROM projects WHERE projects.id=44), 1, 1680, 1680);
INSERT INTO supporting_packages(id, option_list, package_count, order_id, project_package_id, supporting_project_id) VALUES (1680, '["에코백"]', 3, 1680, 44, 1680);
INSERT INTO supporting_projects(supporting_project_id, supported_at, delivery_id, payment_id, project_id, user_id) VALUES (1681, (SELECT projects.start_date + INTERVAL 33 DAY FROM projects WHERE projects.id=44), 1, 1681, 44, 28);
INSERT INTO orders (order_id, created_at, delivery_id, payment_id, supporting_project_id) VALUES (1681, (SELECT projects.start_date + INTERVAL 33 DAY FROM projects WHERE projects.id=44), 1, 1681, 1681);
INSERT INTO supporting_packages(id, option_list, package_count, order_id, project_package_id, supporting_project_id) VALUES (1681, '["키링"]', 4, 1681, 44, 1681);
INSERT INTO supporting_projects(supporting_project_id, supported_at, delivery_id, payment_id, project_id, user_id) VALUES (1682, (SELECT projects.start_date + INTERVAL 31 DAY FROM projects WHERE projects.id=44), 1, 1682, 44, 36);
INSERT INTO orders (order_id, created_at, delivery_id, payment_id, supporting_project_id) VALUES (1682, (SELECT projects.start_date + INTERVAL 31 DAY FROM projects WHERE projects.id=44), 1, 1682, 1682);
INSERT INTO supporting_packages(id, option_list, package_count, order_id, project_package_id, supporting_project_id) VALUES (1682, '["키링"]', 6, 1682, 44, 1682);
INSERT INTO supporting_projects(supporting_project_id, supported_at, delivery_id, payment_id, project_id, user_id) VALUES (1683, (SELECT projects.start_date + INTERVAL 5 DAY FROM projects WHERE projects.id=44), 1, 1683, 44, 10);
INSERT INTO orders (order_id, created_at, delivery_id, payment_id, supporting_project_id) VALUES (1683, (SELECT projects.start_date + INTERVAL 5 DAY FROM projects WHERE projects.id=44), 1, 1683, 1683);
INSERT INTO supporting_packages(id, option_list, package_count, order_id, project_package_id, supporting_project_id) VALUES (1683, '["키링"]', 9, 1683, 44, 1683);
INSERT INTO supporting_projects(supporting_project_id, supported_at, delivery_id, payment_id, project_id, user_id) VALUES (1684, (SELECT projects.start_date + INTERVAL 3 DAY FROM projects WHERE projects.id=44), 1, 1684, 44, 33);
INSERT INTO orders (order_id, created_at, delivery_id, payment_id, supporting_project_id) VALUES (1684, (SELECT projects.start_date + INTERVAL 3 DAY FROM projects WHERE projects.id=44), 1, 1684, 1684);
INSERT INTO supporting_packages(id, option_list, package_count, order_id, project_package_id, supporting_project_id) VALUES (1684, '["키링"]', 10, 1684, 44, 1684);
INSERT INTO supporting_projects(supporting_project_id, supported_at, delivery_id, payment_id, project_id, user_id) VALUES (1685, (SELECT projects.start_date + INTERVAL 39 DAY FROM projects WHERE projects.id=44), 1, 1685, 44, 15);
INSERT INTO orders (order_id, created_at, delivery_id, payment_id, supporting_project_id) VALUES (1685, (SELECT projects.start_date + INTERVAL 39 DAY FROM projects WHERE projects.id=44), 1, 1685, 1685);
INSERT INTO supporting_packages(id, option_list, package_count, order_id, project_package_id, supporting_project_id) VALUES (1685, '["머그컵"]', 2, 1685, 44, 1685);
INSERT INTO supporting_projects(supporting_project_id, supported_at, delivery_id, payment_id, project_id, user_id) VALUES (1686, (SELECT projects.start_date + INTERVAL 7 DAY FROM projects WHERE projects.id=44), 1, 1686, 44, 31);
INSERT INTO orders (order_id, created_at, delivery_id, payment_id, supporting_project_id) VALUES (1686, (SELECT projects.start_date + INTERVAL 7 DAY FROM projects WHERE projects.id=44), 1, 1686, 1686);
INSERT INTO supporting_packages(id, option_list, package_count, order_id, project_package_id, supporting_project_id) VALUES (1686, '["에코백"]', 6, 1686, 44, 1686);
INSERT INTO supporting_projects(supporting_project_id, supported_at, delivery_id, payment_id, project_id, user_id) VALUES (1687, (SELECT projects.start_date + INTERVAL 33 DAY FROM projects WHERE projects.id=44), 1, 1687, 44, 14);
INSERT INTO orders (order_id, created_at, delivery_id, payment_id, supporting_project_id) VALUES (1687, (SELECT projects.start_date + INTERVAL 33 DAY FROM projects WHERE projects.id=44), 1, 1687, 1687);
INSERT INTO supporting_packages(id, option_list, package_count, order_id, project_package_id, supporting_project_id) VALUES (1687, '["머그컵"]', 7, 1687, 44, 1687);
INSERT INTO supporting_projects(supporting_project_id, supported_at, delivery_id, payment_id, project_id, user_id) VALUES (1688, (SELECT projects.start_date + INTERVAL 40 DAY FROM projects WHERE projects.id=44), 1, 1688, 44, 16);
INSERT INTO orders (order_id, created_at, delivery_id, payment_id, supporting_project_id) VALUES (1688, (SELECT projects.start_date + INTERVAL 40 DAY FROM projects WHERE projects.id=44), 1, 1688, 1688);
INSERT INTO supporting_packages(id, option_list, package_count, order_id, project_package_id, supporting_project_id) VALUES (1688, '["머그컵"]', 3, 1688, 44, 1688);
INSERT INTO supporting_projects(supporting_project_id, supported_at, delivery_id, payment_id, project_id, user_id) VALUES (1689, (SELECT projects.start_date + INTERVAL 12 DAY FROM projects WHERE projects.id=44), 1, 1689, 44, 24);
INSERT INTO orders (order_id, created_at, delivery_id, payment_id, supporting_project_id) VALUES (1689, (SELECT projects.start_date + INTERVAL 12 DAY FROM projects WHERE projects.id=44), 1, 1689, 1689);
INSERT INTO supporting_packages(id, option_list, package_count, order_id, project_package_id, supporting_project_id) VALUES (1689, '["머그컵"]', 6, 1689, 44, 1689);
INSERT INTO supporting_projects(supporting_project_id, supported_at, delivery_id, payment_id, project_id, user_id) VALUES (1690, (SELECT projects.start_date + INTERVAL 50 DAY FROM projects WHERE projects.id=44), 1, 1690, 44, 27);
INSERT INTO orders (order_id, created_at, delivery_id, payment_id, supporting_project_id) VALUES (1690, (SELECT projects.start_date + INTERVAL 50 DAY FROM projects WHERE projects.id=44), 1, 1690, 1690);
INSERT INTO supporting_packages(id, option_list, package_count, order_id, project_package_id, supporting_project_id) VALUES (1690, '["에코백"]', 6, 1690, 44, 1690);
INSERT INTO supporting_projects(supporting_project_id, supported_at, delivery_id, payment_id, project_id, user_id) VALUES (1691, (SELECT projects.start_date + INTERVAL 10 DAY FROM projects WHERE projects.id=44), 1, 1691, 44, 37);
INSERT INTO orders (order_id, created_at, delivery_id, payment_id, supporting_project_id) VALUES (1691, (SELECT projects.start_date + INTERVAL 10 DAY FROM projects WHERE projects.id=44), 1, 1691, 1691);
INSERT INTO supporting_packages(id, option_list, package_count, order_id, project_package_id, supporting_project_id) VALUES (1691, '["에코백"]', 9, 1691, 44, 1691);
INSERT INTO supporting_projects(supporting_project_id, supported_at, delivery_id, payment_id, project_id, user_id) VALUES (1692, (SELECT projects.start_date + INTERVAL 9 DAY FROM projects WHERE projects.id=44), 1, 1692, 44, 5);
INSERT INTO orders (order_id, created_at, delivery_id, payment_id, supporting_project_id) VALUES (1692, (SELECT projects.start_date + INTERVAL 9 DAY FROM projects WHERE projects.id=44), 1, 1692, 1692);
INSERT INTO supporting_packages(id, option_list, package_count, order_id, project_package_id, supporting_project_id) VALUES (1692, '["키링"]', 8, 1692, 44, 1692);
INSERT INTO supporting_projects(supporting_project_id, supported_at, delivery_id, payment_id, project_id, user_id) VALUES (1693, (SELECT projects.start_date + INTERVAL 44 DAY FROM projects WHERE projects.id=44), 1, 1693, 44, 27);
INSERT INTO orders (order_id, created_at, delivery_id, payment_id, supporting_project_id) VALUES (1693, (SELECT projects.start_date + INTERVAL 44 DAY FROM projects WHERE projects.id=44), 1, 1693, 1693);
INSERT INTO supporting_packages(id, option_list, package_count, order_id, project_package_id, supporting_project_id) VALUES (1693, '["키링"]', 1, 1693, 44, 1693);
INSERT INTO supporting_projects(supporting_project_id, supported_at, delivery_id, payment_id, project_id, user_id) VALUES (1694, (SELECT projects.start_date + INTERVAL 18 DAY FROM projects WHERE projects.id=44), 1, 1694, 44, 39);
INSERT INTO orders (order_id, created_at, delivery_id, payment_id, supporting_project_id) VALUES (1694, (SELECT projects.start_date + INTERVAL 18 DAY FROM projects WHERE projects.id=44), 1, 1694, 1694);
INSERT INTO supporting_packages(id, option_list, package_count, order_id, project_package_id, supporting_project_id) VALUES (1694, '["에코백"]', 10, 1694, 44, 1694);
INSERT INTO supporting_projects(supporting_project_id, supported_at, delivery_id, payment_id, project_id, user_id) VALUES (1695, (SELECT projects.start_date + INTERVAL 16 DAY FROM projects WHERE projects.id=44), 1, 1695, 44, 1);
INSERT INTO orders (order_id, created_at, delivery_id, payment_id, supporting_project_id) VALUES (1695, (SELECT projects.start_date + INTERVAL 16 DAY FROM projects WHERE projects.id=44), 1, 1695, 1695);
INSERT INTO supporting_packages(id, option_list, package_count, order_id, project_package_id, supporting_project_id) VALUES (1695, '["머그컵"]', 3, 1695, 44, 1695);
INSERT INTO supporting_projects(supporting_project_id, supported_at, delivery_id, payment_id, project_id, user_id) VALUES (1696, (SELECT projects.start_date + INTERVAL 5 DAY FROM projects WHERE projects.id=44), 1, 1696, 44, 33);
INSERT INTO orders (order_id, created_at, delivery_id, payment_id, supporting_project_id) VALUES (1696, (SELECT projects.start_date + INTERVAL 5 DAY FROM projects WHERE projects.id=44), 1, 1696, 1696);
INSERT INTO supporting_packages(id, option_list, package_count, order_id, project_package_id, supporting_project_id) VALUES (1696, '["머그컵"]', 6, 1696, 44, 1696);
INSERT INTO supporting_projects(supporting_project_id, supported_at, delivery_id, payment_id, project_id, user_id) VALUES (1697, (SELECT projects.start_date + INTERVAL 8 DAY FROM projects WHERE projects.id=44), 1, 1697, 44, 37);
INSERT INTO orders (order_id, created_at, delivery_id, payment_id, supporting_project_id) VALUES (1697, (SELECT projects.start_date + INTERVAL 8 DAY FROM projects WHERE projects.id=44), 1, 1697, 1697);
INSERT INTO supporting_packages(id, option_list, package_count, order_id, project_package_id, supporting_project_id) VALUES (1697, '["에코백"]', 8, 1697, 44, 1697);
INSERT INTO supporting_projects(supporting_project_id, supported_at, delivery_id, payment_id, project_id, user_id) VALUES (1698, (SELECT projects.start_date + INTERVAL 39 DAY FROM projects WHERE projects.id=44), 1, 1698, 44, 26);
INSERT INTO orders (order_id, created_at, delivery_id, payment_id, supporting_project_id) VALUES (1698, (SELECT projects.start_date + INTERVAL 39 DAY FROM projects WHERE projects.id=44), 1, 1698, 1698);
INSERT INTO supporting_packages(id, option_list, package_count, order_id, project_package_id, supporting_project_id) VALUES (1698, '["키링"]', 10, 1698, 44, 1698);
INSERT INTO supporting_projects(supporting_project_id, supported_at, delivery_id, payment_id, project_id, user_id) VALUES (1699, (SELECT projects.start_date + INTERVAL 49 DAY FROM projects WHERE projects.id=44), 1, 1699, 44, 7);
INSERT INTO orders (order_id, created_at, delivery_id, payment_id, supporting_project_id) VALUES (1699, (SELECT projects.start_date + INTERVAL 49 DAY FROM projects WHERE projects.id=44), 1, 1699, 1699);
INSERT INTO supporting_packages(id, option_list, package_count, order_id, project_package_id, supporting_project_id) VALUES (1699, '["키링"]', 1, 1699, 44, 1699);
INSERT INTO supporting_projects(supporting_project_id, supported_at, delivery_id, payment_id, project_id, user_id) VALUES (1700, (SELECT projects.start_date + INTERVAL 48 DAY FROM projects WHERE projects.id=44), 1, 1700, 44, 23);
INSERT INTO orders (order_id, created_at, delivery_id, payment_id, supporting_project_id) VALUES (1700, (SELECT projects.start_date + INTERVAL 48 DAY FROM projects WHERE projects.id=44), 1, 1700, 1700);
INSERT INTO supporting_packages(id, option_list, package_count, order_id, project_package_id, supporting_project_id) VALUES (1700, '["에코백"]', 1, 1700, 44, 1700);
INSERT INTO supporting_projects(supporting_project_id, supported_at, delivery_id, payment_id, project_id, user_id) VALUES (1701, (SELECT projects.start_date + INTERVAL 43 DAY FROM projects WHERE projects.id=44), 1, 1701, 44, 18);
INSERT INTO orders (order_id, created_at, delivery_id, payment_id, supporting_project_id) VALUES (1701, (SELECT projects.start_date + INTERVAL 43 DAY FROM projects WHERE projects.id=44), 1, 1701, 1701);
INSERT INTO supporting_packages(id, option_list, package_count, order_id, project_package_id, supporting_project_id) VALUES (1701, '["키링"]', 6, 1701, 44, 1701);
INSERT INTO supporting_projects(supporting_project_id, supported_at, delivery_id, payment_id, project_id, user_id) VALUES (1702, (SELECT projects.start_date + INTERVAL 34 DAY FROM projects WHERE projects.id=44), 1, 1702, 44, 21);
INSERT INTO orders (order_id, created_at, delivery_id, payment_id, supporting_project_id) VALUES (1702, (SELECT projects.start_date + INTERVAL 34 DAY FROM projects WHERE projects.id=44), 1, 1702, 1702);
INSERT INTO supporting_packages(id, option_list, package_count, order_id, project_package_id, supporting_project_id) VALUES (1702, '["키링"]', 2, 1702, 44, 1702);
INSERT INTO supporting_projects(supporting_project_id, supported_at, delivery_id, payment_id, project_id, user_id) VALUES (1703, (SELECT projects.start_date + INTERVAL 43 DAY FROM projects WHERE projects.id=44), 1, 1703, 44, 28);
INSERT INTO orders (order_id, created_at, delivery_id, payment_id, supporting_project_id) VALUES (1703, (SELECT projects.start_date + INTERVAL 43 DAY FROM projects WHERE projects.id=44), 1, 1703, 1703);
INSERT INTO supporting_packages(id, option_list, package_count, order_id, project_package_id, supporting_project_id) VALUES (1703, '["머그컵"]', 1, 1703, 44, 1703);
INSERT INTO supporting_projects(supporting_project_id, supported_at, delivery_id, payment_id, project_id, user_id) VALUES (1704, (SELECT projects.start_date + INTERVAL 46 DAY FROM projects WHERE projects.id=44), 1, 1704, 44, 35);
INSERT INTO orders (order_id, created_at, delivery_id, payment_id, supporting_project_id) VALUES (1704, (SELECT projects.start_date + INTERVAL 46 DAY FROM projects WHERE projects.id=44), 1, 1704, 1704);
INSERT INTO supporting_packages(id, option_list, package_count, order_id, project_package_id, supporting_project_id) VALUES (1704, '["에코백"]', 3, 1704, 44, 1704);
INSERT INTO supporting_projects(supporting_project_id, supported_at, delivery_id, payment_id, project_id, user_id) VALUES (1705, (SELECT projects.start_date + INTERVAL 5 DAY FROM projects WHERE projects.id=44), 1, 1705, 44, 13);
INSERT INTO orders (order_id, created_at, delivery_id, payment_id, supporting_project_id) VALUES (1705, (SELECT projects.start_date + INTERVAL 5 DAY FROM projects WHERE projects.id=44), 1, 1705, 1705);
INSERT INTO supporting_packages(id, option_list, package_count, order_id, project_package_id, supporting_project_id) VALUES (1705, '["에코백"]', 7, 1705, 44, 1705);
INSERT INTO supporting_projects(supporting_project_id, supported_at, delivery_id, payment_id, project_id, user_id) VALUES (1706, (SELECT projects.start_date + INTERVAL 14 DAY FROM projects WHERE projects.id=44), 1, 1706, 44, 1);
INSERT INTO orders (order_id, created_at, delivery_id, payment_id, supporting_project_id) VALUES (1706, (SELECT projects.start_date + INTERVAL 14 DAY FROM projects WHERE projects.id=44), 1, 1706, 1706);
INSERT INTO supporting_packages(id, option_list, package_count, order_id, project_package_id, supporting_project_id) VALUES (1706, '["머그컵"]', 5, 1706, 44, 1706);
INSERT INTO supporting_projects(supporting_project_id, supported_at, delivery_id, payment_id, project_id, user_id) VALUES (1707, (SELECT projects.start_date + INTERVAL 31 DAY FROM projects WHERE projects.id=44), 1, 1707, 44, 30);
INSERT INTO orders (order_id, created_at, delivery_id, payment_id, supporting_project_id) VALUES (1707, (SELECT projects.start_date + INTERVAL 31 DAY FROM projects WHERE projects.id=44), 1, 1707, 1707);
INSERT INTO supporting_packages(id, option_list, package_count, order_id, project_package_id, supporting_project_id) VALUES (1707, '["머그컵"]', 10, 1707, 44, 1707);
INSERT INTO supporting_projects(supporting_project_id, supported_at, delivery_id, payment_id, project_id, user_id) VALUES (1708, (SELECT projects.start_date + INTERVAL 31 DAY FROM projects WHERE projects.id=44), 1, 1708, 44, 26);
INSERT INTO orders (order_id, created_at, delivery_id, payment_id, supporting_project_id) VALUES (1708, (SELECT projects.start_date + INTERVAL 31 DAY FROM projects WHERE projects.id=44), 1, 1708, 1708);
INSERT INTO supporting_packages(id, option_list, package_count, order_id, project_package_id, supporting_project_id) VALUES (1708, '["에코백"]', 9, 1708, 44, 1708);
INSERT INTO supporting_projects(supporting_project_id, supported_at, delivery_id, payment_id, project_id, user_id) VALUES (1709, (SELECT projects.start_date + INTERVAL 38 DAY FROM projects WHERE projects.id=44), 1, 1709, 44, 10);
INSERT INTO orders (order_id, created_at, delivery_id, payment_id, supporting_project_id) VALUES (1709, (SELECT projects.start_date + INTERVAL 38 DAY FROM projects WHERE projects.id=44), 1, 1709, 1709);
INSERT INTO supporting_packages(id, option_list, package_count, order_id, project_package_id, supporting_project_id) VALUES (1709, '["머그컵"]', 9, 1709, 44, 1709);
INSERT INTO supporting_projects(supporting_project_id, supported_at, delivery_id, payment_id, project_id, user_id) VALUES (1710, (SELECT projects.start_date + INTERVAL 19 DAY FROM projects WHERE projects.id=44), 1, 1710, 44, 2);
INSERT INTO orders (order_id, created_at, delivery_id, payment_id, supporting_project_id) VALUES (1710, (SELECT projects.start_date + INTERVAL 19 DAY FROM projects WHERE projects.id=44), 1, 1710, 1710);
INSERT INTO supporting_packages(id, option_list, package_count, order_id, project_package_id, supporting_project_id) VALUES (1710, '["에코백"]', 9, 1710, 44, 1710);
INSERT INTO supporting_projects(supporting_project_id, supported_at, delivery_id, payment_id, project_id, user_id) VALUES (1711, (SELECT projects.start_date + INTERVAL 36 DAY FROM projects WHERE projects.id=44), 1, 1711, 44, 33);
INSERT INTO orders (order_id, created_at, delivery_id, payment_id, supporting_project_id) VALUES (1711, (SELECT projects.start_date + INTERVAL 36 DAY FROM projects WHERE projects.id=44), 1, 1711, 1711);
INSERT INTO supporting_packages(id, option_list, package_count, order_id, project_package_id, supporting_project_id) VALUES (1711, '["머그컵"]', 8, 1711, 44, 1711);
INSERT INTO supporting_projects(supporting_project_id, supported_at, delivery_id, payment_id, project_id, user_id) VALUES (1712, (SELECT projects.start_date + INTERVAL 31 DAY FROM projects WHERE projects.id=44), 1, 1712, 44, 18);
INSERT INTO orders (order_id, created_at, delivery_id, payment_id, supporting_project_id) VALUES (1712, (SELECT projects.start_date + INTERVAL 31 DAY FROM projects WHERE projects.id=44), 1, 1712, 1712);
INSERT INTO supporting_packages(id, option_list, package_count, order_id, project_package_id, supporting_project_id) VALUES (1712, '["에코백"]', 4, 1712, 44, 1712);
INSERT INTO supporting_projects(supporting_project_id, supported_at, delivery_id, payment_id, project_id, user_id) VALUES (1713, (SELECT projects.start_date + INTERVAL 30 DAY FROM projects WHERE projects.id=44), 1, 1713, 44, 17);
INSERT INTO orders (order_id, created_at, delivery_id, payment_id, supporting_project_id) VALUES (1713, (SELECT projects.start_date + INTERVAL 30 DAY FROM projects WHERE projects.id=44), 1, 1713, 1713);
INSERT INTO supporting_packages(id, option_list, package_count, order_id, project_package_id, supporting_project_id) VALUES (1713, '["머그컵"]', 6, 1713, 44, 1713);
INSERT INTO supporting_projects(supporting_project_id, supported_at, delivery_id, payment_id, project_id, user_id) VALUES (1714, (SELECT projects.start_date + INTERVAL 4 DAY FROM projects WHERE projects.id=44), 1, 1714, 44, 7);
INSERT INTO orders (order_id, created_at, delivery_id, payment_id, supporting_project_id) VALUES (1714, (SELECT projects.start_date + INTERVAL 4 DAY FROM projects WHERE projects.id=44), 1, 1714, 1714);
INSERT INTO supporting_packages(id, option_list, package_count, order_id, project_package_id, supporting_project_id) VALUES (1714, '["머그컵"]', 2, 1714, 44, 1714);
INSERT INTO supporting_projects(supporting_project_id, supported_at, delivery_id, payment_id, project_id, user_id) VALUES (1715, (SELECT projects.start_date + INTERVAL 25 DAY FROM projects WHERE projects.id=44), 1, 1715, 44, 7);
INSERT INTO orders (order_id, created_at, delivery_id, payment_id, supporting_project_id) VALUES (1715, (SELECT projects.start_date + INTERVAL 25 DAY FROM projects WHERE projects.id=44), 1, 1715, 1715);
INSERT INTO supporting_packages(id, option_list, package_count, order_id, project_package_id, supporting_project_id) VALUES (1715, '["에코백"]', 5, 1715, 44, 1715);
INSERT INTO supporting_projects(supporting_project_id, supported_at, delivery_id, payment_id, project_id, user_id) VALUES (1716, (SELECT projects.start_date + INTERVAL 37 DAY FROM projects WHERE projects.id=44), 1, 1716, 44, 26);
INSERT INTO orders (order_id, created_at, delivery_id, payment_id, supporting_project_id) VALUES (1716, (SELECT projects.start_date + INTERVAL 37 DAY FROM projects WHERE projects.id=44), 1, 1716, 1716);
INSERT INTO supporting_packages(id, option_list, package_count, order_id, project_package_id, supporting_project_id) VALUES (1716, '["키링"]', 7, 1716, 44, 1716);
INSERT INTO supporting_projects(supporting_project_id, supported_at, delivery_id, payment_id, project_id, user_id) VALUES (1717, (SELECT projects.start_date + INTERVAL 33 DAY FROM projects WHERE projects.id=44), 1, 1717, 44, 27);
INSERT INTO orders (order_id, created_at, delivery_id, payment_id, supporting_project_id) VALUES (1717, (SELECT projects.start_date + INTERVAL 33 DAY FROM projects WHERE projects.id=44), 1, 1717, 1717);
INSERT INTO supporting_packages(id, option_list, package_count, order_id, project_package_id, supporting_project_id) VALUES (1717, '["키링"]', 3, 1717, 44, 1717);
INSERT INTO supporting_projects(supporting_project_id, supported_at, delivery_id, payment_id, project_id, user_id) VALUES (1718, (SELECT projects.start_date + INTERVAL 40 DAY FROM projects WHERE projects.id=44), 1, 1718, 44, 24);
INSERT INTO orders (order_id, created_at, delivery_id, payment_id, supporting_project_id) VALUES (1718, (SELECT projects.start_date + INTERVAL 40 DAY FROM projects WHERE projects.id=44), 1, 1718, 1718);
INSERT INTO supporting_packages(id, option_list, package_count, order_id, project_package_id, supporting_project_id) VALUES (1718, '["키링"]', 4, 1718, 44, 1718);
INSERT INTO supporting_projects(supporting_project_id, supported_at, delivery_id, payment_id, project_id, user_id) VALUES (1719, (SELECT projects.start_date + INTERVAL 9 DAY FROM projects WHERE projects.id=44), 1, 1719, 44, 35);
INSERT INTO orders (order_id, created_at, delivery_id, payment_id, supporting_project_id) VALUES (1719, (SELECT projects.start_date + INTERVAL 9 DAY FROM projects WHERE projects.id=44), 1, 1719, 1719);
INSERT INTO supporting_packages(id, option_list, package_count, order_id, project_package_id, supporting_project_id) VALUES (1719, '["키링"]', 10, 1719, 44, 1719);
INSERT INTO supporting_projects(supporting_project_id, supported_at, delivery_id, payment_id, project_id, user_id) VALUES (1720, (SELECT projects.start_date + INTERVAL 15 DAY FROM projects WHERE projects.id=44), 1, 1720, 44, 14);
INSERT INTO orders (order_id, created_at, delivery_id, payment_id, supporting_project_id) VALUES (1720, (SELECT projects.start_date + INTERVAL 15 DAY FROM projects WHERE projects.id=44), 1, 1720, 1720);
INSERT INTO supporting_packages(id, option_list, package_count, order_id, project_package_id, supporting_project_id) VALUES (1720, '["머그컵"]', 3, 1720, 44, 1720);
INSERT INTO supporting_projects(supporting_project_id, supported_at, delivery_id, payment_id, project_id, user_id) VALUES (1721, (SELECT projects.start_date + INTERVAL 47 DAY FROM projects WHERE projects.id=44), 1, 1721, 44, 3);
INSERT INTO orders (order_id, created_at, delivery_id, payment_id, supporting_project_id) VALUES (1721, (SELECT projects.start_date + INTERVAL 47 DAY FROM projects WHERE projects.id=44), 1, 1721, 1721);
INSERT INTO supporting_packages(id, option_list, package_count, order_id, project_package_id, supporting_project_id) VALUES (1721, '["에코백"]', 5, 1721, 44, 1721);
INSERT INTO supporting_projects(supporting_project_id, supported_at, delivery_id, payment_id, project_id, user_id) VALUES (1722, (SELECT projects.start_date + INTERVAL 49 DAY FROM projects WHERE projects.id=44), 1, 1722, 44, 12);
INSERT INTO orders (order_id, created_at, delivery_id, payment_id, supporting_project_id) VALUES (1722, (SELECT projects.start_date + INTERVAL 49 DAY FROM projects WHERE projects.id=44), 1, 1722, 1722);
INSERT INTO supporting_packages(id, option_list, package_count, order_id, project_package_id, supporting_project_id) VALUES (1722, '["키링"]', 6, 1722, 44, 1722);
INSERT INTO supporting_projects(supporting_project_id, supported_at, delivery_id, payment_id, project_id, user_id) VALUES (1723, (SELECT projects.start_date + INTERVAL 42 DAY FROM projects WHERE projects.id=44), 1, 1723, 44, 6);
INSERT INTO orders (order_id, created_at, delivery_id, payment_id, supporting_project_id) VALUES (1723, (SELECT projects.start_date + INTERVAL 42 DAY FROM projects WHERE projects.id=44), 1, 1723, 1723);
INSERT INTO supporting_packages(id, option_list, package_count, order_id, project_package_id, supporting_project_id) VALUES (1723, '["에코백"]', 6, 1723, 44, 1723);
INSERT INTO supporting_projects(supporting_project_id, supported_at, delivery_id, payment_id, project_id, user_id) VALUES (1724, (SELECT projects.start_date + INTERVAL 38 DAY FROM projects WHERE projects.id=44), 1, 1724, 44, 32);
INSERT INTO orders (order_id, created_at, delivery_id, payment_id, supporting_project_id) VALUES (1724, (SELECT projects.start_date + INTERVAL 38 DAY FROM projects WHERE projects.id=44), 1, 1724, 1724);
INSERT INTO supporting_packages(id, option_list, package_count, order_id, project_package_id, supporting_project_id) VALUES (1724, '["에코백"]', 3, 1724, 44, 1724);
INSERT INTO supporting_projects(supporting_project_id, supported_at, delivery_id, payment_id, project_id, user_id) VALUES (1725, (SELECT projects.start_date + INTERVAL 22 DAY FROM projects WHERE projects.id=44), 1, 1725, 44, 19);
INSERT INTO orders (order_id, created_at, delivery_id, payment_id, supporting_project_id) VALUES (1725, (SELECT projects.start_date + INTERVAL 22 DAY FROM projects WHERE projects.id=44), 1, 1725, 1725);
INSERT INTO supporting_packages(id, option_list, package_count, order_id, project_package_id, supporting_project_id) VALUES (1725, '["키링"]', 8, 1725, 44, 1725);
INSERT INTO supporting_projects(supporting_project_id, supported_at, delivery_id, payment_id, project_id, user_id) VALUES (1726, (SELECT projects.start_date + INTERVAL 17 DAY FROM projects WHERE projects.id=44), 1, 1726, 44, 22);
INSERT INTO orders (order_id, created_at, delivery_id, payment_id, supporting_project_id) VALUES (1726, (SELECT projects.start_date + INTERVAL 17 DAY FROM projects WHERE projects.id=44), 1, 1726, 1726);
INSERT INTO supporting_packages(id, option_list, package_count, order_id, project_package_id, supporting_project_id) VALUES (1726, '["머그컵"]', 4, 1726, 44, 1726);
INSERT INTO supporting_projects(supporting_project_id, supported_at, delivery_id, payment_id, project_id, user_id) VALUES (1727, (SELECT projects.start_date + INTERVAL 27 DAY FROM projects WHERE projects.id=44), 1, 1727, 44, 37);
INSERT INTO orders (order_id, created_at, delivery_id, payment_id, supporting_project_id) VALUES (1727, (SELECT projects.start_date + INTERVAL 27 DAY FROM projects WHERE projects.id=44), 1, 1727, 1727);
INSERT INTO supporting_packages(id, option_list, package_count, order_id, project_package_id, supporting_project_id) VALUES (1727, '["에코백"]', 6, 1727, 44, 1727);
INSERT INTO supporting_projects(supporting_project_id, supported_at, delivery_id, payment_id, project_id, user_id) VALUES (1728, (SELECT projects.start_date + INTERVAL 47 DAY FROM projects WHERE projects.id=44), 1, 1728, 44, 27);
INSERT INTO orders (order_id, created_at, delivery_id, payment_id, supporting_project_id) VALUES (1728, (SELECT projects.start_date + INTERVAL 47 DAY FROM projects WHERE projects.id=44), 1, 1728, 1728);
INSERT INTO supporting_packages(id, option_list, package_count, order_id, project_package_id, supporting_project_id) VALUES (1728, '["머그컵"]', 9, 1728, 44, 1728);
INSERT INTO supporting_projects(supporting_project_id, supported_at, delivery_id, payment_id, project_id, user_id) VALUES (1729, (SELECT projects.start_date + INTERVAL 38 DAY FROM projects WHERE projects.id=44), 1, 1729, 44, 27);
INSERT INTO orders (order_id, created_at, delivery_id, payment_id, supporting_project_id) VALUES (1729, (SELECT projects.start_date + INTERVAL 38 DAY FROM projects WHERE projects.id=44), 1, 1729, 1729);
INSERT INTO supporting_packages(id, option_list, package_count, order_id, project_package_id, supporting_project_id) VALUES (1729, '["키링"]', 6, 1729, 44, 1729);
INSERT INTO supporting_projects(supporting_project_id, supported_at, delivery_id, payment_id, project_id, user_id) VALUES (1730, (SELECT projects.start_date + INTERVAL 36 DAY FROM projects WHERE projects.id=44), 1, 1730, 44, 27);
INSERT INTO orders (order_id, created_at, delivery_id, payment_id, supporting_project_id) VALUES (1730, (SELECT projects.start_date + INTERVAL 36 DAY FROM projects WHERE projects.id=44), 1, 1730, 1730);
INSERT INTO supporting_packages(id, option_list, package_count, order_id, project_package_id, supporting_project_id) VALUES (1730, '["키링"]', 7, 1730, 44, 1730);
INSERT INTO supporting_projects(supporting_project_id, supported_at, delivery_id, payment_id, project_id, user_id) VALUES (1731, (SELECT projects.start_date + INTERVAL 24 DAY FROM projects WHERE projects.id=44), 1, 1731, 44, 4);
INSERT INTO orders (order_id, created_at, delivery_id, payment_id, supporting_project_id) VALUES (1731, (SELECT projects.start_date + INTERVAL 24 DAY FROM projects WHERE projects.id=44), 1, 1731, 1731);
INSERT INTO supporting_packages(id, option_list, package_count, order_id, project_package_id, supporting_project_id) VALUES (1731, '["에코백"]', 9, 1731, 44, 1731);
INSERT INTO supporting_projects(supporting_project_id, supported_at, delivery_id, payment_id, project_id, user_id) VALUES (1732, (SELECT projects.start_date + INTERVAL 4 DAY FROM projects WHERE projects.id=44), 1, 1732, 44, 7);
INSERT INTO orders (order_id, created_at, delivery_id, payment_id, supporting_project_id) VALUES (1732, (SELECT projects.start_date + INTERVAL 4 DAY FROM projects WHERE projects.id=44), 1, 1732, 1732);
INSERT INTO supporting_packages(id, option_list, package_count, order_id, project_package_id, supporting_project_id) VALUES (1732, '["머그컵"]', 5, 1732, 44, 1732);
INSERT INTO supporting_projects(supporting_project_id, supported_at, delivery_id, payment_id, project_id, user_id) VALUES (1733, (SELECT projects.start_date + INTERVAL 36 DAY FROM projects WHERE projects.id=44), 1, 1733, 44, 25);
INSERT INTO orders (order_id, created_at, delivery_id, payment_id, supporting_project_id) VALUES (1733, (SELECT projects.start_date + INTERVAL 36 DAY FROM projects WHERE projects.id=44), 1, 1733, 1733);
INSERT INTO supporting_packages(id, option_list, package_count, order_id, project_package_id, supporting_project_id) VALUES (1733, '["머그컵"]', 10, 1733, 44, 1733);
INSERT INTO supporting_projects(supporting_project_id, supported_at, delivery_id, payment_id, project_id, user_id) VALUES (1734, (SELECT projects.start_date + INTERVAL 4 DAY FROM projects WHERE projects.id=44), 1, 1734, 44, 20);
INSERT INTO orders (order_id, created_at, delivery_id, payment_id, supporting_project_id) VALUES (1734, (SELECT projects.start_date + INTERVAL 4 DAY FROM projects WHERE projects.id=44), 1, 1734, 1734);
INSERT INTO supporting_packages(id, option_list, package_count, order_id, project_package_id, supporting_project_id) VALUES (1734, '["에코백"]', 6, 1734, 44, 1734);
INSERT INTO supporting_projects(supporting_project_id, supported_at, delivery_id, payment_id, project_id, user_id) VALUES (1735, (SELECT projects.start_date + INTERVAL 28 DAY FROM projects WHERE projects.id=44), 1, 1735, 44, 35);
INSERT INTO orders (order_id, created_at, delivery_id, payment_id, supporting_project_id) VALUES (1735, (SELECT projects.start_date + INTERVAL 28 DAY FROM projects WHERE projects.id=44), 1, 1735, 1735);
INSERT INTO supporting_packages(id, option_list, package_count, order_id, project_package_id, supporting_project_id) VALUES (1735, '["머그컵"]', 6, 1735, 44, 1735);
INSERT INTO supporting_projects(supporting_project_id, supported_at, delivery_id, payment_id, project_id, user_id) VALUES (1736, (SELECT projects.start_date + INTERVAL 36 DAY FROM projects WHERE projects.id=44), 1, 1736, 44, 21);
INSERT INTO orders (order_id, created_at, delivery_id, payment_id, supporting_project_id) VALUES (1736, (SELECT projects.start_date + INTERVAL 36 DAY FROM projects WHERE projects.id=44), 1, 1736, 1736);
INSERT INTO supporting_packages(id, option_list, package_count, order_id, project_package_id, supporting_project_id) VALUES (1736, '["머그컵"]', 3, 1736, 44, 1736);
INSERT INTO supporting_projects(supporting_project_id, supported_at, delivery_id, payment_id, project_id, user_id) VALUES (1737, (SELECT projects.start_date + INTERVAL 11 DAY FROM projects WHERE projects.id=44), 1, 1737, 44, 24);
INSERT INTO orders (order_id, created_at, delivery_id, payment_id, supporting_project_id) VALUES (1737, (SELECT projects.start_date + INTERVAL 11 DAY FROM projects WHERE projects.id=44), 1, 1737, 1737);
INSERT INTO supporting_packages(id, option_list, package_count, order_id, project_package_id, supporting_project_id) VALUES (1737, '["에코백"]', 10, 1737, 44, 1737);
INSERT INTO supporting_projects(supporting_project_id, supported_at, delivery_id, payment_id, project_id, user_id) VALUES (1738, (SELECT projects.start_date + INTERVAL 43 DAY FROM projects WHERE projects.id=44), 1, 1738, 44, 36);
INSERT INTO orders (order_id, created_at, delivery_id, payment_id, supporting_project_id) VALUES (1738, (SELECT projects.start_date + INTERVAL 43 DAY FROM projects WHERE projects.id=44), 1, 1738, 1738);
INSERT INTO supporting_packages(id, option_list, package_count, order_id, project_package_id, supporting_project_id) VALUES (1738, '["키링"]', 8, 1738, 44, 1738);
INSERT INTO supporting_projects(supporting_project_id, supported_at, delivery_id, payment_id, project_id, user_id) VALUES (1739, (SELECT projects.start_date + INTERVAL 7 DAY FROM projects WHERE projects.id=44), 1, 1739, 44, 25);
INSERT INTO orders (order_id, created_at, delivery_id, payment_id, supporting_project_id) VALUES (1739, (SELECT projects.start_date + INTERVAL 7 DAY FROM projects WHERE projects.id=44), 1, 1739, 1739);
INSERT INTO supporting_packages(id, option_list, package_count, order_id, project_package_id, supporting_project_id) VALUES (1739, '["에코백"]', 6, 1739, 44, 1739);
INSERT INTO supporting_projects(supporting_project_id, supported_at, delivery_id, payment_id, project_id, user_id) VALUES (1740, (SELECT projects.start_date + INTERVAL 44 DAY FROM projects WHERE projects.id=44), 1, 1740, 44, 5);
INSERT INTO orders (order_id, created_at, delivery_id, payment_id, supporting_project_id) VALUES (1740, (SELECT projects.start_date + INTERVAL 44 DAY FROM projects WHERE projects.id=44), 1, 1740, 1740);
INSERT INTO supporting_packages(id, option_list, package_count, order_id, project_package_id, supporting_project_id) VALUES (1740, '["키링"]', 4, 1740, 44, 1740);
INSERT INTO supporting_projects(supporting_project_id, supported_at, delivery_id, payment_id, project_id, user_id) VALUES (1741, (SELECT projects.start_date + INTERVAL 35 DAY FROM projects WHERE projects.id=44), 1, 1741, 44, 25);
INSERT INTO orders (order_id, created_at, delivery_id, payment_id, supporting_project_id) VALUES (1741, (SELECT projects.start_date + INTERVAL 35 DAY FROM projects WHERE projects.id=44), 1, 1741, 1741);
INSERT INTO supporting_packages(id, option_list, package_count, order_id, project_package_id, supporting_project_id) VALUES (1741, '["머그컵"]', 7, 1741, 44, 1741);
INSERT INTO supporting_projects(supporting_project_id, supported_at, delivery_id, payment_id, project_id, user_id) VALUES (1742, (SELECT projects.start_date + INTERVAL 11 DAY FROM projects WHERE projects.id=44), 1, 1742, 44, 34);
INSERT INTO orders (order_id, created_at, delivery_id, payment_id, supporting_project_id) VALUES (1742, (SELECT projects.start_date + INTERVAL 11 DAY FROM projects WHERE projects.id=44), 1, 1742, 1742);
INSERT INTO supporting_packages(id, option_list, package_count, order_id, project_package_id, supporting_project_id) VALUES (1742, '["키링"]', 10, 1742, 44, 1742);
INSERT INTO supporting_projects(supporting_project_id, supported_at, delivery_id, payment_id, project_id, user_id) VALUES (1743, (SELECT projects.start_date + INTERVAL 6 DAY FROM projects WHERE projects.id=45), 1, 1743, 45, 13);
INSERT INTO orders (order_id, created_at, delivery_id, payment_id, supporting_project_id) VALUES (1743, (SELECT projects.start_date + INTERVAL 6 DAY FROM projects WHERE projects.id=45), 1, 1743, 1743);
INSERT INTO supporting_packages(id, option_list, package_count, order_id, project_package_id, supporting_project_id) VALUES (1743, '["소형"]', 2, 1743, 45, 1743);
INSERT INTO supporting_projects(supporting_project_id, supported_at, delivery_id, payment_id, project_id, user_id) VALUES (1744, (SELECT projects.start_date + INTERVAL 27 DAY FROM projects WHERE projects.id=45), 1, 1744, 45, 30);
INSERT INTO orders (order_id, created_at, delivery_id, payment_id, supporting_project_id) VALUES (1744, (SELECT projects.start_date + INTERVAL 27 DAY FROM projects WHERE projects.id=45), 1, 1744, 1744);
INSERT INTO supporting_packages(id, option_list, package_count, order_id, project_package_id, supporting_project_id) VALUES (1744, '["대형"]', 5, 1744, 45, 1744);
INSERT INTO supporting_projects(supporting_project_id, supported_at, delivery_id, payment_id, project_id, user_id) VALUES (1745, (SELECT projects.start_date + INTERVAL 26 DAY FROM projects WHERE projects.id=45), 1, 1745, 45, 11);
INSERT INTO orders (order_id, created_at, delivery_id, payment_id, supporting_project_id) VALUES (1745, (SELECT projects.start_date + INTERVAL 26 DAY FROM projects WHERE projects.id=45), 1, 1745, 1745);
INSERT INTO supporting_packages(id, option_list, package_count, order_id, project_package_id, supporting_project_id) VALUES (1745, '["대형"]', 10, 1745, 45, 1745);
INSERT INTO supporting_projects(supporting_project_id, supported_at, delivery_id, payment_id, project_id, user_id) VALUES (1746, (SELECT projects.start_date + INTERVAL 35 DAY FROM projects WHERE projects.id=45), 1, 1746, 45, 21);
INSERT INTO orders (order_id, created_at, delivery_id, payment_id, supporting_project_id) VALUES (1746, (SELECT projects.start_date + INTERVAL 35 DAY FROM projects WHERE projects.id=45), 1, 1746, 1746);
INSERT INTO supporting_packages(id, option_list, package_count, order_id, project_package_id, supporting_project_id) VALUES (1746, '["대형"]', 6, 1746, 45, 1746);
INSERT INTO supporting_projects(supporting_project_id, supported_at, delivery_id, payment_id, project_id, user_id) VALUES (1747, (SELECT projects.start_date + INTERVAL 45 DAY FROM projects WHERE projects.id=45), 1, 1747, 45, 5);
INSERT INTO orders (order_id, created_at, delivery_id, payment_id, supporting_project_id) VALUES (1747, (SELECT projects.start_date + INTERVAL 45 DAY FROM projects WHERE projects.id=45), 1, 1747, 1747);
INSERT INTO supporting_packages(id, option_list, package_count, order_id, project_package_id, supporting_project_id) VALUES (1747, '["소형"]', 6, 1747, 45, 1747);
INSERT INTO supporting_projects(supporting_project_id, supported_at, delivery_id, payment_id, project_id, user_id) VALUES (1748, (SELECT projects.start_date + INTERVAL 24 DAY FROM projects WHERE projects.id=45), 1, 1748, 45, 38);
INSERT INTO orders (order_id, created_at, delivery_id, payment_id, supporting_project_id) VALUES (1748, (SELECT projects.start_date + INTERVAL 24 DAY FROM projects WHERE projects.id=45), 1, 1748, 1748);
INSERT INTO supporting_packages(id, option_list, package_count, order_id, project_package_id, supporting_project_id) VALUES (1748, '["중형"]', 5, 1748, 45, 1748);
INSERT INTO supporting_projects(supporting_project_id, supported_at, delivery_id, payment_id, project_id, user_id) VALUES (1749, (SELECT projects.start_date + INTERVAL 9 DAY FROM projects WHERE projects.id=45), 1, 1749, 45, 30);
INSERT INTO orders (order_id, created_at, delivery_id, payment_id, supporting_project_id) VALUES (1749, (SELECT projects.start_date + INTERVAL 9 DAY FROM projects WHERE projects.id=45), 1, 1749, 1749);
INSERT INTO supporting_packages(id, option_list, package_count, order_id, project_package_id, supporting_project_id) VALUES (1749, '["중형"]', 8, 1749, 45, 1749);
INSERT INTO supporting_projects(supporting_project_id, supported_at, delivery_id, payment_id, project_id, user_id) VALUES (1750, (SELECT projects.start_date + INTERVAL 45 DAY FROM projects WHERE projects.id=45), 1, 1750, 45, 14);
INSERT INTO orders (order_id, created_at, delivery_id, payment_id, supporting_project_id) VALUES (1750, (SELECT projects.start_date + INTERVAL 45 DAY FROM projects WHERE projects.id=45), 1, 1750, 1750);
INSERT INTO supporting_packages(id, option_list, package_count, order_id, project_package_id, supporting_project_id) VALUES (1750, '["소형"]', 8, 1750, 45, 1750);
INSERT INTO supporting_projects(supporting_project_id, supported_at, delivery_id, payment_id, project_id, user_id) VALUES (1751, (SELECT projects.start_date + INTERVAL 30 DAY FROM projects WHERE projects.id=45), 1, 1751, 45, 39);
INSERT INTO orders (order_id, created_at, delivery_id, payment_id, supporting_project_id) VALUES (1751, (SELECT projects.start_date + INTERVAL 30 DAY FROM projects WHERE projects.id=45), 1, 1751, 1751);
INSERT INTO supporting_packages(id, option_list, package_count, order_id, project_package_id, supporting_project_id) VALUES (1751, '["소형"]', 6, 1751, 45, 1751);
INSERT INTO supporting_projects(supporting_project_id, supported_at, delivery_id, payment_id, project_id, user_id) VALUES (1752, (SELECT projects.start_date + INTERVAL 4 DAY FROM projects WHERE projects.id=45), 1, 1752, 45, 3);
INSERT INTO orders (order_id, created_at, delivery_id, payment_id, supporting_project_id) VALUES (1752, (SELECT projects.start_date + INTERVAL 4 DAY FROM projects WHERE projects.id=45), 1, 1752, 1752);
INSERT INTO supporting_packages(id, option_list, package_count, order_id, project_package_id, supporting_project_id) VALUES (1752, '["소형"]', 10, 1752, 45, 1752);
INSERT INTO supporting_projects(supporting_project_id, supported_at, delivery_id, payment_id, project_id, user_id) VALUES (1753, (SELECT projects.start_date + INTERVAL 23 DAY FROM projects WHERE projects.id=45), 1, 1753, 45, 16);
INSERT INTO orders (order_id, created_at, delivery_id, payment_id, supporting_project_id) VALUES (1753, (SELECT projects.start_date + INTERVAL 23 DAY FROM projects WHERE projects.id=45), 1, 1753, 1753);
INSERT INTO supporting_packages(id, option_list, package_count, order_id, project_package_id, supporting_project_id) VALUES (1753, '["대형"]', 7, 1753, 45, 1753);
INSERT INTO supporting_projects(supporting_project_id, supported_at, delivery_id, payment_id, project_id, user_id) VALUES (1754, (SELECT projects.start_date + INTERVAL 7 DAY FROM projects WHERE projects.id=45), 1, 1754, 45, 35);
INSERT INTO orders (order_id, created_at, delivery_id, payment_id, supporting_project_id) VALUES (1754, (SELECT projects.start_date + INTERVAL 7 DAY FROM projects WHERE projects.id=45), 1, 1754, 1754);
INSERT INTO supporting_packages(id, option_list, package_count, order_id, project_package_id, supporting_project_id) VALUES (1754, '["소형"]', 10, 1754, 45, 1754);
INSERT INTO supporting_projects(supporting_project_id, supported_at, delivery_id, payment_id, project_id, user_id) VALUES (1755, (SELECT projects.start_date + INTERVAL 22 DAY FROM projects WHERE projects.id=45), 1, 1755, 45, 24);
INSERT INTO orders (order_id, created_at, delivery_id, payment_id, supporting_project_id) VALUES (1755, (SELECT projects.start_date + INTERVAL 22 DAY FROM projects WHERE projects.id=45), 1, 1755, 1755);
INSERT INTO supporting_packages(id, option_list, package_count, order_id, project_package_id, supporting_project_id) VALUES (1755, '["소형"]', 4, 1755, 45, 1755);
INSERT INTO supporting_projects(supporting_project_id, supported_at, delivery_id, payment_id, project_id, user_id) VALUES (1756, (SELECT projects.start_date + INTERVAL 20 DAY FROM projects WHERE projects.id=45), 1, 1756, 45, 32);
INSERT INTO orders (order_id, created_at, delivery_id, payment_id, supporting_project_id) VALUES (1756, (SELECT projects.start_date + INTERVAL 20 DAY FROM projects WHERE projects.id=45), 1, 1756, 1756);
INSERT INTO supporting_packages(id, option_list, package_count, order_id, project_package_id, supporting_project_id) VALUES (1756, '["중형"]', 2, 1756, 45, 1756);
INSERT INTO supporting_projects(supporting_project_id, supported_at, delivery_id, payment_id, project_id, user_id) VALUES (1757, (SELECT projects.start_date + INTERVAL 42 DAY FROM projects WHERE projects.id=45), 1, 1757, 45, 10);
INSERT INTO orders (order_id, created_at, delivery_id, payment_id, supporting_project_id) VALUES (1757, (SELECT projects.start_date + INTERVAL 42 DAY FROM projects WHERE projects.id=45), 1, 1757, 1757);
INSERT INTO supporting_packages(id, option_list, package_count, order_id, project_package_id, supporting_project_id) VALUES (1757, '["소형"]', 4, 1757, 45, 1757);
INSERT INTO supporting_projects(supporting_project_id, supported_at, delivery_id, payment_id, project_id, user_id) VALUES (1758, (SELECT projects.start_date + INTERVAL 19 DAY FROM projects WHERE projects.id=45), 1, 1758, 45, 25);
INSERT INTO orders (order_id, created_at, delivery_id, payment_id, supporting_project_id) VALUES (1758, (SELECT projects.start_date + INTERVAL 19 DAY FROM projects WHERE projects.id=45), 1, 1758, 1758);
INSERT INTO supporting_packages(id, option_list, package_count, order_id, project_package_id, supporting_project_id) VALUES (1758, '["대형"]', 10, 1758, 45, 1758);
INSERT INTO supporting_projects(supporting_project_id, supported_at, delivery_id, payment_id, project_id, user_id) VALUES (1759, (SELECT projects.start_date + INTERVAL 9 DAY FROM projects WHERE projects.id=45), 1, 1759, 45, 21);
INSERT INTO orders (order_id, created_at, delivery_id, payment_id, supporting_project_id) VALUES (1759, (SELECT projects.start_date + INTERVAL 9 DAY FROM projects WHERE projects.id=45), 1, 1759, 1759);
INSERT INTO supporting_packages(id, option_list, package_count, order_id, project_package_id, supporting_project_id) VALUES (1759, '["중형"]', 5, 1759, 45, 1759);
INSERT INTO supporting_projects(supporting_project_id, supported_at, delivery_id, payment_id, project_id, user_id) VALUES (1760, (SELECT projects.start_date + INTERVAL 35 DAY FROM projects WHERE projects.id=45), 1, 1760, 45, 36);
INSERT INTO orders (order_id, created_at, delivery_id, payment_id, supporting_project_id) VALUES (1760, (SELECT projects.start_date + INTERVAL 35 DAY FROM projects WHERE projects.id=45), 1, 1760, 1760);
INSERT INTO supporting_packages(id, option_list, package_count, order_id, project_package_id, supporting_project_id) VALUES (1760, '["중형"]', 4, 1760, 45, 1760);
INSERT INTO supporting_projects(supporting_project_id, supported_at, delivery_id, payment_id, project_id, user_id) VALUES (1761, (SELECT projects.start_date + INTERVAL 13 DAY FROM projects WHERE projects.id=45), 1, 1761, 45, 33);
INSERT INTO orders (order_id, created_at, delivery_id, payment_id, supporting_project_id) VALUES (1761, (SELECT projects.start_date + INTERVAL 13 DAY FROM projects WHERE projects.id=45), 1, 1761, 1761);
INSERT INTO supporting_packages(id, option_list, package_count, order_id, project_package_id, supporting_project_id) VALUES (1761, '["소형"]', 9, 1761, 45, 1761);
INSERT INTO supporting_projects(supporting_project_id, supported_at, delivery_id, payment_id, project_id, user_id) VALUES (1762, (SELECT projects.start_date + INTERVAL 46 DAY FROM projects WHERE projects.id=45), 1, 1762, 45, 8);
INSERT INTO orders (order_id, created_at, delivery_id, payment_id, supporting_project_id) VALUES (1762, (SELECT projects.start_date + INTERVAL 46 DAY FROM projects WHERE projects.id=45), 1, 1762, 1762);
INSERT INTO supporting_packages(id, option_list, package_count, order_id, project_package_id, supporting_project_id) VALUES (1762, '["중형"]', 4, 1762, 45, 1762);
INSERT INTO supporting_projects(supporting_project_id, supported_at, delivery_id, payment_id, project_id, user_id) VALUES (1763, (SELECT projects.start_date + INTERVAL 12 DAY FROM projects WHERE projects.id=45), 1, 1763, 45, 17);
INSERT INTO orders (order_id, created_at, delivery_id, payment_id, supporting_project_id) VALUES (1763, (SELECT projects.start_date + INTERVAL 12 DAY FROM projects WHERE projects.id=45), 1, 1763, 1763);
INSERT INTO supporting_packages(id, option_list, package_count, order_id, project_package_id, supporting_project_id) VALUES (1763, '["대형"]', 2, 1763, 45, 1763);
INSERT INTO supporting_projects(supporting_project_id, supported_at, delivery_id, payment_id, project_id, user_id) VALUES (1764, (SELECT projects.start_date + INTERVAL 37 DAY FROM projects WHERE projects.id=45), 1, 1764, 45, 32);
INSERT INTO orders (order_id, created_at, delivery_id, payment_id, supporting_project_id) VALUES (1764, (SELECT projects.start_date + INTERVAL 37 DAY FROM projects WHERE projects.id=45), 1, 1764, 1764);
INSERT INTO supporting_packages(id, option_list, package_count, order_id, project_package_id, supporting_project_id) VALUES (1764, '["대형"]', 8, 1764, 45, 1764);
INSERT INTO supporting_projects(supporting_project_id, supported_at, delivery_id, payment_id, project_id, user_id) VALUES (1765, (SELECT projects.start_date + INTERVAL 39 DAY FROM projects WHERE projects.id=45), 1, 1765, 45, 11);
INSERT INTO orders (order_id, created_at, delivery_id, payment_id, supporting_project_id) VALUES (1765, (SELECT projects.start_date + INTERVAL 39 DAY FROM projects WHERE projects.id=45), 1, 1765, 1765);
INSERT INTO supporting_packages(id, option_list, package_count, order_id, project_package_id, supporting_project_id) VALUES (1765, '["소형"]', 5, 1765, 45, 1765);
INSERT INTO supporting_projects(supporting_project_id, supported_at, delivery_id, payment_id, project_id, user_id) VALUES (1766, (SELECT projects.start_date + INTERVAL 5 DAY FROM projects WHERE projects.id=45), 1, 1766, 45, 9);
INSERT INTO orders (order_id, created_at, delivery_id, payment_id, supporting_project_id) VALUES (1766, (SELECT projects.start_date + INTERVAL 5 DAY FROM projects WHERE projects.id=45), 1, 1766, 1766);
INSERT INTO supporting_packages(id, option_list, package_count, order_id, project_package_id, supporting_project_id) VALUES (1766, '["중형"]', 10, 1766, 45, 1766);
INSERT INTO supporting_projects(supporting_project_id, supported_at, delivery_id, payment_id, project_id, user_id) VALUES (1767, (SELECT projects.start_date + INTERVAL 38 DAY FROM projects WHERE projects.id=45), 1, 1767, 45, 36);
INSERT INTO orders (order_id, created_at, delivery_id, payment_id, supporting_project_id) VALUES (1767, (SELECT projects.start_date + INTERVAL 38 DAY FROM projects WHERE projects.id=45), 1, 1767, 1767);
INSERT INTO supporting_packages(id, option_list, package_count, order_id, project_package_id, supporting_project_id) VALUES (1767, '["중형"]', 6, 1767, 45, 1767);
INSERT INTO supporting_projects(supporting_project_id, supported_at, delivery_id, payment_id, project_id, user_id) VALUES (1768, (SELECT projects.start_date + INTERVAL 13 DAY FROM projects WHERE projects.id=45), 1, 1768, 45, 25);
INSERT INTO orders (order_id, created_at, delivery_id, payment_id, supporting_project_id) VALUES (1768, (SELECT projects.start_date + INTERVAL 13 DAY FROM projects WHERE projects.id=45), 1, 1768, 1768);
INSERT INTO supporting_packages(id, option_list, package_count, order_id, project_package_id, supporting_project_id) VALUES (1768, '["중형"]', 5, 1768, 45, 1768);
INSERT INTO supporting_projects(supporting_project_id, supported_at, delivery_id, payment_id, project_id, user_id) VALUES (1769, (SELECT projects.start_date + INTERVAL 30 DAY FROM projects WHERE projects.id=45), 1, 1769, 45, 28);
INSERT INTO orders (order_id, created_at, delivery_id, payment_id, supporting_project_id) VALUES (1769, (SELECT projects.start_date + INTERVAL 30 DAY FROM projects WHERE projects.id=45), 1, 1769, 1769);
INSERT INTO supporting_packages(id, option_list, package_count, order_id, project_package_id, supporting_project_id) VALUES (1769, '["중형"]', 10, 1769, 45, 1769);
INSERT INTO supporting_projects(supporting_project_id, supported_at, delivery_id, payment_id, project_id, user_id) VALUES (1770, (SELECT projects.start_date + INTERVAL 36 DAY FROM projects WHERE projects.id=45), 1, 1770, 45, 34);
INSERT INTO orders (order_id, created_at, delivery_id, payment_id, supporting_project_id) VALUES (1770, (SELECT projects.start_date + INTERVAL 36 DAY FROM projects WHERE projects.id=45), 1, 1770, 1770);
INSERT INTO supporting_packages(id, option_list, package_count, order_id, project_package_id, supporting_project_id) VALUES (1770, '["대형"]', 2, 1770, 45, 1770);
INSERT INTO supporting_projects(supporting_project_id, supported_at, delivery_id, payment_id, project_id, user_id) VALUES (1771, (SELECT projects.start_date + INTERVAL 20 DAY FROM projects WHERE projects.id=45), 1, 1771, 45, 28);
INSERT INTO orders (order_id, created_at, delivery_id, payment_id, supporting_project_id) VALUES (1771, (SELECT projects.start_date + INTERVAL 20 DAY FROM projects WHERE projects.id=45), 1, 1771, 1771);
INSERT INTO supporting_packages(id, option_list, package_count, order_id, project_package_id, supporting_project_id) VALUES (1771, '["중형"]', 7, 1771, 45, 1771);
INSERT INTO supporting_projects(supporting_project_id, supported_at, delivery_id, payment_id, project_id, user_id) VALUES (1772, (SELECT projects.start_date + INTERVAL 45 DAY FROM projects WHERE projects.id=45), 1, 1772, 45, 22);
INSERT INTO orders (order_id, created_at, delivery_id, payment_id, supporting_project_id) VALUES (1772, (SELECT projects.start_date + INTERVAL 45 DAY FROM projects WHERE projects.id=45), 1, 1772, 1772);
INSERT INTO supporting_packages(id, option_list, package_count, order_id, project_package_id, supporting_project_id) VALUES (1772, '["소형"]', 8, 1772, 45, 1772);
INSERT INTO supporting_projects(supporting_project_id, supported_at, delivery_id, payment_id, project_id, user_id) VALUES (1773, (SELECT projects.start_date + INTERVAL 36 DAY FROM projects WHERE projects.id=45), 1, 1773, 45, 16);
INSERT INTO orders (order_id, created_at, delivery_id, payment_id, supporting_project_id) VALUES (1773, (SELECT projects.start_date + INTERVAL 36 DAY FROM projects WHERE projects.id=45), 1, 1773, 1773);
INSERT INTO supporting_packages(id, option_list, package_count, order_id, project_package_id, supporting_project_id) VALUES (1773, '["소형"]', 8, 1773, 45, 1773);
INSERT INTO supporting_projects(supporting_project_id, supported_at, delivery_id, payment_id, project_id, user_id) VALUES (1774, (SELECT projects.start_date + INTERVAL 42 DAY FROM projects WHERE projects.id=45), 1, 1774, 45, 4);
INSERT INTO orders (order_id, created_at, delivery_id, payment_id, supporting_project_id) VALUES (1774, (SELECT projects.start_date + INTERVAL 42 DAY FROM projects WHERE projects.id=45), 1, 1774, 1774);
INSERT INTO supporting_packages(id, option_list, package_count, order_id, project_package_id, supporting_project_id) VALUES (1774, '["중형"]', 8, 1774, 45, 1774);
INSERT INTO supporting_projects(supporting_project_id, supported_at, delivery_id, payment_id, project_id, user_id) VALUES (1775, (SELECT projects.start_date + INTERVAL 17 DAY FROM projects WHERE projects.id=45), 1, 1775, 45, 40);
INSERT INTO orders (order_id, created_at, delivery_id, payment_id, supporting_project_id) VALUES (1775, (SELECT projects.start_date + INTERVAL 17 DAY FROM projects WHERE projects.id=45), 1, 1775, 1775);
INSERT INTO supporting_packages(id, option_list, package_count, order_id, project_package_id, supporting_project_id) VALUES (1775, '["대형"]', 9, 1775, 45, 1775);
INSERT INTO supporting_projects(supporting_project_id, supported_at, delivery_id, payment_id, project_id, user_id) VALUES (1776, (SELECT projects.start_date + INTERVAL 8 DAY FROM projects WHERE projects.id=45), 1, 1776, 45, 31);
INSERT INTO orders (order_id, created_at, delivery_id, payment_id, supporting_project_id) VALUES (1776, (SELECT projects.start_date + INTERVAL 8 DAY FROM projects WHERE projects.id=45), 1, 1776, 1776);
INSERT INTO supporting_packages(id, option_list, package_count, order_id, project_package_id, supporting_project_id) VALUES (1776, '["중형"]', 9, 1776, 45, 1776);
INSERT INTO supporting_projects(supporting_project_id, supported_at, delivery_id, payment_id, project_id, user_id) VALUES (1777, (SELECT projects.start_date + INTERVAL 9 DAY FROM projects WHERE projects.id=45), 1, 1777, 45, 39);
INSERT INTO orders (order_id, created_at, delivery_id, payment_id, supporting_project_id) VALUES (1777, (SELECT projects.start_date + INTERVAL 9 DAY FROM projects WHERE projects.id=45), 1, 1777, 1777);
INSERT INTO supporting_packages(id, option_list, package_count, order_id, project_package_id, supporting_project_id) VALUES (1777, '["대형"]', 6, 1777, 45, 1777);
INSERT INTO supporting_projects(supporting_project_id, supported_at, delivery_id, payment_id, project_id, user_id) VALUES (1778, (SELECT projects.start_date + INTERVAL 30 DAY FROM projects WHERE projects.id=45), 1, 1778, 45, 21);
INSERT INTO orders (order_id, created_at, delivery_id, payment_id, supporting_project_id) VALUES (1778, (SELECT projects.start_date + INTERVAL 30 DAY FROM projects WHERE projects.id=45), 1, 1778, 1778);
INSERT INTO supporting_packages(id, option_list, package_count, order_id, project_package_id, supporting_project_id) VALUES (1778, '["중형"]', 4, 1778, 45, 1778);
INSERT INTO supporting_projects(supporting_project_id, supported_at, delivery_id, payment_id, project_id, user_id) VALUES (1779, (SELECT projects.start_date + INTERVAL 23 DAY FROM projects WHERE projects.id=45), 1, 1779, 45, 4);
INSERT INTO orders (order_id, created_at, delivery_id, payment_id, supporting_project_id) VALUES (1779, (SELECT projects.start_date + INTERVAL 23 DAY FROM projects WHERE projects.id=45), 1, 1779, 1779);
INSERT INTO supporting_packages(id, option_list, package_count, order_id, project_package_id, supporting_project_id) VALUES (1779, '["대형"]', 7, 1779, 45, 1779);
INSERT INTO supporting_projects(supporting_project_id, supported_at, delivery_id, payment_id, project_id, user_id) VALUES (1780, (SELECT projects.start_date + INTERVAL 47 DAY FROM projects WHERE projects.id=45), 1, 1780, 45, 2);
INSERT INTO orders (order_id, created_at, delivery_id, payment_id, supporting_project_id) VALUES (1780, (SELECT projects.start_date + INTERVAL 47 DAY FROM projects WHERE projects.id=45), 1, 1780, 1780);
INSERT INTO supporting_packages(id, option_list, package_count, order_id, project_package_id, supporting_project_id) VALUES (1780, '["중형"]', 3, 1780, 45, 1780);
INSERT INTO supporting_projects(supporting_project_id, supported_at, delivery_id, payment_id, project_id, user_id) VALUES (1781, (SELECT projects.start_date + INTERVAL 1 DAY FROM projects WHERE projects.id=45), 1, 1781, 45, 23);
INSERT INTO orders (order_id, created_at, delivery_id, payment_id, supporting_project_id) VALUES (1781, (SELECT projects.start_date + INTERVAL 1 DAY FROM projects WHERE projects.id=45), 1, 1781, 1781);
INSERT INTO supporting_packages(id, option_list, package_count, order_id, project_package_id, supporting_project_id) VALUES (1781, '["소형"]', 10, 1781, 45, 1781);
INSERT INTO supporting_projects(supporting_project_id, supported_at, delivery_id, payment_id, project_id, user_id) VALUES (1782, (SELECT projects.start_date + INTERVAL 11 DAY FROM projects WHERE projects.id=45), 1, 1782, 45, 40);
INSERT INTO orders (order_id, created_at, delivery_id, payment_id, supporting_project_id) VALUES (1782, (SELECT projects.start_date + INTERVAL 11 DAY FROM projects WHERE projects.id=45), 1, 1782, 1782);
INSERT INTO supporting_packages(id, option_list, package_count, order_id, project_package_id, supporting_project_id) VALUES (1782, '["소형"]', 8, 1782, 45, 1782);
INSERT INTO supporting_projects(supporting_project_id, supported_at, delivery_id, payment_id, project_id, user_id) VALUES (1783, (SELECT projects.start_date + INTERVAL 3 DAY FROM projects WHERE projects.id=45), 1, 1783, 45, 30);
INSERT INTO orders (order_id, created_at, delivery_id, payment_id, supporting_project_id) VALUES (1783, (SELECT projects.start_date + INTERVAL 3 DAY FROM projects WHERE projects.id=45), 1, 1783, 1783);
INSERT INTO supporting_packages(id, option_list, package_count, order_id, project_package_id, supporting_project_id) VALUES (1783, '["소형"]', 6, 1783, 45, 1783);
INSERT INTO supporting_projects(supporting_project_id, supported_at, delivery_id, payment_id, project_id, user_id) VALUES (1784, (SELECT projects.start_date + INTERVAL 34 DAY FROM projects WHERE projects.id=45), 1, 1784, 45, 11);
INSERT INTO orders (order_id, created_at, delivery_id, payment_id, supporting_project_id) VALUES (1784, (SELECT projects.start_date + INTERVAL 34 DAY FROM projects WHERE projects.id=45), 1, 1784, 1784);
INSERT INTO supporting_packages(id, option_list, package_count, order_id, project_package_id, supporting_project_id) VALUES (1784, '["대형"]', 4, 1784, 45, 1784);
INSERT INTO supporting_projects(supporting_project_id, supported_at, delivery_id, payment_id, project_id, user_id) VALUES (1785, (SELECT projects.start_date + INTERVAL 11 DAY FROM projects WHERE projects.id=45), 1, 1785, 45, 12);
INSERT INTO orders (order_id, created_at, delivery_id, payment_id, supporting_project_id) VALUES (1785, (SELECT projects.start_date + INTERVAL 11 DAY FROM projects WHERE projects.id=45), 1, 1785, 1785);
INSERT INTO supporting_packages(id, option_list, package_count, order_id, project_package_id, supporting_project_id) VALUES (1785, '["소형"]', 6, 1785, 45, 1785);
INSERT INTO supporting_projects(supporting_project_id, supported_at, delivery_id, payment_id, project_id, user_id) VALUES (1786, (SELECT projects.start_date + INTERVAL 14 DAY FROM projects WHERE projects.id=45), 1, 1786, 45, 34);
INSERT INTO orders (order_id, created_at, delivery_id, payment_id, supporting_project_id) VALUES (1786, (SELECT projects.start_date + INTERVAL 14 DAY FROM projects WHERE projects.id=45), 1, 1786, 1786);
INSERT INTO supporting_packages(id, option_list, package_count, order_id, project_package_id, supporting_project_id) VALUES (1786, '["대형"]', 2, 1786, 45, 1786);
INSERT INTO supporting_projects(supporting_project_id, supported_at, delivery_id, payment_id, project_id, user_id) VALUES (1787, (SELECT projects.start_date + INTERVAL 5 DAY FROM projects WHERE projects.id=45), 1, 1787, 45, 16);
INSERT INTO orders (order_id, created_at, delivery_id, payment_id, supporting_project_id) VALUES (1787, (SELECT projects.start_date + INTERVAL 5 DAY FROM projects WHERE projects.id=45), 1, 1787, 1787);
INSERT INTO supporting_packages(id, option_list, package_count, order_id, project_package_id, supporting_project_id) VALUES (1787, '["대형"]', 9, 1787, 45, 1787);
INSERT INTO supporting_projects(supporting_project_id, supported_at, delivery_id, payment_id, project_id, user_id) VALUES (1788, (SELECT projects.start_date + INTERVAL 47 DAY FROM projects WHERE projects.id=45), 1, 1788, 45, 15);
INSERT INTO orders (order_id, created_at, delivery_id, payment_id, supporting_project_id) VALUES (1788, (SELECT projects.start_date + INTERVAL 47 DAY FROM projects WHERE projects.id=45), 1, 1788, 1788);
INSERT INTO supporting_packages(id, option_list, package_count, order_id, project_package_id, supporting_project_id) VALUES (1788, '["대형"]', 7, 1788, 45, 1788);
INSERT INTO supporting_projects(supporting_project_id, supported_at, delivery_id, payment_id, project_id, user_id) VALUES (1789, (SELECT projects.start_date + INTERVAL 13 DAY FROM projects WHERE projects.id=45), 1, 1789, 45, 28);
INSERT INTO orders (order_id, created_at, delivery_id, payment_id, supporting_project_id) VALUES (1789, (SELECT projects.start_date + INTERVAL 13 DAY FROM projects WHERE projects.id=45), 1, 1789, 1789);
INSERT INTO supporting_packages(id, option_list, package_count, order_id, project_package_id, supporting_project_id) VALUES (1789, '["대형"]', 3, 1789, 45, 1789);
INSERT INTO supporting_projects(supporting_project_id, supported_at, delivery_id, payment_id, project_id, user_id) VALUES (1790, (SELECT projects.start_date + INTERVAL 14 DAY FROM projects WHERE projects.id=45), 1, 1790, 45, 4);
INSERT INTO orders (order_id, created_at, delivery_id, payment_id, supporting_project_id) VALUES (1790, (SELECT projects.start_date + INTERVAL 14 DAY FROM projects WHERE projects.id=45), 1, 1790, 1790);
INSERT INTO supporting_packages(id, option_list, package_count, order_id, project_package_id, supporting_project_id) VALUES (1790, '["중형"]', 10, 1790, 45, 1790);
INSERT INTO supporting_projects(supporting_project_id, supported_at, delivery_id, payment_id, project_id, user_id) VALUES (1791, (SELECT projects.start_date + INTERVAL 41 DAY FROM projects WHERE projects.id=45), 1, 1791, 45, 15);
INSERT INTO orders (order_id, created_at, delivery_id, payment_id, supporting_project_id) VALUES (1791, (SELECT projects.start_date + INTERVAL 41 DAY FROM projects WHERE projects.id=45), 1, 1791, 1791);
INSERT INTO supporting_packages(id, option_list, package_count, order_id, project_package_id, supporting_project_id) VALUES (1791, '["대형"]', 8, 1791, 45, 1791);
INSERT INTO supporting_projects(supporting_project_id, supported_at, delivery_id, payment_id, project_id, user_id) VALUES (1792, (SELECT projects.start_date + INTERVAL 39 DAY FROM projects WHERE projects.id=45), 1, 1792, 45, 29);
INSERT INTO orders (order_id, created_at, delivery_id, payment_id, supporting_project_id) VALUES (1792, (SELECT projects.start_date + INTERVAL 39 DAY FROM projects WHERE projects.id=45), 1, 1792, 1792);
INSERT INTO supporting_packages(id, option_list, package_count, order_id, project_package_id, supporting_project_id) VALUES (1792, '["중형"]', 8, 1792, 45, 1792);
INSERT INTO supporting_projects(supporting_project_id, supported_at, delivery_id, payment_id, project_id, user_id) VALUES (1793, (SELECT projects.start_date + INTERVAL 50 DAY FROM projects WHERE projects.id=45), 1, 1793, 45, 21);
INSERT INTO orders (order_id, created_at, delivery_id, payment_id, supporting_project_id) VALUES (1793, (SELECT projects.start_date + INTERVAL 50 DAY FROM projects WHERE projects.id=45), 1, 1793, 1793);
INSERT INTO supporting_packages(id, option_list, package_count, order_id, project_package_id, supporting_project_id) VALUES (1793, '["소형"]', 10, 1793, 45, 1793);
INSERT INTO supporting_projects(supporting_project_id, supported_at, delivery_id, payment_id, project_id, user_id) VALUES (1794, (SELECT projects.start_date + INTERVAL 43 DAY FROM projects WHERE projects.id=45), 1, 1794, 45, 35);
INSERT INTO orders (order_id, created_at, delivery_id, payment_id, supporting_project_id) VALUES (1794, (SELECT projects.start_date + INTERVAL 43 DAY FROM projects WHERE projects.id=45), 1, 1794, 1794);
INSERT INTO supporting_packages(id, option_list, package_count, order_id, project_package_id, supporting_project_id) VALUES (1794, '["소형"]', 5, 1794, 45, 1794);
INSERT INTO supporting_projects(supporting_project_id, supported_at, delivery_id, payment_id, project_id, user_id) VALUES (1795, (SELECT projects.start_date + INTERVAL 26 DAY FROM projects WHERE projects.id=45), 1, 1795, 45, 19);
INSERT INTO orders (order_id, created_at, delivery_id, payment_id, supporting_project_id) VALUES (1795, (SELECT projects.start_date + INTERVAL 26 DAY FROM projects WHERE projects.id=45), 1, 1795, 1795);
INSERT INTO supporting_packages(id, option_list, package_count, order_id, project_package_id, supporting_project_id) VALUES (1795, '["소형"]', 1, 1795, 45, 1795);
INSERT INTO supporting_projects(supporting_project_id, supported_at, delivery_id, payment_id, project_id, user_id) VALUES (1796, (SELECT projects.start_date + INTERVAL 20 DAY FROM projects WHERE projects.id=45), 1, 1796, 45, 8);
INSERT INTO orders (order_id, created_at, delivery_id, payment_id, supporting_project_id) VALUES (1796, (SELECT projects.start_date + INTERVAL 20 DAY FROM projects WHERE projects.id=45), 1, 1796, 1796);
INSERT INTO supporting_packages(id, option_list, package_count, order_id, project_package_id, supporting_project_id) VALUES (1796, '["대형"]', 6, 1796, 45, 1796);
INSERT INTO supporting_projects(supporting_project_id, supported_at, delivery_id, payment_id, project_id, user_id) VALUES (1797, (SELECT projects.start_date + INTERVAL 6 DAY FROM projects WHERE projects.id=45), 1, 1797, 45, 9);
INSERT INTO orders (order_id, created_at, delivery_id, payment_id, supporting_project_id) VALUES (1797, (SELECT projects.start_date + INTERVAL 6 DAY FROM projects WHERE projects.id=45), 1, 1797, 1797);
INSERT INTO supporting_packages(id, option_list, package_count, order_id, project_package_id, supporting_project_id) VALUES (1797, '["대형"]', 2, 1797, 45, 1797);
INSERT INTO supporting_projects(supporting_project_id, supported_at, delivery_id, payment_id, project_id, user_id) VALUES (1798, (SELECT projects.start_date + INTERVAL 10 DAY FROM projects WHERE projects.id=45), 1, 1798, 45, 32);
INSERT INTO orders (order_id, created_at, delivery_id, payment_id, supporting_project_id) VALUES (1798, (SELECT projects.start_date + INTERVAL 10 DAY FROM projects WHERE projects.id=45), 1, 1798, 1798);
INSERT INTO supporting_packages(id, option_list, package_count, order_id, project_package_id, supporting_project_id) VALUES (1798, '["중형"]', 3, 1798, 45, 1798);
INSERT INTO supporting_projects(supporting_project_id, supported_at, delivery_id, payment_id, project_id, user_id) VALUES (1799, (SELECT projects.start_date + INTERVAL 37 DAY FROM projects WHERE projects.id=45), 1, 1799, 45, 28);
INSERT INTO orders (order_id, created_at, delivery_id, payment_id, supporting_project_id) VALUES (1799, (SELECT projects.start_date + INTERVAL 37 DAY FROM projects WHERE projects.id=45), 1, 1799, 1799);
INSERT INTO supporting_packages(id, option_list, package_count, order_id, project_package_id, supporting_project_id) VALUES (1799, '["소형"]', 4, 1799, 45, 1799);
INSERT INTO supporting_projects(supporting_project_id, supported_at, delivery_id, payment_id, project_id, user_id) VALUES (1800, (SELECT projects.start_date + INTERVAL 35 DAY FROM projects WHERE projects.id=45), 1, 1800, 45, 33);
INSERT INTO orders (order_id, created_at, delivery_id, payment_id, supporting_project_id) VALUES (1800, (SELECT projects.start_date + INTERVAL 35 DAY FROM projects WHERE projects.id=45), 1, 1800, 1800);
INSERT INTO supporting_packages(id, option_list, package_count, order_id, project_package_id, supporting_project_id) VALUES (1800, '["소형"]', 7, 1800, 45, 1800);
INSERT INTO supporting_projects(supporting_project_id, supported_at, delivery_id, payment_id, project_id, user_id) VALUES (1801, (SELECT projects.start_date + INTERVAL 5 DAY FROM projects WHERE projects.id=45), 1, 1801, 45, 18);
INSERT INTO orders (order_id, created_at, delivery_id, payment_id, supporting_project_id) VALUES (1801, (SELECT projects.start_date + INTERVAL 5 DAY FROM projects WHERE projects.id=45), 1, 1801, 1801);
INSERT INTO supporting_packages(id, option_list, package_count, order_id, project_package_id, supporting_project_id) VALUES (1801, '["대형"]', 2, 1801, 45, 1801);
INSERT INTO supporting_projects(supporting_project_id, supported_at, delivery_id, payment_id, project_id, user_id) VALUES (1802, (SELECT projects.start_date + INTERVAL 9 DAY FROM projects WHERE projects.id=45), 1, 1802, 45, 38);
INSERT INTO orders (order_id, created_at, delivery_id, payment_id, supporting_project_id) VALUES (1802, (SELECT projects.start_date + INTERVAL 9 DAY FROM projects WHERE projects.id=45), 1, 1802, 1802);
INSERT INTO supporting_packages(id, option_list, package_count, order_id, project_package_id, supporting_project_id) VALUES (1802, '["대형"]', 10, 1802, 45, 1802);
INSERT INTO supporting_projects(supporting_project_id, supported_at, delivery_id, payment_id, project_id, user_id) VALUES (1803, (SELECT projects.start_date + INTERVAL 16 DAY FROM projects WHERE projects.id=45), 1, 1803, 45, 21);
INSERT INTO orders (order_id, created_at, delivery_id, payment_id, supporting_project_id) VALUES (1803, (SELECT projects.start_date + INTERVAL 16 DAY FROM projects WHERE projects.id=45), 1, 1803, 1803);
INSERT INTO supporting_packages(id, option_list, package_count, order_id, project_package_id, supporting_project_id) VALUES (1803, '["중형"]', 5, 1803, 45, 1803);
INSERT INTO supporting_projects(supporting_project_id, supported_at, delivery_id, payment_id, project_id, user_id) VALUES (1804, (SELECT projects.start_date + INTERVAL 9 DAY FROM projects WHERE projects.id=45), 1, 1804, 45, 39);
INSERT INTO orders (order_id, created_at, delivery_id, payment_id, supporting_project_id) VALUES (1804, (SELECT projects.start_date + INTERVAL 9 DAY FROM projects WHERE projects.id=45), 1, 1804, 1804);
INSERT INTO supporting_packages(id, option_list, package_count, order_id, project_package_id, supporting_project_id) VALUES (1804, '["중형"]', 9, 1804, 45, 1804);
INSERT INTO supporting_projects(supporting_project_id, supported_at, delivery_id, payment_id, project_id, user_id) VALUES (1805, (SELECT projects.start_date + INTERVAL 29 DAY FROM projects WHERE projects.id=45), 1, 1805, 45, 32);
INSERT INTO orders (order_id, created_at, delivery_id, payment_id, supporting_project_id) VALUES (1805, (SELECT projects.start_date + INTERVAL 29 DAY FROM projects WHERE projects.id=45), 1, 1805, 1805);
INSERT INTO supporting_packages(id, option_list, package_count, order_id, project_package_id, supporting_project_id) VALUES (1805, '["대형"]', 4, 1805, 45, 1805);
INSERT INTO supporting_projects(supporting_project_id, supported_at, delivery_id, payment_id, project_id, user_id) VALUES (1806, (SELECT projects.start_date + INTERVAL 23 DAY FROM projects WHERE projects.id=45), 1, 1806, 45, 9);
INSERT INTO orders (order_id, created_at, delivery_id, payment_id, supporting_project_id) VALUES (1806, (SELECT projects.start_date + INTERVAL 23 DAY FROM projects WHERE projects.id=45), 1, 1806, 1806);
INSERT INTO supporting_packages(id, option_list, package_count, order_id, project_package_id, supporting_project_id) VALUES (1806, '["중형"]', 9, 1806, 45, 1806);
INSERT INTO supporting_projects(supporting_project_id, supported_at, delivery_id, payment_id, project_id, user_id) VALUES (1807, (SELECT projects.start_date + INTERVAL 37 DAY FROM projects WHERE projects.id=45), 1, 1807, 45, 22);
INSERT INTO orders (order_id, created_at, delivery_id, payment_id, supporting_project_id) VALUES (1807, (SELECT projects.start_date + INTERVAL 37 DAY FROM projects WHERE projects.id=45), 1, 1807, 1807);
INSERT INTO supporting_packages(id, option_list, package_count, order_id, project_package_id, supporting_project_id) VALUES (1807, '["대형"]', 8, 1807, 45, 1807);
INSERT INTO supporting_projects(supporting_project_id, supported_at, delivery_id, payment_id, project_id, user_id) VALUES (1808, (SELECT projects.start_date + INTERVAL 8 DAY FROM projects WHERE projects.id=45), 1, 1808, 45, 6);
INSERT INTO orders (order_id, created_at, delivery_id, payment_id, supporting_project_id) VALUES (1808, (SELECT projects.start_date + INTERVAL 8 DAY FROM projects WHERE projects.id=45), 1, 1808, 1808);
INSERT INTO supporting_packages(id, option_list, package_count, order_id, project_package_id, supporting_project_id) VALUES (1808, '["대형"]', 4, 1808, 45, 1808);
INSERT INTO supporting_projects(supporting_project_id, supported_at, delivery_id, payment_id, project_id, user_id) VALUES (1809, (SELECT projects.start_date + INTERVAL 50 DAY FROM projects WHERE projects.id=45), 1, 1809, 45, 18);
INSERT INTO orders (order_id, created_at, delivery_id, payment_id, supporting_project_id) VALUES (1809, (SELECT projects.start_date + INTERVAL 50 DAY FROM projects WHERE projects.id=45), 1, 1809, 1809);
INSERT INTO supporting_packages(id, option_list, package_count, order_id, project_package_id, supporting_project_id) VALUES (1809, '["대형"]', 7, 1809, 45, 1809);
INSERT INTO supporting_projects(supporting_project_id, supported_at, delivery_id, payment_id, project_id, user_id) VALUES (1810, (SELECT projects.start_date + INTERVAL 40 DAY FROM projects WHERE projects.id=45), 1, 1810, 45, 18);
INSERT INTO orders (order_id, created_at, delivery_id, payment_id, supporting_project_id) VALUES (1810, (SELECT projects.start_date + INTERVAL 40 DAY FROM projects WHERE projects.id=45), 1, 1810, 1810);
INSERT INTO supporting_packages(id, option_list, package_count, order_id, project_package_id, supporting_project_id) VALUES (1810, '["중형"]', 6, 1810, 45, 1810);
INSERT INTO supporting_projects(supporting_project_id, supported_at, delivery_id, payment_id, project_id, user_id) VALUES (1811, (SELECT projects.start_date + INTERVAL 32 DAY FROM projects WHERE projects.id=45), 1, 1811, 45, 11);
INSERT INTO orders (order_id, created_at, delivery_id, payment_id, supporting_project_id) VALUES (1811, (SELECT projects.start_date + INTERVAL 32 DAY FROM projects WHERE projects.id=45), 1, 1811, 1811);
INSERT INTO supporting_packages(id, option_list, package_count, order_id, project_package_id, supporting_project_id) VALUES (1811, '["소형"]', 3, 1811, 45, 1811);
INSERT INTO supporting_projects(supporting_project_id, supported_at, delivery_id, payment_id, project_id, user_id) VALUES (1812, (SELECT projects.start_date + INTERVAL 48 DAY FROM projects WHERE projects.id=45), 1, 1812, 45, 12);
INSERT INTO orders (order_id, created_at, delivery_id, payment_id, supporting_project_id) VALUES (1812, (SELECT projects.start_date + INTERVAL 48 DAY FROM projects WHERE projects.id=45), 1, 1812, 1812);
INSERT INTO supporting_packages(id, option_list, package_count, order_id, project_package_id, supporting_project_id) VALUES (1812, '["중형"]', 4, 1812, 45, 1812);
INSERT INTO supporting_projects(supporting_project_id, supported_at, delivery_id, payment_id, project_id, user_id) VALUES (1813, (SELECT projects.start_date + INTERVAL 50 DAY FROM projects WHERE projects.id=45), 1, 1813, 45, 16);
INSERT INTO orders (order_id, created_at, delivery_id, payment_id, supporting_project_id) VALUES (1813, (SELECT projects.start_date + INTERVAL 50 DAY FROM projects WHERE projects.id=45), 1, 1813, 1813);
INSERT INTO supporting_packages(id, option_list, package_count, order_id, project_package_id, supporting_project_id) VALUES (1813, '["소형"]', 9, 1813, 45, 1813);
INSERT INTO supporting_projects(supporting_project_id, supported_at, delivery_id, payment_id, project_id, user_id) VALUES (1814, (SELECT projects.start_date + INTERVAL 2 DAY FROM projects WHERE projects.id=45), 1, 1814, 45, 32);
INSERT INTO orders (order_id, created_at, delivery_id, payment_id, supporting_project_id) VALUES (1814, (SELECT projects.start_date + INTERVAL 2 DAY FROM projects WHERE projects.id=45), 1, 1814, 1814);
INSERT INTO supporting_packages(id, option_list, package_count, order_id, project_package_id, supporting_project_id) VALUES (1814, '["대형"]', 2, 1814, 45, 1814);
INSERT INTO supporting_projects(supporting_project_id, supported_at, delivery_id, payment_id, project_id, user_id) VALUES (1815, (SELECT projects.start_date + INTERVAL 8 DAY FROM projects WHERE projects.id=45), 1, 1815, 45, 36);
INSERT INTO orders (order_id, created_at, delivery_id, payment_id, supporting_project_id) VALUES (1815, (SELECT projects.start_date + INTERVAL 8 DAY FROM projects WHERE projects.id=45), 1, 1815, 1815);
INSERT INTO supporting_packages(id, option_list, package_count, order_id, project_package_id, supporting_project_id) VALUES (1815, '["소형"]', 9, 1815, 45, 1815);
INSERT INTO supporting_projects(supporting_project_id, supported_at, delivery_id, payment_id, project_id, user_id) VALUES (1816, (SELECT projects.start_date + INTERVAL 27 DAY FROM projects WHERE projects.id=45), 1, 1816, 45, 19);
INSERT INTO orders (order_id, created_at, delivery_id, payment_id, supporting_project_id) VALUES (1816, (SELECT projects.start_date + INTERVAL 27 DAY FROM projects WHERE projects.id=45), 1, 1816, 1816);
INSERT INTO supporting_packages(id, option_list, package_count, order_id, project_package_id, supporting_project_id) VALUES (1816, '["대형"]', 5, 1816, 45, 1816);
INSERT INTO supporting_projects(supporting_project_id, supported_at, delivery_id, payment_id, project_id, user_id) VALUES (1817, (SELECT projects.start_date + INTERVAL 27 DAY FROM projects WHERE projects.id=45), 1, 1817, 45, 9);
INSERT INTO orders (order_id, created_at, delivery_id, payment_id, supporting_project_id) VALUES (1817, (SELECT projects.start_date + INTERVAL 27 DAY FROM projects WHERE projects.id=45), 1, 1817, 1817);
INSERT INTO supporting_packages(id, option_list, package_count, order_id, project_package_id, supporting_project_id) VALUES (1817, '["소형"]', 2, 1817, 45, 1817);
INSERT INTO supporting_projects(supporting_project_id, supported_at, delivery_id, payment_id, project_id, user_id) VALUES (1818, (SELECT projects.start_date + INTERVAL 46 DAY FROM projects WHERE projects.id=45), 1, 1818, 45, 22);
INSERT INTO orders (order_id, created_at, delivery_id, payment_id, supporting_project_id) VALUES (1818, (SELECT projects.start_date + INTERVAL 46 DAY FROM projects WHERE projects.id=45), 1, 1818, 1818);
INSERT INTO supporting_packages(id, option_list, package_count, order_id, project_package_id, supporting_project_id) VALUES (1818, '["소형"]', 1, 1818, 45, 1818);
INSERT INTO supporting_projects(supporting_project_id, supported_at, delivery_id, payment_id, project_id, user_id) VALUES (1819, (SELECT projects.start_date + INTERVAL 23 DAY FROM projects WHERE projects.id=45), 1, 1819, 45, 11);
INSERT INTO orders (order_id, created_at, delivery_id, payment_id, supporting_project_id) VALUES (1819, (SELECT projects.start_date + INTERVAL 23 DAY FROM projects WHERE projects.id=45), 1, 1819, 1819);
INSERT INTO supporting_packages(id, option_list, package_count, order_id, project_package_id, supporting_project_id) VALUES (1819, '["중형"]', 6, 1819, 45, 1819);
INSERT INTO supporting_projects(supporting_project_id, supported_at, delivery_id, payment_id, project_id, user_id) VALUES (1820, (SELECT projects.start_date + INTERVAL 15 DAY FROM projects WHERE projects.id=45), 1, 1820, 45, 10);
INSERT INTO orders (order_id, created_at, delivery_id, payment_id, supporting_project_id) VALUES (1820, (SELECT projects.start_date + INTERVAL 15 DAY FROM projects WHERE projects.id=45), 1, 1820, 1820);
INSERT INTO supporting_packages(id, option_list, package_count, order_id, project_package_id, supporting_project_id) VALUES (1820, '["대형"]', 8, 1820, 45, 1820);
INSERT INTO supporting_projects(supporting_project_id, supported_at, delivery_id, payment_id, project_id, user_id) VALUES (1821, (SELECT projects.start_date + INTERVAL 49 DAY FROM projects WHERE projects.id=45), 1, 1821, 45, 18);
INSERT INTO orders (order_id, created_at, delivery_id, payment_id, supporting_project_id) VALUES (1821, (SELECT projects.start_date + INTERVAL 49 DAY FROM projects WHERE projects.id=45), 1, 1821, 1821);
INSERT INTO supporting_packages(id, option_list, package_count, order_id, project_package_id, supporting_project_id) VALUES (1821, '["중형"]', 5, 1821, 45, 1821);
INSERT INTO supporting_projects(supporting_project_id, supported_at, delivery_id, payment_id, project_id, user_id) VALUES (1822, (SELECT projects.start_date + INTERVAL 3 DAY FROM projects WHERE projects.id=45), 1, 1822, 45, 23);
INSERT INTO orders (order_id, created_at, delivery_id, payment_id, supporting_project_id) VALUES (1822, (SELECT projects.start_date + INTERVAL 3 DAY FROM projects WHERE projects.id=45), 1, 1822, 1822);
INSERT INTO supporting_packages(id, option_list, package_count, order_id, project_package_id, supporting_project_id) VALUES (1822, '["대형"]', 10, 1822, 45, 1822);
INSERT INTO supporting_projects(supporting_project_id, supported_at, delivery_id, payment_id, project_id, user_id) VALUES (1823, (SELECT projects.start_date + INTERVAL 25 DAY FROM projects WHERE projects.id=45), 1, 1823, 45, 26);
INSERT INTO orders (order_id, created_at, delivery_id, payment_id, supporting_project_id) VALUES (1823, (SELECT projects.start_date + INTERVAL 25 DAY FROM projects WHERE projects.id=45), 1, 1823, 1823);
INSERT INTO supporting_packages(id, option_list, package_count, order_id, project_package_id, supporting_project_id) VALUES (1823, '["대형"]', 10, 1823, 45, 1823);
INSERT INTO supporting_projects(supporting_project_id, supported_at, delivery_id, payment_id, project_id, user_id) VALUES (1824, (SELECT projects.start_date + INTERVAL 3 DAY FROM projects WHERE projects.id=45), 1, 1824, 45, 25);
INSERT INTO orders (order_id, created_at, delivery_id, payment_id, supporting_project_id) VALUES (1824, (SELECT projects.start_date + INTERVAL 3 DAY FROM projects WHERE projects.id=45), 1, 1824, 1824);
INSERT INTO supporting_packages(id, option_list, package_count, order_id, project_package_id, supporting_project_id) VALUES (1824, '["소형"]', 2, 1824, 45, 1824);
INSERT INTO supporting_projects(supporting_project_id, supported_at, delivery_id, payment_id, project_id, user_id) VALUES (1825, (SELECT projects.start_date + INTERVAL 10 DAY FROM projects WHERE projects.id=45), 1, 1825, 45, 26);
INSERT INTO orders (order_id, created_at, delivery_id, payment_id, supporting_project_id) VALUES (1825, (SELECT projects.start_date + INTERVAL 10 DAY FROM projects WHERE projects.id=45), 1, 1825, 1825);
INSERT INTO supporting_packages(id, option_list, package_count, order_id, project_package_id, supporting_project_id) VALUES (1825, '["소형"]', 10, 1825, 45, 1825);
INSERT INTO supporting_projects(supporting_project_id, supported_at, delivery_id, payment_id, project_id, user_id) VALUES (1826, (SELECT projects.start_date + INTERVAL 8 DAY FROM projects WHERE projects.id=45), 1, 1826, 45, 9);
INSERT INTO orders (order_id, created_at, delivery_id, payment_id, supporting_project_id) VALUES (1826, (SELECT projects.start_date + INTERVAL 8 DAY FROM projects WHERE projects.id=45), 1, 1826, 1826);
INSERT INTO supporting_packages(id, option_list, package_count, order_id, project_package_id, supporting_project_id) VALUES (1826, '["소형"]', 7, 1826, 45, 1826);
INSERT INTO supporting_projects(supporting_project_id, supported_at, delivery_id, payment_id, project_id, user_id) VALUES (1827, (SELECT projects.start_date + INTERVAL 21 DAY FROM projects WHERE projects.id=45), 1, 1827, 45, 34);
INSERT INTO orders (order_id, created_at, delivery_id, payment_id, supporting_project_id) VALUES (1827, (SELECT projects.start_date + INTERVAL 21 DAY FROM projects WHERE projects.id=45), 1, 1827, 1827);
INSERT INTO supporting_packages(id, option_list, package_count, order_id, project_package_id, supporting_project_id) VALUES (1827, '["중형"]', 3, 1827, 45, 1827);
INSERT INTO supporting_projects(supporting_project_id, supported_at, delivery_id, payment_id, project_id, user_id) VALUES (1828, (SELECT projects.start_date + INTERVAL 30 DAY FROM projects WHERE projects.id=45), 1, 1828, 45, 40);
INSERT INTO orders (order_id, created_at, delivery_id, payment_id, supporting_project_id) VALUES (1828, (SELECT projects.start_date + INTERVAL 30 DAY FROM projects WHERE projects.id=45), 1, 1828, 1828);
INSERT INTO supporting_packages(id, option_list, package_count, order_id, project_package_id, supporting_project_id) VALUES (1828, '["소형"]', 7, 1828, 45, 1828);
INSERT INTO supporting_projects(supporting_project_id, supported_at, delivery_id, payment_id, project_id, user_id) VALUES (1829, (SELECT projects.start_date + INTERVAL 37 DAY FROM projects WHERE projects.id=45), 1, 1829, 45, 2);
INSERT INTO orders (order_id, created_at, delivery_id, payment_id, supporting_project_id) VALUES (1829, (SELECT projects.start_date + INTERVAL 37 DAY FROM projects WHERE projects.id=45), 1, 1829, 1829);
INSERT INTO supporting_packages(id, option_list, package_count, order_id, project_package_id, supporting_project_id) VALUES (1829, '["대형"]', 5, 1829, 45, 1829);
INSERT INTO supporting_projects(supporting_project_id, supported_at, delivery_id, payment_id, project_id, user_id) VALUES (1830, (SELECT projects.start_date + INTERVAL 49 DAY FROM projects WHERE projects.id=45), 1, 1830, 45, 2);
INSERT INTO orders (order_id, created_at, delivery_id, payment_id, supporting_project_id) VALUES (1830, (SELECT projects.start_date + INTERVAL 49 DAY FROM projects WHERE projects.id=45), 1, 1830, 1830);
INSERT INTO supporting_packages(id, option_list, package_count, order_id, project_package_id, supporting_project_id) VALUES (1830, '["중형"]', 2, 1830, 45, 1830);
INSERT INTO supporting_projects(supporting_project_id, supported_at, delivery_id, payment_id, project_id, user_id) VALUES (1831, (SELECT projects.start_date + INTERVAL 2 DAY FROM projects WHERE projects.id=45), 1, 1831, 45, 22);
INSERT INTO orders (order_id, created_at, delivery_id, payment_id, supporting_project_id) VALUES (1831, (SELECT projects.start_date + INTERVAL 2 DAY FROM projects WHERE projects.id=45), 1, 1831, 1831);
INSERT INTO supporting_packages(id, option_list, package_count, order_id, project_package_id, supporting_project_id) VALUES (1831, '["중형"]', 10, 1831, 45, 1831);
INSERT INTO supporting_projects(supporting_project_id, supported_at, delivery_id, payment_id, project_id, user_id) VALUES (1832, (SELECT projects.start_date + INTERVAL 5 DAY FROM projects WHERE projects.id=45), 1, 1832, 45, 30);
INSERT INTO orders (order_id, created_at, delivery_id, payment_id, supporting_project_id) VALUES (1832, (SELECT projects.start_date + INTERVAL 5 DAY FROM projects WHERE projects.id=45), 1, 1832, 1832);
INSERT INTO supporting_packages(id, option_list, package_count, order_id, project_package_id, supporting_project_id) VALUES (1832, '["중형"]', 8, 1832, 45, 1832);
INSERT INTO supporting_projects(supporting_project_id, supported_at, delivery_id, payment_id, project_id, user_id) VALUES (1833, (SELECT projects.start_date + INTERVAL 20 DAY FROM projects WHERE projects.id=45), 1, 1833, 45, 2);
INSERT INTO orders (order_id, created_at, delivery_id, payment_id, supporting_project_id) VALUES (1833, (SELECT projects.start_date + INTERVAL 20 DAY FROM projects WHERE projects.id=45), 1, 1833, 1833);
INSERT INTO supporting_packages(id, option_list, package_count, order_id, project_package_id, supporting_project_id) VALUES (1833, '["대형"]', 4, 1833, 45, 1833);
INSERT INTO supporting_projects(supporting_project_id, supported_at, delivery_id, payment_id, project_id, user_id) VALUES (1834, (SELECT projects.start_date + INTERVAL 8 DAY FROM projects WHERE projects.id=45), 1, 1834, 45, 28);
INSERT INTO orders (order_id, created_at, delivery_id, payment_id, supporting_project_id) VALUES (1834, (SELECT projects.start_date + INTERVAL 8 DAY FROM projects WHERE projects.id=45), 1, 1834, 1834);
INSERT INTO supporting_packages(id, option_list, package_count, order_id, project_package_id, supporting_project_id) VALUES (1834, '["대형"]', 8, 1834, 45, 1834);
INSERT INTO supporting_projects(supporting_project_id, supported_at, delivery_id, payment_id, project_id, user_id) VALUES (1835, (SELECT projects.start_date + INTERVAL 20 DAY FROM projects WHERE projects.id=45), 1, 1835, 45, 33);
INSERT INTO orders (order_id, created_at, delivery_id, payment_id, supporting_project_id) VALUES (1835, (SELECT projects.start_date + INTERVAL 20 DAY FROM projects WHERE projects.id=45), 1, 1835, 1835);
INSERT INTO supporting_packages(id, option_list, package_count, order_id, project_package_id, supporting_project_id) VALUES (1835, '["중형"]', 3, 1835, 45, 1835);
INSERT INTO supporting_projects(supporting_project_id, supported_at, delivery_id, payment_id, project_id, user_id) VALUES (1836, (SELECT projects.start_date + INTERVAL 2 DAY FROM projects WHERE projects.id=45), 1, 1836, 45, 23);
INSERT INTO orders (order_id, created_at, delivery_id, payment_id, supporting_project_id) VALUES (1836, (SELECT projects.start_date + INTERVAL 2 DAY FROM projects WHERE projects.id=45), 1, 1836, 1836);
INSERT INTO supporting_packages(id, option_list, package_count, order_id, project_package_id, supporting_project_id) VALUES (1836, '["소형"]', 2, 1836, 45, 1836);
INSERT INTO supporting_projects(supporting_project_id, supported_at, delivery_id, payment_id, project_id, user_id) VALUES (1837, (SELECT projects.start_date + INTERVAL 40 DAY FROM projects WHERE projects.id=45), 1, 1837, 45, 31);
INSERT INTO orders (order_id, created_at, delivery_id, payment_id, supporting_project_id) VALUES (1837, (SELECT projects.start_date + INTERVAL 40 DAY FROM projects WHERE projects.id=45), 1, 1837, 1837);
INSERT INTO supporting_packages(id, option_list, package_count, order_id, project_package_id, supporting_project_id) VALUES (1837, '["소형"]', 9, 1837, 45, 1837);
INSERT INTO supporting_projects(supporting_project_id, supported_at, delivery_id, payment_id, project_id, user_id) VALUES (1838, (SELECT projects.start_date + INTERVAL 15 DAY FROM projects WHERE projects.id=45), 1, 1838, 45, 1);
INSERT INTO orders (order_id, created_at, delivery_id, payment_id, supporting_project_id) VALUES (1838, (SELECT projects.start_date + INTERVAL 15 DAY FROM projects WHERE projects.id=45), 1, 1838, 1838);
INSERT INTO supporting_packages(id, option_list, package_count, order_id, project_package_id, supporting_project_id) VALUES (1838, '["소형"]', 6, 1838, 45, 1838);
INSERT INTO supporting_projects(supporting_project_id, supported_at, delivery_id, payment_id, project_id, user_id) VALUES (1839, (SELECT projects.start_date + INTERVAL 11 DAY FROM projects WHERE projects.id=45), 1, 1839, 45, 7);
INSERT INTO orders (order_id, created_at, delivery_id, payment_id, supporting_project_id) VALUES (1839, (SELECT projects.start_date + INTERVAL 11 DAY FROM projects WHERE projects.id=45), 1, 1839, 1839);
INSERT INTO supporting_packages(id, option_list, package_count, order_id, project_package_id, supporting_project_id) VALUES (1839, '["대형"]', 9, 1839, 45, 1839);
INSERT INTO supporting_projects(supporting_project_id, supported_at, delivery_id, payment_id, project_id, user_id) VALUES (1840, (SELECT projects.start_date + INTERVAL 38 DAY FROM projects WHERE projects.id=45), 1, 1840, 45, 25);
INSERT INTO orders (order_id, created_at, delivery_id, payment_id, supporting_project_id) VALUES (1840, (SELECT projects.start_date + INTERVAL 38 DAY FROM projects WHERE projects.id=45), 1, 1840, 1840);
INSERT INTO supporting_packages(id, option_list, package_count, order_id, project_package_id, supporting_project_id) VALUES (1840, '["대형"]', 7, 1840, 45, 1840);
INSERT INTO supporting_projects(supporting_project_id, supported_at, delivery_id, payment_id, project_id, user_id) VALUES (1841, (SELECT projects.start_date + INTERVAL 28 DAY FROM projects WHERE projects.id=45), 1, 1841, 45, 9);
INSERT INTO orders (order_id, created_at, delivery_id, payment_id, supporting_project_id) VALUES (1841, (SELECT projects.start_date + INTERVAL 28 DAY FROM projects WHERE projects.id=45), 1, 1841, 1841);
INSERT INTO supporting_packages(id, option_list, package_count, order_id, project_package_id, supporting_project_id) VALUES (1841, '["중형"]', 5, 1841, 45, 1841);
INSERT INTO supporting_projects(supporting_project_id, supported_at, delivery_id, payment_id, project_id, user_id) VALUES (1842, (SELECT projects.start_date + INTERVAL 39 DAY FROM projects WHERE projects.id=45), 1, 1842, 45, 23);
INSERT INTO orders (order_id, created_at, delivery_id, payment_id, supporting_project_id) VALUES (1842, (SELECT projects.start_date + INTERVAL 39 DAY FROM projects WHERE projects.id=45), 1, 1842, 1842);
INSERT INTO supporting_packages(id, option_list, package_count, order_id, project_package_id, supporting_project_id) VALUES (1842, '["대형"]', 9, 1842, 45, 1842);
INSERT INTO supporting_projects(supporting_project_id, supported_at, delivery_id, payment_id, project_id, user_id) VALUES (1843, (SELECT projects.start_date + INTERVAL 33 DAY FROM projects WHERE projects.id=45), 1, 1843, 45, 10);
INSERT INTO orders (order_id, created_at, delivery_id, payment_id, supporting_project_id) VALUES (1843, (SELECT projects.start_date + INTERVAL 33 DAY FROM projects WHERE projects.id=45), 1, 1843, 1843);
INSERT INTO supporting_packages(id, option_list, package_count, order_id, project_package_id, supporting_project_id) VALUES (1843, '["소형"]', 9, 1843, 45, 1843);
INSERT INTO supporting_projects(supporting_project_id, supported_at, delivery_id, payment_id, project_id, user_id) VALUES (1844, (SELECT projects.start_date + INTERVAL 7 DAY FROM projects WHERE projects.id=45), 1, 1844, 45, 10);
INSERT INTO orders (order_id, created_at, delivery_id, payment_id, supporting_project_id) VALUES (1844, (SELECT projects.start_date + INTERVAL 7 DAY FROM projects WHERE projects.id=45), 1, 1844, 1844);
INSERT INTO supporting_packages(id, option_list, package_count, order_id, project_package_id, supporting_project_id) VALUES (1844, '["대형"]', 10, 1844, 45, 1844);
INSERT INTO supporting_projects(supporting_project_id, supported_at, delivery_id, payment_id, project_id, user_id) VALUES (1845, (SELECT projects.start_date + INTERVAL 36 DAY FROM projects WHERE projects.id=45), 1, 1845, 45, 6);
INSERT INTO orders (order_id, created_at, delivery_id, payment_id, supporting_project_id) VALUES (1845, (SELECT projects.start_date + INTERVAL 36 DAY FROM projects WHERE projects.id=45), 1, 1845, 1845);
INSERT INTO supporting_packages(id, option_list, package_count, order_id, project_package_id, supporting_project_id) VALUES (1845, '["대형"]', 7, 1845, 45, 1845);
INSERT INTO supporting_projects(supporting_project_id, supported_at, delivery_id, payment_id, project_id, user_id) VALUES (1846, (SELECT projects.start_date + INTERVAL 49 DAY FROM projects WHERE projects.id=45), 1, 1846, 45, 35);
INSERT INTO orders (order_id, created_at, delivery_id, payment_id, supporting_project_id) VALUES (1846, (SELECT projects.start_date + INTERVAL 49 DAY FROM projects WHERE projects.id=45), 1, 1846, 1846);
INSERT INTO supporting_packages(id, option_list, package_count, order_id, project_package_id, supporting_project_id) VALUES (1846, '["소형"]', 8, 1846, 45, 1846);
INSERT INTO supporting_projects(supporting_project_id, supported_at, delivery_id, payment_id, project_id, user_id) VALUES (1847, (SELECT projects.start_date + INTERVAL 40 DAY FROM projects WHERE projects.id=45), 1, 1847, 45, 31);
INSERT INTO orders (order_id, created_at, delivery_id, payment_id, supporting_project_id) VALUES (1847, (SELECT projects.start_date + INTERVAL 40 DAY FROM projects WHERE projects.id=45), 1, 1847, 1847);
INSERT INTO supporting_packages(id, option_list, package_count, order_id, project_package_id, supporting_project_id) VALUES (1847, '["중형"]', 9, 1847, 45, 1847);
INSERT INTO supporting_projects(supporting_project_id, supported_at, delivery_id, payment_id, project_id, user_id) VALUES (1848, (SELECT projects.start_date + INTERVAL 8 DAY FROM projects WHERE projects.id=45), 1, 1848, 45, 33);
INSERT INTO orders (order_id, created_at, delivery_id, payment_id, supporting_project_id) VALUES (1848, (SELECT projects.start_date + INTERVAL 8 DAY FROM projects WHERE projects.id=45), 1, 1848, 1848);
INSERT INTO supporting_packages(id, option_list, package_count, order_id, project_package_id, supporting_project_id) VALUES (1848, '["소형"]', 10, 1848, 45, 1848);
INSERT INTO supporting_projects(supporting_project_id, supported_at, delivery_id, payment_id, project_id, user_id) VALUES (1849, (SELECT projects.start_date + INTERVAL 44 DAY FROM projects WHERE projects.id=45), 1, 1849, 45, 28);
INSERT INTO orders (order_id, created_at, delivery_id, payment_id, supporting_project_id) VALUES (1849, (SELECT projects.start_date + INTERVAL 44 DAY FROM projects WHERE projects.id=45), 1, 1849, 1849);
INSERT INTO supporting_packages(id, option_list, package_count, order_id, project_package_id, supporting_project_id) VALUES (1849, '["소형"]', 1, 1849, 45, 1849);
INSERT INTO supporting_projects(supporting_project_id, supported_at, delivery_id, payment_id, project_id, user_id) VALUES (1850, (SELECT projects.start_date + INTERVAL 32 DAY FROM projects WHERE projects.id=45), 1, 1850, 45, 24);
INSERT INTO orders (order_id, created_at, delivery_id, payment_id, supporting_project_id) VALUES (1850, (SELECT projects.start_date + INTERVAL 32 DAY FROM projects WHERE projects.id=45), 1, 1850, 1850);
INSERT INTO supporting_packages(id, option_list, package_count, order_id, project_package_id, supporting_project_id) VALUES (1850, '["소형"]', 2, 1850, 45, 1850);
INSERT INTO supporting_projects(supporting_project_id, supported_at, delivery_id, payment_id, project_id, user_id) VALUES (1851, (SELECT projects.start_date + INTERVAL 43 DAY FROM projects WHERE projects.id=45), 1, 1851, 45, 17);
INSERT INTO orders (order_id, created_at, delivery_id, payment_id, supporting_project_id) VALUES (1851, (SELECT projects.start_date + INTERVAL 43 DAY FROM projects WHERE projects.id=45), 1, 1851, 1851);
INSERT INTO supporting_packages(id, option_list, package_count, order_id, project_package_id, supporting_project_id) VALUES (1851, '["대형"]', 3, 1851, 45, 1851);
INSERT INTO supporting_projects(supporting_project_id, supported_at, delivery_id, payment_id, project_id, user_id) VALUES (1852, (SELECT projects.start_date + INTERVAL 35 DAY FROM projects WHERE projects.id=45), 1, 1852, 45, 17);
INSERT INTO orders (order_id, created_at, delivery_id, payment_id, supporting_project_id) VALUES (1852, (SELECT projects.start_date + INTERVAL 35 DAY FROM projects WHERE projects.id=45), 1, 1852, 1852);
INSERT INTO supporting_packages(id, option_list, package_count, order_id, project_package_id, supporting_project_id) VALUES (1852, '["중형"]', 4, 1852, 45, 1852);
INSERT INTO supporting_projects(supporting_project_id, supported_at, delivery_id, payment_id, project_id, user_id) VALUES (1853, (SELECT projects.start_date + INTERVAL 24 DAY FROM projects WHERE projects.id=45), 1, 1853, 45, 33);
INSERT INTO orders (order_id, created_at, delivery_id, payment_id, supporting_project_id) VALUES (1853, (SELECT projects.start_date + INTERVAL 24 DAY FROM projects WHERE projects.id=45), 1, 1853, 1853);
INSERT INTO supporting_packages(id, option_list, package_count, order_id, project_package_id, supporting_project_id) VALUES (1853, '["소형"]', 10, 1853, 45, 1853);
INSERT INTO supporting_projects(supporting_project_id, supported_at, delivery_id, payment_id, project_id, user_id) VALUES (1854, (SELECT projects.start_date + INTERVAL 12 DAY FROM projects WHERE projects.id=45), 1, 1854, 45, 13);
INSERT INTO orders (order_id, created_at, delivery_id, payment_id, supporting_project_id) VALUES (1854, (SELECT projects.start_date + INTERVAL 12 DAY FROM projects WHERE projects.id=45), 1, 1854, 1854);
INSERT INTO supporting_packages(id, option_list, package_count, order_id, project_package_id, supporting_project_id) VALUES (1854, '["소형"]', 6, 1854, 45, 1854);
INSERT INTO supporting_projects(supporting_project_id, supported_at, delivery_id, payment_id, project_id, user_id) VALUES (1855, (SELECT projects.start_date + INTERVAL 4 DAY FROM projects WHERE projects.id=45), 1, 1855, 45, 19);
INSERT INTO orders (order_id, created_at, delivery_id, payment_id, supporting_project_id) VALUES (1855, (SELECT projects.start_date + INTERVAL 4 DAY FROM projects WHERE projects.id=45), 1, 1855, 1855);
INSERT INTO supporting_packages(id, option_list, package_count, order_id, project_package_id, supporting_project_id) VALUES (1855, '["소형"]', 4, 1855, 45, 1855);
INSERT INTO supporting_projects(supporting_project_id, supported_at, delivery_id, payment_id, project_id, user_id) VALUES (1856, (SELECT projects.start_date + INTERVAL 22 DAY FROM projects WHERE projects.id=45), 1, 1856, 45, 23);
INSERT INTO orders (order_id, created_at, delivery_id, payment_id, supporting_project_id) VALUES (1856, (SELECT projects.start_date + INTERVAL 22 DAY FROM projects WHERE projects.id=45), 1, 1856, 1856);
INSERT INTO supporting_packages(id, option_list, package_count, order_id, project_package_id, supporting_project_id) VALUES (1856, '["중형"]', 4, 1856, 45, 1856);
INSERT INTO supporting_projects(supporting_project_id, supported_at, delivery_id, payment_id, project_id, user_id) VALUES (1857, (SELECT projects.start_date + INTERVAL 40 DAY FROM projects WHERE projects.id=45), 1, 1857, 45, 32);
INSERT INTO orders (order_id, created_at, delivery_id, payment_id, supporting_project_id) VALUES (1857, (SELECT projects.start_date + INTERVAL 40 DAY FROM projects WHERE projects.id=45), 1, 1857, 1857);
INSERT INTO supporting_packages(id, option_list, package_count, order_id, project_package_id, supporting_project_id) VALUES (1857, '["중형"]', 9, 1857, 45, 1857);
INSERT INTO supporting_projects(supporting_project_id, supported_at, delivery_id, payment_id, project_id, user_id) VALUES (1858, (SELECT projects.start_date + INTERVAL 27 DAY FROM projects WHERE projects.id=45), 1, 1858, 45, 39);
INSERT INTO orders (order_id, created_at, delivery_id, payment_id, supporting_project_id) VALUES (1858, (SELECT projects.start_date + INTERVAL 27 DAY FROM projects WHERE projects.id=45), 1, 1858, 1858);
INSERT INTO supporting_packages(id, option_list, package_count, order_id, project_package_id, supporting_project_id) VALUES (1858, '["중형"]', 6, 1858, 45, 1858);
INSERT INTO supporting_projects(supporting_project_id, supported_at, delivery_id, payment_id, project_id, user_id) VALUES (1859, (SELECT projects.start_date + INTERVAL 29 DAY FROM projects WHERE projects.id=45), 1, 1859, 45, 12);
INSERT INTO orders (order_id, created_at, delivery_id, payment_id, supporting_project_id) VALUES (1859, (SELECT projects.start_date + INTERVAL 29 DAY FROM projects WHERE projects.id=45), 1, 1859, 1859);
INSERT INTO supporting_packages(id, option_list, package_count, order_id, project_package_id, supporting_project_id) VALUES (1859, '["중형"]', 6, 1859, 45, 1859);
INSERT INTO supporting_projects(supporting_project_id, supported_at, delivery_id, payment_id, project_id, user_id) VALUES (1860, (SELECT projects.start_date + INTERVAL 13 DAY FROM projects WHERE projects.id=45), 1, 1860, 45, 38);
INSERT INTO orders (order_id, created_at, delivery_id, payment_id, supporting_project_id) VALUES (1860, (SELECT projects.start_date + INTERVAL 13 DAY FROM projects WHERE projects.id=45), 1, 1860, 1860);
INSERT INTO supporting_packages(id, option_list, package_count, order_id, project_package_id, supporting_project_id) VALUES (1860, '["중형"]', 3, 1860, 45, 1860);
INSERT INTO supporting_projects(supporting_project_id, supported_at, delivery_id, payment_id, project_id, user_id) VALUES (1861, (SELECT projects.start_date + INTERVAL 31 DAY FROM projects WHERE projects.id=45), 1, 1861, 45, 8);
INSERT INTO orders (order_id, created_at, delivery_id, payment_id, supporting_project_id) VALUES (1861, (SELECT projects.start_date + INTERVAL 31 DAY FROM projects WHERE projects.id=45), 1, 1861, 1861);
INSERT INTO supporting_packages(id, option_list, package_count, order_id, project_package_id, supporting_project_id) VALUES (1861, '["소형"]', 8, 1861, 45, 1861);
INSERT INTO supporting_projects(supporting_project_id, supported_at, delivery_id, payment_id, project_id, user_id) VALUES (1862, (SELECT projects.start_date + INTERVAL 4 DAY FROM projects WHERE projects.id=45), 1, 1862, 45, 32);
INSERT INTO orders (order_id, created_at, delivery_id, payment_id, supporting_project_id) VALUES (1862, (SELECT projects.start_date + INTERVAL 4 DAY FROM projects WHERE projects.id=45), 1, 1862, 1862);
INSERT INTO supporting_packages(id, option_list, package_count, order_id, project_package_id, supporting_project_id) VALUES (1862, '["중형"]', 3, 1862, 45, 1862);
INSERT INTO supporting_projects(supporting_project_id, supported_at, delivery_id, payment_id, project_id, user_id) VALUES (1863, (SELECT projects.start_date + INTERVAL 36 DAY FROM projects WHERE projects.id=45), 1, 1863, 45, 7);
INSERT INTO orders (order_id, created_at, delivery_id, payment_id, supporting_project_id) VALUES (1863, (SELECT projects.start_date + INTERVAL 36 DAY FROM projects WHERE projects.id=45), 1, 1863, 1863);
INSERT INTO supporting_packages(id, option_list, package_count, order_id, project_package_id, supporting_project_id) VALUES (1863, '["대형"]', 2, 1863, 45, 1863);
INSERT INTO supporting_projects(supporting_project_id, supported_at, delivery_id, payment_id, project_id, user_id) VALUES (1864, (SELECT projects.start_date + INTERVAL 39 DAY FROM projects WHERE projects.id=45), 1, 1864, 45, 2);
INSERT INTO orders (order_id, created_at, delivery_id, payment_id, supporting_project_id) VALUES (1864, (SELECT projects.start_date + INTERVAL 39 DAY FROM projects WHERE projects.id=45), 1, 1864, 1864);
INSERT INTO supporting_packages(id, option_list, package_count, order_id, project_package_id, supporting_project_id) VALUES (1864, '["소형"]', 8, 1864, 45, 1864);
INSERT INTO supporting_projects(supporting_project_id, supported_at, delivery_id, payment_id, project_id, user_id) VALUES (1865, (SELECT projects.start_date + INTERVAL 7 DAY FROM projects WHERE projects.id=45), 1, 1865, 45, 19);
INSERT INTO orders (order_id, created_at, delivery_id, payment_id, supporting_project_id) VALUES (1865, (SELECT projects.start_date + INTERVAL 7 DAY FROM projects WHERE projects.id=45), 1, 1865, 1865);
INSERT INTO supporting_packages(id, option_list, package_count, order_id, project_package_id, supporting_project_id) VALUES (1865, '["소형"]', 4, 1865, 45, 1865);
INSERT INTO supporting_projects(supporting_project_id, supported_at, delivery_id, payment_id, project_id, user_id) VALUES (1866, (SELECT projects.start_date + INTERVAL 8 DAY FROM projects WHERE projects.id=45), 1, 1866, 45, 40);
INSERT INTO orders (order_id, created_at, delivery_id, payment_id, supporting_project_id) VALUES (1866, (SELECT projects.start_date + INTERVAL 8 DAY FROM projects WHERE projects.id=45), 1, 1866, 1866);
INSERT INTO supporting_packages(id, option_list, package_count, order_id, project_package_id, supporting_project_id) VALUES (1866, '["소형"]', 6, 1866, 45, 1866);
INSERT INTO supporting_projects(supporting_project_id, supported_at, delivery_id, payment_id, project_id, user_id) VALUES (1867, (SELECT projects.start_date + INTERVAL 2 DAY FROM projects WHERE projects.id=45), 1, 1867, 45, 15);
INSERT INTO orders (order_id, created_at, delivery_id, payment_id, supporting_project_id) VALUES (1867, (SELECT projects.start_date + INTERVAL 2 DAY FROM projects WHERE projects.id=45), 1, 1867, 1867);
INSERT INTO supporting_packages(id, option_list, package_count, order_id, project_package_id, supporting_project_id) VALUES (1867, '["중형"]', 5, 1867, 45, 1867);
INSERT INTO supporting_projects(supporting_project_id, supported_at, delivery_id, payment_id, project_id, user_id) VALUES (1868, (SELECT projects.start_date + INTERVAL 10 DAY FROM projects WHERE projects.id=45), 1, 1868, 45, 21);
INSERT INTO orders (order_id, created_at, delivery_id, payment_id, supporting_project_id) VALUES (1868, (SELECT projects.start_date + INTERVAL 10 DAY FROM projects WHERE projects.id=45), 1, 1868, 1868);
INSERT INTO supporting_packages(id, option_list, package_count, order_id, project_package_id, supporting_project_id) VALUES (1868, '["중형"]', 5, 1868, 45, 1868);
INSERT INTO supporting_projects(supporting_project_id, supported_at, delivery_id, payment_id, project_id, user_id) VALUES (1869, (SELECT projects.start_date + INTERVAL 33 DAY FROM projects WHERE projects.id=45), 1, 1869, 45, 28);
INSERT INTO orders (order_id, created_at, delivery_id, payment_id, supporting_project_id) VALUES (1869, (SELECT projects.start_date + INTERVAL 33 DAY FROM projects WHERE projects.id=45), 1, 1869, 1869);
INSERT INTO supporting_packages(id, option_list, package_count, order_id, project_package_id, supporting_project_id) VALUES (1869, '["소형"]', 2, 1869, 45, 1869);
INSERT INTO supporting_projects(supporting_project_id, supported_at, delivery_id, payment_id, project_id, user_id) VALUES (1870, (SELECT projects.start_date + INTERVAL 5 DAY FROM projects WHERE projects.id=45), 1, 1870, 45, 36);
INSERT INTO orders (order_id, created_at, delivery_id, payment_id, supporting_project_id) VALUES (1870, (SELECT projects.start_date + INTERVAL 5 DAY FROM projects WHERE projects.id=45), 1, 1870, 1870);
INSERT INTO supporting_packages(id, option_list, package_count, order_id, project_package_id, supporting_project_id) VALUES (1870, '["중형"]', 5, 1870, 45, 1870);
INSERT INTO supporting_projects(supporting_project_id, supported_at, delivery_id, payment_id, project_id, user_id) VALUES (1871, (SELECT projects.start_date + INTERVAL 37 DAY FROM projects WHERE projects.id=45), 1, 1871, 45, 14);
INSERT INTO orders (order_id, created_at, delivery_id, payment_id, supporting_project_id) VALUES (1871, (SELECT projects.start_date + INTERVAL 37 DAY FROM projects WHERE projects.id=45), 1, 1871, 1871);
INSERT INTO supporting_packages(id, option_list, package_count, order_id, project_package_id, supporting_project_id) VALUES (1871, '["대형"]', 1, 1871, 45, 1871);
INSERT INTO supporting_projects(supporting_project_id, supported_at, delivery_id, payment_id, project_id, user_id) VALUES (1872, (SELECT projects.start_date + INTERVAL 8 DAY FROM projects WHERE projects.id=45), 1, 1872, 45, 27);
INSERT INTO orders (order_id, created_at, delivery_id, payment_id, supporting_project_id) VALUES (1872, (SELECT projects.start_date + INTERVAL 8 DAY FROM projects WHERE projects.id=45), 1, 1872, 1872);
INSERT INTO supporting_packages(id, option_list, package_count, order_id, project_package_id, supporting_project_id) VALUES (1872, '["중형"]', 7, 1872, 45, 1872);
INSERT INTO supporting_projects(supporting_project_id, supported_at, delivery_id, payment_id, project_id, user_id) VALUES (1873, (SELECT projects.start_date + INTERVAL 4 DAY FROM projects WHERE projects.id=45), 1, 1873, 45, 3);
INSERT INTO orders (order_id, created_at, delivery_id, payment_id, supporting_project_id) VALUES (1873, (SELECT projects.start_date + INTERVAL 4 DAY FROM projects WHERE projects.id=45), 1, 1873, 1873);
INSERT INTO supporting_packages(id, option_list, package_count, order_id, project_package_id, supporting_project_id) VALUES (1873, '["소형"]', 3, 1873, 45, 1873);
INSERT INTO supporting_projects(supporting_project_id, supported_at, delivery_id, payment_id, project_id, user_id) VALUES (1874, (SELECT projects.start_date + INTERVAL 6 DAY FROM projects WHERE projects.id=45), 1, 1874, 45, 36);
INSERT INTO orders (order_id, created_at, delivery_id, payment_id, supporting_project_id) VALUES (1874, (SELECT projects.start_date + INTERVAL 6 DAY FROM projects WHERE projects.id=45), 1, 1874, 1874);
INSERT INTO supporting_packages(id, option_list, package_count, order_id, project_package_id, supporting_project_id) VALUES (1874, '["소형"]', 7, 1874, 45, 1874);
INSERT INTO supporting_projects(supporting_project_id, supported_at, delivery_id, payment_id, project_id, user_id) VALUES (1875, (SELECT projects.start_date + INTERVAL 5 DAY FROM projects WHERE projects.id=45), 1, 1875, 45, 1);
INSERT INTO orders (order_id, created_at, delivery_id, payment_id, supporting_project_id) VALUES (1875, (SELECT projects.start_date + INTERVAL 5 DAY FROM projects WHERE projects.id=45), 1, 1875, 1875);
INSERT INTO supporting_packages(id, option_list, package_count, order_id, project_package_id, supporting_project_id) VALUES (1875, '["중형"]', 3, 1875, 45, 1875);
INSERT INTO supporting_projects(supporting_project_id, supported_at, delivery_id, payment_id, project_id, user_id) VALUES (1876, (SELECT projects.start_date + INTERVAL 40 DAY FROM projects WHERE projects.id=45), 1, 1876, 45, 39);
INSERT INTO orders (order_id, created_at, delivery_id, payment_id, supporting_project_id) VALUES (1876, (SELECT projects.start_date + INTERVAL 40 DAY FROM projects WHERE projects.id=45), 1, 1876, 1876);
INSERT INTO supporting_packages(id, option_list, package_count, order_id, project_package_id, supporting_project_id) VALUES (1876, '["소형"]', 1, 1876, 45, 1876);
INSERT INTO supporting_projects(supporting_project_id, supported_at, delivery_id, payment_id, project_id, user_id) VALUES (1877, (SELECT projects.start_date + INTERVAL 43 DAY FROM projects WHERE projects.id=45), 1, 1877, 45, 9);
INSERT INTO orders (order_id, created_at, delivery_id, payment_id, supporting_project_id) VALUES (1877, (SELECT projects.start_date + INTERVAL 43 DAY FROM projects WHERE projects.id=45), 1, 1877, 1877);
INSERT INTO supporting_packages(id, option_list, package_count, order_id, project_package_id, supporting_project_id) VALUES (1877, '["대형"]', 4, 1877, 45, 1877);
INSERT INTO supporting_projects(supporting_project_id, supported_at, delivery_id, payment_id, project_id, user_id) VALUES (1878, (SELECT projects.start_date + INTERVAL 14 DAY FROM projects WHERE projects.id=45), 1, 1878, 45, 22);
INSERT INTO orders (order_id, created_at, delivery_id, payment_id, supporting_project_id) VALUES (1878, (SELECT projects.start_date + INTERVAL 14 DAY FROM projects WHERE projects.id=45), 1, 1878, 1878);
INSERT INTO supporting_packages(id, option_list, package_count, order_id, project_package_id, supporting_project_id) VALUES (1878, '["대형"]', 5, 1878, 45, 1878);
INSERT INTO supporting_projects(supporting_project_id, supported_at, delivery_id, payment_id, project_id, user_id) VALUES (1879, (SELECT projects.start_date + INTERVAL 23 DAY FROM projects WHERE projects.id=45), 1, 1879, 45, 27);
INSERT INTO orders (order_id, created_at, delivery_id, payment_id, supporting_project_id) VALUES (1879, (SELECT projects.start_date + INTERVAL 23 DAY FROM projects WHERE projects.id=45), 1, 1879, 1879);
INSERT INTO supporting_packages(id, option_list, package_count, order_id, project_package_id, supporting_project_id) VALUES (1879, '["중형"]', 2, 1879, 45, 1879);
INSERT INTO supporting_projects(supporting_project_id, supported_at, delivery_id, payment_id, project_id, user_id) VALUES (1880, (SELECT projects.start_date + INTERVAL 41 DAY FROM projects WHERE projects.id=45), 1, 1880, 45, 9);
INSERT INTO orders (order_id, created_at, delivery_id, payment_id, supporting_project_id) VALUES (1880, (SELECT projects.start_date + INTERVAL 41 DAY FROM projects WHERE projects.id=45), 1, 1880, 1880);
INSERT INTO supporting_packages(id, option_list, package_count, order_id, project_package_id, supporting_project_id) VALUES (1880, '["중형"]', 6, 1880, 45, 1880);
INSERT INTO supporting_projects(supporting_project_id, supported_at, delivery_id, payment_id, project_id, user_id) VALUES (1881, (SELECT projects.start_date + INTERVAL 9 DAY FROM projects WHERE projects.id=47), 1, 1881, 47, 36);
INSERT INTO orders (order_id, created_at, delivery_id, payment_id, supporting_project_id) VALUES (1881, (SELECT projects.start_date + INTERVAL 9 DAY FROM projects WHERE projects.id=47), 1, 1881, 1881);
INSERT INTO supporting_packages(id, option_list, package_count, order_id, project_package_id, supporting_project_id) VALUES (1881, '["초급자용"]', 7, 1881, 47, 1881);
INSERT INTO supporting_projects(supporting_project_id, supported_at, delivery_id, payment_id, project_id, user_id) VALUES (1882, (SELECT projects.start_date + INTERVAL 16 DAY FROM projects WHERE projects.id=47), 1, 1882, 47, 23);
INSERT INTO orders (order_id, created_at, delivery_id, payment_id, supporting_project_id) VALUES (1882, (SELECT projects.start_date + INTERVAL 16 DAY FROM projects WHERE projects.id=47), 1, 1882, 1882);
INSERT INTO supporting_packages(id, option_list, package_count, order_id, project_package_id, supporting_project_id) VALUES (1882, '["초급자용"]', 1, 1882, 47, 1882);
INSERT INTO supporting_projects(supporting_project_id, supported_at, delivery_id, payment_id, project_id, user_id) VALUES (1883, (SELECT projects.start_date + INTERVAL 11 DAY FROM projects WHERE projects.id=47), 1, 1883, 47, 32);
INSERT INTO orders (order_id, created_at, delivery_id, payment_id, supporting_project_id) VALUES (1883, (SELECT projects.start_date + INTERVAL 11 DAY FROM projects WHERE projects.id=47), 1, 1883, 1883);
INSERT INTO supporting_packages(id, option_list, package_count, order_id, project_package_id, supporting_project_id) VALUES (1883, '["전문가용"]', 10, 1883, 47, 1883);
INSERT INTO supporting_projects(supporting_project_id, supported_at, delivery_id, payment_id, project_id, user_id) VALUES (1884, (SELECT projects.start_date + INTERVAL 35 DAY FROM projects WHERE projects.id=47), 1, 1884, 47, 3);
INSERT INTO orders (order_id, created_at, delivery_id, payment_id, supporting_project_id) VALUES (1884, (SELECT projects.start_date + INTERVAL 35 DAY FROM projects WHERE projects.id=47), 1, 1884, 1884);
INSERT INTO supporting_packages(id, option_list, package_count, order_id, project_package_id, supporting_project_id) VALUES (1884, '["중급자용"]', 5, 1884, 47, 1884);
INSERT INTO supporting_projects(supporting_project_id, supported_at, delivery_id, payment_id, project_id, user_id) VALUES (1885, (SELECT projects.start_date + INTERVAL 44 DAY FROM projects WHERE projects.id=47), 1, 1885, 47, 28);
INSERT INTO orders (order_id, created_at, delivery_id, payment_id, supporting_project_id) VALUES (1885, (SELECT projects.start_date + INTERVAL 44 DAY FROM projects WHERE projects.id=47), 1, 1885, 1885);
INSERT INTO supporting_packages(id, option_list, package_count, order_id, project_package_id, supporting_project_id) VALUES (1885, '["초급자용"]', 3, 1885, 47, 1885);
INSERT INTO supporting_projects(supporting_project_id, supported_at, delivery_id, payment_id, project_id, user_id) VALUES (1886, (SELECT projects.start_date + INTERVAL 10 DAY FROM projects WHERE projects.id=47), 1, 1886, 47, 39);
INSERT INTO orders (order_id, created_at, delivery_id, payment_id, supporting_project_id) VALUES (1886, (SELECT projects.start_date + INTERVAL 10 DAY FROM projects WHERE projects.id=47), 1, 1886, 1886);
INSERT INTO supporting_packages(id, option_list, package_count, order_id, project_package_id, supporting_project_id) VALUES (1886, '["초급자용"]', 6, 1886, 47, 1886);
INSERT INTO supporting_projects(supporting_project_id, supported_at, delivery_id, payment_id, project_id, user_id) VALUES (1887, (SELECT projects.start_date + INTERVAL 30 DAY FROM projects WHERE projects.id=47), 1, 1887, 47, 7);
INSERT INTO orders (order_id, created_at, delivery_id, payment_id, supporting_project_id) VALUES (1887, (SELECT projects.start_date + INTERVAL 30 DAY FROM projects WHERE projects.id=47), 1, 1887, 1887);
INSERT INTO supporting_packages(id, option_list, package_count, order_id, project_package_id, supporting_project_id) VALUES (1887, '["중급자용"]', 2, 1887, 47, 1887);
INSERT INTO supporting_projects(supporting_project_id, supported_at, delivery_id, payment_id, project_id, user_id) VALUES (1888, (SELECT projects.start_date + INTERVAL 11 DAY FROM projects WHERE projects.id=47), 1, 1888, 47, 21);
INSERT INTO orders (order_id, created_at, delivery_id, payment_id, supporting_project_id) VALUES (1888, (SELECT projects.start_date + INTERVAL 11 DAY FROM projects WHERE projects.id=47), 1, 1888, 1888);
INSERT INTO supporting_packages(id, option_list, package_count, order_id, project_package_id, supporting_project_id) VALUES (1888, '["초급자용"]', 9, 1888, 47, 1888);
INSERT INTO supporting_projects(supporting_project_id, supported_at, delivery_id, payment_id, project_id, user_id) VALUES (1889, (SELECT projects.start_date + INTERVAL 22 DAY FROM projects WHERE projects.id=47), 1, 1889, 47, 13);
INSERT INTO orders (order_id, created_at, delivery_id, payment_id, supporting_project_id) VALUES (1889, (SELECT projects.start_date + INTERVAL 22 DAY FROM projects WHERE projects.id=47), 1, 1889, 1889);
INSERT INTO supporting_packages(id, option_list, package_count, order_id, project_package_id, supporting_project_id) VALUES (1889, '["전문가용"]', 6, 1889, 47, 1889);
INSERT INTO supporting_projects(supporting_project_id, supported_at, delivery_id, payment_id, project_id, user_id) VALUES (1890, (SELECT projects.start_date + INTERVAL 17 DAY FROM projects WHERE projects.id=47), 1, 1890, 47, 36);
INSERT INTO orders (order_id, created_at, delivery_id, payment_id, supporting_project_id) VALUES (1890, (SELECT projects.start_date + INTERVAL 17 DAY FROM projects WHERE projects.id=47), 1, 1890, 1890);
INSERT INTO supporting_packages(id, option_list, package_count, order_id, project_package_id, supporting_project_id) VALUES (1890, '["전문가용"]', 9, 1890, 47, 1890);
INSERT INTO supporting_projects(supporting_project_id, supported_at, delivery_id, payment_id, project_id, user_id) VALUES (1891, (SELECT projects.start_date + INTERVAL 49 DAY FROM projects WHERE projects.id=47), 1, 1891, 47, 27);
INSERT INTO orders (order_id, created_at, delivery_id, payment_id, supporting_project_id) VALUES (1891, (SELECT projects.start_date + INTERVAL 49 DAY FROM projects WHERE projects.id=47), 1, 1891, 1891);
INSERT INTO supporting_packages(id, option_list, package_count, order_id, project_package_id, supporting_project_id) VALUES (1891, '["초급자용"]', 10, 1891, 47, 1891);
INSERT INTO supporting_projects(supporting_project_id, supported_at, delivery_id, payment_id, project_id, user_id) VALUES (1892, (SELECT projects.start_date + INTERVAL 47 DAY FROM projects WHERE projects.id=47), 1, 1892, 47, 3);
INSERT INTO orders (order_id, created_at, delivery_id, payment_id, supporting_project_id) VALUES (1892, (SELECT projects.start_date + INTERVAL 47 DAY FROM projects WHERE projects.id=47), 1, 1892, 1892);
INSERT INTO supporting_packages(id, option_list, package_count, order_id, project_package_id, supporting_project_id) VALUES (1892, '["초급자용"]', 8, 1892, 47, 1892);
INSERT INTO supporting_projects(supporting_project_id, supported_at, delivery_id, payment_id, project_id, user_id) VALUES (1893, (SELECT projects.start_date + INTERVAL 48 DAY FROM projects WHERE projects.id=47), 1, 1893, 47, 9);
INSERT INTO orders (order_id, created_at, delivery_id, payment_id, supporting_project_id) VALUES (1893, (SELECT projects.start_date + INTERVAL 48 DAY FROM projects WHERE projects.id=47), 1, 1893, 1893);
INSERT INTO supporting_packages(id, option_list, package_count, order_id, project_package_id, supporting_project_id) VALUES (1893, '["초급자용"]', 1, 1893, 47, 1893);
INSERT INTO supporting_projects(supporting_project_id, supported_at, delivery_id, payment_id, project_id, user_id) VALUES (1894, (SELECT projects.start_date + INTERVAL 43 DAY FROM projects WHERE projects.id=47), 1, 1894, 47, 5);
INSERT INTO orders (order_id, created_at, delivery_id, payment_id, supporting_project_id) VALUES (1894, (SELECT projects.start_date + INTERVAL 43 DAY FROM projects WHERE projects.id=47), 1, 1894, 1894);
INSERT INTO supporting_packages(id, option_list, package_count, order_id, project_package_id, supporting_project_id) VALUES (1894, '["전문가용"]', 3, 1894, 47, 1894);
INSERT INTO supporting_projects(supporting_project_id, supported_at, delivery_id, payment_id, project_id, user_id) VALUES (1895, (SELECT projects.start_date + INTERVAL 5 DAY FROM projects WHERE projects.id=47), 1, 1895, 47, 38);
INSERT INTO orders (order_id, created_at, delivery_id, payment_id, supporting_project_id) VALUES (1895, (SELECT projects.start_date + INTERVAL 5 DAY FROM projects WHERE projects.id=47), 1, 1895, 1895);
INSERT INTO supporting_packages(id, option_list, package_count, order_id, project_package_id, supporting_project_id) VALUES (1895, '["초급자용"]', 8, 1895, 47, 1895);
INSERT INTO supporting_projects(supporting_project_id, supported_at, delivery_id, payment_id, project_id, user_id) VALUES (1896, (SELECT projects.start_date + INTERVAL 35 DAY FROM projects WHERE projects.id=47), 1, 1896, 47, 13);
INSERT INTO orders (order_id, created_at, delivery_id, payment_id, supporting_project_id) VALUES (1896, (SELECT projects.start_date + INTERVAL 35 DAY FROM projects WHERE projects.id=47), 1, 1896, 1896);
INSERT INTO supporting_packages(id, option_list, package_count, order_id, project_package_id, supporting_project_id) VALUES (1896, '["초급자용"]', 8, 1896, 47, 1896);
INSERT INTO supporting_projects(supporting_project_id, supported_at, delivery_id, payment_id, project_id, user_id) VALUES (1897, (SELECT projects.start_date + INTERVAL 43 DAY FROM projects WHERE projects.id=47), 1, 1897, 47, 19);
INSERT INTO orders (order_id, created_at, delivery_id, payment_id, supporting_project_id) VALUES (1897, (SELECT projects.start_date + INTERVAL 43 DAY FROM projects WHERE projects.id=47), 1, 1897, 1897);
INSERT INTO supporting_packages(id, option_list, package_count, order_id, project_package_id, supporting_project_id) VALUES (1897, '["초급자용"]', 4, 1897, 47, 1897);
INSERT INTO supporting_projects(supporting_project_id, supported_at, delivery_id, payment_id, project_id, user_id) VALUES (1898, (SELECT projects.start_date + INTERVAL 45 DAY FROM projects WHERE projects.id=47), 1, 1898, 47, 22);
INSERT INTO orders (order_id, created_at, delivery_id, payment_id, supporting_project_id) VALUES (1898, (SELECT projects.start_date + INTERVAL 45 DAY FROM projects WHERE projects.id=47), 1, 1898, 1898);
INSERT INTO supporting_packages(id, option_list, package_count, order_id, project_package_id, supporting_project_id) VALUES (1898, '["초급자용"]', 8, 1898, 47, 1898);
INSERT INTO supporting_projects(supporting_project_id, supported_at, delivery_id, payment_id, project_id, user_id) VALUES (1899, (SELECT projects.start_date + INTERVAL 21 DAY FROM projects WHERE projects.id=47), 1, 1899, 47, 4);
INSERT INTO orders (order_id, created_at, delivery_id, payment_id, supporting_project_id) VALUES (1899, (SELECT projects.start_date + INTERVAL 21 DAY FROM projects WHERE projects.id=47), 1, 1899, 1899);
INSERT INTO supporting_packages(id, option_list, package_count, order_id, project_package_id, supporting_project_id) VALUES (1899, '["중급자용"]', 2, 1899, 47, 1899);
INSERT INTO supporting_projects(supporting_project_id, supported_at, delivery_id, payment_id, project_id, user_id) VALUES (1900, (SELECT projects.start_date + INTERVAL 27 DAY FROM projects WHERE projects.id=47), 1, 1900, 47, 29);
INSERT INTO orders (order_id, created_at, delivery_id, payment_id, supporting_project_id) VALUES (1900, (SELECT projects.start_date + INTERVAL 27 DAY FROM projects WHERE projects.id=47), 1, 1900, 1900);
INSERT INTO supporting_packages(id, option_list, package_count, order_id, project_package_id, supporting_project_id) VALUES (1900, '["초급자용"]', 6, 1900, 47, 1900);
INSERT INTO supporting_projects(supporting_project_id, supported_at, delivery_id, payment_id, project_id, user_id) VALUES (1901, (SELECT projects.start_date + INTERVAL 39 DAY FROM projects WHERE projects.id=48), 1, 1901, 48, 25);
INSERT INTO orders (order_id, created_at, delivery_id, payment_id, supporting_project_id) VALUES (1901, (SELECT projects.start_date + INTERVAL 39 DAY FROM projects WHERE projects.id=48), 1, 1901, 1901);
INSERT INTO supporting_packages(id, option_list, package_count, order_id, project_package_id, supporting_project_id) VALUES (1901, '["궁중 요리"]', 2, 1901, 48, 1901);
INSERT INTO supporting_projects(supporting_project_id, supported_at, delivery_id, payment_id, project_id, user_id) VALUES (1902, (SELECT projects.start_date + INTERVAL 24 DAY FROM projects WHERE projects.id=48), 1, 1902, 48, 26);
INSERT INTO orders (order_id, created_at, delivery_id, payment_id, supporting_project_id) VALUES (1902, (SELECT projects.start_date + INTERVAL 24 DAY FROM projects WHERE projects.id=48), 1, 1902, 1902);
INSERT INTO supporting_packages(id, option_list, package_count, order_id, project_package_id, supporting_project_id) VALUES (1902, '["프리미엄"]', 1, 1902, 48, 1902);
INSERT INTO supporting_projects(supporting_project_id, supported_at, delivery_id, payment_id, project_id, user_id) VALUES (1903, (SELECT projects.start_date + INTERVAL 11 DAY FROM projects WHERE projects.id=48), 1, 1903, 48, 9);
INSERT INTO orders (order_id, created_at, delivery_id, payment_id, supporting_project_id) VALUES (1903, (SELECT projects.start_date + INTERVAL 11 DAY FROM projects WHERE projects.id=48), 1, 1903, 1903);
INSERT INTO supporting_packages(id, option_list, package_count, order_id, project_package_id, supporting_project_id) VALUES (1903, '["기본"]', 2, 1903, 48, 1903);
INSERT INTO supporting_projects(supporting_project_id, supported_at, delivery_id, payment_id, project_id, user_id) VALUES (1904, (SELECT projects.start_date + INTERVAL 17 DAY FROM projects WHERE projects.id=48), 1, 1904, 48, 4);
INSERT INTO orders (order_id, created_at, delivery_id, payment_id, supporting_project_id) VALUES (1904, (SELECT projects.start_date + INTERVAL 17 DAY FROM projects WHERE projects.id=48), 1, 1904, 1904);
INSERT INTO supporting_packages(id, option_list, package_count, order_id, project_package_id, supporting_project_id) VALUES (1904, '["프리미엄"]', 3, 1904, 48, 1904);
INSERT INTO supporting_projects(supporting_project_id, supported_at, delivery_id, payment_id, project_id, user_id) VALUES (1905, (SELECT projects.start_date + INTERVAL 40 DAY FROM projects WHERE projects.id=48), 1, 1905, 48, 24);
INSERT INTO orders (order_id, created_at, delivery_id, payment_id, supporting_project_id) VALUES (1905, (SELECT projects.start_date + INTERVAL 40 DAY FROM projects WHERE projects.id=48), 1, 1905, 1905);
INSERT INTO supporting_packages(id, option_list, package_count, order_id, project_package_id, supporting_project_id) VALUES (1905, '["프리미엄"]', 1, 1905, 48, 1905);
INSERT INTO supporting_projects(supporting_project_id, supported_at, delivery_id, payment_id, project_id, user_id) VALUES (1906, (SELECT projects.start_date + INTERVAL 45 DAY FROM projects WHERE projects.id=48), 1, 1906, 48, 36);
INSERT INTO orders (order_id, created_at, delivery_id, payment_id, supporting_project_id) VALUES (1906, (SELECT projects.start_date + INTERVAL 45 DAY FROM projects WHERE projects.id=48), 1, 1906, 1906);
INSERT INTO supporting_packages(id, option_list, package_count, order_id, project_package_id, supporting_project_id) VALUES (1906, '["기본"]', 2, 1906, 48, 1906);
INSERT INTO supporting_projects(supporting_project_id, supported_at, delivery_id, payment_id, project_id, user_id) VALUES (1907, (SELECT projects.start_date + INTERVAL 49 DAY FROM projects WHERE projects.id=48), 1, 1907, 48, 4);
INSERT INTO orders (order_id, created_at, delivery_id, payment_id, supporting_project_id) VALUES (1907, (SELECT projects.start_date + INTERVAL 49 DAY FROM projects WHERE projects.id=48), 1, 1907, 1907);
INSERT INTO supporting_packages(id, option_list, package_count, order_id, project_package_id, supporting_project_id) VALUES (1907, '["궁중 요리"]', 2, 1907, 48, 1907);
INSERT INTO supporting_projects(supporting_project_id, supported_at, delivery_id, payment_id, project_id, user_id) VALUES (1908, (SELECT projects.start_date + INTERVAL 7 DAY FROM projects WHERE projects.id=48), 1, 1908, 48, 25);
INSERT INTO orders (order_id, created_at, delivery_id, payment_id, supporting_project_id) VALUES (1908, (SELECT projects.start_date + INTERVAL 7 DAY FROM projects WHERE projects.id=48), 1, 1908, 1908);
INSERT INTO supporting_packages(id, option_list, package_count, order_id, project_package_id, supporting_project_id) VALUES (1908, '["프리미엄"]', 8, 1908, 48, 1908);
INSERT INTO supporting_projects(supporting_project_id, supported_at, delivery_id, payment_id, project_id, user_id) VALUES (1909, (SELECT projects.start_date + INTERVAL 36 DAY FROM projects WHERE projects.id=48), 1, 1909, 48, 5);
INSERT INTO orders (order_id, created_at, delivery_id, payment_id, supporting_project_id) VALUES (1909, (SELECT projects.start_date + INTERVAL 36 DAY FROM projects WHERE projects.id=48), 1, 1909, 1909);
INSERT INTO supporting_packages(id, option_list, package_count, order_id, project_package_id, supporting_project_id) VALUES (1909, '["프리미엄"]', 7, 1909, 48, 1909);
INSERT INTO supporting_projects(supporting_project_id, supported_at, delivery_id, payment_id, project_id, user_id) VALUES (1910, (SELECT projects.start_date + INTERVAL 1 DAY FROM projects WHERE projects.id=48), 1, 1910, 48, 11);
INSERT INTO orders (order_id, created_at, delivery_id, payment_id, supporting_project_id) VALUES (1910, (SELECT projects.start_date + INTERVAL 1 DAY FROM projects WHERE projects.id=48), 1, 1910, 1910);
INSERT INTO supporting_packages(id, option_list, package_count, order_id, project_package_id, supporting_project_id) VALUES (1910, '["기본"]', 2, 1910, 48, 1910);
INSERT INTO supporting_projects(supporting_project_id, supported_at, delivery_id, payment_id, project_id, user_id) VALUES (1911, (SELECT projects.start_date + INTERVAL 34 DAY FROM projects WHERE projects.id=48), 1, 1911, 48, 31);
INSERT INTO orders (order_id, created_at, delivery_id, payment_id, supporting_project_id) VALUES (1911, (SELECT projects.start_date + INTERVAL 34 DAY FROM projects WHERE projects.id=48), 1, 1911, 1911);
INSERT INTO supporting_packages(id, option_list, package_count, order_id, project_package_id, supporting_project_id) VALUES (1911, '["궁중 요리"]', 2, 1911, 48, 1911);
INSERT INTO supporting_projects(supporting_project_id, supported_at, delivery_id, payment_id, project_id, user_id) VALUES (1912, (SELECT projects.start_date + INTERVAL 16 DAY FROM projects WHERE projects.id=48), 1, 1912, 48, 39);
INSERT INTO orders (order_id, created_at, delivery_id, payment_id, supporting_project_id) VALUES (1912, (SELECT projects.start_date + INTERVAL 16 DAY FROM projects WHERE projects.id=48), 1, 1912, 1912);
INSERT INTO supporting_packages(id, option_list, package_count, order_id, project_package_id, supporting_project_id) VALUES (1912, '["기본"]', 10, 1912, 48, 1912);
INSERT INTO supporting_projects(supporting_project_id, supported_at, delivery_id, payment_id, project_id, user_id) VALUES (1913, (SELECT projects.start_date + INTERVAL 24 DAY FROM projects WHERE projects.id=48), 1, 1913, 48, 40);
INSERT INTO orders (order_id, created_at, delivery_id, payment_id, supporting_project_id) VALUES (1913, (SELECT projects.start_date + INTERVAL 24 DAY FROM projects WHERE projects.id=48), 1, 1913, 1913);
INSERT INTO supporting_packages(id, option_list, package_count, order_id, project_package_id, supporting_project_id) VALUES (1913, '["프리미엄"]', 4, 1913, 48, 1913);
INSERT INTO supporting_projects(supporting_project_id, supported_at, delivery_id, payment_id, project_id, user_id) VALUES (1914, (SELECT projects.start_date + INTERVAL 37 DAY FROM projects WHERE projects.id=48), 1, 1914, 48, 5);
INSERT INTO orders (order_id, created_at, delivery_id, payment_id, supporting_project_id) VALUES (1914, (SELECT projects.start_date + INTERVAL 37 DAY FROM projects WHERE projects.id=48), 1, 1914, 1914);
INSERT INTO supporting_packages(id, option_list, package_count, order_id, project_package_id, supporting_project_id) VALUES (1914, '["궁중 요리"]', 8, 1914, 48, 1914);
INSERT INTO supporting_projects(supporting_project_id, supported_at, delivery_id, payment_id, project_id, user_id) VALUES (1915, (SELECT projects.start_date + INTERVAL 32 DAY FROM projects WHERE projects.id=48), 1, 1915, 48, 28);
INSERT INTO orders (order_id, created_at, delivery_id, payment_id, supporting_project_id) VALUES (1915, (SELECT projects.start_date + INTERVAL 32 DAY FROM projects WHERE projects.id=48), 1, 1915, 1915);
INSERT INTO supporting_packages(id, option_list, package_count, order_id, project_package_id, supporting_project_id) VALUES (1915, '["궁중 요리"]', 5, 1915, 48, 1915);
INSERT INTO supporting_projects(supporting_project_id, supported_at, delivery_id, payment_id, project_id, user_id) VALUES (1916, (SELECT projects.start_date + INTERVAL 29 DAY FROM projects WHERE projects.id=48), 1, 1916, 48, 39);
INSERT INTO orders (order_id, created_at, delivery_id, payment_id, supporting_project_id) VALUES (1916, (SELECT projects.start_date + INTERVAL 29 DAY FROM projects WHERE projects.id=48), 1, 1916, 1916);
INSERT INTO supporting_packages(id, option_list, package_count, order_id, project_package_id, supporting_project_id) VALUES (1916, '["프리미엄"]', 6, 1916, 48, 1916);
INSERT INTO supporting_projects(supporting_project_id, supported_at, delivery_id, payment_id, project_id, user_id) VALUES (1917, (SELECT projects.start_date + INTERVAL 20 DAY FROM projects WHERE projects.id=48), 1, 1917, 48, 21);
INSERT INTO orders (order_id, created_at, delivery_id, payment_id, supporting_project_id) VALUES (1917, (SELECT projects.start_date + INTERVAL 20 DAY FROM projects WHERE projects.id=48), 1, 1917, 1917);
INSERT INTO supporting_packages(id, option_list, package_count, order_id, project_package_id, supporting_project_id) VALUES (1917, '["기본"]', 9, 1917, 48, 1917);
INSERT INTO supporting_projects(supporting_project_id, supported_at, delivery_id, payment_id, project_id, user_id) VALUES (1918, (SELECT projects.start_date + INTERVAL 7 DAY FROM projects WHERE projects.id=48), 1, 1918, 48, 29);
INSERT INTO orders (order_id, created_at, delivery_id, payment_id, supporting_project_id) VALUES (1918, (SELECT projects.start_date + INTERVAL 7 DAY FROM projects WHERE projects.id=48), 1, 1918, 1918);
INSERT INTO supporting_packages(id, option_list, package_count, order_id, project_package_id, supporting_project_id) VALUES (1918, '["기본"]', 6, 1918, 48, 1918);
INSERT INTO supporting_projects(supporting_project_id, supported_at, delivery_id, payment_id, project_id, user_id) VALUES (1919, (SELECT projects.start_date + INTERVAL 23 DAY FROM projects WHERE projects.id=48), 1, 1919, 48, 21);
INSERT INTO orders (order_id, created_at, delivery_id, payment_id, supporting_project_id) VALUES (1919, (SELECT projects.start_date + INTERVAL 23 DAY FROM projects WHERE projects.id=48), 1, 1919, 1919);
INSERT INTO supporting_packages(id, option_list, package_count, order_id, project_package_id, supporting_project_id) VALUES (1919, '["기본"]', 1, 1919, 48, 1919);
INSERT INTO supporting_projects(supporting_project_id, supported_at, delivery_id, payment_id, project_id, user_id) VALUES (1920, (SELECT projects.start_date + INTERVAL 9 DAY FROM projects WHERE projects.id=48), 1, 1920, 48, 29);
INSERT INTO orders (order_id, created_at, delivery_id, payment_id, supporting_project_id) VALUES (1920, (SELECT projects.start_date + INTERVAL 9 DAY FROM projects WHERE projects.id=48), 1, 1920, 1920);
INSERT INTO supporting_packages(id, option_list, package_count, order_id, project_package_id, supporting_project_id) VALUES (1920, '["궁중 요리"]', 5, 1920, 48, 1920);
INSERT INTO supporting_projects(supporting_project_id, supported_at, delivery_id, payment_id, project_id, user_id) VALUES (1921, (SELECT projects.start_date + INTERVAL 48 DAY FROM projects WHERE projects.id=48), 1, 1921, 48, 22);
INSERT INTO orders (order_id, created_at, delivery_id, payment_id, supporting_project_id) VALUES (1921, (SELECT projects.start_date + INTERVAL 48 DAY FROM projects WHERE projects.id=48), 1, 1921, 1921);
INSERT INTO supporting_packages(id, option_list, package_count, order_id, project_package_id, supporting_project_id) VALUES (1921, '["궁중 요리"]', 9, 1921, 48, 1921);
INSERT INTO supporting_projects(supporting_project_id, supported_at, delivery_id, payment_id, project_id, user_id) VALUES (1922, (SELECT projects.start_date + INTERVAL 12 DAY FROM projects WHERE projects.id=48), 1, 1922, 48, 31);
INSERT INTO orders (order_id, created_at, delivery_id, payment_id, supporting_project_id) VALUES (1922, (SELECT projects.start_date + INTERVAL 12 DAY FROM projects WHERE projects.id=48), 1, 1922, 1922);
INSERT INTO supporting_packages(id, option_list, package_count, order_id, project_package_id, supporting_project_id) VALUES (1922, '["프리미엄"]', 5, 1922, 48, 1922);
INSERT INTO supporting_projects(supporting_project_id, supported_at, delivery_id, payment_id, project_id, user_id) VALUES (1923, (SELECT projects.start_date + INTERVAL 25 DAY FROM projects WHERE projects.id=48), 1, 1923, 48, 4);
INSERT INTO orders (order_id, created_at, delivery_id, payment_id, supporting_project_id) VALUES (1923, (SELECT projects.start_date + INTERVAL 25 DAY FROM projects WHERE projects.id=48), 1, 1923, 1923);
INSERT INTO supporting_packages(id, option_list, package_count, order_id, project_package_id, supporting_project_id) VALUES (1923, '["프리미엄"]', 10, 1923, 48, 1923);
INSERT INTO supporting_projects(supporting_project_id, supported_at, delivery_id, payment_id, project_id, user_id) VALUES (1924, (SELECT projects.start_date + INTERVAL 37 DAY FROM projects WHERE projects.id=48), 1, 1924, 48, 26);
INSERT INTO orders (order_id, created_at, delivery_id, payment_id, supporting_project_id) VALUES (1924, (SELECT projects.start_date + INTERVAL 37 DAY FROM projects WHERE projects.id=48), 1, 1924, 1924);
INSERT INTO supporting_packages(id, option_list, package_count, order_id, project_package_id, supporting_project_id) VALUES (1924, '["프리미엄"]', 6, 1924, 48, 1924);
INSERT INTO supporting_projects(supporting_project_id, supported_at, delivery_id, payment_id, project_id, user_id) VALUES (1925, (SELECT projects.start_date + INTERVAL 20 DAY FROM projects WHERE projects.id=48), 1, 1925, 48, 26);
INSERT INTO orders (order_id, created_at, delivery_id, payment_id, supporting_project_id) VALUES (1925, (SELECT projects.start_date + INTERVAL 20 DAY FROM projects WHERE projects.id=48), 1, 1925, 1925);
INSERT INTO supporting_packages(id, option_list, package_count, order_id, project_package_id, supporting_project_id) VALUES (1925, '["기본"]', 4, 1925, 48, 1925);
INSERT INTO supporting_projects(supporting_project_id, supported_at, delivery_id, payment_id, project_id, user_id) VALUES (1926, (SELECT projects.start_date + INTERVAL 16 DAY FROM projects WHERE projects.id=48), 1, 1926, 48, 38);
INSERT INTO orders (order_id, created_at, delivery_id, payment_id, supporting_project_id) VALUES (1926, (SELECT projects.start_date + INTERVAL 16 DAY FROM projects WHERE projects.id=48), 1, 1926, 1926);
INSERT INTO supporting_packages(id, option_list, package_count, order_id, project_package_id, supporting_project_id) VALUES (1926, '["궁중 요리"]', 1, 1926, 48, 1926);
INSERT INTO supporting_projects(supporting_project_id, supported_at, delivery_id, payment_id, project_id, user_id) VALUES (1927, (SELECT projects.start_date + INTERVAL 22 DAY FROM projects WHERE projects.id=48), 1, 1927, 48, 38);
INSERT INTO orders (order_id, created_at, delivery_id, payment_id, supporting_project_id) VALUES (1927, (SELECT projects.start_date + INTERVAL 22 DAY FROM projects WHERE projects.id=48), 1, 1927, 1927);
INSERT INTO supporting_packages(id, option_list, package_count, order_id, project_package_id, supporting_project_id) VALUES (1927, '["궁중 요리"]', 6, 1927, 48, 1927);
INSERT INTO supporting_projects(supporting_project_id, supported_at, delivery_id, payment_id, project_id, user_id) VALUES (1928, (SELECT projects.start_date + INTERVAL 26 DAY FROM projects WHERE projects.id=48), 1, 1928, 48, 11);
INSERT INTO orders (order_id, created_at, delivery_id, payment_id, supporting_project_id) VALUES (1928, (SELECT projects.start_date + INTERVAL 26 DAY FROM projects WHERE projects.id=48), 1, 1928, 1928);
INSERT INTO supporting_packages(id, option_list, package_count, order_id, project_package_id, supporting_project_id) VALUES (1928, '["궁중 요리"]', 9, 1928, 48, 1928);
INSERT INTO supporting_projects(supporting_project_id, supported_at, delivery_id, payment_id, project_id, user_id) VALUES (1929, (SELECT projects.start_date + INTERVAL 25 DAY FROM projects WHERE projects.id=48), 1, 1929, 48, 5);
INSERT INTO orders (order_id, created_at, delivery_id, payment_id, supporting_project_id) VALUES (1929, (SELECT projects.start_date + INTERVAL 25 DAY FROM projects WHERE projects.id=48), 1, 1929, 1929);
INSERT INTO supporting_packages(id, option_list, package_count, order_id, project_package_id, supporting_project_id) VALUES (1929, '["궁중 요리"]', 2, 1929, 48, 1929);
INSERT INTO supporting_projects(supporting_project_id, supported_at, delivery_id, payment_id, project_id, user_id) VALUES (1930, (SELECT projects.start_date + INTERVAL 10 DAY FROM projects WHERE projects.id=48), 1, 1930, 48, 23);
INSERT INTO orders (order_id, created_at, delivery_id, payment_id, supporting_project_id) VALUES (1930, (SELECT projects.start_date + INTERVAL 10 DAY FROM projects WHERE projects.id=48), 1, 1930, 1930);
INSERT INTO supporting_packages(id, option_list, package_count, order_id, project_package_id, supporting_project_id) VALUES (1930, '["궁중 요리"]', 4, 1930, 48, 1930);
INSERT INTO supporting_projects(supporting_project_id, supported_at, delivery_id, payment_id, project_id, user_id) VALUES (1931, (SELECT projects.start_date + INTERVAL 26 DAY FROM projects WHERE projects.id=48), 1, 1931, 48, 1);
INSERT INTO orders (order_id, created_at, delivery_id, payment_id, supporting_project_id) VALUES (1931, (SELECT projects.start_date + INTERVAL 26 DAY FROM projects WHERE projects.id=48), 1, 1931, 1931);
INSERT INTO supporting_packages(id, option_list, package_count, order_id, project_package_id, supporting_project_id) VALUES (1931, '["궁중 요리"]', 8, 1931, 48, 1931);
INSERT INTO supporting_projects(supporting_project_id, supported_at, delivery_id, payment_id, project_id, user_id) VALUES (1932, (SELECT projects.start_date + INTERVAL 48 DAY FROM projects WHERE projects.id=48), 1, 1932, 48, 39);
INSERT INTO orders (order_id, created_at, delivery_id, payment_id, supporting_project_id) VALUES (1932, (SELECT projects.start_date + INTERVAL 48 DAY FROM projects WHERE projects.id=48), 1, 1932, 1932);
INSERT INTO supporting_packages(id, option_list, package_count, order_id, project_package_id, supporting_project_id) VALUES (1932, '["프리미엄"]', 9, 1932, 48, 1932);
INSERT INTO supporting_projects(supporting_project_id, supported_at, delivery_id, payment_id, project_id, user_id) VALUES (1933, (SELECT projects.start_date + INTERVAL 43 DAY FROM projects WHERE projects.id=48), 1, 1933, 48, 32);
INSERT INTO orders (order_id, created_at, delivery_id, payment_id, supporting_project_id) VALUES (1933, (SELECT projects.start_date + INTERVAL 43 DAY FROM projects WHERE projects.id=48), 1, 1933, 1933);
INSERT INTO supporting_packages(id, option_list, package_count, order_id, project_package_id, supporting_project_id) VALUES (1933, '["궁중 요리"]', 10, 1933, 48, 1933);
INSERT INTO supporting_projects(supporting_project_id, supported_at, delivery_id, payment_id, project_id, user_id) VALUES (1934, (SELECT projects.start_date + INTERVAL 37 DAY FROM projects WHERE projects.id=48), 1, 1934, 48, 24);
INSERT INTO orders (order_id, created_at, delivery_id, payment_id, supporting_project_id) VALUES (1934, (SELECT projects.start_date + INTERVAL 37 DAY FROM projects WHERE projects.id=48), 1, 1934, 1934);
INSERT INTO supporting_packages(id, option_list, package_count, order_id, project_package_id, supporting_project_id) VALUES (1934, '["프리미엄"]', 2, 1934, 48, 1934);
INSERT INTO supporting_projects(supporting_project_id, supported_at, delivery_id, payment_id, project_id, user_id) VALUES (1935, (SELECT projects.start_date + INTERVAL 31 DAY FROM projects WHERE projects.id=48), 1, 1935, 48, 27);
INSERT INTO orders (order_id, created_at, delivery_id, payment_id, supporting_project_id) VALUES (1935, (SELECT projects.start_date + INTERVAL 31 DAY FROM projects WHERE projects.id=48), 1, 1935, 1935);
INSERT INTO supporting_packages(id, option_list, package_count, order_id, project_package_id, supporting_project_id) VALUES (1935, '["궁중 요리"]', 2, 1935, 48, 1935);
INSERT INTO supporting_projects(supporting_project_id, supported_at, delivery_id, payment_id, project_id, user_id) VALUES (1936, (SELECT projects.start_date + INTERVAL 27 DAY FROM projects WHERE projects.id=48), 1, 1936, 48, 40);
INSERT INTO orders (order_id, created_at, delivery_id, payment_id, supporting_project_id) VALUES (1936, (SELECT projects.start_date + INTERVAL 27 DAY FROM projects WHERE projects.id=48), 1, 1936, 1936);
INSERT INTO supporting_packages(id, option_list, package_count, order_id, project_package_id, supporting_project_id) VALUES (1936, '["궁중 요리"]', 8, 1936, 48, 1936);
INSERT INTO supporting_projects(supporting_project_id, supported_at, delivery_id, payment_id, project_id, user_id) VALUES (1937, (SELECT projects.start_date + INTERVAL 26 DAY FROM projects WHERE projects.id=48), 1, 1937, 48, 38);
INSERT INTO orders (order_id, created_at, delivery_id, payment_id, supporting_project_id) VALUES (1937, (SELECT projects.start_date + INTERVAL 26 DAY FROM projects WHERE projects.id=48), 1, 1937, 1937);
INSERT INTO supporting_packages(id, option_list, package_count, order_id, project_package_id, supporting_project_id) VALUES (1937, '["프리미엄"]', 7, 1937, 48, 1937);
INSERT INTO supporting_projects(supporting_project_id, supported_at, delivery_id, payment_id, project_id, user_id) VALUES (1938, (SELECT projects.start_date + INTERVAL 7 DAY FROM projects WHERE projects.id=48), 1, 1938, 48, 18);
INSERT INTO orders (order_id, created_at, delivery_id, payment_id, supporting_project_id) VALUES (1938, (SELECT projects.start_date + INTERVAL 7 DAY FROM projects WHERE projects.id=48), 1, 1938, 1938);
INSERT INTO supporting_packages(id, option_list, package_count, order_id, project_package_id, supporting_project_id) VALUES (1938, '["프리미엄"]', 8, 1938, 48, 1938);
INSERT INTO supporting_projects(supporting_project_id, supported_at, delivery_id, payment_id, project_id, user_id) VALUES (1939, (SELECT projects.start_date + INTERVAL 20 DAY FROM projects WHERE projects.id=48), 1, 1939, 48, 5);
INSERT INTO orders (order_id, created_at, delivery_id, payment_id, supporting_project_id) VALUES (1939, (SELECT projects.start_date + INTERVAL 20 DAY FROM projects WHERE projects.id=48), 1, 1939, 1939);
INSERT INTO supporting_packages(id, option_list, package_count, order_id, project_package_id, supporting_project_id) VALUES (1939, '["프리미엄"]', 8, 1939, 48, 1939);
INSERT INTO supporting_projects(supporting_project_id, supported_at, delivery_id, payment_id, project_id, user_id) VALUES (1940, (SELECT projects.start_date + INTERVAL 17 DAY FROM projects WHERE projects.id=48), 1, 1940, 48, 4);
INSERT INTO orders (order_id, created_at, delivery_id, payment_id, supporting_project_id) VALUES (1940, (SELECT projects.start_date + INTERVAL 17 DAY FROM projects WHERE projects.id=48), 1, 1940, 1940);
INSERT INTO supporting_packages(id, option_list, package_count, order_id, project_package_id, supporting_project_id) VALUES (1940, '["프리미엄"]', 10, 1940, 48, 1940);
INSERT INTO supporting_projects(supporting_project_id, supported_at, delivery_id, payment_id, project_id, user_id) VALUES (1941, (SELECT projects.start_date + INTERVAL 23 DAY FROM projects WHERE projects.id=48), 1, 1941, 48, 2);
INSERT INTO orders (order_id, created_at, delivery_id, payment_id, supporting_project_id) VALUES (1941, (SELECT projects.start_date + INTERVAL 23 DAY FROM projects WHERE projects.id=48), 1, 1941, 1941);
INSERT INTO supporting_packages(id, option_list, package_count, order_id, project_package_id, supporting_project_id) VALUES (1941, '["프리미엄"]', 7, 1941, 48, 1941);
INSERT INTO supporting_projects(supporting_project_id, supported_at, delivery_id, payment_id, project_id, user_id) VALUES (1942, (SELECT projects.start_date + INTERVAL 30 DAY FROM projects WHERE projects.id=48), 1, 1942, 48, 36);
INSERT INTO orders (order_id, created_at, delivery_id, payment_id, supporting_project_id) VALUES (1942, (SELECT projects.start_date + INTERVAL 30 DAY FROM projects WHERE projects.id=48), 1, 1942, 1942);
INSERT INTO supporting_packages(id, option_list, package_count, order_id, project_package_id, supporting_project_id) VALUES (1942, '["기본"]', 8, 1942, 48, 1942);
INSERT INTO supporting_projects(supporting_project_id, supported_at, delivery_id, payment_id, project_id, user_id) VALUES (1943, (SELECT projects.start_date + INTERVAL 43 DAY FROM projects WHERE projects.id=48), 1, 1943, 48, 10);
INSERT INTO orders (order_id, created_at, delivery_id, payment_id, supporting_project_id) VALUES (1943, (SELECT projects.start_date + INTERVAL 43 DAY FROM projects WHERE projects.id=48), 1, 1943, 1943);
INSERT INTO supporting_packages(id, option_list, package_count, order_id, project_package_id, supporting_project_id) VALUES (1943, '["기본"]', 10, 1943, 48, 1943);
INSERT INTO supporting_projects(supporting_project_id, supported_at, delivery_id, payment_id, project_id, user_id) VALUES (1944, (SELECT projects.start_date + INTERVAL 40 DAY FROM projects WHERE projects.id=48), 1, 1944, 48, 34);
INSERT INTO orders (order_id, created_at, delivery_id, payment_id, supporting_project_id) VALUES (1944, (SELECT projects.start_date + INTERVAL 40 DAY FROM projects WHERE projects.id=48), 1, 1944, 1944);
INSERT INTO supporting_packages(id, option_list, package_count, order_id, project_package_id, supporting_project_id) VALUES (1944, '["궁중 요리"]', 6, 1944, 48, 1944);
INSERT INTO supporting_projects(supporting_project_id, supported_at, delivery_id, payment_id, project_id, user_id) VALUES (1945, (SELECT projects.start_date + INTERVAL 22 DAY FROM projects WHERE projects.id=48), 1, 1945, 48, 2);
INSERT INTO orders (order_id, created_at, delivery_id, payment_id, supporting_project_id) VALUES (1945, (SELECT projects.start_date + INTERVAL 22 DAY FROM projects WHERE projects.id=48), 1, 1945, 1945);
INSERT INTO supporting_packages(id, option_list, package_count, order_id, project_package_id, supporting_project_id) VALUES (1945, '["프리미엄"]', 1, 1945, 48, 1945);
INSERT INTO supporting_projects(supporting_project_id, supported_at, delivery_id, payment_id, project_id, user_id) VALUES (1946, (SELECT projects.start_date + INTERVAL 16 DAY FROM projects WHERE projects.id=48), 1, 1946, 48, 23);
INSERT INTO orders (order_id, created_at, delivery_id, payment_id, supporting_project_id) VALUES (1946, (SELECT projects.start_date + INTERVAL 16 DAY FROM projects WHERE projects.id=48), 1, 1946, 1946);
INSERT INTO supporting_packages(id, option_list, package_count, order_id, project_package_id, supporting_project_id) VALUES (1946, '["궁중 요리"]', 4, 1946, 48, 1946);
INSERT INTO supporting_projects(supporting_project_id, supported_at, delivery_id, payment_id, project_id, user_id) VALUES (1947, (SELECT projects.start_date + INTERVAL 6 DAY FROM projects WHERE projects.id=48), 1, 1947, 48, 8);
INSERT INTO orders (order_id, created_at, delivery_id, payment_id, supporting_project_id) VALUES (1947, (SELECT projects.start_date + INTERVAL 6 DAY FROM projects WHERE projects.id=48), 1, 1947, 1947);
INSERT INTO supporting_packages(id, option_list, package_count, order_id, project_package_id, supporting_project_id) VALUES (1947, '["기본"]', 9, 1947, 48, 1947);
INSERT INTO supporting_projects(supporting_project_id, supported_at, delivery_id, payment_id, project_id, user_id) VALUES (1948, (SELECT projects.start_date + INTERVAL 50 DAY FROM projects WHERE projects.id=48), 1, 1948, 48, 29);
INSERT INTO orders (order_id, created_at, delivery_id, payment_id, supporting_project_id) VALUES (1948, (SELECT projects.start_date + INTERVAL 50 DAY FROM projects WHERE projects.id=48), 1, 1948, 1948);
INSERT INTO supporting_packages(id, option_list, package_count, order_id, project_package_id, supporting_project_id) VALUES (1948, '["프리미엄"]', 10, 1948, 48, 1948);
INSERT INTO supporting_projects(supporting_project_id, supported_at, delivery_id, payment_id, project_id, user_id) VALUES (1949, (SELECT projects.start_date + INTERVAL 19 DAY FROM projects WHERE projects.id=48), 1, 1949, 48, 5);
INSERT INTO orders (order_id, created_at, delivery_id, payment_id, supporting_project_id) VALUES (1949, (SELECT projects.start_date + INTERVAL 19 DAY FROM projects WHERE projects.id=48), 1, 1949, 1949);
INSERT INTO supporting_packages(id, option_list, package_count, order_id, project_package_id, supporting_project_id) VALUES (1949, '["궁중 요리"]', 8, 1949, 48, 1949);
INSERT INTO supporting_projects(supporting_project_id, supported_at, delivery_id, payment_id, project_id, user_id) VALUES (1950, (SELECT projects.start_date + INTERVAL 11 DAY FROM projects WHERE projects.id=48), 1, 1950, 48, 35);
INSERT INTO orders (order_id, created_at, delivery_id, payment_id, supporting_project_id) VALUES (1950, (SELECT projects.start_date + INTERVAL 11 DAY FROM projects WHERE projects.id=48), 1, 1950, 1950);
INSERT INTO supporting_packages(id, option_list, package_count, order_id, project_package_id, supporting_project_id) VALUES (1950, '["기본"]', 2, 1950, 48, 1950);
INSERT INTO supporting_projects(supporting_project_id, supported_at, delivery_id, payment_id, project_id, user_id) VALUES (1951, (SELECT projects.start_date + INTERVAL 49 DAY FROM projects WHERE projects.id=48), 1, 1951, 48, 39);
INSERT INTO orders (order_id, created_at, delivery_id, payment_id, supporting_project_id) VALUES (1951, (SELECT projects.start_date + INTERVAL 49 DAY FROM projects WHERE projects.id=48), 1, 1951, 1951);
INSERT INTO supporting_packages(id, option_list, package_count, order_id, project_package_id, supporting_project_id) VALUES (1951, '["궁중 요리"]', 6, 1951, 48, 1951);
INSERT INTO supporting_projects(supporting_project_id, supported_at, delivery_id, payment_id, project_id, user_id) VALUES (1952, (SELECT projects.start_date + INTERVAL 39 DAY FROM projects WHERE projects.id=48), 1, 1952, 48, 7);
INSERT INTO orders (order_id, created_at, delivery_id, payment_id, supporting_project_id) VALUES (1952, (SELECT projects.start_date + INTERVAL 39 DAY FROM projects WHERE projects.id=48), 1, 1952, 1952);
INSERT INTO supporting_packages(id, option_list, package_count, order_id, project_package_id, supporting_project_id) VALUES (1952, '["기본"]', 7, 1952, 48, 1952);
INSERT INTO supporting_projects(supporting_project_id, supported_at, delivery_id, payment_id, project_id, user_id) VALUES (1953, (SELECT projects.start_date + INTERVAL 38 DAY FROM projects WHERE projects.id=48), 1, 1953, 48, 10);
INSERT INTO orders (order_id, created_at, delivery_id, payment_id, supporting_project_id) VALUES (1953, (SELECT projects.start_date + INTERVAL 38 DAY FROM projects WHERE projects.id=48), 1, 1953, 1953);
INSERT INTO supporting_packages(id, option_list, package_count, order_id, project_package_id, supporting_project_id) VALUES (1953, '["프리미엄"]', 4, 1953, 48, 1953);
INSERT INTO supporting_projects(supporting_project_id, supported_at, delivery_id, payment_id, project_id, user_id) VALUES (1954, (SELECT projects.start_date + INTERVAL 17 DAY FROM projects WHERE projects.id=48), 1, 1954, 48, 12);
INSERT INTO orders (order_id, created_at, delivery_id, payment_id, supporting_project_id) VALUES (1954, (SELECT projects.start_date + INTERVAL 17 DAY FROM projects WHERE projects.id=48), 1, 1954, 1954);
INSERT INTO supporting_packages(id, option_list, package_count, order_id, project_package_id, supporting_project_id) VALUES (1954, '["궁중 요리"]', 10, 1954, 48, 1954);
INSERT INTO supporting_projects(supporting_project_id, supported_at, delivery_id, payment_id, project_id, user_id) VALUES (1955, (SELECT projects.start_date + INTERVAL 31 DAY FROM projects WHERE projects.id=48), 1, 1955, 48, 1);
INSERT INTO orders (order_id, created_at, delivery_id, payment_id, supporting_project_id) VALUES (1955, (SELECT projects.start_date + INTERVAL 31 DAY FROM projects WHERE projects.id=48), 1, 1955, 1955);
INSERT INTO supporting_packages(id, option_list, package_count, order_id, project_package_id, supporting_project_id) VALUES (1955, '["기본"]', 10, 1955, 48, 1955);
INSERT INTO supporting_projects(supporting_project_id, supported_at, delivery_id, payment_id, project_id, user_id) VALUES (1956, (SELECT projects.start_date + INTERVAL 44 DAY FROM projects WHERE projects.id=48), 1, 1956, 48, 23);
INSERT INTO orders (order_id, created_at, delivery_id, payment_id, supporting_project_id) VALUES (1956, (SELECT projects.start_date + INTERVAL 44 DAY FROM projects WHERE projects.id=48), 1, 1956, 1956);
INSERT INTO supporting_packages(id, option_list, package_count, order_id, project_package_id, supporting_project_id) VALUES (1956, '["궁중 요리"]', 8, 1956, 48, 1956);
INSERT INTO supporting_projects(supporting_project_id, supported_at, delivery_id, payment_id, project_id, user_id) VALUES (1957, (SELECT projects.start_date + INTERVAL 30 DAY FROM projects WHERE projects.id=48), 1, 1957, 48, 25);
INSERT INTO orders (order_id, created_at, delivery_id, payment_id, supporting_project_id) VALUES (1957, (SELECT projects.start_date + INTERVAL 30 DAY FROM projects WHERE projects.id=48), 1, 1957, 1957);
INSERT INTO supporting_packages(id, option_list, package_count, order_id, project_package_id, supporting_project_id) VALUES (1957, '["프리미엄"]', 4, 1957, 48, 1957);
INSERT INTO supporting_projects(supporting_project_id, supported_at, delivery_id, payment_id, project_id, user_id) VALUES (1958, (SELECT projects.start_date + INTERVAL 16 DAY FROM projects WHERE projects.id=48), 1, 1958, 48, 21);
INSERT INTO orders (order_id, created_at, delivery_id, payment_id, supporting_project_id) VALUES (1958, (SELECT projects.start_date + INTERVAL 16 DAY FROM projects WHERE projects.id=48), 1, 1958, 1958);
INSERT INTO supporting_packages(id, option_list, package_count, order_id, project_package_id, supporting_project_id) VALUES (1958, '["프리미엄"]', 8, 1958, 48, 1958);
INSERT INTO supporting_projects(supporting_project_id, supported_at, delivery_id, payment_id, project_id, user_id) VALUES (1959, (SELECT projects.start_date + INTERVAL 18 DAY FROM projects WHERE projects.id=51), 1, 1959, 51, 11);
INSERT INTO orders (order_id, created_at, delivery_id, payment_id, supporting_project_id) VALUES (1959, (SELECT projects.start_date + INTERVAL 18 DAY FROM projects WHERE projects.id=51), 1, 1959, 1959);
INSERT INTO supporting_packages(id, option_list, package_count, order_id, project_package_id, supporting_project_id) VALUES (1959, '["VIP석"]', 8, 1959, 51, 1959);
INSERT INTO supporting_projects(supporting_project_id, supported_at, delivery_id, payment_id, project_id, user_id) VALUES (1960, (SELECT projects.start_date + INTERVAL 24 DAY FROM projects WHERE projects.id=51), 1, 1960, 51, 7);
INSERT INTO orders (order_id, created_at, delivery_id, payment_id, supporting_project_id) VALUES (1960, (SELECT projects.start_date + INTERVAL 24 DAY FROM projects WHERE projects.id=51), 1, 1960, 1960);
INSERT INTO supporting_packages(id, option_list, package_count, order_id, project_package_id, supporting_project_id) VALUES (1960, '["VIP석"]', 2, 1960, 51, 1960);
INSERT INTO supporting_projects(supporting_project_id, supported_at, delivery_id, payment_id, project_id, user_id) VALUES (1961, (SELECT projects.start_date + INTERVAL 35 DAY FROM projects WHERE projects.id=51), 1, 1961, 51, 6);
INSERT INTO orders (order_id, created_at, delivery_id, payment_id, supporting_project_id) VALUES (1961, (SELECT projects.start_date + INTERVAL 35 DAY FROM projects WHERE projects.id=51), 1, 1961, 1961);
INSERT INTO supporting_packages(id, option_list, package_count, order_id, project_package_id, supporting_project_id) VALUES (1961, '["VIP석"]', 6, 1961, 51, 1961);
INSERT INTO supporting_projects(supporting_project_id, supported_at, delivery_id, payment_id, project_id, user_id) VALUES (1962, (SELECT projects.start_date + INTERVAL 32 DAY FROM projects WHERE projects.id=51), 1, 1962, 51, 18);
INSERT INTO orders (order_id, created_at, delivery_id, payment_id, supporting_project_id) VALUES (1962, (SELECT projects.start_date + INTERVAL 32 DAY FROM projects WHERE projects.id=51), 1, 1962, 1962);
INSERT INTO supporting_packages(id, option_list, package_count, order_id, project_package_id, supporting_project_id) VALUES (1962, '["온라인 관람"]', 9, 1962, 51, 1962);
INSERT INTO supporting_projects(supporting_project_id, supported_at, delivery_id, payment_id, project_id, user_id) VALUES (1963, (SELECT projects.start_date + INTERVAL 3 DAY FROM projects WHERE projects.id=51), 1, 1963, 51, 16);
INSERT INTO orders (order_id, created_at, delivery_id, payment_id, supporting_project_id) VALUES (1963, (SELECT projects.start_date + INTERVAL 3 DAY FROM projects WHERE projects.id=51), 1, 1963, 1963);
INSERT INTO supporting_packages(id, option_list, package_count, order_id, project_package_id, supporting_project_id) VALUES (1963, '["일반석"]', 3, 1963, 51, 1963);
INSERT INTO supporting_projects(supporting_project_id, supported_at, delivery_id, payment_id, project_id, user_id) VALUES (1964, (SELECT projects.start_date + INTERVAL 37 DAY FROM projects WHERE projects.id=51), 1, 1964, 51, 8);
INSERT INTO orders (order_id, created_at, delivery_id, payment_id, supporting_project_id) VALUES (1964, (SELECT projects.start_date + INTERVAL 37 DAY FROM projects WHERE projects.id=51), 1, 1964, 1964);
INSERT INTO supporting_packages(id, option_list, package_count, order_id, project_package_id, supporting_project_id) VALUES (1964, '["온라인 관람"]', 9, 1964, 51, 1964);
INSERT INTO supporting_projects(supporting_project_id, supported_at, delivery_id, payment_id, project_id, user_id) VALUES (1965, (SELECT projects.start_date + INTERVAL 18 DAY FROM projects WHERE projects.id=51), 1, 1965, 51, 4);
INSERT INTO orders (order_id, created_at, delivery_id, payment_id, supporting_project_id) VALUES (1965, (SELECT projects.start_date + INTERVAL 18 DAY FROM projects WHERE projects.id=51), 1, 1965, 1965);
INSERT INTO supporting_packages(id, option_list, package_count, order_id, project_package_id, supporting_project_id) VALUES (1965, '["온라인 관람"]', 5, 1965, 51, 1965);
INSERT INTO supporting_projects(supporting_project_id, supported_at, delivery_id, payment_id, project_id, user_id) VALUES (1966, (SELECT projects.start_date + INTERVAL 34 DAY FROM projects WHERE projects.id=51), 1, 1966, 51, 6);
INSERT INTO orders (order_id, created_at, delivery_id, payment_id, supporting_project_id) VALUES (1966, (SELECT projects.start_date + INTERVAL 34 DAY FROM projects WHERE projects.id=51), 1, 1966, 1966);
INSERT INTO supporting_packages(id, option_list, package_count, order_id, project_package_id, supporting_project_id) VALUES (1966, '["온라인 관람"]', 6, 1966, 51, 1966);
INSERT INTO supporting_projects(supporting_project_id, supported_at, delivery_id, payment_id, project_id, user_id) VALUES (1967, (SELECT projects.start_date + INTERVAL 37 DAY FROM projects WHERE projects.id=51), 1, 1967, 51, 8);
INSERT INTO orders (order_id, created_at, delivery_id, payment_id, supporting_project_id) VALUES (1967, (SELECT projects.start_date + INTERVAL 37 DAY FROM projects WHERE projects.id=51), 1, 1967, 1967);
INSERT INTO supporting_packages(id, option_list, package_count, order_id, project_package_id, supporting_project_id) VALUES (1967, '["VIP석"]', 2, 1967, 51, 1967);
INSERT INTO supporting_projects(supporting_project_id, supported_at, delivery_id, payment_id, project_id, user_id) VALUES (1968, (SELECT projects.start_date + INTERVAL 19 DAY FROM projects WHERE projects.id=51), 1, 1968, 51, 26);
INSERT INTO orders (order_id, created_at, delivery_id, payment_id, supporting_project_id) VALUES (1968, (SELECT projects.start_date + INTERVAL 19 DAY FROM projects WHERE projects.id=51), 1, 1968, 1968);
INSERT INTO supporting_packages(id, option_list, package_count, order_id, project_package_id, supporting_project_id) VALUES (1968, '["온라인 관람"]', 1, 1968, 51, 1968);
INSERT INTO supporting_projects(supporting_project_id, supported_at, delivery_id, payment_id, project_id, user_id) VALUES (1969, (SELECT projects.start_date + INTERVAL 21 DAY FROM projects WHERE projects.id=51), 1, 1969, 51, 10);
INSERT INTO orders (order_id, created_at, delivery_id, payment_id, supporting_project_id) VALUES (1969, (SELECT projects.start_date + INTERVAL 21 DAY FROM projects WHERE projects.id=51), 1, 1969, 1969);
INSERT INTO supporting_packages(id, option_list, package_count, order_id, project_package_id, supporting_project_id) VALUES (1969, '["VIP석"]', 3, 1969, 51, 1969);
INSERT INTO supporting_projects(supporting_project_id, supported_at, delivery_id, payment_id, project_id, user_id) VALUES (1970, (SELECT projects.start_date + INTERVAL 43 DAY FROM projects WHERE projects.id=51), 1, 1970, 51, 34);
INSERT INTO orders (order_id, created_at, delivery_id, payment_id, supporting_project_id) VALUES (1970, (SELECT projects.start_date + INTERVAL 43 DAY FROM projects WHERE projects.id=51), 1, 1970, 1970);
INSERT INTO supporting_packages(id, option_list, package_count, order_id, project_package_id, supporting_project_id) VALUES (1970, '["일반석"]', 9, 1970, 51, 1970);
INSERT INTO supporting_projects(supporting_project_id, supported_at, delivery_id, payment_id, project_id, user_id) VALUES (1971, (SELECT projects.start_date + INTERVAL 5 DAY FROM projects WHERE projects.id=51), 1, 1971, 51, 33);
INSERT INTO orders (order_id, created_at, delivery_id, payment_id, supporting_project_id) VALUES (1971, (SELECT projects.start_date + INTERVAL 5 DAY FROM projects WHERE projects.id=51), 1, 1971, 1971);
INSERT INTO supporting_packages(id, option_list, package_count, order_id, project_package_id, supporting_project_id) VALUES (1971, '["온라인 관람"]', 7, 1971, 51, 1971);
INSERT INTO supporting_projects(supporting_project_id, supported_at, delivery_id, payment_id, project_id, user_id) VALUES (1972, (SELECT projects.start_date + INTERVAL 3 DAY FROM projects WHERE projects.id=51), 1, 1972, 51, 19);
INSERT INTO orders (order_id, created_at, delivery_id, payment_id, supporting_project_id) VALUES (1972, (SELECT projects.start_date + INTERVAL 3 DAY FROM projects WHERE projects.id=51), 1, 1972, 1972);
INSERT INTO supporting_packages(id, option_list, package_count, order_id, project_package_id, supporting_project_id) VALUES (1972, '["온라인 관람"]', 9, 1972, 51, 1972);
INSERT INTO supporting_projects(supporting_project_id, supported_at, delivery_id, payment_id, project_id, user_id) VALUES (1973, (SELECT projects.start_date + INTERVAL 27 DAY FROM projects WHERE projects.id=51), 1, 1973, 51, 28);
INSERT INTO orders (order_id, created_at, delivery_id, payment_id, supporting_project_id) VALUES (1973, (SELECT projects.start_date + INTERVAL 27 DAY FROM projects WHERE projects.id=51), 1, 1973, 1973);
INSERT INTO supporting_packages(id, option_list, package_count, order_id, project_package_id, supporting_project_id) VALUES (1973, '["VIP석"]', 10, 1973, 51, 1973);
INSERT INTO supporting_projects(supporting_project_id, supported_at, delivery_id, payment_id, project_id, user_id) VALUES (1974, (SELECT projects.start_date + INTERVAL 30 DAY FROM projects WHERE projects.id=51), 1, 1974, 51, 10);
INSERT INTO orders (order_id, created_at, delivery_id, payment_id, supporting_project_id) VALUES (1974, (SELECT projects.start_date + INTERVAL 30 DAY FROM projects WHERE projects.id=51), 1, 1974, 1974);
INSERT INTO supporting_packages(id, option_list, package_count, order_id, project_package_id, supporting_project_id) VALUES (1974, '["온라인 관람"]', 5, 1974, 51, 1974);
INSERT INTO supporting_projects(supporting_project_id, supported_at, delivery_id, payment_id, project_id, user_id) VALUES (1975, (SELECT projects.start_date + INTERVAL 40 DAY FROM projects WHERE projects.id=51), 1, 1975, 51, 28);
INSERT INTO orders (order_id, created_at, delivery_id, payment_id, supporting_project_id) VALUES (1975, (SELECT projects.start_date + INTERVAL 40 DAY FROM projects WHERE projects.id=51), 1, 1975, 1975);
INSERT INTO supporting_packages(id, option_list, package_count, order_id, project_package_id, supporting_project_id) VALUES (1975, '["온라인 관람"]', 5, 1975, 51, 1975);
INSERT INTO supporting_projects(supporting_project_id, supported_at, delivery_id, payment_id, project_id, user_id) VALUES (1976, (SELECT projects.start_date + INTERVAL 7 DAY FROM projects WHERE projects.id=51), 1, 1976, 51, 7);
INSERT INTO orders (order_id, created_at, delivery_id, payment_id, supporting_project_id) VALUES (1976, (SELECT projects.start_date + INTERVAL 7 DAY FROM projects WHERE projects.id=51), 1, 1976, 1976);
INSERT INTO supporting_packages(id, option_list, package_count, order_id, project_package_id, supporting_project_id) VALUES (1976, '["온라인 관람"]', 2, 1976, 51, 1976);
INSERT INTO supporting_projects(supporting_project_id, supported_at, delivery_id, payment_id, project_id, user_id) VALUES (1977, (SELECT projects.start_date + INTERVAL 13 DAY FROM projects WHERE projects.id=51), 1, 1977, 51, 40);
INSERT INTO orders (order_id, created_at, delivery_id, payment_id, supporting_project_id) VALUES (1977, (SELECT projects.start_date + INTERVAL 13 DAY FROM projects WHERE projects.id=51), 1, 1977, 1977);
INSERT INTO supporting_packages(id, option_list, package_count, order_id, project_package_id, supporting_project_id) VALUES (1977, '["VIP석"]', 10, 1977, 51, 1977);
INSERT INTO supporting_projects(supporting_project_id, supported_at, delivery_id, payment_id, project_id, user_id) VALUES (1978, (SELECT projects.start_date + INTERVAL 26 DAY FROM projects WHERE projects.id=51), 1, 1978, 51, 37);
INSERT INTO orders (order_id, created_at, delivery_id, payment_id, supporting_project_id) VALUES (1978, (SELECT projects.start_date + INTERVAL 26 DAY FROM projects WHERE projects.id=51), 1, 1978, 1978);
INSERT INTO supporting_packages(id, option_list, package_count, order_id, project_package_id, supporting_project_id) VALUES (1978, '["온라인 관람"]', 3, 1978, 51, 1978);
INSERT INTO supporting_projects(supporting_project_id, supported_at, delivery_id, payment_id, project_id, user_id) VALUES (1979, (SELECT projects.start_date + INTERVAL 21 DAY FROM projects WHERE projects.id=51), 1, 1979, 51, 37);
INSERT INTO orders (order_id, created_at, delivery_id, payment_id, supporting_project_id) VALUES (1979, (SELECT projects.start_date + INTERVAL 21 DAY FROM projects WHERE projects.id=51), 1, 1979, 1979);
INSERT INTO supporting_packages(id, option_list, package_count, order_id, project_package_id, supporting_project_id) VALUES (1979, '["온라인 관람"]', 4, 1979, 51, 1979);
INSERT INTO supporting_projects(supporting_project_id, supported_at, delivery_id, payment_id, project_id, user_id) VALUES (1980, (SELECT projects.start_date + INTERVAL 23 DAY FROM projects WHERE projects.id=51), 1, 1980, 51, 3);
INSERT INTO orders (order_id, created_at, delivery_id, payment_id, supporting_project_id) VALUES (1980, (SELECT projects.start_date + INTERVAL 23 DAY FROM projects WHERE projects.id=51), 1, 1980, 1980);
INSERT INTO supporting_packages(id, option_list, package_count, order_id, project_package_id, supporting_project_id) VALUES (1980, '["온라인 관람"]', 7, 1980, 51, 1980);
INSERT INTO supporting_projects(supporting_project_id, supported_at, delivery_id, payment_id, project_id, user_id) VALUES (1981, (SELECT projects.start_date + INTERVAL 27 DAY FROM projects WHERE projects.id=51), 1, 1981, 51, 9);
INSERT INTO orders (order_id, created_at, delivery_id, payment_id, supporting_project_id) VALUES (1981, (SELECT projects.start_date + INTERVAL 27 DAY FROM projects WHERE projects.id=51), 1, 1981, 1981);
INSERT INTO supporting_packages(id, option_list, package_count, order_id, project_package_id, supporting_project_id) VALUES (1981, '["VIP석"]', 6, 1981, 51, 1981);
INSERT INTO supporting_projects(supporting_project_id, supported_at, delivery_id, payment_id, project_id, user_id) VALUES (1982, (SELECT projects.start_date + INTERVAL 23 DAY FROM projects WHERE projects.id=51), 1, 1982, 51, 17);
INSERT INTO orders (order_id, created_at, delivery_id, payment_id, supporting_project_id) VALUES (1982, (SELECT projects.start_date + INTERVAL 23 DAY FROM projects WHERE projects.id=51), 1, 1982, 1982);
INSERT INTO supporting_packages(id, option_list, package_count, order_id, project_package_id, supporting_project_id) VALUES (1982, '["온라인 관람"]', 6, 1982, 51, 1982);
INSERT INTO supporting_projects(supporting_project_id, supported_at, delivery_id, payment_id, project_id, user_id) VALUES (1983, (SELECT projects.start_date + INTERVAL 18 DAY FROM projects WHERE projects.id=51), 1, 1983, 51, 8);
INSERT INTO orders (order_id, created_at, delivery_id, payment_id, supporting_project_id) VALUES (1983, (SELECT projects.start_date + INTERVAL 18 DAY FROM projects WHERE projects.id=51), 1, 1983, 1983);
INSERT INTO supporting_packages(id, option_list, package_count, order_id, project_package_id, supporting_project_id) VALUES (1983, '["일반석"]', 6, 1983, 51, 1983);
INSERT INTO supporting_projects(supporting_project_id, supported_at, delivery_id, payment_id, project_id, user_id) VALUES (1984, (SELECT projects.start_date + INTERVAL 30 DAY FROM projects WHERE projects.id=51), 1, 1984, 51, 1);
INSERT INTO orders (order_id, created_at, delivery_id, payment_id, supporting_project_id) VALUES (1984, (SELECT projects.start_date + INTERVAL 30 DAY FROM projects WHERE projects.id=51), 1, 1984, 1984);
INSERT INTO supporting_packages(id, option_list, package_count, order_id, project_package_id, supporting_project_id) VALUES (1984, '["온라인 관람"]', 1, 1984, 51, 1984);
INSERT INTO supporting_projects(supporting_project_id, supported_at, delivery_id, payment_id, project_id, user_id) VALUES (1985, (SELECT projects.start_date + INTERVAL 5 DAY FROM projects WHERE projects.id=51), 1, 1985, 51, 30);
INSERT INTO orders (order_id, created_at, delivery_id, payment_id, supporting_project_id) VALUES (1985, (SELECT projects.start_date + INTERVAL 5 DAY FROM projects WHERE projects.id=51), 1, 1985, 1985);
INSERT INTO supporting_packages(id, option_list, package_count, order_id, project_package_id, supporting_project_id) VALUES (1985, '["VIP석"]', 4, 1985, 51, 1985);
INSERT INTO supporting_projects(supporting_project_id, supported_at, delivery_id, payment_id, project_id, user_id) VALUES (1986, (SELECT projects.start_date + INTERVAL 49 DAY FROM projects WHERE projects.id=51), 1, 1986, 51, 30);
INSERT INTO orders (order_id, created_at, delivery_id, payment_id, supporting_project_id) VALUES (1986, (SELECT projects.start_date + INTERVAL 49 DAY FROM projects WHERE projects.id=51), 1, 1986, 1986);
INSERT INTO supporting_packages(id, option_list, package_count, order_id, project_package_id, supporting_project_id) VALUES (1986, '["온라인 관람"]', 4, 1986, 51, 1986);
INSERT INTO supporting_projects(supporting_project_id, supported_at, delivery_id, payment_id, project_id, user_id) VALUES (1987, (SELECT projects.start_date + INTERVAL 38 DAY FROM projects WHERE projects.id=51), 1, 1987, 51, 30);
INSERT INTO orders (order_id, created_at, delivery_id, payment_id, supporting_project_id) VALUES (1987, (SELECT projects.start_date + INTERVAL 38 DAY FROM projects WHERE projects.id=51), 1, 1987, 1987);
INSERT INTO supporting_packages(id, option_list, package_count, order_id, project_package_id, supporting_project_id) VALUES (1987, '["VIP석"]', 3, 1987, 51, 1987);
INSERT INTO supporting_projects(supporting_project_id, supported_at, delivery_id, payment_id, project_id, user_id) VALUES (1988, (SELECT projects.start_date + INTERVAL 20 DAY FROM projects WHERE projects.id=51), 1, 1988, 51, 21);
INSERT INTO orders (order_id, created_at, delivery_id, payment_id, supporting_project_id) VALUES (1988, (SELECT projects.start_date + INTERVAL 20 DAY FROM projects WHERE projects.id=51), 1, 1988, 1988);
INSERT INTO supporting_packages(id, option_list, package_count, order_id, project_package_id, supporting_project_id) VALUES (1988, '["VIP석"]', 8, 1988, 51, 1988);
INSERT INTO supporting_projects(supporting_project_id, supported_at, delivery_id, payment_id, project_id, user_id) VALUES (1989, (SELECT projects.start_date + INTERVAL 11 DAY FROM projects WHERE projects.id=51), 1, 1989, 51, 15);
INSERT INTO orders (order_id, created_at, delivery_id, payment_id, supporting_project_id) VALUES (1989, (SELECT projects.start_date + INTERVAL 11 DAY FROM projects WHERE projects.id=51), 1, 1989, 1989);
INSERT INTO supporting_packages(id, option_list, package_count, order_id, project_package_id, supporting_project_id) VALUES (1989, '["VIP석"]', 7, 1989, 51, 1989);
INSERT INTO supporting_projects(supporting_project_id, supported_at, delivery_id, payment_id, project_id, user_id) VALUES (1990, (SELECT projects.start_date + INTERVAL 40 DAY FROM projects WHERE projects.id=51), 1, 1990, 51, 20);
INSERT INTO orders (order_id, created_at, delivery_id, payment_id, supporting_project_id) VALUES (1990, (SELECT projects.start_date + INTERVAL 40 DAY FROM projects WHERE projects.id=51), 1, 1990, 1990);
INSERT INTO supporting_packages(id, option_list, package_count, order_id, project_package_id, supporting_project_id) VALUES (1990, '["일반석"]', 7, 1990, 51, 1990);
INSERT INTO supporting_projects(supporting_project_id, supported_at, delivery_id, payment_id, project_id, user_id) VALUES (1991, (SELECT projects.start_date + INTERVAL 38 DAY FROM projects WHERE projects.id=51), 1, 1991, 51, 9);
INSERT INTO orders (order_id, created_at, delivery_id, payment_id, supporting_project_id) VALUES (1991, (SELECT projects.start_date + INTERVAL 38 DAY FROM projects WHERE projects.id=51), 1, 1991, 1991);
INSERT INTO supporting_packages(id, option_list, package_count, order_id, project_package_id, supporting_project_id) VALUES (1991, '["일반석"]', 8, 1991, 51, 1991);
INSERT INTO supporting_projects(supporting_project_id, supported_at, delivery_id, payment_id, project_id, user_id) VALUES (1992, (SELECT projects.start_date + INTERVAL 42 DAY FROM projects WHERE projects.id=51), 1, 1992, 51, 9);
INSERT INTO orders (order_id, created_at, delivery_id, payment_id, supporting_project_id) VALUES (1992, (SELECT projects.start_date + INTERVAL 42 DAY FROM projects WHERE projects.id=51), 1, 1992, 1992);
INSERT INTO supporting_packages(id, option_list, package_count, order_id, project_package_id, supporting_project_id) VALUES (1992, '["온라인 관람"]', 7, 1992, 51, 1992);
INSERT INTO supporting_projects(supporting_project_id, supported_at, delivery_id, payment_id, project_id, user_id) VALUES (1993, (SELECT projects.start_date + INTERVAL 21 DAY FROM projects WHERE projects.id=51), 1, 1993, 51, 14);
INSERT INTO orders (order_id, created_at, delivery_id, payment_id, supporting_project_id) VALUES (1993, (SELECT projects.start_date + INTERVAL 21 DAY FROM projects WHERE projects.id=51), 1, 1993, 1993);
INSERT INTO supporting_packages(id, option_list, package_count, order_id, project_package_id, supporting_project_id) VALUES (1993, '["VIP석"]', 5, 1993, 51, 1993);
INSERT INTO supporting_projects(supporting_project_id, supported_at, delivery_id, payment_id, project_id, user_id) VALUES (1994, (SELECT projects.start_date + INTERVAL 7 DAY FROM projects WHERE projects.id=51), 1, 1994, 51, 23);
INSERT INTO orders (order_id, created_at, delivery_id, payment_id, supporting_project_id) VALUES (1994, (SELECT projects.start_date + INTERVAL 7 DAY FROM projects WHERE projects.id=51), 1, 1994, 1994);
INSERT INTO supporting_packages(id, option_list, package_count, order_id, project_package_id, supporting_project_id) VALUES (1994, '["온라인 관람"]', 3, 1994, 51, 1994);
INSERT INTO supporting_projects(supporting_project_id, supported_at, delivery_id, payment_id, project_id, user_id) VALUES (1995, (SELECT projects.start_date + INTERVAL 1 DAY FROM projects WHERE projects.id=51), 1, 1995, 51, 17);
INSERT INTO orders (order_id, created_at, delivery_id, payment_id, supporting_project_id) VALUES (1995, (SELECT projects.start_date + INTERVAL 1 DAY FROM projects WHERE projects.id=51), 1, 1995, 1995);
INSERT INTO supporting_packages(id, option_list, package_count, order_id, project_package_id, supporting_project_id) VALUES (1995, '["VIP석"]', 7, 1995, 51, 1995);
INSERT INTO supporting_projects(supporting_project_id, supported_at, delivery_id, payment_id, project_id, user_id) VALUES (1996, (SELECT projects.start_date + INTERVAL 45 DAY FROM projects WHERE projects.id=51), 1, 1996, 51, 33);
INSERT INTO orders (order_id, created_at, delivery_id, payment_id, supporting_project_id) VALUES (1996, (SELECT projects.start_date + INTERVAL 45 DAY FROM projects WHERE projects.id=51), 1, 1996, 1996);
INSERT INTO supporting_packages(id, option_list, package_count, order_id, project_package_id, supporting_project_id) VALUES (1996, '["일반석"]', 9, 1996, 51, 1996);
INSERT INTO supporting_projects(supporting_project_id, supported_at, delivery_id, payment_id, project_id, user_id) VALUES (1997, (SELECT projects.start_date + INTERVAL 29 DAY FROM projects WHERE projects.id=51), 1, 1997, 51, 16);
INSERT INTO orders (order_id, created_at, delivery_id, payment_id, supporting_project_id) VALUES (1997, (SELECT projects.start_date + INTERVAL 29 DAY FROM projects WHERE projects.id=51), 1, 1997, 1997);
INSERT INTO supporting_packages(id, option_list, package_count, order_id, project_package_id, supporting_project_id) VALUES (1997, '["온라인 관람"]', 6, 1997, 51, 1997);
INSERT INTO supporting_projects(supporting_project_id, supported_at, delivery_id, payment_id, project_id, user_id) VALUES (1998, (SELECT projects.start_date + INTERVAL 45 DAY FROM projects WHERE projects.id=51), 1, 1998, 51, 28);
INSERT INTO orders (order_id, created_at, delivery_id, payment_id, supporting_project_id) VALUES (1998, (SELECT projects.start_date + INTERVAL 45 DAY FROM projects WHERE projects.id=51), 1, 1998, 1998);
INSERT INTO supporting_packages(id, option_list, package_count, order_id, project_package_id, supporting_project_id) VALUES (1998, '["온라인 관람"]', 4, 1998, 51, 1998);
INSERT INTO supporting_projects(supporting_project_id, supported_at, delivery_id, payment_id, project_id, user_id) VALUES (1999, (SELECT projects.start_date + INTERVAL 33 DAY FROM projects WHERE projects.id=51), 1, 1999, 51, 12);
INSERT INTO orders (order_id, created_at, delivery_id, payment_id, supporting_project_id) VALUES (1999, (SELECT projects.start_date + INTERVAL 33 DAY FROM projects WHERE projects.id=51), 1, 1999, 1999);
INSERT INTO supporting_packages(id, option_list, package_count, order_id, project_package_id, supporting_project_id) VALUES (1999, '["VIP석"]', 8, 1999, 51, 1999);
INSERT INTO supporting_projects(supporting_project_id, supported_at, delivery_id, payment_id, project_id, user_id) VALUES (2000, (SELECT projects.start_date + INTERVAL 42 DAY FROM projects WHERE projects.id=51), 1, 2000, 51, 2);
INSERT INTO orders (order_id, created_at, delivery_id, payment_id, supporting_project_id) VALUES (2000, (SELECT projects.start_date + INTERVAL 42 DAY FROM projects WHERE projects.id=51), 1, 2000, 2000);
INSERT INTO supporting_packages(id, option_list, package_count, order_id, project_package_id, supporting_project_id) VALUES (2000, '["VIP석"]', 3, 2000, 51, 2000);
INSERT INTO supporting_projects(supporting_project_id, supported_at, delivery_id, payment_id, project_id, user_id) VALUES (2001, (SELECT projects.start_date + INTERVAL 16 DAY FROM projects WHERE projects.id=51), 1, 2001, 51, 5);
INSERT INTO orders (order_id, created_at, delivery_id, payment_id, supporting_project_id) VALUES (2001, (SELECT projects.start_date + INTERVAL 16 DAY FROM projects WHERE projects.id=51), 1, 2001, 2001);
INSERT INTO supporting_packages(id, option_list, package_count, order_id, project_package_id, supporting_project_id) VALUES (2001, '["일반석"]', 7, 2001, 51, 2001);
INSERT INTO supporting_projects(supporting_project_id, supported_at, delivery_id, payment_id, project_id, user_id) VALUES (2002, (SELECT projects.start_date + INTERVAL 12 DAY FROM projects WHERE projects.id=51), 1, 2002, 51, 6);
INSERT INTO orders (order_id, created_at, delivery_id, payment_id, supporting_project_id) VALUES (2002, (SELECT projects.start_date + INTERVAL 12 DAY FROM projects WHERE projects.id=51), 1, 2002, 2002);
INSERT INTO supporting_packages(id, option_list, package_count, order_id, project_package_id, supporting_project_id) VALUES (2002, '["VIP석"]', 2, 2002, 51, 2002);
INSERT INTO supporting_projects(supporting_project_id, supported_at, delivery_id, payment_id, project_id, user_id) VALUES (2003, (SELECT projects.start_date + INTERVAL 32 DAY FROM projects WHERE projects.id=51), 1, 2003, 51, 36);
INSERT INTO orders (order_id, created_at, delivery_id, payment_id, supporting_project_id) VALUES (2003, (SELECT projects.start_date + INTERVAL 32 DAY FROM projects WHERE projects.id=51), 1, 2003, 2003);
INSERT INTO supporting_packages(id, option_list, package_count, order_id, project_package_id, supporting_project_id) VALUES (2003, '["일반석"]', 2, 2003, 51, 2003);
INSERT INTO supporting_projects(supporting_project_id, supported_at, delivery_id, payment_id, project_id, user_id) VALUES (2004, (SELECT projects.start_date + INTERVAL 36 DAY FROM projects WHERE projects.id=51), 1, 2004, 51, 23);
INSERT INTO orders (order_id, created_at, delivery_id, payment_id, supporting_project_id) VALUES (2004, (SELECT projects.start_date + INTERVAL 36 DAY FROM projects WHERE projects.id=51), 1, 2004, 2004);
INSERT INTO supporting_packages(id, option_list, package_count, order_id, project_package_id, supporting_project_id) VALUES (2004, '["온라인 관람"]', 2, 2004, 51, 2004);
INSERT INTO supporting_projects(supporting_project_id, supported_at, delivery_id, payment_id, project_id, user_id) VALUES (2005, (SELECT projects.start_date + INTERVAL 41 DAY FROM projects WHERE projects.id=51), 1, 2005, 51, 37);
INSERT INTO orders (order_id, created_at, delivery_id, payment_id, supporting_project_id) VALUES (2005, (SELECT projects.start_date + INTERVAL 41 DAY FROM projects WHERE projects.id=51), 1, 2005, 2005);
INSERT INTO supporting_packages(id, option_list, package_count, order_id, project_package_id, supporting_project_id) VALUES (2005, '["VIP석"]', 2, 2005, 51, 2005);
INSERT INTO supporting_projects(supporting_project_id, supported_at, delivery_id, payment_id, project_id, user_id) VALUES (2006, (SELECT projects.start_date + INTERVAL 32 DAY FROM projects WHERE projects.id=51), 1, 2006, 51, 35);
INSERT INTO orders (order_id, created_at, delivery_id, payment_id, supporting_project_id) VALUES (2006, (SELECT projects.start_date + INTERVAL 32 DAY FROM projects WHERE projects.id=51), 1, 2006, 2006);
INSERT INTO supporting_packages(id, option_list, package_count, order_id, project_package_id, supporting_project_id) VALUES (2006, '["일반석"]', 5, 2006, 51, 2006);
INSERT INTO supporting_projects(supporting_project_id, supported_at, delivery_id, payment_id, project_id, user_id) VALUES (2007, (SELECT projects.start_date + INTERVAL 48 DAY FROM projects WHERE projects.id=51), 1, 2007, 51, 40);
INSERT INTO orders (order_id, created_at, delivery_id, payment_id, supporting_project_id) VALUES (2007, (SELECT projects.start_date + INTERVAL 48 DAY FROM projects WHERE projects.id=51), 1, 2007, 2007);
INSERT INTO supporting_packages(id, option_list, package_count, order_id, project_package_id, supporting_project_id) VALUES (2007, '["일반석"]', 5, 2007, 51, 2007);
INSERT INTO supporting_projects(supporting_project_id, supported_at, delivery_id, payment_id, project_id, user_id) VALUES (2008, (SELECT projects.start_date + INTERVAL 5 DAY FROM projects WHERE projects.id=51), 1, 2008, 51, 27);
INSERT INTO orders (order_id, created_at, delivery_id, payment_id, supporting_project_id) VALUES (2008, (SELECT projects.start_date + INTERVAL 5 DAY FROM projects WHERE projects.id=51), 1, 2008, 2008);
INSERT INTO supporting_packages(id, option_list, package_count, order_id, project_package_id, supporting_project_id) VALUES (2008, '["온라인 관람"]', 7, 2008, 51, 2008);
INSERT INTO supporting_projects(supporting_project_id, supported_at, delivery_id, payment_id, project_id, user_id) VALUES (2009, (SELECT projects.start_date + INTERVAL 27 DAY FROM projects WHERE projects.id=51), 1, 2009, 51, 12);
INSERT INTO orders (order_id, created_at, delivery_id, payment_id, supporting_project_id) VALUES (2009, (SELECT projects.start_date + INTERVAL 27 DAY FROM projects WHERE projects.id=51), 1, 2009, 2009);
INSERT INTO supporting_packages(id, option_list, package_count, order_id, project_package_id, supporting_project_id) VALUES (2009, '["온라인 관람"]', 1, 2009, 51, 2009);
INSERT INTO supporting_projects(supporting_project_id, supported_at, delivery_id, payment_id, project_id, user_id) VALUES (2010, (SELECT projects.start_date + INTERVAL 48 DAY FROM projects WHERE projects.id=51), 1, 2010, 51, 31);
INSERT INTO orders (order_id, created_at, delivery_id, payment_id, supporting_project_id) VALUES (2010, (SELECT projects.start_date + INTERVAL 48 DAY FROM projects WHERE projects.id=51), 1, 2010, 2010);
INSERT INTO supporting_packages(id, option_list, package_count, order_id, project_package_id, supporting_project_id) VALUES (2010, '["일반석"]', 6, 2010, 51, 2010);
INSERT INTO supporting_projects(supporting_project_id, supported_at, delivery_id, payment_id, project_id, user_id) VALUES (2011, (SELECT projects.start_date + INTERVAL 12 DAY FROM projects WHERE projects.id=51), 1, 2011, 51, 9);
INSERT INTO orders (order_id, created_at, delivery_id, payment_id, supporting_project_id) VALUES (2011, (SELECT projects.start_date + INTERVAL 12 DAY FROM projects WHERE projects.id=51), 1, 2011, 2011);
INSERT INTO supporting_packages(id, option_list, package_count, order_id, project_package_id, supporting_project_id) VALUES (2011, '["일반석"]', 8, 2011, 51, 2011);
INSERT INTO supporting_projects(supporting_project_id, supported_at, delivery_id, payment_id, project_id, user_id) VALUES (2012, (SELECT projects.start_date + INTERVAL 20 DAY FROM projects WHERE projects.id=51), 1, 2012, 51, 21);
INSERT INTO orders (order_id, created_at, delivery_id, payment_id, supporting_project_id) VALUES (2012, (SELECT projects.start_date + INTERVAL 20 DAY FROM projects WHERE projects.id=51), 1, 2012, 2012);
INSERT INTO supporting_packages(id, option_list, package_count, order_id, project_package_id, supporting_project_id) VALUES (2012, '["일반석"]', 6, 2012, 51, 2012);
INSERT INTO supporting_projects(supporting_project_id, supported_at, delivery_id, payment_id, project_id, user_id) VALUES (2013, (SELECT projects.start_date + INTERVAL 3 DAY FROM projects WHERE projects.id=51), 1, 2013, 51, 23);
INSERT INTO orders (order_id, created_at, delivery_id, payment_id, supporting_project_id) VALUES (2013, (SELECT projects.start_date + INTERVAL 3 DAY FROM projects WHERE projects.id=51), 1, 2013, 2013);
INSERT INTO supporting_packages(id, option_list, package_count, order_id, project_package_id, supporting_project_id) VALUES (2013, '["VIP석"]', 2, 2013, 51, 2013);
INSERT INTO supporting_projects(supporting_project_id, supported_at, delivery_id, payment_id, project_id, user_id) VALUES (2014, (SELECT projects.start_date + INTERVAL 29 DAY FROM projects WHERE projects.id=51), 1, 2014, 51, 9);
INSERT INTO orders (order_id, created_at, delivery_id, payment_id, supporting_project_id) VALUES (2014, (SELECT projects.start_date + INTERVAL 29 DAY FROM projects WHERE projects.id=51), 1, 2014, 2014);
INSERT INTO supporting_packages(id, option_list, package_count, order_id, project_package_id, supporting_project_id) VALUES (2014, '["VIP석"]', 9, 2014, 51, 2014);
INSERT INTO supporting_projects(supporting_project_id, supported_at, delivery_id, payment_id, project_id, user_id) VALUES (2015, (SELECT projects.start_date + INTERVAL 32 DAY FROM projects WHERE projects.id=51), 1, 2015, 51, 13);
INSERT INTO orders (order_id, created_at, delivery_id, payment_id, supporting_project_id) VALUES (2015, (SELECT projects.start_date + INTERVAL 32 DAY FROM projects WHERE projects.id=51), 1, 2015, 2015);
INSERT INTO supporting_packages(id, option_list, package_count, order_id, project_package_id, supporting_project_id) VALUES (2015, '["일반석"]', 10, 2015, 51, 2015);
INSERT INTO supporting_projects(supporting_project_id, supported_at, delivery_id, payment_id, project_id, user_id) VALUES (2016, (SELECT projects.start_date + INTERVAL 26 DAY FROM projects WHERE projects.id=51), 1, 2016, 51, 40);
INSERT INTO orders (order_id, created_at, delivery_id, payment_id, supporting_project_id) VALUES (2016, (SELECT projects.start_date + INTERVAL 26 DAY FROM projects WHERE projects.id=51), 1, 2016, 2016);
INSERT INTO supporting_packages(id, option_list, package_count, order_id, project_package_id, supporting_project_id) VALUES (2016, '["온라인 관람"]', 4, 2016, 51, 2016);
INSERT INTO supporting_projects(supporting_project_id, supported_at, delivery_id, payment_id, project_id, user_id) VALUES (2017, (SELECT projects.start_date + INTERVAL 42 DAY FROM projects WHERE projects.id=51), 1, 2017, 51, 22);
INSERT INTO orders (order_id, created_at, delivery_id, payment_id, supporting_project_id) VALUES (2017, (SELECT projects.start_date + INTERVAL 42 DAY FROM projects WHERE projects.id=51), 1, 2017, 2017);
INSERT INTO supporting_packages(id, option_list, package_count, order_id, project_package_id, supporting_project_id) VALUES (2017, '["VIP석"]', 6, 2017, 51, 2017);
INSERT INTO supporting_projects(supporting_project_id, supported_at, delivery_id, payment_id, project_id, user_id) VALUES (2018, (SELECT projects.start_date + INTERVAL 49 DAY FROM projects WHERE projects.id=51), 1, 2018, 51, 13);
INSERT INTO orders (order_id, created_at, delivery_id, payment_id, supporting_project_id) VALUES (2018, (SELECT projects.start_date + INTERVAL 49 DAY FROM projects WHERE projects.id=51), 1, 2018, 2018);
INSERT INTO supporting_packages(id, option_list, package_count, order_id, project_package_id, supporting_project_id) VALUES (2018, '["일반석"]', 7, 2018, 51, 2018);
INSERT INTO supporting_projects(supporting_project_id, supported_at, delivery_id, payment_id, project_id, user_id) VALUES (2019, (SELECT projects.start_date + INTERVAL 16 DAY FROM projects WHERE projects.id=51), 1, 2019, 51, 38);
INSERT INTO orders (order_id, created_at, delivery_id, payment_id, supporting_project_id) VALUES (2019, (SELECT projects.start_date + INTERVAL 16 DAY FROM projects WHERE projects.id=51), 1, 2019, 2019);
INSERT INTO supporting_packages(id, option_list, package_count, order_id, project_package_id, supporting_project_id) VALUES (2019, '["온라인 관람"]', 7, 2019, 51, 2019);
INSERT INTO supporting_projects(supporting_project_id, supported_at, delivery_id, payment_id, project_id, user_id) VALUES (2020, (SELECT projects.start_date + INTERVAL 10 DAY FROM projects WHERE projects.id=51), 1, 2020, 51, 3);
INSERT INTO orders (order_id, created_at, delivery_id, payment_id, supporting_project_id) VALUES (2020, (SELECT projects.start_date + INTERVAL 10 DAY FROM projects WHERE projects.id=51), 1, 2020, 2020);
INSERT INTO supporting_packages(id, option_list, package_count, order_id, project_package_id, supporting_project_id) VALUES (2020, '["일반석"]', 6, 2020, 51, 2020);
INSERT INTO supporting_projects(supporting_project_id, supported_at, delivery_id, payment_id, project_id, user_id) VALUES (2021, (SELECT projects.start_date + INTERVAL 23 DAY FROM projects WHERE projects.id=51), 1, 2021, 51, 22);
INSERT INTO orders (order_id, created_at, delivery_id, payment_id, supporting_project_id) VALUES (2021, (SELECT projects.start_date + INTERVAL 23 DAY FROM projects WHERE projects.id=51), 1, 2021, 2021);
INSERT INTO supporting_packages(id, option_list, package_count, order_id, project_package_id, supporting_project_id) VALUES (2021, '["온라인 관람"]', 4, 2021, 51, 2021);
INSERT INTO supporting_projects(supporting_project_id, supported_at, delivery_id, payment_id, project_id, user_id) VALUES (2022, (SELECT projects.start_date + INTERVAL 15 DAY FROM projects WHERE projects.id=51), 1, 2022, 51, 26);
INSERT INTO orders (order_id, created_at, delivery_id, payment_id, supporting_project_id) VALUES (2022, (SELECT projects.start_date + INTERVAL 15 DAY FROM projects WHERE projects.id=51), 1, 2022, 2022);
INSERT INTO supporting_packages(id, option_list, package_count, order_id, project_package_id, supporting_project_id) VALUES (2022, '["일반석"]', 6, 2022, 51, 2022);
INSERT INTO supporting_projects(supporting_project_id, supported_at, delivery_id, payment_id, project_id, user_id) VALUES (2023, (SELECT projects.start_date + INTERVAL 46 DAY FROM projects WHERE projects.id=51), 1, 2023, 51, 11);
INSERT INTO orders (order_id, created_at, delivery_id, payment_id, supporting_project_id) VALUES (2023, (SELECT projects.start_date + INTERVAL 46 DAY FROM projects WHERE projects.id=51), 1, 2023, 2023);
INSERT INTO supporting_packages(id, option_list, package_count, order_id, project_package_id, supporting_project_id) VALUES (2023, '["VIP석"]', 7, 2023, 51, 2023);
INSERT INTO supporting_projects(supporting_project_id, supported_at, delivery_id, payment_id, project_id, user_id) VALUES (2024, (SELECT projects.start_date + INTERVAL 7 DAY FROM projects WHERE projects.id=51), 1, 2024, 51, 17);
INSERT INTO orders (order_id, created_at, delivery_id, payment_id, supporting_project_id) VALUES (2024, (SELECT projects.start_date + INTERVAL 7 DAY FROM projects WHERE projects.id=51), 1, 2024, 2024);
INSERT INTO supporting_packages(id, option_list, package_count, order_id, project_package_id, supporting_project_id) VALUES (2024, '["VIP석"]', 2, 2024, 51, 2024);
INSERT INTO supporting_projects(supporting_project_id, supported_at, delivery_id, payment_id, project_id, user_id) VALUES (2025, (SELECT projects.start_date + INTERVAL 6 DAY FROM projects WHERE projects.id=51), 1, 2025, 51, 5);
INSERT INTO orders (order_id, created_at, delivery_id, payment_id, supporting_project_id) VALUES (2025, (SELECT projects.start_date + INTERVAL 6 DAY FROM projects WHERE projects.id=51), 1, 2025, 2025);
INSERT INTO supporting_packages(id, option_list, package_count, order_id, project_package_id, supporting_project_id) VALUES (2025, '["온라인 관람"]', 2, 2025, 51, 2025);
INSERT INTO supporting_projects(supporting_project_id, supported_at, delivery_id, payment_id, project_id, user_id) VALUES (2026, (SELECT projects.start_date + INTERVAL 49 DAY FROM projects WHERE projects.id=51), 1, 2026, 51, 3);
INSERT INTO orders (order_id, created_at, delivery_id, payment_id, supporting_project_id) VALUES (2026, (SELECT projects.start_date + INTERVAL 49 DAY FROM projects WHERE projects.id=51), 1, 2026, 2026);
INSERT INTO supporting_packages(id, option_list, package_count, order_id, project_package_id, supporting_project_id) VALUES (2026, '["온라인 관람"]', 7, 2026, 51, 2026);
INSERT INTO supporting_projects(supporting_project_id, supported_at, delivery_id, payment_id, project_id, user_id) VALUES (2027, (SELECT projects.start_date + INTERVAL 50 DAY FROM projects WHERE projects.id=51), 1, 2027, 51, 36);
INSERT INTO orders (order_id, created_at, delivery_id, payment_id, supporting_project_id) VALUES (2027, (SELECT projects.start_date + INTERVAL 50 DAY FROM projects WHERE projects.id=51), 1, 2027, 2027);
INSERT INTO supporting_packages(id, option_list, package_count, order_id, project_package_id, supporting_project_id) VALUES (2027, '["일반석"]', 2, 2027, 51, 2027);
INSERT INTO supporting_projects(supporting_project_id, supported_at, delivery_id, payment_id, project_id, user_id) VALUES (2028, (SELECT projects.start_date + INTERVAL 20 DAY FROM projects WHERE projects.id=51), 1, 2028, 51, 4);
INSERT INTO orders (order_id, created_at, delivery_id, payment_id, supporting_project_id) VALUES (2028, (SELECT projects.start_date + INTERVAL 20 DAY FROM projects WHERE projects.id=51), 1, 2028, 2028);
INSERT INTO supporting_packages(id, option_list, package_count, order_id, project_package_id, supporting_project_id) VALUES (2028, '["일반석"]', 8, 2028, 51, 2028);
INSERT INTO supporting_projects(supporting_project_id, supported_at, delivery_id, payment_id, project_id, user_id) VALUES (2029, (SELECT projects.start_date + INTERVAL 21 DAY FROM projects WHERE projects.id=51), 1, 2029, 51, 10);
INSERT INTO orders (order_id, created_at, delivery_id, payment_id, supporting_project_id) VALUES (2029, (SELECT projects.start_date + INTERVAL 21 DAY FROM projects WHERE projects.id=51), 1, 2029, 2029);
INSERT INTO supporting_packages(id, option_list, package_count, order_id, project_package_id, supporting_project_id) VALUES (2029, '["온라인 관람"]', 4, 2029, 51, 2029);
INSERT INTO supporting_projects(supporting_project_id, supported_at, delivery_id, payment_id, project_id, user_id) VALUES (2030, (SELECT projects.start_date + INTERVAL 12 DAY FROM projects WHERE projects.id=51), 1, 2030, 51, 34);
INSERT INTO orders (order_id, created_at, delivery_id, payment_id, supporting_project_id) VALUES (2030, (SELECT projects.start_date + INTERVAL 12 DAY FROM projects WHERE projects.id=51), 1, 2030, 2030);
INSERT INTO supporting_packages(id, option_list, package_count, order_id, project_package_id, supporting_project_id) VALUES (2030, '["VIP석"]', 6, 2030, 51, 2030);
INSERT INTO supporting_projects(supporting_project_id, supported_at, delivery_id, payment_id, project_id, user_id) VALUES (2031, (SELECT projects.start_date + INTERVAL 15 DAY FROM projects WHERE projects.id=51), 1, 2031, 51, 34);
INSERT INTO orders (order_id, created_at, delivery_id, payment_id, supporting_project_id) VALUES (2031, (SELECT projects.start_date + INTERVAL 15 DAY FROM projects WHERE projects.id=51), 1, 2031, 2031);
INSERT INTO supporting_packages(id, option_list, package_count, order_id, project_package_id, supporting_project_id) VALUES (2031, '["일반석"]', 7, 2031, 51, 2031);
INSERT INTO supporting_projects(supporting_project_id, supported_at, delivery_id, payment_id, project_id, user_id) VALUES (2032, (SELECT projects.start_date + INTERVAL 9 DAY FROM projects WHERE projects.id=51), 1, 2032, 51, 38);
INSERT INTO orders (order_id, created_at, delivery_id, payment_id, supporting_project_id) VALUES (2032, (SELECT projects.start_date + INTERVAL 9 DAY FROM projects WHERE projects.id=51), 1, 2032, 2032);
INSERT INTO supporting_packages(id, option_list, package_count, order_id, project_package_id, supporting_project_id) VALUES (2032, '["온라인 관람"]', 4, 2032, 51, 2032);
INSERT INTO supporting_projects(supporting_project_id, supported_at, delivery_id, payment_id, project_id, user_id) VALUES (2033, (SELECT projects.start_date + INTERVAL 40 DAY FROM projects WHERE projects.id=51), 1, 2033, 51, 39);
INSERT INTO orders (order_id, created_at, delivery_id, payment_id, supporting_project_id) VALUES (2033, (SELECT projects.start_date + INTERVAL 40 DAY FROM projects WHERE projects.id=51), 1, 2033, 2033);
INSERT INTO supporting_packages(id, option_list, package_count, order_id, project_package_id, supporting_project_id) VALUES (2033, '["일반석"]', 10, 2033, 51, 2033);
INSERT INTO supporting_projects(supporting_project_id, supported_at, delivery_id, payment_id, project_id, user_id) VALUES (2034, (SELECT projects.start_date + INTERVAL 11 DAY FROM projects WHERE projects.id=51), 1, 2034, 51, 5);
INSERT INTO orders (order_id, created_at, delivery_id, payment_id, supporting_project_id) VALUES (2034, (SELECT projects.start_date + INTERVAL 11 DAY FROM projects WHERE projects.id=51), 1, 2034, 2034);
INSERT INTO supporting_packages(id, option_list, package_count, order_id, project_package_id, supporting_project_id) VALUES (2034, '["일반석"]', 6, 2034, 51, 2034);
INSERT INTO supporting_projects(supporting_project_id, supported_at, delivery_id, payment_id, project_id, user_id) VALUES (2035, (SELECT projects.start_date + INTERVAL 10 DAY FROM projects WHERE projects.id=51), 1, 2035, 51, 39);
INSERT INTO orders (order_id, created_at, delivery_id, payment_id, supporting_project_id) VALUES (2035, (SELECT projects.start_date + INTERVAL 10 DAY FROM projects WHERE projects.id=51), 1, 2035, 2035);
INSERT INTO supporting_packages(id, option_list, package_count, order_id, project_package_id, supporting_project_id) VALUES (2035, '["VIP석"]', 5, 2035, 51, 2035);
INSERT INTO supporting_projects(supporting_project_id, supported_at, delivery_id, payment_id, project_id, user_id) VALUES (2036, (SELECT projects.start_date + INTERVAL 4 DAY FROM projects WHERE projects.id=51), 1, 2036, 51, 40);
INSERT INTO orders (order_id, created_at, delivery_id, payment_id, supporting_project_id) VALUES (2036, (SELECT projects.start_date + INTERVAL 4 DAY FROM projects WHERE projects.id=51), 1, 2036, 2036);
INSERT INTO supporting_packages(id, option_list, package_count, order_id, project_package_id, supporting_project_id) VALUES (2036, '["온라인 관람"]', 4, 2036, 51, 2036);
INSERT INTO supporting_projects(supporting_project_id, supported_at, delivery_id, payment_id, project_id, user_id) VALUES (2037, (SELECT projects.start_date + INTERVAL 24 DAY FROM projects WHERE projects.id=51), 1, 2037, 51, 10);
INSERT INTO orders (order_id, created_at, delivery_id, payment_id, supporting_project_id) VALUES (2037, (SELECT projects.start_date + INTERVAL 24 DAY FROM projects WHERE projects.id=51), 1, 2037, 2037);
INSERT INTO supporting_packages(id, option_list, package_count, order_id, project_package_id, supporting_project_id) VALUES (2037, '["일반석"]', 1, 2037, 51, 2037);
INSERT INTO supporting_projects(supporting_project_id, supported_at, delivery_id, payment_id, project_id, user_id) VALUES (2038, (SELECT projects.start_date + INTERVAL 6 DAY FROM projects WHERE projects.id=51), 1, 2038, 51, 5);
INSERT INTO orders (order_id, created_at, delivery_id, payment_id, supporting_project_id) VALUES (2038, (SELECT projects.start_date + INTERVAL 6 DAY FROM projects WHERE projects.id=51), 1, 2038, 2038);
INSERT INTO supporting_packages(id, option_list, package_count, order_id, project_package_id, supporting_project_id) VALUES (2038, '["일반석"]', 9, 2038, 51, 2038);
INSERT INTO supporting_projects(supporting_project_id, supported_at, delivery_id, payment_id, project_id, user_id) VALUES (2039, (SELECT projects.start_date + INTERVAL 27 DAY FROM projects WHERE projects.id=51), 1, 2039, 51, 17);
INSERT INTO orders (order_id, created_at, delivery_id, payment_id, supporting_project_id) VALUES (2039, (SELECT projects.start_date + INTERVAL 27 DAY FROM projects WHERE projects.id=51), 1, 2039, 2039);
INSERT INTO supporting_packages(id, option_list, package_count, order_id, project_package_id, supporting_project_id) VALUES (2039, '["온라인 관람"]', 10, 2039, 51, 2039);
INSERT INTO supporting_projects(supporting_project_id, supported_at, delivery_id, payment_id, project_id, user_id) VALUES (2040, (SELECT projects.start_date + INTERVAL 22 DAY FROM projects WHERE projects.id=51), 1, 2040, 51, 2);
INSERT INTO orders (order_id, created_at, delivery_id, payment_id, supporting_project_id) VALUES (2040, (SELECT projects.start_date + INTERVAL 22 DAY FROM projects WHERE projects.id=51), 1, 2040, 2040);
INSERT INTO supporting_packages(id, option_list, package_count, order_id, project_package_id, supporting_project_id) VALUES (2040, '["온라인 관람"]', 7, 2040, 51, 2040);
INSERT INTO supporting_projects(supporting_project_id, supported_at, delivery_id, payment_id, project_id, user_id) VALUES (2041, (SELECT projects.start_date + INTERVAL 32 DAY FROM projects WHERE projects.id=51), 1, 2041, 51, 28);
INSERT INTO orders (order_id, created_at, delivery_id, payment_id, supporting_project_id) VALUES (2041, (SELECT projects.start_date + INTERVAL 32 DAY FROM projects WHERE projects.id=51), 1, 2041, 2041);
INSERT INTO supporting_packages(id, option_list, package_count, order_id, project_package_id, supporting_project_id) VALUES (2041, '["온라인 관람"]', 4, 2041, 51, 2041);
INSERT INTO supporting_projects(supporting_project_id, supported_at, delivery_id, payment_id, project_id, user_id) VALUES (2042, (SELECT projects.start_date + INTERVAL 36 DAY FROM projects WHERE projects.id=51), 1, 2042, 51, 4);
INSERT INTO orders (order_id, created_at, delivery_id, payment_id, supporting_project_id) VALUES (2042, (SELECT projects.start_date + INTERVAL 36 DAY FROM projects WHERE projects.id=51), 1, 2042, 2042);
INSERT INTO supporting_packages(id, option_list, package_count, order_id, project_package_id, supporting_project_id) VALUES (2042, '["일반석"]', 3, 2042, 51, 2042);
INSERT INTO supporting_projects(supporting_project_id, supported_at, delivery_id, payment_id, project_id, user_id) VALUES (2043, (SELECT projects.start_date + INTERVAL 36 DAY FROM projects WHERE projects.id=51), 1, 2043, 51, 29);
INSERT INTO orders (order_id, created_at, delivery_id, payment_id, supporting_project_id) VALUES (2043, (SELECT projects.start_date + INTERVAL 36 DAY FROM projects WHERE projects.id=51), 1, 2043, 2043);
INSERT INTO supporting_packages(id, option_list, package_count, order_id, project_package_id, supporting_project_id) VALUES (2043, '["VIP석"]', 10, 2043, 51, 2043);
INSERT INTO supporting_projects(supporting_project_id, supported_at, delivery_id, payment_id, project_id, user_id) VALUES (2044, (SELECT projects.start_date + INTERVAL 33 DAY FROM projects WHERE projects.id=51), 1, 2044, 51, 21);
INSERT INTO orders (order_id, created_at, delivery_id, payment_id, supporting_project_id) VALUES (2044, (SELECT projects.start_date + INTERVAL 33 DAY FROM projects WHERE projects.id=51), 1, 2044, 2044);
INSERT INTO supporting_packages(id, option_list, package_count, order_id, project_package_id, supporting_project_id) VALUES (2044, '["온라인 관람"]', 2, 2044, 51, 2044);
INSERT INTO supporting_projects(supporting_project_id, supported_at, delivery_id, payment_id, project_id, user_id) VALUES (2045, (SELECT projects.start_date + INTERVAL 30 DAY FROM projects WHERE projects.id=51), 1, 2045, 51, 24);
INSERT INTO orders (order_id, created_at, delivery_id, payment_id, supporting_project_id) VALUES (2045, (SELECT projects.start_date + INTERVAL 30 DAY FROM projects WHERE projects.id=51), 1, 2045, 2045);
INSERT INTO supporting_packages(id, option_list, package_count, order_id, project_package_id, supporting_project_id) VALUES (2045, '["온라인 관람"]', 4, 2045, 51, 2045);
INSERT INTO supporting_projects(supporting_project_id, supported_at, delivery_id, payment_id, project_id, user_id) VALUES (2046, (SELECT projects.start_date + INTERVAL 12 DAY FROM projects WHERE projects.id=51), 1, 2046, 51, 40);
INSERT INTO orders (order_id, created_at, delivery_id, payment_id, supporting_project_id) VALUES (2046, (SELECT projects.start_date + INTERVAL 12 DAY FROM projects WHERE projects.id=51), 1, 2046, 2046);
INSERT INTO supporting_packages(id, option_list, package_count, order_id, project_package_id, supporting_project_id) VALUES (2046, '["일반석"]', 6, 2046, 51, 2046);
INSERT INTO supporting_projects(supporting_project_id, supported_at, delivery_id, payment_id, project_id, user_id) VALUES (2047, (SELECT projects.start_date + INTERVAL 46 DAY FROM projects WHERE projects.id=51), 1, 2047, 51, 29);
INSERT INTO orders (order_id, created_at, delivery_id, payment_id, supporting_project_id) VALUES (2047, (SELECT projects.start_date + INTERVAL 46 DAY FROM projects WHERE projects.id=51), 1, 2047, 2047);
INSERT INTO supporting_packages(id, option_list, package_count, order_id, project_package_id, supporting_project_id) VALUES (2047, '["VIP석"]', 4, 2047, 51, 2047);
INSERT INTO supporting_projects(supporting_project_id, supported_at, delivery_id, payment_id, project_id, user_id) VALUES (2048, (SELECT projects.start_date + INTERVAL 43 DAY FROM projects WHERE projects.id=51), 1, 2048, 51, 3);
INSERT INTO orders (order_id, created_at, delivery_id, payment_id, supporting_project_id) VALUES (2048, (SELECT projects.start_date + INTERVAL 43 DAY FROM projects WHERE projects.id=51), 1, 2048, 2048);
INSERT INTO supporting_packages(id, option_list, package_count, order_id, project_package_id, supporting_project_id) VALUES (2048, '["VIP석"]', 6, 2048, 51, 2048);
INSERT INTO supporting_projects(supporting_project_id, supported_at, delivery_id, payment_id, project_id, user_id) VALUES (2049, (SELECT projects.start_date + INTERVAL 47 DAY FROM projects WHERE projects.id=51), 1, 2049, 51, 37);
INSERT INTO orders (order_id, created_at, delivery_id, payment_id, supporting_project_id) VALUES (2049, (SELECT projects.start_date + INTERVAL 47 DAY FROM projects WHERE projects.id=51), 1, 2049, 2049);
INSERT INTO supporting_packages(id, option_list, package_count, order_id, project_package_id, supporting_project_id) VALUES (2049, '["일반석"]', 3, 2049, 51, 2049);
INSERT INTO supporting_projects(supporting_project_id, supported_at, delivery_id, payment_id, project_id, user_id) VALUES (2050, (SELECT projects.start_date + INTERVAL 15 DAY FROM projects WHERE projects.id=51), 1, 2050, 51, 37);
INSERT INTO orders (order_id, created_at, delivery_id, payment_id, supporting_project_id) VALUES (2050, (SELECT projects.start_date + INTERVAL 15 DAY FROM projects WHERE projects.id=51), 1, 2050, 2050);
INSERT INTO supporting_packages(id, option_list, package_count, order_id, project_package_id, supporting_project_id) VALUES (2050, '["온라인 관람"]', 5, 2050, 51, 2050);
INSERT INTO supporting_projects(supporting_project_id, supported_at, delivery_id, payment_id, project_id, user_id) VALUES (2051, (SELECT projects.start_date + INTERVAL 36 DAY FROM projects WHERE projects.id=51), 1, 2051, 51, 5);
INSERT INTO orders (order_id, created_at, delivery_id, payment_id, supporting_project_id) VALUES (2051, (SELECT projects.start_date + INTERVAL 36 DAY FROM projects WHERE projects.id=51), 1, 2051, 2051);
INSERT INTO supporting_packages(id, option_list, package_count, order_id, project_package_id, supporting_project_id) VALUES (2051, '["온라인 관람"]', 7, 2051, 51, 2051);
INSERT INTO supporting_projects(supporting_project_id, supported_at, delivery_id, payment_id, project_id, user_id) VALUES (2052, (SELECT projects.start_date + INTERVAL 18 DAY FROM projects WHERE projects.id=51), 1, 2052, 51, 22);
INSERT INTO orders (order_id, created_at, delivery_id, payment_id, supporting_project_id) VALUES (2052, (SELECT projects.start_date + INTERVAL 18 DAY FROM projects WHERE projects.id=51), 1, 2052, 2052);
INSERT INTO supporting_packages(id, option_list, package_count, order_id, project_package_id, supporting_project_id) VALUES (2052, '["VIP석"]', 7, 2052, 51, 2052);
INSERT INTO supporting_projects(supporting_project_id, supported_at, delivery_id, payment_id, project_id, user_id) VALUES (2053, (SELECT projects.start_date + INTERVAL 11 DAY FROM projects WHERE projects.id=51), 1, 2053, 51, 20);
INSERT INTO orders (order_id, created_at, delivery_id, payment_id, supporting_project_id) VALUES (2053, (SELECT projects.start_date + INTERVAL 11 DAY FROM projects WHERE projects.id=51), 1, 2053, 2053);
INSERT INTO supporting_packages(id, option_list, package_count, order_id, project_package_id, supporting_project_id) VALUES (2053, '["VIP석"]', 8, 2053, 51, 2053);
INSERT INTO supporting_projects(supporting_project_id, supported_at, delivery_id, payment_id, project_id, user_id) VALUES (2054, (SELECT projects.start_date + INTERVAL 12 DAY FROM projects WHERE projects.id=51), 1, 2054, 51, 11);
INSERT INTO orders (order_id, created_at, delivery_id, payment_id, supporting_project_id) VALUES (2054, (SELECT projects.start_date + INTERVAL 12 DAY FROM projects WHERE projects.id=51), 1, 2054, 2054);
INSERT INTO supporting_packages(id, option_list, package_count, order_id, project_package_id, supporting_project_id) VALUES (2054, '["VIP석"]', 2, 2054, 51, 2054);
INSERT INTO supporting_projects(supporting_project_id, supported_at, delivery_id, payment_id, project_id, user_id) VALUES (2055, (SELECT projects.start_date + INTERVAL 12 DAY FROM projects WHERE projects.id=51), 1, 2055, 51, 22);
INSERT INTO orders (order_id, created_at, delivery_id, payment_id, supporting_project_id) VALUES (2055, (SELECT projects.start_date + INTERVAL 12 DAY FROM projects WHERE projects.id=51), 1, 2055, 2055);
INSERT INTO supporting_packages(id, option_list, package_count, order_id, project_package_id, supporting_project_id) VALUES (2055, '["온라인 관람"]', 2, 2055, 51, 2055);
INSERT INTO supporting_projects(supporting_project_id, supported_at, delivery_id, payment_id, project_id, user_id) VALUES (2056, (SELECT projects.start_date + INTERVAL 47 DAY FROM projects WHERE projects.id=51), 1, 2056, 51, 30);
INSERT INTO orders (order_id, created_at, delivery_id, payment_id, supporting_project_id) VALUES (2056, (SELECT projects.start_date + INTERVAL 47 DAY FROM projects WHERE projects.id=51), 1, 2056, 2056);
INSERT INTO supporting_packages(id, option_list, package_count, order_id, project_package_id, supporting_project_id) VALUES (2056, '["일반석"]', 7, 2056, 51, 2056);
INSERT INTO supporting_projects(supporting_project_id, supported_at, delivery_id, payment_id, project_id, user_id) VALUES (2057, (SELECT projects.start_date + INTERVAL 38 DAY FROM projects WHERE projects.id=51), 1, 2057, 51, 14);
INSERT INTO orders (order_id, created_at, delivery_id, payment_id, supporting_project_id) VALUES (2057, (SELECT projects.start_date + INTERVAL 38 DAY FROM projects WHERE projects.id=51), 1, 2057, 2057);
INSERT INTO supporting_packages(id, option_list, package_count, order_id, project_package_id, supporting_project_id) VALUES (2057, '["온라인 관람"]', 6, 2057, 51, 2057);
INSERT INTO supporting_projects(supporting_project_id, supported_at, delivery_id, payment_id, project_id, user_id) VALUES (2058, (SELECT projects.start_date + INTERVAL 38 DAY FROM projects WHERE projects.id=51), 1, 2058, 51, 39);
INSERT INTO orders (order_id, created_at, delivery_id, payment_id, supporting_project_id) VALUES (2058, (SELECT projects.start_date + INTERVAL 38 DAY FROM projects WHERE projects.id=51), 1, 2058, 2058);
INSERT INTO supporting_packages(id, option_list, package_count, order_id, project_package_id, supporting_project_id) VALUES (2058, '["온라인 관람"]', 2, 2058, 51, 2058);
INSERT INTO supporting_projects(supporting_project_id, supported_at, delivery_id, payment_id, project_id, user_id) VALUES (2059, (SELECT projects.start_date + INTERVAL 21 DAY FROM projects WHERE projects.id=51), 1, 2059, 51, 23);
INSERT INTO orders (order_id, created_at, delivery_id, payment_id, supporting_project_id) VALUES (2059, (SELECT projects.start_date + INTERVAL 21 DAY FROM projects WHERE projects.id=51), 1, 2059, 2059);
INSERT INTO supporting_packages(id, option_list, package_count, order_id, project_package_id, supporting_project_id) VALUES (2059, '["VIP석"]', 6, 2059, 51, 2059);
INSERT INTO supporting_projects(supporting_project_id, supported_at, delivery_id, payment_id, project_id, user_id) VALUES (2060, (SELECT projects.start_date + INTERVAL 39 DAY FROM projects WHERE projects.id=51), 1, 2060, 51, 20);
INSERT INTO orders (order_id, created_at, delivery_id, payment_id, supporting_project_id) VALUES (2060, (SELECT projects.start_date + INTERVAL 39 DAY FROM projects WHERE projects.id=51), 1, 2060, 2060);
INSERT INTO supporting_packages(id, option_list, package_count, order_id, project_package_id, supporting_project_id) VALUES (2060, '["VIP석"]', 9, 2060, 51, 2060);
INSERT INTO supporting_projects(supporting_project_id, supported_at, delivery_id, payment_id, project_id, user_id) VALUES (2061, (SELECT projects.start_date + INTERVAL 17 DAY FROM projects WHERE projects.id=51), 1, 2061, 51, 24);
INSERT INTO orders (order_id, created_at, delivery_id, payment_id, supporting_project_id) VALUES (2061, (SELECT projects.start_date + INTERVAL 17 DAY FROM projects WHERE projects.id=51), 1, 2061, 2061);
INSERT INTO supporting_packages(id, option_list, package_count, order_id, project_package_id, supporting_project_id) VALUES (2061, '["VIP석"]', 4, 2061, 51, 2061);
INSERT INTO supporting_projects(supporting_project_id, supported_at, delivery_id, payment_id, project_id, user_id) VALUES (2062, (SELECT projects.start_date + INTERVAL 3 DAY FROM projects WHERE projects.id=51), 1, 2062, 51, 31);
INSERT INTO orders (order_id, created_at, delivery_id, payment_id, supporting_project_id) VALUES (2062, (SELECT projects.start_date + INTERVAL 3 DAY FROM projects WHERE projects.id=51), 1, 2062, 2062);
INSERT INTO supporting_packages(id, option_list, package_count, order_id, project_package_id, supporting_project_id) VALUES (2062, '["VIP석"]', 8, 2062, 51, 2062);
INSERT INTO supporting_projects(supporting_project_id, supported_at, delivery_id, payment_id, project_id, user_id) VALUES (2063, (SELECT projects.start_date + INTERVAL 4 DAY FROM projects WHERE projects.id=51), 1, 2063, 51, 37);
INSERT INTO orders (order_id, created_at, delivery_id, payment_id, supporting_project_id) VALUES (2063, (SELECT projects.start_date + INTERVAL 4 DAY FROM projects WHERE projects.id=51), 1, 2063, 2063);
INSERT INTO supporting_packages(id, option_list, package_count, order_id, project_package_id, supporting_project_id) VALUES (2063, '["일반석"]', 10, 2063, 51, 2063);
INSERT INTO supporting_projects(supporting_project_id, supported_at, delivery_id, payment_id, project_id, user_id) VALUES (2064, (SELECT projects.start_date + INTERVAL 2 DAY FROM projects WHERE projects.id=51), 1, 2064, 51, 30);
INSERT INTO orders (order_id, created_at, delivery_id, payment_id, supporting_project_id) VALUES (2064, (SELECT projects.start_date + INTERVAL 2 DAY FROM projects WHERE projects.id=51), 1, 2064, 2064);
INSERT INTO supporting_packages(id, option_list, package_count, order_id, project_package_id, supporting_project_id) VALUES (2064, '["온라인 관람"]', 4, 2064, 51, 2064);
INSERT INTO supporting_projects(supporting_project_id, supported_at, delivery_id, payment_id, project_id, user_id) VALUES (2065, (SELECT projects.start_date + INTERVAL 20 DAY FROM projects WHERE projects.id=51), 1, 2065, 51, 14);
INSERT INTO orders (order_id, created_at, delivery_id, payment_id, supporting_project_id) VALUES (2065, (SELECT projects.start_date + INTERVAL 20 DAY FROM projects WHERE projects.id=51), 1, 2065, 2065);
INSERT INTO supporting_packages(id, option_list, package_count, order_id, project_package_id, supporting_project_id) VALUES (2065, '["일반석"]', 6, 2065, 51, 2065);
INSERT INTO supporting_projects(supporting_project_id, supported_at, delivery_id, payment_id, project_id, user_id) VALUES (2066, (SELECT projects.start_date + INTERVAL 33 DAY FROM projects WHERE projects.id=51), 1, 2066, 51, 21);
INSERT INTO orders (order_id, created_at, delivery_id, payment_id, supporting_project_id) VALUES (2066, (SELECT projects.start_date + INTERVAL 33 DAY FROM projects WHERE projects.id=51), 1, 2066, 2066);
INSERT INTO supporting_packages(id, option_list, package_count, order_id, project_package_id, supporting_project_id) VALUES (2066, '["일반석"]', 2, 2066, 51, 2066);
INSERT INTO supporting_projects(supporting_project_id, supported_at, delivery_id, payment_id, project_id, user_id) VALUES (2067, (SELECT projects.start_date + INTERVAL 11 DAY FROM projects WHERE projects.id=51), 1, 2067, 51, 13);
INSERT INTO orders (order_id, created_at, delivery_id, payment_id, supporting_project_id) VALUES (2067, (SELECT projects.start_date + INTERVAL 11 DAY FROM projects WHERE projects.id=51), 1, 2067, 2067);
INSERT INTO supporting_packages(id, option_list, package_count, order_id, project_package_id, supporting_project_id) VALUES (2067, '["VIP석"]', 4, 2067, 51, 2067);
INSERT INTO supporting_projects(supporting_project_id, supported_at, delivery_id, payment_id, project_id, user_id) VALUES (2068, (SELECT projects.start_date + INTERVAL 15 DAY FROM projects WHERE projects.id=51), 1, 2068, 51, 17);
INSERT INTO orders (order_id, created_at, delivery_id, payment_id, supporting_project_id) VALUES (2068, (SELECT projects.start_date + INTERVAL 15 DAY FROM projects WHERE projects.id=51), 1, 2068, 2068);
INSERT INTO supporting_packages(id, option_list, package_count, order_id, project_package_id, supporting_project_id) VALUES (2068, '["일반석"]', 5, 2068, 51, 2068);
INSERT INTO supporting_projects(supporting_project_id, supported_at, delivery_id, payment_id, project_id, user_id) VALUES (2069, (SELECT projects.start_date + INTERVAL 45 DAY FROM projects WHERE projects.id=51), 1, 2069, 51, 40);
INSERT INTO orders (order_id, created_at, delivery_id, payment_id, supporting_project_id) VALUES (2069, (SELECT projects.start_date + INTERVAL 45 DAY FROM projects WHERE projects.id=51), 1, 2069, 2069);
INSERT INTO supporting_packages(id, option_list, package_count, order_id, project_package_id, supporting_project_id) VALUES (2069, '["일반석"]', 3, 2069, 51, 2069);
INSERT INTO supporting_projects(supporting_project_id, supported_at, delivery_id, payment_id, project_id, user_id) VALUES (2070, (SELECT projects.start_date + INTERVAL 15 DAY FROM projects WHERE projects.id=51), 1, 2070, 51, 32);
INSERT INTO orders (order_id, created_at, delivery_id, payment_id, supporting_project_id) VALUES (2070, (SELECT projects.start_date + INTERVAL 15 DAY FROM projects WHERE projects.id=51), 1, 2070, 2070);
INSERT INTO supporting_packages(id, option_list, package_count, order_id, project_package_id, supporting_project_id) VALUES (2070, '["온라인 관람"]', 10, 2070, 51, 2070);
INSERT INTO supporting_projects(supporting_project_id, supported_at, delivery_id, payment_id, project_id, user_id) VALUES (2071, (SELECT projects.start_date + INTERVAL 43 DAY FROM projects WHERE projects.id=51), 1, 2071, 51, 8);
INSERT INTO orders (order_id, created_at, delivery_id, payment_id, supporting_project_id) VALUES (2071, (SELECT projects.start_date + INTERVAL 43 DAY FROM projects WHERE projects.id=51), 1, 2071, 2071);
INSERT INTO supporting_packages(id, option_list, package_count, order_id, project_package_id, supporting_project_id) VALUES (2071, '["일반석"]', 5, 2071, 51, 2071);
INSERT INTO supporting_projects(supporting_project_id, supported_at, delivery_id, payment_id, project_id, user_id) VALUES (2072, (SELECT projects.start_date + INTERVAL 17 DAY FROM projects WHERE projects.id=51), 1, 2072, 51, 16);
INSERT INTO orders (order_id, created_at, delivery_id, payment_id, supporting_project_id) VALUES (2072, (SELECT projects.start_date + INTERVAL 17 DAY FROM projects WHERE projects.id=51), 1, 2072, 2072);
INSERT INTO supporting_packages(id, option_list, package_count, order_id, project_package_id, supporting_project_id) VALUES (2072, '["일반석"]', 1, 2072, 51, 2072);
INSERT INTO supporting_projects(supporting_project_id, supported_at, delivery_id, payment_id, project_id, user_id) VALUES (2073, (SELECT projects.start_date + INTERVAL 6 DAY FROM projects WHERE projects.id=51), 1, 2073, 51, 3);
INSERT INTO orders (order_id, created_at, delivery_id, payment_id, supporting_project_id) VALUES (2073, (SELECT projects.start_date + INTERVAL 6 DAY FROM projects WHERE projects.id=51), 1, 2073, 2073);
INSERT INTO supporting_packages(id, option_list, package_count, order_id, project_package_id, supporting_project_id) VALUES (2073, '["VIP석"]', 10, 2073, 51, 2073);
INSERT INTO supporting_projects(supporting_project_id, supported_at, delivery_id, payment_id, project_id, user_id) VALUES (2074, (SELECT projects.start_date + INTERVAL 40 DAY FROM projects WHERE projects.id=51), 1, 2074, 51, 20);
INSERT INTO orders (order_id, created_at, delivery_id, payment_id, supporting_project_id) VALUES (2074, (SELECT projects.start_date + INTERVAL 40 DAY FROM projects WHERE projects.id=51), 1, 2074, 2074);
INSERT INTO supporting_packages(id, option_list, package_count, order_id, project_package_id, supporting_project_id) VALUES (2074, '["VIP석"]', 9, 2074, 51, 2074);
INSERT INTO supporting_projects(supporting_project_id, supported_at, delivery_id, payment_id, project_id, user_id) VALUES (2075, (SELECT projects.start_date + INTERVAL 8 DAY FROM projects WHERE projects.id=51), 1, 2075, 51, 2);
INSERT INTO orders (order_id, created_at, delivery_id, payment_id, supporting_project_id) VALUES (2075, (SELECT projects.start_date + INTERVAL 8 DAY FROM projects WHERE projects.id=51), 1, 2075, 2075);
INSERT INTO supporting_packages(id, option_list, package_count, order_id, project_package_id, supporting_project_id) VALUES (2075, '["온라인 관람"]', 10, 2075, 51, 2075);
INSERT INTO supporting_projects(supporting_project_id, supported_at, delivery_id, payment_id, project_id, user_id) VALUES (2076, (SELECT projects.start_date + INTERVAL 12 DAY FROM projects WHERE projects.id=51), 1, 2076, 51, 20);
INSERT INTO orders (order_id, created_at, delivery_id, payment_id, supporting_project_id) VALUES (2076, (SELECT projects.start_date + INTERVAL 12 DAY FROM projects WHERE projects.id=51), 1, 2076, 2076);
INSERT INTO supporting_packages(id, option_list, package_count, order_id, project_package_id, supporting_project_id) VALUES (2076, '["온라인 관람"]', 7, 2076, 51, 2076);
INSERT INTO supporting_projects(supporting_project_id, supported_at, delivery_id, payment_id, project_id, user_id) VALUES (2077, (SELECT projects.start_date + INTERVAL 9 DAY FROM projects WHERE projects.id=51), 1, 2077, 51, 12);
INSERT INTO orders (order_id, created_at, delivery_id, payment_id, supporting_project_id) VALUES (2077, (SELECT projects.start_date + INTERVAL 9 DAY FROM projects WHERE projects.id=51), 1, 2077, 2077);
INSERT INTO supporting_packages(id, option_list, package_count, order_id, project_package_id, supporting_project_id) VALUES (2077, '["일반석"]', 8, 2077, 51, 2077);
INSERT INTO supporting_projects(supporting_project_id, supported_at, delivery_id, payment_id, project_id, user_id) VALUES (2078, (SELECT projects.start_date + INTERVAL 34 DAY FROM projects WHERE projects.id=51), 1, 2078, 51, 21);
INSERT INTO orders (order_id, created_at, delivery_id, payment_id, supporting_project_id) VALUES (2078, (SELECT projects.start_date + INTERVAL 34 DAY FROM projects WHERE projects.id=51), 1, 2078, 2078);
INSERT INTO supporting_packages(id, option_list, package_count, order_id, project_package_id, supporting_project_id) VALUES (2078, '["VIP석"]', 10, 2078, 51, 2078);
INSERT INTO supporting_projects(supporting_project_id, supported_at, delivery_id, payment_id, project_id, user_id) VALUES (2079, (SELECT projects.start_date + INTERVAL 43 DAY FROM projects WHERE projects.id=51), 1, 2079, 51, 32);
INSERT INTO orders (order_id, created_at, delivery_id, payment_id, supporting_project_id) VALUES (2079, (SELECT projects.start_date + INTERVAL 43 DAY FROM projects WHERE projects.id=51), 1, 2079, 2079);
INSERT INTO supporting_packages(id, option_list, package_count, order_id, project_package_id, supporting_project_id) VALUES (2079, '["일반석"]', 10, 2079, 51, 2079);
INSERT INTO supporting_projects(supporting_project_id, supported_at, delivery_id, payment_id, project_id, user_id) VALUES (2080, (SELECT projects.start_date + INTERVAL 14 DAY FROM projects WHERE projects.id=51), 1, 2080, 51, 39);
INSERT INTO orders (order_id, created_at, delivery_id, payment_id, supporting_project_id) VALUES (2080, (SELECT projects.start_date + INTERVAL 14 DAY FROM projects WHERE projects.id=51), 1, 2080, 2080);
INSERT INTO supporting_packages(id, option_list, package_count, order_id, project_package_id, supporting_project_id) VALUES (2080, '["온라인 관람"]', 3, 2080, 51, 2080);
INSERT INTO supporting_projects(supporting_project_id, supported_at, delivery_id, payment_id, project_id, user_id) VALUES (2081, (SELECT projects.start_date + INTERVAL 11 DAY FROM projects WHERE projects.id=51), 1, 2081, 51, 16);
INSERT INTO orders (order_id, created_at, delivery_id, payment_id, supporting_project_id) VALUES (2081, (SELECT projects.start_date + INTERVAL 11 DAY FROM projects WHERE projects.id=51), 1, 2081, 2081);
INSERT INTO supporting_packages(id, option_list, package_count, order_id, project_package_id, supporting_project_id) VALUES (2081, '["VIP석"]', 5, 2081, 51, 2081);
INSERT INTO supporting_projects(supporting_project_id, supported_at, delivery_id, payment_id, project_id, user_id) VALUES (2082, (SELECT projects.start_date + INTERVAL 46 DAY FROM projects WHERE projects.id=51), 1, 2082, 51, 31);
INSERT INTO orders (order_id, created_at, delivery_id, payment_id, supporting_project_id) VALUES (2082, (SELECT projects.start_date + INTERVAL 46 DAY FROM projects WHERE projects.id=51), 1, 2082, 2082);
INSERT INTO supporting_packages(id, option_list, package_count, order_id, project_package_id, supporting_project_id) VALUES (2082, '["온라인 관람"]', 6, 2082, 51, 2082);
INSERT INTO supporting_projects(supporting_project_id, supported_at, delivery_id, payment_id, project_id, user_id) VALUES (2083, (SELECT projects.start_date + INTERVAL 17 DAY FROM projects WHERE projects.id=51), 1, 2083, 51, 26);
INSERT INTO orders (order_id, created_at, delivery_id, payment_id, supporting_project_id) VALUES (2083, (SELECT projects.start_date + INTERVAL 17 DAY FROM projects WHERE projects.id=51), 1, 2083, 2083);
INSERT INTO supporting_packages(id, option_list, package_count, order_id, project_package_id, supporting_project_id) VALUES (2083, '["일반석"]', 3, 2083, 51, 2083);
INSERT INTO supporting_projects(supporting_project_id, supported_at, delivery_id, payment_id, project_id, user_id) VALUES (2084, (SELECT projects.start_date + INTERVAL 28 DAY FROM projects WHERE projects.id=51), 1, 2084, 51, 5);
INSERT INTO orders (order_id, created_at, delivery_id, payment_id, supporting_project_id) VALUES (2084, (SELECT projects.start_date + INTERVAL 28 DAY FROM projects WHERE projects.id=51), 1, 2084, 2084);
INSERT INTO supporting_packages(id, option_list, package_count, order_id, project_package_id, supporting_project_id) VALUES (2084, '["일반석"]', 5, 2084, 51, 2084);
INSERT INTO supporting_projects(supporting_project_id, supported_at, delivery_id, payment_id, project_id, user_id) VALUES (2085, (SELECT projects.start_date + INTERVAL 21 DAY FROM projects WHERE projects.id=51), 1, 2085, 51, 20);
INSERT INTO orders (order_id, created_at, delivery_id, payment_id, supporting_project_id) VALUES (2085, (SELECT projects.start_date + INTERVAL 21 DAY FROM projects WHERE projects.id=51), 1, 2085, 2085);
INSERT INTO supporting_packages(id, option_list, package_count, order_id, project_package_id, supporting_project_id) VALUES (2085, '["온라인 관람"]', 6, 2085, 51, 2085);
INSERT INTO supporting_projects(supporting_project_id, supported_at, delivery_id, payment_id, project_id, user_id) VALUES (2086, (SELECT projects.start_date + INTERVAL 34 DAY FROM projects WHERE projects.id=51), 1, 2086, 51, 32);
INSERT INTO orders (order_id, created_at, delivery_id, payment_id, supporting_project_id) VALUES (2086, (SELECT projects.start_date + INTERVAL 34 DAY FROM projects WHERE projects.id=51), 1, 2086, 2086);
INSERT INTO supporting_packages(id, option_list, package_count, order_id, project_package_id, supporting_project_id) VALUES (2086, '["일반석"]', 10, 2086, 51, 2086);
INSERT INTO supporting_projects(supporting_project_id, supported_at, delivery_id, payment_id, project_id, user_id) VALUES (2087, (SELECT projects.start_date + INTERVAL 35 DAY FROM projects WHERE projects.id=51), 1, 2087, 51, 16);
INSERT INTO orders (order_id, created_at, delivery_id, payment_id, supporting_project_id) VALUES (2087, (SELECT projects.start_date + INTERVAL 35 DAY FROM projects WHERE projects.id=51), 1, 2087, 2087);
INSERT INTO supporting_packages(id, option_list, package_count, order_id, project_package_id, supporting_project_id) VALUES (2087, '["온라인 관람"]', 3, 2087, 51, 2087);
INSERT INTO supporting_projects(supporting_project_id, supported_at, delivery_id, payment_id, project_id, user_id) VALUES (2088, (SELECT projects.start_date + INTERVAL 38 DAY FROM projects WHERE projects.id=51), 1, 2088, 51, 31);
INSERT INTO orders (order_id, created_at, delivery_id, payment_id, supporting_project_id) VALUES (2088, (SELECT projects.start_date + INTERVAL 38 DAY FROM projects WHERE projects.id=51), 1, 2088, 2088);
INSERT INTO supporting_packages(id, option_list, package_count, order_id, project_package_id, supporting_project_id) VALUES (2088, '["VIP석"]', 4, 2088, 51, 2088);
INSERT INTO supporting_projects(supporting_project_id, supported_at, delivery_id, payment_id, project_id, user_id) VALUES (2089, (SELECT projects.start_date + INTERVAL 38 DAY FROM projects WHERE projects.id=51), 1, 2089, 51, 20);
INSERT INTO orders (order_id, created_at, delivery_id, payment_id, supporting_project_id) VALUES (2089, (SELECT projects.start_date + INTERVAL 38 DAY FROM projects WHERE projects.id=51), 1, 2089, 2089);
INSERT INTO supporting_packages(id, option_list, package_count, order_id, project_package_id, supporting_project_id) VALUES (2089, '["VIP석"]', 1, 2089, 51, 2089);
INSERT INTO supporting_projects(supporting_project_id, supported_at, delivery_id, payment_id, project_id, user_id) VALUES (2090, (SELECT projects.start_date + INTERVAL 23 DAY FROM projects WHERE projects.id=51), 1, 2090, 51, 22);
INSERT INTO orders (order_id, created_at, delivery_id, payment_id, supporting_project_id) VALUES (2090, (SELECT projects.start_date + INTERVAL 23 DAY FROM projects WHERE projects.id=51), 1, 2090, 2090);
INSERT INTO supporting_packages(id, option_list, package_count, order_id, project_package_id, supporting_project_id) VALUES (2090, '["VIP석"]', 5, 2090, 51, 2090);
INSERT INTO supporting_projects(supporting_project_id, supported_at, delivery_id, payment_id, project_id, user_id) VALUES (2091, (SELECT projects.start_date + INTERVAL 30 DAY FROM projects WHERE projects.id=51), 1, 2091, 51, 24);
INSERT INTO orders (order_id, created_at, delivery_id, payment_id, supporting_project_id) VALUES (2091, (SELECT projects.start_date + INTERVAL 30 DAY FROM projects WHERE projects.id=51), 1, 2091, 2091);
INSERT INTO supporting_packages(id, option_list, package_count, order_id, project_package_id, supporting_project_id) VALUES (2091, '["VIP석"]', 6, 2091, 51, 2091);
INSERT INTO supporting_projects(supporting_project_id, supported_at, delivery_id, payment_id, project_id, user_id) VALUES (2092, (SELECT projects.start_date + INTERVAL 19 DAY FROM projects WHERE projects.id=51), 1, 2092, 51, 24);
INSERT INTO orders (order_id, created_at, delivery_id, payment_id, supporting_project_id) VALUES (2092, (SELECT projects.start_date + INTERVAL 19 DAY FROM projects WHERE projects.id=51), 1, 2092, 2092);
INSERT INTO supporting_packages(id, option_list, package_count, order_id, project_package_id, supporting_project_id) VALUES (2092, '["일반석"]', 6, 2092, 51, 2092);
INSERT INTO supporting_projects(supporting_project_id, supported_at, delivery_id, payment_id, project_id, user_id) VALUES (2093, (SELECT projects.start_date + INTERVAL 38 DAY FROM projects WHERE projects.id=51), 1, 2093, 51, 7);
INSERT INTO orders (order_id, created_at, delivery_id, payment_id, supporting_project_id) VALUES (2093, (SELECT projects.start_date + INTERVAL 38 DAY FROM projects WHERE projects.id=51), 1, 2093, 2093);
INSERT INTO supporting_packages(id, option_list, package_count, order_id, project_package_id, supporting_project_id) VALUES (2093, '["VIP석"]', 6, 2093, 51, 2093);
INSERT INTO supporting_projects(supporting_project_id, supported_at, delivery_id, payment_id, project_id, user_id) VALUES (2094, (SELECT projects.start_date + INTERVAL 34 DAY FROM projects WHERE projects.id=51), 1, 2094, 51, 25);
INSERT INTO orders (order_id, created_at, delivery_id, payment_id, supporting_project_id) VALUES (2094, (SELECT projects.start_date + INTERVAL 34 DAY FROM projects WHERE projects.id=51), 1, 2094, 2094);
INSERT INTO supporting_packages(id, option_list, package_count, order_id, project_package_id, supporting_project_id) VALUES (2094, '["VIP석"]', 2, 2094, 51, 2094);
INSERT INTO supporting_projects(supporting_project_id, supported_at, delivery_id, payment_id, project_id, user_id) VALUES (2095, (SELECT projects.start_date + INTERVAL 8 DAY FROM projects WHERE projects.id=51), 1, 2095, 51, 19);
INSERT INTO orders (order_id, created_at, delivery_id, payment_id, supporting_project_id) VALUES (2095, (SELECT projects.start_date + INTERVAL 8 DAY FROM projects WHERE projects.id=51), 1, 2095, 2095);
INSERT INTO supporting_packages(id, option_list, package_count, order_id, project_package_id, supporting_project_id) VALUES (2095, '["일반석"]', 5, 2095, 51, 2095);
INSERT INTO supporting_projects(supporting_project_id, supported_at, delivery_id, payment_id, project_id, user_id) VALUES (2096, (SELECT projects.start_date + INTERVAL 15 DAY FROM projects WHERE projects.id=51), 1, 2096, 51, 29);
INSERT INTO orders (order_id, created_at, delivery_id, payment_id, supporting_project_id) VALUES (2096, (SELECT projects.start_date + INTERVAL 15 DAY FROM projects WHERE projects.id=51), 1, 2096, 2096);
INSERT INTO supporting_packages(id, option_list, package_count, order_id, project_package_id, supporting_project_id) VALUES (2096, '["VIP석"]', 3, 2096, 51, 2096);
INSERT INTO supporting_projects(supporting_project_id, supported_at, delivery_id, payment_id, project_id, user_id) VALUES (2097, (SELECT projects.start_date + INTERVAL 22 DAY FROM projects WHERE projects.id=51), 1, 2097, 51, 22);
INSERT INTO orders (order_id, created_at, delivery_id, payment_id, supporting_project_id) VALUES (2097, (SELECT projects.start_date + INTERVAL 22 DAY FROM projects WHERE projects.id=51), 1, 2097, 2097);
INSERT INTO supporting_packages(id, option_list, package_count, order_id, project_package_id, supporting_project_id) VALUES (2097, '["온라인 관람"]', 6, 2097, 51, 2097);
INSERT INTO supporting_projects(supporting_project_id, supported_at, delivery_id, payment_id, project_id, user_id) VALUES (2098, (SELECT projects.start_date + INTERVAL 24 DAY FROM projects WHERE projects.id=51), 1, 2098, 51, 35);
INSERT INTO orders (order_id, created_at, delivery_id, payment_id, supporting_project_id) VALUES (2098, (SELECT projects.start_date + INTERVAL 24 DAY FROM projects WHERE projects.id=51), 1, 2098, 2098);
INSERT INTO supporting_packages(id, option_list, package_count, order_id, project_package_id, supporting_project_id) VALUES (2098, '["온라인 관람"]', 7, 2098, 51, 2098);
INSERT INTO supporting_projects(supporting_project_id, supported_at, delivery_id, payment_id, project_id, user_id) VALUES (2099, (SELECT projects.start_date + INTERVAL 47 DAY FROM projects WHERE projects.id=52), 1, 2099, 52, 14);
INSERT INTO orders (order_id, created_at, delivery_id, payment_id, supporting_project_id) VALUES (2099, (SELECT projects.start_date + INTERVAL 47 DAY FROM projects WHERE projects.id=52), 1, 2099, 2099);
INSERT INTO supporting_packages(id, option_list, package_count, order_id, project_package_id, supporting_project_id) VALUES (2099, '["티셔츠"]', 10, 2099, 52, 2099);
INSERT INTO supporting_projects(supporting_project_id, supported_at, delivery_id, payment_id, project_id, user_id) VALUES (2100, (SELECT projects.start_date + INTERVAL 19 DAY FROM projects WHERE projects.id=52), 1, 2100, 52, 14);
INSERT INTO orders (order_id, created_at, delivery_id, payment_id, supporting_project_id) VALUES (2100, (SELECT projects.start_date + INTERVAL 19 DAY FROM projects WHERE projects.id=52), 1, 2100, 2100);
INSERT INTO supporting_packages(id, option_list, package_count, order_id, project_package_id, supporting_project_id) VALUES (2100, '["재킷"]', 9, 2100, 52, 2100);
INSERT INTO supporting_projects(supporting_project_id, supported_at, delivery_id, payment_id, project_id, user_id) VALUES (2101, (SELECT projects.start_date + INTERVAL 15 DAY FROM projects WHERE projects.id=52), 1, 2101, 52, 1);
INSERT INTO orders (order_id, created_at, delivery_id, payment_id, supporting_project_id) VALUES (2101, (SELECT projects.start_date + INTERVAL 15 DAY FROM projects WHERE projects.id=52), 1, 2101, 2101);
INSERT INTO supporting_packages(id, option_list, package_count, order_id, project_package_id, supporting_project_id) VALUES (2101, '["한복 스타일"]', 3, 2101, 52, 2101);
INSERT INTO supporting_projects(supporting_project_id, supported_at, delivery_id, payment_id, project_id, user_id) VALUES (2102, (SELECT projects.start_date + INTERVAL 3 DAY FROM projects WHERE projects.id=52), 1, 2102, 52, 3);
INSERT INTO orders (order_id, created_at, delivery_id, payment_id, supporting_project_id) VALUES (2102, (SELECT projects.start_date + INTERVAL 3 DAY FROM projects WHERE projects.id=52), 1, 2102, 2102);
INSERT INTO supporting_packages(id, option_list, package_count, order_id, project_package_id, supporting_project_id) VALUES (2102, '["재킷"]', 6, 2102, 52, 2102);
INSERT INTO supporting_projects(supporting_project_id, supported_at, delivery_id, payment_id, project_id, user_id) VALUES (2103, (SELECT projects.start_date + INTERVAL 32 DAY FROM projects WHERE projects.id=52), 1, 2103, 52, 15);
INSERT INTO orders (order_id, created_at, delivery_id, payment_id, supporting_project_id) VALUES (2103, (SELECT projects.start_date + INTERVAL 32 DAY FROM projects WHERE projects.id=52), 1, 2103, 2103);
INSERT INTO supporting_packages(id, option_list, package_count, order_id, project_package_id, supporting_project_id) VALUES (2103, '["티셔츠"]', 9, 2103, 52, 2103);
INSERT INTO supporting_projects(supporting_project_id, supported_at, delivery_id, payment_id, project_id, user_id) VALUES (2104, (SELECT projects.start_date + INTERVAL 8 DAY FROM projects WHERE projects.id=52), 1, 2104, 52, 36);
INSERT INTO orders (order_id, created_at, delivery_id, payment_id, supporting_project_id) VALUES (2104, (SELECT projects.start_date + INTERVAL 8 DAY FROM projects WHERE projects.id=52), 1, 2104, 2104);
INSERT INTO supporting_packages(id, option_list, package_count, order_id, project_package_id, supporting_project_id) VALUES (2104, '["티셔츠"]', 5, 2104, 52, 2104);
INSERT INTO supporting_projects(supporting_project_id, supported_at, delivery_id, payment_id, project_id, user_id) VALUES (2105, (SELECT projects.start_date + INTERVAL 24 DAY FROM projects WHERE projects.id=52), 1, 2105, 52, 40);
INSERT INTO orders (order_id, created_at, delivery_id, payment_id, supporting_project_id) VALUES (2105, (SELECT projects.start_date + INTERVAL 24 DAY FROM projects WHERE projects.id=52), 1, 2105, 2105);
INSERT INTO supporting_packages(id, option_list, package_count, order_id, project_package_id, supporting_project_id) VALUES (2105, '["재킷"]', 3, 2105, 52, 2105);
INSERT INTO supporting_projects(supporting_project_id, supported_at, delivery_id, payment_id, project_id, user_id) VALUES (2106, (SELECT projects.start_date + INTERVAL 39 DAY FROM projects WHERE projects.id=52), 1, 2106, 52, 25);
INSERT INTO orders (order_id, created_at, delivery_id, payment_id, supporting_project_id) VALUES (2106, (SELECT projects.start_date + INTERVAL 39 DAY FROM projects WHERE projects.id=52), 1, 2106, 2106);
INSERT INTO supporting_packages(id, option_list, package_count, order_id, project_package_id, supporting_project_id) VALUES (2106, '["한복 스타일"]', 8, 2106, 52, 2106);
INSERT INTO supporting_projects(supporting_project_id, supported_at, delivery_id, payment_id, project_id, user_id) VALUES (2107, (SELECT projects.start_date + INTERVAL 49 DAY FROM projects WHERE projects.id=52), 1, 2107, 52, 3);
INSERT INTO orders (order_id, created_at, delivery_id, payment_id, supporting_project_id) VALUES (2107, (SELECT projects.start_date + INTERVAL 49 DAY FROM projects WHERE projects.id=52), 1, 2107, 2107);
INSERT INTO supporting_packages(id, option_list, package_count, order_id, project_package_id, supporting_project_id) VALUES (2107, '["티셔츠"]', 4, 2107, 52, 2107);
INSERT INTO supporting_projects(supporting_project_id, supported_at, delivery_id, payment_id, project_id, user_id) VALUES (2108, (SELECT projects.start_date + INTERVAL 36 DAY FROM projects WHERE projects.id=52), 1, 2108, 52, 31);
INSERT INTO orders (order_id, created_at, delivery_id, payment_id, supporting_project_id) VALUES (2108, (SELECT projects.start_date + INTERVAL 36 DAY FROM projects WHERE projects.id=52), 1, 2108, 2108);
INSERT INTO supporting_packages(id, option_list, package_count, order_id, project_package_id, supporting_project_id) VALUES (2108, '["티셔츠"]', 8, 2108, 52, 2108);
INSERT INTO supporting_projects(supporting_project_id, supported_at, delivery_id, payment_id, project_id, user_id) VALUES (2109, (SELECT projects.start_date + INTERVAL 30 DAY FROM projects WHERE projects.id=52), 1, 2109, 52, 24);
INSERT INTO orders (order_id, created_at, delivery_id, payment_id, supporting_project_id) VALUES (2109, (SELECT projects.start_date + INTERVAL 30 DAY FROM projects WHERE projects.id=52), 1, 2109, 2109);
INSERT INTO supporting_packages(id, option_list, package_count, order_id, project_package_id, supporting_project_id) VALUES (2109, '["한복 스타일"]', 4, 2109, 52, 2109);
INSERT INTO supporting_projects(supporting_project_id, supported_at, delivery_id, payment_id, project_id, user_id) VALUES (2110, (SELECT projects.start_date + INTERVAL 42 DAY FROM projects WHERE projects.id=52), 1, 2110, 52, 28);
INSERT INTO orders (order_id, created_at, delivery_id, payment_id, supporting_project_id) VALUES (2110, (SELECT projects.start_date + INTERVAL 42 DAY FROM projects WHERE projects.id=52), 1, 2110, 2110);
INSERT INTO supporting_packages(id, option_list, package_count, order_id, project_package_id, supporting_project_id) VALUES (2110, '["한복 스타일"]', 1, 2110, 52, 2110);
INSERT INTO supporting_projects(supporting_project_id, supported_at, delivery_id, payment_id, project_id, user_id) VALUES (2111, (SELECT projects.start_date + INTERVAL 10 DAY FROM projects WHERE projects.id=52), 1, 2111, 52, 10);
INSERT INTO orders (order_id, created_at, delivery_id, payment_id, supporting_project_id) VALUES (2111, (SELECT projects.start_date + INTERVAL 10 DAY FROM projects WHERE projects.id=52), 1, 2111, 2111);
INSERT INTO supporting_packages(id, option_list, package_count, order_id, project_package_id, supporting_project_id) VALUES (2111, '["티셔츠"]', 2, 2111, 52, 2111);
INSERT INTO supporting_projects(supporting_project_id, supported_at, delivery_id, payment_id, project_id, user_id) VALUES (2112, (SELECT projects.start_date + INTERVAL 26 DAY FROM projects WHERE projects.id=52), 1, 2112, 52, 25);
INSERT INTO orders (order_id, created_at, delivery_id, payment_id, supporting_project_id) VALUES (2112, (SELECT projects.start_date + INTERVAL 26 DAY FROM projects WHERE projects.id=52), 1, 2112, 2112);
INSERT INTO supporting_packages(id, option_list, package_count, order_id, project_package_id, supporting_project_id) VALUES (2112, '["티셔츠"]', 4, 2112, 52, 2112);
INSERT INTO supporting_projects(supporting_project_id, supported_at, delivery_id, payment_id, project_id, user_id) VALUES (2113, (SELECT projects.start_date + INTERVAL 38 DAY FROM projects WHERE projects.id=52), 1, 2113, 52, 31);
INSERT INTO orders (order_id, created_at, delivery_id, payment_id, supporting_project_id) VALUES (2113, (SELECT projects.start_date + INTERVAL 38 DAY FROM projects WHERE projects.id=52), 1, 2113, 2113);
INSERT INTO supporting_packages(id, option_list, package_count, order_id, project_package_id, supporting_project_id) VALUES (2113, '["티셔츠"]', 7, 2113, 52, 2113);
INSERT INTO supporting_projects(supporting_project_id, supported_at, delivery_id, payment_id, project_id, user_id) VALUES (2114, (SELECT projects.start_date + INTERVAL 38 DAY FROM projects WHERE projects.id=52), 1, 2114, 52, 17);
INSERT INTO orders (order_id, created_at, delivery_id, payment_id, supporting_project_id) VALUES (2114, (SELECT projects.start_date + INTERVAL 38 DAY FROM projects WHERE projects.id=52), 1, 2114, 2114);
INSERT INTO supporting_packages(id, option_list, package_count, order_id, project_package_id, supporting_project_id) VALUES (2114, '["티셔츠"]', 9, 2114, 52, 2114);
INSERT INTO supporting_projects(supporting_project_id, supported_at, delivery_id, payment_id, project_id, user_id) VALUES (2115, (SELECT projects.start_date + INTERVAL 40 DAY FROM projects WHERE projects.id=52), 1, 2115, 52, 36);
INSERT INTO orders (order_id, created_at, delivery_id, payment_id, supporting_project_id) VALUES (2115, (SELECT projects.start_date + INTERVAL 40 DAY FROM projects WHERE projects.id=52), 1, 2115, 2115);
INSERT INTO supporting_packages(id, option_list, package_count, order_id, project_package_id, supporting_project_id) VALUES (2115, '["한복 스타일"]', 1, 2115, 52, 2115);
INSERT INTO supporting_projects(supporting_project_id, supported_at, delivery_id, payment_id, project_id, user_id) VALUES (2116, (SELECT projects.start_date + INTERVAL 42 DAY FROM projects WHERE projects.id=52), 1, 2116, 52, 27);
INSERT INTO orders (order_id, created_at, delivery_id, payment_id, supporting_project_id) VALUES (2116, (SELECT projects.start_date + INTERVAL 42 DAY FROM projects WHERE projects.id=52), 1, 2116, 2116);
INSERT INTO supporting_packages(id, option_list, package_count, order_id, project_package_id, supporting_project_id) VALUES (2116, '["재킷"]', 8, 2116, 52, 2116);
INSERT INTO supporting_projects(supporting_project_id, supported_at, delivery_id, payment_id, project_id, user_id) VALUES (2117, (SELECT projects.start_date + INTERVAL 39 DAY FROM projects WHERE projects.id=52), 1, 2117, 52, 4);
INSERT INTO orders (order_id, created_at, delivery_id, payment_id, supporting_project_id) VALUES (2117, (SELECT projects.start_date + INTERVAL 39 DAY FROM projects WHERE projects.id=52), 1, 2117, 2117);
INSERT INTO supporting_packages(id, option_list, package_count, order_id, project_package_id, supporting_project_id) VALUES (2117, '["재킷"]', 6, 2117, 52, 2117);
INSERT INTO supporting_projects(supporting_project_id, supported_at, delivery_id, payment_id, project_id, user_id) VALUES (2118, (SELECT projects.start_date + INTERVAL 28 DAY FROM projects WHERE projects.id=52), 1, 2118, 52, 11);
INSERT INTO orders (order_id, created_at, delivery_id, payment_id, supporting_project_id) VALUES (2118, (SELECT projects.start_date + INTERVAL 28 DAY FROM projects WHERE projects.id=52), 1, 2118, 2118);
INSERT INTO supporting_packages(id, option_list, package_count, order_id, project_package_id, supporting_project_id) VALUES (2118, '["티셔츠"]', 1, 2118, 52, 2118);
INSERT INTO supporting_projects(supporting_project_id, supported_at, delivery_id, payment_id, project_id, user_id) VALUES (2119, (SELECT projects.start_date + INTERVAL 42 DAY FROM projects WHERE projects.id=52), 1, 2119, 52, 22);
INSERT INTO orders (order_id, created_at, delivery_id, payment_id, supporting_project_id) VALUES (2119, (SELECT projects.start_date + INTERVAL 42 DAY FROM projects WHERE projects.id=52), 1, 2119, 2119);
INSERT INTO supporting_packages(id, option_list, package_count, order_id, project_package_id, supporting_project_id) VALUES (2119, '["재킷"]', 1, 2119, 52, 2119);
INSERT INTO supporting_projects(supporting_project_id, supported_at, delivery_id, payment_id, project_id, user_id) VALUES (2120, (SELECT projects.start_date + INTERVAL 48 DAY FROM projects WHERE projects.id=52), 1, 2120, 52, 11);
INSERT INTO orders (order_id, created_at, delivery_id, payment_id, supporting_project_id) VALUES (2120, (SELECT projects.start_date + INTERVAL 48 DAY FROM projects WHERE projects.id=52), 1, 2120, 2120);
INSERT INTO supporting_packages(id, option_list, package_count, order_id, project_package_id, supporting_project_id) VALUES (2120, '["한복 스타일"]', 10, 2120, 52, 2120);
INSERT INTO supporting_projects(supporting_project_id, supported_at, delivery_id, payment_id, project_id, user_id) VALUES (2121, (SELECT projects.start_date + INTERVAL 40 DAY FROM projects WHERE projects.id=52), 1, 2121, 52, 3);
INSERT INTO orders (order_id, created_at, delivery_id, payment_id, supporting_project_id) VALUES (2121, (SELECT projects.start_date + INTERVAL 40 DAY FROM projects WHERE projects.id=52), 1, 2121, 2121);
INSERT INTO supporting_packages(id, option_list, package_count, order_id, project_package_id, supporting_project_id) VALUES (2121, '["티셔츠"]', 3, 2121, 52, 2121);
INSERT INTO supporting_projects(supporting_project_id, supported_at, delivery_id, payment_id, project_id, user_id) VALUES (2122, (SELECT projects.start_date + INTERVAL 10 DAY FROM projects WHERE projects.id=52), 1, 2122, 52, 26);
INSERT INTO orders (order_id, created_at, delivery_id, payment_id, supporting_project_id) VALUES (2122, (SELECT projects.start_date + INTERVAL 10 DAY FROM projects WHERE projects.id=52), 1, 2122, 2122);
INSERT INTO supporting_packages(id, option_list, package_count, order_id, project_package_id, supporting_project_id) VALUES (2122, '["티셔츠"]', 5, 2122, 52, 2122);
INSERT INTO supporting_projects(supporting_project_id, supported_at, delivery_id, payment_id, project_id, user_id) VALUES (2123, (SELECT projects.start_date + INTERVAL 41 DAY FROM projects WHERE projects.id=52), 1, 2123, 52, 16);
INSERT INTO orders (order_id, created_at, delivery_id, payment_id, supporting_project_id) VALUES (2123, (SELECT projects.start_date + INTERVAL 41 DAY FROM projects WHERE projects.id=52), 1, 2123, 2123);
INSERT INTO supporting_packages(id, option_list, package_count, order_id, project_package_id, supporting_project_id) VALUES (2123, '["티셔츠"]', 7, 2123, 52, 2123);
INSERT INTO supporting_projects(supporting_project_id, supported_at, delivery_id, payment_id, project_id, user_id) VALUES (2124, (SELECT projects.start_date + INTERVAL 16 DAY FROM projects WHERE projects.id=52), 1, 2124, 52, 15);
INSERT INTO orders (order_id, created_at, delivery_id, payment_id, supporting_project_id) VALUES (2124, (SELECT projects.start_date + INTERVAL 16 DAY FROM projects WHERE projects.id=52), 1, 2124, 2124);
INSERT INTO supporting_packages(id, option_list, package_count, order_id, project_package_id, supporting_project_id) VALUES (2124, '["재킷"]', 6, 2124, 52, 2124);
INSERT INTO supporting_projects(supporting_project_id, supported_at, delivery_id, payment_id, project_id, user_id) VALUES (2125, (SELECT projects.start_date + INTERVAL 48 DAY FROM projects WHERE projects.id=52), 1, 2125, 52, 23);
INSERT INTO orders (order_id, created_at, delivery_id, payment_id, supporting_project_id) VALUES (2125, (SELECT projects.start_date + INTERVAL 48 DAY FROM projects WHERE projects.id=52), 1, 2125, 2125);
INSERT INTO supporting_packages(id, option_list, package_count, order_id, project_package_id, supporting_project_id) VALUES (2125, '["티셔츠"]', 6, 2125, 52, 2125);
INSERT INTO supporting_projects(supporting_project_id, supported_at, delivery_id, payment_id, project_id, user_id) VALUES (2126, (SELECT projects.start_date + INTERVAL 33 DAY FROM projects WHERE projects.id=52), 1, 2126, 52, 33);
INSERT INTO orders (order_id, created_at, delivery_id, payment_id, supporting_project_id) VALUES (2126, (SELECT projects.start_date + INTERVAL 33 DAY FROM projects WHERE projects.id=52), 1, 2126, 2126);
INSERT INTO supporting_packages(id, option_list, package_count, order_id, project_package_id, supporting_project_id) VALUES (2126, '["한복 스타일"]', 9, 2126, 52, 2126);
INSERT INTO supporting_projects(supporting_project_id, supported_at, delivery_id, payment_id, project_id, user_id) VALUES (2127, (SELECT projects.start_date + INTERVAL 10 DAY FROM projects WHERE projects.id=52), 1, 2127, 52, 40);
INSERT INTO orders (order_id, created_at, delivery_id, payment_id, supporting_project_id) VALUES (2127, (SELECT projects.start_date + INTERVAL 10 DAY FROM projects WHERE projects.id=52), 1, 2127, 2127);
INSERT INTO supporting_packages(id, option_list, package_count, order_id, project_package_id, supporting_project_id) VALUES (2127, '["티셔츠"]', 2, 2127, 52, 2127);
INSERT INTO supporting_projects(supporting_project_id, supported_at, delivery_id, payment_id, project_id, user_id) VALUES (2128, (SELECT projects.start_date + INTERVAL 50 DAY FROM projects WHERE projects.id=52), 1, 2128, 52, 18);
INSERT INTO orders (order_id, created_at, delivery_id, payment_id, supporting_project_id) VALUES (2128, (SELECT projects.start_date + INTERVAL 50 DAY FROM projects WHERE projects.id=52), 1, 2128, 2128);
INSERT INTO supporting_packages(id, option_list, package_count, order_id, project_package_id, supporting_project_id) VALUES (2128, '["재킷"]', 2, 2128, 52, 2128);
INSERT INTO supporting_projects(supporting_project_id, supported_at, delivery_id, payment_id, project_id, user_id) VALUES (2129, (SELECT projects.start_date + INTERVAL 21 DAY FROM projects WHERE projects.id=52), 1, 2129, 52, 15);
INSERT INTO orders (order_id, created_at, delivery_id, payment_id, supporting_project_id) VALUES (2129, (SELECT projects.start_date + INTERVAL 21 DAY FROM projects WHERE projects.id=52), 1, 2129, 2129);
INSERT INTO supporting_packages(id, option_list, package_count, order_id, project_package_id, supporting_project_id) VALUES (2129, '["재킷"]', 7, 2129, 52, 2129);
INSERT INTO supporting_projects(supporting_project_id, supported_at, delivery_id, payment_id, project_id, user_id) VALUES (2130, (SELECT projects.start_date + INTERVAL 43 DAY FROM projects WHERE projects.id=52), 1, 2130, 52, 36);
INSERT INTO orders (order_id, created_at, delivery_id, payment_id, supporting_project_id) VALUES (2130, (SELECT projects.start_date + INTERVAL 43 DAY FROM projects WHERE projects.id=52), 1, 2130, 2130);
INSERT INTO supporting_packages(id, option_list, package_count, order_id, project_package_id, supporting_project_id) VALUES (2130, '["티셔츠"]', 8, 2130, 52, 2130);
INSERT INTO supporting_projects(supporting_project_id, supported_at, delivery_id, payment_id, project_id, user_id) VALUES (2131, (SELECT projects.start_date + INTERVAL 29 DAY FROM projects WHERE projects.id=52), 1, 2131, 52, 10);
INSERT INTO orders (order_id, created_at, delivery_id, payment_id, supporting_project_id) VALUES (2131, (SELECT projects.start_date + INTERVAL 29 DAY FROM projects WHERE projects.id=52), 1, 2131, 2131);
INSERT INTO supporting_packages(id, option_list, package_count, order_id, project_package_id, supporting_project_id) VALUES (2131, '["티셔츠"]', 8, 2131, 52, 2131);
INSERT INTO supporting_projects(supporting_project_id, supported_at, delivery_id, payment_id, project_id, user_id) VALUES (2132, (SELECT projects.start_date + INTERVAL 30 DAY FROM projects WHERE projects.id=52), 1, 2132, 52, 22);
INSERT INTO orders (order_id, created_at, delivery_id, payment_id, supporting_project_id) VALUES (2132, (SELECT projects.start_date + INTERVAL 30 DAY FROM projects WHERE projects.id=52), 1, 2132, 2132);
INSERT INTO supporting_packages(id, option_list, package_count, order_id, project_package_id, supporting_project_id) VALUES (2132, '["재킷"]', 9, 2132, 52, 2132);
INSERT INTO supporting_projects(supporting_project_id, supported_at, delivery_id, payment_id, project_id, user_id) VALUES (2133, (SELECT projects.start_date + INTERVAL 22 DAY FROM projects WHERE projects.id=52), 1, 2133, 52, 13);
INSERT INTO orders (order_id, created_at, delivery_id, payment_id, supporting_project_id) VALUES (2133, (SELECT projects.start_date + INTERVAL 22 DAY FROM projects WHERE projects.id=52), 1, 2133, 2133);
INSERT INTO supporting_packages(id, option_list, package_count, order_id, project_package_id, supporting_project_id) VALUES (2133, '["티셔츠"]', 4, 2133, 52, 2133);
INSERT INTO supporting_projects(supporting_project_id, supported_at, delivery_id, payment_id, project_id, user_id) VALUES (2134, (SELECT projects.start_date + INTERVAL 46 DAY FROM projects WHERE projects.id=52), 1, 2134, 52, 21);
INSERT INTO orders (order_id, created_at, delivery_id, payment_id, supporting_project_id) VALUES (2134, (SELECT projects.start_date + INTERVAL 46 DAY FROM projects WHERE projects.id=52), 1, 2134, 2134);
INSERT INTO supporting_packages(id, option_list, package_count, order_id, project_package_id, supporting_project_id) VALUES (2134, '["티셔츠"]', 5, 2134, 52, 2134);
INSERT INTO supporting_projects(supporting_project_id, supported_at, delivery_id, payment_id, project_id, user_id) VALUES (2135, (SELECT projects.start_date + INTERVAL 34 DAY FROM projects WHERE projects.id=52), 1, 2135, 52, 12);
INSERT INTO orders (order_id, created_at, delivery_id, payment_id, supporting_project_id) VALUES (2135, (SELECT projects.start_date + INTERVAL 34 DAY FROM projects WHERE projects.id=52), 1, 2135, 2135);
INSERT INTO supporting_packages(id, option_list, package_count, order_id, project_package_id, supporting_project_id) VALUES (2135, '["티셔츠"]', 4, 2135, 52, 2135);
INSERT INTO supporting_projects(supporting_project_id, supported_at, delivery_id, payment_id, project_id, user_id) VALUES (2136, (SELECT projects.start_date + INTERVAL 46 DAY FROM projects WHERE projects.id=52), 1, 2136, 52, 31);
INSERT INTO orders (order_id, created_at, delivery_id, payment_id, supporting_project_id) VALUES (2136, (SELECT projects.start_date + INTERVAL 46 DAY FROM projects WHERE projects.id=52), 1, 2136, 2136);
INSERT INTO supporting_packages(id, option_list, package_count, order_id, project_package_id, supporting_project_id) VALUES (2136, '["티셔츠"]', 10, 2136, 52, 2136);
INSERT INTO supporting_projects(supporting_project_id, supported_at, delivery_id, payment_id, project_id, user_id) VALUES (2137, (SELECT projects.start_date + INTERVAL 5 DAY FROM projects WHERE projects.id=52), 1, 2137, 52, 39);
INSERT INTO orders (order_id, created_at, delivery_id, payment_id, supporting_project_id) VALUES (2137, (SELECT projects.start_date + INTERVAL 5 DAY FROM projects WHERE projects.id=52), 1, 2137, 2137);
INSERT INTO supporting_packages(id, option_list, package_count, order_id, project_package_id, supporting_project_id) VALUES (2137, '["한복 스타일"]', 5, 2137, 52, 2137);
INSERT INTO supporting_projects(supporting_project_id, supported_at, delivery_id, payment_id, project_id, user_id) VALUES (2138, (SELECT projects.start_date + INTERVAL 43 DAY FROM projects WHERE projects.id=52), 1, 2138, 52, 23);
INSERT INTO orders (order_id, created_at, delivery_id, payment_id, supporting_project_id) VALUES (2138, (SELECT projects.start_date + INTERVAL 43 DAY FROM projects WHERE projects.id=52), 1, 2138, 2138);
INSERT INTO supporting_packages(id, option_list, package_count, order_id, project_package_id, supporting_project_id) VALUES (2138, '["한복 스타일"]', 10, 2138, 52, 2138);
INSERT INTO supporting_projects(supporting_project_id, supported_at, delivery_id, payment_id, project_id, user_id) VALUES (2139, (SELECT projects.start_date + INTERVAL 12 DAY FROM projects WHERE projects.id=52), 1, 2139, 52, 40);
INSERT INTO orders (order_id, created_at, delivery_id, payment_id, supporting_project_id) VALUES (2139, (SELECT projects.start_date + INTERVAL 12 DAY FROM projects WHERE projects.id=52), 1, 2139, 2139);
INSERT INTO supporting_packages(id, option_list, package_count, order_id, project_package_id, supporting_project_id) VALUES (2139, '["재킷"]', 8, 2139, 52, 2139);
INSERT INTO supporting_projects(supporting_project_id, supported_at, delivery_id, payment_id, project_id, user_id) VALUES (2140, (SELECT projects.start_date + INTERVAL 26 DAY FROM projects WHERE projects.id=52), 1, 2140, 52, 33);
INSERT INTO orders (order_id, created_at, delivery_id, payment_id, supporting_project_id) VALUES (2140, (SELECT projects.start_date + INTERVAL 26 DAY FROM projects WHERE projects.id=52), 1, 2140, 2140);
INSERT INTO supporting_packages(id, option_list, package_count, order_id, project_package_id, supporting_project_id) VALUES (2140, '["티셔츠"]', 8, 2140, 52, 2140);
INSERT INTO supporting_projects(supporting_project_id, supported_at, delivery_id, payment_id, project_id, user_id) VALUES (2141, (SELECT projects.start_date + INTERVAL 11 DAY FROM projects WHERE projects.id=52), 1, 2141, 52, 27);
INSERT INTO orders (order_id, created_at, delivery_id, payment_id, supporting_project_id) VALUES (2141, (SELECT projects.start_date + INTERVAL 11 DAY FROM projects WHERE projects.id=52), 1, 2141, 2141);
INSERT INTO supporting_packages(id, option_list, package_count, order_id, project_package_id, supporting_project_id) VALUES (2141, '["티셔츠"]', 8, 2141, 52, 2141);
INSERT INTO supporting_projects(supporting_project_id, supported_at, delivery_id, payment_id, project_id, user_id) VALUES (2142, (SELECT projects.start_date + INTERVAL 41 DAY FROM projects WHERE projects.id=52), 1, 2142, 52, 37);
INSERT INTO orders (order_id, created_at, delivery_id, payment_id, supporting_project_id) VALUES (2142, (SELECT projects.start_date + INTERVAL 41 DAY FROM projects WHERE projects.id=52), 1, 2142, 2142);
INSERT INTO supporting_packages(id, option_list, package_count, order_id, project_package_id, supporting_project_id) VALUES (2142, '["티셔츠"]', 6, 2142, 52, 2142);
INSERT INTO supporting_projects(supporting_project_id, supported_at, delivery_id, payment_id, project_id, user_id) VALUES (2143, (SELECT projects.start_date + INTERVAL 48 DAY FROM projects WHERE projects.id=52), 1, 2143, 52, 29);
INSERT INTO orders (order_id, created_at, delivery_id, payment_id, supporting_project_id) VALUES (2143, (SELECT projects.start_date + INTERVAL 48 DAY FROM projects WHERE projects.id=52), 1, 2143, 2143);
INSERT INTO supporting_packages(id, option_list, package_count, order_id, project_package_id, supporting_project_id) VALUES (2143, '["재킷"]', 4, 2143, 52, 2143);
INSERT INTO supporting_projects(supporting_project_id, supported_at, delivery_id, payment_id, project_id, user_id) VALUES (2144, (SELECT projects.start_date + INTERVAL 7 DAY FROM projects WHERE projects.id=53), 1, 2144, 53, 18);
INSERT INTO orders (order_id, created_at, delivery_id, payment_id, supporting_project_id) VALUES (2144, (SELECT projects.start_date + INTERVAL 7 DAY FROM projects WHERE projects.id=53), 1, 2144, 2144);
INSERT INTO supporting_packages(id, option_list, package_count, order_id, project_package_id, supporting_project_id) VALUES (2144, '["팀용"]', 8, 2144, 53, 2144);
INSERT INTO supporting_projects(supporting_project_id, supported_at, delivery_id, payment_id, project_id, user_id) VALUES (2145, (SELECT projects.start_date + INTERVAL 2 DAY FROM projects WHERE projects.id=53), 1, 2145, 53, 28);
INSERT INTO orders (order_id, created_at, delivery_id, payment_id, supporting_project_id) VALUES (2145, (SELECT projects.start_date + INTERVAL 2 DAY FROM projects WHERE projects.id=53), 1, 2145, 2145);
INSERT INTO supporting_packages(id, option_list, package_count, order_id, project_package_id, supporting_project_id) VALUES (2145, '["팀용"]', 3, 2145, 53, 2145);
INSERT INTO supporting_projects(supporting_project_id, supported_at, delivery_id, payment_id, project_id, user_id) VALUES (2146, (SELECT projects.start_date + INTERVAL 47 DAY FROM projects WHERE projects.id=53), 1, 2146, 53, 38);
INSERT INTO orders (order_id, created_at, delivery_id, payment_id, supporting_project_id) VALUES (2146, (SELECT projects.start_date + INTERVAL 47 DAY FROM projects WHERE projects.id=53), 1, 2146, 2146);
INSERT INTO supporting_packages(id, option_list, package_count, order_id, project_package_id, supporting_project_id) VALUES (2146, '["개인용"]', 1, 2146, 53, 2146);
INSERT INTO supporting_projects(supporting_project_id, supported_at, delivery_id, payment_id, project_id, user_id) VALUES (2147, (SELECT projects.start_date + INTERVAL 16 DAY FROM projects WHERE projects.id=53), 1, 2147, 53, 16);
INSERT INTO orders (order_id, created_at, delivery_id, payment_id, supporting_project_id) VALUES (2147, (SELECT projects.start_date + INTERVAL 16 DAY FROM projects WHERE projects.id=53), 1, 2147, 2147);
INSERT INTO supporting_packages(id, option_list, package_count, order_id, project_package_id, supporting_project_id) VALUES (2147, '["개인용"]', 7, 2147, 53, 2147);
INSERT INTO supporting_projects(supporting_project_id, supported_at, delivery_id, payment_id, project_id, user_id) VALUES (2148, (SELECT projects.start_date + INTERVAL 12 DAY FROM projects WHERE projects.id=53), 1, 2148, 53, 11);
INSERT INTO orders (order_id, created_at, delivery_id, payment_id, supporting_project_id) VALUES (2148, (SELECT projects.start_date + INTERVAL 12 DAY FROM projects WHERE projects.id=53), 1, 2148, 2148);
INSERT INTO supporting_packages(id, option_list, package_count, order_id, project_package_id, supporting_project_id) VALUES (2148, '["전문가용"]', 8, 2148, 53, 2148);
INSERT INTO supporting_projects(supporting_project_id, supported_at, delivery_id, payment_id, project_id, user_id) VALUES (2149, (SELECT projects.start_date + INTERVAL 40 DAY FROM projects WHERE projects.id=53), 1, 2149, 53, 33);
INSERT INTO orders (order_id, created_at, delivery_id, payment_id, supporting_project_id) VALUES (2149, (SELECT projects.start_date + INTERVAL 40 DAY FROM projects WHERE projects.id=53), 1, 2149, 2149);
INSERT INTO supporting_packages(id, option_list, package_count, order_id, project_package_id, supporting_project_id) VALUES (2149, '["전문가용"]', 1, 2149, 53, 2149);
INSERT INTO supporting_projects(supporting_project_id, supported_at, delivery_id, payment_id, project_id, user_id) VALUES (2150, (SELECT projects.start_date + INTERVAL 14 DAY FROM projects WHERE projects.id=53), 1, 2150, 53, 8);
INSERT INTO orders (order_id, created_at, delivery_id, payment_id, supporting_project_id) VALUES (2150, (SELECT projects.start_date + INTERVAL 14 DAY FROM projects WHERE projects.id=53), 1, 2150, 2150);
INSERT INTO supporting_packages(id, option_list, package_count, order_id, project_package_id, supporting_project_id) VALUES (2150, '["팀용"]', 6, 2150, 53, 2150);
INSERT INTO supporting_projects(supporting_project_id, supported_at, delivery_id, payment_id, project_id, user_id) VALUES (2151, (SELECT projects.start_date + INTERVAL 21 DAY FROM projects WHERE projects.id=53), 1, 2151, 53, 32);
INSERT INTO orders (order_id, created_at, delivery_id, payment_id, supporting_project_id) VALUES (2151, (SELECT projects.start_date + INTERVAL 21 DAY FROM projects WHERE projects.id=53), 1, 2151, 2151);
INSERT INTO supporting_packages(id, option_list, package_count, order_id, project_package_id, supporting_project_id) VALUES (2151, '["팀용"]', 4, 2151, 53, 2151);
INSERT INTO supporting_projects(supporting_project_id, supported_at, delivery_id, payment_id, project_id, user_id) VALUES (2152, (SELECT projects.start_date + INTERVAL 46 DAY FROM projects WHERE projects.id=53), 1, 2152, 53, 37);
INSERT INTO orders (order_id, created_at, delivery_id, payment_id, supporting_project_id) VALUES (2152, (SELECT projects.start_date + INTERVAL 46 DAY FROM projects WHERE projects.id=53), 1, 2152, 2152);
INSERT INTO supporting_packages(id, option_list, package_count, order_id, project_package_id, supporting_project_id) VALUES (2152, '["개인용"]', 4, 2152, 53, 2152);
INSERT INTO supporting_projects(supporting_project_id, supported_at, delivery_id, payment_id, project_id, user_id) VALUES (2153, (SELECT projects.start_date + INTERVAL 12 DAY FROM projects WHERE projects.id=53), 1, 2153, 53, 10);
INSERT INTO orders (order_id, created_at, delivery_id, payment_id, supporting_project_id) VALUES (2153, (SELECT projects.start_date + INTERVAL 12 DAY FROM projects WHERE projects.id=53), 1, 2153, 2153);
INSERT INTO supporting_packages(id, option_list, package_count, order_id, project_package_id, supporting_project_id) VALUES (2153, '["개인용"]', 6, 2153, 53, 2153);
INSERT INTO supporting_projects(supporting_project_id, supported_at, delivery_id, payment_id, project_id, user_id) VALUES (2154, (SELECT projects.start_date + INTERVAL 9 DAY FROM projects WHERE projects.id=53), 1, 2154, 53, 12);
INSERT INTO orders (order_id, created_at, delivery_id, payment_id, supporting_project_id) VALUES (2154, (SELECT projects.start_date + INTERVAL 9 DAY FROM projects WHERE projects.id=53), 1, 2154, 2154);
INSERT INTO supporting_packages(id, option_list, package_count, order_id, project_package_id, supporting_project_id) VALUES (2154, '["전문가용"]', 1, 2154, 53, 2154);
INSERT INTO supporting_projects(supporting_project_id, supported_at, delivery_id, payment_id, project_id, user_id) VALUES (2155, (SELECT projects.start_date + INTERVAL 20 DAY FROM projects WHERE projects.id=53), 1, 2155, 53, 29);
INSERT INTO orders (order_id, created_at, delivery_id, payment_id, supporting_project_id) VALUES (2155, (SELECT projects.start_date + INTERVAL 20 DAY FROM projects WHERE projects.id=53), 1, 2155, 2155);
INSERT INTO supporting_packages(id, option_list, package_count, order_id, project_package_id, supporting_project_id) VALUES (2155, '["팀용"]', 5, 2155, 53, 2155);
INSERT INTO supporting_projects(supporting_project_id, supported_at, delivery_id, payment_id, project_id, user_id) VALUES (2156, (SELECT projects.start_date + INTERVAL 19 DAY FROM projects WHERE projects.id=53), 1, 2156, 53, 36);
INSERT INTO orders (order_id, created_at, delivery_id, payment_id, supporting_project_id) VALUES (2156, (SELECT projects.start_date + INTERVAL 19 DAY FROM projects WHERE projects.id=53), 1, 2156, 2156);
INSERT INTO supporting_packages(id, option_list, package_count, order_id, project_package_id, supporting_project_id) VALUES (2156, '["개인용"]', 2, 2156, 53, 2156);
INSERT INTO supporting_projects(supporting_project_id, supported_at, delivery_id, payment_id, project_id, user_id) VALUES (2157, (SELECT projects.start_date + INTERVAL 22 DAY FROM projects WHERE projects.id=53), 1, 2157, 53, 31);
INSERT INTO orders (order_id, created_at, delivery_id, payment_id, supporting_project_id) VALUES (2157, (SELECT projects.start_date + INTERVAL 22 DAY FROM projects WHERE projects.id=53), 1, 2157, 2157);
INSERT INTO supporting_packages(id, option_list, package_count, order_id, project_package_id, supporting_project_id) VALUES (2157, '["개인용"]', 4, 2157, 53, 2157);
INSERT INTO supporting_projects(supporting_project_id, supported_at, delivery_id, payment_id, project_id, user_id) VALUES (2158, (SELECT projects.start_date + INTERVAL 4 DAY FROM projects WHERE projects.id=53), 1, 2158, 53, 31);
INSERT INTO orders (order_id, created_at, delivery_id, payment_id, supporting_project_id) VALUES (2158, (SELECT projects.start_date + INTERVAL 4 DAY FROM projects WHERE projects.id=53), 1, 2158, 2158);
INSERT INTO supporting_packages(id, option_list, package_count, order_id, project_package_id, supporting_project_id) VALUES (2158, '["개인용"]', 2, 2158, 53, 2158);
INSERT INTO supporting_projects(supporting_project_id, supported_at, delivery_id, payment_id, project_id, user_id) VALUES (2159, (SELECT projects.start_date + INTERVAL 31 DAY FROM projects WHERE projects.id=53), 1, 2159, 53, 18);
INSERT INTO orders (order_id, created_at, delivery_id, payment_id, supporting_project_id) VALUES (2159, (SELECT projects.start_date + INTERVAL 31 DAY FROM projects WHERE projects.id=53), 1, 2159, 2159);
INSERT INTO supporting_packages(id, option_list, package_count, order_id, project_package_id, supporting_project_id) VALUES (2159, '["팀용"]', 10, 2159, 53, 2159);
INSERT INTO supporting_projects(supporting_project_id, supported_at, delivery_id, payment_id, project_id, user_id) VALUES (2160, (SELECT projects.start_date + INTERVAL 35 DAY FROM projects WHERE projects.id=53), 1, 2160, 53, 4);
INSERT INTO orders (order_id, created_at, delivery_id, payment_id, supporting_project_id) VALUES (2160, (SELECT projects.start_date + INTERVAL 35 DAY FROM projects WHERE projects.id=53), 1, 2160, 2160);
INSERT INTO supporting_packages(id, option_list, package_count, order_id, project_package_id, supporting_project_id) VALUES (2160, '["전문가용"]', 9, 2160, 53, 2160);
INSERT INTO supporting_projects(supporting_project_id, supported_at, delivery_id, payment_id, project_id, user_id) VALUES (2161, (SELECT projects.start_date + INTERVAL 44 DAY FROM projects WHERE projects.id=53), 1, 2161, 53, 6);
INSERT INTO orders (order_id, created_at, delivery_id, payment_id, supporting_project_id) VALUES (2161, (SELECT projects.start_date + INTERVAL 44 DAY FROM projects WHERE projects.id=53), 1, 2161, 2161);
INSERT INTO supporting_packages(id, option_list, package_count, order_id, project_package_id, supporting_project_id) VALUES (2161, '["개인용"]', 3, 2161, 53, 2161);
INSERT INTO supporting_projects(supporting_project_id, supported_at, delivery_id, payment_id, project_id, user_id) VALUES (2162, (SELECT projects.start_date + INTERVAL 37 DAY FROM projects WHERE projects.id=53), 1, 2162, 53, 12);
INSERT INTO orders (order_id, created_at, delivery_id, payment_id, supporting_project_id) VALUES (2162, (SELECT projects.start_date + INTERVAL 37 DAY FROM projects WHERE projects.id=53), 1, 2162, 2162);
INSERT INTO supporting_packages(id, option_list, package_count, order_id, project_package_id, supporting_project_id) VALUES (2162, '["개인용"]', 8, 2162, 53, 2162);
INSERT INTO supporting_projects(supporting_project_id, supported_at, delivery_id, payment_id, project_id, user_id) VALUES (2163, (SELECT projects.start_date + INTERVAL 50 DAY FROM projects WHERE projects.id=53), 1, 2163, 53, 12);
INSERT INTO orders (order_id, created_at, delivery_id, payment_id, supporting_project_id) VALUES (2163, (SELECT projects.start_date + INTERVAL 50 DAY FROM projects WHERE projects.id=53), 1, 2163, 2163);
INSERT INTO supporting_packages(id, option_list, package_count, order_id, project_package_id, supporting_project_id) VALUES (2163, '["개인용"]', 9, 2163, 53, 2163);
INSERT INTO supporting_projects(supporting_project_id, supported_at, delivery_id, payment_id, project_id, user_id) VALUES (2164, (SELECT projects.start_date + INTERVAL 17 DAY FROM projects WHERE projects.id=53), 1, 2164, 53, 28);
INSERT INTO orders (order_id, created_at, delivery_id, payment_id, supporting_project_id) VALUES (2164, (SELECT projects.start_date + INTERVAL 17 DAY FROM projects WHERE projects.id=53), 1, 2164, 2164);
INSERT INTO supporting_packages(id, option_list, package_count, order_id, project_package_id, supporting_project_id) VALUES (2164, '["전문가용"]', 5, 2164, 53, 2164);
INSERT INTO supporting_projects(supporting_project_id, supported_at, delivery_id, payment_id, project_id, user_id) VALUES (2165, (SELECT projects.start_date + INTERVAL 14 DAY FROM projects WHERE projects.id=53), 1, 2165, 53, 13);
INSERT INTO orders (order_id, created_at, delivery_id, payment_id, supporting_project_id) VALUES (2165, (SELECT projects.start_date + INTERVAL 14 DAY FROM projects WHERE projects.id=53), 1, 2165, 2165);
INSERT INTO supporting_packages(id, option_list, package_count, order_id, project_package_id, supporting_project_id) VALUES (2165, '["팀용"]', 3, 2165, 53, 2165);
INSERT INTO supporting_projects(supporting_project_id, supported_at, delivery_id, payment_id, project_id, user_id) VALUES (2166, (SELECT projects.start_date + INTERVAL 17 DAY FROM projects WHERE projects.id=53), 1, 2166, 53, 15);
INSERT INTO orders (order_id, created_at, delivery_id, payment_id, supporting_project_id) VALUES (2166, (SELECT projects.start_date + INTERVAL 17 DAY FROM projects WHERE projects.id=53), 1, 2166, 2166);
INSERT INTO supporting_packages(id, option_list, package_count, order_id, project_package_id, supporting_project_id) VALUES (2166, '["전문가용"]', 6, 2166, 53, 2166);
INSERT INTO supporting_projects(supporting_project_id, supported_at, delivery_id, payment_id, project_id, user_id) VALUES (2167, (SELECT projects.start_date + INTERVAL 29 DAY FROM projects WHERE projects.id=53), 1, 2167, 53, 34);
INSERT INTO orders (order_id, created_at, delivery_id, payment_id, supporting_project_id) VALUES (2167, (SELECT projects.start_date + INTERVAL 29 DAY FROM projects WHERE projects.id=53), 1, 2167, 2167);
INSERT INTO supporting_packages(id, option_list, package_count, order_id, project_package_id, supporting_project_id) VALUES (2167, '["팀용"]', 5, 2167, 53, 2167);
INSERT INTO supporting_projects(supporting_project_id, supported_at, delivery_id, payment_id, project_id, user_id) VALUES (2168, (SELECT projects.start_date + INTERVAL 25 DAY FROM projects WHERE projects.id=53), 1, 2168, 53, 11);
INSERT INTO orders (order_id, created_at, delivery_id, payment_id, supporting_project_id) VALUES (2168, (SELECT projects.start_date + INTERVAL 25 DAY FROM projects WHERE projects.id=53), 1, 2168, 2168);
INSERT INTO supporting_packages(id, option_list, package_count, order_id, project_package_id, supporting_project_id) VALUES (2168, '["개인용"]', 2, 2168, 53, 2168);
INSERT INTO supporting_projects(supporting_project_id, supported_at, delivery_id, payment_id, project_id, user_id) VALUES (2169, (SELECT projects.start_date + INTERVAL 32 DAY FROM projects WHERE projects.id=53), 1, 2169, 53, 32);
INSERT INTO orders (order_id, created_at, delivery_id, payment_id, supporting_project_id) VALUES (2169, (SELECT projects.start_date + INTERVAL 32 DAY FROM projects WHERE projects.id=53), 1, 2169, 2169);
INSERT INTO supporting_packages(id, option_list, package_count, order_id, project_package_id, supporting_project_id) VALUES (2169, '["전문가용"]', 6, 2169, 53, 2169);
INSERT INTO supporting_projects(supporting_project_id, supported_at, delivery_id, payment_id, project_id, user_id) VALUES (2170, (SELECT projects.start_date + INTERVAL 2 DAY FROM projects WHERE projects.id=53), 1, 2170, 53, 26);
INSERT INTO orders (order_id, created_at, delivery_id, payment_id, supporting_project_id) VALUES (2170, (SELECT projects.start_date + INTERVAL 2 DAY FROM projects WHERE projects.id=53), 1, 2170, 2170);
INSERT INTO supporting_packages(id, option_list, package_count, order_id, project_package_id, supporting_project_id) VALUES (2170, '["팀용"]', 3, 2170, 53, 2170);
INSERT INTO supporting_projects(supporting_project_id, supported_at, delivery_id, payment_id, project_id, user_id) VALUES (2171, (SELECT projects.start_date + INTERVAL 10 DAY FROM projects WHERE projects.id=53), 1, 2171, 53, 14);
INSERT INTO orders (order_id, created_at, delivery_id, payment_id, supporting_project_id) VALUES (2171, (SELECT projects.start_date + INTERVAL 10 DAY FROM projects WHERE projects.id=53), 1, 2171, 2171);
INSERT INTO supporting_packages(id, option_list, package_count, order_id, project_package_id, supporting_project_id) VALUES (2171, '["전문가용"]', 4, 2171, 53, 2171);
INSERT INTO supporting_projects(supporting_project_id, supported_at, delivery_id, payment_id, project_id, user_id) VALUES (2172, (SELECT projects.start_date + INTERVAL 1 DAY FROM projects WHERE projects.id=53), 1, 2172, 53, 36);
INSERT INTO orders (order_id, created_at, delivery_id, payment_id, supporting_project_id) VALUES (2172, (SELECT projects.start_date + INTERVAL 1 DAY FROM projects WHERE projects.id=53), 1, 2172, 2172);
INSERT INTO supporting_packages(id, option_list, package_count, order_id, project_package_id, supporting_project_id) VALUES (2172, '["팀용"]', 2, 2172, 53, 2172);
INSERT INTO supporting_projects(supporting_project_id, supported_at, delivery_id, payment_id, project_id, user_id) VALUES (2173, (SELECT projects.start_date + INTERVAL 4 DAY FROM projects WHERE projects.id=53), 1, 2173, 53, 9);
INSERT INTO orders (order_id, created_at, delivery_id, payment_id, supporting_project_id) VALUES (2173, (SELECT projects.start_date + INTERVAL 4 DAY FROM projects WHERE projects.id=53), 1, 2173, 2173);
INSERT INTO supporting_packages(id, option_list, package_count, order_id, project_package_id, supporting_project_id) VALUES (2173, '["개인용"]', 2, 2173, 53, 2173);
INSERT INTO supporting_projects(supporting_project_id, supported_at, delivery_id, payment_id, project_id, user_id) VALUES (2174, (SELECT projects.start_date + INTERVAL 30 DAY FROM projects WHERE projects.id=53), 1, 2174, 53, 1);
INSERT INTO orders (order_id, created_at, delivery_id, payment_id, supporting_project_id) VALUES (2174, (SELECT projects.start_date + INTERVAL 30 DAY FROM projects WHERE projects.id=53), 1, 2174, 2174);
INSERT INTO supporting_packages(id, option_list, package_count, order_id, project_package_id, supporting_project_id) VALUES (2174, '["전문가용"]', 7, 2174, 53, 2174);
INSERT INTO supporting_projects(supporting_project_id, supported_at, delivery_id, payment_id, project_id, user_id) VALUES (2175, (SELECT projects.start_date + INTERVAL 36 DAY FROM projects WHERE projects.id=53), 1, 2175, 53, 30);
INSERT INTO orders (order_id, created_at, delivery_id, payment_id, supporting_project_id) VALUES (2175, (SELECT projects.start_date + INTERVAL 36 DAY FROM projects WHERE projects.id=53), 1, 2175, 2175);
INSERT INTO supporting_packages(id, option_list, package_count, order_id, project_package_id, supporting_project_id) VALUES (2175, '["개인용"]', 10, 2175, 53, 2175);
INSERT INTO supporting_projects(supporting_project_id, supported_at, delivery_id, payment_id, project_id, user_id) VALUES (2176, (SELECT projects.start_date + INTERVAL 8 DAY FROM projects WHERE projects.id=53), 1, 2176, 53, 29);
INSERT INTO orders (order_id, created_at, delivery_id, payment_id, supporting_project_id) VALUES (2176, (SELECT projects.start_date + INTERVAL 8 DAY FROM projects WHERE projects.id=53), 1, 2176, 2176);
INSERT INTO supporting_packages(id, option_list, package_count, order_id, project_package_id, supporting_project_id) VALUES (2176, '["팀용"]', 1, 2176, 53, 2176);
INSERT INTO supporting_projects(supporting_project_id, supported_at, delivery_id, payment_id, project_id, user_id) VALUES (2177, (SELECT projects.start_date + INTERVAL 8 DAY FROM projects WHERE projects.id=53), 1, 2177, 53, 2);
INSERT INTO orders (order_id, created_at, delivery_id, payment_id, supporting_project_id) VALUES (2177, (SELECT projects.start_date + INTERVAL 8 DAY FROM projects WHERE projects.id=53), 1, 2177, 2177);
INSERT INTO supporting_packages(id, option_list, package_count, order_id, project_package_id, supporting_project_id) VALUES (2177, '["개인용"]', 10, 2177, 53, 2177);
INSERT INTO supporting_projects(supporting_project_id, supported_at, delivery_id, payment_id, project_id, user_id) VALUES (2178, (SELECT projects.start_date + INTERVAL 8 DAY FROM projects WHERE projects.id=53), 1, 2178, 53, 11);
INSERT INTO orders (order_id, created_at, delivery_id, payment_id, supporting_project_id) VALUES (2178, (SELECT projects.start_date + INTERVAL 8 DAY FROM projects WHERE projects.id=53), 1, 2178, 2178);
INSERT INTO supporting_packages(id, option_list, package_count, order_id, project_package_id, supporting_project_id) VALUES (2178, '["전문가용"]', 10, 2178, 53, 2178);
INSERT INTO supporting_projects(supporting_project_id, supported_at, delivery_id, payment_id, project_id, user_id) VALUES (2179, (SELECT projects.start_date + INTERVAL 32 DAY FROM projects WHERE projects.id=53), 1, 2179, 53, 21);
INSERT INTO orders (order_id, created_at, delivery_id, payment_id, supporting_project_id) VALUES (2179, (SELECT projects.start_date + INTERVAL 32 DAY FROM projects WHERE projects.id=53), 1, 2179, 2179);
INSERT INTO supporting_packages(id, option_list, package_count, order_id, project_package_id, supporting_project_id) VALUES (2179, '["개인용"]', 4, 2179, 53, 2179);
INSERT INTO supporting_projects(supporting_project_id, supported_at, delivery_id, payment_id, project_id, user_id) VALUES (2180, (SELECT projects.start_date + INTERVAL 18 DAY FROM projects WHERE projects.id=53), 1, 2180, 53, 13);
INSERT INTO orders (order_id, created_at, delivery_id, payment_id, supporting_project_id) VALUES (2180, (SELECT projects.start_date + INTERVAL 18 DAY FROM projects WHERE projects.id=53), 1, 2180, 2180);
INSERT INTO supporting_packages(id, option_list, package_count, order_id, project_package_id, supporting_project_id) VALUES (2180, '["전문가용"]', 8, 2180, 53, 2180);
INSERT INTO supporting_projects(supporting_project_id, supported_at, delivery_id, payment_id, project_id, user_id) VALUES (2181, (SELECT projects.start_date + INTERVAL 5 DAY FROM projects WHERE projects.id=53), 1, 2181, 53, 25);
INSERT INTO orders (order_id, created_at, delivery_id, payment_id, supporting_project_id) VALUES (2181, (SELECT projects.start_date + INTERVAL 5 DAY FROM projects WHERE projects.id=53), 1, 2181, 2181);
INSERT INTO supporting_packages(id, option_list, package_count, order_id, project_package_id, supporting_project_id) VALUES (2181, '["개인용"]', 10, 2181, 53, 2181);
INSERT INTO supporting_projects(supporting_project_id, supported_at, delivery_id, payment_id, project_id, user_id) VALUES (2182, (SELECT projects.start_date + INTERVAL 11 DAY FROM projects WHERE projects.id=53), 1, 2182, 53, 33);
INSERT INTO orders (order_id, created_at, delivery_id, payment_id, supporting_project_id) VALUES (2182, (SELECT projects.start_date + INTERVAL 11 DAY FROM projects WHERE projects.id=53), 1, 2182, 2182);
INSERT INTO supporting_packages(id, option_list, package_count, order_id, project_package_id, supporting_project_id) VALUES (2182, '["개인용"]', 2, 2182, 53, 2182);
INSERT INTO supporting_projects(supporting_project_id, supported_at, delivery_id, payment_id, project_id, user_id) VALUES (2183, (SELECT projects.start_date + INTERVAL 20 DAY FROM projects WHERE projects.id=53), 1, 2183, 53, 16);
INSERT INTO orders (order_id, created_at, delivery_id, payment_id, supporting_project_id) VALUES (2183, (SELECT projects.start_date + INTERVAL 20 DAY FROM projects WHERE projects.id=53), 1, 2183, 2183);
INSERT INTO supporting_packages(id, option_list, package_count, order_id, project_package_id, supporting_project_id) VALUES (2183, '["전문가용"]', 4, 2183, 53, 2183);
INSERT INTO supporting_projects(supporting_project_id, supported_at, delivery_id, payment_id, project_id, user_id) VALUES (2184, (SELECT projects.start_date + INTERVAL 24 DAY FROM projects WHERE projects.id=53), 1, 2184, 53, 1);
INSERT INTO orders (order_id, created_at, delivery_id, payment_id, supporting_project_id) VALUES (2184, (SELECT projects.start_date + INTERVAL 24 DAY FROM projects WHERE projects.id=53), 1, 2184, 2184);
INSERT INTO supporting_packages(id, option_list, package_count, order_id, project_package_id, supporting_project_id) VALUES (2184, '["개인용"]', 6, 2184, 53, 2184);
INSERT INTO supporting_projects(supporting_project_id, supported_at, delivery_id, payment_id, project_id, user_id) VALUES (2185, (SELECT projects.start_date + INTERVAL 37 DAY FROM projects WHERE projects.id=53), 1, 2185, 53, 29);
INSERT INTO orders (order_id, created_at, delivery_id, payment_id, supporting_project_id) VALUES (2185, (SELECT projects.start_date + INTERVAL 37 DAY FROM projects WHERE projects.id=53), 1, 2185, 2185);
INSERT INTO supporting_packages(id, option_list, package_count, order_id, project_package_id, supporting_project_id) VALUES (2185, '["팀용"]', 8, 2185, 53, 2185);
INSERT INTO supporting_projects(supporting_project_id, supported_at, delivery_id, payment_id, project_id, user_id) VALUES (2186, (SELECT projects.start_date + INTERVAL 14 DAY FROM projects WHERE projects.id=53), 1, 2186, 53, 28);
INSERT INTO orders (order_id, created_at, delivery_id, payment_id, supporting_project_id) VALUES (2186, (SELECT projects.start_date + INTERVAL 14 DAY FROM projects WHERE projects.id=53), 1, 2186, 2186);
INSERT INTO supporting_packages(id, option_list, package_count, order_id, project_package_id, supporting_project_id) VALUES (2186, '["전문가용"]', 5, 2186, 53, 2186);
INSERT INTO supporting_projects(supporting_project_id, supported_at, delivery_id, payment_id, project_id, user_id) VALUES (2187, (SELECT projects.start_date + INTERVAL 29 DAY FROM projects WHERE projects.id=53), 1, 2187, 53, 33);
INSERT INTO orders (order_id, created_at, delivery_id, payment_id, supporting_project_id) VALUES (2187, (SELECT projects.start_date + INTERVAL 29 DAY FROM projects WHERE projects.id=53), 1, 2187, 2187);
INSERT INTO supporting_packages(id, option_list, package_count, order_id, project_package_id, supporting_project_id) VALUES (2187, '["전문가용"]', 4, 2187, 53, 2187);
INSERT INTO supporting_projects(supporting_project_id, supported_at, delivery_id, payment_id, project_id, user_id) VALUES (2188, (SELECT projects.start_date + INTERVAL 20 DAY FROM projects WHERE projects.id=53), 1, 2188, 53, 28);
INSERT INTO orders (order_id, created_at, delivery_id, payment_id, supporting_project_id) VALUES (2188, (SELECT projects.start_date + INTERVAL 20 DAY FROM projects WHERE projects.id=53), 1, 2188, 2188);
INSERT INTO supporting_packages(id, option_list, package_count, order_id, project_package_id, supporting_project_id) VALUES (2188, '["팀용"]', 2, 2188, 53, 2188);
INSERT INTO supporting_projects(supporting_project_id, supported_at, delivery_id, payment_id, project_id, user_id) VALUES (2189, (SELECT projects.start_date + INTERVAL 36 DAY FROM projects WHERE projects.id=53), 1, 2189, 53, 29);
INSERT INTO orders (order_id, created_at, delivery_id, payment_id, supporting_project_id) VALUES (2189, (SELECT projects.start_date + INTERVAL 36 DAY FROM projects WHERE projects.id=53), 1, 2189, 2189);
INSERT INTO supporting_packages(id, option_list, package_count, order_id, project_package_id, supporting_project_id) VALUES (2189, '["전문가용"]', 10, 2189, 53, 2189);
INSERT INTO supporting_projects(supporting_project_id, supported_at, delivery_id, payment_id, project_id, user_id) VALUES (2190, (SELECT projects.start_date + INTERVAL 18 DAY FROM projects WHERE projects.id=53), 1, 2190, 53, 22);
INSERT INTO orders (order_id, created_at, delivery_id, payment_id, supporting_project_id) VALUES (2190, (SELECT projects.start_date + INTERVAL 18 DAY FROM projects WHERE projects.id=53), 1, 2190, 2190);
INSERT INTO supporting_packages(id, option_list, package_count, order_id, project_package_id, supporting_project_id) VALUES (2190, '["개인용"]', 2, 2190, 53, 2190);
INSERT INTO supporting_projects(supporting_project_id, supported_at, delivery_id, payment_id, project_id, user_id) VALUES (2191, (SELECT projects.start_date + INTERVAL 2 DAY FROM projects WHERE projects.id=53), 1, 2191, 53, 12);
INSERT INTO orders (order_id, created_at, delivery_id, payment_id, supporting_project_id) VALUES (2191, (SELECT projects.start_date + INTERVAL 2 DAY FROM projects WHERE projects.id=53), 1, 2191, 2191);
INSERT INTO supporting_packages(id, option_list, package_count, order_id, project_package_id, supporting_project_id) VALUES (2191, '["개인용"]', 3, 2191, 53, 2191);
INSERT INTO supporting_projects(supporting_project_id, supported_at, delivery_id, payment_id, project_id, user_id) VALUES (2192, (SELECT projects.start_date + INTERVAL 48 DAY FROM projects WHERE projects.id=53), 1, 2192, 53, 33);
INSERT INTO orders (order_id, created_at, delivery_id, payment_id, supporting_project_id) VALUES (2192, (SELECT projects.start_date + INTERVAL 48 DAY FROM projects WHERE projects.id=53), 1, 2192, 2192);
INSERT INTO supporting_packages(id, option_list, package_count, order_id, project_package_id, supporting_project_id) VALUES (2192, '["전문가용"]', 5, 2192, 53, 2192);
INSERT INTO supporting_projects(supporting_project_id, supported_at, delivery_id, payment_id, project_id, user_id) VALUES (2193, (SELECT projects.start_date + INTERVAL 15 DAY FROM projects WHERE projects.id=53), 1, 2193, 53, 19);
INSERT INTO orders (order_id, created_at, delivery_id, payment_id, supporting_project_id) VALUES (2193, (SELECT projects.start_date + INTERVAL 15 DAY FROM projects WHERE projects.id=53), 1, 2193, 2193);
INSERT INTO supporting_packages(id, option_list, package_count, order_id, project_package_id, supporting_project_id) VALUES (2193, '["팀용"]', 8, 2193, 53, 2193);
INSERT INTO supporting_projects(supporting_project_id, supported_at, delivery_id, payment_id, project_id, user_id) VALUES (2194, (SELECT projects.start_date + INTERVAL 41 DAY FROM projects WHERE projects.id=53), 1, 2194, 53, 4);
INSERT INTO orders (order_id, created_at, delivery_id, payment_id, supporting_project_id) VALUES (2194, (SELECT projects.start_date + INTERVAL 41 DAY FROM projects WHERE projects.id=53), 1, 2194, 2194);
INSERT INTO supporting_packages(id, option_list, package_count, order_id, project_package_id, supporting_project_id) VALUES (2194, '["팀용"]', 1, 2194, 53, 2194);
INSERT INTO supporting_projects(supporting_project_id, supported_at, delivery_id, payment_id, project_id, user_id) VALUES (2195, (SELECT projects.start_date + INTERVAL 39 DAY FROM projects WHERE projects.id=53), 1, 2195, 53, 31);
INSERT INTO orders (order_id, created_at, delivery_id, payment_id, supporting_project_id) VALUES (2195, (SELECT projects.start_date + INTERVAL 39 DAY FROM projects WHERE projects.id=53), 1, 2195, 2195);
INSERT INTO supporting_packages(id, option_list, package_count, order_id, project_package_id, supporting_project_id) VALUES (2195, '["팀용"]', 5, 2195, 53, 2195);
INSERT INTO supporting_projects(supporting_project_id, supported_at, delivery_id, payment_id, project_id, user_id) VALUES (2196, (SELECT projects.start_date + INTERVAL 40 DAY FROM projects WHERE projects.id=53), 1, 2196, 53, 5);
INSERT INTO orders (order_id, created_at, delivery_id, payment_id, supporting_project_id) VALUES (2196, (SELECT projects.start_date + INTERVAL 40 DAY FROM projects WHERE projects.id=53), 1, 2196, 2196);
INSERT INTO supporting_packages(id, option_list, package_count, order_id, project_package_id, supporting_project_id) VALUES (2196, '["전문가용"]', 10, 2196, 53, 2196);
INSERT INTO supporting_projects(supporting_project_id, supported_at, delivery_id, payment_id, project_id, user_id) VALUES (2197, (SELECT projects.start_date + INTERVAL 14 DAY FROM projects WHERE projects.id=53), 1, 2197, 53, 27);
INSERT INTO orders (order_id, created_at, delivery_id, payment_id, supporting_project_id) VALUES (2197, (SELECT projects.start_date + INTERVAL 14 DAY FROM projects WHERE projects.id=53), 1, 2197, 2197);
INSERT INTO supporting_packages(id, option_list, package_count, order_id, project_package_id, supporting_project_id) VALUES (2197, '["개인용"]', 7, 2197, 53, 2197);
INSERT INTO supporting_projects(supporting_project_id, supported_at, delivery_id, payment_id, project_id, user_id) VALUES (2198, (SELECT projects.start_date + INTERVAL 45 DAY FROM projects WHERE projects.id=53), 1, 2198, 53, 38);
INSERT INTO orders (order_id, created_at, delivery_id, payment_id, supporting_project_id) VALUES (2198, (SELECT projects.start_date + INTERVAL 45 DAY FROM projects WHERE projects.id=53), 1, 2198, 2198);
INSERT INTO supporting_packages(id, option_list, package_count, order_id, project_package_id, supporting_project_id) VALUES (2198, '["개인용"]', 3, 2198, 53, 2198);
INSERT INTO supporting_projects(supporting_project_id, supported_at, delivery_id, payment_id, project_id, user_id) VALUES (2199, (SELECT projects.start_date + INTERVAL 8 DAY FROM projects WHERE projects.id=53), 1, 2199, 53, 34);
INSERT INTO orders (order_id, created_at, delivery_id, payment_id, supporting_project_id) VALUES (2199, (SELECT projects.start_date + INTERVAL 8 DAY FROM projects WHERE projects.id=53), 1, 2199, 2199);
INSERT INTO supporting_packages(id, option_list, package_count, order_id, project_package_id, supporting_project_id) VALUES (2199, '["팀용"]', 6, 2199, 53, 2199);
INSERT INTO supporting_projects(supporting_project_id, supported_at, delivery_id, payment_id, project_id, user_id) VALUES (2200, (SELECT projects.start_date + INTERVAL 34 DAY FROM projects WHERE projects.id=53), 1, 2200, 53, 27);
INSERT INTO orders (order_id, created_at, delivery_id, payment_id, supporting_project_id) VALUES (2200, (SELECT projects.start_date + INTERVAL 34 DAY FROM projects WHERE projects.id=53), 1, 2200, 2200);
INSERT INTO supporting_packages(id, option_list, package_count, order_id, project_package_id, supporting_project_id) VALUES (2200, '["팀용"]', 1, 2200, 53, 2200);
INSERT INTO supporting_projects(supporting_project_id, supported_at, delivery_id, payment_id, project_id, user_id) VALUES (2201, (SELECT projects.start_date + INTERVAL 14 DAY FROM projects WHERE projects.id=53), 1, 2201, 53, 19);
INSERT INTO orders (order_id, created_at, delivery_id, payment_id, supporting_project_id) VALUES (2201, (SELECT projects.start_date + INTERVAL 14 DAY FROM projects WHERE projects.id=53), 1, 2201, 2201);
INSERT INTO supporting_packages(id, option_list, package_count, order_id, project_package_id, supporting_project_id) VALUES (2201, '["팀용"]', 9, 2201, 53, 2201);
INSERT INTO supporting_projects(supporting_project_id, supported_at, delivery_id, payment_id, project_id, user_id) VALUES (2202, (SELECT projects.start_date + INTERVAL 29 DAY FROM projects WHERE projects.id=53), 1, 2202, 53, 9);
INSERT INTO orders (order_id, created_at, delivery_id, payment_id, supporting_project_id) VALUES (2202, (SELECT projects.start_date + INTERVAL 29 DAY FROM projects WHERE projects.id=53), 1, 2202, 2202);
INSERT INTO supporting_packages(id, option_list, package_count, order_id, project_package_id, supporting_project_id) VALUES (2202, '["전문가용"]', 3, 2202, 53, 2202);
INSERT INTO supporting_projects(supporting_project_id, supported_at, delivery_id, payment_id, project_id, user_id) VALUES (2203, (SELECT projects.start_date + INTERVAL 9 DAY FROM projects WHERE projects.id=53), 1, 2203, 53, 27);
INSERT INTO orders (order_id, created_at, delivery_id, payment_id, supporting_project_id) VALUES (2203, (SELECT projects.start_date + INTERVAL 9 DAY FROM projects WHERE projects.id=53), 1, 2203, 2203);
INSERT INTO supporting_packages(id, option_list, package_count, order_id, project_package_id, supporting_project_id) VALUES (2203, '["팀용"]', 5, 2203, 53, 2203);
INSERT INTO supporting_projects(supporting_project_id, supported_at, delivery_id, payment_id, project_id, user_id) VALUES (2204, (SELECT projects.start_date + INTERVAL 26 DAY FROM projects WHERE projects.id=53), 1, 2204, 53, 33);
INSERT INTO orders (order_id, created_at, delivery_id, payment_id, supporting_project_id) VALUES (2204, (SELECT projects.start_date + INTERVAL 26 DAY FROM projects WHERE projects.id=53), 1, 2204, 2204);
INSERT INTO supporting_packages(id, option_list, package_count, order_id, project_package_id, supporting_project_id) VALUES (2204, '["전문가용"]', 3, 2204, 53, 2204);
INSERT INTO supporting_projects(supporting_project_id, supported_at, delivery_id, payment_id, project_id, user_id) VALUES (2205, (SELECT projects.start_date + INTERVAL 9 DAY FROM projects WHERE projects.id=53), 1, 2205, 53, 13);
INSERT INTO orders (order_id, created_at, delivery_id, payment_id, supporting_project_id) VALUES (2205, (SELECT projects.start_date + INTERVAL 9 DAY FROM projects WHERE projects.id=53), 1, 2205, 2205);
INSERT INTO supporting_packages(id, option_list, package_count, order_id, project_package_id, supporting_project_id) VALUES (2205, '["팀용"]', 10, 2205, 53, 2205);
INSERT INTO supporting_projects(supporting_project_id, supported_at, delivery_id, payment_id, project_id, user_id) VALUES (2206, (SELECT projects.start_date + INTERVAL 36 DAY FROM projects WHERE projects.id=53), 1, 2206, 53, 1);
INSERT INTO orders (order_id, created_at, delivery_id, payment_id, supporting_project_id) VALUES (2206, (SELECT projects.start_date + INTERVAL 36 DAY FROM projects WHERE projects.id=53), 1, 2206, 2206);
INSERT INTO supporting_packages(id, option_list, package_count, order_id, project_package_id, supporting_project_id) VALUES (2206, '["개인용"]', 1, 2206, 53, 2206);
INSERT INTO supporting_projects(supporting_project_id, supported_at, delivery_id, payment_id, project_id, user_id) VALUES (2207, (SELECT projects.start_date + INTERVAL 40 DAY FROM projects WHERE projects.id=53), 1, 2207, 53, 8);
INSERT INTO orders (order_id, created_at, delivery_id, payment_id, supporting_project_id) VALUES (2207, (SELECT projects.start_date + INTERVAL 40 DAY FROM projects WHERE projects.id=53), 1, 2207, 2207);
INSERT INTO supporting_packages(id, option_list, package_count, order_id, project_package_id, supporting_project_id) VALUES (2207, '["개인용"]', 4, 2207, 53, 2207);
INSERT INTO supporting_projects(supporting_project_id, supported_at, delivery_id, payment_id, project_id, user_id) VALUES (2208, (SELECT projects.start_date + INTERVAL 27 DAY FROM projects WHERE projects.id=53), 1, 2208, 53, 4);
INSERT INTO orders (order_id, created_at, delivery_id, payment_id, supporting_project_id) VALUES (2208, (SELECT projects.start_date + INTERVAL 27 DAY FROM projects WHERE projects.id=53), 1, 2208, 2208);
INSERT INTO supporting_packages(id, option_list, package_count, order_id, project_package_id, supporting_project_id) VALUES (2208, '["팀용"]', 4, 2208, 53, 2208);
INSERT INTO supporting_projects(supporting_project_id, supported_at, delivery_id, payment_id, project_id, user_id) VALUES (2209, (SELECT projects.start_date + INTERVAL 10 DAY FROM projects WHERE projects.id=53), 1, 2209, 53, 27);
INSERT INTO orders (order_id, created_at, delivery_id, payment_id, supporting_project_id) VALUES (2209, (SELECT projects.start_date + INTERVAL 10 DAY FROM projects WHERE projects.id=53), 1, 2209, 2209);
INSERT INTO supporting_packages(id, option_list, package_count, order_id, project_package_id, supporting_project_id) VALUES (2209, '["전문가용"]', 3, 2209, 53, 2209);
INSERT INTO supporting_projects(supporting_project_id, supported_at, delivery_id, payment_id, project_id, user_id) VALUES (2210, (SELECT projects.start_date + INTERVAL 13 DAY FROM projects WHERE projects.id=53), 1, 2210, 53, 16);
INSERT INTO orders (order_id, created_at, delivery_id, payment_id, supporting_project_id) VALUES (2210, (SELECT projects.start_date + INTERVAL 13 DAY FROM projects WHERE projects.id=53), 1, 2210, 2210);
INSERT INTO supporting_packages(id, option_list, package_count, order_id, project_package_id, supporting_project_id) VALUES (2210, '["팀용"]', 5, 2210, 53, 2210);
INSERT INTO supporting_projects(supporting_project_id, supported_at, delivery_id, payment_id, project_id, user_id) VALUES (2211, (SELECT projects.start_date + INTERVAL 20 DAY FROM projects WHERE projects.id=53), 1, 2211, 53, 12);
INSERT INTO orders (order_id, created_at, delivery_id, payment_id, supporting_project_id) VALUES (2211, (SELECT projects.start_date + INTERVAL 20 DAY FROM projects WHERE projects.id=53), 1, 2211, 2211);
INSERT INTO supporting_packages(id, option_list, package_count, order_id, project_package_id, supporting_project_id) VALUES (2211, '["개인용"]', 1, 2211, 53, 2211);
INSERT INTO supporting_projects(supporting_project_id, supported_at, delivery_id, payment_id, project_id, user_id) VALUES (2212, (SELECT projects.start_date + INTERVAL 34 DAY FROM projects WHERE projects.id=53), 1, 2212, 53, 10);
INSERT INTO orders (order_id, created_at, delivery_id, payment_id, supporting_project_id) VALUES (2212, (SELECT projects.start_date + INTERVAL 34 DAY FROM projects WHERE projects.id=53), 1, 2212, 2212);
INSERT INTO supporting_packages(id, option_list, package_count, order_id, project_package_id, supporting_project_id) VALUES (2212, '["개인용"]', 5, 2212, 53, 2212);
INSERT INTO supporting_projects(supporting_project_id, supported_at, delivery_id, payment_id, project_id, user_id) VALUES (2213, (SELECT projects.start_date + INTERVAL 9 DAY FROM projects WHERE projects.id=53), 1, 2213, 53, 2);
INSERT INTO orders (order_id, created_at, delivery_id, payment_id, supporting_project_id) VALUES (2213, (SELECT projects.start_date + INTERVAL 9 DAY FROM projects WHERE projects.id=53), 1, 2213, 2213);
INSERT INTO supporting_packages(id, option_list, package_count, order_id, project_package_id, supporting_project_id) VALUES (2213, '["팀용"]', 1, 2213, 53, 2213);
INSERT INTO supporting_projects(supporting_project_id, supported_at, delivery_id, payment_id, project_id, user_id) VALUES (2214, (SELECT projects.start_date + INTERVAL 41 DAY FROM projects WHERE projects.id=53), 1, 2214, 53, 32);
INSERT INTO orders (order_id, created_at, delivery_id, payment_id, supporting_project_id) VALUES (2214, (SELECT projects.start_date + INTERVAL 41 DAY FROM projects WHERE projects.id=53), 1, 2214, 2214);
INSERT INTO supporting_packages(id, option_list, package_count, order_id, project_package_id, supporting_project_id) VALUES (2214, '["팀용"]', 1, 2214, 53, 2214);
INSERT INTO supporting_projects(supporting_project_id, supported_at, delivery_id, payment_id, project_id, user_id) VALUES (2215, (SELECT projects.start_date + INTERVAL 49 DAY FROM projects WHERE projects.id=53), 1, 2215, 53, 37);
INSERT INTO orders (order_id, created_at, delivery_id, payment_id, supporting_project_id) VALUES (2215, (SELECT projects.start_date + INTERVAL 49 DAY FROM projects WHERE projects.id=53), 1, 2215, 2215);
INSERT INTO supporting_packages(id, option_list, package_count, order_id, project_package_id, supporting_project_id) VALUES (2215, '["전문가용"]', 7, 2215, 53, 2215);
INSERT INTO supporting_projects(supporting_project_id, supported_at, delivery_id, payment_id, project_id, user_id) VALUES (2216, (SELECT projects.start_date + INTERVAL 36 DAY FROM projects WHERE projects.id=53), 1, 2216, 53, 29);
INSERT INTO orders (order_id, created_at, delivery_id, payment_id, supporting_project_id) VALUES (2216, (SELECT projects.start_date + INTERVAL 36 DAY FROM projects WHERE projects.id=53), 1, 2216, 2216);
INSERT INTO supporting_packages(id, option_list, package_count, order_id, project_package_id, supporting_project_id) VALUES (2216, '["전문가용"]', 7, 2216, 53, 2216);
INSERT INTO supporting_projects(supporting_project_id, supported_at, delivery_id, payment_id, project_id, user_id) VALUES (2217, (SELECT projects.start_date + INTERVAL 33 DAY FROM projects WHERE projects.id=53), 1, 2217, 53, 3);
INSERT INTO orders (order_id, created_at, delivery_id, payment_id, supporting_project_id) VALUES (2217, (SELECT projects.start_date + INTERVAL 33 DAY FROM projects WHERE projects.id=53), 1, 2217, 2217);
INSERT INTO supporting_packages(id, option_list, package_count, order_id, project_package_id, supporting_project_id) VALUES (2217, '["전문가용"]', 1, 2217, 53, 2217);
INSERT INTO supporting_projects(supporting_project_id, supported_at, delivery_id, payment_id, project_id, user_id) VALUES (2218, (SELECT projects.start_date + INTERVAL 33 DAY FROM projects WHERE projects.id=53), 1, 2218, 53, 10);
INSERT INTO orders (order_id, created_at, delivery_id, payment_id, supporting_project_id) VALUES (2218, (SELECT projects.start_date + INTERVAL 33 DAY FROM projects WHERE projects.id=53), 1, 2218, 2218);
INSERT INTO supporting_packages(id, option_list, package_count, order_id, project_package_id, supporting_project_id) VALUES (2218, '["팀용"]', 5, 2218, 53, 2218);
INSERT INTO supporting_projects(supporting_project_id, supported_at, delivery_id, payment_id, project_id, user_id) VALUES (2219, (SELECT projects.start_date + INTERVAL 9 DAY FROM projects WHERE projects.id=53), 1, 2219, 53, 38);
INSERT INTO orders (order_id, created_at, delivery_id, payment_id, supporting_project_id) VALUES (2219, (SELECT projects.start_date + INTERVAL 9 DAY FROM projects WHERE projects.id=53), 1, 2219, 2219);
INSERT INTO supporting_packages(id, option_list, package_count, order_id, project_package_id, supporting_project_id) VALUES (2219, '["전문가용"]', 2, 2219, 53, 2219);
INSERT INTO supporting_projects(supporting_project_id, supported_at, delivery_id, payment_id, project_id, user_id) VALUES (2220, (SELECT projects.start_date + INTERVAL 20 DAY FROM projects WHERE projects.id=53), 1, 2220, 53, 23);
INSERT INTO orders (order_id, created_at, delivery_id, payment_id, supporting_project_id) VALUES (2220, (SELECT projects.start_date + INTERVAL 20 DAY FROM projects WHERE projects.id=53), 1, 2220, 2220);
INSERT INTO supporting_packages(id, option_list, package_count, order_id, project_package_id, supporting_project_id) VALUES (2220, '["개인용"]', 7, 2220, 53, 2220);
INSERT INTO supporting_projects(supporting_project_id, supported_at, delivery_id, payment_id, project_id, user_id) VALUES (2221, (SELECT projects.start_date + INTERVAL 27 DAY FROM projects WHERE projects.id=53), 1, 2221, 53, 2);
INSERT INTO orders (order_id, created_at, delivery_id, payment_id, supporting_project_id) VALUES (2221, (SELECT projects.start_date + INTERVAL 27 DAY FROM projects WHERE projects.id=53), 1, 2221, 2221);
INSERT INTO supporting_packages(id, option_list, package_count, order_id, project_package_id, supporting_project_id) VALUES (2221, '["개인용"]', 2, 2221, 53, 2221);
INSERT INTO supporting_projects(supporting_project_id, supported_at, delivery_id, payment_id, project_id, user_id) VALUES (2222, (SELECT projects.start_date + INTERVAL 2 DAY FROM projects WHERE projects.id=53), 1, 2222, 53, 13);
INSERT INTO orders (order_id, created_at, delivery_id, payment_id, supporting_project_id) VALUES (2222, (SELECT projects.start_date + INTERVAL 2 DAY FROM projects WHERE projects.id=53), 1, 2222, 2222);
INSERT INTO supporting_packages(id, option_list, package_count, order_id, project_package_id, supporting_project_id) VALUES (2222, '["팀용"]', 5, 2222, 53, 2222);
INSERT INTO supporting_projects(supporting_project_id, supported_at, delivery_id, payment_id, project_id, user_id) VALUES (2223, (SELECT projects.start_date + INTERVAL 10 DAY FROM projects WHERE projects.id=53), 1, 2223, 53, 1);
INSERT INTO orders (order_id, created_at, delivery_id, payment_id, supporting_project_id) VALUES (2223, (SELECT projects.start_date + INTERVAL 10 DAY FROM projects WHERE projects.id=53), 1, 2223, 2223);
INSERT INTO supporting_packages(id, option_list, package_count, order_id, project_package_id, supporting_project_id) VALUES (2223, '["전문가용"]', 1, 2223, 53, 2223);
INSERT INTO supporting_projects(supporting_project_id, supported_at, delivery_id, payment_id, project_id, user_id) VALUES (2224, (SELECT projects.start_date + INTERVAL 38 DAY FROM projects WHERE projects.id=53), 1, 2224, 53, 22);
INSERT INTO orders (order_id, created_at, delivery_id, payment_id, supporting_project_id) VALUES (2224, (SELECT projects.start_date + INTERVAL 38 DAY FROM projects WHERE projects.id=53), 1, 2224, 2224);
INSERT INTO supporting_packages(id, option_list, package_count, order_id, project_package_id, supporting_project_id) VALUES (2224, '["개인용"]', 4, 2224, 53, 2224);
INSERT INTO supporting_projects(supporting_project_id, supported_at, delivery_id, payment_id, project_id, user_id) VALUES (2225, (SELECT projects.start_date + INTERVAL 8 DAY FROM projects WHERE projects.id=53), 1, 2225, 53, 8);
INSERT INTO orders (order_id, created_at, delivery_id, payment_id, supporting_project_id) VALUES (2225, (SELECT projects.start_date + INTERVAL 8 DAY FROM projects WHERE projects.id=53), 1, 2225, 2225);
INSERT INTO supporting_packages(id, option_list, package_count, order_id, project_package_id, supporting_project_id) VALUES (2225, '["전문가용"]', 3, 2225, 53, 2225);
INSERT INTO supporting_projects(supporting_project_id, supported_at, delivery_id, payment_id, project_id, user_id) VALUES (2226, (SELECT projects.start_date + INTERVAL 20 DAY FROM projects WHERE projects.id=53), 1, 2226, 53, 25);
INSERT INTO orders (order_id, created_at, delivery_id, payment_id, supporting_project_id) VALUES (2226, (SELECT projects.start_date + INTERVAL 20 DAY FROM projects WHERE projects.id=53), 1, 2226, 2226);
INSERT INTO supporting_packages(id, option_list, package_count, order_id, project_package_id, supporting_project_id) VALUES (2226, '["전문가용"]', 9, 2226, 53, 2226);
INSERT INTO supporting_projects(supporting_project_id, supported_at, delivery_id, payment_id, project_id, user_id) VALUES (2227, (SELECT projects.start_date + INTERVAL 26 DAY FROM projects WHERE projects.id=53), 1, 2227, 53, 2);
INSERT INTO orders (order_id, created_at, delivery_id, payment_id, supporting_project_id) VALUES (2227, (SELECT projects.start_date + INTERVAL 26 DAY FROM projects WHERE projects.id=53), 1, 2227, 2227);
INSERT INTO supporting_packages(id, option_list, package_count, order_id, project_package_id, supporting_project_id) VALUES (2227, '["전문가용"]', 5, 2227, 53, 2227);
INSERT INTO supporting_projects(supporting_project_id, supported_at, delivery_id, payment_id, project_id, user_id) VALUES (2228, (SELECT projects.start_date + INTERVAL 23 DAY FROM projects WHERE projects.id=53), 1, 2228, 53, 39);
INSERT INTO orders (order_id, created_at, delivery_id, payment_id, supporting_project_id) VALUES (2228, (SELECT projects.start_date + INTERVAL 23 DAY FROM projects WHERE projects.id=53), 1, 2228, 2228);
INSERT INTO supporting_packages(id, option_list, package_count, order_id, project_package_id, supporting_project_id) VALUES (2228, '["개인용"]', 6, 2228, 53, 2228);
INSERT INTO supporting_projects(supporting_project_id, supported_at, delivery_id, payment_id, project_id, user_id) VALUES (2229, (SELECT projects.start_date + INTERVAL 42 DAY FROM projects WHERE projects.id=53), 1, 2229, 53, 34);
INSERT INTO orders (order_id, created_at, delivery_id, payment_id, supporting_project_id) VALUES (2229, (SELECT projects.start_date + INTERVAL 42 DAY FROM projects WHERE projects.id=53), 1, 2229, 2229);
INSERT INTO supporting_packages(id, option_list, package_count, order_id, project_package_id, supporting_project_id) VALUES (2229, '["팀용"]', 5, 2229, 53, 2229);
INSERT INTO supporting_projects(supporting_project_id, supported_at, delivery_id, payment_id, project_id, user_id) VALUES (2230, (SELECT projects.start_date + INTERVAL 12 DAY FROM projects WHERE projects.id=53), 1, 2230, 53, 9);
INSERT INTO orders (order_id, created_at, delivery_id, payment_id, supporting_project_id) VALUES (2230, (SELECT projects.start_date + INTERVAL 12 DAY FROM projects WHERE projects.id=53), 1, 2230, 2230);
INSERT INTO supporting_packages(id, option_list, package_count, order_id, project_package_id, supporting_project_id) VALUES (2230, '["전문가용"]', 4, 2230, 53, 2230);
INSERT INTO supporting_projects(supporting_project_id, supported_at, delivery_id, payment_id, project_id, user_id) VALUES (2231, (SELECT projects.start_date + INTERVAL 26 DAY FROM projects WHERE projects.id=54), 1, 2231, 54, 5);
INSERT INTO orders (order_id, created_at, delivery_id, payment_id, supporting_project_id) VALUES (2231, (SELECT projects.start_date + INTERVAL 26 DAY FROM projects WHERE projects.id=54), 1, 2231, 2231);
INSERT INTO supporting_packages(id, option_list, package_count, order_id, project_package_id, supporting_project_id) VALUES (2231, '["스킨케어"]', 9, 2231, 54, 2231);
INSERT INTO supporting_projects(supporting_project_id, supported_at, delivery_id, payment_id, project_id, user_id) VALUES (2232, (SELECT projects.start_date + INTERVAL 23 DAY FROM projects WHERE projects.id=54), 1, 2232, 54, 30);
INSERT INTO orders (order_id, created_at, delivery_id, payment_id, supporting_project_id) VALUES (2232, (SELECT projects.start_date + INTERVAL 23 DAY FROM projects WHERE projects.id=54), 1, 2232, 2232);
INSERT INTO supporting_packages(id, option_list, package_count, order_id, project_package_id, supporting_project_id) VALUES (2232, '["패션 콜라보"]', 4, 2232, 54, 2232);
INSERT INTO supporting_projects(supporting_project_id, supported_at, delivery_id, payment_id, project_id, user_id) VALUES (2233, (SELECT projects.start_date + INTERVAL 12 DAY FROM projects WHERE projects.id=54), 1, 2233, 54, 15);
INSERT INTO orders (order_id, created_at, delivery_id, payment_id, supporting_project_id) VALUES (2233, (SELECT projects.start_date + INTERVAL 12 DAY FROM projects WHERE projects.id=54), 1, 2233, 2233);
INSERT INTO supporting_packages(id, option_list, package_count, order_id, project_package_id, supporting_project_id) VALUES (2233, '["스킨케어"]', 6, 2233, 54, 2233);
INSERT INTO supporting_projects(supporting_project_id, supported_at, delivery_id, payment_id, project_id, user_id) VALUES (2234, (SELECT projects.start_date + INTERVAL 10 DAY FROM projects WHERE projects.id=54), 1, 2234, 54, 26);
INSERT INTO orders (order_id, created_at, delivery_id, payment_id, supporting_project_id) VALUES (2234, (SELECT projects.start_date + INTERVAL 10 DAY FROM projects WHERE projects.id=54), 1, 2234, 2234);
INSERT INTO supporting_packages(id, option_list, package_count, order_id, project_package_id, supporting_project_id) VALUES (2234, '["패션 콜라보"]', 9, 2234, 54, 2234);
INSERT INTO supporting_projects(supporting_project_id, supported_at, delivery_id, payment_id, project_id, user_id) VALUES (2235, (SELECT projects.start_date + INTERVAL 20 DAY FROM projects WHERE projects.id=54), 1, 2235, 54, 3);
INSERT INTO orders (order_id, created_at, delivery_id, payment_id, supporting_project_id) VALUES (2235, (SELECT projects.start_date + INTERVAL 20 DAY FROM projects WHERE projects.id=54), 1, 2235, 2235);
INSERT INTO supporting_packages(id, option_list, package_count, order_id, project_package_id, supporting_project_id) VALUES (2235, '["스킨케어"]', 8, 2235, 54, 2235);
INSERT INTO supporting_projects(supporting_project_id, supported_at, delivery_id, payment_id, project_id, user_id) VALUES (2236, (SELECT projects.start_date + INTERVAL 16 DAY FROM projects WHERE projects.id=54), 1, 2236, 54, 26);
INSERT INTO orders (order_id, created_at, delivery_id, payment_id, supporting_project_id) VALUES (2236, (SELECT projects.start_date + INTERVAL 16 DAY FROM projects WHERE projects.id=54), 1, 2236, 2236);
INSERT INTO supporting_packages(id, option_list, package_count, order_id, project_package_id, supporting_project_id) VALUES (2236, '["메이크업"]', 9, 2236, 54, 2236);
INSERT INTO supporting_projects(supporting_project_id, supported_at, delivery_id, payment_id, project_id, user_id) VALUES (2237, (SELECT projects.start_date + INTERVAL 1 DAY FROM projects WHERE projects.id=54), 1, 2237, 54, 31);
INSERT INTO orders (order_id, created_at, delivery_id, payment_id, supporting_project_id) VALUES (2237, (SELECT projects.start_date + INTERVAL 1 DAY FROM projects WHERE projects.id=54), 1, 2237, 2237);
INSERT INTO supporting_packages(id, option_list, package_count, order_id, project_package_id, supporting_project_id) VALUES (2237, '["메이크업"]', 7, 2237, 54, 2237);
INSERT INTO supporting_projects(supporting_project_id, supported_at, delivery_id, payment_id, project_id, user_id) VALUES (2238, (SELECT projects.start_date + INTERVAL 48 DAY FROM projects WHERE projects.id=54), 1, 2238, 54, 23);
INSERT INTO orders (order_id, created_at, delivery_id, payment_id, supporting_project_id) VALUES (2238, (SELECT projects.start_date + INTERVAL 48 DAY FROM projects WHERE projects.id=54), 1, 2238, 2238);
INSERT INTO supporting_packages(id, option_list, package_count, order_id, project_package_id, supporting_project_id) VALUES (2238, '["메이크업"]', 2, 2238, 54, 2238);
INSERT INTO supporting_projects(supporting_project_id, supported_at, delivery_id, payment_id, project_id, user_id) VALUES (2239, (SELECT projects.start_date + INTERVAL 10 DAY FROM projects WHERE projects.id=54), 1, 2239, 54, 21);
INSERT INTO orders (order_id, created_at, delivery_id, payment_id, supporting_project_id) VALUES (2239, (SELECT projects.start_date + INTERVAL 10 DAY FROM projects WHERE projects.id=54), 1, 2239, 2239);
INSERT INTO supporting_packages(id, option_list, package_count, order_id, project_package_id, supporting_project_id) VALUES (2239, '["메이크업"]', 8, 2239, 54, 2239);
INSERT INTO supporting_projects(supporting_project_id, supported_at, delivery_id, payment_id, project_id, user_id) VALUES (2240, (SELECT projects.start_date + INTERVAL 12 DAY FROM projects WHERE projects.id=54), 1, 2240, 54, 39);
INSERT INTO orders (order_id, created_at, delivery_id, payment_id, supporting_project_id) VALUES (2240, (SELECT projects.start_date + INTERVAL 12 DAY FROM projects WHERE projects.id=54), 1, 2240, 2240);
INSERT INTO supporting_packages(id, option_list, package_count, order_id, project_package_id, supporting_project_id) VALUES (2240, '["패션 콜라보"]', 3, 2240, 54, 2240);
INSERT INTO supporting_projects(supporting_project_id, supported_at, delivery_id, payment_id, project_id, user_id) VALUES (2241, (SELECT projects.start_date + INTERVAL 42 DAY FROM projects WHERE projects.id=54), 1, 2241, 54, 39);
INSERT INTO orders (order_id, created_at, delivery_id, payment_id, supporting_project_id) VALUES (2241, (SELECT projects.start_date + INTERVAL 42 DAY FROM projects WHERE projects.id=54), 1, 2241, 2241);
INSERT INTO supporting_packages(id, option_list, package_count, order_id, project_package_id, supporting_project_id) VALUES (2241, '["스킨케어"]', 4, 2241, 54, 2241);
INSERT INTO supporting_projects(supporting_project_id, supported_at, delivery_id, payment_id, project_id, user_id) VALUES (2242, (SELECT projects.start_date + INTERVAL 3 DAY FROM projects WHERE projects.id=54), 1, 2242, 54, 20);
INSERT INTO orders (order_id, created_at, delivery_id, payment_id, supporting_project_id) VALUES (2242, (SELECT projects.start_date + INTERVAL 3 DAY FROM projects WHERE projects.id=54), 1, 2242, 2242);
INSERT INTO supporting_packages(id, option_list, package_count, order_id, project_package_id, supporting_project_id) VALUES (2242, '["스킨케어"]', 9, 2242, 54, 2242);
INSERT INTO supporting_projects(supporting_project_id, supported_at, delivery_id, payment_id, project_id, user_id) VALUES (2243, (SELECT projects.start_date + INTERVAL 45 DAY FROM projects WHERE projects.id=54), 1, 2243, 54, 21);
INSERT INTO orders (order_id, created_at, delivery_id, payment_id, supporting_project_id) VALUES (2243, (SELECT projects.start_date + INTERVAL 45 DAY FROM projects WHERE projects.id=54), 1, 2243, 2243);
INSERT INTO supporting_packages(id, option_list, package_count, order_id, project_package_id, supporting_project_id) VALUES (2243, '["스킨케어"]', 1, 2243, 54, 2243);
INSERT INTO supporting_projects(supporting_project_id, supported_at, delivery_id, payment_id, project_id, user_id) VALUES (2244, (SELECT projects.start_date + INTERVAL 43 DAY FROM projects WHERE projects.id=54), 1, 2244, 54, 23);
INSERT INTO orders (order_id, created_at, delivery_id, payment_id, supporting_project_id) VALUES (2244, (SELECT projects.start_date + INTERVAL 43 DAY FROM projects WHERE projects.id=54), 1, 2244, 2244);
INSERT INTO supporting_packages(id, option_list, package_count, order_id, project_package_id, supporting_project_id) VALUES (2244, '["스킨케어"]', 10, 2244, 54, 2244);
INSERT INTO supporting_projects(supporting_project_id, supported_at, delivery_id, payment_id, project_id, user_id) VALUES (2245, (SELECT projects.start_date + INTERVAL 26 DAY FROM projects WHERE projects.id=54), 1, 2245, 54, 38);
INSERT INTO orders (order_id, created_at, delivery_id, payment_id, supporting_project_id) VALUES (2245, (SELECT projects.start_date + INTERVAL 26 DAY FROM projects WHERE projects.id=54), 1, 2245, 2245);
INSERT INTO supporting_packages(id, option_list, package_count, order_id, project_package_id, supporting_project_id) VALUES (2245, '["메이크업"]', 1, 2245, 54, 2245);
INSERT INTO supporting_projects(supporting_project_id, supported_at, delivery_id, payment_id, project_id, user_id) VALUES (2246, (SELECT projects.start_date + INTERVAL 30 DAY FROM projects WHERE projects.id=54), 1, 2246, 54, 40);
INSERT INTO orders (order_id, created_at, delivery_id, payment_id, supporting_project_id) VALUES (2246, (SELECT projects.start_date + INTERVAL 30 DAY FROM projects WHERE projects.id=54), 1, 2246, 2246);
INSERT INTO supporting_packages(id, option_list, package_count, order_id, project_package_id, supporting_project_id) VALUES (2246, '["스킨케어"]', 8, 2246, 54, 2246);
INSERT INTO supporting_projects(supporting_project_id, supported_at, delivery_id, payment_id, project_id, user_id) VALUES (2247, (SELECT projects.start_date + INTERVAL 3 DAY FROM projects WHERE projects.id=54), 1, 2247, 54, 13);
INSERT INTO orders (order_id, created_at, delivery_id, payment_id, supporting_project_id) VALUES (2247, (SELECT projects.start_date + INTERVAL 3 DAY FROM projects WHERE projects.id=54), 1, 2247, 2247);
INSERT INTO supporting_packages(id, option_list, package_count, order_id, project_package_id, supporting_project_id) VALUES (2247, '["패션 콜라보"]', 4, 2247, 54, 2247);
INSERT INTO supporting_projects(supporting_project_id, supported_at, delivery_id, payment_id, project_id, user_id) VALUES (2248, (SELECT projects.start_date + INTERVAL 5 DAY FROM projects WHERE projects.id=54), 1, 2248, 54, 40);
INSERT INTO orders (order_id, created_at, delivery_id, payment_id, supporting_project_id) VALUES (2248, (SELECT projects.start_date + INTERVAL 5 DAY FROM projects WHERE projects.id=54), 1, 2248, 2248);
INSERT INTO supporting_packages(id, option_list, package_count, order_id, project_package_id, supporting_project_id) VALUES (2248, '["패션 콜라보"]', 10, 2248, 54, 2248);
INSERT INTO supporting_projects(supporting_project_id, supported_at, delivery_id, payment_id, project_id, user_id) VALUES (2249, (SELECT projects.start_date + INTERVAL 8 DAY FROM projects WHERE projects.id=54), 1, 2249, 54, 17);
INSERT INTO orders (order_id, created_at, delivery_id, payment_id, supporting_project_id) VALUES (2249, (SELECT projects.start_date + INTERVAL 8 DAY FROM projects WHERE projects.id=54), 1, 2249, 2249);
INSERT INTO supporting_packages(id, option_list, package_count, order_id, project_package_id, supporting_project_id) VALUES (2249, '["메이크업"]', 9, 2249, 54, 2249);
INSERT INTO supporting_projects(supporting_project_id, supported_at, delivery_id, payment_id, project_id, user_id) VALUES (2250, (SELECT projects.start_date + INTERVAL 39 DAY FROM projects WHERE projects.id=54), 1, 2250, 54, 6);
INSERT INTO orders (order_id, created_at, delivery_id, payment_id, supporting_project_id) VALUES (2250, (SELECT projects.start_date + INTERVAL 39 DAY FROM projects WHERE projects.id=54), 1, 2250, 2250);
INSERT INTO supporting_packages(id, option_list, package_count, order_id, project_package_id, supporting_project_id) VALUES (2250, '["스킨케어"]', 3, 2250, 54, 2250);
INSERT INTO supporting_projects(supporting_project_id, supported_at, delivery_id, payment_id, project_id, user_id) VALUES (2251, (SELECT projects.start_date + INTERVAL 37 DAY FROM projects WHERE projects.id=54), 1, 2251, 54, 16);
INSERT INTO orders (order_id, created_at, delivery_id, payment_id, supporting_project_id) VALUES (2251, (SELECT projects.start_date + INTERVAL 37 DAY FROM projects WHERE projects.id=54), 1, 2251, 2251);
INSERT INTO supporting_packages(id, option_list, package_count, order_id, project_package_id, supporting_project_id) VALUES (2251, '["메이크업"]', 2, 2251, 54, 2251);
INSERT INTO supporting_projects(supporting_project_id, supported_at, delivery_id, payment_id, project_id, user_id) VALUES (2252, (SELECT projects.start_date + INTERVAL 7 DAY FROM projects WHERE projects.id=54), 1, 2252, 54, 36);
INSERT INTO orders (order_id, created_at, delivery_id, payment_id, supporting_project_id) VALUES (2252, (SELECT projects.start_date + INTERVAL 7 DAY FROM projects WHERE projects.id=54), 1, 2252, 2252);
INSERT INTO supporting_packages(id, option_list, package_count, order_id, project_package_id, supporting_project_id) VALUES (2252, '["스킨케어"]', 2, 2252, 54, 2252);
INSERT INTO supporting_projects(supporting_project_id, supported_at, delivery_id, payment_id, project_id, user_id) VALUES (2253, (SELECT projects.start_date + INTERVAL 33 DAY FROM projects WHERE projects.id=54), 1, 2253, 54, 1);
INSERT INTO orders (order_id, created_at, delivery_id, payment_id, supporting_project_id) VALUES (2253, (SELECT projects.start_date + INTERVAL 33 DAY FROM projects WHERE projects.id=54), 1, 2253, 2253);
INSERT INTO supporting_packages(id, option_list, package_count, order_id, project_package_id, supporting_project_id) VALUES (2253, '["패션 콜라보"]', 1, 2253, 54, 2253);
INSERT INTO supporting_projects(supporting_project_id, supported_at, delivery_id, payment_id, project_id, user_id) VALUES (2254, (SELECT projects.start_date + INTERVAL 47 DAY FROM projects WHERE projects.id=54), 1, 2254, 54, 15);
INSERT INTO orders (order_id, created_at, delivery_id, payment_id, supporting_project_id) VALUES (2254, (SELECT projects.start_date + INTERVAL 47 DAY FROM projects WHERE projects.id=54), 1, 2254, 2254);
INSERT INTO supporting_packages(id, option_list, package_count, order_id, project_package_id, supporting_project_id) VALUES (2254, '["스킨케어"]', 2, 2254, 54, 2254);
INSERT INTO supporting_projects(supporting_project_id, supported_at, delivery_id, payment_id, project_id, user_id) VALUES (2255, (SELECT projects.start_date + INTERVAL 5 DAY FROM projects WHERE projects.id=54), 1, 2255, 54, 27);
INSERT INTO orders (order_id, created_at, delivery_id, payment_id, supporting_project_id) VALUES (2255, (SELECT projects.start_date + INTERVAL 5 DAY FROM projects WHERE projects.id=54), 1, 2255, 2255);
INSERT INTO supporting_packages(id, option_list, package_count, order_id, project_package_id, supporting_project_id) VALUES (2255, '["패션 콜라보"]', 7, 2255, 54, 2255);
INSERT INTO supporting_projects(supporting_project_id, supported_at, delivery_id, payment_id, project_id, user_id) VALUES (2256, (SELECT projects.start_date + INTERVAL 5 DAY FROM projects WHERE projects.id=54), 1, 2256, 54, 16);
INSERT INTO orders (order_id, created_at, delivery_id, payment_id, supporting_project_id) VALUES (2256, (SELECT projects.start_date + INTERVAL 5 DAY FROM projects WHERE projects.id=54), 1, 2256, 2256);
INSERT INTO supporting_packages(id, option_list, package_count, order_id, project_package_id, supporting_project_id) VALUES (2256, '["메이크업"]', 6, 2256, 54, 2256);
INSERT INTO supporting_projects(supporting_project_id, supported_at, delivery_id, payment_id, project_id, user_id) VALUES (2257, (SELECT projects.start_date + INTERVAL 42 DAY FROM projects WHERE projects.id=54), 1, 2257, 54, 30);
INSERT INTO orders (order_id, created_at, delivery_id, payment_id, supporting_project_id) VALUES (2257, (SELECT projects.start_date + INTERVAL 42 DAY FROM projects WHERE projects.id=54), 1, 2257, 2257);
INSERT INTO supporting_packages(id, option_list, package_count, order_id, project_package_id, supporting_project_id) VALUES (2257, '["패션 콜라보"]', 3, 2257, 54, 2257);
INSERT INTO supporting_projects(supporting_project_id, supported_at, delivery_id, payment_id, project_id, user_id) VALUES (2258, (SELECT projects.start_date + INTERVAL 42 DAY FROM projects WHERE projects.id=54), 1, 2258, 54, 28);
INSERT INTO orders (order_id, created_at, delivery_id, payment_id, supporting_project_id) VALUES (2258, (SELECT projects.start_date + INTERVAL 42 DAY FROM projects WHERE projects.id=54), 1, 2258, 2258);
INSERT INTO supporting_packages(id, option_list, package_count, order_id, project_package_id, supporting_project_id) VALUES (2258, '["메이크업"]', 3, 2258, 54, 2258);
INSERT INTO supporting_projects(supporting_project_id, supported_at, delivery_id, payment_id, project_id, user_id) VALUES (2259, (SELECT projects.start_date + INTERVAL 42 DAY FROM projects WHERE projects.id=54), 1, 2259, 54, 30);
INSERT INTO orders (order_id, created_at, delivery_id, payment_id, supporting_project_id) VALUES (2259, (SELECT projects.start_date + INTERVAL 42 DAY FROM projects WHERE projects.id=54), 1, 2259, 2259);
INSERT INTO supporting_packages(id, option_list, package_count, order_id, project_package_id, supporting_project_id) VALUES (2259, '["패션 콜라보"]', 1, 2259, 54, 2259);
INSERT INTO supporting_projects(supporting_project_id, supported_at, delivery_id, payment_id, project_id, user_id) VALUES (2260, (SELECT projects.start_date + INTERVAL 9 DAY FROM projects WHERE projects.id=54), 1, 2260, 54, 25);
INSERT INTO orders (order_id, created_at, delivery_id, payment_id, supporting_project_id) VALUES (2260, (SELECT projects.start_date + INTERVAL 9 DAY FROM projects WHERE projects.id=54), 1, 2260, 2260);
INSERT INTO supporting_packages(id, option_list, package_count, order_id, project_package_id, supporting_project_id) VALUES (2260, '["메이크업"]', 2, 2260, 54, 2260);
INSERT INTO supporting_projects(supporting_project_id, supported_at, delivery_id, payment_id, project_id, user_id) VALUES (2261, (SELECT projects.start_date + INTERVAL 42 DAY FROM projects WHERE projects.id=54), 1, 2261, 54, 4);
INSERT INTO orders (order_id, created_at, delivery_id, payment_id, supporting_project_id) VALUES (2261, (SELECT projects.start_date + INTERVAL 42 DAY FROM projects WHERE projects.id=54), 1, 2261, 2261);
INSERT INTO supporting_packages(id, option_list, package_count, order_id, project_package_id, supporting_project_id) VALUES (2261, '["패션 콜라보"]', 9, 2261, 54, 2261);
INSERT INTO supporting_projects(supporting_project_id, supported_at, delivery_id, payment_id, project_id, user_id) VALUES (2262, (SELECT projects.start_date + INTERVAL 21 DAY FROM projects WHERE projects.id=54), 1, 2262, 54, 39);
INSERT INTO orders (order_id, created_at, delivery_id, payment_id, supporting_project_id) VALUES (2262, (SELECT projects.start_date + INTERVAL 21 DAY FROM projects WHERE projects.id=54), 1, 2262, 2262);
INSERT INTO supporting_packages(id, option_list, package_count, order_id, project_package_id, supporting_project_id) VALUES (2262, '["메이크업"]', 8, 2262, 54, 2262);
INSERT INTO supporting_projects(supporting_project_id, supported_at, delivery_id, payment_id, project_id, user_id) VALUES (2263, (SELECT projects.start_date + INTERVAL 36 DAY FROM projects WHERE projects.id=54), 1, 2263, 54, 7);
INSERT INTO orders (order_id, created_at, delivery_id, payment_id, supporting_project_id) VALUES (2263, (SELECT projects.start_date + INTERVAL 36 DAY FROM projects WHERE projects.id=54), 1, 2263, 2263);
INSERT INTO supporting_packages(id, option_list, package_count, order_id, project_package_id, supporting_project_id) VALUES (2263, '["메이크업"]', 3, 2263, 54, 2263);
INSERT INTO supporting_projects(supporting_project_id, supported_at, delivery_id, payment_id, project_id, user_id) VALUES (2264, (SELECT projects.start_date + INTERVAL 43 DAY FROM projects WHERE projects.id=54), 1, 2264, 54, 30);
INSERT INTO orders (order_id, created_at, delivery_id, payment_id, supporting_project_id) VALUES (2264, (SELECT projects.start_date + INTERVAL 43 DAY FROM projects WHERE projects.id=54), 1, 2264, 2264);
INSERT INTO supporting_packages(id, option_list, package_count, order_id, project_package_id, supporting_project_id) VALUES (2264, '["메이크업"]', 8, 2264, 54, 2264);
INSERT INTO supporting_projects(supporting_project_id, supported_at, delivery_id, payment_id, project_id, user_id) VALUES (2265, (SELECT projects.start_date + INTERVAL 12 DAY FROM projects WHERE projects.id=54), 1, 2265, 54, 7);
INSERT INTO orders (order_id, created_at, delivery_id, payment_id, supporting_project_id) VALUES (2265, (SELECT projects.start_date + INTERVAL 12 DAY FROM projects WHERE projects.id=54), 1, 2265, 2265);
INSERT INTO supporting_packages(id, option_list, package_count, order_id, project_package_id, supporting_project_id) VALUES (2265, '["메이크업"]', 1, 2265, 54, 2265);
INSERT INTO supporting_projects(supporting_project_id, supported_at, delivery_id, payment_id, project_id, user_id) VALUES (2266, (SELECT projects.start_date + INTERVAL 31 DAY FROM projects WHERE projects.id=54), 1, 2266, 54, 10);
INSERT INTO orders (order_id, created_at, delivery_id, payment_id, supporting_project_id) VALUES (2266, (SELECT projects.start_date + INTERVAL 31 DAY FROM projects WHERE projects.id=54), 1, 2266, 2266);
INSERT INTO supporting_packages(id, option_list, package_count, order_id, project_package_id, supporting_project_id) VALUES (2266, '["스킨케어"]', 8, 2266, 54, 2266);
INSERT INTO supporting_projects(supporting_project_id, supported_at, delivery_id, payment_id, project_id, user_id) VALUES (2267, (SELECT projects.start_date + INTERVAL 30 DAY FROM projects WHERE projects.id=54), 1, 2267, 54, 17);
INSERT INTO orders (order_id, created_at, delivery_id, payment_id, supporting_project_id) VALUES (2267, (SELECT projects.start_date + INTERVAL 30 DAY FROM projects WHERE projects.id=54), 1, 2267, 2267);
INSERT INTO supporting_packages(id, option_list, package_count, order_id, project_package_id, supporting_project_id) VALUES (2267, '["메이크업"]', 8, 2267, 54, 2267);
INSERT INTO supporting_projects(supporting_project_id, supported_at, delivery_id, payment_id, project_id, user_id) VALUES (2268, (SELECT projects.start_date + INTERVAL 43 DAY FROM projects WHERE projects.id=54), 1, 2268, 54, 1);
INSERT INTO orders (order_id, created_at, delivery_id, payment_id, supporting_project_id) VALUES (2268, (SELECT projects.start_date + INTERVAL 43 DAY FROM projects WHERE projects.id=54), 1, 2268, 2268);
INSERT INTO supporting_packages(id, option_list, package_count, order_id, project_package_id, supporting_project_id) VALUES (2268, '["메이크업"]', 10, 2268, 54, 2268);
INSERT INTO supporting_projects(supporting_project_id, supported_at, delivery_id, payment_id, project_id, user_id) VALUES (2269, (SELECT projects.start_date + INTERVAL 30 DAY FROM projects WHERE projects.id=54), 1, 2269, 54, 35);
INSERT INTO orders (order_id, created_at, delivery_id, payment_id, supporting_project_id) VALUES (2269, (SELECT projects.start_date + INTERVAL 30 DAY FROM projects WHERE projects.id=54), 1, 2269, 2269);
INSERT INTO supporting_packages(id, option_list, package_count, order_id, project_package_id, supporting_project_id) VALUES (2269, '["패션 콜라보"]', 6, 2269, 54, 2269);
INSERT INTO supporting_projects(supporting_project_id, supported_at, delivery_id, payment_id, project_id, user_id) VALUES (2270, (SELECT projects.start_date + INTERVAL 38 DAY FROM projects WHERE projects.id=54), 1, 2270, 54, 26);
INSERT INTO orders (order_id, created_at, delivery_id, payment_id, supporting_project_id) VALUES (2270, (SELECT projects.start_date + INTERVAL 38 DAY FROM projects WHERE projects.id=54), 1, 2270, 2270);
INSERT INTO supporting_packages(id, option_list, package_count, order_id, project_package_id, supporting_project_id) VALUES (2270, '["메이크업"]', 2, 2270, 54, 2270);
INSERT INTO supporting_projects(supporting_project_id, supported_at, delivery_id, payment_id, project_id, user_id) VALUES (2271, (SELECT projects.start_date + INTERVAL 25 DAY FROM projects WHERE projects.id=54), 1, 2271, 54, 34);
INSERT INTO orders (order_id, created_at, delivery_id, payment_id, supporting_project_id) VALUES (2271, (SELECT projects.start_date + INTERVAL 25 DAY FROM projects WHERE projects.id=54), 1, 2271, 2271);
INSERT INTO supporting_packages(id, option_list, package_count, order_id, project_package_id, supporting_project_id) VALUES (2271, '["패션 콜라보"]', 4, 2271, 54, 2271);
INSERT INTO supporting_projects(supporting_project_id, supported_at, delivery_id, payment_id, project_id, user_id) VALUES (2272, (SELECT projects.start_date + INTERVAL 23 DAY FROM projects WHERE projects.id=54), 1, 2272, 54, 23);
INSERT INTO orders (order_id, created_at, delivery_id, payment_id, supporting_project_id) VALUES (2272, (SELECT projects.start_date + INTERVAL 23 DAY FROM projects WHERE projects.id=54), 1, 2272, 2272);
INSERT INTO supporting_packages(id, option_list, package_count, order_id, project_package_id, supporting_project_id) VALUES (2272, '["패션 콜라보"]', 5, 2272, 54, 2272);
INSERT INTO supporting_projects(supporting_project_id, supported_at, delivery_id, payment_id, project_id, user_id) VALUES (2273, (SELECT projects.start_date + INTERVAL 44 DAY FROM projects WHERE projects.id=54), 1, 2273, 54, 6);
INSERT INTO orders (order_id, created_at, delivery_id, payment_id, supporting_project_id) VALUES (2273, (SELECT projects.start_date + INTERVAL 44 DAY FROM projects WHERE projects.id=54), 1, 2273, 2273);
INSERT INTO supporting_packages(id, option_list, package_count, order_id, project_package_id, supporting_project_id) VALUES (2273, '["패션 콜라보"]', 2, 2273, 54, 2273);
INSERT INTO supporting_projects(supporting_project_id, supported_at, delivery_id, payment_id, project_id, user_id) VALUES (2274, (SELECT projects.start_date + INTERVAL 14 DAY FROM projects WHERE projects.id=54), 1, 2274, 54, 15);
INSERT INTO orders (order_id, created_at, delivery_id, payment_id, supporting_project_id) VALUES (2274, (SELECT projects.start_date + INTERVAL 14 DAY FROM projects WHERE projects.id=54), 1, 2274, 2274);
INSERT INTO supporting_packages(id, option_list, package_count, order_id, project_package_id, supporting_project_id) VALUES (2274, '["스킨케어"]', 4, 2274, 54, 2274);
INSERT INTO supporting_projects(supporting_project_id, supported_at, delivery_id, payment_id, project_id, user_id) VALUES (2275, (SELECT projects.start_date + INTERVAL 31 DAY FROM projects WHERE projects.id=54), 1, 2275, 54, 6);
INSERT INTO orders (order_id, created_at, delivery_id, payment_id, supporting_project_id) VALUES (2275, (SELECT projects.start_date + INTERVAL 31 DAY FROM projects WHERE projects.id=54), 1, 2275, 2275);
INSERT INTO supporting_packages(id, option_list, package_count, order_id, project_package_id, supporting_project_id) VALUES (2275, '["패션 콜라보"]', 9, 2275, 54, 2275);
INSERT INTO supporting_projects(supporting_project_id, supported_at, delivery_id, payment_id, project_id, user_id) VALUES (2276, (SELECT projects.start_date + INTERVAL 11 DAY FROM projects WHERE projects.id=54), 1, 2276, 54, 36);
INSERT INTO orders (order_id, created_at, delivery_id, payment_id, supporting_project_id) VALUES (2276, (SELECT projects.start_date + INTERVAL 11 DAY FROM projects WHERE projects.id=54), 1, 2276, 2276);
INSERT INTO supporting_packages(id, option_list, package_count, order_id, project_package_id, supporting_project_id) VALUES (2276, '["메이크업"]', 7, 2276, 54, 2276);
INSERT INTO supporting_projects(supporting_project_id, supported_at, delivery_id, payment_id, project_id, user_id) VALUES (2277, (SELECT projects.start_date + INTERVAL 21 DAY FROM projects WHERE projects.id=54), 1, 2277, 54, 2);
INSERT INTO orders (order_id, created_at, delivery_id, payment_id, supporting_project_id) VALUES (2277, (SELECT projects.start_date + INTERVAL 21 DAY FROM projects WHERE projects.id=54), 1, 2277, 2277);
INSERT INTO supporting_packages(id, option_list, package_count, order_id, project_package_id, supporting_project_id) VALUES (2277, '["메이크업"]', 7, 2277, 54, 2277);
INSERT INTO supporting_projects(supporting_project_id, supported_at, delivery_id, payment_id, project_id, user_id) VALUES (2278, (SELECT projects.start_date + INTERVAL 21 DAY FROM projects WHERE projects.id=54), 1, 2278, 54, 23);
INSERT INTO orders (order_id, created_at, delivery_id, payment_id, supporting_project_id) VALUES (2278, (SELECT projects.start_date + INTERVAL 21 DAY FROM projects WHERE projects.id=54), 1, 2278, 2278);
INSERT INTO supporting_packages(id, option_list, package_count, order_id, project_package_id, supporting_project_id) VALUES (2278, '["패션 콜라보"]', 5, 2278, 54, 2278);
INSERT INTO supporting_projects(supporting_project_id, supported_at, delivery_id, payment_id, project_id, user_id) VALUES (2279, (SELECT projects.start_date + INTERVAL 42 DAY FROM projects WHERE projects.id=54), 1, 2279, 54, 29);
INSERT INTO orders (order_id, created_at, delivery_id, payment_id, supporting_project_id) VALUES (2279, (SELECT projects.start_date + INTERVAL 42 DAY FROM projects WHERE projects.id=54), 1, 2279, 2279);
INSERT INTO supporting_packages(id, option_list, package_count, order_id, project_package_id, supporting_project_id) VALUES (2279, '["스킨케어"]', 5, 2279, 54, 2279);
INSERT INTO supporting_projects(supporting_project_id, supported_at, delivery_id, payment_id, project_id, user_id) VALUES (2280, (SELECT projects.start_date + INTERVAL 47 DAY FROM projects WHERE projects.id=54), 1, 2280, 54, 39);
INSERT INTO orders (order_id, created_at, delivery_id, payment_id, supporting_project_id) VALUES (2280, (SELECT projects.start_date + INTERVAL 47 DAY FROM projects WHERE projects.id=54), 1, 2280, 2280);
INSERT INTO supporting_packages(id, option_list, package_count, order_id, project_package_id, supporting_project_id) VALUES (2280, '["패션 콜라보"]', 3, 2280, 54, 2280);
INSERT INTO supporting_projects(supporting_project_id, supported_at, delivery_id, payment_id, project_id, user_id) VALUES (2281, (SELECT projects.start_date + INTERVAL 16 DAY FROM projects WHERE projects.id=54), 1, 2281, 54, 34);
INSERT INTO orders (order_id, created_at, delivery_id, payment_id, supporting_project_id) VALUES (2281, (SELECT projects.start_date + INTERVAL 16 DAY FROM projects WHERE projects.id=54), 1, 2281, 2281);
INSERT INTO supporting_packages(id, option_list, package_count, order_id, project_package_id, supporting_project_id) VALUES (2281, '["메이크업"]', 10, 2281, 54, 2281);
INSERT INTO supporting_projects(supporting_project_id, supported_at, delivery_id, payment_id, project_id, user_id) VALUES (2282, (SELECT projects.start_date + INTERVAL 17 DAY FROM projects WHERE projects.id=54), 1, 2282, 54, 31);
INSERT INTO orders (order_id, created_at, delivery_id, payment_id, supporting_project_id) VALUES (2282, (SELECT projects.start_date + INTERVAL 17 DAY FROM projects WHERE projects.id=54), 1, 2282, 2282);
INSERT INTO supporting_packages(id, option_list, package_count, order_id, project_package_id, supporting_project_id) VALUES (2282, '["패션 콜라보"]', 10, 2282, 54, 2282);
INSERT INTO supporting_projects(supporting_project_id, supported_at, delivery_id, payment_id, project_id, user_id) VALUES (2283, (SELECT projects.start_date + INTERVAL 44 DAY FROM projects WHERE projects.id=54), 1, 2283, 54, 14);
INSERT INTO orders (order_id, created_at, delivery_id, payment_id, supporting_project_id) VALUES (2283, (SELECT projects.start_date + INTERVAL 44 DAY FROM projects WHERE projects.id=54), 1, 2283, 2283);
INSERT INTO supporting_packages(id, option_list, package_count, order_id, project_package_id, supporting_project_id) VALUES (2283, '["메이크업"]', 6, 2283, 54, 2283);
INSERT INTO supporting_projects(supporting_project_id, supported_at, delivery_id, payment_id, project_id, user_id) VALUES (2284, (SELECT projects.start_date + INTERVAL 14 DAY FROM projects WHERE projects.id=54), 1, 2284, 54, 19);
INSERT INTO orders (order_id, created_at, delivery_id, payment_id, supporting_project_id) VALUES (2284, (SELECT projects.start_date + INTERVAL 14 DAY FROM projects WHERE projects.id=54), 1, 2284, 2284);
INSERT INTO supporting_packages(id, option_list, package_count, order_id, project_package_id, supporting_project_id) VALUES (2284, '["패션 콜라보"]', 3, 2284, 54, 2284);
INSERT INTO supporting_projects(supporting_project_id, supported_at, delivery_id, payment_id, project_id, user_id) VALUES (2285, (SELECT projects.start_date + INTERVAL 20 DAY FROM projects WHERE projects.id=54), 1, 2285, 54, 11);
INSERT INTO orders (order_id, created_at, delivery_id, payment_id, supporting_project_id) VALUES (2285, (SELECT projects.start_date + INTERVAL 20 DAY FROM projects WHERE projects.id=54), 1, 2285, 2285);
INSERT INTO supporting_packages(id, option_list, package_count, order_id, project_package_id, supporting_project_id) VALUES (2285, '["스킨케어"]', 1, 2285, 54, 2285);
INSERT INTO supporting_projects(supporting_project_id, supported_at, delivery_id, payment_id, project_id, user_id) VALUES (2286, (SELECT projects.start_date + INTERVAL 7 DAY FROM projects WHERE projects.id=54), 1, 2286, 54, 20);
INSERT INTO orders (order_id, created_at, delivery_id, payment_id, supporting_project_id) VALUES (2286, (SELECT projects.start_date + INTERVAL 7 DAY FROM projects WHERE projects.id=54), 1, 2286, 2286);
INSERT INTO supporting_packages(id, option_list, package_count, order_id, project_package_id, supporting_project_id) VALUES (2286, '["메이크업"]', 1, 2286, 54, 2286);
INSERT INTO supporting_projects(supporting_project_id, supported_at, delivery_id, payment_id, project_id, user_id) VALUES (2287, (SELECT projects.start_date + INTERVAL 11 DAY FROM projects WHERE projects.id=54), 1, 2287, 54, 30);
INSERT INTO orders (order_id, created_at, delivery_id, payment_id, supporting_project_id) VALUES (2287, (SELECT projects.start_date + INTERVAL 11 DAY FROM projects WHERE projects.id=54), 1, 2287, 2287);
INSERT INTO supporting_packages(id, option_list, package_count, order_id, project_package_id, supporting_project_id) VALUES (2287, '["스킨케어"]', 9, 2287, 54, 2287);
INSERT INTO supporting_projects(supporting_project_id, supported_at, delivery_id, payment_id, project_id, user_id) VALUES (2288, (SELECT projects.start_date + INTERVAL 32 DAY FROM projects WHERE projects.id=54), 1, 2288, 54, 27);
INSERT INTO orders (order_id, created_at, delivery_id, payment_id, supporting_project_id) VALUES (2288, (SELECT projects.start_date + INTERVAL 32 DAY FROM projects WHERE projects.id=54), 1, 2288, 2288);
INSERT INTO supporting_packages(id, option_list, package_count, order_id, project_package_id, supporting_project_id) VALUES (2288, '["패션 콜라보"]', 6, 2288, 54, 2288);
INSERT INTO supporting_projects(supporting_project_id, supported_at, delivery_id, payment_id, project_id, user_id) VALUES (2289, (SELECT projects.start_date + INTERVAL 13 DAY FROM projects WHERE projects.id=54), 1, 2289, 54, 16);
INSERT INTO orders (order_id, created_at, delivery_id, payment_id, supporting_project_id) VALUES (2289, (SELECT projects.start_date + INTERVAL 13 DAY FROM projects WHERE projects.id=54), 1, 2289, 2289);
INSERT INTO supporting_packages(id, option_list, package_count, order_id, project_package_id, supporting_project_id) VALUES (2289, '["메이크업"]', 3, 2289, 54, 2289);
INSERT INTO supporting_projects(supporting_project_id, supported_at, delivery_id, payment_id, project_id, user_id) VALUES (2290, (SELECT projects.start_date + INTERVAL 16 DAY FROM projects WHERE projects.id=54), 1, 2290, 54, 40);
INSERT INTO orders (order_id, created_at, delivery_id, payment_id, supporting_project_id) VALUES (2290, (SELECT projects.start_date + INTERVAL 16 DAY FROM projects WHERE projects.id=54), 1, 2290, 2290);
INSERT INTO supporting_packages(id, option_list, package_count, order_id, project_package_id, supporting_project_id) VALUES (2290, '["메이크업"]', 3, 2290, 54, 2290);
INSERT INTO supporting_projects(supporting_project_id, supported_at, delivery_id, payment_id, project_id, user_id) VALUES (2291, (SELECT projects.start_date + INTERVAL 40 DAY FROM projects WHERE projects.id=54), 1, 2291, 54, 11);
INSERT INTO orders (order_id, created_at, delivery_id, payment_id, supporting_project_id) VALUES (2291, (SELECT projects.start_date + INTERVAL 40 DAY FROM projects WHERE projects.id=54), 1, 2291, 2291);
INSERT INTO supporting_packages(id, option_list, package_count, order_id, project_package_id, supporting_project_id) VALUES (2291, '["메이크업"]', 10, 2291, 54, 2291);
INSERT INTO supporting_projects(supporting_project_id, supported_at, delivery_id, payment_id, project_id, user_id) VALUES (2292, (SELECT projects.start_date + INTERVAL 28 DAY FROM projects WHERE projects.id=54), 1, 2292, 54, 4);
INSERT INTO orders (order_id, created_at, delivery_id, payment_id, supporting_project_id) VALUES (2292, (SELECT projects.start_date + INTERVAL 28 DAY FROM projects WHERE projects.id=54), 1, 2292, 2292);
INSERT INTO supporting_packages(id, option_list, package_count, order_id, project_package_id, supporting_project_id) VALUES (2292, '["스킨케어"]', 8, 2292, 54, 2292);
INSERT INTO supporting_projects(supporting_project_id, supported_at, delivery_id, payment_id, project_id, user_id) VALUES (2293, (SELECT projects.start_date + INTERVAL 39 DAY FROM projects WHERE projects.id=54), 1, 2293, 54, 5);
INSERT INTO orders (order_id, created_at, delivery_id, payment_id, supporting_project_id) VALUES (2293, (SELECT projects.start_date + INTERVAL 39 DAY FROM projects WHERE projects.id=54), 1, 2293, 2293);
INSERT INTO supporting_packages(id, option_list, package_count, order_id, project_package_id, supporting_project_id) VALUES (2293, '["패션 콜라보"]', 2, 2293, 54, 2293);
INSERT INTO supporting_projects(supporting_project_id, supported_at, delivery_id, payment_id, project_id, user_id) VALUES (2294, (SELECT projects.start_date + INTERVAL 26 DAY FROM projects WHERE projects.id=54), 1, 2294, 54, 32);
INSERT INTO orders (order_id, created_at, delivery_id, payment_id, supporting_project_id) VALUES (2294, (SELECT projects.start_date + INTERVAL 26 DAY FROM projects WHERE projects.id=54), 1, 2294, 2294);
INSERT INTO supporting_packages(id, option_list, package_count, order_id, project_package_id, supporting_project_id) VALUES (2294, '["스킨케어"]', 10, 2294, 54, 2294);
INSERT INTO supporting_projects(supporting_project_id, supported_at, delivery_id, payment_id, project_id, user_id) VALUES (2295, (SELECT projects.start_date + INTERVAL 2 DAY FROM projects WHERE projects.id=54), 1, 2295, 54, 30);
INSERT INTO orders (order_id, created_at, delivery_id, payment_id, supporting_project_id) VALUES (2295, (SELECT projects.start_date + INTERVAL 2 DAY FROM projects WHERE projects.id=54), 1, 2295, 2295);
INSERT INTO supporting_packages(id, option_list, package_count, order_id, project_package_id, supporting_project_id) VALUES (2295, '["메이크업"]', 2, 2295, 54, 2295);
INSERT INTO supporting_projects(supporting_project_id, supported_at, delivery_id, payment_id, project_id, user_id) VALUES (2296, (SELECT projects.start_date + INTERVAL 36 DAY FROM projects WHERE projects.id=54), 1, 2296, 54, 40);
INSERT INTO orders (order_id, created_at, delivery_id, payment_id, supporting_project_id) VALUES (2296, (SELECT projects.start_date + INTERVAL 36 DAY FROM projects WHERE projects.id=54), 1, 2296, 2296);
INSERT INTO supporting_packages(id, option_list, package_count, order_id, project_package_id, supporting_project_id) VALUES (2296, '["메이크업"]', 9, 2296, 54, 2296);
INSERT INTO supporting_projects(supporting_project_id, supported_at, delivery_id, payment_id, project_id, user_id) VALUES (2297, (SELECT projects.start_date + INTERVAL 33 DAY FROM projects WHERE projects.id=54), 1, 2297, 54, 34);
INSERT INTO orders (order_id, created_at, delivery_id, payment_id, supporting_project_id) VALUES (2297, (SELECT projects.start_date + INTERVAL 33 DAY FROM projects WHERE projects.id=54), 1, 2297, 2297);
INSERT INTO supporting_packages(id, option_list, package_count, order_id, project_package_id, supporting_project_id) VALUES (2297, '["메이크업"]', 9, 2297, 54, 2297);
INSERT INTO supporting_projects(supporting_project_id, supported_at, delivery_id, payment_id, project_id, user_id) VALUES (2298, (SELECT projects.start_date + INTERVAL 12 DAY FROM projects WHERE projects.id=54), 1, 2298, 54, 25);
INSERT INTO orders (order_id, created_at, delivery_id, payment_id, supporting_project_id) VALUES (2298, (SELECT projects.start_date + INTERVAL 12 DAY FROM projects WHERE projects.id=54), 1, 2298, 2298);
INSERT INTO supporting_packages(id, option_list, package_count, order_id, project_package_id, supporting_project_id) VALUES (2298, '["메이크업"]', 6, 2298, 54, 2298);
INSERT INTO supporting_projects(supporting_project_id, supported_at, delivery_id, payment_id, project_id, user_id) VALUES (2299, (SELECT projects.start_date + INTERVAL 7 DAY FROM projects WHERE projects.id=54), 1, 2299, 54, 12);
INSERT INTO orders (order_id, created_at, delivery_id, payment_id, supporting_project_id) VALUES (2299, (SELECT projects.start_date + INTERVAL 7 DAY FROM projects WHERE projects.id=54), 1, 2299, 2299);
INSERT INTO supporting_packages(id, option_list, package_count, order_id, project_package_id, supporting_project_id) VALUES (2299, '["패션 콜라보"]', 10, 2299, 54, 2299);
INSERT INTO supporting_projects(supporting_project_id, supported_at, delivery_id, payment_id, project_id, user_id) VALUES (2300, (SELECT projects.start_date + INTERVAL 28 DAY FROM projects WHERE projects.id=54), 1, 2300, 54, 35);
INSERT INTO orders (order_id, created_at, delivery_id, payment_id, supporting_project_id) VALUES (2300, (SELECT projects.start_date + INTERVAL 28 DAY FROM projects WHERE projects.id=54), 1, 2300, 2300);
INSERT INTO supporting_packages(id, option_list, package_count, order_id, project_package_id, supporting_project_id) VALUES (2300, '["스킨케어"]', 1, 2300, 54, 2300);
INSERT INTO supporting_projects(supporting_project_id, supported_at, delivery_id, payment_id, project_id, user_id) VALUES (2301, (SELECT projects.start_date + INTERVAL 42 DAY FROM projects WHERE projects.id=54), 1, 2301, 54, 6);
INSERT INTO orders (order_id, created_at, delivery_id, payment_id, supporting_project_id) VALUES (2301, (SELECT projects.start_date + INTERVAL 42 DAY FROM projects WHERE projects.id=54), 1, 2301, 2301);
INSERT INTO supporting_packages(id, option_list, package_count, order_id, project_package_id, supporting_project_id) VALUES (2301, '["패션 콜라보"]', 5, 2301, 54, 2301);
INSERT INTO supporting_projects(supporting_project_id, supported_at, delivery_id, payment_id, project_id, user_id) VALUES (2302, (SELECT projects.start_date + INTERVAL 4 DAY FROM projects WHERE projects.id=54), 1, 2302, 54, 11);
INSERT INTO orders (order_id, created_at, delivery_id, payment_id, supporting_project_id) VALUES (2302, (SELECT projects.start_date + INTERVAL 4 DAY FROM projects WHERE projects.id=54), 1, 2302, 2302);
INSERT INTO supporting_packages(id, option_list, package_count, order_id, project_package_id, supporting_project_id) VALUES (2302, '["패션 콜라보"]', 8, 2302, 54, 2302);
INSERT INTO supporting_projects(supporting_project_id, supported_at, delivery_id, payment_id, project_id, user_id) VALUES (2303, (SELECT projects.start_date + INTERVAL 50 DAY FROM projects WHERE projects.id=54), 1, 2303, 54, 10);
INSERT INTO orders (order_id, created_at, delivery_id, payment_id, supporting_project_id) VALUES (2303, (SELECT projects.start_date + INTERVAL 50 DAY FROM projects WHERE projects.id=54), 1, 2303, 2303);
INSERT INTO supporting_packages(id, option_list, package_count, order_id, project_package_id, supporting_project_id) VALUES (2303, '["패션 콜라보"]', 10, 2303, 54, 2303);
INSERT INTO supporting_projects(supporting_project_id, supported_at, delivery_id, payment_id, project_id, user_id) VALUES (2304, (SELECT projects.start_date + INTERVAL 49 DAY FROM projects WHERE projects.id=54), 1, 2304, 54, 39);
INSERT INTO orders (order_id, created_at, delivery_id, payment_id, supporting_project_id) VALUES (2304, (SELECT projects.start_date + INTERVAL 49 DAY FROM projects WHERE projects.id=54), 1, 2304, 2304);
INSERT INTO supporting_packages(id, option_list, package_count, order_id, project_package_id, supporting_project_id) VALUES (2304, '["스킨케어"]', 8, 2304, 54, 2304);
INSERT INTO supporting_projects(supporting_project_id, supported_at, delivery_id, payment_id, project_id, user_id) VALUES (2305, (SELECT projects.start_date + INTERVAL 13 DAY FROM projects WHERE projects.id=54), 1, 2305, 54, 11);
INSERT INTO orders (order_id, created_at, delivery_id, payment_id, supporting_project_id) VALUES (2305, (SELECT projects.start_date + INTERVAL 13 DAY FROM projects WHERE projects.id=54), 1, 2305, 2305);
INSERT INTO supporting_packages(id, option_list, package_count, order_id, project_package_id, supporting_project_id) VALUES (2305, '["스킨케어"]', 6, 2305, 54, 2305);
INSERT INTO supporting_projects(supporting_project_id, supported_at, delivery_id, payment_id, project_id, user_id) VALUES (2306, (SELECT projects.start_date + INTERVAL 42 DAY FROM projects WHERE projects.id=54), 1, 2306, 54, 19);
INSERT INTO orders (order_id, created_at, delivery_id, payment_id, supporting_project_id) VALUES (2306, (SELECT projects.start_date + INTERVAL 42 DAY FROM projects WHERE projects.id=54), 1, 2306, 2306);
INSERT INTO supporting_packages(id, option_list, package_count, order_id, project_package_id, supporting_project_id) VALUES (2306, '["메이크업"]', 9, 2306, 54, 2306);
INSERT INTO supporting_projects(supporting_project_id, supported_at, delivery_id, payment_id, project_id, user_id) VALUES (2307, (SELECT projects.start_date + INTERVAL 45 DAY FROM projects WHERE projects.id=54), 1, 2307, 54, 12);
INSERT INTO orders (order_id, created_at, delivery_id, payment_id, supporting_project_id) VALUES (2307, (SELECT projects.start_date + INTERVAL 45 DAY FROM projects WHERE projects.id=54), 1, 2307, 2307);
INSERT INTO supporting_packages(id, option_list, package_count, order_id, project_package_id, supporting_project_id) VALUES (2307, '["스킨케어"]', 8, 2307, 54, 2307);
INSERT INTO supporting_projects(supporting_project_id, supported_at, delivery_id, payment_id, project_id, user_id) VALUES (2308, (SELECT projects.start_date + INTERVAL 30 DAY FROM projects WHERE projects.id=54), 1, 2308, 54, 3);
INSERT INTO orders (order_id, created_at, delivery_id, payment_id, supporting_project_id) VALUES (2308, (SELECT projects.start_date + INTERVAL 30 DAY FROM projects WHERE projects.id=54), 1, 2308, 2308);
INSERT INTO supporting_packages(id, option_list, package_count, order_id, project_package_id, supporting_project_id) VALUES (2308, '["스킨케어"]', 5, 2308, 54, 2308);
INSERT INTO supporting_projects(supporting_project_id, supported_at, delivery_id, payment_id, project_id, user_id) VALUES (2309, (SELECT projects.start_date + INTERVAL 19 DAY FROM projects WHERE projects.id=54), 1, 2309, 54, 15);
INSERT INTO orders (order_id, created_at, delivery_id, payment_id, supporting_project_id) VALUES (2309, (SELECT projects.start_date + INTERVAL 19 DAY FROM projects WHERE projects.id=54), 1, 2309, 2309);
INSERT INTO supporting_packages(id, option_list, package_count, order_id, project_package_id, supporting_project_id) VALUES (2309, '["스킨케어"]', 6, 2309, 54, 2309);
INSERT INTO supporting_projects(supporting_project_id, supported_at, delivery_id, payment_id, project_id, user_id) VALUES (2310, (SELECT projects.start_date + INTERVAL 35 DAY FROM projects WHERE projects.id=54), 1, 2310, 54, 28);
INSERT INTO orders (order_id, created_at, delivery_id, payment_id, supporting_project_id) VALUES (2310, (SELECT projects.start_date + INTERVAL 35 DAY FROM projects WHERE projects.id=54), 1, 2310, 2310);
INSERT INTO supporting_packages(id, option_list, package_count, order_id, project_package_id, supporting_project_id) VALUES (2310, '["스킨케어"]', 10, 2310, 54, 2310);
INSERT INTO supporting_projects(supporting_project_id, supported_at, delivery_id, payment_id, project_id, user_id) VALUES (2311, (SELECT projects.start_date + INTERVAL 1 DAY FROM projects WHERE projects.id=54), 1, 2311, 54, 5);
INSERT INTO orders (order_id, created_at, delivery_id, payment_id, supporting_project_id) VALUES (2311, (SELECT projects.start_date + INTERVAL 1 DAY FROM projects WHERE projects.id=54), 1, 2311, 2311);
INSERT INTO supporting_packages(id, option_list, package_count, order_id, project_package_id, supporting_project_id) VALUES (2311, '["스킨케어"]', 4, 2311, 54, 2311);
INSERT INTO supporting_projects(supporting_project_id, supported_at, delivery_id, payment_id, project_id, user_id) VALUES (2312, (SELECT projects.start_date + INTERVAL 27 DAY FROM projects WHERE projects.id=54), 1, 2312, 54, 26);
INSERT INTO orders (order_id, created_at, delivery_id, payment_id, supporting_project_id) VALUES (2312, (SELECT projects.start_date + INTERVAL 27 DAY FROM projects WHERE projects.id=54), 1, 2312, 2312);
INSERT INTO supporting_packages(id, option_list, package_count, order_id, project_package_id, supporting_project_id) VALUES (2312, '["스킨케어"]', 2, 2312, 54, 2312);
INSERT INTO supporting_projects(supporting_project_id, supported_at, delivery_id, payment_id, project_id, user_id) VALUES (2313, (SELECT projects.start_date + INTERVAL 21 DAY FROM projects WHERE projects.id=56), 1, 2313, 56, 27);
INSERT INTO orders (order_id, created_at, delivery_id, payment_id, supporting_project_id) VALUES (2313, (SELECT projects.start_date + INTERVAL 21 DAY FROM projects WHERE projects.id=56), 1, 2313, 2313);
INSERT INTO supporting_packages(id, option_list, package_count, order_id, project_package_id, supporting_project_id) VALUES (2313, '["티셔츠"]', 9, 2313, 56, 2313);
INSERT INTO supporting_projects(supporting_project_id, supported_at, delivery_id, payment_id, project_id, user_id) VALUES (2314, (SELECT projects.start_date + INTERVAL 50 DAY FROM projects WHERE projects.id=56), 1, 2314, 56, 18);
INSERT INTO orders (order_id, created_at, delivery_id, payment_id, supporting_project_id) VALUES (2314, (SELECT projects.start_date + INTERVAL 50 DAY FROM projects WHERE projects.id=56), 1, 2314, 2314);
INSERT INTO supporting_packages(id, option_list, package_count, order_id, project_package_id, supporting_project_id) VALUES (2314, '["티셔츠"]', 10, 2314, 56, 2314);
INSERT INTO supporting_projects(supporting_project_id, supported_at, delivery_id, payment_id, project_id, user_id) VALUES (2315, (SELECT projects.start_date + INTERVAL 25 DAY FROM projects WHERE projects.id=56), 1, 2315, 56, 4);
INSERT INTO orders (order_id, created_at, delivery_id, payment_id, supporting_project_id) VALUES (2315, (SELECT projects.start_date + INTERVAL 25 DAY FROM projects WHERE projects.id=56), 1, 2315, 2315);
INSERT INTO supporting_packages(id, option_list, package_count, order_id, project_package_id, supporting_project_id) VALUES (2315, '["한정판"]', 1, 2315, 56, 2315);
INSERT INTO supporting_projects(supporting_project_id, supported_at, delivery_id, payment_id, project_id, user_id) VALUES (2316, (SELECT projects.start_date + INTERVAL 8 DAY FROM projects WHERE projects.id=56), 1, 2316, 56, 16);
INSERT INTO orders (order_id, created_at, delivery_id, payment_id, supporting_project_id) VALUES (2316, (SELECT projects.start_date + INTERVAL 8 DAY FROM projects WHERE projects.id=56), 1, 2316, 2316);
INSERT INTO supporting_packages(id, option_list, package_count, order_id, project_package_id, supporting_project_id) VALUES (2316, '["티셔츠"]', 2, 2316, 56, 2316);
INSERT INTO supporting_projects(supporting_project_id, supported_at, delivery_id, payment_id, project_id, user_id) VALUES (2317, (SELECT projects.start_date + INTERVAL 7 DAY FROM projects WHERE projects.id=56), 1, 2317, 56, 40);
INSERT INTO orders (order_id, created_at, delivery_id, payment_id, supporting_project_id) VALUES (2317, (SELECT projects.start_date + INTERVAL 7 DAY FROM projects WHERE projects.id=56), 1, 2317, 2317);
INSERT INTO supporting_packages(id, option_list, package_count, order_id, project_package_id, supporting_project_id) VALUES (2317, '["티셔츠"]', 4, 2317, 56, 2317);
INSERT INTO supporting_projects(supporting_project_id, supported_at, delivery_id, payment_id, project_id, user_id) VALUES (2318, (SELECT projects.start_date + INTERVAL 4 DAY FROM projects WHERE projects.id=56), 1, 2318, 56, 12);
INSERT INTO orders (order_id, created_at, delivery_id, payment_id, supporting_project_id) VALUES (2318, (SELECT projects.start_date + INTERVAL 4 DAY FROM projects WHERE projects.id=56), 1, 2318, 2318);
INSERT INTO supporting_packages(id, option_list, package_count, order_id, project_package_id, supporting_project_id) VALUES (2318, '["티셔츠"]', 1, 2318, 56, 2318);
INSERT INTO supporting_projects(supporting_project_id, supported_at, delivery_id, payment_id, project_id, user_id) VALUES (2319, (SELECT projects.start_date + INTERVAL 16 DAY FROM projects WHERE projects.id=56), 1, 2319, 56, 38);
INSERT INTO orders (order_id, created_at, delivery_id, payment_id, supporting_project_id) VALUES (2319, (SELECT projects.start_date + INTERVAL 16 DAY FROM projects WHERE projects.id=56), 1, 2319, 2319);
INSERT INTO supporting_packages(id, option_list, package_count, order_id, project_package_id, supporting_project_id) VALUES (2319, '["아우터"]', 7, 2319, 56, 2319);
INSERT INTO supporting_projects(supporting_project_id, supported_at, delivery_id, payment_id, project_id, user_id) VALUES (2320, (SELECT projects.start_date + INTERVAL 21 DAY FROM projects WHERE projects.id=56), 1, 2320, 56, 36);
INSERT INTO orders (order_id, created_at, delivery_id, payment_id, supporting_project_id) VALUES (2320, (SELECT projects.start_date + INTERVAL 21 DAY FROM projects WHERE projects.id=56), 1, 2320, 2320);
INSERT INTO supporting_packages(id, option_list, package_count, order_id, project_package_id, supporting_project_id) VALUES (2320, '["아우터"]', 8, 2320, 56, 2320);
INSERT INTO supporting_projects(supporting_project_id, supported_at, delivery_id, payment_id, project_id, user_id) VALUES (2321, (SELECT projects.start_date + INTERVAL 9 DAY FROM projects WHERE projects.id=56), 1, 2321, 56, 6);
INSERT INTO orders (order_id, created_at, delivery_id, payment_id, supporting_project_id) VALUES (2321, (SELECT projects.start_date + INTERVAL 9 DAY FROM projects WHERE projects.id=56), 1, 2321, 2321);
INSERT INTO supporting_packages(id, option_list, package_count, order_id, project_package_id, supporting_project_id) VALUES (2321, '["한정판"]', 1, 2321, 56, 2321);
INSERT INTO supporting_projects(supporting_project_id, supported_at, delivery_id, payment_id, project_id, user_id) VALUES (2322, (SELECT projects.start_date + INTERVAL 48 DAY FROM projects WHERE projects.id=56), 1, 2322, 56, 40);
INSERT INTO orders (order_id, created_at, delivery_id, payment_id, supporting_project_id) VALUES (2322, (SELECT projects.start_date + INTERVAL 48 DAY FROM projects WHERE projects.id=56), 1, 2322, 2322);
INSERT INTO supporting_packages(id, option_list, package_count, order_id, project_package_id, supporting_project_id) VALUES (2322, '["한정판"]', 6, 2322, 56, 2322);
INSERT INTO supporting_projects(supporting_project_id, supported_at, delivery_id, payment_id, project_id, user_id) VALUES (2323, (SELECT projects.start_date + INTERVAL 8 DAY FROM projects WHERE projects.id=56), 1, 2323, 56, 28);
INSERT INTO orders (order_id, created_at, delivery_id, payment_id, supporting_project_id) VALUES (2323, (SELECT projects.start_date + INTERVAL 8 DAY FROM projects WHERE projects.id=56), 1, 2323, 2323);
INSERT INTO supporting_packages(id, option_list, package_count, order_id, project_package_id, supporting_project_id) VALUES (2323, '["아우터"]', 8, 2323, 56, 2323);
INSERT INTO supporting_projects(supporting_project_id, supported_at, delivery_id, payment_id, project_id, user_id) VALUES (2324, (SELECT projects.start_date + INTERVAL 15 DAY FROM projects WHERE projects.id=56), 1, 2324, 56, 2);
INSERT INTO orders (order_id, created_at, delivery_id, payment_id, supporting_project_id) VALUES (2324, (SELECT projects.start_date + INTERVAL 15 DAY FROM projects WHERE projects.id=56), 1, 2324, 2324);
INSERT INTO supporting_packages(id, option_list, package_count, order_id, project_package_id, supporting_project_id) VALUES (2324, '["한정판"]', 5, 2324, 56, 2324);
INSERT INTO supporting_projects(supporting_project_id, supported_at, delivery_id, payment_id, project_id, user_id) VALUES (2325, (SELECT projects.start_date + INTERVAL 10 DAY FROM projects WHERE projects.id=56), 1, 2325, 56, 12);
INSERT INTO orders (order_id, created_at, delivery_id, payment_id, supporting_project_id) VALUES (2325, (SELECT projects.start_date + INTERVAL 10 DAY FROM projects WHERE projects.id=56), 1, 2325, 2325);
INSERT INTO supporting_packages(id, option_list, package_count, order_id, project_package_id, supporting_project_id) VALUES (2325, '["아우터"]', 10, 2325, 56, 2325);
INSERT INTO supporting_projects(supporting_project_id, supported_at, delivery_id, payment_id, project_id, user_id) VALUES (2326, (SELECT projects.start_date + INTERVAL 50 DAY FROM projects WHERE projects.id=56), 1, 2326, 56, 39);
INSERT INTO orders (order_id, created_at, delivery_id, payment_id, supporting_project_id) VALUES (2326, (SELECT projects.start_date + INTERVAL 50 DAY FROM projects WHERE projects.id=56), 1, 2326, 2326);
INSERT INTO supporting_packages(id, option_list, package_count, order_id, project_package_id, supporting_project_id) VALUES (2326, '["한정판"]', 5, 2326, 56, 2326);
INSERT INTO supporting_projects(supporting_project_id, supported_at, delivery_id, payment_id, project_id, user_id) VALUES (2327, (SELECT projects.start_date + INTERVAL 15 DAY FROM projects WHERE projects.id=56), 1, 2327, 56, 13);
INSERT INTO orders (order_id, created_at, delivery_id, payment_id, supporting_project_id) VALUES (2327, (SELECT projects.start_date + INTERVAL 15 DAY FROM projects WHERE projects.id=56), 1, 2327, 2327);
INSERT INTO supporting_packages(id, option_list, package_count, order_id, project_package_id, supporting_project_id) VALUES (2327, '["아우터"]', 3, 2327, 56, 2327);
INSERT INTO supporting_projects(supporting_project_id, supported_at, delivery_id, payment_id, project_id, user_id) VALUES (2328, (SELECT projects.start_date + INTERVAL 19 DAY FROM projects WHERE projects.id=56), 1, 2328, 56, 25);
INSERT INTO orders (order_id, created_at, delivery_id, payment_id, supporting_project_id) VALUES (2328, (SELECT projects.start_date + INTERVAL 19 DAY FROM projects WHERE projects.id=56), 1, 2328, 2328);
INSERT INTO supporting_packages(id, option_list, package_count, order_id, project_package_id, supporting_project_id) VALUES (2328, '["한정판"]', 9, 2328, 56, 2328);
INSERT INTO supporting_projects(supporting_project_id, supported_at, delivery_id, payment_id, project_id, user_id) VALUES (2329, (SELECT projects.start_date + INTERVAL 2 DAY FROM projects WHERE projects.id=56), 1, 2329, 56, 21);
INSERT INTO orders (order_id, created_at, delivery_id, payment_id, supporting_project_id) VALUES (2329, (SELECT projects.start_date + INTERVAL 2 DAY FROM projects WHERE projects.id=56), 1, 2329, 2329);
INSERT INTO supporting_packages(id, option_list, package_count, order_id, project_package_id, supporting_project_id) VALUES (2329, '["아우터"]', 10, 2329, 56, 2329);
INSERT INTO supporting_projects(supporting_project_id, supported_at, delivery_id, payment_id, project_id, user_id) VALUES (2330, (SELECT projects.start_date + INTERVAL 12 DAY FROM projects WHERE projects.id=56), 1, 2330, 56, 15);
INSERT INTO orders (order_id, created_at, delivery_id, payment_id, supporting_project_id) VALUES (2330, (SELECT projects.start_date + INTERVAL 12 DAY FROM projects WHERE projects.id=56), 1, 2330, 2330);
INSERT INTO supporting_packages(id, option_list, package_count, order_id, project_package_id, supporting_project_id) VALUES (2330, '["아우터"]', 7, 2330, 56, 2330);
INSERT INTO supporting_projects(supporting_project_id, supported_at, delivery_id, payment_id, project_id, user_id) VALUES (2331, (SELECT projects.start_date + INTERVAL 50 DAY FROM projects WHERE projects.id=56), 1, 2331, 56, 13);
INSERT INTO orders (order_id, created_at, delivery_id, payment_id, supporting_project_id) VALUES (2331, (SELECT projects.start_date + INTERVAL 50 DAY FROM projects WHERE projects.id=56), 1, 2331, 2331);
INSERT INTO supporting_packages(id, option_list, package_count, order_id, project_package_id, supporting_project_id) VALUES (2331, '["아우터"]', 4, 2331, 56, 2331);
INSERT INTO supporting_projects(supporting_project_id, supported_at, delivery_id, payment_id, project_id, user_id) VALUES (2332, (SELECT projects.start_date + INTERVAL 19 DAY FROM projects WHERE projects.id=56), 1, 2332, 56, 38);
INSERT INTO orders (order_id, created_at, delivery_id, payment_id, supporting_project_id) VALUES (2332, (SELECT projects.start_date + INTERVAL 19 DAY FROM projects WHERE projects.id=56), 1, 2332, 2332);
INSERT INTO supporting_packages(id, option_list, package_count, order_id, project_package_id, supporting_project_id) VALUES (2332, '["한정판"]', 1, 2332, 56, 2332);
INSERT INTO supporting_projects(supporting_project_id, supported_at, delivery_id, payment_id, project_id, user_id) VALUES (2333, (SELECT projects.start_date + INTERVAL 41 DAY FROM projects WHERE projects.id=56), 1, 2333, 56, 37);
INSERT INTO orders (order_id, created_at, delivery_id, payment_id, supporting_project_id) VALUES (2333, (SELECT projects.start_date + INTERVAL 41 DAY FROM projects WHERE projects.id=56), 1, 2333, 2333);
INSERT INTO supporting_packages(id, option_list, package_count, order_id, project_package_id, supporting_project_id) VALUES (2333, '["한정판"]', 10, 2333, 56, 2333);
INSERT INTO supporting_projects(supporting_project_id, supported_at, delivery_id, payment_id, project_id, user_id) VALUES (2334, (SELECT projects.start_date + INTERVAL 26 DAY FROM projects WHERE projects.id=56), 1, 2334, 56, 39);
INSERT INTO orders (order_id, created_at, delivery_id, payment_id, supporting_project_id) VALUES (2334, (SELECT projects.start_date + INTERVAL 26 DAY FROM projects WHERE projects.id=56), 1, 2334, 2334);
INSERT INTO supporting_packages(id, option_list, package_count, order_id, project_package_id, supporting_project_id) VALUES (2334, '["한정판"]', 8, 2334, 56, 2334);
INSERT INTO supporting_projects(supporting_project_id, supported_at, delivery_id, payment_id, project_id, user_id) VALUES (2335, (SELECT projects.start_date + INTERVAL 12 DAY FROM projects WHERE projects.id=56), 1, 2335, 56, 5);
INSERT INTO orders (order_id, created_at, delivery_id, payment_id, supporting_project_id) VALUES (2335, (SELECT projects.start_date + INTERVAL 12 DAY FROM projects WHERE projects.id=56), 1, 2335, 2335);
INSERT INTO supporting_packages(id, option_list, package_count, order_id, project_package_id, supporting_project_id) VALUES (2335, '["한정판"]', 9, 2335, 56, 2335);
INSERT INTO supporting_projects(supporting_project_id, supported_at, delivery_id, payment_id, project_id, user_id) VALUES (2336, (SELECT projects.start_date + INTERVAL 33 DAY FROM projects WHERE projects.id=56), 1, 2336, 56, 26);
INSERT INTO orders (order_id, created_at, delivery_id, payment_id, supporting_project_id) VALUES (2336, (SELECT projects.start_date + INTERVAL 33 DAY FROM projects WHERE projects.id=56), 1, 2336, 2336);
INSERT INTO supporting_packages(id, option_list, package_count, order_id, project_package_id, supporting_project_id) VALUES (2336, '["한정판"]', 9, 2336, 56, 2336);
INSERT INTO supporting_projects(supporting_project_id, supported_at, delivery_id, payment_id, project_id, user_id) VALUES (2337, (SELECT projects.start_date + INTERVAL 11 DAY FROM projects WHERE projects.id=56), 1, 2337, 56, 2);
INSERT INTO orders (order_id, created_at, delivery_id, payment_id, supporting_project_id) VALUES (2337, (SELECT projects.start_date + INTERVAL 11 DAY FROM projects WHERE projects.id=56), 1, 2337, 2337);
INSERT INTO supporting_packages(id, option_list, package_count, order_id, project_package_id, supporting_project_id) VALUES (2337, '["아우터"]', 2, 2337, 56, 2337);
INSERT INTO supporting_projects(supporting_project_id, supported_at, delivery_id, payment_id, project_id, user_id) VALUES (2338, (SELECT projects.start_date + INTERVAL 18 DAY FROM projects WHERE projects.id=56), 1, 2338, 56, 21);
INSERT INTO orders (order_id, created_at, delivery_id, payment_id, supporting_project_id) VALUES (2338, (SELECT projects.start_date + INTERVAL 18 DAY FROM projects WHERE projects.id=56), 1, 2338, 2338);
INSERT INTO supporting_packages(id, option_list, package_count, order_id, project_package_id, supporting_project_id) VALUES (2338, '["한정판"]', 4, 2338, 56, 2338);
INSERT INTO supporting_projects(supporting_project_id, supported_at, delivery_id, payment_id, project_id, user_id) VALUES (2339, (SELECT projects.start_date + INTERVAL 3 DAY FROM projects WHERE projects.id=56), 1, 2339, 56, 12);
INSERT INTO orders (order_id, created_at, delivery_id, payment_id, supporting_project_id) VALUES (2339, (SELECT projects.start_date + INTERVAL 3 DAY FROM projects WHERE projects.id=56), 1, 2339, 2339);
INSERT INTO supporting_packages(id, option_list, package_count, order_id, project_package_id, supporting_project_id) VALUES (2339, '["티셔츠"]', 2, 2339, 56, 2339);
INSERT INTO supporting_projects(supporting_project_id, supported_at, delivery_id, payment_id, project_id, user_id) VALUES (2340, (SELECT projects.start_date + INTERVAL 22 DAY FROM projects WHERE projects.id=57), 1, 2340, 57, 25);
INSERT INTO orders (order_id, created_at, delivery_id, payment_id, supporting_project_id) VALUES (2340, (SELECT projects.start_date + INTERVAL 22 DAY FROM projects WHERE projects.id=57), 1, 2340, 2340);
INSERT INTO supporting_packages(id, option_list, package_count, order_id, project_package_id, supporting_project_id) VALUES (2340, '["초급"]', 6, 2340, 57, 2340);
INSERT INTO supporting_projects(supporting_project_id, supported_at, delivery_id, payment_id, project_id, user_id) VALUES (2341, (SELECT projects.start_date + INTERVAL 49 DAY FROM projects WHERE projects.id=57), 1, 2341, 57, 14);
INSERT INTO orders (order_id, created_at, delivery_id, payment_id, supporting_project_id) VALUES (2341, (SELECT projects.start_date + INTERVAL 49 DAY FROM projects WHERE projects.id=57), 1, 2341, 2341);
INSERT INTO supporting_packages(id, option_list, package_count, order_id, project_package_id, supporting_project_id) VALUES (2341, '["초급"]', 6, 2341, 57, 2341);
INSERT INTO supporting_projects(supporting_project_id, supported_at, delivery_id, payment_id, project_id, user_id) VALUES (2342, (SELECT projects.start_date + INTERVAL 31 DAY FROM projects WHERE projects.id=57), 1, 2342, 57, 24);
INSERT INTO orders (order_id, created_at, delivery_id, payment_id, supporting_project_id) VALUES (2342, (SELECT projects.start_date + INTERVAL 31 DAY FROM projects WHERE projects.id=57), 1, 2342, 2342);
INSERT INTO supporting_packages(id, option_list, package_count, order_id, project_package_id, supporting_project_id) VALUES (2342, '["초급"]', 6, 2342, 57, 2342);
INSERT INTO supporting_projects(supporting_project_id, supported_at, delivery_id, payment_id, project_id, user_id) VALUES (2343, (SELECT projects.start_date + INTERVAL 20 DAY FROM projects WHERE projects.id=57), 1, 2343, 57, 12);
INSERT INTO orders (order_id, created_at, delivery_id, payment_id, supporting_project_id) VALUES (2343, (SELECT projects.start_date + INTERVAL 20 DAY FROM projects WHERE projects.id=57), 1, 2343, 2343);
INSERT INTO supporting_packages(id, option_list, package_count, order_id, project_package_id, supporting_project_id) VALUES (2343, '["고급"]', 3, 2343, 57, 2343);
INSERT INTO supporting_projects(supporting_project_id, supported_at, delivery_id, payment_id, project_id, user_id) VALUES (2344, (SELECT projects.start_date + INTERVAL 8 DAY FROM projects WHERE projects.id=57), 1, 2344, 57, 30);
INSERT INTO orders (order_id, created_at, delivery_id, payment_id, supporting_project_id) VALUES (2344, (SELECT projects.start_date + INTERVAL 8 DAY FROM projects WHERE projects.id=57), 1, 2344, 2344);
INSERT INTO supporting_packages(id, option_list, package_count, order_id, project_package_id, supporting_project_id) VALUES (2344, '["고급"]', 8, 2344, 57, 2344);
INSERT INTO supporting_projects(supporting_project_id, supported_at, delivery_id, payment_id, project_id, user_id) VALUES (2345, (SELECT projects.start_date + INTERVAL 16 DAY FROM projects WHERE projects.id=57), 1, 2345, 57, 11);
INSERT INTO orders (order_id, created_at, delivery_id, payment_id, supporting_project_id) VALUES (2345, (SELECT projects.start_date + INTERVAL 16 DAY FROM projects WHERE projects.id=57), 1, 2345, 2345);
INSERT INTO supporting_packages(id, option_list, package_count, order_id, project_package_id, supporting_project_id) VALUES (2345, '["중급"]', 5, 2345, 57, 2345);
INSERT INTO supporting_projects(supporting_project_id, supported_at, delivery_id, payment_id, project_id, user_id) VALUES (2346, (SELECT projects.start_date + INTERVAL 5 DAY FROM projects WHERE projects.id=57), 1, 2346, 57, 22);
INSERT INTO orders (order_id, created_at, delivery_id, payment_id, supporting_project_id) VALUES (2346, (SELECT projects.start_date + INTERVAL 5 DAY FROM projects WHERE projects.id=57), 1, 2346, 2346);
INSERT INTO supporting_packages(id, option_list, package_count, order_id, project_package_id, supporting_project_id) VALUES (2346, '["초급"]', 7, 2346, 57, 2346);
INSERT INTO supporting_projects(supporting_project_id, supported_at, delivery_id, payment_id, project_id, user_id) VALUES (2347, (SELECT projects.start_date + INTERVAL 7 DAY FROM projects WHERE projects.id=57), 1, 2347, 57, 2);
INSERT INTO orders (order_id, created_at, delivery_id, payment_id, supporting_project_id) VALUES (2347, (SELECT projects.start_date + INTERVAL 7 DAY FROM projects WHERE projects.id=57), 1, 2347, 2347);
INSERT INTO supporting_packages(id, option_list, package_count, order_id, project_package_id, supporting_project_id) VALUES (2347, '["중급"]', 10, 2347, 57, 2347);
INSERT INTO supporting_projects(supporting_project_id, supported_at, delivery_id, payment_id, project_id, user_id) VALUES (2348, (SELECT projects.start_date + INTERVAL 25 DAY FROM projects WHERE projects.id=57), 1, 2348, 57, 9);
INSERT INTO orders (order_id, created_at, delivery_id, payment_id, supporting_project_id) VALUES (2348, (SELECT projects.start_date + INTERVAL 25 DAY FROM projects WHERE projects.id=57), 1, 2348, 2348);
INSERT INTO supporting_packages(id, option_list, package_count, order_id, project_package_id, supporting_project_id) VALUES (2348, '["초급"]', 6, 2348, 57, 2348);
INSERT INTO supporting_projects(supporting_project_id, supported_at, delivery_id, payment_id, project_id, user_id) VALUES (2349, (SELECT projects.start_date + INTERVAL 5 DAY FROM projects WHERE projects.id=57), 1, 2349, 57, 26);
INSERT INTO orders (order_id, created_at, delivery_id, payment_id, supporting_project_id) VALUES (2349, (SELECT projects.start_date + INTERVAL 5 DAY FROM projects WHERE projects.id=57), 1, 2349, 2349);
INSERT INTO supporting_packages(id, option_list, package_count, order_id, project_package_id, supporting_project_id) VALUES (2349, '["고급"]', 9, 2349, 57, 2349);
INSERT INTO supporting_projects(supporting_project_id, supported_at, delivery_id, payment_id, project_id, user_id) VALUES (2350, (SELECT projects.start_date + INTERVAL 21 DAY FROM projects WHERE projects.id=57), 1, 2350, 57, 8);
INSERT INTO orders (order_id, created_at, delivery_id, payment_id, supporting_project_id) VALUES (2350, (SELECT projects.start_date + INTERVAL 21 DAY FROM projects WHERE projects.id=57), 1, 2350, 2350);
INSERT INTO supporting_packages(id, option_list, package_count, order_id, project_package_id, supporting_project_id) VALUES (2350, '["초급"]', 9, 2350, 57, 2350);
INSERT INTO supporting_projects(supporting_project_id, supported_at, delivery_id, payment_id, project_id, user_id) VALUES (2351, (SELECT projects.start_date + INTERVAL 50 DAY FROM projects WHERE projects.id=57), 1, 2351, 57, 32);
INSERT INTO orders (order_id, created_at, delivery_id, payment_id, supporting_project_id) VALUES (2351, (SELECT projects.start_date + INTERVAL 50 DAY FROM projects WHERE projects.id=57), 1, 2351, 2351);
INSERT INTO supporting_packages(id, option_list, package_count, order_id, project_package_id, supporting_project_id) VALUES (2351, '["초급"]', 1, 2351, 57, 2351);
INSERT INTO supporting_projects(supporting_project_id, supported_at, delivery_id, payment_id, project_id, user_id) VALUES (2352, (SELECT projects.start_date + INTERVAL 43 DAY FROM projects WHERE projects.id=57), 1, 2352, 57, 34);
INSERT INTO orders (order_id, created_at, delivery_id, payment_id, supporting_project_id) VALUES (2352, (SELECT projects.start_date + INTERVAL 43 DAY FROM projects WHERE projects.id=57), 1, 2352, 2352);
INSERT INTO supporting_packages(id, option_list, package_count, order_id, project_package_id, supporting_project_id) VALUES (2352, '["고급"]', 4, 2352, 57, 2352);
INSERT INTO supporting_projects(supporting_project_id, supported_at, delivery_id, payment_id, project_id, user_id) VALUES (2353, (SELECT projects.start_date + INTERVAL 14 DAY FROM projects WHERE projects.id=57), 1, 2353, 57, 7);
INSERT INTO orders (order_id, created_at, delivery_id, payment_id, supporting_project_id) VALUES (2353, (SELECT projects.start_date + INTERVAL 14 DAY FROM projects WHERE projects.id=57), 1, 2353, 2353);
INSERT INTO supporting_packages(id, option_list, package_count, order_id, project_package_id, supporting_project_id) VALUES (2353, '["중급"]', 6, 2353, 57, 2353);
INSERT INTO supporting_projects(supporting_project_id, supported_at, delivery_id, payment_id, project_id, user_id) VALUES (2354, (SELECT projects.start_date + INTERVAL 15 DAY FROM projects WHERE projects.id=57), 1, 2354, 57, 7);
INSERT INTO orders (order_id, created_at, delivery_id, payment_id, supporting_project_id) VALUES (2354, (SELECT projects.start_date + INTERVAL 15 DAY FROM projects WHERE projects.id=57), 1, 2354, 2354);
INSERT INTO supporting_packages(id, option_list, package_count, order_id, project_package_id, supporting_project_id) VALUES (2354, '["초급"]', 9, 2354, 57, 2354);
INSERT INTO supporting_projects(supporting_project_id, supported_at, delivery_id, payment_id, project_id, user_id) VALUES (2355, (SELECT projects.start_date + INTERVAL 15 DAY FROM projects WHERE projects.id=57), 1, 2355, 57, 36);
INSERT INTO orders (order_id, created_at, delivery_id, payment_id, supporting_project_id) VALUES (2355, (SELECT projects.start_date + INTERVAL 15 DAY FROM projects WHERE projects.id=57), 1, 2355, 2355);
INSERT INTO supporting_packages(id, option_list, package_count, order_id, project_package_id, supporting_project_id) VALUES (2355, '["초급"]', 1, 2355, 57, 2355);
INSERT INTO supporting_projects(supporting_project_id, supported_at, delivery_id, payment_id, project_id, user_id) VALUES (2356, (SELECT projects.start_date + INTERVAL 34 DAY FROM projects WHERE projects.id=57), 1, 2356, 57, 8);
INSERT INTO orders (order_id, created_at, delivery_id, payment_id, supporting_project_id) VALUES (2356, (SELECT projects.start_date + INTERVAL 34 DAY FROM projects WHERE projects.id=57), 1, 2356, 2356);
INSERT INTO supporting_packages(id, option_list, package_count, order_id, project_package_id, supporting_project_id) VALUES (2356, '["고급"]', 8, 2356, 57, 2356);
INSERT INTO supporting_projects(supporting_project_id, supported_at, delivery_id, payment_id, project_id, user_id) VALUES (2357, (SELECT projects.start_date + INTERVAL 21 DAY FROM projects WHERE projects.id=57), 1, 2357, 57, 2);
INSERT INTO orders (order_id, created_at, delivery_id, payment_id, supporting_project_id) VALUES (2357, (SELECT projects.start_date + INTERVAL 21 DAY FROM projects WHERE projects.id=57), 1, 2357, 2357);
INSERT INTO supporting_packages(id, option_list, package_count, order_id, project_package_id, supporting_project_id) VALUES (2357, '["초급"]', 9, 2357, 57, 2357);
INSERT INTO supporting_projects(supporting_project_id, supported_at, delivery_id, payment_id, project_id, user_id) VALUES (2358, (SELECT projects.start_date + INTERVAL 11 DAY FROM projects WHERE projects.id=57), 1, 2358, 57, 17);
INSERT INTO orders (order_id, created_at, delivery_id, payment_id, supporting_project_id) VALUES (2358, (SELECT projects.start_date + INTERVAL 11 DAY FROM projects WHERE projects.id=57), 1, 2358, 2358);
INSERT INTO supporting_packages(id, option_list, package_count, order_id, project_package_id, supporting_project_id) VALUES (2358, '["고급"]', 3, 2358, 57, 2358);
INSERT INTO supporting_projects(supporting_project_id, supported_at, delivery_id, payment_id, project_id, user_id) VALUES (2359, (SELECT projects.start_date + INTERVAL 21 DAY FROM projects WHERE projects.id=57), 1, 2359, 57, 13);
INSERT INTO orders (order_id, created_at, delivery_id, payment_id, supporting_project_id) VALUES (2359, (SELECT projects.start_date + INTERVAL 21 DAY FROM projects WHERE projects.id=57), 1, 2359, 2359);
INSERT INTO supporting_packages(id, option_list, package_count, order_id, project_package_id, supporting_project_id) VALUES (2359, '["고급"]', 6, 2359, 57, 2359);
INSERT INTO supporting_projects(supporting_project_id, supported_at, delivery_id, payment_id, project_id, user_id) VALUES (2360, (SELECT projects.start_date + INTERVAL 7 DAY FROM projects WHERE projects.id=57), 1, 2360, 57, 37);
INSERT INTO orders (order_id, created_at, delivery_id, payment_id, supporting_project_id) VALUES (2360, (SELECT projects.start_date + INTERVAL 7 DAY FROM projects WHERE projects.id=57), 1, 2360, 2360);
INSERT INTO supporting_packages(id, option_list, package_count, order_id, project_package_id, supporting_project_id) VALUES (2360, '["중급"]', 4, 2360, 57, 2360);
INSERT INTO supporting_projects(supporting_project_id, supported_at, delivery_id, payment_id, project_id, user_id) VALUES (2361, (SELECT projects.start_date + INTERVAL 39 DAY FROM projects WHERE projects.id=57), 1, 2361, 57, 36);
INSERT INTO orders (order_id, created_at, delivery_id, payment_id, supporting_project_id) VALUES (2361, (SELECT projects.start_date + INTERVAL 39 DAY FROM projects WHERE projects.id=57), 1, 2361, 2361);
INSERT INTO supporting_packages(id, option_list, package_count, order_id, project_package_id, supporting_project_id) VALUES (2361, '["중급"]', 5, 2361, 57, 2361);
INSERT INTO supporting_projects(supporting_project_id, supported_at, delivery_id, payment_id, project_id, user_id) VALUES (2362, (SELECT projects.start_date + INTERVAL 5 DAY FROM projects WHERE projects.id=57), 1, 2362, 57, 7);
INSERT INTO orders (order_id, created_at, delivery_id, payment_id, supporting_project_id) VALUES (2362, (SELECT projects.start_date + INTERVAL 5 DAY FROM projects WHERE projects.id=57), 1, 2362, 2362);
INSERT INTO supporting_packages(id, option_list, package_count, order_id, project_package_id, supporting_project_id) VALUES (2362, '["고급"]', 7, 2362, 57, 2362);
INSERT INTO supporting_projects(supporting_project_id, supported_at, delivery_id, payment_id, project_id, user_id) VALUES (2363, (SELECT projects.start_date + INTERVAL 22 DAY FROM projects WHERE projects.id=57), 1, 2363, 57, 26);
INSERT INTO orders (order_id, created_at, delivery_id, payment_id, supporting_project_id) VALUES (2363, (SELECT projects.start_date + INTERVAL 22 DAY FROM projects WHERE projects.id=57), 1, 2363, 2363);
INSERT INTO supporting_packages(id, option_list, package_count, order_id, project_package_id, supporting_project_id) VALUES (2363, '["중급"]', 3, 2363, 57, 2363);
INSERT INTO supporting_projects(supporting_project_id, supported_at, delivery_id, payment_id, project_id, user_id) VALUES (2364, (SELECT projects.start_date + INTERVAL 29 DAY FROM projects WHERE projects.id=57), 1, 2364, 57, 39);
INSERT INTO orders (order_id, created_at, delivery_id, payment_id, supporting_project_id) VALUES (2364, (SELECT projects.start_date + INTERVAL 29 DAY FROM projects WHERE projects.id=57), 1, 2364, 2364);
INSERT INTO supporting_packages(id, option_list, package_count, order_id, project_package_id, supporting_project_id) VALUES (2364, '["초급"]', 8, 2364, 57, 2364);
INSERT INTO supporting_projects(supporting_project_id, supported_at, delivery_id, payment_id, project_id, user_id) VALUES (2365, (SELECT projects.start_date + INTERVAL 38 DAY FROM projects WHERE projects.id=57), 1, 2365, 57, 32);
INSERT INTO orders (order_id, created_at, delivery_id, payment_id, supporting_project_id) VALUES (2365, (SELECT projects.start_date + INTERVAL 38 DAY FROM projects WHERE projects.id=57), 1, 2365, 2365);
INSERT INTO supporting_packages(id, option_list, package_count, order_id, project_package_id, supporting_project_id) VALUES (2365, '["중급"]', 3, 2365, 57, 2365);
INSERT INTO supporting_projects(supporting_project_id, supported_at, delivery_id, payment_id, project_id, user_id) VALUES (2366, (SELECT projects.start_date + INTERVAL 10 DAY FROM projects WHERE projects.id=57), 1, 2366, 57, 4);
INSERT INTO orders (order_id, created_at, delivery_id, payment_id, supporting_project_id) VALUES (2366, (SELECT projects.start_date + INTERVAL 10 DAY FROM projects WHERE projects.id=57), 1, 2366, 2366);
INSERT INTO supporting_packages(id, option_list, package_count, order_id, project_package_id, supporting_project_id) VALUES (2366, '["중급"]', 4, 2366, 57, 2366);
INSERT INTO supporting_projects(supporting_project_id, supported_at, delivery_id, payment_id, project_id, user_id) VALUES (2367, (SELECT projects.start_date + INTERVAL 31 DAY FROM projects WHERE projects.id=57), 1, 2367, 57, 14);
INSERT INTO orders (order_id, created_at, delivery_id, payment_id, supporting_project_id) VALUES (2367, (SELECT projects.start_date + INTERVAL 31 DAY FROM projects WHERE projects.id=57), 1, 2367, 2367);
INSERT INTO supporting_packages(id, option_list, package_count, order_id, project_package_id, supporting_project_id) VALUES (2367, '["중급"]', 5, 2367, 57, 2367);
INSERT INTO supporting_projects(supporting_project_id, supported_at, delivery_id, payment_id, project_id, user_id) VALUES (2368, (SELECT projects.start_date + INTERVAL 37 DAY FROM projects WHERE projects.id=57), 1, 2368, 57, 25);
INSERT INTO orders (order_id, created_at, delivery_id, payment_id, supporting_project_id) VALUES (2368, (SELECT projects.start_date + INTERVAL 37 DAY FROM projects WHERE projects.id=57), 1, 2368, 2368);
INSERT INTO supporting_packages(id, option_list, package_count, order_id, project_package_id, supporting_project_id) VALUES (2368, '["고급"]', 6, 2368, 57, 2368);
INSERT INTO supporting_projects(supporting_project_id, supported_at, delivery_id, payment_id, project_id, user_id) VALUES (2369, (SELECT projects.start_date + INTERVAL 19 DAY FROM projects WHERE projects.id=57), 1, 2369, 57, 17);
INSERT INTO orders (order_id, created_at, delivery_id, payment_id, supporting_project_id) VALUES (2369, (SELECT projects.start_date + INTERVAL 19 DAY FROM projects WHERE projects.id=57), 1, 2369, 2369);
INSERT INTO supporting_packages(id, option_list, package_count, order_id, project_package_id, supporting_project_id) VALUES (2369, '["고급"]', 4, 2369, 57, 2369);
INSERT INTO supporting_projects(supporting_project_id, supported_at, delivery_id, payment_id, project_id, user_id) VALUES (2370, (SELECT projects.start_date + INTERVAL 23 DAY FROM projects WHERE projects.id=57), 1, 2370, 57, 34);
INSERT INTO orders (order_id, created_at, delivery_id, payment_id, supporting_project_id) VALUES (2370, (SELECT projects.start_date + INTERVAL 23 DAY FROM projects WHERE projects.id=57), 1, 2370, 2370);
INSERT INTO supporting_packages(id, option_list, package_count, order_id, project_package_id, supporting_project_id) VALUES (2370, '["초급"]', 6, 2370, 57, 2370);
INSERT INTO supporting_projects(supporting_project_id, supported_at, delivery_id, payment_id, project_id, user_id) VALUES (2371, (SELECT projects.start_date + INTERVAL 23 DAY FROM projects WHERE projects.id=57), 1, 2371, 57, 13);
INSERT INTO orders (order_id, created_at, delivery_id, payment_id, supporting_project_id) VALUES (2371, (SELECT projects.start_date + INTERVAL 23 DAY FROM projects WHERE projects.id=57), 1, 2371, 2371);
INSERT INTO supporting_packages(id, option_list, package_count, order_id, project_package_id, supporting_project_id) VALUES (2371, '["중급"]', 4, 2371, 57, 2371);
INSERT INTO supporting_projects(supporting_project_id, supported_at, delivery_id, payment_id, project_id, user_id) VALUES (2372, (SELECT projects.start_date + INTERVAL 24 DAY FROM projects WHERE projects.id=57), 1, 2372, 57, 36);
INSERT INTO orders (order_id, created_at, delivery_id, payment_id, supporting_project_id) VALUES (2372, (SELECT projects.start_date + INTERVAL 24 DAY FROM projects WHERE projects.id=57), 1, 2372, 2372);
INSERT INTO supporting_packages(id, option_list, package_count, order_id, project_package_id, supporting_project_id) VALUES (2372, '["고급"]', 9, 2372, 57, 2372);
INSERT INTO supporting_projects(supporting_project_id, supported_at, delivery_id, payment_id, project_id, user_id) VALUES (2373, (SELECT projects.start_date + INTERVAL 18 DAY FROM projects WHERE projects.id=57), 1, 2373, 57, 32);
INSERT INTO orders (order_id, created_at, delivery_id, payment_id, supporting_project_id) VALUES (2373, (SELECT projects.start_date + INTERVAL 18 DAY FROM projects WHERE projects.id=57), 1, 2373, 2373);
INSERT INTO supporting_packages(id, option_list, package_count, order_id, project_package_id, supporting_project_id) VALUES (2373, '["고급"]', 7, 2373, 57, 2373);
INSERT INTO supporting_projects(supporting_project_id, supported_at, delivery_id, payment_id, project_id, user_id) VALUES (2374, (SELECT projects.start_date + INTERVAL 5 DAY FROM projects WHERE projects.id=57), 1, 2374, 57, 20);
INSERT INTO orders (order_id, created_at, delivery_id, payment_id, supporting_project_id) VALUES (2374, (SELECT projects.start_date + INTERVAL 5 DAY FROM projects WHERE projects.id=57), 1, 2374, 2374);
INSERT INTO supporting_packages(id, option_list, package_count, order_id, project_package_id, supporting_project_id) VALUES (2374, '["고급"]', 7, 2374, 57, 2374);
INSERT INTO supporting_projects(supporting_project_id, supported_at, delivery_id, payment_id, project_id, user_id) VALUES (2375, (SELECT projects.start_date + INTERVAL 15 DAY FROM projects WHERE projects.id=57), 1, 2375, 57, 38);
INSERT INTO orders (order_id, created_at, delivery_id, payment_id, supporting_project_id) VALUES (2375, (SELECT projects.start_date + INTERVAL 15 DAY FROM projects WHERE projects.id=57), 1, 2375, 2375);
INSERT INTO supporting_packages(id, option_list, package_count, order_id, project_package_id, supporting_project_id) VALUES (2375, '["중급"]', 9, 2375, 57, 2375);
INSERT INTO supporting_projects(supporting_project_id, supported_at, delivery_id, payment_id, project_id, user_id) VALUES (2376, (SELECT projects.start_date + INTERVAL 11 DAY FROM projects WHERE projects.id=57), 1, 2376, 57, 1);
INSERT INTO orders (order_id, created_at, delivery_id, payment_id, supporting_project_id) VALUES (2376, (SELECT projects.start_date + INTERVAL 11 DAY FROM projects WHERE projects.id=57), 1, 2376, 2376);
INSERT INTO supporting_packages(id, option_list, package_count, order_id, project_package_id, supporting_project_id) VALUES (2376, '["고급"]', 3, 2376, 57, 2376);
INSERT INTO supporting_projects(supporting_project_id, supported_at, delivery_id, payment_id, project_id, user_id) VALUES (2377, (SELECT projects.start_date + INTERVAL 17 DAY FROM projects WHERE projects.id=57), 1, 2377, 57, 10);
INSERT INTO orders (order_id, created_at, delivery_id, payment_id, supporting_project_id) VALUES (2377, (SELECT projects.start_date + INTERVAL 17 DAY FROM projects WHERE projects.id=57), 1, 2377, 2377);
INSERT INTO supporting_packages(id, option_list, package_count, order_id, project_package_id, supporting_project_id) VALUES (2377, '["고급"]', 5, 2377, 57, 2377);
INSERT INTO supporting_projects(supporting_project_id, supported_at, delivery_id, payment_id, project_id, user_id) VALUES (2378, (SELECT projects.start_date + INTERVAL 46 DAY FROM projects WHERE projects.id=57), 1, 2378, 57, 11);
INSERT INTO orders (order_id, created_at, delivery_id, payment_id, supporting_project_id) VALUES (2378, (SELECT projects.start_date + INTERVAL 46 DAY FROM projects WHERE projects.id=57), 1, 2378, 2378);
INSERT INTO supporting_packages(id, option_list, package_count, order_id, project_package_id, supporting_project_id) VALUES (2378, '["초급"]', 7, 2378, 57, 2378);
INSERT INTO supporting_projects(supporting_project_id, supported_at, delivery_id, payment_id, project_id, user_id) VALUES (2379, (SELECT projects.start_date + INTERVAL 14 DAY FROM projects WHERE projects.id=57), 1, 2379, 57, 36);
INSERT INTO orders (order_id, created_at, delivery_id, payment_id, supporting_project_id) VALUES (2379, (SELECT projects.start_date + INTERVAL 14 DAY FROM projects WHERE projects.id=57), 1, 2379, 2379);
INSERT INTO supporting_packages(id, option_list, package_count, order_id, project_package_id, supporting_project_id) VALUES (2379, '["중급"]', 2, 2379, 57, 2379);
INSERT INTO supporting_projects(supporting_project_id, supported_at, delivery_id, payment_id, project_id, user_id) VALUES (2380, (SELECT projects.start_date + INTERVAL 17 DAY FROM projects WHERE projects.id=57), 1, 2380, 57, 26);
INSERT INTO orders (order_id, created_at, delivery_id, payment_id, supporting_project_id) VALUES (2380, (SELECT projects.start_date + INTERVAL 17 DAY FROM projects WHERE projects.id=57), 1, 2380, 2380);
INSERT INTO supporting_packages(id, option_list, package_count, order_id, project_package_id, supporting_project_id) VALUES (2380, '["중급"]', 5, 2380, 57, 2380);
INSERT INTO supporting_projects(supporting_project_id, supported_at, delivery_id, payment_id, project_id, user_id) VALUES (2381, (SELECT projects.start_date + INTERVAL 10 DAY FROM projects WHERE projects.id=57), 1, 2381, 57, 5);
INSERT INTO orders (order_id, created_at, delivery_id, payment_id, supporting_project_id) VALUES (2381, (SELECT projects.start_date + INTERVAL 10 DAY FROM projects WHERE projects.id=57), 1, 2381, 2381);
INSERT INTO supporting_packages(id, option_list, package_count, order_id, project_package_id, supporting_project_id) VALUES (2381, '["고급"]', 6, 2381, 57, 2381);
INSERT INTO supporting_projects(supporting_project_id, supported_at, delivery_id, payment_id, project_id, user_id) VALUES (2382, (SELECT projects.start_date + INTERVAL 12 DAY FROM projects WHERE projects.id=57), 1, 2382, 57, 7);
INSERT INTO orders (order_id, created_at, delivery_id, payment_id, supporting_project_id) VALUES (2382, (SELECT projects.start_date + INTERVAL 12 DAY FROM projects WHERE projects.id=57), 1, 2382, 2382);
INSERT INTO supporting_packages(id, option_list, package_count, order_id, project_package_id, supporting_project_id) VALUES (2382, '["초급"]', 10, 2382, 57, 2382);
INSERT INTO supporting_projects(supporting_project_id, supported_at, delivery_id, payment_id, project_id, user_id) VALUES (2383, (SELECT projects.start_date + INTERVAL 42 DAY FROM projects WHERE projects.id=57), 1, 2383, 57, 16);
INSERT INTO orders (order_id, created_at, delivery_id, payment_id, supporting_project_id) VALUES (2383, (SELECT projects.start_date + INTERVAL 42 DAY FROM projects WHERE projects.id=57), 1, 2383, 2383);
INSERT INTO supporting_packages(id, option_list, package_count, order_id, project_package_id, supporting_project_id) VALUES (2383, '["고급"]', 5, 2383, 57, 2383);
INSERT INTO supporting_projects(supporting_project_id, supported_at, delivery_id, payment_id, project_id, user_id) VALUES (2384, (SELECT projects.start_date + INTERVAL 30 DAY FROM projects WHERE projects.id=57), 1, 2384, 57, 40);
INSERT INTO orders (order_id, created_at, delivery_id, payment_id, supporting_project_id) VALUES (2384, (SELECT projects.start_date + INTERVAL 30 DAY FROM projects WHERE projects.id=57), 1, 2384, 2384);
INSERT INTO supporting_packages(id, option_list, package_count, order_id, project_package_id, supporting_project_id) VALUES (2384, '["초급"]', 5, 2384, 57, 2384);
INSERT INTO supporting_projects(supporting_project_id, supported_at, delivery_id, payment_id, project_id, user_id) VALUES (2385, (SELECT projects.start_date + INTERVAL 38 DAY FROM projects WHERE projects.id=57), 1, 2385, 57, 18);
INSERT INTO orders (order_id, created_at, delivery_id, payment_id, supporting_project_id) VALUES (2385, (SELECT projects.start_date + INTERVAL 38 DAY FROM projects WHERE projects.id=57), 1, 2385, 2385);
INSERT INTO supporting_packages(id, option_list, package_count, order_id, project_package_id, supporting_project_id) VALUES (2385, '["고급"]', 1, 2385, 57, 2385);
INSERT INTO supporting_projects(supporting_project_id, supported_at, delivery_id, payment_id, project_id, user_id) VALUES (2386, (SELECT projects.start_date + INTERVAL 18 DAY FROM projects WHERE projects.id=57), 1, 2386, 57, 32);
INSERT INTO orders (order_id, created_at, delivery_id, payment_id, supporting_project_id) VALUES (2386, (SELECT projects.start_date + INTERVAL 18 DAY FROM projects WHERE projects.id=57), 1, 2386, 2386);
INSERT INTO supporting_packages(id, option_list, package_count, order_id, project_package_id, supporting_project_id) VALUES (2386, '["고급"]', 3, 2386, 57, 2386);
INSERT INTO supporting_projects(supporting_project_id, supported_at, delivery_id, payment_id, project_id, user_id) VALUES (2387, (SELECT projects.start_date + INTERVAL 8 DAY FROM projects WHERE projects.id=57), 1, 2387, 57, 20);
INSERT INTO orders (order_id, created_at, delivery_id, payment_id, supporting_project_id) VALUES (2387, (SELECT projects.start_date + INTERVAL 8 DAY FROM projects WHERE projects.id=57), 1, 2387, 2387);
INSERT INTO supporting_packages(id, option_list, package_count, order_id, project_package_id, supporting_project_id) VALUES (2387, '["초급"]', 4, 2387, 57, 2387);
INSERT INTO supporting_projects(supporting_project_id, supported_at, delivery_id, payment_id, project_id, user_id) VALUES (2388, (SELECT projects.start_date + INTERVAL 41 DAY FROM projects WHERE projects.id=57), 1, 2388, 57, 35);
INSERT INTO orders (order_id, created_at, delivery_id, payment_id, supporting_project_id) VALUES (2388, (SELECT projects.start_date + INTERVAL 41 DAY FROM projects WHERE projects.id=57), 1, 2388, 2388);
INSERT INTO supporting_packages(id, option_list, package_count, order_id, project_package_id, supporting_project_id) VALUES (2388, '["중급"]', 6, 2388, 57, 2388);
INSERT INTO supporting_projects(supporting_project_id, supported_at, delivery_id, payment_id, project_id, user_id) VALUES (2389, (SELECT projects.start_date + INTERVAL 34 DAY FROM projects WHERE projects.id=57), 1, 2389, 57, 33);
INSERT INTO orders (order_id, created_at, delivery_id, payment_id, supporting_project_id) VALUES (2389, (SELECT projects.start_date + INTERVAL 34 DAY FROM projects WHERE projects.id=57), 1, 2389, 2389);
INSERT INTO supporting_packages(id, option_list, package_count, order_id, project_package_id, supporting_project_id) VALUES (2389, '["중급"]', 8, 2389, 57, 2389);
INSERT INTO supporting_projects(supporting_project_id, supported_at, delivery_id, payment_id, project_id, user_id) VALUES (2390, (SELECT projects.start_date + INTERVAL 40 DAY FROM projects WHERE projects.id=57), 1, 2390, 57, 9);
INSERT INTO orders (order_id, created_at, delivery_id, payment_id, supporting_project_id) VALUES (2390, (SELECT projects.start_date + INTERVAL 40 DAY FROM projects WHERE projects.id=57), 1, 2390, 2390);
INSERT INTO supporting_packages(id, option_list, package_count, order_id, project_package_id, supporting_project_id) VALUES (2390, '["고급"]', 5, 2390, 57, 2390);
INSERT INTO supporting_projects(supporting_project_id, supported_at, delivery_id, payment_id, project_id, user_id) VALUES (2391, (SELECT projects.start_date + INTERVAL 44 DAY FROM projects WHERE projects.id=57), 1, 2391, 57, 16);
INSERT INTO orders (order_id, created_at, delivery_id, payment_id, supporting_project_id) VALUES (2391, (SELECT projects.start_date + INTERVAL 44 DAY FROM projects WHERE projects.id=57), 1, 2391, 2391);
INSERT INTO supporting_packages(id, option_list, package_count, order_id, project_package_id, supporting_project_id) VALUES (2391, '["고급"]', 2, 2391, 57, 2391);
INSERT INTO supporting_projects(supporting_project_id, supported_at, delivery_id, payment_id, project_id, user_id) VALUES (2392, (SELECT projects.start_date + INTERVAL 41 DAY FROM projects WHERE projects.id=57), 1, 2392, 57, 34);
INSERT INTO orders (order_id, created_at, delivery_id, payment_id, supporting_project_id) VALUES (2392, (SELECT projects.start_date + INTERVAL 41 DAY FROM projects WHERE projects.id=57), 1, 2392, 2392);
INSERT INTO supporting_packages(id, option_list, package_count, order_id, project_package_id, supporting_project_id) VALUES (2392, '["초급"]', 10, 2392, 57, 2392);
INSERT INTO supporting_projects(supporting_project_id, supported_at, delivery_id, payment_id, project_id, user_id) VALUES (2393, (SELECT projects.start_date + INTERVAL 50 DAY FROM projects WHERE projects.id=57), 1, 2393, 57, 36);
INSERT INTO orders (order_id, created_at, delivery_id, payment_id, supporting_project_id) VALUES (2393, (SELECT projects.start_date + INTERVAL 50 DAY FROM projects WHERE projects.id=57), 1, 2393, 2393);
INSERT INTO supporting_packages(id, option_list, package_count, order_id, project_package_id, supporting_project_id) VALUES (2393, '["초급"]', 1, 2393, 57, 2393);
INSERT INTO supporting_projects(supporting_project_id, supported_at, delivery_id, payment_id, project_id, user_id) VALUES (2394, (SELECT projects.start_date + INTERVAL 13 DAY FROM projects WHERE projects.id=57), 1, 2394, 57, 26);
INSERT INTO orders (order_id, created_at, delivery_id, payment_id, supporting_project_id) VALUES (2394, (SELECT projects.start_date + INTERVAL 13 DAY FROM projects WHERE projects.id=57), 1, 2394, 2394);
INSERT INTO supporting_packages(id, option_list, package_count, order_id, project_package_id, supporting_project_id) VALUES (2394, '["초급"]', 7, 2394, 57, 2394);
INSERT INTO supporting_projects(supporting_project_id, supported_at, delivery_id, payment_id, project_id, user_id) VALUES (2395, (SELECT projects.start_date + INTERVAL 41 DAY FROM projects WHERE projects.id=57), 1, 2395, 57, 28);
INSERT INTO orders (order_id, created_at, delivery_id, payment_id, supporting_project_id) VALUES (2395, (SELECT projects.start_date + INTERVAL 41 DAY FROM projects WHERE projects.id=57), 1, 2395, 2395);
INSERT INTO supporting_packages(id, option_list, package_count, order_id, project_package_id, supporting_project_id) VALUES (2395, '["중급"]', 5, 2395, 57, 2395);
INSERT INTO supporting_projects(supporting_project_id, supported_at, delivery_id, payment_id, project_id, user_id) VALUES (2396, (SELECT projects.start_date + INTERVAL 50 DAY FROM projects WHERE projects.id=57), 1, 2396, 57, 27);
INSERT INTO orders (order_id, created_at, delivery_id, payment_id, supporting_project_id) VALUES (2396, (SELECT projects.start_date + INTERVAL 50 DAY FROM projects WHERE projects.id=57), 1, 2396, 2396);
INSERT INTO supporting_packages(id, option_list, package_count, order_id, project_package_id, supporting_project_id) VALUES (2396, '["중급"]', 7, 2396, 57, 2396);
INSERT INTO supporting_projects(supporting_project_id, supported_at, delivery_id, payment_id, project_id, user_id) VALUES (2397, (SELECT projects.start_date + INTERVAL 8 DAY FROM projects WHERE projects.id=57), 1, 2397, 57, 36);
INSERT INTO orders (order_id, created_at, delivery_id, payment_id, supporting_project_id) VALUES (2397, (SELECT projects.start_date + INTERVAL 8 DAY FROM projects WHERE projects.id=57), 1, 2397, 2397);
INSERT INTO supporting_packages(id, option_list, package_count, order_id, project_package_id, supporting_project_id) VALUES (2397, '["고급"]', 5, 2397, 57, 2397);
INSERT INTO supporting_projects(supporting_project_id, supported_at, delivery_id, payment_id, project_id, user_id) VALUES (2398, (SELECT projects.start_date + INTERVAL 40 DAY FROM projects WHERE projects.id=57), 1, 2398, 57, 4);
INSERT INTO orders (order_id, created_at, delivery_id, payment_id, supporting_project_id) VALUES (2398, (SELECT projects.start_date + INTERVAL 40 DAY FROM projects WHERE projects.id=57), 1, 2398, 2398);
INSERT INTO supporting_packages(id, option_list, package_count, order_id, project_package_id, supporting_project_id) VALUES (2398, '["고급"]', 1, 2398, 57, 2398);
INSERT INTO supporting_projects(supporting_project_id, supported_at, delivery_id, payment_id, project_id, user_id) VALUES (2399, (SELECT projects.start_date + INTERVAL 49 DAY FROM projects WHERE projects.id=57), 1, 2399, 57, 40);
INSERT INTO orders (order_id, created_at, delivery_id, payment_id, supporting_project_id) VALUES (2399, (SELECT projects.start_date + INTERVAL 49 DAY FROM projects WHERE projects.id=57), 1, 2399, 2399);
INSERT INTO supporting_packages(id, option_list, package_count, order_id, project_package_id, supporting_project_id) VALUES (2399, '["중급"]', 6, 2399, 57, 2399);
INSERT INTO supporting_projects(supporting_project_id, supported_at, delivery_id, payment_id, project_id, user_id) VALUES (2400, (SELECT projects.start_date + INTERVAL 10 DAY FROM projects WHERE projects.id=57), 1, 2400, 57, 27);
INSERT INTO orders (order_id, created_at, delivery_id, payment_id, supporting_project_id) VALUES (2400, (SELECT projects.start_date + INTERVAL 10 DAY FROM projects WHERE projects.id=57), 1, 2400, 2400);
INSERT INTO supporting_packages(id, option_list, package_count, order_id, project_package_id, supporting_project_id) VALUES (2400, '["중급"]', 3, 2400, 57, 2400);
INSERT INTO supporting_projects(supporting_project_id, supported_at, delivery_id, payment_id, project_id, user_id) VALUES (2401, (SELECT projects.start_date + INTERVAL 47 DAY FROM projects WHERE projects.id=57), 1, 2401, 57, 15);
INSERT INTO orders (order_id, created_at, delivery_id, payment_id, supporting_project_id) VALUES (2401, (SELECT projects.start_date + INTERVAL 47 DAY FROM projects WHERE projects.id=57), 1, 2401, 2401);
INSERT INTO supporting_packages(id, option_list, package_count, order_id, project_package_id, supporting_project_id) VALUES (2401, '["초급"]', 2, 2401, 57, 2401);
INSERT INTO supporting_projects(supporting_project_id, supported_at, delivery_id, payment_id, project_id, user_id) VALUES (2402, (SELECT projects.start_date + INTERVAL 18 DAY FROM projects WHERE projects.id=57), 1, 2402, 57, 7);
INSERT INTO orders (order_id, created_at, delivery_id, payment_id, supporting_project_id) VALUES (2402, (SELECT projects.start_date + INTERVAL 18 DAY FROM projects WHERE projects.id=57), 1, 2402, 2402);
INSERT INTO supporting_packages(id, option_list, package_count, order_id, project_package_id, supporting_project_id) VALUES (2402, '["초급"]', 8, 2402, 57, 2402);
INSERT INTO supporting_projects(supporting_project_id, supported_at, delivery_id, payment_id, project_id, user_id) VALUES (2403, (SELECT projects.start_date + INTERVAL 23 DAY FROM projects WHERE projects.id=57), 1, 2403, 57, 25);
INSERT INTO orders (order_id, created_at, delivery_id, payment_id, supporting_project_id) VALUES (2403, (SELECT projects.start_date + INTERVAL 23 DAY FROM projects WHERE projects.id=57), 1, 2403, 2403);
INSERT INTO supporting_packages(id, option_list, package_count, order_id, project_package_id, supporting_project_id) VALUES (2403, '["고급"]', 3, 2403, 57, 2403);
INSERT INTO supporting_projects(supporting_project_id, supported_at, delivery_id, payment_id, project_id, user_id) VALUES (2404, (SELECT projects.start_date + INTERVAL 38 DAY FROM projects WHERE projects.id=57), 1, 2404, 57, 22);
INSERT INTO orders (order_id, created_at, delivery_id, payment_id, supporting_project_id) VALUES (2404, (SELECT projects.start_date + INTERVAL 38 DAY FROM projects WHERE projects.id=57), 1, 2404, 2404);
INSERT INTO supporting_packages(id, option_list, package_count, order_id, project_package_id, supporting_project_id) VALUES (2404, '["고급"]', 5, 2404, 57, 2404);
INSERT INTO supporting_projects(supporting_project_id, supported_at, delivery_id, payment_id, project_id, user_id) VALUES (2405, (SELECT projects.start_date + INTERVAL 24 DAY FROM projects WHERE projects.id=60), 1, 2405, 60, 27);
INSERT INTO orders (order_id, created_at, delivery_id, payment_id, supporting_project_id) VALUES (2405, (SELECT projects.start_date + INTERVAL 24 DAY FROM projects WHERE projects.id=60), 1, 2405, 2405);
INSERT INTO supporting_packages(id, option_list, package_count, order_id, project_package_id, supporting_project_id) VALUES (2405, '["한정판"]', 9, 2405, 60, 2405);
INSERT INTO supporting_projects(supporting_project_id, supported_at, delivery_id, payment_id, project_id, user_id) VALUES (2406, (SELECT projects.start_date + INTERVAL 36 DAY FROM projects WHERE projects.id=60), 1, 2406, 60, 37);
INSERT INTO orders (order_id, created_at, delivery_id, payment_id, supporting_project_id) VALUES (2406, (SELECT projects.start_date + INTERVAL 36 DAY FROM projects WHERE projects.id=60), 1, 2406, 2406);
INSERT INTO supporting_packages(id, option_list, package_count, order_id, project_package_id, supporting_project_id) VALUES (2406, '["한정판"]', 10, 2406, 60, 2406);
INSERT INTO supporting_projects(supporting_project_id, supported_at, delivery_id, payment_id, project_id, user_id) VALUES (2407, (SELECT projects.start_date + INTERVAL 2 DAY FROM projects WHERE projects.id=60), 1, 2407, 60, 8);
INSERT INTO orders (order_id, created_at, delivery_id, payment_id, supporting_project_id) VALUES (2407, (SELECT projects.start_date + INTERVAL 2 DAY FROM projects WHERE projects.id=60), 1, 2407, 2407);
INSERT INTO supporting_packages(id, option_list, package_count, order_id, project_package_id, supporting_project_id) VALUES (2407, '["기본"]', 8, 2407, 60, 2407);
INSERT INTO supporting_projects(supporting_project_id, supported_at, delivery_id, payment_id, project_id, user_id) VALUES (2408, (SELECT projects.start_date + INTERVAL 20 DAY FROM projects WHERE projects.id=60), 1, 2408, 60, 17);
INSERT INTO orders (order_id, created_at, delivery_id, payment_id, supporting_project_id) VALUES (2408, (SELECT projects.start_date + INTERVAL 20 DAY FROM projects WHERE projects.id=60), 1, 2408, 2408);
INSERT INTO supporting_packages(id, option_list, package_count, order_id, project_package_id, supporting_project_id) VALUES (2408, '["기본"]', 7, 2408, 60, 2408);
INSERT INTO supporting_projects(supporting_project_id, supported_at, delivery_id, payment_id, project_id, user_id) VALUES (2409, (SELECT projects.start_date + INTERVAL 48 DAY FROM projects WHERE projects.id=60), 1, 2409, 60, 36);
INSERT INTO orders (order_id, created_at, delivery_id, payment_id, supporting_project_id) VALUES (2409, (SELECT projects.start_date + INTERVAL 48 DAY FROM projects WHERE projects.id=60), 1, 2409, 2409);
INSERT INTO supporting_packages(id, option_list, package_count, order_id, project_package_id, supporting_project_id) VALUES (2409, '["기본"]', 1, 2409, 60, 2409);
INSERT INTO supporting_projects(supporting_project_id, supported_at, delivery_id, payment_id, project_id, user_id) VALUES (2410, (SELECT projects.start_date + INTERVAL 12 DAY FROM projects WHERE projects.id=60), 1, 2410, 60, 32);
INSERT INTO orders (order_id, created_at, delivery_id, payment_id, supporting_project_id) VALUES (2410, (SELECT projects.start_date + INTERVAL 12 DAY FROM projects WHERE projects.id=60), 1, 2410, 2410);
INSERT INTO supporting_packages(id, option_list, package_count, order_id, project_package_id, supporting_project_id) VALUES (2410, '["프리미엄"]', 5, 2410, 60, 2410);
INSERT INTO supporting_projects(supporting_project_id, supported_at, delivery_id, payment_id, project_id, user_id) VALUES (2411, (SELECT projects.start_date + INTERVAL 1 DAY FROM projects WHERE projects.id=60), 1, 2411, 60, 34);
INSERT INTO orders (order_id, created_at, delivery_id, payment_id, supporting_project_id) VALUES (2411, (SELECT projects.start_date + INTERVAL 1 DAY FROM projects WHERE projects.id=60), 1, 2411, 2411);
INSERT INTO supporting_packages(id, option_list, package_count, order_id, project_package_id, supporting_project_id) VALUES (2411, '["기본"]', 5, 2411, 60, 2411);
INSERT INTO supporting_projects(supporting_project_id, supported_at, delivery_id, payment_id, project_id, user_id) VALUES (2412, (SELECT projects.start_date + INTERVAL 6 DAY FROM projects WHERE projects.id=60), 1, 2412, 60, 30);
INSERT INTO orders (order_id, created_at, delivery_id, payment_id, supporting_project_id) VALUES (2412, (SELECT projects.start_date + INTERVAL 6 DAY FROM projects WHERE projects.id=60), 1, 2412, 2412);
INSERT INTO supporting_packages(id, option_list, package_count, order_id, project_package_id, supporting_project_id) VALUES (2412, '["프리미엄"]', 10, 2412, 60, 2412);
INSERT INTO supporting_projects(supporting_project_id, supported_at, delivery_id, payment_id, project_id, user_id) VALUES (2413, (SELECT projects.start_date + INTERVAL 27 DAY FROM projects WHERE projects.id=60), 1, 2413, 60, 16);
INSERT INTO orders (order_id, created_at, delivery_id, payment_id, supporting_project_id) VALUES (2413, (SELECT projects.start_date + INTERVAL 27 DAY FROM projects WHERE projects.id=60), 1, 2413, 2413);
INSERT INTO supporting_packages(id, option_list, package_count, order_id, project_package_id, supporting_project_id) VALUES (2413, '["기본"]', 7, 2413, 60, 2413);
INSERT INTO supporting_projects(supporting_project_id, supported_at, delivery_id, payment_id, project_id, user_id) VALUES (2414, (SELECT projects.start_date + INTERVAL 48 DAY FROM projects WHERE projects.id=60), 1, 2414, 60, 7);
INSERT INTO orders (order_id, created_at, delivery_id, payment_id, supporting_project_id) VALUES (2414, (SELECT projects.start_date + INTERVAL 48 DAY FROM projects WHERE projects.id=60), 1, 2414, 2414);
INSERT INTO supporting_packages(id, option_list, package_count, order_id, project_package_id, supporting_project_id) VALUES (2414, '["기본"]', 8, 2414, 60, 2414);
INSERT INTO supporting_projects(supporting_project_id, supported_at, delivery_id, payment_id, project_id, user_id) VALUES (2415, (SELECT projects.start_date + INTERVAL 14 DAY FROM projects WHERE projects.id=60), 1, 2415, 60, 27);
INSERT INTO orders (order_id, created_at, delivery_id, payment_id, supporting_project_id) VALUES (2415, (SELECT projects.start_date + INTERVAL 14 DAY FROM projects WHERE projects.id=60), 1, 2415, 2415);
INSERT INTO supporting_packages(id, option_list, package_count, order_id, project_package_id, supporting_project_id) VALUES (2415, '["프리미엄"]', 5, 2415, 60, 2415);
INSERT INTO supporting_projects(supporting_project_id, supported_at, delivery_id, payment_id, project_id, user_id) VALUES (2416, (SELECT projects.start_date + INTERVAL 24 DAY FROM projects WHERE projects.id=60), 1, 2416, 60, 12);
INSERT INTO orders (order_id, created_at, delivery_id, payment_id, supporting_project_id) VALUES (2416, (SELECT projects.start_date + INTERVAL 24 DAY FROM projects WHERE projects.id=60), 1, 2416, 2416);
INSERT INTO supporting_packages(id, option_list, package_count, order_id, project_package_id, supporting_project_id) VALUES (2416, '["기본"]', 1, 2416, 60, 2416);
INSERT INTO supporting_projects(supporting_project_id, supported_at, delivery_id, payment_id, project_id, user_id) VALUES (2417, (SELECT projects.start_date + INTERVAL 12 DAY FROM projects WHERE projects.id=60), 1, 2417, 60, 4);
INSERT INTO orders (order_id, created_at, delivery_id, payment_id, supporting_project_id) VALUES (2417, (SELECT projects.start_date + INTERVAL 12 DAY FROM projects WHERE projects.id=60), 1, 2417, 2417);
INSERT INTO supporting_packages(id, option_list, package_count, order_id, project_package_id, supporting_project_id) VALUES (2417, '["프리미엄"]', 5, 2417, 60, 2417);
INSERT INTO supporting_projects(supporting_project_id, supported_at, delivery_id, payment_id, project_id, user_id) VALUES (2418, (SELECT projects.start_date + INTERVAL 42 DAY FROM projects WHERE projects.id=60), 1, 2418, 60, 15);
INSERT INTO orders (order_id, created_at, delivery_id, payment_id, supporting_project_id) VALUES (2418, (SELECT projects.start_date + INTERVAL 42 DAY FROM projects WHERE projects.id=60), 1, 2418, 2418);
INSERT INTO supporting_packages(id, option_list, package_count, order_id, project_package_id, supporting_project_id) VALUES (2418, '["한정판"]', 8, 2418, 60, 2418);
INSERT INTO supporting_projects(supporting_project_id, supported_at, delivery_id, payment_id, project_id, user_id) VALUES (2419, (SELECT projects.start_date + INTERVAL 10 DAY FROM projects WHERE projects.id=60), 1, 2419, 60, 23);
INSERT INTO orders (order_id, created_at, delivery_id, payment_id, supporting_project_id) VALUES (2419, (SELECT projects.start_date + INTERVAL 10 DAY FROM projects WHERE projects.id=60), 1, 2419, 2419);
INSERT INTO supporting_packages(id, option_list, package_count, order_id, project_package_id, supporting_project_id) VALUES (2419, '["한정판"]', 10, 2419, 60, 2419);
INSERT INTO supporting_projects(supporting_project_id, supported_at, delivery_id, payment_id, project_id, user_id) VALUES (2420, (SELECT projects.start_date + INTERVAL 35 DAY FROM projects WHERE projects.id=60), 1, 2420, 60, 38);
INSERT INTO orders (order_id, created_at, delivery_id, payment_id, supporting_project_id) VALUES (2420, (SELECT projects.start_date + INTERVAL 35 DAY FROM projects WHERE projects.id=60), 1, 2420, 2420);
INSERT INTO supporting_packages(id, option_list, package_count, order_id, project_package_id, supporting_project_id) VALUES (2420, '["한정판"]', 1, 2420, 60, 2420);
INSERT INTO supporting_projects(supporting_project_id, supported_at, delivery_id, payment_id, project_id, user_id) VALUES (2421, (SELECT projects.start_date + INTERVAL 21 DAY FROM projects WHERE projects.id=60), 1, 2421, 60, 21);
INSERT INTO orders (order_id, created_at, delivery_id, payment_id, supporting_project_id) VALUES (2421, (SELECT projects.start_date + INTERVAL 21 DAY FROM projects WHERE projects.id=60), 1, 2421, 2421);
INSERT INTO supporting_packages(id, option_list, package_count, order_id, project_package_id, supporting_project_id) VALUES (2421, '["한정판"]', 10, 2421, 60, 2421);
INSERT INTO supporting_projects(supporting_project_id, supported_at, delivery_id, payment_id, project_id, user_id) VALUES (2422, (SELECT projects.start_date + INTERVAL 30 DAY FROM projects WHERE projects.id=60), 1, 2422, 60, 6);
INSERT INTO orders (order_id, created_at, delivery_id, payment_id, supporting_project_id) VALUES (2422, (SELECT projects.start_date + INTERVAL 30 DAY FROM projects WHERE projects.id=60), 1, 2422, 2422);
INSERT INTO supporting_packages(id, option_list, package_count, order_id, project_package_id, supporting_project_id) VALUES (2422, '["한정판"]', 3, 2422, 60, 2422);
INSERT INTO supporting_projects(supporting_project_id, supported_at, delivery_id, payment_id, project_id, user_id) VALUES (2423, (SELECT projects.start_date + INTERVAL 33 DAY FROM projects WHERE projects.id=60), 1, 2423, 60, 40);
INSERT INTO orders (order_id, created_at, delivery_id, payment_id, supporting_project_id) VALUES (2423, (SELECT projects.start_date + INTERVAL 33 DAY FROM projects WHERE projects.id=60), 1, 2423, 2423);
INSERT INTO supporting_packages(id, option_list, package_count, order_id, project_package_id, supporting_project_id) VALUES (2423, '["한정판"]', 4, 2423, 60, 2423);
INSERT INTO supporting_projects(supporting_project_id, supported_at, delivery_id, payment_id, project_id, user_id) VALUES (2424, (SELECT projects.start_date + INTERVAL 3 DAY FROM projects WHERE projects.id=60), 1, 2424, 60, 37);
INSERT INTO orders (order_id, created_at, delivery_id, payment_id, supporting_project_id) VALUES (2424, (SELECT projects.start_date + INTERVAL 3 DAY FROM projects WHERE projects.id=60), 1, 2424, 2424);
INSERT INTO supporting_packages(id, option_list, package_count, order_id, project_package_id, supporting_project_id) VALUES (2424, '["기본"]', 3, 2424, 60, 2424);
INSERT INTO supporting_projects(supporting_project_id, supported_at, delivery_id, payment_id, project_id, user_id) VALUES (2425, (SELECT projects.start_date + INTERVAL 17 DAY FROM projects WHERE projects.id=60), 1, 2425, 60, 4);
INSERT INTO orders (order_id, created_at, delivery_id, payment_id, supporting_project_id) VALUES (2425, (SELECT projects.start_date + INTERVAL 17 DAY FROM projects WHERE projects.id=60), 1, 2425, 2425);
INSERT INTO supporting_packages(id, option_list, package_count, order_id, project_package_id, supporting_project_id) VALUES (2425, '["한정판"]', 1, 2425, 60, 2425);
INSERT INTO supporting_projects(supporting_project_id, supported_at, delivery_id, payment_id, project_id, user_id) VALUES (2426, (SELECT projects.start_date + INTERVAL 38 DAY FROM projects WHERE projects.id=60), 1, 2426, 60, 19);
INSERT INTO orders (order_id, created_at, delivery_id, payment_id, supporting_project_id) VALUES (2426, (SELECT projects.start_date + INTERVAL 38 DAY FROM projects WHERE projects.id=60), 1, 2426, 2426);
INSERT INTO supporting_packages(id, option_list, package_count, order_id, project_package_id, supporting_project_id) VALUES (2426, '["한정판"]', 6, 2426, 60, 2426);
INSERT INTO supporting_projects(supporting_project_id, supported_at, delivery_id, payment_id, project_id, user_id) VALUES (2427, (SELECT projects.start_date + INTERVAL 32 DAY FROM projects WHERE projects.id=60), 1, 2427, 60, 39);
INSERT INTO orders (order_id, created_at, delivery_id, payment_id, supporting_project_id) VALUES (2427, (SELECT projects.start_date + INTERVAL 32 DAY FROM projects WHERE projects.id=60), 1, 2427, 2427);
INSERT INTO supporting_packages(id, option_list, package_count, order_id, project_package_id, supporting_project_id) VALUES (2427, '["기본"]', 5, 2427, 60, 2427);
INSERT INTO supporting_projects(supporting_project_id, supported_at, delivery_id, payment_id, project_id, user_id) VALUES (2428, (SELECT projects.start_date + INTERVAL 32 DAY FROM projects WHERE projects.id=60), 1, 2428, 60, 8);
INSERT INTO orders (order_id, created_at, delivery_id, payment_id, supporting_project_id) VALUES (2428, (SELECT projects.start_date + INTERVAL 32 DAY FROM projects WHERE projects.id=60), 1, 2428, 2428);
INSERT INTO supporting_packages(id, option_list, package_count, order_id, project_package_id, supporting_project_id) VALUES (2428, '["한정판"]', 8, 2428, 60, 2428);
INSERT INTO supporting_projects(supporting_project_id, supported_at, delivery_id, payment_id, project_id, user_id) VALUES (2429, (SELECT projects.start_date + INTERVAL 18 DAY FROM projects WHERE projects.id=60), 1, 2429, 60, 18);
INSERT INTO orders (order_id, created_at, delivery_id, payment_id, supporting_project_id) VALUES (2429, (SELECT projects.start_date + INTERVAL 18 DAY FROM projects WHERE projects.id=60), 1, 2429, 2429);
INSERT INTO supporting_packages(id, option_list, package_count, order_id, project_package_id, supporting_project_id) VALUES (2429, '["프리미엄"]', 10, 2429, 60, 2429);
INSERT INTO supporting_projects(supporting_project_id, supported_at, delivery_id, payment_id, project_id, user_id) VALUES (2430, (SELECT projects.start_date + INTERVAL 22 DAY FROM projects WHERE projects.id=60), 1, 2430, 60, 16);
INSERT INTO orders (order_id, created_at, delivery_id, payment_id, supporting_project_id) VALUES (2430, (SELECT projects.start_date + INTERVAL 22 DAY FROM projects WHERE projects.id=60), 1, 2430, 2430);
INSERT INTO supporting_packages(id, option_list, package_count, order_id, project_package_id, supporting_project_id) VALUES (2430, '["한정판"]', 6, 2430, 60, 2430);
INSERT INTO supporting_projects(supporting_project_id, supported_at, delivery_id, payment_id, project_id, user_id) VALUES (2431, (SELECT projects.start_date + INTERVAL 37 DAY FROM projects WHERE projects.id=60), 1, 2431, 60, 37);
INSERT INTO orders (order_id, created_at, delivery_id, payment_id, supporting_project_id) VALUES (2431, (SELECT projects.start_date + INTERVAL 37 DAY FROM projects WHERE projects.id=60), 1, 2431, 2431);
INSERT INTO supporting_packages(id, option_list, package_count, order_id, project_package_id, supporting_project_id) VALUES (2431, '["한정판"]', 10, 2431, 60, 2431);
INSERT INTO supporting_projects(supporting_project_id, supported_at, delivery_id, payment_id, project_id, user_id) VALUES (2432, (SELECT projects.start_date + INTERVAL 13 DAY FROM projects WHERE projects.id=60), 1, 2432, 60, 39);
INSERT INTO orders (order_id, created_at, delivery_id, payment_id, supporting_project_id) VALUES (2432, (SELECT projects.start_date + INTERVAL 13 DAY FROM projects WHERE projects.id=60), 1, 2432, 2432);
INSERT INTO supporting_packages(id, option_list, package_count, order_id, project_package_id, supporting_project_id) VALUES (2432, '["기본"]', 4, 2432, 60, 2432);
INSERT INTO supporting_projects(supporting_project_id, supported_at, delivery_id, payment_id, project_id, user_id) VALUES (2433, (SELECT projects.start_date + INTERVAL 45 DAY FROM projects WHERE projects.id=60), 1, 2433, 60, 27);
INSERT INTO orders (order_id, created_at, delivery_id, payment_id, supporting_project_id) VALUES (2433, (SELECT projects.start_date + INTERVAL 45 DAY FROM projects WHERE projects.id=60), 1, 2433, 2433);
INSERT INTO supporting_packages(id, option_list, package_count, order_id, project_package_id, supporting_project_id) VALUES (2433, '["한정판"]', 7, 2433, 60, 2433);
INSERT INTO supporting_projects(supporting_project_id, supported_at, delivery_id, payment_id, project_id, user_id) VALUES (2434, (SELECT projects.start_date + INTERVAL 12 DAY FROM projects WHERE projects.id=60), 1, 2434, 60, 6);
INSERT INTO orders (order_id, created_at, delivery_id, payment_id, supporting_project_id) VALUES (2434, (SELECT projects.start_date + INTERVAL 12 DAY FROM projects WHERE projects.id=60), 1, 2434, 2434);
INSERT INTO supporting_packages(id, option_list, package_count, order_id, project_package_id, supporting_project_id) VALUES (2434, '["기본"]', 9, 2434, 60, 2434);
INSERT INTO supporting_projects(supporting_project_id, supported_at, delivery_id, payment_id, project_id, user_id) VALUES (2435, (SELECT projects.start_date + INTERVAL 16 DAY FROM projects WHERE projects.id=60), 1, 2435, 60, 19);
INSERT INTO orders (order_id, created_at, delivery_id, payment_id, supporting_project_id) VALUES (2435, (SELECT projects.start_date + INTERVAL 16 DAY FROM projects WHERE projects.id=60), 1, 2435, 2435);
INSERT INTO supporting_packages(id, option_list, package_count, order_id, project_package_id, supporting_project_id) VALUES (2435, '["기본"]', 4, 2435, 60, 2435);
INSERT INTO supporting_projects(supporting_project_id, supported_at, delivery_id, payment_id, project_id, user_id) VALUES (2436, (SELECT projects.start_date + INTERVAL 40 DAY FROM projects WHERE projects.id=60), 1, 2436, 60, 37);
INSERT INTO orders (order_id, created_at, delivery_id, payment_id, supporting_project_id) VALUES (2436, (SELECT projects.start_date + INTERVAL 40 DAY FROM projects WHERE projects.id=60), 1, 2436, 2436);
INSERT INTO supporting_packages(id, option_list, package_count, order_id, project_package_id, supporting_project_id) VALUES (2436, '["기본"]', 9, 2436, 60, 2436);
INSERT INTO supporting_projects(supporting_project_id, supported_at, delivery_id, payment_id, project_id, user_id) VALUES (2437, (SELECT projects.start_date + INTERVAL 46 DAY FROM projects WHERE projects.id=60), 1, 2437, 60, 31);
INSERT INTO orders (order_id, created_at, delivery_id, payment_id, supporting_project_id) VALUES (2437, (SELECT projects.start_date + INTERVAL 46 DAY FROM projects WHERE projects.id=60), 1, 2437, 2437);
INSERT INTO supporting_packages(id, option_list, package_count, order_id, project_package_id, supporting_project_id) VALUES (2437, '["기본"]', 8, 2437, 60, 2437);
INSERT INTO supporting_projects(supporting_project_id, supported_at, delivery_id, payment_id, project_id, user_id) VALUES (2438, (SELECT projects.start_date + INTERVAL 38 DAY FROM projects WHERE projects.id=60), 1, 2438, 60, 15);
INSERT INTO orders (order_id, created_at, delivery_id, payment_id, supporting_project_id) VALUES (2438, (SELECT projects.start_date + INTERVAL 38 DAY FROM projects WHERE projects.id=60), 1, 2438, 2438);
INSERT INTO supporting_packages(id, option_list, package_count, order_id, project_package_id, supporting_project_id) VALUES (2438, '["한정판"]', 5, 2438, 60, 2438);
INSERT INTO supporting_projects(supporting_project_id, supported_at, delivery_id, payment_id, project_id, user_id) VALUES (2439, (SELECT projects.start_date + INTERVAL 23 DAY FROM projects WHERE projects.id=60), 1, 2439, 60, 14);
INSERT INTO orders (order_id, created_at, delivery_id, payment_id, supporting_project_id) VALUES (2439, (SELECT projects.start_date + INTERVAL 23 DAY FROM projects WHERE projects.id=60), 1, 2439, 2439);
INSERT INTO supporting_packages(id, option_list, package_count, order_id, project_package_id, supporting_project_id) VALUES (2439, '["프리미엄"]', 7, 2439, 60, 2439);
INSERT INTO supporting_projects(supporting_project_id, supported_at, delivery_id, payment_id, project_id, user_id) VALUES (2440, (SELECT projects.start_date + INTERVAL 50 DAY FROM projects WHERE projects.id=60), 1, 2440, 60, 26);
INSERT INTO orders (order_id, created_at, delivery_id, payment_id, supporting_project_id) VALUES (2440, (SELECT projects.start_date + INTERVAL 50 DAY FROM projects WHERE projects.id=60), 1, 2440, 2440);
INSERT INTO supporting_packages(id, option_list, package_count, order_id, project_package_id, supporting_project_id) VALUES (2440, '["프리미엄"]', 10, 2440, 60, 2440);
INSERT INTO supporting_projects(supporting_project_id, supported_at, delivery_id, payment_id, project_id, user_id) VALUES (2441, (SELECT projects.start_date + INTERVAL 4 DAY FROM projects WHERE projects.id=60), 1, 2441, 60, 11);
INSERT INTO orders (order_id, created_at, delivery_id, payment_id, supporting_project_id) VALUES (2441, (SELECT projects.start_date + INTERVAL 4 DAY FROM projects WHERE projects.id=60), 1, 2441, 2441);
INSERT INTO supporting_packages(id, option_list, package_count, order_id, project_package_id, supporting_project_id) VALUES (2441, '["한정판"]', 6, 2441, 60, 2441);
INSERT INTO supporting_projects(supporting_project_id, supported_at, delivery_id, payment_id, project_id, user_id) VALUES (2442, (SELECT projects.start_date + INTERVAL 45 DAY FROM projects WHERE projects.id=60), 1, 2442, 60, 31);
INSERT INTO orders (order_id, created_at, delivery_id, payment_id, supporting_project_id) VALUES (2442, (SELECT projects.start_date + INTERVAL 45 DAY FROM projects WHERE projects.id=60), 1, 2442, 2442);
INSERT INTO supporting_packages(id, option_list, package_count, order_id, project_package_id, supporting_project_id) VALUES (2442, '["프리미엄"]', 9, 2442, 60, 2442);
INSERT INTO supporting_projects(supporting_project_id, supported_at, delivery_id, payment_id, project_id, user_id) VALUES (2443, (SELECT projects.start_date + INTERVAL 2 DAY FROM projects WHERE projects.id=60), 1, 2443, 60, 13);
INSERT INTO orders (order_id, created_at, delivery_id, payment_id, supporting_project_id) VALUES (2443, (SELECT projects.start_date + INTERVAL 2 DAY FROM projects WHERE projects.id=60), 1, 2443, 2443);
INSERT INTO supporting_packages(id, option_list, package_count, order_id, project_package_id, supporting_project_id) VALUES (2443, '["기본"]', 4, 2443, 60, 2443);
INSERT INTO supporting_projects(supporting_project_id, supported_at, delivery_id, payment_id, project_id, user_id) VALUES (2444, (SELECT projects.start_date + INTERVAL 10 DAY FROM projects WHERE projects.id=60), 1, 2444, 60, 23);
INSERT INTO orders (order_id, created_at, delivery_id, payment_id, supporting_project_id) VALUES (2444, (SELECT projects.start_date + INTERVAL 10 DAY FROM projects WHERE projects.id=60), 1, 2444, 2444);
INSERT INTO supporting_packages(id, option_list, package_count, order_id, project_package_id, supporting_project_id) VALUES (2444, '["프리미엄"]', 3, 2444, 60, 2444);
INSERT INTO supporting_projects(supporting_project_id, supported_at, delivery_id, payment_id, project_id, user_id) VALUES (2445, (SELECT projects.start_date + INTERVAL 20 DAY FROM projects WHERE projects.id=60), 1, 2445, 60, 21);
INSERT INTO orders (order_id, created_at, delivery_id, payment_id, supporting_project_id) VALUES (2445, (SELECT projects.start_date + INTERVAL 20 DAY FROM projects WHERE projects.id=60), 1, 2445, 2445);
INSERT INTO supporting_packages(id, option_list, package_count, order_id, project_package_id, supporting_project_id) VALUES (2445, '["프리미엄"]', 8, 2445, 60, 2445);
INSERT INTO supporting_projects(supporting_project_id, supported_at, delivery_id, payment_id, project_id, user_id) VALUES (2446, (SELECT projects.start_date + INTERVAL 38 DAY FROM projects WHERE projects.id=60), 1, 2446, 60, 33);
INSERT INTO orders (order_id, created_at, delivery_id, payment_id, supporting_project_id) VALUES (2446, (SELECT projects.start_date + INTERVAL 38 DAY FROM projects WHERE projects.id=60), 1, 2446, 2446);
INSERT INTO supporting_packages(id, option_list, package_count, order_id, project_package_id, supporting_project_id) VALUES (2446, '["기본"]', 8, 2446, 60, 2446);
INSERT INTO supporting_projects(supporting_project_id, supported_at, delivery_id, payment_id, project_id, user_id) VALUES (2447, (SELECT projects.start_date + INTERVAL 45 DAY FROM projects WHERE projects.id=60), 1, 2447, 60, 12);
INSERT INTO orders (order_id, created_at, delivery_id, payment_id, supporting_project_id) VALUES (2447, (SELECT projects.start_date + INTERVAL 45 DAY FROM projects WHERE projects.id=60), 1, 2447, 2447);
INSERT INTO supporting_packages(id, option_list, package_count, order_id, project_package_id, supporting_project_id) VALUES (2447, '["프리미엄"]', 10, 2447, 60, 2447);
INSERT INTO supporting_projects(supporting_project_id, supported_at, delivery_id, payment_id, project_id, user_id) VALUES (2448, (SELECT projects.start_date + INTERVAL 32 DAY FROM projects WHERE projects.id=60), 1, 2448, 60, 14);
INSERT INTO orders (order_id, created_at, delivery_id, payment_id, supporting_project_id) VALUES (2448, (SELECT projects.start_date + INTERVAL 32 DAY FROM projects WHERE projects.id=60), 1, 2448, 2448);
INSERT INTO supporting_packages(id, option_list, package_count, order_id, project_package_id, supporting_project_id) VALUES (2448, '["프리미엄"]', 2, 2448, 60, 2448);
INSERT INTO supporting_projects(supporting_project_id, supported_at, delivery_id, payment_id, project_id, user_id) VALUES (2449, (SELECT projects.start_date + INTERVAL 11 DAY FROM projects WHERE projects.id=60), 1, 2449, 60, 28);
INSERT INTO orders (order_id, created_at, delivery_id, payment_id, supporting_project_id) VALUES (2449, (SELECT projects.start_date + INTERVAL 11 DAY FROM projects WHERE projects.id=60), 1, 2449, 2449);
INSERT INTO supporting_packages(id, option_list, package_count, order_id, project_package_id, supporting_project_id) VALUES (2449, '["프리미엄"]', 8, 2449, 60, 2449);
INSERT INTO supporting_projects(supporting_project_id, supported_at, delivery_id, payment_id, project_id, user_id) VALUES (2450, (SELECT projects.start_date + INTERVAL 21 DAY FROM projects WHERE projects.id=60), 1, 2450, 60, 32);
INSERT INTO orders (order_id, created_at, delivery_id, payment_id, supporting_project_id) VALUES (2450, (SELECT projects.start_date + INTERVAL 21 DAY FROM projects WHERE projects.id=60), 1, 2450, 2450);
INSERT INTO supporting_packages(id, option_list, package_count, order_id, project_package_id, supporting_project_id) VALUES (2450, '["기본"]', 8, 2450, 60, 2450);
INSERT INTO supporting_projects(supporting_project_id, supported_at, delivery_id, payment_id, project_id, user_id) VALUES (2451, (SELECT projects.start_date + INTERVAL 36 DAY FROM projects WHERE projects.id=60), 1, 2451, 60, 16);
INSERT INTO orders (order_id, created_at, delivery_id, payment_id, supporting_project_id) VALUES (2451, (SELECT projects.start_date + INTERVAL 36 DAY FROM projects WHERE projects.id=60), 1, 2451, 2451);
INSERT INTO supporting_packages(id, option_list, package_count, order_id, project_package_id, supporting_project_id) VALUES (2451, '["한정판"]', 6, 2451, 60, 2451);
INSERT INTO supporting_projects(supporting_project_id, supported_at, delivery_id, payment_id, project_id, user_id) VALUES (2452, (SELECT projects.start_date + INTERVAL 43 DAY FROM projects WHERE projects.id=60), 1, 2452, 60, 23);
INSERT INTO orders (order_id, created_at, delivery_id, payment_id, supporting_project_id) VALUES (2452, (SELECT projects.start_date + INTERVAL 43 DAY FROM projects WHERE projects.id=60), 1, 2452, 2452);
INSERT INTO supporting_packages(id, option_list, package_count, order_id, project_package_id, supporting_project_id) VALUES (2452, '["기본"]', 6, 2452, 60, 2452);
INSERT INTO supporting_projects(supporting_project_id, supported_at, delivery_id, payment_id, project_id, user_id) VALUES (2453, (SELECT projects.start_date + INTERVAL 31 DAY FROM projects WHERE projects.id=60), 1, 2453, 60, 30);
INSERT INTO orders (order_id, created_at, delivery_id, payment_id, supporting_project_id) VALUES (2453, (SELECT projects.start_date + INTERVAL 31 DAY FROM projects WHERE projects.id=60), 1, 2453, 2453);
INSERT INTO supporting_packages(id, option_list, package_count, order_id, project_package_id, supporting_project_id) VALUES (2453, '["기본"]', 10, 2453, 60, 2453);
INSERT INTO supporting_projects(supporting_project_id, supported_at, delivery_id, payment_id, project_id, user_id) VALUES (2454, (SELECT projects.start_date + INTERVAL 25 DAY FROM projects WHERE projects.id=60), 1, 2454, 60, 10);
INSERT INTO orders (order_id, created_at, delivery_id, payment_id, supporting_project_id) VALUES (2454, (SELECT projects.start_date + INTERVAL 25 DAY FROM projects WHERE projects.id=60), 1, 2454, 2454);
INSERT INTO supporting_packages(id, option_list, package_count, order_id, project_package_id, supporting_project_id) VALUES (2454, '["프리미엄"]', 1, 2454, 60, 2454);
INSERT INTO supporting_projects(supporting_project_id, supported_at, delivery_id, payment_id, project_id, user_id) VALUES (2455, (SELECT projects.start_date + INTERVAL 39 DAY FROM projects WHERE projects.id=60), 1, 2455, 60, 39);
INSERT INTO orders (order_id, created_at, delivery_id, payment_id, supporting_project_id) VALUES (2455, (SELECT projects.start_date + INTERVAL 39 DAY FROM projects WHERE projects.id=60), 1, 2455, 2455);
INSERT INTO supporting_packages(id, option_list, package_count, order_id, project_package_id, supporting_project_id) VALUES (2455, '["기본"]', 10, 2455, 60, 2455);
INSERT INTO supporting_projects(supporting_project_id, supported_at, delivery_id, payment_id, project_id, user_id) VALUES (2456, (SELECT projects.start_date + INTERVAL 14 DAY FROM projects WHERE projects.id=60), 1, 2456, 60, 28);
INSERT INTO orders (order_id, created_at, delivery_id, payment_id, supporting_project_id) VALUES (2456, (SELECT projects.start_date + INTERVAL 14 DAY FROM projects WHERE projects.id=60), 1, 2456, 2456);
INSERT INTO supporting_packages(id, option_list, package_count, order_id, project_package_id, supporting_project_id) VALUES (2456, '["기본"]', 10, 2456, 60, 2456);
INSERT INTO supporting_projects(supporting_project_id, supported_at, delivery_id, payment_id, project_id, user_id) VALUES (2457, (SELECT projects.start_date + INTERVAL 8 DAY FROM projects WHERE projects.id=60), 1, 2457, 60, 36);
INSERT INTO orders (order_id, created_at, delivery_id, payment_id, supporting_project_id) VALUES (2457, (SELECT projects.start_date + INTERVAL 8 DAY FROM projects WHERE projects.id=60), 1, 2457, 2457);
INSERT INTO supporting_packages(id, option_list, package_count, order_id, project_package_id, supporting_project_id) VALUES (2457, '["프리미엄"]', 1, 2457, 60, 2457);
INSERT INTO supporting_projects(supporting_project_id, supported_at, delivery_id, payment_id, project_id, user_id) VALUES (2458, (SELECT projects.start_date + INTERVAL 40 DAY FROM projects WHERE projects.id=60), 1, 2458, 60, 30);
INSERT INTO orders (order_id, created_at, delivery_id, payment_id, supporting_project_id) VALUES (2458, (SELECT projects.start_date + INTERVAL 40 DAY FROM projects WHERE projects.id=60), 1, 2458, 2458);
INSERT INTO supporting_packages(id, option_list, package_count, order_id, project_package_id, supporting_project_id) VALUES (2458, '["프리미엄"]', 2, 2458, 60, 2458);
INSERT INTO supporting_projects(supporting_project_id, supported_at, delivery_id, payment_id, project_id, user_id) VALUES (2459, (SELECT projects.start_date + INTERVAL 5 DAY FROM projects WHERE projects.id=60), 1, 2459, 60, 16);
INSERT INTO orders (order_id, created_at, delivery_id, payment_id, supporting_project_id) VALUES (2459, (SELECT projects.start_date + INTERVAL 5 DAY FROM projects WHERE projects.id=60), 1, 2459, 2459);
INSERT INTO supporting_packages(id, option_list, package_count, order_id, project_package_id, supporting_project_id) VALUES (2459, '["기본"]', 7, 2459, 60, 2459);
INSERT INTO supporting_projects(supporting_project_id, supported_at, delivery_id, payment_id, project_id, user_id) VALUES (2460, (SELECT projects.start_date + INTERVAL 36 DAY FROM projects WHERE projects.id=60), 1, 2460, 60, 15);
INSERT INTO orders (order_id, created_at, delivery_id, payment_id, supporting_project_id) VALUES (2460, (SELECT projects.start_date + INTERVAL 36 DAY FROM projects WHERE projects.id=60), 1, 2460, 2460);
INSERT INTO supporting_packages(id, option_list, package_count, order_id, project_package_id, supporting_project_id) VALUES (2460, '["한정판"]', 3, 2460, 60, 2460);
INSERT INTO supporting_projects(supporting_project_id, supported_at, delivery_id, payment_id, project_id, user_id) VALUES (2461, (SELECT projects.start_date + INTERVAL 46 DAY FROM projects WHERE projects.id=60), 1, 2461, 60, 8);
INSERT INTO orders (order_id, created_at, delivery_id, payment_id, supporting_project_id) VALUES (2461, (SELECT projects.start_date + INTERVAL 46 DAY FROM projects WHERE projects.id=60), 1, 2461, 2461);
INSERT INTO supporting_packages(id, option_list, package_count, order_id, project_package_id, supporting_project_id) VALUES (2461, '["프리미엄"]', 7, 2461, 60, 2461);
INSERT INTO supporting_projects(supporting_project_id, supported_at, delivery_id, payment_id, project_id, user_id) VALUES (2462, (SELECT projects.start_date + INTERVAL 27 DAY FROM projects WHERE projects.id=60), 1, 2462, 60, 17);
INSERT INTO orders (order_id, created_at, delivery_id, payment_id, supporting_project_id) VALUES (2462, (SELECT projects.start_date + INTERVAL 27 DAY FROM projects WHERE projects.id=60), 1, 2462, 2462);
INSERT INTO supporting_packages(id, option_list, package_count, order_id, project_package_id, supporting_project_id) VALUES (2462, '["프리미엄"]', 5, 2462, 60, 2462);
INSERT INTO supporting_projects(supporting_project_id, supported_at, delivery_id, payment_id, project_id, user_id) VALUES (2463, (SELECT projects.start_date + INTERVAL 9 DAY FROM projects WHERE projects.id=60), 1, 2463, 60, 29);
INSERT INTO orders (order_id, created_at, delivery_id, payment_id, supporting_project_id) VALUES (2463, (SELECT projects.start_date + INTERVAL 9 DAY FROM projects WHERE projects.id=60), 1, 2463, 2463);
INSERT INTO supporting_packages(id, option_list, package_count, order_id, project_package_id, supporting_project_id) VALUES (2463, '["프리미엄"]', 5, 2463, 60, 2463);
INSERT INTO supporting_projects(supporting_project_id, supported_at, delivery_id, payment_id, project_id, user_id) VALUES (2464, (SELECT projects.start_date + INTERVAL 8 DAY FROM projects WHERE projects.id=60), 1, 2464, 60, 11);
INSERT INTO orders (order_id, created_at, delivery_id, payment_id, supporting_project_id) VALUES (2464, (SELECT projects.start_date + INTERVAL 8 DAY FROM projects WHERE projects.id=60), 1, 2464, 2464);
INSERT INTO supporting_packages(id, option_list, package_count, order_id, project_package_id, supporting_project_id) VALUES (2464, '["기본"]', 1, 2464, 60, 2464);
INSERT INTO supporting_projects(supporting_project_id, supported_at, delivery_id, payment_id, project_id, user_id) VALUES (2465, (SELECT projects.start_date + INTERVAL 44 DAY FROM projects WHERE projects.id=60), 1, 2465, 60, 28);
INSERT INTO orders (order_id, created_at, delivery_id, payment_id, supporting_project_id) VALUES (2465, (SELECT projects.start_date + INTERVAL 44 DAY FROM projects WHERE projects.id=60), 1, 2465, 2465);
INSERT INTO supporting_packages(id, option_list, package_count, order_id, project_package_id, supporting_project_id) VALUES (2465, '["기본"]', 8, 2465, 60, 2465);
INSERT INTO supporting_projects(supporting_project_id, supported_at, delivery_id, payment_id, project_id, user_id) VALUES (2466, (SELECT projects.start_date + INTERVAL 2 DAY FROM projects WHERE projects.id=60), 1, 2466, 60, 14);
INSERT INTO orders (order_id, created_at, delivery_id, payment_id, supporting_project_id) VALUES (2466, (SELECT projects.start_date + INTERVAL 2 DAY FROM projects WHERE projects.id=60), 1, 2466, 2466);
INSERT INTO supporting_packages(id, option_list, package_count, order_id, project_package_id, supporting_project_id) VALUES (2466, '["한정판"]', 8, 2466, 60, 2466);
INSERT INTO supporting_projects(supporting_project_id, supported_at, delivery_id, payment_id, project_id, user_id) VALUES (2467, (SELECT projects.start_date + INTERVAL 10 DAY FROM projects WHERE projects.id=60), 1, 2467, 60, 11);
INSERT INTO orders (order_id, created_at, delivery_id, payment_id, supporting_project_id) VALUES (2467, (SELECT projects.start_date + INTERVAL 10 DAY FROM projects WHERE projects.id=60), 1, 2467, 2467);
INSERT INTO supporting_packages(id, option_list, package_count, order_id, project_package_id, supporting_project_id) VALUES (2467, '["한정판"]', 8, 2467, 60, 2467);
INSERT INTO supporting_projects(supporting_project_id, supported_at, delivery_id, payment_id, project_id, user_id) VALUES (2468, (SELECT projects.start_date + INTERVAL 27 DAY FROM projects WHERE projects.id=60), 1, 2468, 60, 26);
INSERT INTO orders (order_id, created_at, delivery_id, payment_id, supporting_project_id) VALUES (2468, (SELECT projects.start_date + INTERVAL 27 DAY FROM projects WHERE projects.id=60), 1, 2468, 2468);
INSERT INTO supporting_packages(id, option_list, package_count, order_id, project_package_id, supporting_project_id) VALUES (2468, '["기본"]', 2, 2468, 60, 2468);
INSERT INTO supporting_projects(supporting_project_id, supported_at, delivery_id, payment_id, project_id, user_id) VALUES (2469, (SELECT projects.start_date + INTERVAL 49 DAY FROM projects WHERE projects.id=60), 1, 2469, 60, 11);
INSERT INTO orders (order_id, created_at, delivery_id, payment_id, supporting_project_id) VALUES (2469, (SELECT projects.start_date + INTERVAL 49 DAY FROM projects WHERE projects.id=60), 1, 2469, 2469);
INSERT INTO supporting_packages(id, option_list, package_count, order_id, project_package_id, supporting_project_id) VALUES (2469, '["기본"]', 5, 2469, 60, 2469);
INSERT INTO supporting_projects(supporting_project_id, supported_at, delivery_id, payment_id, project_id, user_id) VALUES (2470, (SELECT projects.start_date + INTERVAL 42 DAY FROM projects WHERE projects.id=60), 1, 2470, 60, 9);
INSERT INTO orders (order_id, created_at, delivery_id, payment_id, supporting_project_id) VALUES (2470, (SELECT projects.start_date + INTERVAL 42 DAY FROM projects WHERE projects.id=60), 1, 2470, 2470);
INSERT INTO supporting_packages(id, option_list, package_count, order_id, project_package_id, supporting_project_id) VALUES (2470, '["한정판"]', 1, 2470, 60, 2470);
INSERT INTO supporting_projects(supporting_project_id, supported_at, delivery_id, payment_id, project_id, user_id) VALUES (2471, (SELECT projects.start_date + INTERVAL 20 DAY FROM projects WHERE projects.id=60), 1, 2471, 60, 23);
INSERT INTO orders (order_id, created_at, delivery_id, payment_id, supporting_project_id) VALUES (2471, (SELECT projects.start_date + INTERVAL 20 DAY FROM projects WHERE projects.id=60), 1, 2471, 2471);
INSERT INTO supporting_packages(id, option_list, package_count, order_id, project_package_id, supporting_project_id) VALUES (2471, '["프리미엄"]', 1, 2471, 60, 2471);
INSERT INTO supporting_projects(supporting_project_id, supported_at, delivery_id, payment_id, project_id, user_id) VALUES (2472, (SELECT projects.start_date + INTERVAL 11 DAY FROM projects WHERE projects.id=60), 1, 2472, 60, 2);
INSERT INTO orders (order_id, created_at, delivery_id, payment_id, supporting_project_id) VALUES (2472, (SELECT projects.start_date + INTERVAL 11 DAY FROM projects WHERE projects.id=60), 1, 2472, 2472);
INSERT INTO supporting_packages(id, option_list, package_count, order_id, project_package_id, supporting_project_id) VALUES (2472, '["한정판"]', 1, 2472, 60, 2472);
INSERT INTO supporting_projects(supporting_project_id, supported_at, delivery_id, payment_id, project_id, user_id) VALUES (2473, (SELECT projects.start_date + INTERVAL 19 DAY FROM projects WHERE projects.id=60), 1, 2473, 60, 8);
INSERT INTO orders (order_id, created_at, delivery_id, payment_id, supporting_project_id) VALUES (2473, (SELECT projects.start_date + INTERVAL 19 DAY FROM projects WHERE projects.id=60), 1, 2473, 2473);
INSERT INTO supporting_packages(id, option_list, package_count, order_id, project_package_id, supporting_project_id) VALUES (2473, '["프리미엄"]', 5, 2473, 60, 2473);
INSERT INTO supporting_projects(supporting_project_id, supported_at, delivery_id, payment_id, project_id, user_id) VALUES (2474, (SELECT projects.start_date + INTERVAL 29 DAY FROM projects WHERE projects.id=60), 1, 2474, 60, 37);
INSERT INTO orders (order_id, created_at, delivery_id, payment_id, supporting_project_id) VALUES (2474, (SELECT projects.start_date + INTERVAL 29 DAY FROM projects WHERE projects.id=60), 1, 2474, 2474);
INSERT INTO supporting_packages(id, option_list, package_count, order_id, project_package_id, supporting_project_id) VALUES (2474, '["프리미엄"]', 8, 2474, 60, 2474);
INSERT INTO supporting_projects(supporting_project_id, supported_at, delivery_id, payment_id, project_id, user_id) VALUES (2475, (SELECT projects.start_date + INTERVAL 19 DAY FROM projects WHERE projects.id=60), 1, 2475, 60, 35);
INSERT INTO orders (order_id, created_at, delivery_id, payment_id, supporting_project_id) VALUES (2475, (SELECT projects.start_date + INTERVAL 19 DAY FROM projects WHERE projects.id=60), 1, 2475, 2475);
INSERT INTO supporting_packages(id, option_list, package_count, order_id, project_package_id, supporting_project_id) VALUES (2475, '["기본"]', 5, 2475, 60, 2475);
INSERT INTO supporting_projects(supporting_project_id, supported_at, delivery_id, payment_id, project_id, user_id) VALUES (2476, (SELECT projects.start_date + INTERVAL 19 DAY FROM projects WHERE projects.id=60), 1, 2476, 60, 10);
INSERT INTO orders (order_id, created_at, delivery_id, payment_id, supporting_project_id) VALUES (2476, (SELECT projects.start_date + INTERVAL 19 DAY FROM projects WHERE projects.id=60), 1, 2476, 2476);
INSERT INTO supporting_packages(id, option_list, package_count, order_id, project_package_id, supporting_project_id) VALUES (2476, '["한정판"]', 2, 2476, 60, 2476);
INSERT INTO supporting_projects(supporting_project_id, supported_at, delivery_id, payment_id, project_id, user_id) VALUES (2477, (SELECT projects.start_date + INTERVAL 35 DAY FROM projects WHERE projects.id=60), 1, 2477, 60, 28);
INSERT INTO orders (order_id, created_at, delivery_id, payment_id, supporting_project_id) VALUES (2477, (SELECT projects.start_date + INTERVAL 35 DAY FROM projects WHERE projects.id=60), 1, 2477, 2477);
INSERT INTO supporting_packages(id, option_list, package_count, order_id, project_package_id, supporting_project_id) VALUES (2477, '["기본"]', 9, 2477, 60, 2477);
INSERT INTO supporting_projects(supporting_project_id, supported_at, delivery_id, payment_id, project_id, user_id) VALUES (2478, (SELECT projects.start_date + INTERVAL 45 DAY FROM projects WHERE projects.id=60), 1, 2478, 60, 32);
INSERT INTO orders (order_id, created_at, delivery_id, payment_id, supporting_project_id) VALUES (2478, (SELECT projects.start_date + INTERVAL 45 DAY FROM projects WHERE projects.id=60), 1, 2478, 2478);
INSERT INTO supporting_packages(id, option_list, package_count, order_id, project_package_id, supporting_project_id) VALUES (2478, '["프리미엄"]', 4, 2478, 60, 2478);
INSERT INTO supporting_projects(supporting_project_id, supported_at, delivery_id, payment_id, project_id, user_id) VALUES (2479, (SELECT projects.start_date + INTERVAL 49 DAY FROM projects WHERE projects.id=60), 1, 2479, 60, 23);
INSERT INTO orders (order_id, created_at, delivery_id, payment_id, supporting_project_id) VALUES (2479, (SELECT projects.start_date + INTERVAL 49 DAY FROM projects WHERE projects.id=60), 1, 2479, 2479);
INSERT INTO supporting_packages(id, option_list, package_count, order_id, project_package_id, supporting_project_id) VALUES (2479, '["기본"]', 6, 2479, 60, 2479);
INSERT INTO supporting_projects(supporting_project_id, supported_at, delivery_id, payment_id, project_id, user_id) VALUES (2480, (SELECT projects.start_date + INTERVAL 8 DAY FROM projects WHERE projects.id=60), 1, 2480, 60, 18);
INSERT INTO orders (order_id, created_at, delivery_id, payment_id, supporting_project_id) VALUES (2480, (SELECT projects.start_date + INTERVAL 8 DAY FROM projects WHERE projects.id=60), 1, 2480, 2480);
INSERT INTO supporting_packages(id, option_list, package_count, order_id, project_package_id, supporting_project_id) VALUES (2480, '["프리미엄"]', 6, 2480, 60, 2480);
INSERT INTO supporting_projects(supporting_project_id, supported_at, delivery_id, payment_id, project_id, user_id) VALUES (2481, (SELECT projects.start_date + INTERVAL 23 DAY FROM projects WHERE projects.id=60), 1, 2481, 60, 24);
INSERT INTO orders (order_id, created_at, delivery_id, payment_id, supporting_project_id) VALUES (2481, (SELECT projects.start_date + INTERVAL 23 DAY FROM projects WHERE projects.id=60), 1, 2481, 2481);
INSERT INTO supporting_packages(id, option_list, package_count, order_id, project_package_id, supporting_project_id) VALUES (2481, '["기본"]', 7, 2481, 60, 2481);
INSERT INTO supporting_projects(supporting_project_id, supported_at, delivery_id, payment_id, project_id, user_id) VALUES (2482, (SELECT projects.start_date + INTERVAL 14 DAY FROM projects WHERE projects.id=60), 1, 2482, 60, 11);
INSERT INTO orders (order_id, created_at, delivery_id, payment_id, supporting_project_id) VALUES (2482, (SELECT projects.start_date + INTERVAL 14 DAY FROM projects WHERE projects.id=60), 1, 2482, 2482);
INSERT INTO supporting_packages(id, option_list, package_count, order_id, project_package_id, supporting_project_id) VALUES (2482, '["한정판"]', 6, 2482, 60, 2482);
INSERT INTO supporting_projects(supporting_project_id, supported_at, delivery_id, payment_id, project_id, user_id) VALUES (2483, (SELECT projects.start_date + INTERVAL 43 DAY FROM projects WHERE projects.id=60), 1, 2483, 60, 37);
INSERT INTO orders (order_id, created_at, delivery_id, payment_id, supporting_project_id) VALUES (2483, (SELECT projects.start_date + INTERVAL 43 DAY FROM projects WHERE projects.id=60), 1, 2483, 2483);
INSERT INTO supporting_packages(id, option_list, package_count, order_id, project_package_id, supporting_project_id) VALUES (2483, '["한정판"]', 3, 2483, 60, 2483);
INSERT INTO supporting_projects(supporting_project_id, supported_at, delivery_id, payment_id, project_id, user_id) VALUES (2484, (SELECT projects.start_date + INTERVAL 41 DAY FROM projects WHERE projects.id=60), 1, 2484, 60, 18);
INSERT INTO orders (order_id, created_at, delivery_id, payment_id, supporting_project_id) VALUES (2484, (SELECT projects.start_date + INTERVAL 41 DAY FROM projects WHERE projects.id=60), 1, 2484, 2484);
INSERT INTO supporting_packages(id, option_list, package_count, order_id, project_package_id, supporting_project_id) VALUES (2484, '["한정판"]', 2, 2484, 60, 2484);
INSERT INTO supporting_projects(supporting_project_id, supported_at, delivery_id, payment_id, project_id, user_id) VALUES (2485, (SELECT projects.start_date + INTERVAL 45 DAY FROM projects WHERE projects.id=60), 1, 2485, 60, 3);
INSERT INTO orders (order_id, created_at, delivery_id, payment_id, supporting_project_id) VALUES (2485, (SELECT projects.start_date + INTERVAL 45 DAY FROM projects WHERE projects.id=60), 1, 2485, 2485);
INSERT INTO supporting_packages(id, option_list, package_count, order_id, project_package_id, supporting_project_id) VALUES (2485, '["프리미엄"]', 8, 2485, 60, 2485);
INSERT INTO supporting_projects(supporting_project_id, supported_at, delivery_id, payment_id, project_id, user_id) VALUES (2486, (SELECT projects.start_date + INTERVAL 1 DAY FROM projects WHERE projects.id=60), 1, 2486, 60, 34);
INSERT INTO orders (order_id, created_at, delivery_id, payment_id, supporting_project_id) VALUES (2486, (SELECT projects.start_date + INTERVAL 1 DAY FROM projects WHERE projects.id=60), 1, 2486, 2486);
INSERT INTO supporting_packages(id, option_list, package_count, order_id, project_package_id, supporting_project_id) VALUES (2486, '["기본"]', 7, 2486, 60, 2486);
INSERT INTO supporting_projects(supporting_project_id, supported_at, delivery_id, payment_id, project_id, user_id) VALUES (2487, (SELECT projects.start_date + INTERVAL 43 DAY FROM projects WHERE projects.id=60), 1, 2487, 60, 1);
INSERT INTO orders (order_id, created_at, delivery_id, payment_id, supporting_project_id) VALUES (2487, (SELECT projects.start_date + INTERVAL 43 DAY FROM projects WHERE projects.id=60), 1, 2487, 2487);
INSERT INTO supporting_packages(id, option_list, package_count, order_id, project_package_id, supporting_project_id) VALUES (2487, '["프리미엄"]', 8, 2487, 60, 2487);
INSERT INTO supporting_projects(supporting_project_id, supported_at, delivery_id, payment_id, project_id, user_id) VALUES (2488, (SELECT projects.start_date + INTERVAL 14 DAY FROM projects WHERE projects.id=60), 1, 2488, 60, 35);
INSERT INTO orders (order_id, created_at, delivery_id, payment_id, supporting_project_id) VALUES (2488, (SELECT projects.start_date + INTERVAL 14 DAY FROM projects WHERE projects.id=60), 1, 2488, 2488);
INSERT INTO supporting_packages(id, option_list, package_count, order_id, project_package_id, supporting_project_id) VALUES (2488, '["한정판"]', 5, 2488, 60, 2488);
INSERT INTO supporting_projects(supporting_project_id, supported_at, delivery_id, payment_id, project_id, user_id) VALUES (2489, (SELECT projects.start_date + INTERVAL 31 DAY FROM projects WHERE projects.id=60), 1, 2489, 60, 2);
INSERT INTO orders (order_id, created_at, delivery_id, payment_id, supporting_project_id) VALUES (2489, (SELECT projects.start_date + INTERVAL 31 DAY FROM projects WHERE projects.id=60), 1, 2489, 2489);
INSERT INTO supporting_packages(id, option_list, package_count, order_id, project_package_id, supporting_project_id) VALUES (2489, '["프리미엄"]', 7, 2489, 60, 2489);
INSERT INTO supporting_projects(supporting_project_id, supported_at, delivery_id, payment_id, project_id, user_id) VALUES (2490, (SELECT projects.start_date + INTERVAL 5 DAY FROM projects WHERE projects.id=60), 1, 2490, 60, 9);
INSERT INTO orders (order_id, created_at, delivery_id, payment_id, supporting_project_id) VALUES (2490, (SELECT projects.start_date + INTERVAL 5 DAY FROM projects WHERE projects.id=60), 1, 2490, 2490);
INSERT INTO supporting_packages(id, option_list, package_count, order_id, project_package_id, supporting_project_id) VALUES (2490, '["한정판"]', 10, 2490, 60, 2490);
INSERT INTO supporting_projects(supporting_project_id, supported_at, delivery_id, payment_id, project_id, user_id) VALUES (2491, (SELECT projects.start_date + INTERVAL 48 DAY FROM projects WHERE projects.id=60), 1, 2491, 60, 20);
INSERT INTO orders (order_id, created_at, delivery_id, payment_id, supporting_project_id) VALUES (2491, (SELECT projects.start_date + INTERVAL 48 DAY FROM projects WHERE projects.id=60), 1, 2491, 2491);
INSERT INTO supporting_packages(id, option_list, package_count, order_id, project_package_id, supporting_project_id) VALUES (2491, '["프리미엄"]', 9, 2491, 60, 2491);
INSERT INTO supporting_projects(supporting_project_id, supported_at, delivery_id, payment_id, project_id, user_id) VALUES (2492, (SELECT projects.start_date + INTERVAL 21 DAY FROM projects WHERE projects.id=60), 1, 2492, 60, 22);
INSERT INTO orders (order_id, created_at, delivery_id, payment_id, supporting_project_id) VALUES (2492, (SELECT projects.start_date + INTERVAL 21 DAY FROM projects WHERE projects.id=60), 1, 2492, 2492);
INSERT INTO supporting_packages(id, option_list, package_count, order_id, project_package_id, supporting_project_id) VALUES (2492, '["프리미엄"]', 6, 2492, 60, 2492);
INSERT INTO supporting_projects(supporting_project_id, supported_at, delivery_id, payment_id, project_id, user_id) VALUES (2493, (SELECT projects.start_date + INTERVAL 32 DAY FROM projects WHERE projects.id=60), 1, 2493, 60, 11);
INSERT INTO orders (order_id, created_at, delivery_id, payment_id, supporting_project_id) VALUES (2493, (SELECT projects.start_date + INTERVAL 32 DAY FROM projects WHERE projects.id=60), 1, 2493, 2493);
INSERT INTO supporting_packages(id, option_list, package_count, order_id, project_package_id, supporting_project_id) VALUES (2493, '["기본"]', 3, 2493, 60, 2493);
INSERT INTO supporting_projects(supporting_project_id, supported_at, delivery_id, payment_id, project_id, user_id) VALUES (2494, (SELECT projects.start_date + INTERVAL 43 DAY FROM projects WHERE projects.id=60), 1, 2494, 60, 34);
INSERT INTO orders (order_id, created_at, delivery_id, payment_id, supporting_project_id) VALUES (2494, (SELECT projects.start_date + INTERVAL 43 DAY FROM projects WHERE projects.id=60), 1, 2494, 2494);
INSERT INTO supporting_packages(id, option_list, package_count, order_id, project_package_id, supporting_project_id) VALUES (2494, '["프리미엄"]', 10, 2494, 60, 2494);
INSERT INTO supporting_projects(supporting_project_id, supported_at, delivery_id, payment_id, project_id, user_id) VALUES (2495, (SELECT projects.start_date + INTERVAL 5 DAY FROM projects WHERE projects.id=60), 1, 2495, 60, 16);
INSERT INTO orders (order_id, created_at, delivery_id, payment_id, supporting_project_id) VALUES (2495, (SELECT projects.start_date + INTERVAL 5 DAY FROM projects WHERE projects.id=60), 1, 2495, 2495);
INSERT INTO supporting_packages(id, option_list, package_count, order_id, project_package_id, supporting_project_id) VALUES (2495, '["프리미엄"]', 5, 2495, 60, 2495);
INSERT INTO supporting_projects(supporting_project_id, supported_at, delivery_id, payment_id, project_id, user_id) VALUES (2496, (SELECT projects.start_date + INTERVAL 34 DAY FROM projects WHERE projects.id=60), 1, 2496, 60, 32);
INSERT INTO orders (order_id, created_at, delivery_id, payment_id, supporting_project_id) VALUES (2496, (SELECT projects.start_date + INTERVAL 34 DAY FROM projects WHERE projects.id=60), 1, 2496, 2496);
INSERT INTO supporting_packages(id, option_list, package_count, order_id, project_package_id, supporting_project_id) VALUES (2496, '["한정판"]', 9, 2496, 60, 2496);
INSERT INTO supporting_projects(supporting_project_id, supported_at, delivery_id, payment_id, project_id, user_id) VALUES (2497, (SELECT projects.start_date + INTERVAL 30 DAY FROM projects WHERE projects.id=60), 1, 2497, 60, 28);
INSERT INTO orders (order_id, created_at, delivery_id, payment_id, supporting_project_id) VALUES (2497, (SELECT projects.start_date + INTERVAL 30 DAY FROM projects WHERE projects.id=60), 1, 2497, 2497);
INSERT INTO supporting_packages(id, option_list, package_count, order_id, project_package_id, supporting_project_id) VALUES (2497, '["한정판"]', 8, 2497, 60, 2497);
INSERT INTO supporting_projects(supporting_project_id, supported_at, delivery_id, payment_id, project_id, user_id) VALUES (2498, (SELECT projects.start_date + INTERVAL 43 DAY FROM projects WHERE projects.id=60), 1, 2498, 60, 40);
INSERT INTO orders (order_id, created_at, delivery_id, payment_id, supporting_project_id) VALUES (2498, (SELECT projects.start_date + INTERVAL 43 DAY FROM projects WHERE projects.id=60), 1, 2498, 2498);
INSERT INTO supporting_packages(id, option_list, package_count, order_id, project_package_id, supporting_project_id) VALUES (2498, '["한정판"]', 4, 2498, 60, 2498);
INSERT INTO supporting_projects(supporting_project_id, supported_at, delivery_id, payment_id, project_id, user_id) VALUES (2499, (SELECT projects.start_date + INTERVAL 38 DAY FROM projects WHERE projects.id=60), 1, 2499, 60, 19);
INSERT INTO orders (order_id, created_at, delivery_id, payment_id, supporting_project_id) VALUES (2499, (SELECT projects.start_date + INTERVAL 38 DAY FROM projects WHERE projects.id=60), 1, 2499, 2499);
INSERT INTO supporting_packages(id, option_list, package_count, order_id, project_package_id, supporting_project_id) VALUES (2499, '["기본"]', 3, 2499, 60, 2499);
INSERT INTO supporting_projects(supporting_project_id, supported_at, delivery_id, payment_id, project_id, user_id) VALUES (2500, (SELECT projects.start_date + INTERVAL 18 DAY FROM projects WHERE projects.id=60), 1, 2500, 60, 36);
INSERT INTO orders (order_id, created_at, delivery_id, payment_id, supporting_project_id) VALUES (2500, (SELECT projects.start_date + INTERVAL 18 DAY FROM projects WHERE projects.id=60), 1, 2500, 2500);
INSERT INTO supporting_packages(id, option_list, package_count, order_id, project_package_id, supporting_project_id) VALUES (2500, '["프리미엄"]', 9, 2500, 60, 2500);
INSERT INTO supporting_projects(supporting_project_id, supported_at, delivery_id, payment_id, project_id, user_id) VALUES (2501, (SELECT projects.start_date + INTERVAL 34 DAY FROM projects WHERE projects.id=60), 1, 2501, 60, 11);
INSERT INTO orders (order_id, created_at, delivery_id, payment_id, supporting_project_id) VALUES (2501, (SELECT projects.start_date + INTERVAL 34 DAY FROM projects WHERE projects.id=60), 1, 2501, 2501);
INSERT INTO supporting_packages(id, option_list, package_count, order_id, project_package_id, supporting_project_id) VALUES (2501, '["프리미엄"]', 3, 2501, 60, 2501);
INSERT INTO supporting_projects(supporting_project_id, supported_at, delivery_id, payment_id, project_id, user_id) VALUES (2502, (SELECT projects.start_date + INTERVAL 10 DAY FROM projects WHERE projects.id=60), 1, 2502, 60, 14);
INSERT INTO orders (order_id, created_at, delivery_id, payment_id, supporting_project_id) VALUES (2502, (SELECT projects.start_date + INTERVAL 10 DAY FROM projects WHERE projects.id=60), 1, 2502, 2502);
INSERT INTO supporting_packages(id, option_list, package_count, order_id, project_package_id, supporting_project_id) VALUES (2502, '["프리미엄"]', 5, 2502, 60, 2502);
INSERT INTO supporting_projects(supporting_project_id, supported_at, delivery_id, payment_id, project_id, user_id) VALUES (2503, (SELECT projects.start_date + INTERVAL 11 DAY FROM projects WHERE projects.id=60), 1, 2503, 60, 10);
INSERT INTO orders (order_id, created_at, delivery_id, payment_id, supporting_project_id) VALUES (2503, (SELECT projects.start_date + INTERVAL 11 DAY FROM projects WHERE projects.id=60), 1, 2503, 2503);
INSERT INTO supporting_packages(id, option_list, package_count, order_id, project_package_id, supporting_project_id) VALUES (2503, '["한정판"]', 10, 2503, 60, 2503);
INSERT INTO supporting_projects(supporting_project_id, supported_at, delivery_id, payment_id, project_id, user_id) VALUES (2504, (SELECT projects.start_date + INTERVAL 21 DAY FROM projects WHERE projects.id=60), 1, 2504, 60, 30);
INSERT INTO orders (order_id, created_at, delivery_id, payment_id, supporting_project_id) VALUES (2504, (SELECT projects.start_date + INTERVAL 21 DAY FROM projects WHERE projects.id=60), 1, 2504, 2504);
INSERT INTO supporting_packages(id, option_list, package_count, order_id, project_package_id, supporting_project_id) VALUES (2504, '["한정판"]', 5, 2504, 60, 2504);
INSERT INTO supporting_projects(supporting_project_id, supported_at, delivery_id, payment_id, project_id, user_id) VALUES (2505, (SELECT projects.start_date + INTERVAL 37 DAY FROM projects WHERE projects.id=60), 1, 2505, 60, 23);
INSERT INTO orders (order_id, created_at, delivery_id, payment_id, supporting_project_id) VALUES (2505, (SELECT projects.start_date + INTERVAL 37 DAY FROM projects WHERE projects.id=60), 1, 2505, 2505);
INSERT INTO supporting_packages(id, option_list, package_count, order_id, project_package_id, supporting_project_id) VALUES (2505, '["기본"]', 1, 2505, 60, 2505);
INSERT INTO supporting_projects(supporting_project_id, supported_at, delivery_id, payment_id, project_id, user_id) VALUES (2506, (SELECT projects.start_date + INTERVAL 27 DAY FROM projects WHERE projects.id=60), 1, 2506, 60, 40);
INSERT INTO orders (order_id, created_at, delivery_id, payment_id, supporting_project_id) VALUES (2506, (SELECT projects.start_date + INTERVAL 27 DAY FROM projects WHERE projects.id=60), 1, 2506, 2506);
INSERT INTO supporting_packages(id, option_list, package_count, order_id, project_package_id, supporting_project_id) VALUES (2506, '["한정판"]', 2, 2506, 60, 2506);
INSERT INTO supporting_projects(supporting_project_id, supported_at, delivery_id, payment_id, project_id, user_id) VALUES (2507, (SELECT projects.start_date + INTERVAL 19 DAY FROM projects WHERE projects.id=60), 1, 2507, 60, 10);
INSERT INTO orders (order_id, created_at, delivery_id, payment_id, supporting_project_id) VALUES (2507, (SELECT projects.start_date + INTERVAL 19 DAY FROM projects WHERE projects.id=60), 1, 2507, 2507);
INSERT INTO supporting_packages(id, option_list, package_count, order_id, project_package_id, supporting_project_id) VALUES (2507, '["기본"]', 1, 2507, 60, 2507);
INSERT INTO supporting_projects(supporting_project_id, supported_at, delivery_id, payment_id, project_id, user_id) VALUES (2508, (SELECT projects.start_date + INTERVAL 15 DAY FROM projects WHERE projects.id=60), 1, 2508, 60, 14);
INSERT INTO orders (order_id, created_at, delivery_id, payment_id, supporting_project_id) VALUES (2508, (SELECT projects.start_date + INTERVAL 15 DAY FROM projects WHERE projects.id=60), 1, 2508, 2508);
INSERT INTO supporting_packages(id, option_list, package_count, order_id, project_package_id, supporting_project_id) VALUES (2508, '["프리미엄"]', 2, 2508, 60, 2508);
INSERT INTO supporting_projects(supporting_project_id, supported_at, delivery_id, payment_id, project_id, user_id) VALUES (2509, (SELECT projects.start_date + INTERVAL 12 DAY FROM projects WHERE projects.id=60), 1, 2509, 60, 8);
INSERT INTO orders (order_id, created_at, delivery_id, payment_id, supporting_project_id) VALUES (2509, (SELECT projects.start_date + INTERVAL 12 DAY FROM projects WHERE projects.id=60), 1, 2509, 2509);
INSERT INTO supporting_packages(id, option_list, package_count, order_id, project_package_id, supporting_project_id) VALUES (2509, '["프리미엄"]', 7, 2509, 60, 2509);
INSERT INTO supporting_projects(supporting_project_id, supported_at, delivery_id, payment_id, project_id, user_id) VALUES (2510, (SELECT projects.start_date + INTERVAL 2 DAY FROM projects WHERE projects.id=60), 1, 2510, 60, 32);
INSERT INTO orders (order_id, created_at, delivery_id, payment_id, supporting_project_id) VALUES (2510, (SELECT projects.start_date + INTERVAL 2 DAY FROM projects WHERE projects.id=60), 1, 2510, 2510);
INSERT INTO supporting_packages(id, option_list, package_count, order_id, project_package_id, supporting_project_id) VALUES (2510, '["프리미엄"]', 5, 2510, 60, 2510);
INSERT INTO supporting_projects(supporting_project_id, supported_at, delivery_id, payment_id, project_id, user_id) VALUES (2511, (SELECT projects.start_date + INTERVAL 21 DAY FROM projects WHERE projects.id=60), 1, 2511, 60, 10);
INSERT INTO orders (order_id, created_at, delivery_id, payment_id, supporting_project_id) VALUES (2511, (SELECT projects.start_date + INTERVAL 21 DAY FROM projects WHERE projects.id=60), 1, 2511, 2511);
INSERT INTO supporting_packages(id, option_list, package_count, order_id, project_package_id, supporting_project_id) VALUES (2511, '["한정판"]', 10, 2511, 60, 2511);
INSERT INTO supporting_projects(supporting_project_id, supported_at, delivery_id, payment_id, project_id, user_id) VALUES (2512, (SELECT projects.start_date + INTERVAL 43 DAY FROM projects WHERE projects.id=60), 1, 2512, 60, 1);
INSERT INTO orders (order_id, created_at, delivery_id, payment_id, supporting_project_id) VALUES (2512, (SELECT projects.start_date + INTERVAL 43 DAY FROM projects WHERE projects.id=60), 1, 2512, 2512);
INSERT INTO supporting_packages(id, option_list, package_count, order_id, project_package_id, supporting_project_id) VALUES (2512, '["기본"]', 10, 2512, 60, 2512);
INSERT INTO supporting_projects(supporting_project_id, supported_at, delivery_id, payment_id, project_id, user_id) VALUES (2513, (SELECT projects.start_date + INTERVAL 48 DAY FROM projects WHERE projects.id=60), 1, 2513, 60, 20);
INSERT INTO orders (order_id, created_at, delivery_id, payment_id, supporting_project_id) VALUES (2513, (SELECT projects.start_date + INTERVAL 48 DAY FROM projects WHERE projects.id=60), 1, 2513, 2513);
INSERT INTO supporting_packages(id, option_list, package_count, order_id, project_package_id, supporting_project_id) VALUES (2513, '["기본"]', 10, 2513, 60, 2513);
INSERT INTO supporting_projects(supporting_project_id, supported_at, delivery_id, payment_id, project_id, user_id) VALUES (2514, (SELECT projects.start_date + INTERVAL 47 DAY FROM projects WHERE projects.id=60), 1, 2514, 60, 17);
INSERT INTO orders (order_id, created_at, delivery_id, payment_id, supporting_project_id) VALUES (2514, (SELECT projects.start_date + INTERVAL 47 DAY FROM projects WHERE projects.id=60), 1, 2514, 2514);
INSERT INTO supporting_packages(id, option_list, package_count, order_id, project_package_id, supporting_project_id) VALUES (2514, '["기본"]', 3, 2514, 60, 2514);
INSERT INTO supporting_projects(supporting_project_id, supported_at, delivery_id, payment_id, project_id, user_id) VALUES (2515, (SELECT projects.start_date + INTERVAL 28 DAY FROM projects WHERE projects.id=60), 1, 2515, 60, 8);
INSERT INTO orders (order_id, created_at, delivery_id, payment_id, supporting_project_id) VALUES (2515, (SELECT projects.start_date + INTERVAL 28 DAY FROM projects WHERE projects.id=60), 1, 2515, 2515);
INSERT INTO supporting_packages(id, option_list, package_count, order_id, project_package_id, supporting_project_id) VALUES (2515, '["기본"]', 3, 2515, 60, 2515);
INSERT INTO supporting_projects(supporting_project_id, supported_at, delivery_id, payment_id, project_id, user_id) VALUES (2516, (SELECT projects.start_date + INTERVAL 34 DAY FROM projects WHERE projects.id=60), 1, 2516, 60, 20);
INSERT INTO orders (order_id, created_at, delivery_id, payment_id, supporting_project_id) VALUES (2516, (SELECT projects.start_date + INTERVAL 34 DAY FROM projects WHERE projects.id=60), 1, 2516, 2516);
INSERT INTO supporting_packages(id, option_list, package_count, order_id, project_package_id, supporting_project_id) VALUES (2516, '["프리미엄"]', 3, 2516, 60, 2516);
INSERT INTO supporting_projects(supporting_project_id, supported_at, delivery_id, payment_id, project_id, user_id) VALUES (2517, (SELECT projects.start_date + INTERVAL 16 DAY FROM projects WHERE projects.id=60), 1, 2517, 60, 11);
INSERT INTO orders (order_id, created_at, delivery_id, payment_id, supporting_project_id) VALUES (2517, (SELECT projects.start_date + INTERVAL 16 DAY FROM projects WHERE projects.id=60), 1, 2517, 2517);
INSERT INTO supporting_packages(id, option_list, package_count, order_id, project_package_id, supporting_project_id) VALUES (2517, '["한정판"]', 7, 2517, 60, 2517);
INSERT INTO supporting_projects(supporting_project_id, supported_at, delivery_id, payment_id, project_id, user_id) VALUES (2518, (SELECT projects.start_date + INTERVAL 41 DAY FROM projects WHERE projects.id=60), 1, 2518, 60, 9);
INSERT INTO orders (order_id, created_at, delivery_id, payment_id, supporting_project_id) VALUES (2518, (SELECT projects.start_date + INTERVAL 41 DAY FROM projects WHERE projects.id=60), 1, 2518, 2518);
INSERT INTO supporting_packages(id, option_list, package_count, order_id, project_package_id, supporting_project_id) VALUES (2518, '["기본"]', 7, 2518, 60, 2518);
INSERT INTO supporting_projects(supporting_project_id, supported_at, delivery_id, payment_id, project_id, user_id) VALUES (2519, (SELECT projects.start_date + INTERVAL 19 DAY FROM projects WHERE projects.id=60), 1, 2519, 60, 38);
INSERT INTO orders (order_id, created_at, delivery_id, payment_id, supporting_project_id) VALUES (2519, (SELECT projects.start_date + INTERVAL 19 DAY FROM projects WHERE projects.id=60), 1, 2519, 2519);
INSERT INTO supporting_packages(id, option_list, package_count, order_id, project_package_id, supporting_project_id) VALUES (2519, '["프리미엄"]', 9, 2519, 60, 2519);
INSERT INTO supporting_projects(supporting_project_id, supported_at, delivery_id, payment_id, project_id, user_id) VALUES (2520, (SELECT projects.start_date + INTERVAL 37 DAY FROM projects WHERE projects.id=60), 1, 2520, 60, 11);
INSERT INTO orders (order_id, created_at, delivery_id, payment_id, supporting_project_id) VALUES (2520, (SELECT projects.start_date + INTERVAL 37 DAY FROM projects WHERE projects.id=60), 1, 2520, 2520);
INSERT INTO supporting_packages(id, option_list, package_count, order_id, project_package_id, supporting_project_id) VALUES (2520, '["한정판"]', 8, 2520, 60, 2520);
INSERT INTO supporting_projects(supporting_project_id, supported_at, delivery_id, payment_id, project_id, user_id) VALUES (2521, (SELECT projects.start_date + INTERVAL 39 DAY FROM projects WHERE projects.id=60), 1, 2521, 60, 35);
INSERT INTO orders (order_id, created_at, delivery_id, payment_id, supporting_project_id) VALUES (2521, (SELECT projects.start_date + INTERVAL 39 DAY FROM projects WHERE projects.id=60), 1, 2521, 2521);
INSERT INTO supporting_packages(id, option_list, package_count, order_id, project_package_id, supporting_project_id) VALUES (2521, '["기본"]', 1, 2521, 60, 2521);
INSERT INTO supporting_projects(supporting_project_id, supported_at, delivery_id, payment_id, project_id, user_id) VALUES (2522, (SELECT projects.start_date + INTERVAL 9 DAY FROM projects WHERE projects.id=60), 1, 2522, 60, 15);
INSERT INTO orders (order_id, created_at, delivery_id, payment_id, supporting_project_id) VALUES (2522, (SELECT projects.start_date + INTERVAL 9 DAY FROM projects WHERE projects.id=60), 1, 2522, 2522);
INSERT INTO supporting_packages(id, option_list, package_count, order_id, project_package_id, supporting_project_id) VALUES (2522, '["한정판"]', 5, 2522, 60, 2522);
INSERT INTO supporting_projects(supporting_project_id, supported_at, delivery_id, payment_id, project_id, user_id) VALUES (2523, (SELECT projects.start_date + INTERVAL 20 DAY FROM projects WHERE projects.id=60), 1, 2523, 60, 19);
INSERT INTO orders (order_id, created_at, delivery_id, payment_id, supporting_project_id) VALUES (2523, (SELECT projects.start_date + INTERVAL 20 DAY FROM projects WHERE projects.id=60), 1, 2523, 2523);
INSERT INTO supporting_packages(id, option_list, package_count, order_id, project_package_id, supporting_project_id) VALUES (2523, '["기본"]', 3, 2523, 60, 2523);
INSERT INTO supporting_projects(supporting_project_id, supported_at, delivery_id, payment_id, project_id, user_id) VALUES (2524, (SELECT projects.start_date + INTERVAL 28 DAY FROM projects WHERE projects.id=60), 1, 2524, 60, 3);
INSERT INTO orders (order_id, created_at, delivery_id, payment_id, supporting_project_id) VALUES (2524, (SELECT projects.start_date + INTERVAL 28 DAY FROM projects WHERE projects.id=60), 1, 2524, 2524);
INSERT INTO supporting_packages(id, option_list, package_count, order_id, project_package_id, supporting_project_id) VALUES (2524, '["프리미엄"]', 10, 2524, 60, 2524);
INSERT INTO supporting_projects(supporting_project_id, supported_at, delivery_id, payment_id, project_id, user_id) VALUES (2525, (SELECT projects.start_date + INTERVAL 45 DAY FROM projects WHERE projects.id=60), 1, 2525, 60, 27);
INSERT INTO orders (order_id, created_at, delivery_id, payment_id, supporting_project_id) VALUES (2525, (SELECT projects.start_date + INTERVAL 45 DAY FROM projects WHERE projects.id=60), 1, 2525, 2525);
INSERT INTO supporting_packages(id, option_list, package_count, order_id, project_package_id, supporting_project_id) VALUES (2525, '["기본"]', 4, 2525, 60, 2525);
INSERT INTO supporting_projects(supporting_project_id, supported_at, delivery_id, payment_id, project_id, user_id) VALUES (2526, (SELECT projects.start_date + INTERVAL 37 DAY FROM projects WHERE projects.id=60), 1, 2526, 60, 5);
INSERT INTO orders (order_id, created_at, delivery_id, payment_id, supporting_project_id) VALUES (2526, (SELECT projects.start_date + INTERVAL 37 DAY FROM projects WHERE projects.id=60), 1, 2526, 2526);
INSERT INTO supporting_packages(id, option_list, package_count, order_id, project_package_id, supporting_project_id) VALUES (2526, '["기본"]', 6, 2526, 60, 2526);
INSERT INTO supporting_projects(supporting_project_id, supported_at, delivery_id, payment_id, project_id, user_id) VALUES (2527, (SELECT projects.start_date + INTERVAL 49 DAY FROM projects WHERE projects.id=60), 1, 2527, 60, 3);
INSERT INTO orders (order_id, created_at, delivery_id, payment_id, supporting_project_id) VALUES (2527, (SELECT projects.start_date + INTERVAL 49 DAY FROM projects WHERE projects.id=60), 1, 2527, 2527);
INSERT INTO supporting_packages(id, option_list, package_count, order_id, project_package_id, supporting_project_id) VALUES (2527, '["프리미엄"]', 3, 2527, 60, 2527);
INSERT INTO supporting_projects(supporting_project_id, supported_at, delivery_id, payment_id, project_id, user_id) VALUES (2528, (SELECT projects.start_date + INTERVAL 6 DAY FROM projects WHERE projects.id=60), 1, 2528, 60, 34);
INSERT INTO orders (order_id, created_at, delivery_id, payment_id, supporting_project_id) VALUES (2528, (SELECT projects.start_date + INTERVAL 6 DAY FROM projects WHERE projects.id=60), 1, 2528, 2528);
INSERT INTO supporting_packages(id, option_list, package_count, order_id, project_package_id, supporting_project_id) VALUES (2528, '["한정판"]', 8, 2528, 60, 2528);
INSERT INTO supporting_projects(supporting_project_id, supported_at, delivery_id, payment_id, project_id, user_id) VALUES (2529, (SELECT projects.start_date + INTERVAL 42 DAY FROM projects WHERE projects.id=60), 1, 2529, 60, 38);
INSERT INTO orders (order_id, created_at, delivery_id, payment_id, supporting_project_id) VALUES (2529, (SELECT projects.start_date + INTERVAL 42 DAY FROM projects WHERE projects.id=60), 1, 2529, 2529);
INSERT INTO supporting_packages(id, option_list, package_count, order_id, project_package_id, supporting_project_id) VALUES (2529, '["기본"]', 7, 2529, 60, 2529);
INSERT INTO supporting_projects(supporting_project_id, supported_at, delivery_id, payment_id, project_id, user_id) VALUES (2530, (SELECT projects.start_date + INTERVAL 7 DAY FROM projects WHERE projects.id=60), 1, 2530, 60, 18);
INSERT INTO orders (order_id, created_at, delivery_id, payment_id, supporting_project_id) VALUES (2530, (SELECT projects.start_date + INTERVAL 7 DAY FROM projects WHERE projects.id=60), 1, 2530, 2530);
INSERT INTO supporting_packages(id, option_list, package_count, order_id, project_package_id, supporting_project_id) VALUES (2530, '["프리미엄"]', 4, 2530, 60, 2530);
INSERT INTO supporting_projects(supporting_project_id, supported_at, delivery_id, payment_id, project_id, user_id) VALUES (2531, (SELECT projects.start_date + INTERVAL 10 DAY FROM projects WHERE projects.id=60), 1, 2531, 60, 34);
INSERT INTO orders (order_id, created_at, delivery_id, payment_id, supporting_project_id) VALUES (2531, (SELECT projects.start_date + INTERVAL 10 DAY FROM projects WHERE projects.id=60), 1, 2531, 2531);
INSERT INTO supporting_packages(id, option_list, package_count, order_id, project_package_id, supporting_project_id) VALUES (2531, '["한정판"]', 2, 2531, 60, 2531);
INSERT INTO supporting_projects(supporting_project_id, supported_at, delivery_id, payment_id, project_id, user_id) VALUES (2532, (SELECT projects.start_date + INTERVAL 39 DAY FROM projects WHERE projects.id=60), 1, 2532, 60, 31);
INSERT INTO orders (order_id, created_at, delivery_id, payment_id, supporting_project_id) VALUES (2532, (SELECT projects.start_date + INTERVAL 39 DAY FROM projects WHERE projects.id=60), 1, 2532, 2532);
INSERT INTO supporting_packages(id, option_list, package_count, order_id, project_package_id, supporting_project_id) VALUES (2532, '["한정판"]', 7, 2532, 60, 2532);
INSERT INTO supporting_projects(supporting_project_id, supported_at, delivery_id, payment_id, project_id, user_id) VALUES (2533, (SELECT projects.start_date + INTERVAL 6 DAY FROM projects WHERE projects.id=60), 1, 2533, 60, 2);
INSERT INTO orders (order_id, created_at, delivery_id, payment_id, supporting_project_id) VALUES (2533, (SELECT projects.start_date + INTERVAL 6 DAY FROM projects WHERE projects.id=60), 1, 2533, 2533);
INSERT INTO supporting_packages(id, option_list, package_count, order_id, project_package_id, supporting_project_id) VALUES (2533, '["한정판"]', 7, 2533, 60, 2533);
INSERT INTO supporting_projects(supporting_project_id, supported_at, delivery_id, payment_id, project_id, user_id) VALUES (2534, (SELECT projects.start_date + INTERVAL 29 DAY FROM projects WHERE projects.id=60), 1, 2534, 60, 15);
INSERT INTO orders (order_id, created_at, delivery_id, payment_id, supporting_project_id) VALUES (2534, (SELECT projects.start_date + INTERVAL 29 DAY FROM projects WHERE projects.id=60), 1, 2534, 2534);
INSERT INTO supporting_packages(id, option_list, package_count, order_id, project_package_id, supporting_project_id) VALUES (2534, '["한정판"]', 3, 2534, 60, 2534);
INSERT INTO supporting_projects(supporting_project_id, supported_at, delivery_id, payment_id, project_id, user_id) VALUES (2535, (SELECT projects.start_date + INTERVAL 27 DAY FROM projects WHERE projects.id=60), 1, 2535, 60, 38);
INSERT INTO orders (order_id, created_at, delivery_id, payment_id, supporting_project_id) VALUES (2535, (SELECT projects.start_date + INTERVAL 27 DAY FROM projects WHERE projects.id=60), 1, 2535, 2535);
INSERT INTO supporting_packages(id, option_list, package_count, order_id, project_package_id, supporting_project_id) VALUES (2535, '["한정판"]', 10, 2535, 60, 2535);
INSERT INTO supporting_projects(supporting_project_id, supported_at, delivery_id, payment_id, project_id, user_id) VALUES (2536, (SELECT projects.start_date + INTERVAL 9 DAY FROM projects WHERE projects.id=60), 1, 2536, 60, 37);
INSERT INTO orders (order_id, created_at, delivery_id, payment_id, supporting_project_id) VALUES (2536, (SELECT projects.start_date + INTERVAL 9 DAY FROM projects WHERE projects.id=60), 1, 2536, 2536);
INSERT INTO supporting_packages(id, option_list, package_count, order_id, project_package_id, supporting_project_id) VALUES (2536, '["기본"]', 3, 2536, 60, 2536);
INSERT INTO supporting_projects(supporting_project_id, supported_at, delivery_id, payment_id, project_id, user_id) VALUES (2537, (SELECT projects.start_date + INTERVAL 18 DAY FROM projects WHERE projects.id=60), 1, 2537, 60, 5);
INSERT INTO orders (order_id, created_at, delivery_id, payment_id, supporting_project_id) VALUES (2537, (SELECT projects.start_date + INTERVAL 18 DAY FROM projects WHERE projects.id=60), 1, 2537, 2537);
INSERT INTO supporting_packages(id, option_list, package_count, order_id, project_package_id, supporting_project_id) VALUES (2537, '["프리미엄"]', 6, 2537, 60, 2537);
INSERT INTO supporting_projects(supporting_project_id, supported_at, delivery_id, payment_id, project_id, user_id) VALUES (2538, (SELECT projects.start_date + INTERVAL 46 DAY FROM projects WHERE projects.id=60), 1, 2538, 60, 21);
INSERT INTO orders (order_id, created_at, delivery_id, payment_id, supporting_project_id) VALUES (2538, (SELECT projects.start_date + INTERVAL 46 DAY FROM projects WHERE projects.id=60), 1, 2538, 2538);
INSERT INTO supporting_packages(id, option_list, package_count, order_id, project_package_id, supporting_project_id) VALUES (2538, '["한정판"]', 1, 2538, 60, 2538);
INSERT INTO supporting_projects(supporting_project_id, supported_at, delivery_id, payment_id, project_id, user_id) VALUES (2539, (SELECT projects.start_date + INTERVAL 4 DAY FROM projects WHERE projects.id=60), 1, 2539, 60, 28);
INSERT INTO orders (order_id, created_at, delivery_id, payment_id, supporting_project_id) VALUES (2539, (SELECT projects.start_date + INTERVAL 4 DAY FROM projects WHERE projects.id=60), 1, 2539, 2539);
INSERT INTO supporting_packages(id, option_list, package_count, order_id, project_package_id, supporting_project_id) VALUES (2539, '["한정판"]', 2, 2539, 60, 2539);
INSERT INTO supporting_projects(supporting_project_id, supported_at, delivery_id, payment_id, project_id, user_id) VALUES (2540, (SELECT projects.start_date + INTERVAL 49 DAY FROM projects WHERE projects.id=60), 1, 2540, 60, 21);
INSERT INTO orders (order_id, created_at, delivery_id, payment_id, supporting_project_id) VALUES (2540, (SELECT projects.start_date + INTERVAL 49 DAY FROM projects WHERE projects.id=60), 1, 2540, 2540);
INSERT INTO supporting_packages(id, option_list, package_count, order_id, project_package_id, supporting_project_id) VALUES (2540, '["한정판"]', 5, 2540, 60, 2540);
INSERT INTO supporting_projects(supporting_project_id, supported_at, delivery_id, payment_id, project_id, user_id) VALUES (2541, (SELECT projects.start_date + INTERVAL 38 DAY FROM projects WHERE projects.id=60), 1, 2541, 60, 40);
INSERT INTO orders (order_id, created_at, delivery_id, payment_id, supporting_project_id) VALUES (2541, (SELECT projects.start_date + INTERVAL 38 DAY FROM projects WHERE projects.id=60), 1, 2541, 2541);
INSERT INTO supporting_packages(id, option_list, package_count, order_id, project_package_id, supporting_project_id) VALUES (2541, '["기본"]', 4, 2541, 60, 2541);
INSERT INTO supporting_projects(supporting_project_id, supported_at, delivery_id, payment_id, project_id, user_id) VALUES (2542, (SELECT projects.start_date + INTERVAL 23 DAY FROM projects WHERE projects.id=60), 1, 2542, 60, 36);
INSERT INTO orders (order_id, created_at, delivery_id, payment_id, supporting_project_id) VALUES (2542, (SELECT projects.start_date + INTERVAL 23 DAY FROM projects WHERE projects.id=60), 1, 2542, 2542);
INSERT INTO supporting_packages(id, option_list, package_count, order_id, project_package_id, supporting_project_id) VALUES (2542, '["프리미엄"]', 5, 2542, 60, 2542);
INSERT INTO supporting_projects(supporting_project_id, supported_at, delivery_id, payment_id, project_id, user_id) VALUES (2543, (SELECT projects.start_date + INTERVAL 7 DAY FROM projects WHERE projects.id=60), 1, 2543, 60, 10);
INSERT INTO orders (order_id, created_at, delivery_id, payment_id, supporting_project_id) VALUES (2543, (SELECT projects.start_date + INTERVAL 7 DAY FROM projects WHERE projects.id=60), 1, 2543, 2543);
INSERT INTO supporting_packages(id, option_list, package_count, order_id, project_package_id, supporting_project_id) VALUES (2543, '["프리미엄"]', 6, 2543, 60, 2543);
INSERT INTO supporting_projects(supporting_project_id, supported_at, delivery_id, payment_id, project_id, user_id) VALUES (2544, (SELECT projects.start_date + INTERVAL 25 DAY FROM projects WHERE projects.id=60), 1, 2544, 60, 37);
INSERT INTO orders (order_id, created_at, delivery_id, payment_id, supporting_project_id) VALUES (2544, (SELECT projects.start_date + INTERVAL 25 DAY FROM projects WHERE projects.id=60), 1, 2544, 2544);
INSERT INTO supporting_packages(id, option_list, package_count, order_id, project_package_id, supporting_project_id) VALUES (2544, '["프리미엄"]', 8, 2544, 60, 2544);
INSERT INTO supporting_projects(supporting_project_id, supported_at, delivery_id, payment_id, project_id, user_id) VALUES (2545, (SELECT projects.start_date + INTERVAL 42 DAY FROM projects WHERE projects.id=60), 1, 2545, 60, 1);
INSERT INTO orders (order_id, created_at, delivery_id, payment_id, supporting_project_id) VALUES (2545, (SELECT projects.start_date + INTERVAL 42 DAY FROM projects WHERE projects.id=60), 1, 2545, 2545);
INSERT INTO supporting_packages(id, option_list, package_count, order_id, project_package_id, supporting_project_id) VALUES (2545, '["프리미엄"]', 2, 2545, 60, 2545);
INSERT INTO supporting_projects(supporting_project_id, supported_at, delivery_id, payment_id, project_id, user_id) VALUES (2546, (SELECT projects.start_date + INTERVAL 34 DAY FROM projects WHERE projects.id=60), 1, 2546, 60, 5);
INSERT INTO orders (order_id, created_at, delivery_id, payment_id, supporting_project_id) VALUES (2546, (SELECT projects.start_date + INTERVAL 34 DAY FROM projects WHERE projects.id=60), 1, 2546, 2546);
INSERT INTO supporting_packages(id, option_list, package_count, order_id, project_package_id, supporting_project_id) VALUES (2546, '["기본"]', 2, 2546, 60, 2546);
INSERT INTO supporting_projects(supporting_project_id, supported_at, delivery_id, payment_id, project_id, user_id) VALUES (2547, (SELECT projects.start_date + INTERVAL 42 DAY FROM projects WHERE projects.id=60), 1, 2547, 60, 27);
INSERT INTO orders (order_id, created_at, delivery_id, payment_id, supporting_project_id) VALUES (2547, (SELECT projects.start_date + INTERVAL 42 DAY FROM projects WHERE projects.id=60), 1, 2547, 2547);
INSERT INTO supporting_packages(id, option_list, package_count, order_id, project_package_id, supporting_project_id) VALUES (2547, '["기본"]', 2, 2547, 60, 2547);
INSERT INTO supporting_projects(supporting_project_id, supported_at, delivery_id, payment_id, project_id, user_id) VALUES (2548, (SELECT projects.start_date + INTERVAL 19 DAY FROM projects WHERE projects.id=60), 1, 2548, 60, 40);
INSERT INTO orders (order_id, created_at, delivery_id, payment_id, supporting_project_id) VALUES (2548, (SELECT projects.start_date + INTERVAL 19 DAY FROM projects WHERE projects.id=60), 1, 2548, 2548);
INSERT INTO supporting_packages(id, option_list, package_count, order_id, project_package_id, supporting_project_id) VALUES (2548, '["한정판"]', 5, 2548, 60, 2548);
INSERT INTO supporting_projects(supporting_project_id, supported_at, delivery_id, payment_id, project_id, user_id) VALUES (2549, (SELECT projects.start_date + INTERVAL 38 DAY FROM projects WHERE projects.id=60), 1, 2549, 60, 14);
INSERT INTO orders (order_id, created_at, delivery_id, payment_id, supporting_project_id) VALUES (2549, (SELECT projects.start_date + INTERVAL 38 DAY FROM projects WHERE projects.id=60), 1, 2549, 2549);
INSERT INTO supporting_packages(id, option_list, package_count, order_id, project_package_id, supporting_project_id) VALUES (2549, '["한정판"]', 2, 2549, 60, 2549);
INSERT INTO supporting_projects(supporting_project_id, supported_at, delivery_id, payment_id, project_id, user_id) VALUES (2550, (SELECT projects.start_date + INTERVAL 22 DAY FROM projects WHERE projects.id=60), 1, 2550, 60, 24);
INSERT INTO orders (order_id, created_at, delivery_id, payment_id, supporting_project_id) VALUES (2550, (SELECT projects.start_date + INTERVAL 22 DAY FROM projects WHERE projects.id=60), 1, 2550, 2550);
INSERT INTO supporting_packages(id, option_list, package_count, order_id, project_package_id, supporting_project_id) VALUES (2550, '["한정판"]', 7, 2550, 60, 2550);
INSERT INTO supporting_projects(supporting_project_id, supported_at, delivery_id, payment_id, project_id, user_id) VALUES (2551, (SELECT projects.start_date + INTERVAL 10 DAY FROM projects WHERE projects.id=61), 1, 2551, 61, 15);
INSERT INTO orders (order_id, created_at, delivery_id, payment_id, supporting_project_id) VALUES (2551, (SELECT projects.start_date + INTERVAL 10 DAY FROM projects WHERE projects.id=61), 1, 2551, 2551);
INSERT INTO supporting_packages(id, option_list, package_count, order_id, project_package_id, supporting_project_id) VALUES (2551, '["디지털 게임"]', 10, 2551, 61, 2551);
INSERT INTO supporting_projects(supporting_project_id, supported_at, delivery_id, payment_id, project_id, user_id) VALUES (2552, (SELECT projects.start_date + INTERVAL 49 DAY FROM projects WHERE projects.id=61), 1, 2552, 61, 9);
INSERT INTO orders (order_id, created_at, delivery_id, payment_id, supporting_project_id) VALUES (2552, (SELECT projects.start_date + INTERVAL 49 DAY FROM projects WHERE projects.id=61), 1, 2552, 2552);
INSERT INTO supporting_packages(id, option_list, package_count, order_id, project_package_id, supporting_project_id) VALUES (2552, '["보드 게임"]', 1, 2552, 61, 2552);
INSERT INTO supporting_projects(supporting_project_id, supported_at, delivery_id, payment_id, project_id, user_id) VALUES (2553, (SELECT projects.start_date + INTERVAL 25 DAY FROM projects WHERE projects.id=61), 1, 2553, 61, 4);
INSERT INTO orders (order_id, created_at, delivery_id, payment_id, supporting_project_id) VALUES (2553, (SELECT projects.start_date + INTERVAL 25 DAY FROM projects WHERE projects.id=61), 1, 2553, 2553);
INSERT INTO supporting_packages(id, option_list, package_count, order_id, project_package_id, supporting_project_id) VALUES (2553, '["보드 게임"]', 3, 2553, 61, 2553);
INSERT INTO supporting_projects(supporting_project_id, supported_at, delivery_id, payment_id, project_id, user_id) VALUES (2554, (SELECT projects.start_date + INTERVAL 20 DAY FROM projects WHERE projects.id=61), 1, 2554, 61, 32);
INSERT INTO orders (order_id, created_at, delivery_id, payment_id, supporting_project_id) VALUES (2554, (SELECT projects.start_date + INTERVAL 20 DAY FROM projects WHERE projects.id=61), 1, 2554, 2554);
INSERT INTO supporting_packages(id, option_list, package_count, order_id, project_package_id, supporting_project_id) VALUES (2554, '["확장팩"]', 9, 2554, 61, 2554);
INSERT INTO supporting_projects(supporting_project_id, supported_at, delivery_id, payment_id, project_id, user_id) VALUES (2555, (SELECT projects.start_date + INTERVAL 43 DAY FROM projects WHERE projects.id=61), 1, 2555, 61, 28);
INSERT INTO orders (order_id, created_at, delivery_id, payment_id, supporting_project_id) VALUES (2555, (SELECT projects.start_date + INTERVAL 43 DAY FROM projects WHERE projects.id=61), 1, 2555, 2555);
INSERT INTO supporting_packages(id, option_list, package_count, order_id, project_package_id, supporting_project_id) VALUES (2555, '["디지털 게임"]', 6, 2555, 61, 2555);
INSERT INTO supporting_projects(supporting_project_id, supported_at, delivery_id, payment_id, project_id, user_id) VALUES (2556, (SELECT projects.start_date + INTERVAL 33 DAY FROM projects WHERE projects.id=61), 1, 2556, 61, 9);
INSERT INTO orders (order_id, created_at, delivery_id, payment_id, supporting_project_id) VALUES (2556, (SELECT projects.start_date + INTERVAL 33 DAY FROM projects WHERE projects.id=61), 1, 2556, 2556);
INSERT INTO supporting_packages(id, option_list, package_count, order_id, project_package_id, supporting_project_id) VALUES (2556, '["보드 게임"]', 1, 2556, 61, 2556);
INSERT INTO supporting_projects(supporting_project_id, supported_at, delivery_id, payment_id, project_id, user_id) VALUES (2557, (SELECT projects.start_date + INTERVAL 16 DAY FROM projects WHERE projects.id=61), 1, 2557, 61, 36);
INSERT INTO orders (order_id, created_at, delivery_id, payment_id, supporting_project_id) VALUES (2557, (SELECT projects.start_date + INTERVAL 16 DAY FROM projects WHERE projects.id=61), 1, 2557, 2557);
INSERT INTO supporting_packages(id, option_list, package_count, order_id, project_package_id, supporting_project_id) VALUES (2557, '["확장팩"]', 10, 2557, 61, 2557);
INSERT INTO supporting_projects(supporting_project_id, supported_at, delivery_id, payment_id, project_id, user_id) VALUES (2558, (SELECT projects.start_date + INTERVAL 10 DAY FROM projects WHERE projects.id=61), 1, 2558, 61, 22);
INSERT INTO orders (order_id, created_at, delivery_id, payment_id, supporting_project_id) VALUES (2558, (SELECT projects.start_date + INTERVAL 10 DAY FROM projects WHERE projects.id=61), 1, 2558, 2558);
INSERT INTO supporting_packages(id, option_list, package_count, order_id, project_package_id, supporting_project_id) VALUES (2558, '["보드 게임"]', 6, 2558, 61, 2558);
INSERT INTO supporting_projects(supporting_project_id, supported_at, delivery_id, payment_id, project_id, user_id) VALUES (2559, (SELECT projects.start_date + INTERVAL 34 DAY FROM projects WHERE projects.id=61), 1, 2559, 61, 2);
INSERT INTO orders (order_id, created_at, delivery_id, payment_id, supporting_project_id) VALUES (2559, (SELECT projects.start_date + INTERVAL 34 DAY FROM projects WHERE projects.id=61), 1, 2559, 2559);
INSERT INTO supporting_packages(id, option_list, package_count, order_id, project_package_id, supporting_project_id) VALUES (2559, '["디지털 게임"]', 6, 2559, 61, 2559);
INSERT INTO supporting_projects(supporting_project_id, supported_at, delivery_id, payment_id, project_id, user_id) VALUES (2560, (SELECT projects.start_date + INTERVAL 23 DAY FROM projects WHERE projects.id=61), 1, 2560, 61, 8);
INSERT INTO orders (order_id, created_at, delivery_id, payment_id, supporting_project_id) VALUES (2560, (SELECT projects.start_date + INTERVAL 23 DAY FROM projects WHERE projects.id=61), 1, 2560, 2560);
INSERT INTO supporting_packages(id, option_list, package_count, order_id, project_package_id, supporting_project_id) VALUES (2560, '["확장팩"]', 1, 2560, 61, 2560);
INSERT INTO supporting_projects(supporting_project_id, supported_at, delivery_id, payment_id, project_id, user_id) VALUES (2561, (SELECT projects.start_date + INTERVAL 8 DAY FROM projects WHERE projects.id=61), 1, 2561, 61, 38);
INSERT INTO orders (order_id, created_at, delivery_id, payment_id, supporting_project_id) VALUES (2561, (SELECT projects.start_date + INTERVAL 8 DAY FROM projects WHERE projects.id=61), 1, 2561, 2561);
INSERT INTO supporting_packages(id, option_list, package_count, order_id, project_package_id, supporting_project_id) VALUES (2561, '["디지털 게임"]', 4, 2561, 61, 2561);
INSERT INTO supporting_projects(supporting_project_id, supported_at, delivery_id, payment_id, project_id, user_id) VALUES (2562, (SELECT projects.start_date + INTERVAL 49 DAY FROM projects WHERE projects.id=61), 1, 2562, 61, 16);
INSERT INTO orders (order_id, created_at, delivery_id, payment_id, supporting_project_id) VALUES (2562, (SELECT projects.start_date + INTERVAL 49 DAY FROM projects WHERE projects.id=61), 1, 2562, 2562);
INSERT INTO supporting_packages(id, option_list, package_count, order_id, project_package_id, supporting_project_id) VALUES (2562, '["보드 게임"]', 2, 2562, 61, 2562);
INSERT INTO supporting_projects(supporting_project_id, supported_at, delivery_id, payment_id, project_id, user_id) VALUES (2563, (SELECT projects.start_date + INTERVAL 40 DAY FROM projects WHERE projects.id=61), 1, 2563, 61, 23);
INSERT INTO orders (order_id, created_at, delivery_id, payment_id, supporting_project_id) VALUES (2563, (SELECT projects.start_date + INTERVAL 40 DAY FROM projects WHERE projects.id=61), 1, 2563, 2563);
INSERT INTO supporting_packages(id, option_list, package_count, order_id, project_package_id, supporting_project_id) VALUES (2563, '["보드 게임"]', 2, 2563, 61, 2563);
INSERT INTO supporting_projects(supporting_project_id, supported_at, delivery_id, payment_id, project_id, user_id) VALUES (2564, (SELECT projects.start_date + INTERVAL 6 DAY FROM projects WHERE projects.id=61), 1, 2564, 61, 30);
INSERT INTO orders (order_id, created_at, delivery_id, payment_id, supporting_project_id) VALUES (2564, (SELECT projects.start_date + INTERVAL 6 DAY FROM projects WHERE projects.id=61), 1, 2564, 2564);
INSERT INTO supporting_packages(id, option_list, package_count, order_id, project_package_id, supporting_project_id) VALUES (2564, '["확장팩"]', 3, 2564, 61, 2564);
INSERT INTO supporting_projects(supporting_project_id, supported_at, delivery_id, payment_id, project_id, user_id) VALUES (2565, (SELECT projects.start_date + INTERVAL 23 DAY FROM projects WHERE projects.id=61), 1, 2565, 61, 35);
INSERT INTO orders (order_id, created_at, delivery_id, payment_id, supporting_project_id) VALUES (2565, (SELECT projects.start_date + INTERVAL 23 DAY FROM projects WHERE projects.id=61), 1, 2565, 2565);
INSERT INTO supporting_packages(id, option_list, package_count, order_id, project_package_id, supporting_project_id) VALUES (2565, '["디지털 게임"]', 3, 2565, 61, 2565);
INSERT INTO supporting_projects(supporting_project_id, supported_at, delivery_id, payment_id, project_id, user_id) VALUES (2566, (SELECT projects.start_date + INTERVAL 14 DAY FROM projects WHERE projects.id=61), 1, 2566, 61, 24);
INSERT INTO orders (order_id, created_at, delivery_id, payment_id, supporting_project_id) VALUES (2566, (SELECT projects.start_date + INTERVAL 14 DAY FROM projects WHERE projects.id=61), 1, 2566, 2566);
INSERT INTO supporting_packages(id, option_list, package_count, order_id, project_package_id, supporting_project_id) VALUES (2566, '["디지털 게임"]', 4, 2566, 61, 2566);
INSERT INTO supporting_projects(supporting_project_id, supported_at, delivery_id, payment_id, project_id, user_id) VALUES (2567, (SELECT projects.start_date + INTERVAL 33 DAY FROM projects WHERE projects.id=61), 1, 2567, 61, 38);
INSERT INTO orders (order_id, created_at, delivery_id, payment_id, supporting_project_id) VALUES (2567, (SELECT projects.start_date + INTERVAL 33 DAY FROM projects WHERE projects.id=61), 1, 2567, 2567);
INSERT INTO supporting_packages(id, option_list, package_count, order_id, project_package_id, supporting_project_id) VALUES (2567, '["보드 게임"]', 3, 2567, 61, 2567);
INSERT INTO supporting_projects(supporting_project_id, supported_at, delivery_id, payment_id, project_id, user_id) VALUES (2568, (SELECT projects.start_date + INTERVAL 10 DAY FROM projects WHERE projects.id=61), 1, 2568, 61, 17);
INSERT INTO orders (order_id, created_at, delivery_id, payment_id, supporting_project_id) VALUES (2568, (SELECT projects.start_date + INTERVAL 10 DAY FROM projects WHERE projects.id=61), 1, 2568, 2568);
INSERT INTO supporting_packages(id, option_list, package_count, order_id, project_package_id, supporting_project_id) VALUES (2568, '["보드 게임"]', 8, 2568, 61, 2568);
INSERT INTO supporting_projects(supporting_project_id, supported_at, delivery_id, payment_id, project_id, user_id) VALUES (2569, (SELECT projects.start_date + INTERVAL 8 DAY FROM projects WHERE projects.id=61), 1, 2569, 61, 2);
INSERT INTO orders (order_id, created_at, delivery_id, payment_id, supporting_project_id) VALUES (2569, (SELECT projects.start_date + INTERVAL 8 DAY FROM projects WHERE projects.id=61), 1, 2569, 2569);
INSERT INTO supporting_packages(id, option_list, package_count, order_id, project_package_id, supporting_project_id) VALUES (2569, '["확장팩"]', 1, 2569, 61, 2569);
INSERT INTO supporting_projects(supporting_project_id, supported_at, delivery_id, payment_id, project_id, user_id) VALUES (2570, (SELECT projects.start_date + INTERVAL 30 DAY FROM projects WHERE projects.id=61), 1, 2570, 61, 4);
INSERT INTO orders (order_id, created_at, delivery_id, payment_id, supporting_project_id) VALUES (2570, (SELECT projects.start_date + INTERVAL 30 DAY FROM projects WHERE projects.id=61), 1, 2570, 2570);
INSERT INTO supporting_packages(id, option_list, package_count, order_id, project_package_id, supporting_project_id) VALUES (2570, '["디지털 게임"]', 2, 2570, 61, 2570);
INSERT INTO supporting_projects(supporting_project_id, supported_at, delivery_id, payment_id, project_id, user_id) VALUES (2571, (SELECT projects.start_date + INTERVAL 49 DAY FROM projects WHERE projects.id=61), 1, 2571, 61, 22);
INSERT INTO orders (order_id, created_at, delivery_id, payment_id, supporting_project_id) VALUES (2571, (SELECT projects.start_date + INTERVAL 49 DAY FROM projects WHERE projects.id=61), 1, 2571, 2571);
INSERT INTO supporting_packages(id, option_list, package_count, order_id, project_package_id, supporting_project_id) VALUES (2571, '["보드 게임"]', 9, 2571, 61, 2571);
INSERT INTO supporting_projects(supporting_project_id, supported_at, delivery_id, payment_id, project_id, user_id) VALUES (2572, (SELECT projects.start_date + INTERVAL 16 DAY FROM projects WHERE projects.id=61), 1, 2572, 61, 17);
INSERT INTO orders (order_id, created_at, delivery_id, payment_id, supporting_project_id) VALUES (2572, (SELECT projects.start_date + INTERVAL 16 DAY FROM projects WHERE projects.id=61), 1, 2572, 2572);
INSERT INTO supporting_packages(id, option_list, package_count, order_id, project_package_id, supporting_project_id) VALUES (2572, '["보드 게임"]', 9, 2572, 61, 2572);
INSERT INTO supporting_projects(supporting_project_id, supported_at, delivery_id, payment_id, project_id, user_id) VALUES (2573, (SELECT projects.start_date + INTERVAL 13 DAY FROM projects WHERE projects.id=61), 1, 2573, 61, 39);
INSERT INTO orders (order_id, created_at, delivery_id, payment_id, supporting_project_id) VALUES (2573, (SELECT projects.start_date + INTERVAL 13 DAY FROM projects WHERE projects.id=61), 1, 2573, 2573);
INSERT INTO supporting_packages(id, option_list, package_count, order_id, project_package_id, supporting_project_id) VALUES (2573, '["확장팩"]', 7, 2573, 61, 2573);
INSERT INTO supporting_projects(supporting_project_id, supported_at, delivery_id, payment_id, project_id, user_id) VALUES (2574, (SELECT projects.start_date + INTERVAL 6 DAY FROM projects WHERE projects.id=61), 1, 2574, 61, 5);
INSERT INTO orders (order_id, created_at, delivery_id, payment_id, supporting_project_id) VALUES (2574, (SELECT projects.start_date + INTERVAL 6 DAY FROM projects WHERE projects.id=61), 1, 2574, 2574);
INSERT INTO supporting_packages(id, option_list, package_count, order_id, project_package_id, supporting_project_id) VALUES (2574, '["보드 게임"]', 5, 2574, 61, 2574);
INSERT INTO supporting_projects(supporting_project_id, supported_at, delivery_id, payment_id, project_id, user_id) VALUES (2575, (SELECT projects.start_date + INTERVAL 14 DAY FROM projects WHERE projects.id=61), 1, 2575, 61, 15);
INSERT INTO orders (order_id, created_at, delivery_id, payment_id, supporting_project_id) VALUES (2575, (SELECT projects.start_date + INTERVAL 14 DAY FROM projects WHERE projects.id=61), 1, 2575, 2575);
INSERT INTO supporting_packages(id, option_list, package_count, order_id, project_package_id, supporting_project_id) VALUES (2575, '["디지털 게임"]', 2, 2575, 61, 2575);
INSERT INTO supporting_projects(supporting_project_id, supported_at, delivery_id, payment_id, project_id, user_id) VALUES (2576, (SELECT projects.start_date + INTERVAL 20 DAY FROM projects WHERE projects.id=61), 1, 2576, 61, 12);
INSERT INTO orders (order_id, created_at, delivery_id, payment_id, supporting_project_id) VALUES (2576, (SELECT projects.start_date + INTERVAL 20 DAY FROM projects WHERE projects.id=61), 1, 2576, 2576);
INSERT INTO supporting_packages(id, option_list, package_count, order_id, project_package_id, supporting_project_id) VALUES (2576, '["보드 게임"]', 5, 2576, 61, 2576);
INSERT INTO supporting_projects(supporting_project_id, supported_at, delivery_id, payment_id, project_id, user_id) VALUES (2577, (SELECT projects.start_date + INTERVAL 14 DAY FROM projects WHERE projects.id=61), 1, 2577, 61, 30);
INSERT INTO orders (order_id, created_at, delivery_id, payment_id, supporting_project_id) VALUES (2577, (SELECT projects.start_date + INTERVAL 14 DAY FROM projects WHERE projects.id=61), 1, 2577, 2577);
INSERT INTO supporting_packages(id, option_list, package_count, order_id, project_package_id, supporting_project_id) VALUES (2577, '["확장팩"]', 6, 2577, 61, 2577);
INSERT INTO supporting_projects(supporting_project_id, supported_at, delivery_id, payment_id, project_id, user_id) VALUES (2578, (SELECT projects.start_date + INTERVAL 17 DAY FROM projects WHERE projects.id=61), 1, 2578, 61, 30);
INSERT INTO orders (order_id, created_at, delivery_id, payment_id, supporting_project_id) VALUES (2578, (SELECT projects.start_date + INTERVAL 17 DAY FROM projects WHERE projects.id=61), 1, 2578, 2578);
INSERT INTO supporting_packages(id, option_list, package_count, order_id, project_package_id, supporting_project_id) VALUES (2578, '["확장팩"]', 8, 2578, 61, 2578);
INSERT INTO supporting_projects(supporting_project_id, supported_at, delivery_id, payment_id, project_id, user_id) VALUES (2579, (SELECT projects.start_date + INTERVAL 9 DAY FROM projects WHERE projects.id=61), 1, 2579, 61, 13);
INSERT INTO orders (order_id, created_at, delivery_id, payment_id, supporting_project_id) VALUES (2579, (SELECT projects.start_date + INTERVAL 9 DAY FROM projects WHERE projects.id=61), 1, 2579, 2579);
INSERT INTO supporting_packages(id, option_list, package_count, order_id, project_package_id, supporting_project_id) VALUES (2579, '["확장팩"]', 2, 2579, 61, 2579);
INSERT INTO supporting_projects(supporting_project_id, supported_at, delivery_id, payment_id, project_id, user_id) VALUES (2580, (SELECT projects.start_date + INTERVAL 18 DAY FROM projects WHERE projects.id=61), 1, 2580, 61, 20);
INSERT INTO orders (order_id, created_at, delivery_id, payment_id, supporting_project_id) VALUES (2580, (SELECT projects.start_date + INTERVAL 18 DAY FROM projects WHERE projects.id=61), 1, 2580, 2580);
INSERT INTO supporting_packages(id, option_list, package_count, order_id, project_package_id, supporting_project_id) VALUES (2580, '["디지털 게임"]', 4, 2580, 61, 2580);
INSERT INTO supporting_projects(supporting_project_id, supported_at, delivery_id, payment_id, project_id, user_id) VALUES (2581, (SELECT projects.start_date + INTERVAL 49 DAY FROM projects WHERE projects.id=61), 1, 2581, 61, 7);
INSERT INTO orders (order_id, created_at, delivery_id, payment_id, supporting_project_id) VALUES (2581, (SELECT projects.start_date + INTERVAL 49 DAY FROM projects WHERE projects.id=61), 1, 2581, 2581);
INSERT INTO supporting_packages(id, option_list, package_count, order_id, project_package_id, supporting_project_id) VALUES (2581, '["디지털 게임"]', 2, 2581, 61, 2581);
INSERT INTO supporting_projects(supporting_project_id, supported_at, delivery_id, payment_id, project_id, user_id) VALUES (2582, (SELECT projects.start_date + INTERVAL 15 DAY FROM projects WHERE projects.id=61), 1, 2582, 61, 37);
INSERT INTO orders (order_id, created_at, delivery_id, payment_id, supporting_project_id) VALUES (2582, (SELECT projects.start_date + INTERVAL 15 DAY FROM projects WHERE projects.id=61), 1, 2582, 2582);
INSERT INTO supporting_packages(id, option_list, package_count, order_id, project_package_id, supporting_project_id) VALUES (2582, '["디지털 게임"]', 6, 2582, 61, 2582);
INSERT INTO supporting_projects(supporting_project_id, supported_at, delivery_id, payment_id, project_id, user_id) VALUES (2583, (SELECT projects.start_date + INTERVAL 19 DAY FROM projects WHERE projects.id=65), 1, 2583, 65, 39);
INSERT INTO orders (order_id, created_at, delivery_id, payment_id, supporting_project_id) VALUES (2583, (SELECT projects.start_date + INTERVAL 19 DAY FROM projects WHERE projects.id=65), 1, 2583, 2583);
INSERT INTO supporting_packages(id, option_list, package_count, order_id, project_package_id, supporting_project_id) VALUES (2583, '["개인 참가"]', 1, 2583, 65, 2583);
INSERT INTO supporting_projects(supporting_project_id, supported_at, delivery_id, payment_id, project_id, user_id) VALUES (2584, (SELECT projects.start_date + INTERVAL 25 DAY FROM projects WHERE projects.id=65), 1, 2584, 65, 13);
INSERT INTO orders (order_id, created_at, delivery_id, payment_id, supporting_project_id) VALUES (2584, (SELECT projects.start_date + INTERVAL 25 DAY FROM projects WHERE projects.id=65), 1, 2584, 2584);
INSERT INTO supporting_packages(id, option_list, package_count, order_id, project_package_id, supporting_project_id) VALUES (2584, '["팀 참가"]', 6, 2584, 65, 2584);
INSERT INTO supporting_projects(supporting_project_id, supported_at, delivery_id, payment_id, project_id, user_id) VALUES (2585, (SELECT projects.start_date + INTERVAL 4 DAY FROM projects WHERE projects.id=65), 1, 2585, 65, 33);
INSERT INTO orders (order_id, created_at, delivery_id, payment_id, supporting_project_id) VALUES (2585, (SELECT projects.start_date + INTERVAL 4 DAY FROM projects WHERE projects.id=65), 1, 2585, 2585);
INSERT INTO supporting_packages(id, option_list, package_count, order_id, project_package_id, supporting_project_id) VALUES (2585, '["전문가 참가"]', 6, 2585, 65, 2585);
INSERT INTO supporting_projects(supporting_project_id, supported_at, delivery_id, payment_id, project_id, user_id) VALUES (2586, (SELECT projects.start_date + INTERVAL 3 DAY FROM projects WHERE projects.id=65), 1, 2586, 65, 17);
INSERT INTO orders (order_id, created_at, delivery_id, payment_id, supporting_project_id) VALUES (2586, (SELECT projects.start_date + INTERVAL 3 DAY FROM projects WHERE projects.id=65), 1, 2586, 2586);
INSERT INTO supporting_packages(id, option_list, package_count, order_id, project_package_id, supporting_project_id) VALUES (2586, '["팀 참가"]', 3, 2586, 65, 2586);
INSERT INTO supporting_projects(supporting_project_id, supported_at, delivery_id, payment_id, project_id, user_id) VALUES (2587, (SELECT projects.start_date + INTERVAL 29 DAY FROM projects WHERE projects.id=65), 1, 2587, 65, 32);
INSERT INTO orders (order_id, created_at, delivery_id, payment_id, supporting_project_id) VALUES (2587, (SELECT projects.start_date + INTERVAL 29 DAY FROM projects WHERE projects.id=65), 1, 2587, 2587);
INSERT INTO supporting_packages(id, option_list, package_count, order_id, project_package_id, supporting_project_id) VALUES (2587, '["전문가 참가"]', 9, 2587, 65, 2587);
INSERT INTO supporting_projects(supporting_project_id, supported_at, delivery_id, payment_id, project_id, user_id) VALUES (2588, (SELECT projects.start_date + INTERVAL 31 DAY FROM projects WHERE projects.id=65), 1, 2588, 65, 6);
INSERT INTO orders (order_id, created_at, delivery_id, payment_id, supporting_project_id) VALUES (2588, (SELECT projects.start_date + INTERVAL 31 DAY FROM projects WHERE projects.id=65), 1, 2588, 2588);
INSERT INTO supporting_packages(id, option_list, package_count, order_id, project_package_id, supporting_project_id) VALUES (2588, '["팀 참가"]', 1, 2588, 65, 2588);
INSERT INTO supporting_projects(supporting_project_id, supported_at, delivery_id, payment_id, project_id, user_id) VALUES (2589, (SELECT projects.start_date + INTERVAL 28 DAY FROM projects WHERE projects.id=65), 1, 2589, 65, 25);
INSERT INTO orders (order_id, created_at, delivery_id, payment_id, supporting_project_id) VALUES (2589, (SELECT projects.start_date + INTERVAL 28 DAY FROM projects WHERE projects.id=65), 1, 2589, 2589);
INSERT INTO supporting_packages(id, option_list, package_count, order_id, project_package_id, supporting_project_id) VALUES (2589, '["전문가 참가"]', 10, 2589, 65, 2589);
INSERT INTO supporting_projects(supporting_project_id, supported_at, delivery_id, payment_id, project_id, user_id) VALUES (2590, (SELECT projects.start_date + INTERVAL 19 DAY FROM projects WHERE projects.id=65), 1, 2590, 65, 30);
INSERT INTO orders (order_id, created_at, delivery_id, payment_id, supporting_project_id) VALUES (2590, (SELECT projects.start_date + INTERVAL 19 DAY FROM projects WHERE projects.id=65), 1, 2590, 2590);
INSERT INTO supporting_packages(id, option_list, package_count, order_id, project_package_id, supporting_project_id) VALUES (2590, '["팀 참가"]', 5, 2590, 65, 2590);
INSERT INTO supporting_projects(supporting_project_id, supported_at, delivery_id, payment_id, project_id, user_id) VALUES (2591, (SELECT projects.start_date + INTERVAL 10 DAY FROM projects WHERE projects.id=65), 1, 2591, 65, 34);
INSERT INTO orders (order_id, created_at, delivery_id, payment_id, supporting_project_id) VALUES (2591, (SELECT projects.start_date + INTERVAL 10 DAY FROM projects WHERE projects.id=65), 1, 2591, 2591);
INSERT INTO supporting_packages(id, option_list, package_count, order_id, project_package_id, supporting_project_id) VALUES (2591, '["개인 참가"]', 2, 2591, 65, 2591);
INSERT INTO supporting_projects(supporting_project_id, supported_at, delivery_id, payment_id, project_id, user_id) VALUES (2592, (SELECT projects.start_date + INTERVAL 25 DAY FROM projects WHERE projects.id=65), 1, 2592, 65, 36);
INSERT INTO orders (order_id, created_at, delivery_id, payment_id, supporting_project_id) VALUES (2592, (SELECT projects.start_date + INTERVAL 25 DAY FROM projects WHERE projects.id=65), 1, 2592, 2592);
INSERT INTO supporting_packages(id, option_list, package_count, order_id, project_package_id, supporting_project_id) VALUES (2592, '["팀 참가"]', 5, 2592, 65, 2592);
INSERT INTO supporting_projects(supporting_project_id, supported_at, delivery_id, payment_id, project_id, user_id) VALUES (2593, (SELECT projects.start_date + INTERVAL 34 DAY FROM projects WHERE projects.id=65), 1, 2593, 65, 38);
INSERT INTO orders (order_id, created_at, delivery_id, payment_id, supporting_project_id) VALUES (2593, (SELECT projects.start_date + INTERVAL 34 DAY FROM projects WHERE projects.id=65), 1, 2593, 2593);
INSERT INTO supporting_packages(id, option_list, package_count, order_id, project_package_id, supporting_project_id) VALUES (2593, '["팀 참가"]', 5, 2593, 65, 2593);
INSERT INTO supporting_projects(supporting_project_id, supported_at, delivery_id, payment_id, project_id, user_id) VALUES (2594, (SELECT projects.start_date + INTERVAL 34 DAY FROM projects WHERE projects.id=65), 1, 2594, 65, 24);
INSERT INTO orders (order_id, created_at, delivery_id, payment_id, supporting_project_id) VALUES (2594, (SELECT projects.start_date + INTERVAL 34 DAY FROM projects WHERE projects.id=65), 1, 2594, 2594);
INSERT INTO supporting_packages(id, option_list, package_count, order_id, project_package_id, supporting_project_id) VALUES (2594, '["팀 참가"]', 5, 2594, 65, 2594);
INSERT INTO supporting_projects(supporting_project_id, supported_at, delivery_id, payment_id, project_id, user_id) VALUES (2595, (SELECT projects.start_date + INTERVAL 10 DAY FROM projects WHERE projects.id=65), 1, 2595, 65, 20);
INSERT INTO orders (order_id, created_at, delivery_id, payment_id, supporting_project_id) VALUES (2595, (SELECT projects.start_date + INTERVAL 10 DAY FROM projects WHERE projects.id=65), 1, 2595, 2595);
INSERT INTO supporting_packages(id, option_list, package_count, order_id, project_package_id, supporting_project_id) VALUES (2595, '["전문가 참가"]', 9, 2595, 65, 2595);
INSERT INTO supporting_projects(supporting_project_id, supported_at, delivery_id, payment_id, project_id, user_id) VALUES (2596, (SELECT projects.start_date + INTERVAL 23 DAY FROM projects WHERE projects.id=65), 1, 2596, 65, 32);
INSERT INTO orders (order_id, created_at, delivery_id, payment_id, supporting_project_id) VALUES (2596, (SELECT projects.start_date + INTERVAL 23 DAY FROM projects WHERE projects.id=65), 1, 2596, 2596);
INSERT INTO supporting_packages(id, option_list, package_count, order_id, project_package_id, supporting_project_id) VALUES (2596, '["개인 참가"]', 4, 2596, 65, 2596);
INSERT INTO supporting_projects(supporting_project_id, supported_at, delivery_id, payment_id, project_id, user_id) VALUES (2597, (SELECT projects.start_date + INTERVAL 5 DAY FROM projects WHERE projects.id=65), 1, 2597, 65, 28);
INSERT INTO orders (order_id, created_at, delivery_id, payment_id, supporting_project_id) VALUES (2597, (SELECT projects.start_date + INTERVAL 5 DAY FROM projects WHERE projects.id=65), 1, 2597, 2597);
INSERT INTO supporting_packages(id, option_list, package_count, order_id, project_package_id, supporting_project_id) VALUES (2597, '["팀 참가"]', 7, 2597, 65, 2597);
INSERT INTO supporting_projects(supporting_project_id, supported_at, delivery_id, payment_id, project_id, user_id) VALUES (2598, (SELECT projects.start_date + INTERVAL 42 DAY FROM projects WHERE projects.id=65), 1, 2598, 65, 35);
INSERT INTO orders (order_id, created_at, delivery_id, payment_id, supporting_project_id) VALUES (2598, (SELECT projects.start_date + INTERVAL 42 DAY FROM projects WHERE projects.id=65), 1, 2598, 2598);
INSERT INTO supporting_packages(id, option_list, package_count, order_id, project_package_id, supporting_project_id) VALUES (2598, '["전문가 참가"]', 5, 2598, 65, 2598);
INSERT INTO supporting_projects(supporting_project_id, supported_at, delivery_id, payment_id, project_id, user_id) VALUES (2599, (SELECT projects.start_date + INTERVAL 29 DAY FROM projects WHERE projects.id=65), 1, 2599, 65, 9);
INSERT INTO orders (order_id, created_at, delivery_id, payment_id, supporting_project_id) VALUES (2599, (SELECT projects.start_date + INTERVAL 29 DAY FROM projects WHERE projects.id=65), 1, 2599, 2599);
INSERT INTO supporting_packages(id, option_list, package_count, order_id, project_package_id, supporting_project_id) VALUES (2599, '["전문가 참가"]', 6, 2599, 65, 2599);
INSERT INTO supporting_projects(supporting_project_id, supported_at, delivery_id, payment_id, project_id, user_id) VALUES (2600, (SELECT projects.start_date + INTERVAL 23 DAY FROM projects WHERE projects.id=65), 1, 2600, 65, 29);
INSERT INTO orders (order_id, created_at, delivery_id, payment_id, supporting_project_id) VALUES (2600, (SELECT projects.start_date + INTERVAL 23 DAY FROM projects WHERE projects.id=65), 1, 2600, 2600);
INSERT INTO supporting_packages(id, option_list, package_count, order_id, project_package_id, supporting_project_id) VALUES (2600, '["전문가 참가"]', 6, 2600, 65, 2600);
INSERT INTO supporting_projects(supporting_project_id, supported_at, delivery_id, payment_id, project_id, user_id) VALUES (2601, (SELECT projects.start_date + INTERVAL 10 DAY FROM projects WHERE projects.id=65), 1, 2601, 65, 40);
INSERT INTO orders (order_id, created_at, delivery_id, payment_id, supporting_project_id) VALUES (2601, (SELECT projects.start_date + INTERVAL 10 DAY FROM projects WHERE projects.id=65), 1, 2601, 2601);
INSERT INTO supporting_packages(id, option_list, package_count, order_id, project_package_id, supporting_project_id) VALUES (2601, '["개인 참가"]', 2, 2601, 65, 2601);
INSERT INTO supporting_projects(supporting_project_id, supported_at, delivery_id, payment_id, project_id, user_id) VALUES (2602, (SELECT projects.start_date + INTERVAL 2 DAY FROM projects WHERE projects.id=65), 1, 2602, 65, 14);
INSERT INTO orders (order_id, created_at, delivery_id, payment_id, supporting_project_id) VALUES (2602, (SELECT projects.start_date + INTERVAL 2 DAY FROM projects WHERE projects.id=65), 1, 2602, 2602);
INSERT INTO supporting_packages(id, option_list, package_count, order_id, project_package_id, supporting_project_id) VALUES (2602, '["팀 참가"]', 10, 2602, 65, 2602);
INSERT INTO supporting_projects(supporting_project_id, supported_at, delivery_id, payment_id, project_id, user_id) VALUES (2603, (SELECT projects.start_date + INTERVAL 19 DAY FROM projects WHERE projects.id=65), 1, 2603, 65, 40);
INSERT INTO orders (order_id, created_at, delivery_id, payment_id, supporting_project_id) VALUES (2603, (SELECT projects.start_date + INTERVAL 19 DAY FROM projects WHERE projects.id=65), 1, 2603, 2603);
INSERT INTO supporting_packages(id, option_list, package_count, order_id, project_package_id, supporting_project_id) VALUES (2603, '["전문가 참가"]', 8, 2603, 65, 2603);
INSERT INTO supporting_projects(supporting_project_id, supported_at, delivery_id, payment_id, project_id, user_id) VALUES (2604, (SELECT projects.start_date + INTERVAL 6 DAY FROM projects WHERE projects.id=65), 1, 2604, 65, 36);
INSERT INTO orders (order_id, created_at, delivery_id, payment_id, supporting_project_id) VALUES (2604, (SELECT projects.start_date + INTERVAL 6 DAY FROM projects WHERE projects.id=65), 1, 2604, 2604);
INSERT INTO supporting_packages(id, option_list, package_count, order_id, project_package_id, supporting_project_id) VALUES (2604, '["개인 참가"]', 9, 2604, 65, 2604);
INSERT INTO supporting_projects(supporting_project_id, supported_at, delivery_id, payment_id, project_id, user_id) VALUES (2605, (SELECT projects.start_date + INTERVAL 46 DAY FROM projects WHERE projects.id=65), 1, 2605, 65, 20);
INSERT INTO orders (order_id, created_at, delivery_id, payment_id, supporting_project_id) VALUES (2605, (SELECT projects.start_date + INTERVAL 46 DAY FROM projects WHERE projects.id=65), 1, 2605, 2605);
INSERT INTO supporting_packages(id, option_list, package_count, order_id, project_package_id, supporting_project_id) VALUES (2605, '["개인 참가"]', 9, 2605, 65, 2605);
INSERT INTO supporting_projects(supporting_project_id, supported_at, delivery_id, payment_id, project_id, user_id) VALUES (2606, (SELECT projects.start_date + INTERVAL 35 DAY FROM projects WHERE projects.id=65), 1, 2606, 65, 16);
INSERT INTO orders (order_id, created_at, delivery_id, payment_id, supporting_project_id) VALUES (2606, (SELECT projects.start_date + INTERVAL 35 DAY FROM projects WHERE projects.id=65), 1, 2606, 2606);
INSERT INTO supporting_packages(id, option_list, package_count, order_id, project_package_id, supporting_project_id) VALUES (2606, '["팀 참가"]', 2, 2606, 65, 2606);
INSERT INTO supporting_projects(supporting_project_id, supported_at, delivery_id, payment_id, project_id, user_id) VALUES (2607, (SELECT projects.start_date + INTERVAL 16 DAY FROM projects WHERE projects.id=65), 1, 2607, 65, 15);
INSERT INTO orders (order_id, created_at, delivery_id, payment_id, supporting_project_id) VALUES (2607, (SELECT projects.start_date + INTERVAL 16 DAY FROM projects WHERE projects.id=65), 1, 2607, 2607);
INSERT INTO supporting_packages(id, option_list, package_count, order_id, project_package_id, supporting_project_id) VALUES (2607, '["팀 참가"]', 2, 2607, 65, 2607);
INSERT INTO supporting_projects(supporting_project_id, supported_at, delivery_id, payment_id, project_id, user_id) VALUES (2608, (SELECT projects.start_date + INTERVAL 32 DAY FROM projects WHERE projects.id=65), 1, 2608, 65, 2);
INSERT INTO orders (order_id, created_at, delivery_id, payment_id, supporting_project_id) VALUES (2608, (SELECT projects.start_date + INTERVAL 32 DAY FROM projects WHERE projects.id=65), 1, 2608, 2608);
INSERT INTO supporting_packages(id, option_list, package_count, order_id, project_package_id, supporting_project_id) VALUES (2608, '["전문가 참가"]', 5, 2608, 65, 2608);
INSERT INTO supporting_projects(supporting_project_id, supported_at, delivery_id, payment_id, project_id, user_id) VALUES (2609, (SELECT projects.start_date + INTERVAL 7 DAY FROM projects WHERE projects.id=65), 1, 2609, 65, 22);
INSERT INTO orders (order_id, created_at, delivery_id, payment_id, supporting_project_id) VALUES (2609, (SELECT projects.start_date + INTERVAL 7 DAY FROM projects WHERE projects.id=65), 1, 2609, 2609);
INSERT INTO supporting_packages(id, option_list, package_count, order_id, project_package_id, supporting_project_id) VALUES (2609, '["개인 참가"]', 2, 2609, 65, 2609);
INSERT INTO supporting_projects(supporting_project_id, supported_at, delivery_id, payment_id, project_id, user_id) VALUES (2610, (SELECT projects.start_date + INTERVAL 34 DAY FROM projects WHERE projects.id=65), 1, 2610, 65, 4);
INSERT INTO orders (order_id, created_at, delivery_id, payment_id, supporting_project_id) VALUES (2610, (SELECT projects.start_date + INTERVAL 34 DAY FROM projects WHERE projects.id=65), 1, 2610, 2610);
INSERT INTO supporting_packages(id, option_list, package_count, order_id, project_package_id, supporting_project_id) VALUES (2610, '["팀 참가"]', 4, 2610, 65, 2610);
INSERT INTO supporting_projects(supporting_project_id, supported_at, delivery_id, payment_id, project_id, user_id) VALUES (2611, (SELECT projects.start_date + INTERVAL 36 DAY FROM projects WHERE projects.id=65), 1, 2611, 65, 28);
INSERT INTO orders (order_id, created_at, delivery_id, payment_id, supporting_project_id) VALUES (2611, (SELECT projects.start_date + INTERVAL 36 DAY FROM projects WHERE projects.id=65), 1, 2611, 2611);
INSERT INTO supporting_packages(id, option_list, package_count, order_id, project_package_id, supporting_project_id) VALUES (2611, '["팀 참가"]', 2, 2611, 65, 2611);
INSERT INTO supporting_projects(supporting_project_id, supported_at, delivery_id, payment_id, project_id, user_id) VALUES (2612, (SELECT projects.start_date + INTERVAL 17 DAY FROM projects WHERE projects.id=65), 1, 2612, 65, 34);
INSERT INTO orders (order_id, created_at, delivery_id, payment_id, supporting_project_id) VALUES (2612, (SELECT projects.start_date + INTERVAL 17 DAY FROM projects WHERE projects.id=65), 1, 2612, 2612);
INSERT INTO supporting_packages(id, option_list, package_count, order_id, project_package_id, supporting_project_id) VALUES (2612, '["개인 참가"]', 3, 2612, 65, 2612);
INSERT INTO supporting_projects(supporting_project_id, supported_at, delivery_id, payment_id, project_id, user_id) VALUES (2613, (SELECT projects.start_date + INTERVAL 31 DAY FROM projects WHERE projects.id=65), 1, 2613, 65, 26);
INSERT INTO orders (order_id, created_at, delivery_id, payment_id, supporting_project_id) VALUES (2613, (SELECT projects.start_date + INTERVAL 31 DAY FROM projects WHERE projects.id=65), 1, 2613, 2613);
INSERT INTO supporting_packages(id, option_list, package_count, order_id, project_package_id, supporting_project_id) VALUES (2613, '["팀 참가"]', 3, 2613, 65, 2613);
INSERT INTO supporting_projects(supporting_project_id, supported_at, delivery_id, payment_id, project_id, user_id) VALUES (2614, (SELECT projects.start_date + INTERVAL 8 DAY FROM projects WHERE projects.id=65), 1, 2614, 65, 34);
INSERT INTO orders (order_id, created_at, delivery_id, payment_id, supporting_project_id) VALUES (2614, (SELECT projects.start_date + INTERVAL 8 DAY FROM projects WHERE projects.id=65), 1, 2614, 2614);
INSERT INTO supporting_packages(id, option_list, package_count, order_id, project_package_id, supporting_project_id) VALUES (2614, '["개인 참가"]', 2, 2614, 65, 2614);
INSERT INTO supporting_projects(supporting_project_id, supported_at, delivery_id, payment_id, project_id, user_id) VALUES (2615, (SELECT projects.start_date + INTERVAL 49 DAY FROM projects WHERE projects.id=65), 1, 2615, 65, 20);
INSERT INTO orders (order_id, created_at, delivery_id, payment_id, supporting_project_id) VALUES (2615, (SELECT projects.start_date + INTERVAL 49 DAY FROM projects WHERE projects.id=65), 1, 2615, 2615);
INSERT INTO supporting_packages(id, option_list, package_count, order_id, project_package_id, supporting_project_id) VALUES (2615, '["전문가 참가"]', 4, 2615, 65, 2615);
INSERT INTO supporting_projects(supporting_project_id, supported_at, delivery_id, payment_id, project_id, user_id) VALUES (2616, (SELECT projects.start_date + INTERVAL 6 DAY FROM projects WHERE projects.id=65), 1, 2616, 65, 1);
INSERT INTO orders (order_id, created_at, delivery_id, payment_id, supporting_project_id) VALUES (2616, (SELECT projects.start_date + INTERVAL 6 DAY FROM projects WHERE projects.id=65), 1, 2616, 2616);
INSERT INTO supporting_packages(id, option_list, package_count, order_id, project_package_id, supporting_project_id) VALUES (2616, '["팀 참가"]', 9, 2616, 65, 2616);
INSERT INTO supporting_projects(supporting_project_id, supported_at, delivery_id, payment_id, project_id, user_id) VALUES (2617, (SELECT projects.start_date + INTERVAL 22 DAY FROM projects WHERE projects.id=65), 1, 2617, 65, 18);
INSERT INTO orders (order_id, created_at, delivery_id, payment_id, supporting_project_id) VALUES (2617, (SELECT projects.start_date + INTERVAL 22 DAY FROM projects WHERE projects.id=65), 1, 2617, 2617);
INSERT INTO supporting_packages(id, option_list, package_count, order_id, project_package_id, supporting_project_id) VALUES (2617, '["개인 참가"]', 2, 2617, 65, 2617);
INSERT INTO supporting_projects(supporting_project_id, supported_at, delivery_id, payment_id, project_id, user_id) VALUES (2618, (SELECT projects.start_date + INTERVAL 37 DAY FROM projects WHERE projects.id=65), 1, 2618, 65, 20);
INSERT INTO orders (order_id, created_at, delivery_id, payment_id, supporting_project_id) VALUES (2618, (SELECT projects.start_date + INTERVAL 37 DAY FROM projects WHERE projects.id=65), 1, 2618, 2618);
INSERT INTO supporting_packages(id, option_list, package_count, order_id, project_package_id, supporting_project_id) VALUES (2618, '["개인 참가"]', 6, 2618, 65, 2618);
INSERT INTO supporting_projects(supporting_project_id, supported_at, delivery_id, payment_id, project_id, user_id) VALUES (2619, (SELECT projects.start_date + INTERVAL 29 DAY FROM projects WHERE projects.id=65), 1, 2619, 65, 11);
INSERT INTO orders (order_id, created_at, delivery_id, payment_id, supporting_project_id) VALUES (2619, (SELECT projects.start_date + INTERVAL 29 DAY FROM projects WHERE projects.id=65), 1, 2619, 2619);
INSERT INTO supporting_packages(id, option_list, package_count, order_id, project_package_id, supporting_project_id) VALUES (2619, '["개인 참가"]', 10, 2619, 65, 2619);
INSERT INTO supporting_projects(supporting_project_id, supported_at, delivery_id, payment_id, project_id, user_id) VALUES (2620, (SELECT projects.start_date + INTERVAL 36 DAY FROM projects WHERE projects.id=65), 1, 2620, 65, 35);
INSERT INTO orders (order_id, created_at, delivery_id, payment_id, supporting_project_id) VALUES (2620, (SELECT projects.start_date + INTERVAL 36 DAY FROM projects WHERE projects.id=65), 1, 2620, 2620);
INSERT INTO supporting_packages(id, option_list, package_count, order_id, project_package_id, supporting_project_id) VALUES (2620, '["팀 참가"]', 5, 2620, 65, 2620);
INSERT INTO supporting_projects(supporting_project_id, supported_at, delivery_id, payment_id, project_id, user_id) VALUES (2621, (SELECT projects.start_date + INTERVAL 20 DAY FROM projects WHERE projects.id=65), 1, 2621, 65, 14);
INSERT INTO orders (order_id, created_at, delivery_id, payment_id, supporting_project_id) VALUES (2621, (SELECT projects.start_date + INTERVAL 20 DAY FROM projects WHERE projects.id=65), 1, 2621, 2621);
INSERT INTO supporting_packages(id, option_list, package_count, order_id, project_package_id, supporting_project_id) VALUES (2621, '["전문가 참가"]', 4, 2621, 65, 2621);
INSERT INTO supporting_projects(supporting_project_id, supported_at, delivery_id, payment_id, project_id, user_id) VALUES (2622, (SELECT projects.start_date + INTERVAL 46 DAY FROM projects WHERE projects.id=65), 1, 2622, 65, 2);
INSERT INTO orders (order_id, created_at, delivery_id, payment_id, supporting_project_id) VALUES (2622, (SELECT projects.start_date + INTERVAL 46 DAY FROM projects WHERE projects.id=65), 1, 2622, 2622);
INSERT INTO supporting_packages(id, option_list, package_count, order_id, project_package_id, supporting_project_id) VALUES (2622, '["전문가 참가"]', 9, 2622, 65, 2622);
INSERT INTO supporting_projects(supporting_project_id, supported_at, delivery_id, payment_id, project_id, user_id) VALUES (2623, (SELECT projects.start_date + INTERVAL 33 DAY FROM projects WHERE projects.id=65), 1, 2623, 65, 31);
INSERT INTO orders (order_id, created_at, delivery_id, payment_id, supporting_project_id) VALUES (2623, (SELECT projects.start_date + INTERVAL 33 DAY FROM projects WHERE projects.id=65), 1, 2623, 2623);
INSERT INTO supporting_packages(id, option_list, package_count, order_id, project_package_id, supporting_project_id) VALUES (2623, '["전문가 참가"]', 6, 2623, 65, 2623);
INSERT INTO supporting_projects(supporting_project_id, supported_at, delivery_id, payment_id, project_id, user_id) VALUES (2624, (SELECT projects.start_date + INTERVAL 11 DAY FROM projects WHERE projects.id=65), 1, 2624, 65, 36);
INSERT INTO orders (order_id, created_at, delivery_id, payment_id, supporting_project_id) VALUES (2624, (SELECT projects.start_date + INTERVAL 11 DAY FROM projects WHERE projects.id=65), 1, 2624, 2624);
INSERT INTO supporting_packages(id, option_list, package_count, order_id, project_package_id, supporting_project_id) VALUES (2624, '["전문가 참가"]', 5, 2624, 65, 2624);
INSERT INTO supporting_projects(supporting_project_id, supported_at, delivery_id, payment_id, project_id, user_id) VALUES (2625, (SELECT projects.start_date + INTERVAL 37 DAY FROM projects WHERE projects.id=65), 1, 2625, 65, 24);
INSERT INTO orders (order_id, created_at, delivery_id, payment_id, supporting_project_id) VALUES (2625, (SELECT projects.start_date + INTERVAL 37 DAY FROM projects WHERE projects.id=65), 1, 2625, 2625);
INSERT INTO supporting_packages(id, option_list, package_count, order_id, project_package_id, supporting_project_id) VALUES (2625, '["개인 참가"]', 5, 2625, 65, 2625);
INSERT INTO supporting_projects(supporting_project_id, supported_at, delivery_id, payment_id, project_id, user_id) VALUES (2626, (SELECT projects.start_date + INTERVAL 49 DAY FROM projects WHERE projects.id=65), 1, 2626, 65, 35);
INSERT INTO orders (order_id, created_at, delivery_id, payment_id, supporting_project_id) VALUES (2626, (SELECT projects.start_date + INTERVAL 49 DAY FROM projects WHERE projects.id=65), 1, 2626, 2626);
INSERT INTO supporting_packages(id, option_list, package_count, order_id, project_package_id, supporting_project_id) VALUES (2626, '["전문가 참가"]', 7, 2626, 65, 2626);
INSERT INTO supporting_projects(supporting_project_id, supported_at, delivery_id, payment_id, project_id, user_id) VALUES (2627, (SELECT projects.start_date + INTERVAL 17 DAY FROM projects WHERE projects.id=65), 1, 2627, 65, 3);
INSERT INTO orders (order_id, created_at, delivery_id, payment_id, supporting_project_id) VALUES (2627, (SELECT projects.start_date + INTERVAL 17 DAY FROM projects WHERE projects.id=65), 1, 2627, 2627);
INSERT INTO supporting_packages(id, option_list, package_count, order_id, project_package_id, supporting_project_id) VALUES (2627, '["개인 참가"]', 10, 2627, 65, 2627);
INSERT INTO supporting_projects(supporting_project_id, supported_at, delivery_id, payment_id, project_id, user_id) VALUES (2628, (SELECT projects.start_date + INTERVAL 25 DAY FROM projects WHERE projects.id=65), 1, 2628, 65, 12);
INSERT INTO orders (order_id, created_at, delivery_id, payment_id, supporting_project_id) VALUES (2628, (SELECT projects.start_date + INTERVAL 25 DAY FROM projects WHERE projects.id=65), 1, 2628, 2628);
INSERT INTO supporting_packages(id, option_list, package_count, order_id, project_package_id, supporting_project_id) VALUES (2628, '["팀 참가"]', 8, 2628, 65, 2628);
INSERT INTO supporting_projects(supporting_project_id, supported_at, delivery_id, payment_id, project_id, user_id) VALUES (2629, (SELECT projects.start_date + INTERVAL 16 DAY FROM projects WHERE projects.id=65), 1, 2629, 65, 16);
INSERT INTO orders (order_id, created_at, delivery_id, payment_id, supporting_project_id) VALUES (2629, (SELECT projects.start_date + INTERVAL 16 DAY FROM projects WHERE projects.id=65), 1, 2629, 2629);
INSERT INTO supporting_packages(id, option_list, package_count, order_id, project_package_id, supporting_project_id) VALUES (2629, '["팀 참가"]', 1, 2629, 65, 2629);
INSERT INTO supporting_projects(supporting_project_id, supported_at, delivery_id, payment_id, project_id, user_id) VALUES (2630, (SELECT projects.start_date + INTERVAL 35 DAY FROM projects WHERE projects.id=65), 1, 2630, 65, 14);
INSERT INTO orders (order_id, created_at, delivery_id, payment_id, supporting_project_id) VALUES (2630, (SELECT projects.start_date + INTERVAL 35 DAY FROM projects WHERE projects.id=65), 1, 2630, 2630);
INSERT INTO supporting_packages(id, option_list, package_count, order_id, project_package_id, supporting_project_id) VALUES (2630, '["팀 참가"]', 10, 2630, 65, 2630);
INSERT INTO supporting_projects(supporting_project_id, supported_at, delivery_id, payment_id, project_id, user_id) VALUES (2631, (SELECT projects.start_date + INTERVAL 17 DAY FROM projects WHERE projects.id=65), 1, 2631, 65, 10);
INSERT INTO orders (order_id, created_at, delivery_id, payment_id, supporting_project_id) VALUES (2631, (SELECT projects.start_date + INTERVAL 17 DAY FROM projects WHERE projects.id=65), 1, 2631, 2631);
INSERT INTO supporting_packages(id, option_list, package_count, order_id, project_package_id, supporting_project_id) VALUES (2631, '["개인 참가"]', 6, 2631, 65, 2631);
INSERT INTO supporting_projects(supporting_project_id, supported_at, delivery_id, payment_id, project_id, user_id) VALUES (2632, (SELECT projects.start_date + INTERVAL 20 DAY FROM projects WHERE projects.id=65), 1, 2632, 65, 9);
INSERT INTO orders (order_id, created_at, delivery_id, payment_id, supporting_project_id) VALUES (2632, (SELECT projects.start_date + INTERVAL 20 DAY FROM projects WHERE projects.id=65), 1, 2632, 2632);
INSERT INTO supporting_packages(id, option_list, package_count, order_id, project_package_id, supporting_project_id) VALUES (2632, '["팀 참가"]', 7, 2632, 65, 2632);
INSERT INTO supporting_projects(supporting_project_id, supported_at, delivery_id, payment_id, project_id, user_id) VALUES (2633, (SELECT projects.start_date + INTERVAL 15 DAY FROM projects WHERE projects.id=65), 1, 2633, 65, 1);
INSERT INTO orders (order_id, created_at, delivery_id, payment_id, supporting_project_id) VALUES (2633, (SELECT projects.start_date + INTERVAL 15 DAY FROM projects WHERE projects.id=65), 1, 2633, 2633);
INSERT INTO supporting_packages(id, option_list, package_count, order_id, project_package_id, supporting_project_id) VALUES (2633, '["전문가 참가"]', 5, 2633, 65, 2633);
INSERT INTO supporting_projects(supporting_project_id, supported_at, delivery_id, payment_id, project_id, user_id) VALUES (2634, (SELECT projects.start_date + INTERVAL 14 DAY FROM projects WHERE projects.id=65), 1, 2634, 65, 29);
INSERT INTO orders (order_id, created_at, delivery_id, payment_id, supporting_project_id) VALUES (2634, (SELECT projects.start_date + INTERVAL 14 DAY FROM projects WHERE projects.id=65), 1, 2634, 2634);
INSERT INTO supporting_packages(id, option_list, package_count, order_id, project_package_id, supporting_project_id) VALUES (2634, '["전문가 참가"]', 7, 2634, 65, 2634);
INSERT INTO supporting_projects(supporting_project_id, supported_at, delivery_id, payment_id, project_id, user_id) VALUES (2635, (SELECT projects.start_date + INTERVAL 45 DAY FROM projects WHERE projects.id=65), 1, 2635, 65, 13);
INSERT INTO orders (order_id, created_at, delivery_id, payment_id, supporting_project_id) VALUES (2635, (SELECT projects.start_date + INTERVAL 45 DAY FROM projects WHERE projects.id=65), 1, 2635, 2635);
INSERT INTO supporting_packages(id, option_list, package_count, order_id, project_package_id, supporting_project_id) VALUES (2635, '["팀 참가"]', 10, 2635, 65, 2635);
INSERT INTO supporting_projects(supporting_project_id, supported_at, delivery_id, payment_id, project_id, user_id) VALUES (2636, (SELECT projects.start_date + INTERVAL 22 DAY FROM projects WHERE projects.id=65), 1, 2636, 65, 7);
INSERT INTO orders (order_id, created_at, delivery_id, payment_id, supporting_project_id) VALUES (2636, (SELECT projects.start_date + INTERVAL 22 DAY FROM projects WHERE projects.id=65), 1, 2636, 2636);
INSERT INTO supporting_packages(id, option_list, package_count, order_id, project_package_id, supporting_project_id) VALUES (2636, '["개인 참가"]', 6, 2636, 65, 2636);
INSERT INTO supporting_projects(supporting_project_id, supported_at, delivery_id, payment_id, project_id, user_id) VALUES (2637, (SELECT projects.start_date + INTERVAL 38 DAY FROM projects WHERE projects.id=65), 1, 2637, 65, 19);
INSERT INTO orders (order_id, created_at, delivery_id, payment_id, supporting_project_id) VALUES (2637, (SELECT projects.start_date + INTERVAL 38 DAY FROM projects WHERE projects.id=65), 1, 2637, 2637);
INSERT INTO supporting_packages(id, option_list, package_count, order_id, project_package_id, supporting_project_id) VALUES (2637, '["개인 참가"]', 8, 2637, 65, 2637);
INSERT INTO supporting_projects(supporting_project_id, supported_at, delivery_id, payment_id, project_id, user_id) VALUES (2638, (SELECT projects.start_date + INTERVAL 20 DAY FROM projects WHERE projects.id=65), 1, 2638, 65, 40);
INSERT INTO orders (order_id, created_at, delivery_id, payment_id, supporting_project_id) VALUES (2638, (SELECT projects.start_date + INTERVAL 20 DAY FROM projects WHERE projects.id=65), 1, 2638, 2638);
INSERT INTO supporting_packages(id, option_list, package_count, order_id, project_package_id, supporting_project_id) VALUES (2638, '["개인 참가"]', 3, 2638, 65, 2638);
INSERT INTO supporting_projects(supporting_project_id, supported_at, delivery_id, payment_id, project_id, user_id) VALUES (2639, (SELECT projects.start_date + INTERVAL 40 DAY FROM projects WHERE projects.id=65), 1, 2639, 65, 26);
INSERT INTO orders (order_id, created_at, delivery_id, payment_id, supporting_project_id) VALUES (2639, (SELECT projects.start_date + INTERVAL 40 DAY FROM projects WHERE projects.id=65), 1, 2639, 2639);
INSERT INTO supporting_packages(id, option_list, package_count, order_id, project_package_id, supporting_project_id) VALUES (2639, '["개인 참가"]', 7, 2639, 65, 2639);
INSERT INTO supporting_projects(supporting_project_id, supported_at, delivery_id, payment_id, project_id, user_id) VALUES (2640, (SELECT projects.start_date + INTERVAL 19 DAY FROM projects WHERE projects.id=65), 1, 2640, 65, 38);
INSERT INTO orders (order_id, created_at, delivery_id, payment_id, supporting_project_id) VALUES (2640, (SELECT projects.start_date + INTERVAL 19 DAY FROM projects WHERE projects.id=65), 1, 2640, 2640);
INSERT INTO supporting_packages(id, option_list, package_count, order_id, project_package_id, supporting_project_id) VALUES (2640, '["전문가 참가"]', 5, 2640, 65, 2640);
INSERT INTO supporting_projects(supporting_project_id, supported_at, delivery_id, payment_id, project_id, user_id) VALUES (2641, (SELECT projects.start_date + INTERVAL 48 DAY FROM projects WHERE projects.id=65), 1, 2641, 65, 34);
INSERT INTO orders (order_id, created_at, delivery_id, payment_id, supporting_project_id) VALUES (2641, (SELECT projects.start_date + INTERVAL 48 DAY FROM projects WHERE projects.id=65), 1, 2641, 2641);
INSERT INTO supporting_packages(id, option_list, package_count, order_id, project_package_id, supporting_project_id) VALUES (2641, '["개인 참가"]', 7, 2641, 65, 2641);
INSERT INTO supporting_projects(supporting_project_id, supported_at, delivery_id, payment_id, project_id, user_id) VALUES (2642, (SELECT projects.start_date + INTERVAL 15 DAY FROM projects WHERE projects.id=65), 1, 2642, 65, 40);
INSERT INTO orders (order_id, created_at, delivery_id, payment_id, supporting_project_id) VALUES (2642, (SELECT projects.start_date + INTERVAL 15 DAY FROM projects WHERE projects.id=65), 1, 2642, 2642);
INSERT INTO supporting_packages(id, option_list, package_count, order_id, project_package_id, supporting_project_id) VALUES (2642, '["개인 참가"]', 5, 2642, 65, 2642);
INSERT INTO supporting_projects(supporting_project_id, supported_at, delivery_id, payment_id, project_id, user_id) VALUES (2643, (SELECT projects.start_date + INTERVAL 47 DAY FROM projects WHERE projects.id=65), 1, 2643, 65, 2);
INSERT INTO orders (order_id, created_at, delivery_id, payment_id, supporting_project_id) VALUES (2643, (SELECT projects.start_date + INTERVAL 47 DAY FROM projects WHERE projects.id=65), 1, 2643, 2643);
INSERT INTO supporting_packages(id, option_list, package_count, order_id, project_package_id, supporting_project_id) VALUES (2643, '["팀 참가"]', 6, 2643, 65, 2643);
INSERT INTO supporting_projects(supporting_project_id, supported_at, delivery_id, payment_id, project_id, user_id) VALUES (2644, (SELECT projects.start_date + INTERVAL 32 DAY FROM projects WHERE projects.id=65), 1, 2644, 65, 21);
INSERT INTO orders (order_id, created_at, delivery_id, payment_id, supporting_project_id) VALUES (2644, (SELECT projects.start_date + INTERVAL 32 DAY FROM projects WHERE projects.id=65), 1, 2644, 2644);
INSERT INTO supporting_packages(id, option_list, package_count, order_id, project_package_id, supporting_project_id) VALUES (2644, '["전문가 참가"]', 9, 2644, 65, 2644);
INSERT INTO supporting_projects(supporting_project_id, supported_at, delivery_id, payment_id, project_id, user_id) VALUES (2645, (SELECT projects.start_date + INTERVAL 43 DAY FROM projects WHERE projects.id=65), 1, 2645, 65, 30);
INSERT INTO orders (order_id, created_at, delivery_id, payment_id, supporting_project_id) VALUES (2645, (SELECT projects.start_date + INTERVAL 43 DAY FROM projects WHERE projects.id=65), 1, 2645, 2645);
INSERT INTO supporting_packages(id, option_list, package_count, order_id, project_package_id, supporting_project_id) VALUES (2645, '["팀 참가"]', 7, 2645, 65, 2645);
INSERT INTO supporting_projects(supporting_project_id, supported_at, delivery_id, payment_id, project_id, user_id) VALUES (2646, (SELECT projects.start_date + INTERVAL 22 DAY FROM projects WHERE projects.id=65), 1, 2646, 65, 32);
INSERT INTO orders (order_id, created_at, delivery_id, payment_id, supporting_project_id) VALUES (2646, (SELECT projects.start_date + INTERVAL 22 DAY FROM projects WHERE projects.id=65), 1, 2646, 2646);
INSERT INTO supporting_packages(id, option_list, package_count, order_id, project_package_id, supporting_project_id) VALUES (2646, '["전문가 참가"]', 2, 2646, 65, 2646);
INSERT INTO supporting_projects(supporting_project_id, supported_at, delivery_id, payment_id, project_id, user_id) VALUES (2647, (SELECT projects.start_date + INTERVAL 35 DAY FROM projects WHERE projects.id=65), 1, 2647, 65, 32);
INSERT INTO orders (order_id, created_at, delivery_id, payment_id, supporting_project_id) VALUES (2647, (SELECT projects.start_date + INTERVAL 35 DAY FROM projects WHERE projects.id=65), 1, 2647, 2647);
INSERT INTO supporting_packages(id, option_list, package_count, order_id, project_package_id, supporting_project_id) VALUES (2647, '["개인 참가"]', 9, 2647, 65, 2647);
INSERT INTO supporting_projects(supporting_project_id, supported_at, delivery_id, payment_id, project_id, user_id) VALUES (2648, (SELECT projects.start_date + INTERVAL 29 DAY FROM projects WHERE projects.id=65), 1, 2648, 65, 19);
INSERT INTO orders (order_id, created_at, delivery_id, payment_id, supporting_project_id) VALUES (2648, (SELECT projects.start_date + INTERVAL 29 DAY FROM projects WHERE projects.id=65), 1, 2648, 2648);
INSERT INTO supporting_packages(id, option_list, package_count, order_id, project_package_id, supporting_project_id) VALUES (2648, '["전문가 참가"]', 5, 2648, 65, 2648);
INSERT INTO supporting_projects(supporting_project_id, supported_at, delivery_id, payment_id, project_id, user_id) VALUES (2649, (SELECT projects.start_date + INTERVAL 20 DAY FROM projects WHERE projects.id=65), 1, 2649, 65, 22);
INSERT INTO orders (order_id, created_at, delivery_id, payment_id, supporting_project_id) VALUES (2649, (SELECT projects.start_date + INTERVAL 20 DAY FROM projects WHERE projects.id=65), 1, 2649, 2649);
INSERT INTO supporting_packages(id, option_list, package_count, order_id, project_package_id, supporting_project_id) VALUES (2649, '["개인 참가"]', 9, 2649, 65, 2649);
INSERT INTO supporting_projects(supporting_project_id, supported_at, delivery_id, payment_id, project_id, user_id) VALUES (2650, (SELECT projects.start_date + INTERVAL 9 DAY FROM projects WHERE projects.id=65), 1, 2650, 65, 9);
INSERT INTO orders (order_id, created_at, delivery_id, payment_id, supporting_project_id) VALUES (2650, (SELECT projects.start_date + INTERVAL 9 DAY FROM projects WHERE projects.id=65), 1, 2650, 2650);
INSERT INTO supporting_packages(id, option_list, package_count, order_id, project_package_id, supporting_project_id) VALUES (2650, '["팀 참가"]', 9, 2650, 65, 2650);
INSERT INTO supporting_projects(supporting_project_id, supported_at, delivery_id, payment_id, project_id, user_id) VALUES (2651, (SELECT projects.start_date + INTERVAL 38 DAY FROM projects WHERE projects.id=65), 1, 2651, 65, 29);
INSERT INTO orders (order_id, created_at, delivery_id, payment_id, supporting_project_id) VALUES (2651, (SELECT projects.start_date + INTERVAL 38 DAY FROM projects WHERE projects.id=65), 1, 2651, 2651);
INSERT INTO supporting_packages(id, option_list, package_count, order_id, project_package_id, supporting_project_id) VALUES (2651, '["개인 참가"]', 6, 2651, 65, 2651);
INSERT INTO supporting_projects(supporting_project_id, supported_at, delivery_id, payment_id, project_id, user_id) VALUES (2652, (SELECT projects.start_date + INTERVAL 22 DAY FROM projects WHERE projects.id=65), 1, 2652, 65, 21);
INSERT INTO orders (order_id, created_at, delivery_id, payment_id, supporting_project_id) VALUES (2652, (SELECT projects.start_date + INTERVAL 22 DAY FROM projects WHERE projects.id=65), 1, 2652, 2652);
INSERT INTO supporting_packages(id, option_list, package_count, order_id, project_package_id, supporting_project_id) VALUES (2652, '["팀 참가"]', 10, 2652, 65, 2652);
INSERT INTO supporting_projects(supporting_project_id, supported_at, delivery_id, payment_id, project_id, user_id) VALUES (2653, (SELECT projects.start_date + INTERVAL 36 DAY FROM projects WHERE projects.id=65), 1, 2653, 65, 23);
INSERT INTO orders (order_id, created_at, delivery_id, payment_id, supporting_project_id) VALUES (2653, (SELECT projects.start_date + INTERVAL 36 DAY FROM projects WHERE projects.id=65), 1, 2653, 2653);
INSERT INTO supporting_packages(id, option_list, package_count, order_id, project_package_id, supporting_project_id) VALUES (2653, '["전문가 참가"]', 2, 2653, 65, 2653);
INSERT INTO supporting_projects(supporting_project_id, supported_at, delivery_id, payment_id, project_id, user_id) VALUES (2654, (SELECT projects.start_date + INTERVAL 12 DAY FROM projects WHERE projects.id=65), 1, 2654, 65, 18);
INSERT INTO orders (order_id, created_at, delivery_id, payment_id, supporting_project_id) VALUES (2654, (SELECT projects.start_date + INTERVAL 12 DAY FROM projects WHERE projects.id=65), 1, 2654, 2654);
INSERT INTO supporting_packages(id, option_list, package_count, order_id, project_package_id, supporting_project_id) VALUES (2654, '["전문가 참가"]', 6, 2654, 65, 2654);
INSERT INTO supporting_projects(supporting_project_id, supported_at, delivery_id, payment_id, project_id, user_id) VALUES (2655, (SELECT projects.start_date + INTERVAL 19 DAY FROM projects WHERE projects.id=65), 1, 2655, 65, 14);
INSERT INTO orders (order_id, created_at, delivery_id, payment_id, supporting_project_id) VALUES (2655, (SELECT projects.start_date + INTERVAL 19 DAY FROM projects WHERE projects.id=65), 1, 2655, 2655);
INSERT INTO supporting_packages(id, option_list, package_count, order_id, project_package_id, supporting_project_id) VALUES (2655, '["개인 참가"]', 5, 2655, 65, 2655);
INSERT INTO supporting_projects(supporting_project_id, supported_at, delivery_id, payment_id, project_id, user_id) VALUES (2656, (SELECT projects.start_date + INTERVAL 2 DAY FROM projects WHERE projects.id=65), 1, 2656, 65, 2);
INSERT INTO orders (order_id, created_at, delivery_id, payment_id, supporting_project_id) VALUES (2656, (SELECT projects.start_date + INTERVAL 2 DAY FROM projects WHERE projects.id=65), 1, 2656, 2656);
INSERT INTO supporting_packages(id, option_list, package_count, order_id, project_package_id, supporting_project_id) VALUES (2656, '["전문가 참가"]', 2, 2656, 65, 2656);
INSERT INTO supporting_projects(supporting_project_id, supported_at, delivery_id, payment_id, project_id, user_id) VALUES (2657, (SELECT projects.start_date + INTERVAL 39 DAY FROM projects WHERE projects.id=65), 1, 2657, 65, 24);
INSERT INTO orders (order_id, created_at, delivery_id, payment_id, supporting_project_id) VALUES (2657, (SELECT projects.start_date + INTERVAL 39 DAY FROM projects WHERE projects.id=65), 1, 2657, 2657);
INSERT INTO supporting_packages(id, option_list, package_count, order_id, project_package_id, supporting_project_id) VALUES (2657, '["개인 참가"]', 3, 2657, 65, 2657);
INSERT INTO supporting_projects(supporting_project_id, supported_at, delivery_id, payment_id, project_id, user_id) VALUES (2658, (SELECT projects.start_date + INTERVAL 13 DAY FROM projects WHERE projects.id=65), 1, 2658, 65, 27);
INSERT INTO orders (order_id, created_at, delivery_id, payment_id, supporting_project_id) VALUES (2658, (SELECT projects.start_date + INTERVAL 13 DAY FROM projects WHERE projects.id=65), 1, 2658, 2658);
INSERT INTO supporting_packages(id, option_list, package_count, order_id, project_package_id, supporting_project_id) VALUES (2658, '["팀 참가"]', 3, 2658, 65, 2658);
INSERT INTO supporting_projects(supporting_project_id, supported_at, delivery_id, payment_id, project_id, user_id) VALUES (2659, (SELECT projects.start_date + INTERVAL 46 DAY FROM projects WHERE projects.id=65), 1, 2659, 65, 25);
INSERT INTO orders (order_id, created_at, delivery_id, payment_id, supporting_project_id) VALUES (2659, (SELECT projects.start_date + INTERVAL 46 DAY FROM projects WHERE projects.id=65), 1, 2659, 2659);
INSERT INTO supporting_packages(id, option_list, package_count, order_id, project_package_id, supporting_project_id) VALUES (2659, '["전문가 참가"]', 9, 2659, 65, 2659);
INSERT INTO supporting_projects(supporting_project_id, supported_at, delivery_id, payment_id, project_id, user_id) VALUES (2660, (SELECT projects.start_date + INTERVAL 42 DAY FROM projects WHERE projects.id=65), 1, 2660, 65, 29);
INSERT INTO orders (order_id, created_at, delivery_id, payment_id, supporting_project_id) VALUES (2660, (SELECT projects.start_date + INTERVAL 42 DAY FROM projects WHERE projects.id=65), 1, 2660, 2660);
INSERT INTO supporting_packages(id, option_list, package_count, order_id, project_package_id, supporting_project_id) VALUES (2660, '["전문가 참가"]', 6, 2660, 65, 2660);
INSERT INTO supporting_projects(supporting_project_id, supported_at, delivery_id, payment_id, project_id, user_id) VALUES (2661, (SELECT projects.start_date + INTERVAL 4 DAY FROM projects WHERE projects.id=65), 1, 2661, 65, 22);
INSERT INTO orders (order_id, created_at, delivery_id, payment_id, supporting_project_id) VALUES (2661, (SELECT projects.start_date + INTERVAL 4 DAY FROM projects WHERE projects.id=65), 1, 2661, 2661);
INSERT INTO supporting_packages(id, option_list, package_count, order_id, project_package_id, supporting_project_id) VALUES (2661, '["개인 참가"]', 5, 2661, 65, 2661);
INSERT INTO supporting_projects(supporting_project_id, supported_at, delivery_id, payment_id, project_id, user_id) VALUES (2662, (SELECT projects.start_date + INTERVAL 17 DAY FROM projects WHERE projects.id=65), 1, 2662, 65, 35);
INSERT INTO orders (order_id, created_at, delivery_id, payment_id, supporting_project_id) VALUES (2662, (SELECT projects.start_date + INTERVAL 17 DAY FROM projects WHERE projects.id=65), 1, 2662, 2662);
INSERT INTO supporting_packages(id, option_list, package_count, order_id, project_package_id, supporting_project_id) VALUES (2662, '["전문가 참가"]', 3, 2662, 65, 2662);
INSERT INTO supporting_projects(supporting_project_id, supported_at, delivery_id, payment_id, project_id, user_id) VALUES (2663, (SELECT projects.start_date + INTERVAL 42 DAY FROM projects WHERE projects.id=65), 1, 2663, 65, 40);
INSERT INTO orders (order_id, created_at, delivery_id, payment_id, supporting_project_id) VALUES (2663, (SELECT projects.start_date + INTERVAL 42 DAY FROM projects WHERE projects.id=65), 1, 2663, 2663);
INSERT INTO supporting_packages(id, option_list, package_count, order_id, project_package_id, supporting_project_id) VALUES (2663, '["개인 참가"]', 6, 2663, 65, 2663);
INSERT INTO supporting_projects(supporting_project_id, supported_at, delivery_id, payment_id, project_id, user_id) VALUES (2664, (SELECT projects.start_date + INTERVAL 50 DAY FROM projects WHERE projects.id=65), 1, 2664, 65, 12);
INSERT INTO orders (order_id, created_at, delivery_id, payment_id, supporting_project_id) VALUES (2664, (SELECT projects.start_date + INTERVAL 50 DAY FROM projects WHERE projects.id=65), 1, 2664, 2664);
INSERT INTO supporting_packages(id, option_list, package_count, order_id, project_package_id, supporting_project_id) VALUES (2664, '["전문가 참가"]', 3, 2664, 65, 2664);
INSERT INTO supporting_projects(supporting_project_id, supported_at, delivery_id, payment_id, project_id, user_id) VALUES (2665, (SELECT projects.start_date + INTERVAL 36 DAY FROM projects WHERE projects.id=65), 1, 2665, 65, 18);
INSERT INTO orders (order_id, created_at, delivery_id, payment_id, supporting_project_id) VALUES (2665, (SELECT projects.start_date + INTERVAL 36 DAY FROM projects WHERE projects.id=65), 1, 2665, 2665);
INSERT INTO supporting_packages(id, option_list, package_count, order_id, project_package_id, supporting_project_id) VALUES (2665, '["전문가 참가"]', 4, 2665, 65, 2665);
INSERT INTO supporting_projects(supporting_project_id, supported_at, delivery_id, payment_id, project_id, user_id) VALUES (2666, (SELECT projects.start_date + INTERVAL 40 DAY FROM projects WHERE projects.id=65), 1, 2666, 65, 23);
INSERT INTO orders (order_id, created_at, delivery_id, payment_id, supporting_project_id) VALUES (2666, (SELECT projects.start_date + INTERVAL 40 DAY FROM projects WHERE projects.id=65), 1, 2666, 2666);
INSERT INTO supporting_packages(id, option_list, package_count, order_id, project_package_id, supporting_project_id) VALUES (2666, '["전문가 참가"]', 6, 2666, 65, 2666);
INSERT INTO supporting_projects(supporting_project_id, supported_at, delivery_id, payment_id, project_id, user_id) VALUES (2667, (SELECT projects.start_date + INTERVAL 27 DAY FROM projects WHERE projects.id=65), 1, 2667, 65, 19);
INSERT INTO orders (order_id, created_at, delivery_id, payment_id, supporting_project_id) VALUES (2667, (SELECT projects.start_date + INTERVAL 27 DAY FROM projects WHERE projects.id=65), 1, 2667, 2667);
INSERT INTO supporting_packages(id, option_list, package_count, order_id, project_package_id, supporting_project_id) VALUES (2667, '["개인 참가"]', 8, 2667, 65, 2667);
INSERT INTO supporting_projects(supporting_project_id, supported_at, delivery_id, payment_id, project_id, user_id) VALUES (2668, (SELECT projects.start_date + INTERVAL 8 DAY FROM projects WHERE projects.id=65), 1, 2668, 65, 27);
INSERT INTO orders (order_id, created_at, delivery_id, payment_id, supporting_project_id) VALUES (2668, (SELECT projects.start_date + INTERVAL 8 DAY FROM projects WHERE projects.id=65), 1, 2668, 2668);
INSERT INTO supporting_packages(id, option_list, package_count, order_id, project_package_id, supporting_project_id) VALUES (2668, '["개인 참가"]', 1, 2668, 65, 2668);
INSERT INTO supporting_projects(supporting_project_id, supported_at, delivery_id, payment_id, project_id, user_id) VALUES (2669, (SELECT projects.start_date + INTERVAL 17 DAY FROM projects WHERE projects.id=65), 1, 2669, 65, 29);
INSERT INTO orders (order_id, created_at, delivery_id, payment_id, supporting_project_id) VALUES (2669, (SELECT projects.start_date + INTERVAL 17 DAY FROM projects WHERE projects.id=65), 1, 2669, 2669);
INSERT INTO supporting_packages(id, option_list, package_count, order_id, project_package_id, supporting_project_id) VALUES (2669, '["전문가 참가"]', 1, 2669, 65, 2669);
INSERT INTO supporting_projects(supporting_project_id, supported_at, delivery_id, payment_id, project_id, user_id) VALUES (2670, (SELECT projects.start_date + INTERVAL 16 DAY FROM projects WHERE projects.id=65), 1, 2670, 65, 39);
INSERT INTO orders (order_id, created_at, delivery_id, payment_id, supporting_project_id) VALUES (2670, (SELECT projects.start_date + INTERVAL 16 DAY FROM projects WHERE projects.id=65), 1, 2670, 2670);
INSERT INTO supporting_packages(id, option_list, package_count, order_id, project_package_id, supporting_project_id) VALUES (2670, '["개인 참가"]', 9, 2670, 65, 2670);
INSERT INTO supporting_projects(supporting_project_id, supported_at, delivery_id, payment_id, project_id, user_id) VALUES (2671, (SELECT projects.start_date + INTERVAL 13 DAY FROM projects WHERE projects.id=65), 1, 2671, 65, 24);
INSERT INTO orders (order_id, created_at, delivery_id, payment_id, supporting_project_id) VALUES (2671, (SELECT projects.start_date + INTERVAL 13 DAY FROM projects WHERE projects.id=65), 1, 2671, 2671);
INSERT INTO supporting_packages(id, option_list, package_count, order_id, project_package_id, supporting_project_id) VALUES (2671, '["팀 참가"]', 7, 2671, 65, 2671);
INSERT INTO supporting_projects(supporting_project_id, supported_at, delivery_id, payment_id, project_id, user_id) VALUES (2672, (SELECT projects.start_date + INTERVAL 24 DAY FROM projects WHERE projects.id=65), 1, 2672, 65, 13);
INSERT INTO orders (order_id, created_at, delivery_id, payment_id, supporting_project_id) VALUES (2672, (SELECT projects.start_date + INTERVAL 24 DAY FROM projects WHERE projects.id=65), 1, 2672, 2672);
INSERT INTO supporting_packages(id, option_list, package_count, order_id, project_package_id, supporting_project_id) VALUES (2672, '["전문가 참가"]', 6, 2672, 65, 2672);
INSERT INTO supporting_projects(supporting_project_id, supported_at, delivery_id, payment_id, project_id, user_id) VALUES (2673, (SELECT projects.start_date + INTERVAL 44 DAY FROM projects WHERE projects.id=65), 1, 2673, 65, 16);
INSERT INTO orders (order_id, created_at, delivery_id, payment_id, supporting_project_id) VALUES (2673, (SELECT projects.start_date + INTERVAL 44 DAY FROM projects WHERE projects.id=65), 1, 2673, 2673);
INSERT INTO supporting_packages(id, option_list, package_count, order_id, project_package_id, supporting_project_id) VALUES (2673, '["개인 참가"]', 8, 2673, 65, 2673);
INSERT INTO supporting_projects(supporting_project_id, supported_at, delivery_id, payment_id, project_id, user_id) VALUES (2674, (SELECT projects.start_date + INTERVAL 47 DAY FROM projects WHERE projects.id=65), 1, 2674, 65, 18);
INSERT INTO orders (order_id, created_at, delivery_id, payment_id, supporting_project_id) VALUES (2674, (SELECT projects.start_date + INTERVAL 47 DAY FROM projects WHERE projects.id=65), 1, 2674, 2674);
INSERT INTO supporting_packages(id, option_list, package_count, order_id, project_package_id, supporting_project_id) VALUES (2674, '["팀 참가"]', 10, 2674, 65, 2674);
INSERT INTO supporting_projects(supporting_project_id, supported_at, delivery_id, payment_id, project_id, user_id) VALUES (2675, (SELECT projects.start_date + INTERVAL 43 DAY FROM projects WHERE projects.id=65), 1, 2675, 65, 24);
INSERT INTO orders (order_id, created_at, delivery_id, payment_id, supporting_project_id) VALUES (2675, (SELECT projects.start_date + INTERVAL 43 DAY FROM projects WHERE projects.id=65), 1, 2675, 2675);
INSERT INTO supporting_packages(id, option_list, package_count, order_id, project_package_id, supporting_project_id) VALUES (2675, '["팀 참가"]', 2, 2675, 65, 2675);
INSERT INTO supporting_projects(supporting_project_id, supported_at, delivery_id, payment_id, project_id, user_id) VALUES (2676, (SELECT projects.start_date + INTERVAL 8 DAY FROM projects WHERE projects.id=65), 1, 2676, 65, 14);
INSERT INTO orders (order_id, created_at, delivery_id, payment_id, supporting_project_id) VALUES (2676, (SELECT projects.start_date + INTERVAL 8 DAY FROM projects WHERE projects.id=65), 1, 2676, 2676);
INSERT INTO supporting_packages(id, option_list, package_count, order_id, project_package_id, supporting_project_id) VALUES (2676, '["개인 참가"]', 6, 2676, 65, 2676);
INSERT INTO supporting_projects(supporting_project_id, supported_at, delivery_id, payment_id, project_id, user_id) VALUES (2677, (SELECT projects.start_date + INTERVAL 3 DAY FROM projects WHERE projects.id=65), 1, 2677, 65, 7);
INSERT INTO orders (order_id, created_at, delivery_id, payment_id, supporting_project_id) VALUES (2677, (SELECT projects.start_date + INTERVAL 3 DAY FROM projects WHERE projects.id=65), 1, 2677, 2677);
INSERT INTO supporting_packages(id, option_list, package_count, order_id, project_package_id, supporting_project_id) VALUES (2677, '["개인 참가"]', 6, 2677, 65, 2677);
INSERT INTO supporting_projects(supporting_project_id, supported_at, delivery_id, payment_id, project_id, user_id) VALUES (2678, (SELECT projects.start_date + INTERVAL 46 DAY FROM projects WHERE projects.id=65), 1, 2678, 65, 6);
INSERT INTO orders (order_id, created_at, delivery_id, payment_id, supporting_project_id) VALUES (2678, (SELECT projects.start_date + INTERVAL 46 DAY FROM projects WHERE projects.id=65), 1, 2678, 2678);
INSERT INTO supporting_packages(id, option_list, package_count, order_id, project_package_id, supporting_project_id) VALUES (2678, '["개인 참가"]', 2, 2678, 65, 2678);
INSERT INTO supporting_projects(supporting_project_id, supported_at, delivery_id, payment_id, project_id, user_id) VALUES (2679, (SELECT projects.start_date + INTERVAL 29 DAY FROM projects WHERE projects.id=65), 1, 2679, 65, 17);
INSERT INTO orders (order_id, created_at, delivery_id, payment_id, supporting_project_id) VALUES (2679, (SELECT projects.start_date + INTERVAL 29 DAY FROM projects WHERE projects.id=65), 1, 2679, 2679);
INSERT INTO supporting_packages(id, option_list, package_count, order_id, project_package_id, supporting_project_id) VALUES (2679, '["전문가 참가"]', 8, 2679, 65, 2679);
INSERT INTO supporting_projects(supporting_project_id, supported_at, delivery_id, payment_id, project_id, user_id) VALUES (2680, (SELECT projects.start_date + INTERVAL 13 DAY FROM projects WHERE projects.id=65), 1, 2680, 65, 11);
INSERT INTO orders (order_id, created_at, delivery_id, payment_id, supporting_project_id) VALUES (2680, (SELECT projects.start_date + INTERVAL 13 DAY FROM projects WHERE projects.id=65), 1, 2680, 2680);
INSERT INTO supporting_packages(id, option_list, package_count, order_id, project_package_id, supporting_project_id) VALUES (2680, '["개인 참가"]', 4, 2680, 65, 2680);
INSERT INTO supporting_projects(supporting_project_id, supported_at, delivery_id, payment_id, project_id, user_id) VALUES (2681, (SELECT projects.start_date + INTERVAL 10 DAY FROM projects WHERE projects.id=65), 1, 2681, 65, 14);
INSERT INTO orders (order_id, created_at, delivery_id, payment_id, supporting_project_id) VALUES (2681, (SELECT projects.start_date + INTERVAL 10 DAY FROM projects WHERE projects.id=65), 1, 2681, 2681);
INSERT INTO supporting_packages(id, option_list, package_count, order_id, project_package_id, supporting_project_id) VALUES (2681, '["개인 참가"]', 3, 2681, 65, 2681);
INSERT INTO supporting_projects(supporting_project_id, supported_at, delivery_id, payment_id, project_id, user_id) VALUES (2682, (SELECT projects.start_date + INTERVAL 22 DAY FROM projects WHERE projects.id=65), 1, 2682, 65, 4);
INSERT INTO orders (order_id, created_at, delivery_id, payment_id, supporting_project_id) VALUES (2682, (SELECT projects.start_date + INTERVAL 22 DAY FROM projects WHERE projects.id=65), 1, 2682, 2682);
INSERT INTO supporting_packages(id, option_list, package_count, order_id, project_package_id, supporting_project_id) VALUES (2682, '["개인 참가"]', 4, 2682, 65, 2682);
INSERT INTO supporting_projects(supporting_project_id, supported_at, delivery_id, payment_id, project_id, user_id) VALUES (2683, (SELECT projects.start_date + INTERVAL 41 DAY FROM projects WHERE projects.id=65), 1, 2683, 65, 9);
INSERT INTO orders (order_id, created_at, delivery_id, payment_id, supporting_project_id) VALUES (2683, (SELECT projects.start_date + INTERVAL 41 DAY FROM projects WHERE projects.id=65), 1, 2683, 2683);
INSERT INTO supporting_packages(id, option_list, package_count, order_id, project_package_id, supporting_project_id) VALUES (2683, '["팀 참가"]', 4, 2683, 65, 2683);
INSERT INTO supporting_projects(supporting_project_id, supported_at, delivery_id, payment_id, project_id, user_id) VALUES (2684, (SELECT projects.start_date + INTERVAL 34 DAY FROM projects WHERE projects.id=65), 1, 2684, 65, 22);
INSERT INTO orders (order_id, created_at, delivery_id, payment_id, supporting_project_id) VALUES (2684, (SELECT projects.start_date + INTERVAL 34 DAY FROM projects WHERE projects.id=65), 1, 2684, 2684);
INSERT INTO supporting_packages(id, option_list, package_count, order_id, project_package_id, supporting_project_id) VALUES (2684, '["전문가 참가"]', 4, 2684, 65, 2684);
INSERT INTO supporting_projects(supporting_project_id, supported_at, delivery_id, payment_id, project_id, user_id) VALUES (2685, (SELECT projects.start_date + INTERVAL 31 DAY FROM projects WHERE projects.id=65), 1, 2685, 65, 38);
INSERT INTO orders (order_id, created_at, delivery_id, payment_id, supporting_project_id) VALUES (2685, (SELECT projects.start_date + INTERVAL 31 DAY FROM projects WHERE projects.id=65), 1, 2685, 2685);
INSERT INTO supporting_packages(id, option_list, package_count, order_id, project_package_id, supporting_project_id) VALUES (2685, '["팀 참가"]', 5, 2685, 65, 2685);
INSERT INTO supporting_projects(supporting_project_id, supported_at, delivery_id, payment_id, project_id, user_id) VALUES (2686, (SELECT projects.start_date + INTERVAL 6 DAY FROM projects WHERE projects.id=65), 1, 2686, 65, 32);
INSERT INTO orders (order_id, created_at, delivery_id, payment_id, supporting_project_id) VALUES (2686, (SELECT projects.start_date + INTERVAL 6 DAY FROM projects WHERE projects.id=65), 1, 2686, 2686);
INSERT INTO supporting_packages(id, option_list, package_count, order_id, project_package_id, supporting_project_id) VALUES (2686, '["전문가 참가"]', 10, 2686, 65, 2686);
INSERT INTO supporting_projects(supporting_project_id, supported_at, delivery_id, payment_id, project_id, user_id) VALUES (2687, (SELECT projects.start_date + INTERVAL 45 DAY FROM projects WHERE projects.id=65), 1, 2687, 65, 17);
INSERT INTO orders (order_id, created_at, delivery_id, payment_id, supporting_project_id) VALUES (2687, (SELECT projects.start_date + INTERVAL 45 DAY FROM projects WHERE projects.id=65), 1, 2687, 2687);
INSERT INTO supporting_packages(id, option_list, package_count, order_id, project_package_id, supporting_project_id) VALUES (2687, '["전문가 참가"]', 3, 2687, 65, 2687);
INSERT INTO supporting_projects(supporting_project_id, supported_at, delivery_id, payment_id, project_id, user_id) VALUES (2688, (SELECT projects.start_date + INTERVAL 5 DAY FROM projects WHERE projects.id=65), 1, 2688, 65, 16);
INSERT INTO orders (order_id, created_at, delivery_id, payment_id, supporting_project_id) VALUES (2688, (SELECT projects.start_date + INTERVAL 5 DAY FROM projects WHERE projects.id=65), 1, 2688, 2688);
INSERT INTO supporting_packages(id, option_list, package_count, order_id, project_package_id, supporting_project_id) VALUES (2688, '["개인 참가"]', 2, 2688, 65, 2688);
INSERT INTO supporting_projects(supporting_project_id, supported_at, delivery_id, payment_id, project_id, user_id) VALUES (2689, (SELECT projects.start_date + INTERVAL 6 DAY FROM projects WHERE projects.id=65), 1, 2689, 65, 24);
INSERT INTO orders (order_id, created_at, delivery_id, payment_id, supporting_project_id) VALUES (2689, (SELECT projects.start_date + INTERVAL 6 DAY FROM projects WHERE projects.id=65), 1, 2689, 2689);
INSERT INTO supporting_packages(id, option_list, package_count, order_id, project_package_id, supporting_project_id) VALUES (2689, '["개인 참가"]', 4, 2689, 65, 2689);
INSERT INTO supporting_projects(supporting_project_id, supported_at, delivery_id, payment_id, project_id, user_id) VALUES (2690, (SELECT projects.start_date + INTERVAL 37 DAY FROM projects WHERE projects.id=65), 1, 2690, 65, 23);
INSERT INTO orders (order_id, created_at, delivery_id, payment_id, supporting_project_id) VALUES (2690, (SELECT projects.start_date + INTERVAL 37 DAY FROM projects WHERE projects.id=65), 1, 2690, 2690);
INSERT INTO supporting_packages(id, option_list, package_count, order_id, project_package_id, supporting_project_id) VALUES (2690, '["전문가 참가"]', 4, 2690, 65, 2690);
INSERT INTO supporting_projects(supporting_project_id, supported_at, delivery_id, payment_id, project_id, user_id) VALUES (2691, (SELECT projects.start_date + INTERVAL 49 DAY FROM projects WHERE projects.id=67), 1, 2691, 67, 11);
INSERT INTO orders (order_id, created_at, delivery_id, payment_id, supporting_project_id) VALUES (2691, (SELECT projects.start_date + INTERVAL 49 DAY FROM projects WHERE projects.id=67), 1, 2691, 2691);
INSERT INTO supporting_packages(id, option_list, package_count, order_id, project_package_id, supporting_project_id) VALUES (2691, '["CD"]', 5, 2691, 67, 2691);
INSERT INTO supporting_projects(supporting_project_id, supported_at, delivery_id, payment_id, project_id, user_id) VALUES (2692, (SELECT projects.start_date + INTERVAL 14 DAY FROM projects WHERE projects.id=67), 1, 2692, 67, 23);
INSERT INTO orders (order_id, created_at, delivery_id, payment_id, supporting_project_id) VALUES (2692, (SELECT projects.start_date + INTERVAL 14 DAY FROM projects WHERE projects.id=67), 1, 2692, 2692);
INSERT INTO supporting_packages(id, option_list, package_count, order_id, project_package_id, supporting_project_id) VALUES (2692, '["디지털 다운로드"]', 9, 2692, 67, 2692);
INSERT INTO supporting_projects(supporting_project_id, supported_at, delivery_id, payment_id, project_id, user_id) VALUES (2693, (SELECT projects.start_date + INTERVAL 35 DAY FROM projects WHERE projects.id=67), 1, 2693, 67, 40);
INSERT INTO orders (order_id, created_at, delivery_id, payment_id, supporting_project_id) VALUES (2693, (SELECT projects.start_date + INTERVAL 35 DAY FROM projects WHERE projects.id=67), 1, 2693, 2693);
INSERT INTO supporting_packages(id, option_list, package_count, order_id, project_package_id, supporting_project_id) VALUES (2693, '["LP"]', 5, 2693, 67, 2693);
INSERT INTO supporting_projects(supporting_project_id, supported_at, delivery_id, payment_id, project_id, user_id) VALUES (2694, (SELECT projects.start_date + INTERVAL 14 DAY FROM projects WHERE projects.id=67), 1, 2694, 67, 15);
INSERT INTO orders (order_id, created_at, delivery_id, payment_id, supporting_project_id) VALUES (2694, (SELECT projects.start_date + INTERVAL 14 DAY FROM projects WHERE projects.id=67), 1, 2694, 2694);
INSERT INTO supporting_packages(id, option_list, package_count, order_id, project_package_id, supporting_project_id) VALUES (2694, '["디지털 다운로드"]', 3, 2694, 67, 2694);
INSERT INTO supporting_projects(supporting_project_id, supported_at, delivery_id, payment_id, project_id, user_id) VALUES (2695, (SELECT projects.start_date + INTERVAL 50 DAY FROM projects WHERE projects.id=67), 1, 2695, 67, 16);
INSERT INTO orders (order_id, created_at, delivery_id, payment_id, supporting_project_id) VALUES (2695, (SELECT projects.start_date + INTERVAL 50 DAY FROM projects WHERE projects.id=67), 1, 2695, 2695);
INSERT INTO supporting_packages(id, option_list, package_count, order_id, project_package_id, supporting_project_id) VALUES (2695, '["디지털 다운로드"]', 1, 2695, 67, 2695);
INSERT INTO supporting_projects(supporting_project_id, supported_at, delivery_id, payment_id, project_id, user_id) VALUES (2696, (SELECT projects.start_date + INTERVAL 46 DAY FROM projects WHERE projects.id=67), 1, 2696, 67, 20);
INSERT INTO orders (order_id, created_at, delivery_id, payment_id, supporting_project_id) VALUES (2696, (SELECT projects.start_date + INTERVAL 46 DAY FROM projects WHERE projects.id=67), 1, 2696, 2696);
INSERT INTO supporting_packages(id, option_list, package_count, order_id, project_package_id, supporting_project_id) VALUES (2696, '["디지털 다운로드"]', 1, 2696, 67, 2696);
INSERT INTO supporting_projects(supporting_project_id, supported_at, delivery_id, payment_id, project_id, user_id) VALUES (2697, (SELECT projects.start_date + INTERVAL 20 DAY FROM projects WHERE projects.id=67), 1, 2697, 67, 11);
INSERT INTO orders (order_id, created_at, delivery_id, payment_id, supporting_project_id) VALUES (2697, (SELECT projects.start_date + INTERVAL 20 DAY FROM projects WHERE projects.id=67), 1, 2697, 2697);
INSERT INTO supporting_packages(id, option_list, package_count, order_id, project_package_id, supporting_project_id) VALUES (2697, '["LP"]', 3, 2697, 67, 2697);
INSERT INTO supporting_projects(supporting_project_id, supported_at, delivery_id, payment_id, project_id, user_id) VALUES (2698, (SELECT projects.start_date + INTERVAL 6 DAY FROM projects WHERE projects.id=67), 1, 2698, 67, 6);
INSERT INTO orders (order_id, created_at, delivery_id, payment_id, supporting_project_id) VALUES (2698, (SELECT projects.start_date + INTERVAL 6 DAY FROM projects WHERE projects.id=67), 1, 2698, 2698);
INSERT INTO supporting_packages(id, option_list, package_count, order_id, project_package_id, supporting_project_id) VALUES (2698, '["CD"]', 1, 2698, 67, 2698);
INSERT INTO supporting_projects(supporting_project_id, supported_at, delivery_id, payment_id, project_id, user_id) VALUES (2699, (SELECT projects.start_date + INTERVAL 13 DAY FROM projects WHERE projects.id=67), 1, 2699, 67, 28);
INSERT INTO orders (order_id, created_at, delivery_id, payment_id, supporting_project_id) VALUES (2699, (SELECT projects.start_date + INTERVAL 13 DAY FROM projects WHERE projects.id=67), 1, 2699, 2699);
INSERT INTO supporting_packages(id, option_list, package_count, order_id, project_package_id, supporting_project_id) VALUES (2699, '["디지털 다운로드"]', 3, 2699, 67, 2699);
INSERT INTO supporting_projects(supporting_project_id, supported_at, delivery_id, payment_id, project_id, user_id) VALUES (2700, (SELECT projects.start_date + INTERVAL 16 DAY FROM projects WHERE projects.id=67), 1, 2700, 67, 7);
INSERT INTO orders (order_id, created_at, delivery_id, payment_id, supporting_project_id) VALUES (2700, (SELECT projects.start_date + INTERVAL 16 DAY FROM projects WHERE projects.id=67), 1, 2700, 2700);
INSERT INTO supporting_packages(id, option_list, package_count, order_id, project_package_id, supporting_project_id) VALUES (2700, '["디지털 다운로드"]', 1, 2700, 67, 2700);
INSERT INTO supporting_projects(supporting_project_id, supported_at, delivery_id, payment_id, project_id, user_id) VALUES (2701, (SELECT projects.start_date + INTERVAL 26 DAY FROM projects WHERE projects.id=67), 1, 2701, 67, 24);
INSERT INTO orders (order_id, created_at, delivery_id, payment_id, supporting_project_id) VALUES (2701, (SELECT projects.start_date + INTERVAL 26 DAY FROM projects WHERE projects.id=67), 1, 2701, 2701);
INSERT INTO supporting_packages(id, option_list, package_count, order_id, project_package_id, supporting_project_id) VALUES (2701, '["LP"]', 3, 2701, 67, 2701);
INSERT INTO supporting_projects(supporting_project_id, supported_at, delivery_id, payment_id, project_id, user_id) VALUES (2702, (SELECT projects.start_date + INTERVAL 7 DAY FROM projects WHERE projects.id=67), 1, 2702, 67, 7);
INSERT INTO orders (order_id, created_at, delivery_id, payment_id, supporting_project_id) VALUES (2702, (SELECT projects.start_date + INTERVAL 7 DAY FROM projects WHERE projects.id=67), 1, 2702, 2702);
INSERT INTO supporting_packages(id, option_list, package_count, order_id, project_package_id, supporting_project_id) VALUES (2702, '["CD"]', 8, 2702, 67, 2702);
INSERT INTO supporting_projects(supporting_project_id, supported_at, delivery_id, payment_id, project_id, user_id) VALUES (2703, (SELECT projects.start_date + INTERVAL 10 DAY FROM projects WHERE projects.id=67), 1, 2703, 67, 32);
INSERT INTO orders (order_id, created_at, delivery_id, payment_id, supporting_project_id) VALUES (2703, (SELECT projects.start_date + INTERVAL 10 DAY FROM projects WHERE projects.id=67), 1, 2703, 2703);
INSERT INTO supporting_packages(id, option_list, package_count, order_id, project_package_id, supporting_project_id) VALUES (2703, '["디지털 다운로드"]', 5, 2703, 67, 2703);
INSERT INTO supporting_projects(supporting_project_id, supported_at, delivery_id, payment_id, project_id, user_id) VALUES (2704, (SELECT projects.start_date + INTERVAL 45 DAY FROM projects WHERE projects.id=67), 1, 2704, 67, 29);
INSERT INTO orders (order_id, created_at, delivery_id, payment_id, supporting_project_id) VALUES (2704, (SELECT projects.start_date + INTERVAL 45 DAY FROM projects WHERE projects.id=67), 1, 2704, 2704);
INSERT INTO supporting_packages(id, option_list, package_count, order_id, project_package_id, supporting_project_id) VALUES (2704, '["LP"]', 8, 2704, 67, 2704);
INSERT INTO supporting_projects(supporting_project_id, supported_at, delivery_id, payment_id, project_id, user_id) VALUES (2705, (SELECT projects.start_date + INTERVAL 11 DAY FROM projects WHERE projects.id=67), 1, 2705, 67, 18);
INSERT INTO orders (order_id, created_at, delivery_id, payment_id, supporting_project_id) VALUES (2705, (SELECT projects.start_date + INTERVAL 11 DAY FROM projects WHERE projects.id=67), 1, 2705, 2705);
INSERT INTO supporting_packages(id, option_list, package_count, order_id, project_package_id, supporting_project_id) VALUES (2705, '["LP"]', 9, 2705, 67, 2705);
INSERT INTO supporting_projects(supporting_project_id, supported_at, delivery_id, payment_id, project_id, user_id) VALUES (2706, (SELECT projects.start_date + INTERVAL 21 DAY FROM projects WHERE projects.id=67), 1, 2706, 67, 36);
INSERT INTO orders (order_id, created_at, delivery_id, payment_id, supporting_project_id) VALUES (2706, (SELECT projects.start_date + INTERVAL 21 DAY FROM projects WHERE projects.id=67), 1, 2706, 2706);
INSERT INTO supporting_packages(id, option_list, package_count, order_id, project_package_id, supporting_project_id) VALUES (2706, '["디지털 다운로드"]', 6, 2706, 67, 2706);
INSERT INTO supporting_projects(supporting_project_id, supported_at, delivery_id, payment_id, project_id, user_id) VALUES (2707, (SELECT projects.start_date + INTERVAL 5 DAY FROM projects WHERE projects.id=67), 1, 2707, 67, 5);
INSERT INTO orders (order_id, created_at, delivery_id, payment_id, supporting_project_id) VALUES (2707, (SELECT projects.start_date + INTERVAL 5 DAY FROM projects WHERE projects.id=67), 1, 2707, 2707);
INSERT INTO supporting_packages(id, option_list, package_count, order_id, project_package_id, supporting_project_id) VALUES (2707, '["CD"]', 4, 2707, 67, 2707);
INSERT INTO supporting_projects(supporting_project_id, supported_at, delivery_id, payment_id, project_id, user_id) VALUES (2708, (SELECT projects.start_date + INTERVAL 3 DAY FROM projects WHERE projects.id=67), 1, 2708, 67, 21);
INSERT INTO orders (order_id, created_at, delivery_id, payment_id, supporting_project_id) VALUES (2708, (SELECT projects.start_date + INTERVAL 3 DAY FROM projects WHERE projects.id=67), 1, 2708, 2708);
INSERT INTO supporting_packages(id, option_list, package_count, order_id, project_package_id, supporting_project_id) VALUES (2708, '["CD"]', 2, 2708, 67, 2708);
INSERT INTO supporting_projects(supporting_project_id, supported_at, delivery_id, payment_id, project_id, user_id) VALUES (2709, (SELECT projects.start_date + INTERVAL 49 DAY FROM projects WHERE projects.id=67), 1, 2709, 67, 8);
INSERT INTO orders (order_id, created_at, delivery_id, payment_id, supporting_project_id) VALUES (2709, (SELECT projects.start_date + INTERVAL 49 DAY FROM projects WHERE projects.id=67), 1, 2709, 2709);
INSERT INTO supporting_packages(id, option_list, package_count, order_id, project_package_id, supporting_project_id) VALUES (2709, '["LP"]', 6, 2709, 67, 2709);
INSERT INTO supporting_projects(supporting_project_id, supported_at, delivery_id, payment_id, project_id, user_id) VALUES (2710, (SELECT projects.start_date + INTERVAL 16 DAY FROM projects WHERE projects.id=67), 1, 2710, 67, 17);
INSERT INTO orders (order_id, created_at, delivery_id, payment_id, supporting_project_id) VALUES (2710, (SELECT projects.start_date + INTERVAL 16 DAY FROM projects WHERE projects.id=67), 1, 2710, 2710);
INSERT INTO supporting_packages(id, option_list, package_count, order_id, project_package_id, supporting_project_id) VALUES (2710, '["CD"]', 5, 2710, 67, 2710);
INSERT INTO supporting_projects(supporting_project_id, supported_at, delivery_id, payment_id, project_id, user_id) VALUES (2711, (SELECT projects.start_date + INTERVAL 29 DAY FROM projects WHERE projects.id=67), 1, 2711, 67, 10);
INSERT INTO orders (order_id, created_at, delivery_id, payment_id, supporting_project_id) VALUES (2711, (SELECT projects.start_date + INTERVAL 29 DAY FROM projects WHERE projects.id=67), 1, 2711, 2711);
INSERT INTO supporting_packages(id, option_list, package_count, order_id, project_package_id, supporting_project_id) VALUES (2711, '["디지털 다운로드"]', 8, 2711, 67, 2711);
INSERT INTO supporting_projects(supporting_project_id, supported_at, delivery_id, payment_id, project_id, user_id) VALUES (2712, (SELECT projects.start_date + INTERVAL 38 DAY FROM projects WHERE projects.id=67), 1, 2712, 67, 11);
INSERT INTO orders (order_id, created_at, delivery_id, payment_id, supporting_project_id) VALUES (2712, (SELECT projects.start_date + INTERVAL 38 DAY FROM projects WHERE projects.id=67), 1, 2712, 2712);
INSERT INTO supporting_packages(id, option_list, package_count, order_id, project_package_id, supporting_project_id) VALUES (2712, '["LP"]', 8, 2712, 67, 2712);
INSERT INTO supporting_projects(supporting_project_id, supported_at, delivery_id, payment_id, project_id, user_id) VALUES (2713, (SELECT projects.start_date + INTERVAL 30 DAY FROM projects WHERE projects.id=67), 1, 2713, 67, 27);
INSERT INTO orders (order_id, created_at, delivery_id, payment_id, supporting_project_id) VALUES (2713, (SELECT projects.start_date + INTERVAL 30 DAY FROM projects WHERE projects.id=67), 1, 2713, 2713);
INSERT INTO supporting_packages(id, option_list, package_count, order_id, project_package_id, supporting_project_id) VALUES (2713, '["디지털 다운로드"]', 4, 2713, 67, 2713);
INSERT INTO supporting_projects(supporting_project_id, supported_at, delivery_id, payment_id, project_id, user_id) VALUES (2714, (SELECT projects.start_date + INTERVAL 36 DAY FROM projects WHERE projects.id=67), 1, 2714, 67, 22);
INSERT INTO orders (order_id, created_at, delivery_id, payment_id, supporting_project_id) VALUES (2714, (SELECT projects.start_date + INTERVAL 36 DAY FROM projects WHERE projects.id=67), 1, 2714, 2714);
INSERT INTO supporting_packages(id, option_list, package_count, order_id, project_package_id, supporting_project_id) VALUES (2714, '["LP"]', 7, 2714, 67, 2714);
INSERT INTO supporting_projects(supporting_project_id, supported_at, delivery_id, payment_id, project_id, user_id) VALUES (2715, (SELECT projects.start_date + INTERVAL 7 DAY FROM projects WHERE projects.id=67), 1, 2715, 67, 32);
INSERT INTO orders (order_id, created_at, delivery_id, payment_id, supporting_project_id) VALUES (2715, (SELECT projects.start_date + INTERVAL 7 DAY FROM projects WHERE projects.id=67), 1, 2715, 2715);
INSERT INTO supporting_packages(id, option_list, package_count, order_id, project_package_id, supporting_project_id) VALUES (2715, '["LP"]', 9, 2715, 67, 2715);
INSERT INTO supporting_projects(supporting_project_id, supported_at, delivery_id, payment_id, project_id, user_id) VALUES (2716, (SELECT projects.start_date + INTERVAL 10 DAY FROM projects WHERE projects.id=67), 1, 2716, 67, 36);
INSERT INTO orders (order_id, created_at, delivery_id, payment_id, supporting_project_id) VALUES (2716, (SELECT projects.start_date + INTERVAL 10 DAY FROM projects WHERE projects.id=67), 1, 2716, 2716);
INSERT INTO supporting_packages(id, option_list, package_count, order_id, project_package_id, supporting_project_id) VALUES (2716, '["디지털 다운로드"]', 8, 2716, 67, 2716);
INSERT INTO supporting_projects(supporting_project_id, supported_at, delivery_id, payment_id, project_id, user_id) VALUES (2717, (SELECT projects.start_date + INTERVAL 15 DAY FROM projects WHERE projects.id=67), 1, 2717, 67, 3);
INSERT INTO orders (order_id, created_at, delivery_id, payment_id, supporting_project_id) VALUES (2717, (SELECT projects.start_date + INTERVAL 15 DAY FROM projects WHERE projects.id=67), 1, 2717, 2717);
INSERT INTO supporting_packages(id, option_list, package_count, order_id, project_package_id, supporting_project_id) VALUES (2717, '["LP"]', 6, 2717, 67, 2717);
INSERT INTO supporting_projects(supporting_project_id, supported_at, delivery_id, payment_id, project_id, user_id) VALUES (2718, (SELECT projects.start_date + INTERVAL 12 DAY FROM projects WHERE projects.id=67), 1, 2718, 67, 33);
INSERT INTO orders (order_id, created_at, delivery_id, payment_id, supporting_project_id) VALUES (2718, (SELECT projects.start_date + INTERVAL 12 DAY FROM projects WHERE projects.id=67), 1, 2718, 2718);
INSERT INTO supporting_packages(id, option_list, package_count, order_id, project_package_id, supporting_project_id) VALUES (2718, '["CD"]', 7, 2718, 67, 2718);
INSERT INTO supporting_projects(supporting_project_id, supported_at, delivery_id, payment_id, project_id, user_id) VALUES (2719, (SELECT projects.start_date + INTERVAL 9 DAY FROM projects WHERE projects.id=67), 1, 2719, 67, 22);
INSERT INTO orders (order_id, created_at, delivery_id, payment_id, supporting_project_id) VALUES (2719, (SELECT projects.start_date + INTERVAL 9 DAY FROM projects WHERE projects.id=67), 1, 2719, 2719);
INSERT INTO supporting_packages(id, option_list, package_count, order_id, project_package_id, supporting_project_id) VALUES (2719, '["CD"]', 10, 2719, 67, 2719);
INSERT INTO supporting_projects(supporting_project_id, supported_at, delivery_id, payment_id, project_id, user_id) VALUES (2720, (SELECT projects.start_date + INTERVAL 4 DAY FROM projects WHERE projects.id=67), 1, 2720, 67, 2);
INSERT INTO orders (order_id, created_at, delivery_id, payment_id, supporting_project_id) VALUES (2720, (SELECT projects.start_date + INTERVAL 4 DAY FROM projects WHERE projects.id=67), 1, 2720, 2720);
INSERT INTO supporting_packages(id, option_list, package_count, order_id, project_package_id, supporting_project_id) VALUES (2720, '["LP"]', 1, 2720, 67, 2720);
INSERT INTO supporting_projects(supporting_project_id, supported_at, delivery_id, payment_id, project_id, user_id) VALUES (2721, (SELECT projects.start_date + INTERVAL 7 DAY FROM projects WHERE projects.id=67), 1, 2721, 67, 9);
INSERT INTO orders (order_id, created_at, delivery_id, payment_id, supporting_project_id) VALUES (2721, (SELECT projects.start_date + INTERVAL 7 DAY FROM projects WHERE projects.id=67), 1, 2721, 2721);
INSERT INTO supporting_packages(id, option_list, package_count, order_id, project_package_id, supporting_project_id) VALUES (2721, '["LP"]', 9, 2721, 67, 2721);
INSERT INTO supporting_projects(supporting_project_id, supported_at, delivery_id, payment_id, project_id, user_id) VALUES (2722, (SELECT projects.start_date + INTERVAL 29 DAY FROM projects WHERE projects.id=67), 1, 2722, 67, 20);
INSERT INTO orders (order_id, created_at, delivery_id, payment_id, supporting_project_id) VALUES (2722, (SELECT projects.start_date + INTERVAL 29 DAY FROM projects WHERE projects.id=67), 1, 2722, 2722);
INSERT INTO supporting_packages(id, option_list, package_count, order_id, project_package_id, supporting_project_id) VALUES (2722, '["CD"]', 9, 2722, 67, 2722);
INSERT INTO supporting_projects(supporting_project_id, supported_at, delivery_id, payment_id, project_id, user_id) VALUES (2723, (SELECT projects.start_date + INTERVAL 38 DAY FROM projects WHERE projects.id=67), 1, 2723, 67, 7);
INSERT INTO orders (order_id, created_at, delivery_id, payment_id, supporting_project_id) VALUES (2723, (SELECT projects.start_date + INTERVAL 38 DAY FROM projects WHERE projects.id=67), 1, 2723, 2723);
INSERT INTO supporting_packages(id, option_list, package_count, order_id, project_package_id, supporting_project_id) VALUES (2723, '["CD"]', 1, 2723, 67, 2723);
INSERT INTO supporting_projects(supporting_project_id, supported_at, delivery_id, payment_id, project_id, user_id) VALUES (2724, (SELECT projects.start_date + INTERVAL 46 DAY FROM projects WHERE projects.id=67), 1, 2724, 67, 29);
INSERT INTO orders (order_id, created_at, delivery_id, payment_id, supporting_project_id) VALUES (2724, (SELECT projects.start_date + INTERVAL 46 DAY FROM projects WHERE projects.id=67), 1, 2724, 2724);
INSERT INTO supporting_packages(id, option_list, package_count, order_id, project_package_id, supporting_project_id) VALUES (2724, '["LP"]', 7, 2724, 67, 2724);
INSERT INTO supporting_projects(supporting_project_id, supported_at, delivery_id, payment_id, project_id, user_id) VALUES (2725, (SELECT projects.start_date + INTERVAL 36 DAY FROM projects WHERE projects.id=67), 1, 2725, 67, 26);
INSERT INTO orders (order_id, created_at, delivery_id, payment_id, supporting_project_id) VALUES (2725, (SELECT projects.start_date + INTERVAL 36 DAY FROM projects WHERE projects.id=67), 1, 2725, 2725);
INSERT INTO supporting_packages(id, option_list, package_count, order_id, project_package_id, supporting_project_id) VALUES (2725, '["CD"]', 3, 2725, 67, 2725);
INSERT INTO supporting_projects(supporting_project_id, supported_at, delivery_id, payment_id, project_id, user_id) VALUES (2726, (SELECT projects.start_date + INTERVAL 19 DAY FROM projects WHERE projects.id=67), 1, 2726, 67, 3);
INSERT INTO orders (order_id, created_at, delivery_id, payment_id, supporting_project_id) VALUES (2726, (SELECT projects.start_date + INTERVAL 19 DAY FROM projects WHERE projects.id=67), 1, 2726, 2726);
INSERT INTO supporting_packages(id, option_list, package_count, order_id, project_package_id, supporting_project_id) VALUES (2726, '["CD"]', 1, 2726, 67, 2726);
INSERT INTO supporting_projects(supporting_project_id, supported_at, delivery_id, payment_id, project_id, user_id) VALUES (2727, (SELECT projects.start_date + INTERVAL 39 DAY FROM projects WHERE projects.id=67), 1, 2727, 67, 16);
INSERT INTO orders (order_id, created_at, delivery_id, payment_id, supporting_project_id) VALUES (2727, (SELECT projects.start_date + INTERVAL 39 DAY FROM projects WHERE projects.id=67), 1, 2727, 2727);
INSERT INTO supporting_packages(id, option_list, package_count, order_id, project_package_id, supporting_project_id) VALUES (2727, '["CD"]', 6, 2727, 67, 2727);
INSERT INTO supporting_projects(supporting_project_id, supported_at, delivery_id, payment_id, project_id, user_id) VALUES (2728, (SELECT projects.start_date + INTERVAL 44 DAY FROM projects WHERE projects.id=67), 1, 2728, 67, 7);
INSERT INTO orders (order_id, created_at, delivery_id, payment_id, supporting_project_id) VALUES (2728, (SELECT projects.start_date + INTERVAL 44 DAY FROM projects WHERE projects.id=67), 1, 2728, 2728);
INSERT INTO supporting_packages(id, option_list, package_count, order_id, project_package_id, supporting_project_id) VALUES (2728, '["디지털 다운로드"]', 3, 2728, 67, 2728);
INSERT INTO supporting_projects(supporting_project_id, supported_at, delivery_id, payment_id, project_id, user_id) VALUES (2729, (SELECT projects.start_date + INTERVAL 12 DAY FROM projects WHERE projects.id=69), 1, 2729, 69, 2);
INSERT INTO orders (order_id, created_at, delivery_id, payment_id, supporting_project_id) VALUES (2729, (SELECT projects.start_date + INTERVAL 12 DAY FROM projects WHERE projects.id=69), 1, 2729, 2729);
INSERT INTO supporting_packages(id, option_list, package_count, order_id, project_package_id, supporting_project_id) VALUES (2729, '["온라인"]', 3, 2729, 69, 2729);
INSERT INTO supporting_projects(supporting_project_id, supported_at, delivery_id, payment_id, project_id, user_id) VALUES (2730, (SELECT projects.start_date + INTERVAL 19 DAY FROM projects WHERE projects.id=69), 1, 2730, 69, 35);
INSERT INTO orders (order_id, created_at, delivery_id, payment_id, supporting_project_id) VALUES (2730, (SELECT projects.start_date + INTERVAL 19 DAY FROM projects WHERE projects.id=69), 1, 2730, 2730);
INSERT INTO supporting_packages(id, option_list, package_count, order_id, project_package_id, supporting_project_id) VALUES (2730, '["온라인"]', 2, 2730, 69, 2730);
INSERT INTO supporting_projects(supporting_project_id, supported_at, delivery_id, payment_id, project_id, user_id) VALUES (2731, (SELECT projects.start_date + INTERVAL 20 DAY FROM projects WHERE projects.id=69), 1, 2731, 69, 18);
INSERT INTO orders (order_id, created_at, delivery_id, payment_id, supporting_project_id) VALUES (2731, (SELECT projects.start_date + INTERVAL 20 DAY FROM projects WHERE projects.id=69), 1, 2731, 2731);
INSERT INTO supporting_packages(id, option_list, package_count, order_id, project_package_id, supporting_project_id) VALUES (2731, '["온라인"]', 7, 2731, 69, 2731);
INSERT INTO supporting_projects(supporting_project_id, supported_at, delivery_id, payment_id, project_id, user_id) VALUES (2732, (SELECT projects.start_date + INTERVAL 3 DAY FROM projects WHERE projects.id=69), 1, 2732, 69, 24);
INSERT INTO orders (order_id, created_at, delivery_id, payment_id, supporting_project_id) VALUES (2732, (SELECT projects.start_date + INTERVAL 3 DAY FROM projects WHERE projects.id=69), 1, 2732, 2732);
INSERT INTO supporting_packages(id, option_list, package_count, order_id, project_package_id, supporting_project_id) VALUES (2732, '["VIP"]', 6, 2732, 69, 2732);
INSERT INTO supporting_projects(supporting_project_id, supported_at, delivery_id, payment_id, project_id, user_id) VALUES (2733, (SELECT projects.start_date + INTERVAL 16 DAY FROM projects WHERE projects.id=69), 1, 2733, 69, 21);
INSERT INTO orders (order_id, created_at, delivery_id, payment_id, supporting_project_id) VALUES (2733, (SELECT projects.start_date + INTERVAL 16 DAY FROM projects WHERE projects.id=69), 1, 2733, 2733);
INSERT INTO supporting_packages(id, option_list, package_count, order_id, project_package_id, supporting_project_id) VALUES (2733, '["온라인"]', 8, 2733, 69, 2733);
INSERT INTO supporting_projects(supporting_project_id, supported_at, delivery_id, payment_id, project_id, user_id) VALUES (2734, (SELECT projects.start_date + INTERVAL 49 DAY FROM projects WHERE projects.id=69), 1, 2734, 69, 30);
INSERT INTO orders (order_id, created_at, delivery_id, payment_id, supporting_project_id) VALUES (2734, (SELECT projects.start_date + INTERVAL 49 DAY FROM projects WHERE projects.id=69), 1, 2734, 2734);
INSERT INTO supporting_packages(id, option_list, package_count, order_id, project_package_id, supporting_project_id) VALUES (2734, '["일반"]', 8, 2734, 69, 2734);
INSERT INTO supporting_projects(supporting_project_id, supported_at, delivery_id, payment_id, project_id, user_id) VALUES (2735, (SELECT projects.start_date + INTERVAL 28 DAY FROM projects WHERE projects.id=69), 1, 2735, 69, 23);
INSERT INTO orders (order_id, created_at, delivery_id, payment_id, supporting_project_id) VALUES (2735, (SELECT projects.start_date + INTERVAL 28 DAY FROM projects WHERE projects.id=69), 1, 2735, 2735);
INSERT INTO supporting_packages(id, option_list, package_count, order_id, project_package_id, supporting_project_id) VALUES (2735, '["일반"]', 6, 2735, 69, 2735);
INSERT INTO supporting_projects(supporting_project_id, supported_at, delivery_id, payment_id, project_id, user_id) VALUES (2736, (SELECT projects.start_date + INTERVAL 10 DAY FROM projects WHERE projects.id=69), 1, 2736, 69, 13);
INSERT INTO orders (order_id, created_at, delivery_id, payment_id, supporting_project_id) VALUES (2736, (SELECT projects.start_date + INTERVAL 10 DAY FROM projects WHERE projects.id=69), 1, 2736, 2736);
INSERT INTO supporting_packages(id, option_list, package_count, order_id, project_package_id, supporting_project_id) VALUES (2736, '["온라인"]', 2, 2736, 69, 2736);
INSERT INTO supporting_projects(supporting_project_id, supported_at, delivery_id, payment_id, project_id, user_id) VALUES (2737, (SELECT projects.start_date + INTERVAL 9 DAY FROM projects WHERE projects.id=69), 1, 2737, 69, 9);
INSERT INTO orders (order_id, created_at, delivery_id, payment_id, supporting_project_id) VALUES (2737, (SELECT projects.start_date + INTERVAL 9 DAY FROM projects WHERE projects.id=69), 1, 2737, 2737);
INSERT INTO supporting_packages(id, option_list, package_count, order_id, project_package_id, supporting_project_id) VALUES (2737, '["온라인"]', 7, 2737, 69, 2737);
INSERT INTO supporting_projects(supporting_project_id, supported_at, delivery_id, payment_id, project_id, user_id) VALUES (2738, (SELECT projects.start_date + INTERVAL 21 DAY FROM projects WHERE projects.id=69), 1, 2738, 69, 22);
INSERT INTO orders (order_id, created_at, delivery_id, payment_id, supporting_project_id) VALUES (2738, (SELECT projects.start_date + INTERVAL 21 DAY FROM projects WHERE projects.id=69), 1, 2738, 2738);
INSERT INTO supporting_packages(id, option_list, package_count, order_id, project_package_id, supporting_project_id) VALUES (2738, '["온라인"]', 2, 2738, 69, 2738);
INSERT INTO supporting_projects(supporting_project_id, supported_at, delivery_id, payment_id, project_id, user_id) VALUES (2739, (SELECT projects.start_date + INTERVAL 28 DAY FROM projects WHERE projects.id=69), 1, 2739, 69, 14);
INSERT INTO orders (order_id, created_at, delivery_id, payment_id, supporting_project_id) VALUES (2739, (SELECT projects.start_date + INTERVAL 28 DAY FROM projects WHERE projects.id=69), 1, 2739, 2739);
INSERT INTO supporting_packages(id, option_list, package_count, order_id, project_package_id, supporting_project_id) VALUES (2739, '["일반"]', 6, 2739, 69, 2739);
INSERT INTO supporting_projects(supporting_project_id, supported_at, delivery_id, payment_id, project_id, user_id) VALUES (2740, (SELECT projects.start_date + INTERVAL 33 DAY FROM projects WHERE projects.id=69), 1, 2740, 69, 6);
INSERT INTO orders (order_id, created_at, delivery_id, payment_id, supporting_project_id) VALUES (2740, (SELECT projects.start_date + INTERVAL 33 DAY FROM projects WHERE projects.id=69), 1, 2740, 2740);
INSERT INTO supporting_packages(id, option_list, package_count, order_id, project_package_id, supporting_project_id) VALUES (2740, '["VIP"]', 10, 2740, 69, 2740);
INSERT INTO supporting_projects(supporting_project_id, supported_at, delivery_id, payment_id, project_id, user_id) VALUES (2741, (SELECT projects.start_date + INTERVAL 3 DAY FROM projects WHERE projects.id=69), 1, 2741, 69, 21);
INSERT INTO orders (order_id, created_at, delivery_id, payment_id, supporting_project_id) VALUES (2741, (SELECT projects.start_date + INTERVAL 3 DAY FROM projects WHERE projects.id=69), 1, 2741, 2741);
INSERT INTO supporting_packages(id, option_list, package_count, order_id, project_package_id, supporting_project_id) VALUES (2741, '["온라인"]', 10, 2741, 69, 2741);
INSERT INTO supporting_projects(supporting_project_id, supported_at, delivery_id, payment_id, project_id, user_id) VALUES (2742, (SELECT projects.start_date + INTERVAL 17 DAY FROM projects WHERE projects.id=69), 1, 2742, 69, 39);
INSERT INTO orders (order_id, created_at, delivery_id, payment_id, supporting_project_id) VALUES (2742, (SELECT projects.start_date + INTERVAL 17 DAY FROM projects WHERE projects.id=69), 1, 2742, 2742);
INSERT INTO supporting_packages(id, option_list, package_count, order_id, project_package_id, supporting_project_id) VALUES (2742, '["온라인"]', 2, 2742, 69, 2742);
INSERT INTO supporting_projects(supporting_project_id, supported_at, delivery_id, payment_id, project_id, user_id) VALUES (2743, (SELECT projects.start_date + INTERVAL 20 DAY FROM projects WHERE projects.id=69), 1, 2743, 69, 15);
INSERT INTO orders (order_id, created_at, delivery_id, payment_id, supporting_project_id) VALUES (2743, (SELECT projects.start_date + INTERVAL 20 DAY FROM projects WHERE projects.id=69), 1, 2743, 2743);
INSERT INTO supporting_packages(id, option_list, package_count, order_id, project_package_id, supporting_project_id) VALUES (2743, '["온라인"]', 7, 2743, 69, 2743);
INSERT INTO supporting_projects(supporting_project_id, supported_at, delivery_id, payment_id, project_id, user_id) VALUES (2744, (SELECT projects.start_date + INTERVAL 35 DAY FROM projects WHERE projects.id=69), 1, 2744, 69, 3);
INSERT INTO orders (order_id, created_at, delivery_id, payment_id, supporting_project_id) VALUES (2744, (SELECT projects.start_date + INTERVAL 35 DAY FROM projects WHERE projects.id=69), 1, 2744, 2744);
INSERT INTO supporting_packages(id, option_list, package_count, order_id, project_package_id, supporting_project_id) VALUES (2744, '["온라인"]', 3, 2744, 69, 2744);
INSERT INTO supporting_projects(supporting_project_id, supported_at, delivery_id, payment_id, project_id, user_id) VALUES (2745, (SELECT projects.start_date + INTERVAL 12 DAY FROM projects WHERE projects.id=69), 1, 2745, 69, 7);
INSERT INTO orders (order_id, created_at, delivery_id, payment_id, supporting_project_id) VALUES (2745, (SELECT projects.start_date + INTERVAL 12 DAY FROM projects WHERE projects.id=69), 1, 2745, 2745);
INSERT INTO supporting_packages(id, option_list, package_count, order_id, project_package_id, supporting_project_id) VALUES (2745, '["일반"]', 10, 2745, 69, 2745);
INSERT INTO supporting_projects(supporting_project_id, supported_at, delivery_id, payment_id, project_id, user_id) VALUES (2746, (SELECT projects.start_date + INTERVAL 36 DAY FROM projects WHERE projects.id=69), 1, 2746, 69, 17);
INSERT INTO orders (order_id, created_at, delivery_id, payment_id, supporting_project_id) VALUES (2746, (SELECT projects.start_date + INTERVAL 36 DAY FROM projects WHERE projects.id=69), 1, 2746, 2746);
INSERT INTO supporting_packages(id, option_list, package_count, order_id, project_package_id, supporting_project_id) VALUES (2746, '["일반"]', 10, 2746, 69, 2746);
INSERT INTO supporting_projects(supporting_project_id, supported_at, delivery_id, payment_id, project_id, user_id) VALUES (2747, (SELECT projects.start_date + INTERVAL 20 DAY FROM projects WHERE projects.id=69), 1, 2747, 69, 18);
INSERT INTO orders (order_id, created_at, delivery_id, payment_id, supporting_project_id) VALUES (2747, (SELECT projects.start_date + INTERVAL 20 DAY FROM projects WHERE projects.id=69), 1, 2747, 2747);
INSERT INTO supporting_packages(id, option_list, package_count, order_id, project_package_id, supporting_project_id) VALUES (2747, '["일반"]', 1, 2747, 69, 2747);
INSERT INTO supporting_projects(supporting_project_id, supported_at, delivery_id, payment_id, project_id, user_id) VALUES (2748, (SELECT projects.start_date + INTERVAL 4 DAY FROM projects WHERE projects.id=69), 1, 2748, 69, 27);
INSERT INTO orders (order_id, created_at, delivery_id, payment_id, supporting_project_id) VALUES (2748, (SELECT projects.start_date + INTERVAL 4 DAY FROM projects WHERE projects.id=69), 1, 2748, 2748);
INSERT INTO supporting_packages(id, option_list, package_count, order_id, project_package_id, supporting_project_id) VALUES (2748, '["일반"]', 3, 2748, 69, 2748);
